/*******************************************************************************
 * Size: 14 px
 * Bpp: 4
 * Opts: --font node_modules/@fontsource/inter/files/inter-latin-700-normal.woff -r 0x20-0x7E,0xA0-0xFF,0x2010-0x2043 --symbols ‹› --font node_modules/@fontsource/inter/files/inter-vietnamese-700-normal.woff -r 0x0102-0x0103,0x0110-0x0111,0x01A0-0x01A1,0x01AF-0x01B0,0x1EA0-0x1EF9 --size 14 --bpp 4 --no-compress --format lvgl --lv-font-name font_inter_bold_14 -o out/font_inter_bold_14.c
 ******************************************************************************/

#ifdef LV_LVGL_H_INCLUDE_SIMPLE
#include "lvgl.h"
#else
#include "lvgl/lvgl.h"
#endif

#ifndef FONT_INTER_BOLD_14
#define FONT_INTER_BOLD_14 1
#endif

#if FONT_INTER_BOLD_14

/*-----------------
 *    BITMAPS
 *----------------*/

/*Store the image of the glyphs*/
static LV_ATTRIBUTE_LARGE_CONST const uint8_t glyph_bitmap[] = {
    /* U+0020 " " */

    /* U+0021 "!" */
    0xbf, 0x7b, 0xf6, 0xaf, 0x6a, 0xf6, 0xaf, 0x5a,
    0xf5, 0x9f, 0x51, 0x30, 0x15, 0xc, 0xf7, 0x8f,
    0x40,

    /* U+0022 "\"" */
    0x9f, 0x59, 0xf5, 0x8f, 0x49, 0xf4, 0x8f, 0x38,
    0xf3, 0x7f, 0x37, 0xf2, 0x26, 0x2, 0x60,

    /* U+0023 "#" */
    0x0, 0x4f, 0x40, 0xad, 0x0, 0x6, 0xf2, 0xd,
    0xb0, 0x0, 0x8f, 0x0, 0xf9, 0x1, 0xff, 0xff,
    0xff, 0xfd, 0x29, 0xfd, 0x9b, 0xfb, 0x60, 0xf,
    0x80, 0x6f, 0x20, 0x1, 0xf6, 0x8, 0xf0, 0xa,
    0xff, 0xff, 0xff, 0xf4, 0x7c, 0xf9, 0x9f, 0xd9,
    0x10, 0x9f, 0x0, 0xf8, 0x0, 0xc, 0xc0, 0x3f,
    0x50, 0x0,

    /* U+0024 "$" */
    0x0, 0x0, 0xc1, 0x0, 0x0, 0x7, 0xef, 0xfb,
    0x20, 0x9, 0xff, 0xff, 0xfe, 0x0, 0xff, 0x3c,
    0x1d, 0xf5, 0x1f, 0xf2, 0xc1, 0x13, 0x10, 0xcf,
    0xfe, 0x50, 0x0, 0x1, 0xbf, 0xff, 0xf6, 0x0,
    0x0, 0x1d, 0xbf, 0xf3, 0x27, 0x40, 0xc1, 0xaf,
    0x84, 0xfe, 0x2c, 0x1c, 0xf7, 0xd, 0xff, 0xff,
    0xff, 0x20, 0x19, 0xef, 0xfb, 0x30, 0x0, 0x0,
    0xc1, 0x0, 0x0, 0x0, 0x4, 0x0, 0x0,

    /* U+0025 "%" */
    0xb, 0xfb, 0x0, 0x0, 0x7e, 0x0, 0x9e, 0x5e,
    0x80, 0x2, 0xf5, 0x0, 0xbb, 0xb, 0xb0, 0xb,
    0xb0, 0x0, 0x9d, 0x1e, 0xa0, 0x5f, 0x10, 0x0,
    0x2e, 0xfe, 0x21, 0xe6, 0x0, 0x0, 0x0, 0x30,
    0xa, 0xc0, 0x0, 0x0, 0x0, 0x0, 0x4f, 0x20,
    0xaf, 0xe3, 0x0, 0x0, 0xd8, 0x5, 0xf5, 0xcd,
    0x0, 0x8, 0xd0, 0x7, 0xf0, 0x7f, 0x0, 0x3f,
    0x30, 0x5, 0xf6, 0xcc, 0x0, 0xc9, 0x0, 0x0,
    0x9f, 0xd2,

    /* U+0026 "&" */
    0x0, 0x6e, 0xfa, 0x0, 0x0, 0x4, 0xfe, 0xcf,
    0x90, 0x0, 0x8, 0xf4, 0xe, 0xc0, 0x0, 0x7,
    0xf7, 0x4f, 0xa0, 0x0, 0x1, 0xff, 0xfe, 0x10,
    0x0, 0x1, 0xdf, 0xf2, 0x4, 0x30, 0xd, 0xfc,
    0xfb, 0x2f, 0xa0, 0x5f, 0xb0, 0xbf, 0xcf, 0x70,
    0x6f, 0xb0, 0xd, 0xff, 0x10, 0x1e, 0xfd, 0xdf,
    0xff, 0x30, 0x2, 0xbf, 0xea, 0x5f, 0xe1,

    /* U+0027 "'" */
    0x9f, 0x58, 0xf4, 0x8f, 0x37, 0xf3, 0x26, 0x0,

    /* U+0028 "(" */
    0x0, 0x21, 0x6, 0xf9, 0xd, 0xf3, 0x2f, 0xe0,
    0x6f, 0xa0, 0xaf, 0x70, 0xbf, 0x50, 0xdf, 0x40,
    0xcf, 0x40, 0xbf, 0x60, 0x7f, 0xa0, 0x3f, 0xe0,
    0xd, 0xf3, 0x5, 0xfa,

    /* U+0029 ")" */
    0x12, 0x0, 0x5, 0xfb, 0x0, 0xe, 0xf2, 0x0,
    0x9f, 0x60, 0x6, 0xfa, 0x0, 0x2f, 0xe0, 0x1,
    0xff, 0x0, 0xf, 0xf1, 0x0, 0xff, 0x10, 0x2f,
    0xf0, 0x5, 0xfc, 0x0, 0x9f, 0x70, 0xe, 0xf1,
    0x5, 0xf9, 0x0,

    /* U+002A "*" */
    0x0, 0xb8, 0x0, 0x99, 0xb9, 0xb6, 0x4c, 0xff,
    0xb3, 0x5d, 0xff, 0xc3, 0x88, 0xa8, 0xa5, 0x0,
    0xa7, 0x0,

    /* U+002B "+" */
    0x0, 0x1f, 0xa0, 0x0, 0x0, 0x1f, 0xa0, 0x0,
    0x0, 0x1f, 0xa0, 0x0, 0xcf, 0xff, 0xff, 0xf4,
    0x8b, 0xbf, 0xeb, 0xb2, 0x0, 0x1f, 0xa0, 0x0,
    0x0, 0x1f, 0xa0, 0x0, 0x0, 0x4, 0x20, 0x0,

    /* U+002C "," */
    0x3, 0x62, 0xb, 0xf3, 0xd, 0xe0, 0xf, 0xa0,
    0x1f, 0x50,

    /* U+002D "-" */
    0xb, 0xbb, 0xb6, 0xf, 0xff, 0xf9,

    /* U+002E "." */
    0x25, 0xc, 0xf6, 0x8f, 0x30,

    /* U+002F "/" */
    0x0, 0x4, 0x81, 0x0, 0xc, 0xf0, 0x0, 0x1f,
    0xb0, 0x0, 0x5f, 0x70, 0x0, 0x9f, 0x30, 0x0,
    0xde, 0x0, 0x1, 0xfa, 0x0, 0x5, 0xf6, 0x0,
    0xa, 0xf2, 0x0, 0xe, 0xe0, 0x0, 0x2f, 0x90,
    0x0, 0x6f, 0x50, 0x0, 0xaf, 0x10, 0x0,

    /* U+0030 "0" */
    0x0, 0x4c, 0xfe, 0x80, 0x0, 0x4f, 0xfd, 0xff,
    0xb0, 0xd, 0xf7, 0x1, 0xef, 0x42, 0xff, 0x0,
    0x9, 0xf9, 0x4f, 0xd0, 0x0, 0x6f, 0xb5, 0xfc,
    0x0, 0x5, 0xfc, 0x4f, 0xd0, 0x0, 0x6f, 0xb2,
    0xff, 0x0, 0x9, 0xf9, 0xd, 0xf7, 0x1, 0xef,
    0x40, 0x4f, 0xfd, 0xff, 0xb0, 0x0, 0x4c, 0xfe,
    0x80, 0x0,

    /* U+0031 "1" */
    0x1, 0xbf, 0xf2, 0x2e, 0xff, 0xf2, 0x5f, 0x5f,
    0xf2, 0x32, 0xf, 0xf2, 0x0, 0xf, 0xf2, 0x0,
    0xf, 0xf2, 0x0, 0xf, 0xf2, 0x0, 0xf, 0xf2,
    0x0, 0xf, 0xf2, 0x0, 0xf, 0xf2, 0x0, 0xf,
    0xf2,

    /* U+0032 "2" */
    0x0, 0x8e, 0xfd, 0x50, 0x0, 0xaf, 0xec, 0xff,
    0x60, 0x1f, 0xf1, 0x6, 0xfc, 0x1, 0x75, 0x0,
    0x2f, 0xd0, 0x0, 0x0, 0x8, 0xfa, 0x0, 0x0,
    0x4, 0xff, 0x20, 0x0, 0x4, 0xff, 0x40, 0x0,
    0x4, 0xff, 0x50, 0x0, 0x4, 0xff, 0x60, 0x0,
    0x1, 0xff, 0xfd, 0xdd, 0xd0, 0x2f, 0xff, 0xff,
    0xff, 0x0,

    /* U+0033 "3" */
    0x0, 0x8d, 0xfd, 0x80, 0x0, 0x9f, 0xfc, 0xff,
    0x90, 0xf, 0xf2, 0x3, 0xff, 0x0, 0x0, 0x0,
    0x2f, 0xe0, 0x0, 0x6, 0xae, 0xe4, 0x0, 0x0,
    0xaf, 0xfb, 0x30, 0x0, 0x0, 0x6, 0xff, 0x11,
    0x33, 0x0, 0xd, 0xf5, 0x3f, 0xf2, 0x2, 0xff,
    0x40, 0xbf, 0xfd, 0xff, 0xc0, 0x0, 0x8e, 0xfe,
    0x80, 0x0,

    /* U+0034 "4" */
    0x0, 0x0, 0x5f, 0xf9, 0x0, 0x0, 0xe, 0xff,
    0x90, 0x0, 0x8, 0xfe, 0xf9, 0x0, 0x2, 0xfe,
    0x7f, 0x90, 0x0, 0xaf, 0x66, 0xf9, 0x0, 0x4f,
    0xc0, 0x6f, 0x90, 0xd, 0xf3, 0x6, 0xf9, 0x4,
    0xff, 0xbb, 0xdf, 0xe9, 0x5f, 0xff, 0xff, 0xff,
    0xd0, 0x0, 0x0, 0x7f, 0x90, 0x0, 0x0, 0x7,
    0xf9, 0x0,

    /* U+0035 "5" */
    0xb, 0xff, 0xff, 0xf8, 0x0, 0xcf, 0xcc, 0xcc,
    0x60, 0xd, 0xf0, 0x0, 0x0, 0x0, 0xfe, 0x0,
    0x0, 0x0, 0xf, 0xd9, 0xee, 0x70, 0x1, 0xff,
    0xca, 0xff, 0x70, 0x1, 0x30, 0x4, 0xfe, 0x0,
    0x0, 0x0, 0xf, 0xf0, 0x4f, 0xd0, 0x5, 0xfe,
    0x0, 0xdf, 0xec, 0xff, 0x60, 0x1, 0x9e, 0xfd,
    0x50, 0x0,

    /* U+0036 "6" */
    0x0, 0x3c, 0xfe, 0x80, 0x0, 0x3f, 0xfe, 0xff,
    0xa0, 0xc, 0xf7, 0x2, 0xef, 0x21, 0xfe, 0x0,
    0x2, 0x31, 0x4f, 0xc5, 0xdf, 0xb2, 0x5, 0xfe,
    0xea, 0xdf, 0xe0, 0x5f, 0xf3, 0x0, 0xdf, 0x53,
    0xff, 0x0, 0xa, 0xf6, 0xe, 0xf4, 0x1, 0xef,
    0x40, 0x5f, 0xfc, 0xef, 0xc0, 0x0, 0x5d, 0xfe,
    0x90, 0x0,

    /* U+0037 "7" */
    0x7f, 0xff, 0xff, 0xfa, 0x6d, 0xdd, 0xde, 0xf9,
    0x0, 0x0, 0xd, 0xf4, 0x0, 0x0, 0x5f, 0xd0,
    0x0, 0x0, 0xcf, 0x60, 0x0, 0x4, 0xfe, 0x0,
    0x0, 0xb, 0xf7, 0x0, 0x0, 0x2f, 0xf0, 0x0,
    0x0, 0xaf, 0x80, 0x0, 0x1, 0xff, 0x10, 0x0,
    0x9, 0xf9, 0x0, 0x0,

    /* U+0038 "8" */
    0x0, 0x7d, 0xfe, 0x80, 0x0, 0x9f, 0xeb, 0xef,
    0xa0, 0xe, 0xf3, 0x2, 0xff, 0x0, 0xdf, 0x30,
    0x1f, 0xe0, 0x4, 0xee, 0xae, 0xf5, 0x0, 0x2c,
    0xff, 0xfc, 0x30, 0xe, 0xf6, 0x15, 0xfe, 0x14,
    0xfe, 0x0, 0xc, 0xf6, 0x4f, 0xf1, 0x0, 0xef,
    0x60, 0xcf, 0xea, 0xdf, 0xd0, 0x0, 0x8e, 0xfe,
    0x91, 0x0,

    /* U+0039 "9" */
    0x0, 0x8e, 0xfd, 0x60, 0x0, 0xaf, 0xfc, 0xff,
    0x60, 0x2f, 0xf2, 0x3, 0xff, 0x5, 0xfb, 0x0,
    0xd, 0xf4, 0x3f, 0xe1, 0x2, 0xff, 0x60, 0xdf,
    0xda, 0xee, 0xf6, 0x1, 0xbf, 0xe6, 0xaf, 0x50,
    0x43, 0x0, 0xd, 0xf2, 0x1f, 0xf3, 0x6, 0xfd,
    0x0, 0x9f, 0xfe, 0xff, 0x40, 0x0, 0x7e, 0xfc,
    0x40, 0x0,

    /* U+003A ":" */
    0x25, 0xc, 0xf6, 0x8f, 0x30, 0x0, 0x0, 0x2,
    0x50, 0xcf, 0x68, 0xf3,

    /* U+003B ";" */
    0x1, 0x60, 0xa, 0xf8, 0x6, 0xf5, 0x0, 0x0,
    0x0, 0x0, 0x0, 0x0, 0x3, 0x62, 0xb, 0xf3,
    0xd, 0xe0, 0xf, 0xa0, 0x1f, 0x50,

    /* U+003C "<" */
    0x0, 0x0, 0x0, 0x0, 0x0, 0x0, 0x18, 0xf1,
    0x0, 0x2a, 0xff, 0xf1, 0x3b, 0xff, 0xd6, 0x0,
    0xdf, 0xc4, 0x0, 0x0, 0xbf, 0xfa, 0x40, 0x0,
    0x4, 0xcf, 0xfd, 0x60, 0x0, 0x3, 0xaf, 0xf1,
    0x0, 0x0, 0x2, 0x91,

    /* U+003D "=" */
    0xaf, 0xff, 0xff, 0xf2, 0x8c, 0xcc, 0xcc, 0xc1,
    0x0, 0x0, 0x0, 0x0, 0x8c, 0xcc, 0xcc, 0xc1,
    0xaf, 0xff, 0xff, 0xf2,

    /* U+003E ">" */
    0x10, 0x0, 0x0, 0x0, 0x9c, 0x50, 0x0, 0x0,
    0x8f, 0xfd, 0x60, 0x0, 0x3, 0xaf, 0xfe, 0x70,
    0x0, 0x1, 0x7f, 0xf6, 0x0, 0x17, 0xdf, 0xf4,
    0x29, 0xff, 0xe8, 0x10, 0x9f, 0xe7, 0x0, 0x0,
    0x65, 0x0, 0x0, 0x0,

    /* U+003F "?" */
    0x3, 0xcf, 0xea, 0x10, 0x1f, 0xfc, 0xef, 0xc0,
    0x6f, 0xb0, 0x1f, 0xf1, 0x0, 0x0, 0x1f, 0xf1,
    0x0, 0x2, 0xdf, 0xa0, 0x0, 0xe, 0xf9, 0x0,
    0x0, 0x4f, 0xb0, 0x0, 0x0, 0x39, 0x40, 0x0,
    0x0, 0x5, 0x10, 0x0, 0x0, 0x8f, 0xb0, 0x0,
    0x0, 0x5f, 0x70, 0x0,

    /* U+0040 "@" */
    0x0, 0x1, 0x8c, 0xff, 0xd9, 0x20, 0x0, 0x0,
    0x3e, 0xfe, 0xaa, 0xbf, 0xf7, 0x0, 0x1, 0xff,
    0x50, 0x0, 0x1, 0xbf, 0x50, 0xa, 0xf5, 0x0,
    0x0, 0x0, 0xd, 0xe0, 0xf, 0xc0, 0xa, 0xfd,
    0x9f, 0x26, 0xf4, 0x3f, 0x80, 0xaf, 0xcb, 0xff,
    0x22, 0xf7, 0x5f, 0x60, 0xfa, 0x0, 0x9f, 0x21,
    0xf8, 0x5f, 0x61, 0xf6, 0x0, 0x6f, 0x21, 0xf7,
    0x3f, 0x80, 0xf9, 0x0, 0x8f, 0x23, 0xf5, 0xf,
    0xc0, 0xaf, 0x78, 0xff, 0x9c, 0xe0, 0xb, 0xf4,
    0x1a, 0xfe, 0x59, 0xfd, 0x40, 0x2, 0xff, 0x50,
    0x0, 0x0, 0x0, 0x0, 0x0, 0x4f, 0xfe, 0xba,
    0xbe, 0x50, 0x0, 0x0, 0x1, 0x8d, 0xff, 0xeb,
    0x40, 0x0,

    /* U+0041 "A" */
    0x0, 0x5, 0xff, 0xb0, 0x0, 0x0, 0x0, 0xaf,
    0xff, 0x0, 0x0, 0x0, 0xf, 0xfb, 0xf5, 0x0,
    0x0, 0x4, 0xfc, 0x7f, 0xa0, 0x0, 0x0, 0x9f,
    0x93, 0xff, 0x0, 0x0, 0xe, 0xf5, 0xe, 0xf5,
    0x0, 0x3, 0xff, 0x10, 0xaf, 0xa0, 0x0, 0x9f,
    0xff, 0xff, 0xff, 0x0, 0xe, 0xfc, 0xbb, 0xbf,
    0xf4, 0x3, 0xff, 0x20, 0x0, 0xbf, 0xa0, 0x8f,
    0xc0, 0x0, 0x5, 0xfe, 0x0,

    /* U+0042 "B" */
    0x1f, 0xff, 0xff, 0xb2, 0x1, 0xff, 0xcc, 0xef,
    0xe0, 0x1f, 0xf0, 0x1, 0xff, 0x41, 0xff, 0x0,
    0xd, 0xf3, 0x1f, 0xf2, 0x27, 0xfc, 0x1, 0xff,
    0xff, 0xfd, 0x30, 0x1f, 0xf5, 0x57, 0xff, 0x31,
    0xff, 0x0, 0x8, 0xfa, 0x1f, 0xf0, 0x0, 0xaf,
    0xa1, 0xff, 0xcc, 0xef, 0xf5, 0x1f, 0xff, 0xff,
    0xd6, 0x0,

    /* U+0043 "C" */
    0x0, 0x19, 0xef, 0xd7, 0x0, 0x1, 0xef, 0xff,
    0xff, 0xb0, 0xa, 0xfc, 0x10, 0x3e, 0xf6, 0x1f,
    0xf2, 0x0, 0x6, 0xc8, 0x4f, 0xd0, 0x0, 0x0,
    0x0, 0x5f, 0xc0, 0x0, 0x0, 0x0, 0x4f, 0xd0,
    0x0, 0x0, 0x0, 0x1f, 0xf2, 0x0, 0x6, 0xc8,
    0xb, 0xfc, 0x10, 0x3e, 0xf6, 0x1, 0xef, 0xff,
    0xff, 0xb0, 0x0, 0x19, 0xef, 0xd7, 0x0,

    /* U+0044 "D" */
    0x1f, 0xff, 0xfe, 0x92, 0x0, 0x1f, 0xfd, 0xef,
    0xfe, 0x20, 0x1f, 0xf0, 0x1, 0xaf, 0xc0, 0x1f,
    0xf0, 0x0, 0xe, 0xf3, 0x1f, 0xf0, 0x0, 0xb,
    0xf6, 0x1f, 0xf0, 0x0, 0xa, 0xf7, 0x1f, 0xf0,
    0x0, 0xb, 0xf5, 0x1f, 0xf0, 0x0, 0xe, 0xf2,
    0x1f, 0xf0, 0x0, 0xaf, 0xc0, 0x1f, 0xfd, 0xef,
    0xfe, 0x20, 0x1f, 0xff, 0xfe, 0x92, 0x0,

    /* U+0045 "E" */
    0x1f, 0xff, 0xff, 0xfb, 0x1f, 0xfc, 0xcc, 0xc9,
    0x1f, 0xf0, 0x0, 0x0, 0x1f, 0xf0, 0x0, 0x0,
    0x1f, 0xf0, 0x0, 0x0, 0x1f, 0xff, 0xff, 0xf6,
    0x1f, 0xfc, 0xcc, 0xc4, 0x1f, 0xf0, 0x0, 0x0,
    0x1f, 0xf0, 0x0, 0x0, 0x1f, 0xfc, 0xcc, 0xc9,
    0x1f, 0xff, 0xff, 0xfc,

    /* U+0046 "F" */
    0x1f, 0xff, 0xff, 0xfa, 0x1f, 0xfc, 0xcc, 0xc7,
    0x1f, 0xf0, 0x0, 0x0, 0x1f, 0xf0, 0x0, 0x0,
    0x1f, 0xf0, 0x0, 0x0, 0x1f, 0xfc, 0xcc, 0xc2,
    0x1f, 0xff, 0xff, 0xf2, 0x1f, 0xf0, 0x0, 0x0,
    0x1f, 0xf0, 0x0, 0x0, 0x1f, 0xf0, 0x0, 0x0,
    0x1f, 0xf0, 0x0, 0x0,

    /* U+0047 "G" */
    0x0, 0x19, 0xef, 0xd6, 0x0, 0x1, 0xdf, 0xff,
    0xff, 0xa0, 0xa, 0xfc, 0x10, 0x3e, 0xf5, 0x1f,
    0xf2, 0x0, 0x5, 0xb7, 0x4f, 0xd0, 0x0, 0x0,
    0x0, 0x5f, 0xc0, 0x4, 0xaa, 0xa8, 0x4f, 0xd0,
    0x6, 0xff, 0xfd, 0x1f, 0xf2, 0x0, 0x5, 0xfb,
    0xa, 0xfc, 0x10, 0x2d, 0xf7, 0x1, 0xef, 0xff,
    0xff, 0xd0, 0x0, 0x19, 0xef, 0xd8, 0x0,

    /* U+0048 "H" */
    0x1f, 0xf0, 0x0, 0x9, 0xf8, 0x1f, 0xf0, 0x0,
    0x9, 0xf8, 0x1f, 0xf0, 0x0, 0x9, 0xf8, 0x1f,
    0xf0, 0x0, 0x9, 0xf8, 0x1f, 0xf0, 0x0, 0x9,
    0xf8, 0x1f, 0xff, 0xff, 0xff, 0xf8, 0x1f, 0xfc,
    0xcc, 0xce, 0xf8, 0x1f, 0xf0, 0x0, 0x9, 0xf8,
    0x1f, 0xf0, 0x0, 0x9, 0xf8, 0x1f, 0xf0, 0x0,
    0x9, 0xf8, 0x1f, 0xf0, 0x0, 0x9, 0xf8,

    /* U+0049 "I" */
    0x1f, 0xf0, 0x1f, 0xf0, 0x1f, 0xf0, 0x1f, 0xf0,
    0x1f, 0xf0, 0x1f, 0xf0, 0x1f, 0xf0, 0x1f, 0xf0,
    0x1f, 0xf0, 0x1f, 0xf0, 0x1f, 0xf0,

    /* U+004A "J" */
    0x0, 0x0, 0xc, 0xf4, 0x0, 0x0, 0xc, 0xf4,
    0x0, 0x0, 0xc, 0xf4, 0x0, 0x0, 0xc, 0xf4,
    0x0, 0x0, 0xc, 0xf4, 0x0, 0x0, 0xc, 0xf4,
    0x0, 0x0, 0xc, 0xf4, 0x8f, 0x80, 0xc, 0xf4,
    0x6f, 0xb0, 0xf, 0xf1, 0x1e, 0xfd, 0xef, 0xb0,
    0x3, 0xbf, 0xea, 0x10,

    /* U+004B "K" */
    0x1f, 0xf0, 0x0, 0x5f, 0xf3, 0x1f, 0xf0, 0x2,
    0xff, 0x60, 0x1f, 0xf0, 0xd, 0xf9, 0x0, 0x1f,
    0xf0, 0xaf, 0xc0, 0x0, 0x1f, 0xf6, 0xff, 0x10,
    0x0, 0x1f, 0xfe, 0xff, 0x40, 0x0, 0x1f, 0xff,
    0xaf, 0xd0, 0x0, 0x1f, 0xf5, 0xd, 0xf8, 0x0,
    0x1f, 0xf0, 0x4, 0xff, 0x20, 0x1f, 0xf0, 0x0,
    0xaf, 0xc0, 0x1f, 0xf0, 0x0, 0x1f, 0xf6,

    /* U+004C "L" */
    0x1f, 0xf0, 0x0, 0x0, 0x1f, 0xf0, 0x0, 0x0,
    0x1f, 0xf0, 0x0, 0x0, 0x1f, 0xf0, 0x0, 0x0,
    0x1f, 0xf0, 0x0, 0x0, 0x1f, 0xf0, 0x0, 0x0,
    0x1f, 0xf0, 0x0, 0x0, 0x1f, 0xf0, 0x0, 0x0,
    0x1f, 0xf0, 0x0, 0x0, 0x1f, 0xfc, 0xcc, 0xc5,
    0x1f, 0xff, 0xff, 0xf6,

    /* U+004D "M" */
    0x1f, 0xff, 0x40, 0x0, 0x3f, 0xff, 0x21, 0xff,
    0xf9, 0x0, 0x9, 0xff, 0xf2, 0x1f, 0xff, 0xe0,
    0x0, 0xef, 0xef, 0x21, 0xff, 0xbf, 0x40, 0x3f,
    0xbe, 0xf2, 0x1f, 0xf7, 0xf9, 0x8, 0xf7, 0xff,
    0x21, 0xff, 0x2f, 0xe0, 0xdf, 0x2f, 0xf2, 0x1f,
    0xf0, 0xdf, 0x3f, 0xd0, 0xff, 0x21, 0xff, 0x8,
    0xfa, 0xf8, 0xf, 0xf2, 0x1f, 0xf0, 0x2f, 0xff,
    0x30, 0xff, 0x21, 0xff, 0x0, 0xdf, 0xe0, 0xf,
    0xf2, 0x1f, 0xf0, 0x8, 0xf9, 0x0, 0xff, 0x20,

    /* U+004E "N" */
    0x1f, 0xf8, 0x0, 0x6, 0xfc, 0x1f, 0xff, 0x20,
    0x6, 0xfc, 0x1f, 0xff, 0xb0, 0x6, 0xfc, 0x1f,
    0xfb, 0xf4, 0x6, 0xfc, 0x1f, 0xf4, 0xfd, 0x6,
    0xfc, 0x1f, 0xf0, 0xcf, 0x66, 0xfc, 0x1f, 0xf1,
    0x3f, 0xe6, 0xfc, 0x1f, 0xf1, 0x9, 0xfb, 0xfc,
    0x1f, 0xf1, 0x1, 0xff, 0xfc, 0x1f, 0xf1, 0x0,
    0x7f, 0xfc, 0x1f, 0xf1, 0x0, 0xd, 0xfc,

    /* U+004F "O" */
    0x0, 0x19, 0xef, 0xd7, 0x0, 0x0, 0x1e, 0xff,
    0xff, 0xfc, 0x0, 0xa, 0xfc, 0x10, 0x3e, 0xf7,
    0x1, 0xff, 0x20, 0x0, 0x5f, 0xd0, 0x4f, 0xd0,
    0x0, 0x1, 0xff, 0x5, 0xfc, 0x0, 0x0, 0xf,
    0xf1, 0x4f, 0xd0, 0x0, 0x1, 0xff, 0x1, 0xff,
    0x20, 0x0, 0x5f, 0xd0, 0xa, 0xfc, 0x10, 0x3e,
    0xf7, 0x0, 0x1e, 0xff, 0xff, 0xfc, 0x0, 0x0,
    0x19, 0xef, 0xd7, 0x0, 0x0,

    /* U+0050 "P" */
    0x1f, 0xff, 0xfe, 0xa1, 0x1, 0xff, 0xcc, 0xff,
    0xd0, 0x1f, 0xf0, 0x2, 0xef, 0x51, 0xff, 0x0,
    0xa, 0xf7, 0x1f, 0xf0, 0x0, 0xbf, 0x71, 0xff,
    0x0, 0x5f, 0xf3, 0x1f, 0xff, 0xff, 0xfa, 0x1,
    0xff, 0xcb, 0xa6, 0x0, 0x1f, 0xf0, 0x0, 0x0,
    0x1, 0xff, 0x0, 0x0, 0x0, 0x1f, 0xf0, 0x0,
    0x0, 0x0,

    /* U+0051 "Q" */
    0x0, 0x19, 0xef, 0xd7, 0x0, 0x0, 0x1e, 0xff,
    0xff, 0xfb, 0x0, 0xa, 0xfc, 0x10, 0x3e, 0xf7,
    0x1, 0xff, 0x20, 0x0, 0x5f, 0xd0, 0x4f, 0xd0,
    0x0, 0x1, 0xff, 0x5, 0xfc, 0x0, 0x0, 0xf,
    0xf1, 0x4f, 0xd0, 0x0, 0x1, 0xff, 0x1, 0xff,
    0x20, 0xba, 0x5f, 0xd0, 0xa, 0xfc, 0x15, 0xff,
    0xf7, 0x0, 0x1e, 0xff, 0xff, 0xfc, 0x0, 0x0,
    0x19, 0xef, 0xdd, 0xf3, 0x0, 0x0, 0x0, 0x0,
    0x17, 0x60,

    /* U+0052 "R" */
    0x1f, 0xff, 0xff, 0xb2, 0x1, 0xff, 0xcc, 0xff,
    0xe0, 0x1f, 0xf0, 0x1, 0xef, 0x61, 0xff, 0x0,
    0xa, 0xf8, 0x1f, 0xf0, 0x1, 0xef, 0x61, 0xff,
    0xcc, 0xef, 0xe1, 0x1f, 0xff, 0xff, 0xe2, 0x1,
    0xff, 0x2, 0xff, 0x20, 0x1f, 0xf0, 0xa, 0xfa,
    0x1, 0xff, 0x0, 0x2f, 0xf2, 0x1f, 0xf0, 0x0,
    0xaf, 0xa0,

    /* U+0053 "S" */
    0x0, 0x7d, 0xfe, 0xa1, 0x0, 0x9f, 0xfd, 0xff,
    0xd0, 0xf, 0xf3, 0x0, 0xdf, 0x51, 0xff, 0x30,
    0x1, 0x21, 0xc, 0xff, 0xa5, 0x0, 0x0, 0x1b,
    0xff, 0xff, 0x60, 0x0, 0x1, 0x6b, 0xff, 0x42,
    0x74, 0x0, 0xa, 0xf8, 0x4f, 0xe2, 0x0, 0xcf,
    0x70, 0xcf, 0xfd, 0xff, 0xe1, 0x1, 0x8d, 0xfe,
    0xa2, 0x0,

    /* U+0054 "T" */
    0x7f, 0xff, 0xff, 0xff, 0xd6, 0xcc, 0xdf, 0xfc,
    0xca, 0x0, 0x6, 0xfb, 0x0, 0x0, 0x0, 0x6f,
    0xb0, 0x0, 0x0, 0x6, 0xfb, 0x0, 0x0, 0x0,
    0x6f, 0xb0, 0x0, 0x0, 0x6, 0xfb, 0x0, 0x0,
    0x0, 0x6f, 0xb0, 0x0, 0x0, 0x6, 0xfb, 0x0,
    0x0, 0x0, 0x6f, 0xb0, 0x0, 0x0, 0x6, 0xfb,
    0x0, 0x0,

    /* U+0055 "U" */
    0x1f, 0xf0, 0x0, 0xc, 0xf5, 0x1f, 0xf0, 0x0,
    0xc, 0xf5, 0x1f, 0xf0, 0x0, 0xc, 0xf5, 0x1f,
    0xf0, 0x0, 0xc, 0xf5, 0x1f, 0xf0, 0x0, 0xc,
    0xf5, 0x1f, 0xf0, 0x0, 0xc, 0xf5, 0x1f, 0xf0,
    0x0, 0xc, 0xf5, 0xf, 0xf2, 0x0, 0xd, 0xf4,
    0xc, 0xfb, 0x0, 0x7f, 0xf1, 0x4, 0xff, 0xff,
    0xff, 0x70, 0x0, 0x3b, 0xef, 0xc5, 0x0,

    /* U+0056 "V" */
    0x8f, 0xc0, 0x0, 0x5, 0xff, 0x2, 0xff, 0x10,
    0x0, 0xaf, 0xa0, 0xd, 0xf6, 0x0, 0xe, 0xf5,
    0x0, 0x8f, 0xb0, 0x3, 0xff, 0x0, 0x3, 0xff,
    0x0, 0x8f, 0xb0, 0x0, 0xe, 0xf5, 0xd, 0xf5,
    0x0, 0x0, 0x8f, 0x91, 0xff, 0x10, 0x0, 0x3,
    0xfd, 0x5f, 0xb0, 0x0, 0x0, 0xe, 0xfa, 0xf6,
    0x0, 0x0, 0x0, 0x9f, 0xff, 0x10, 0x0, 0x0,
    0x4, 0xff, 0xc0, 0x0, 0x0,

    /* U+0057 "W" */
    0x8f, 0xb0, 0x0, 0xef, 0x70, 0x3, 0xff, 0x14,
    0xfe, 0x0, 0x2f, 0xfa, 0x0, 0x6f, 0xd0, 0xf,
    0xf2, 0x6, 0xff, 0xe0, 0xa, 0xf9, 0x0, 0xcf,
    0x60, 0xaf, 0xcf, 0x20, 0xdf, 0x50, 0x8, 0xf9,
    0xd, 0xf7, 0xf5, 0x1f, 0xf1, 0x0, 0x4f, 0xc1,
    0xfc, 0x3f, 0x94, 0xfd, 0x0, 0x1, 0xff, 0x4f,
    0x80, 0xfc, 0x7f, 0x90, 0x0, 0xc, 0xf9, 0xf4,
    0xc, 0xfa, 0xf5, 0x0, 0x0, 0x8f, 0xef, 0x0,
    0x8f, 0xef, 0x10, 0x0, 0x5, 0xff, 0xc0, 0x4,
    0xff, 0xd0, 0x0, 0x0, 0x1f, 0xf9, 0x0, 0xf,
    0xf9, 0x0, 0x0,

    /* U+0058 "X" */
    0x1e, 0xf6, 0x0, 0x1e, 0xf6, 0x6, 0xfe, 0x10,
    0x9f, 0xc0, 0x0, 0xcf, 0x82, 0xff, 0x20, 0x0,
    0x2f, 0xfb, 0xf8, 0x0, 0x0, 0x8, 0xff, 0xd0,
    0x0, 0x0, 0x2, 0xff, 0x90, 0x0, 0x0, 0xb,
    0xff, 0xf2, 0x0, 0x0, 0x6f, 0xe9, 0xfc, 0x0,
    0x1, 0xef, 0x51, 0xef, 0x60, 0xa, 0xfb, 0x0,
    0x6f, 0xe1, 0x5f, 0xf1, 0x0, 0xc, 0xfa,

    /* U+0059 "Y" */
    0x6f, 0xf1, 0x0, 0xc, 0xfa, 0xd, 0xf8, 0x0,
    0x4f, 0xf1, 0x4, 0xff, 0x10, 0xcf, 0x80, 0x0,
    0xbf, 0x83, 0xfe, 0x10, 0x0, 0x3f, 0xeb, 0xf7,
    0x0, 0x0, 0xa, 0xff, 0xe0, 0x0, 0x0, 0x1,
    0xff, 0x60, 0x0, 0x0, 0x0, 0xef, 0x30, 0x0,
    0x0, 0x0, 0xef, 0x30, 0x0, 0x0, 0x0, 0xef,
    0x30, 0x0, 0x0, 0x0, 0xef, 0x30, 0x0,

    /* U+005A "Z" */
    0x3f, 0xff, 0xff, 0xff, 0x82, 0xcc, 0xcc, 0xcf,
    0xf5, 0x0, 0x0, 0x8, 0xfb, 0x0, 0x0, 0x3,
    0xff, 0x20, 0x0, 0x0, 0xdf, 0x70, 0x0, 0x0,
    0x7f, 0xc0, 0x0, 0x0, 0x2f, 0xf2, 0x0, 0x0,
    0xc, 0xf7, 0x0, 0x0, 0x7, 0xfc, 0x0, 0x0,
    0x1, 0xff, 0xdc, 0xcc, 0xc6, 0x3f, 0xff, 0xff,
    0xff, 0x80,

    /* U+005B "[" */
    0xcf, 0xf9, 0xcf, 0xb5, 0xcf, 0x30, 0xcf, 0x30,
    0xcf, 0x30, 0xcf, 0x30, 0xcf, 0x30, 0xcf, 0x30,
    0xcf, 0x30, 0xcf, 0x30, 0xcf, 0x30, 0xcf, 0xb5,
    0xcf, 0xf9,

    /* U+005C "\\" */
    0x57, 0x0, 0x0, 0x8f, 0x30, 0x0, 0x4f, 0x70,
    0x0, 0xf, 0xc0, 0x0, 0xc, 0xf0, 0x0, 0x8,
    0xf4, 0x0, 0x3, 0xf8, 0x0, 0x0, 0xfc, 0x0,
    0x0, 0xbf, 0x10, 0x0, 0x7f, 0x50, 0x0, 0x3f,
    0x90, 0x0, 0xe, 0xd0, 0x0, 0xa, 0xf1,

    /* U+005D "]" */
    0x4f, 0xff, 0x2, 0x9f, 0xf0, 0x0, 0xff, 0x0,
    0xf, 0xf0, 0x0, 0xff, 0x0, 0xf, 0xf0, 0x0,
    0xff, 0x0, 0xf, 0xf0, 0x0, 0xff, 0x0, 0xf,
    0xf0, 0x0, 0xff, 0x2, 0x9f, 0xf0, 0x4f, 0xff,
    0x0,

    /* U+005E "^" */
    0x0, 0x48, 0x20, 0x0, 0xe, 0xfb, 0x0, 0x5,
    0xf7, 0xf2, 0x0, 0xdb, 0xd, 0xa0, 0x4f, 0x40,
    0x7f, 0x20,

    /* U+005F "_" */
    0xaa, 0xaa, 0xaa, 0x6f, 0xff, 0xff, 0xfa,

    /* U+0060 "`" */
    0x23, 0x7, 0xf4, 0xc, 0xb0,

    /* U+0061 "a" */
    0x2, 0xbe, 0xeb, 0x20, 0x1e, 0xfa, 0xbf, 0xe0,
    0x4, 0x40, 0xe, 0xf3, 0x2, 0x8b, 0xdf, 0xf4,
    0x2f, 0xfa, 0x7d, 0xf4, 0x7f, 0x80, 0xe, 0xf4,
    0x6f, 0xe8, 0xcf, 0xf4, 0x8, 0xee, 0x8b, 0xf4,

    /* U+0062 "b" */
    0x2f, 0xe0, 0x0, 0x0, 0x2, 0xfe, 0x0, 0x0,
    0x0, 0x2f, 0xe0, 0x0, 0x0, 0x2, 0xfe, 0x4d,
    0xfa, 0x0, 0x2f, 0xfe, 0xbf, 0xfa, 0x2, 0xff,
    0x40, 0x3f, 0xf1, 0x2f, 0xf0, 0x0, 0xef, 0x32,
    0xff, 0x0, 0xe, 0xf3, 0x2f, 0xf4, 0x3, 0xff,
    0x12, 0xff, 0xeb, 0xff, 0xa0, 0x2f, 0xe4, 0xdf,
    0xa0, 0x0,

    /* U+0063 "c" */
    0x0, 0x9e, 0xfc, 0x40, 0xb, 0xfe, 0xbf, 0xf3,
    0x3f, 0xe1, 0x6, 0xd6, 0x6f, 0xb0, 0x0, 0x0,
    0x6f, 0xb0, 0x0, 0x0, 0x3f, 0xf1, 0x6, 0xd6,
    0xb, 0xfe, 0xbf, 0xf3, 0x0, 0x9e, 0xfc, 0x40,

    /* U+0064 "d" */
    0x0, 0x0, 0x1, 0xff, 0x0, 0x0, 0x1, 0xff,
    0x0, 0x0, 0x1, 0xff, 0x1, 0xbf, 0xc4, 0xff,
    0xd, 0xfe, 0xbe, 0xff, 0x4f, 0xf1, 0x7, 0xff,
    0x6f, 0xb0, 0x2, 0xff, 0x6f, 0xb0, 0x2, 0xff,
    0x4f, 0xf1, 0x7, 0xff, 0xd, 0xfe, 0xce, 0xff,
    0x1, 0xbf, 0xc3, 0xff,

    /* U+0065 "e" */
    0x0, 0x9e, 0xfc, 0x30, 0xb, 0xfc, 0xaf, 0xf2,
    0x3f, 0xc1, 0x16, 0xfa, 0x6f, 0xff, 0xff, 0xfc,
    0x6f, 0xb4, 0x44, 0x43, 0x3f, 0xe0, 0x3, 0x73,
    0xb, 0xfd, 0xae, 0xf5, 0x0, 0x9e, 0xfd, 0x50,

    /* U+0066 "f" */
    0x0, 0x16, 0x72, 0x1, 0xef, 0xf4, 0x6, 0xfc,
    0x40, 0x8, 0xf8, 0x0, 0xdf, 0xff, 0xf2, 0x8d,
    0xfd, 0xa1, 0x8, 0xf8, 0x0, 0x8, 0xf8, 0x0,
    0x8, 0xf8, 0x0, 0x8, 0xf8, 0x0, 0x8, 0xf8,
    0x0, 0x8, 0xf8, 0x0,

    /* U+0067 "g" */
    0x1, 0xbf, 0xc3, 0xff, 0xc, 0xfe, 0xbe, 0xff,
    0x3f, 0xf1, 0x7, 0xff, 0x6f, 0xb0, 0x2, 0xff,
    0x6f, 0xb0, 0x1, 0xff, 0x4f, 0xe1, 0x6, 0xff,
    0xd, 0xfd, 0xae, 0xff, 0x2, 0xbf, 0xd4, 0xff,
    0x1, 0x30, 0x2, 0xfe, 0xe, 0xfa, 0x9e, 0xf7,
    0x2, 0xae, 0xfd, 0x70,

    /* U+0068 "h" */
    0x2f, 0xe0, 0x0, 0x0, 0x2f, 0xe0, 0x0, 0x0,
    0x2f, 0xe0, 0x0, 0x0, 0x2f, 0xe4, 0xdf, 0xa0,
    0x2f, 0xfe, 0xdf, 0xf8, 0x2f, 0xf3, 0x6, 0xfc,
    0x2f, 0xf0, 0x3, 0xfd, 0x2f, 0xe0, 0x3, 0xfd,
    0x2f, 0xe0, 0x3, 0xfd, 0x2f, 0xe0, 0x3, 0xfd,
    0x2f, 0xe0, 0x3, 0xfd,

    /* U+0069 "i" */
    0x5, 0x40, 0x2f, 0xf0, 0x8, 0x60, 0x0, 0x0,
    0x2f, 0xe0, 0x2f, 0xe0, 0x2f, 0xe0, 0x2f, 0xe0,
    0x2f, 0xe0, 0x2f, 0xe0, 0x2f, 0xe0, 0x2f, 0xe0,

    /* U+006A "j" */
    0x0, 0x54, 0x0, 0x2f, 0xf0, 0x0, 0x86, 0x0,
    0x0, 0x0, 0x2, 0xfe, 0x0, 0x2f, 0xe0, 0x2,
    0xfe, 0x0, 0x2f, 0xe0, 0x2, 0xfe, 0x0, 0x2f,
    0xe0, 0x2, 0xfe, 0x0, 0x2f, 0xe0, 0x2, 0xfe,
    0x3, 0xdf, 0xb0, 0x5e, 0xb2, 0x0,

    /* U+006B "k" */
    0x2f, 0xe0, 0x0, 0x0, 0x2, 0xfe, 0x0, 0x0,
    0x0, 0x2f, 0xe0, 0x0, 0x0, 0x2, 0xfe, 0x0,
    0xdf, 0x80, 0x2f, 0xe0, 0xaf, 0xa0, 0x2, 0xfe,
    0x7f, 0xd0, 0x0, 0x2f, 0xff, 0xf3, 0x0, 0x2,
    0xff, 0xff, 0xb0, 0x0, 0x2f, 0xf2, 0xef, 0x60,
    0x2, 0xfe, 0x5, 0xff, 0x10, 0x2f, 0xe0, 0xa,
    0xfb, 0x0,

    /* U+006C "l" */
    0x2f, 0xe2, 0xfe, 0x2f, 0xe2, 0xfe, 0x2f, 0xe2,
    0xfe, 0x2f, 0xe2, 0xfe, 0x2f, 0xe2, 0xfe, 0x2f,
    0xe0,

    /* U+006D "m" */
    0x2f, 0xc5, 0xee, 0x52, 0xcf, 0xb1, 0x2f, 0xed,
    0xbf, 0xed, 0xbe, 0xfa, 0x2f, 0xf1, 0xb, 0xf8,
    0x4, 0xfe, 0x2f, 0xe0, 0x9, 0xf6, 0x2, 0xfe,
    0x2f, 0xe0, 0x9, 0xf6, 0x2, 0xfe, 0x2f, 0xe0,
    0x9, 0xf6, 0x2, 0xfe, 0x2f, 0xe0, 0x9, 0xf6,
    0x2, 0xfe, 0x2f, 0xe0, 0x9, 0xf6, 0x2, 0xfe,

    /* U+006E "n" */
    0x2f, 0xd5, 0xdf, 0xa0, 0x2f, 0xee, 0xbf, 0xf8,
    0x2f, 0xf2, 0x6, 0xfc, 0x2f, 0xe0, 0x3, 0xfd,
    0x2f, 0xe0, 0x3, 0xfd, 0x2f, 0xe0, 0x3, 0xfd,
    0x2f, 0xe0, 0x3, 0xfd, 0x2f, 0xe0, 0x3, 0xfd,

    /* U+006F "o" */
    0x0, 0x9e, 0xfc, 0x40, 0x0, 0xbf, 0xeb, 0xff,
    0x40, 0x3f, 0xf1, 0x7, 0xfc, 0x6, 0xfb, 0x0,
    0x2f, 0xf0, 0x6f, 0xb0, 0x2, 0xff, 0x3, 0xff,
    0x10, 0x7f, 0xc0, 0xb, 0xfe, 0xbf, 0xf4, 0x0,
    0x9, 0xef, 0xc4, 0x0,

    /* U+0070 "p" */
    0x2f, 0xe5, 0xdf, 0xa0, 0x2, 0xff, 0xea, 0xef,
    0xa0, 0x2f, 0xf3, 0x3, 0xff, 0x12, 0xff, 0x0,
    0xe, 0xf3, 0x2f, 0xf0, 0x0, 0xef, 0x32, 0xff,
    0x40, 0x4f, 0xf1, 0x2f, 0xfe, 0xbf, 0xfa, 0x2,
    0xfe, 0x4d, 0xfa, 0x0, 0x2f, 0xe0, 0x0, 0x0,
    0x2, 0xfe, 0x0, 0x0, 0x0, 0x2f, 0xe0, 0x0,
    0x0, 0x0,

    /* U+0071 "q" */
    0x1, 0xbf, 0xc3, 0xff, 0xd, 0xfe, 0xbe, 0xff,
    0x4f, 0xf1, 0x7, 0xff, 0x6f, 0xb0, 0x2, 0xff,
    0x6f, 0xb0, 0x2, 0xff, 0x4f, 0xf1, 0x7, 0xff,
    0xd, 0xfe, 0xce, 0xff, 0x1, 0xbf, 0xc4, 0xff,
    0x0, 0x0, 0x1, 0xff, 0x0, 0x0, 0x1, 0xff,
    0x0, 0x0, 0x1, 0xff,

    /* U+0072 "r" */
    0x0, 0x0, 0x0, 0x2f, 0xd7, 0xf7, 0x2f, 0xff,
    0xc5, 0x2f, 0xf4, 0x0, 0x2f, 0xf0, 0x0, 0x2f,
    0xe0, 0x0, 0x2f, 0xe0, 0x0, 0x2f, 0xe0, 0x0,
    0x2f, 0xe0, 0x0,

    /* U+0073 "s" */
    0x3, 0xcf, 0xfb, 0x20, 0x1f, 0xfa, 0xaf, 0xd0,
    0x3f, 0xe0, 0x4, 0x30, 0xd, 0xff, 0xb8, 0x10,
    0x0, 0x7b, 0xef, 0xe1, 0x27, 0x50, 0xe, 0xf4,
    0x2f, 0xfa, 0xaf, 0xf1, 0x3, 0xcf, 0xfb, 0x30,

    /* U+0074 "t" */
    0xd, 0xf3, 0x0, 0xdf, 0x30, 0xdf, 0xff, 0xa8,
    0xef, 0xb6, 0xd, 0xf3, 0x0, 0xdf, 0x30, 0xd,
    0xf3, 0x0, 0xcf, 0x40, 0xa, 0xfd, 0x70, 0x2c,
    0xfb,

    /* U+0075 "u" */
    0x2f, 0xe0, 0x3, 0xfd, 0x2f, 0xe0, 0x3, 0xfd,
    0x2f, 0xe0, 0x3, 0xfd, 0x2f, 0xe0, 0x3, 0xfd,
    0x2f, 0xe0, 0x3, 0xfd, 0x1f, 0xf2, 0x7, 0xfd,
    0xd, 0xff, 0xdd, 0xfd, 0x2, 0xcf, 0xc3, 0xfd,

    /* U+0076 "v" */
    0x9f, 0x80, 0x1, 0xff, 0x4, 0xfd, 0x0, 0x6f,
    0xa0, 0xe, 0xf2, 0xb, 0xf4, 0x0, 0x8f, 0x70,
    0xfe, 0x0, 0x3, 0xfc, 0x5f, 0x90, 0x0, 0xd,
    0xfa, 0xf3, 0x0, 0x0, 0x8f, 0xfe, 0x0, 0x0,
    0x2, 0xff, 0x80, 0x0,

    /* U+0077 "w" */
    0xaf, 0x70, 0x1f, 0xf0, 0x9, 0xf8, 0x5f, 0xb0,
    0x5f, 0xf3, 0xd, 0xf4, 0x1f, 0xe0, 0x9f, 0xf7,
    0xf, 0xf0, 0xc, 0xf2, 0xdb, 0xdb, 0x4f, 0xb0,
    0x8, 0xf6, 0xf8, 0x9e, 0x7f, 0x60, 0x3, 0xfc,
    0xf3, 0x5f, 0xcf, 0x20, 0x0, 0xff, 0xf0, 0x1f,
    0xfd, 0x0, 0x0, 0xaf, 0xa0, 0xc, 0xf9, 0x0,

    /* U+0078 "x" */
    0x4f, 0xe0, 0xb, 0xf6, 0xa, 0xf7, 0x4f, 0xc0,
    0x1, 0xfe, 0xcf, 0x30, 0x0, 0x7f, 0xf9, 0x0,
    0x0, 0x9f, 0xfb, 0x0, 0x3, 0xfc, 0xbf, 0x50,
    0xc, 0xf4, 0x3f, 0xe0, 0x6f, 0xb0, 0xa, 0xf8,

    /* U+0079 "y" */
    0x9f, 0x80, 0x1, 0xff, 0x3, 0xfd, 0x0, 0x6f,
    0xa0, 0xe, 0xf2, 0xc, 0xf4, 0x0, 0x8f, 0x71,
    0xfe, 0x0, 0x2, 0xfc, 0x6f, 0x90, 0x0, 0xd,
    0xfb, 0xf3, 0x0, 0x0, 0x7f, 0xfd, 0x0, 0x0,
    0x1, 0xff, 0x70, 0x0, 0x0, 0xf, 0xf1, 0x0,
    0x0, 0xad, 0xfa, 0x0, 0x0, 0xe, 0xea, 0x0,
    0x0, 0x0,

    /* U+007A "z" */
    0x1f, 0xff, 0xff, 0xf1, 0xb, 0xbb, 0xdf, 0xe0,
    0x0, 0x1, 0xef, 0x40, 0x0, 0xb, 0xf8, 0x0,
    0x0, 0x7f, 0xc0, 0x0, 0x4, 0xff, 0x20, 0x0,
    0x1e, 0xfe, 0xbb, 0xb2, 0x2f, 0xff, 0xff, 0xf3,

    /* U+007B "{" */
    0x0, 0x0, 0x56, 0x0, 0x1e, 0xfe, 0x0, 0x6f,
    0xb2, 0x0, 0x8f, 0x60, 0x0, 0x8f, 0x60, 0x0,
    0xcf, 0x40, 0xf, 0xfa, 0x0, 0xf, 0xf9, 0x0,
    0x0, 0xcf, 0x40, 0x0, 0x8f, 0x60, 0x0, 0x8f,
    0x60, 0x0, 0x7f, 0xa0, 0x0, 0x2f, 0xfe, 0x0,
    0x1, 0x77,

    /* U+007C "|" */
    0x15, 0x26, 0xf9, 0x6f, 0x96, 0xf9, 0x6f, 0x96,
    0xf9, 0x6f, 0x96, 0xf9, 0x6f, 0x96, 0xf9, 0x6f,
    0x96, 0xf9, 0x6f, 0x96, 0xf9, 0x6f, 0x96, 0xf9,
    0x6f, 0x96, 0xf9,

    /* U+007D "}" */
    0x26, 0x30, 0x0, 0x4f, 0xf9, 0x0, 0x4, 0xff,
    0x0, 0x0, 0xdf, 0x10, 0x0, 0xdf, 0x10, 0x0,
    0xbf, 0x50, 0x0, 0x3d, 0xf9, 0x0, 0x2c, 0xf9,
    0x0, 0xbf, 0x60, 0x0, 0xdf, 0x10, 0x0, 0xdf,
    0x10, 0x2, 0xff, 0x0, 0x4f, 0xfa, 0x0, 0x28,
    0x50, 0x0,

    /* U+007E "~" */
    0x2d, 0xe9, 0x3, 0xf6, 0xbf, 0xdf, 0xee, 0xf3,
    0xec, 0x4, 0xdf, 0x80,

    /* U+00A0 " " */

    /* U+00A1 "¡" */
    0x8f, 0x4c, 0xf7, 0x15, 0x1, 0x31, 0x9f, 0x59,
    0xf5, 0xaf, 0x6a, 0xf6, 0xaf, 0x6b, 0xf7, 0xbf,
    0x70,

    /* U+00A2 "¢" */
    0x0, 0x2, 0xa0, 0x0, 0x0, 0x4b, 0xe8, 0x10,
    0x7, 0xff, 0xff, 0xe1, 0x1f, 0xf6, 0xba, 0xf8,
    0x5f, 0xc2, 0xa1, 0x30, 0x6f, 0xa2, 0xa0, 0x0,
    0x5f, 0xc2, 0xa1, 0x41, 0x1f, 0xf7, 0xba, 0xf8,
    0x7, 0xff, 0xff, 0xe1, 0x0, 0x4b, 0xe8, 0x10,
    0x0, 0x2, 0xa0, 0x0,

    /* U+00A3 "£" */
    0x0, 0x1a, 0xfe, 0x91, 0x0, 0xd, 0xfe, 0xef,
    0xb0, 0x4, 0xfc, 0x0, 0xdf, 0x20, 0x6f, 0x90,
    0x1, 0x0, 0x6, 0xfa, 0x11, 0x0, 0x5, 0xff,
    0xff, 0xf4, 0x0, 0x17, 0xfb, 0x44, 0x10, 0x0,
    0x3f, 0xa0, 0x0, 0x0, 0x5, 0xf7, 0x0, 0x59,
    0x34, 0xff, 0xcc, 0xcf, 0xf3, 0x5f, 0xff, 0xff,
    0xf9, 0x0,

    /* U+00A4 "¤" */
    0x1, 0x0, 0x0, 0x0, 0x10, 0xc, 0xa9, 0xff,
    0xd6, 0xd7, 0x6, 0xfe, 0x64, 0x8f, 0xe2, 0x6,
    0xe1, 0x0, 0x6, 0xf1, 0xb, 0x80, 0x0, 0x0,
    0xe6, 0xd, 0x60, 0x0, 0x0, 0xc7, 0xb, 0x90,
    0x0, 0x0, 0xe6, 0x6, 0xf2, 0x0, 0x7, 0xf1,
    0x9, 0xfe, 0x75, 0xaf, 0xf4, 0xa, 0x68, 0xef,
    0xc5, 0xa5, 0x0, 0x0, 0x0, 0x0, 0x0,

    /* U+00A5 "¥" */
    0x9f, 0x80, 0x8, 0xf9, 0x3f, 0xd0, 0xd, 0xf3,
    0xd, 0xf3, 0x3f, 0xd0, 0x7, 0xf8, 0x8f, 0x70,
    0x1, 0xfe, 0xef, 0x10, 0x0, 0xbf, 0xfb, 0x0,
    0x3f, 0xff, 0xff, 0xf0, 0x4, 0x4f, 0xf4, 0x40,
    0x3f, 0xff, 0xff, 0xf0, 0x3, 0x4f, 0xf3, 0x30,
    0x0, 0x1f, 0xf0, 0x0,

    /* U+00A6 "¦" */
    0x8f, 0x48, 0xf4, 0x8f, 0x48, 0xf4, 0x7e, 0x30,
    0x0, 0x0, 0x0, 0x0, 0x8f, 0x48, 0xf4, 0x8f,
    0x48, 0xf4, 0x7e, 0x40,

    /* U+00A7 "§" */
    0x1, 0xae, 0xe9, 0x0, 0xb, 0xfc, 0xcf, 0x80,
    0xe, 0xf0, 0x9, 0x50, 0xb, 0xf9, 0x20, 0x0,
    0x3, 0xff, 0xfb, 0x20, 0x2f, 0x62, 0x9f, 0xe1,
    0x4f, 0x80, 0x6, 0xf3, 0xc, 0xfd, 0x6a, 0xc0,
    0x0, 0x6d, 0xfe, 0x30, 0x0, 0x0, 0x5f, 0xc0,
    0xd, 0xe1, 0x2f, 0xd0, 0x8, 0xff, 0xff, 0x70,
    0x0, 0x59, 0x94, 0x0,

    /* U+00A8 "¨" */
    0x0, 0x0, 0x0, 0x1e, 0xa0, 0xeb, 0x1e, 0x90,
    0xda,

    /* U+00A9 "©" */
    0x0, 0x19, 0xef, 0xd8, 0x0, 0x0, 0x3e, 0xfd,
    0xbe, 0xfd, 0x10, 0xe, 0xf5, 0x1, 0x7, 0xfc,
    0x7, 0xf6, 0x5e, 0xfd, 0x39, 0xf4, 0xbe, 0x2f,
    0xb6, 0xce, 0x2f, 0x8d, 0xc5, 0xf1, 0x0, 0x10,
    0xfa, 0xbe, 0x3f, 0x83, 0xad, 0x1f, 0x87, 0xf5,
    0x8f, 0xff, 0x59, 0xf4, 0xe, 0xe4, 0x24, 0x17,
    0xfc, 0x0, 0x3f, 0xfc, 0xbd, 0xfd, 0x10, 0x0,
    0x19, 0xef, 0xd8, 0x0, 0x0,

    /* U+00AA "ª" */
    0x7, 0xde, 0xb1, 0x2c, 0x74, 0xfa, 0x3, 0x79,
    0xfc, 0x5f, 0xb7, 0xdc, 0x8f, 0x12, 0xfc, 0x3e,
    0xfd, 0xdc, 0x0, 0x10, 0x0,

    /* U+00AB "«" */
    0x0, 0x2e, 0xf3, 0xcf, 0x50, 0xd, 0xf5, 0xaf,
    0x80, 0xb, 0xf8, 0x8f, 0xb0, 0x2, 0xff, 0x2e,
    0xf4, 0x0, 0x6, 0xfc, 0x4f, 0xe1, 0x0, 0x9,
    0xf9, 0x6f, 0xc0, 0x0, 0x9, 0xa2, 0x7a, 0x40,

    /* U+00AC "¬" */
    0x5b, 0xbb, 0xbb, 0x78, 0xff, 0xff, 0xfa, 0x0,
    0x0, 0x1f, 0xa0, 0x0, 0x1, 0xfa,

    /* U+00AE "®" */
    0x0, 0x3b, 0xed, 0x60, 0x0, 0x5e, 0x62, 0x4c,
    0x90, 0xe, 0x3a, 0xba, 0x1e, 0x34, 0xc0, 0xc2,
    0xd3, 0x88, 0x4c, 0xc, 0xcd, 0x7, 0x91, 0xf1,
    0xc2, 0xd2, 0xc5, 0x7, 0xd3, 0x1, 0xab, 0x0,
    0x6, 0xef, 0xf9, 0x0, 0x0, 0x0, 0x10, 0x0,
    0x0,

    /* U+00AF "¯" */
    0x11, 0x11, 0xe, 0xff, 0xf0, 0x34, 0x44, 0x0,

    /* U+00B0 "°" */
    0x0, 0x1, 0x0, 0x4, 0xff, 0xa0, 0xf, 0xb7,
    0xf6, 0x3f, 0x30, 0xc9, 0x1f, 0x94, 0xf7, 0x6,
    0xff, 0xc0, 0x0, 0x23, 0x0,

    /* U+00B1 "±" */
    0x0, 0x1f, 0xa0, 0x0, 0x0, 0x1f, 0xa0, 0x0,
    0xbf, 0xff, 0xff, 0xf3, 0x7a, 0xbf, 0xda, 0xa2,
    0x0, 0x1f, 0xa0, 0x0, 0x0, 0x4, 0x20, 0x0,
    0xbf, 0xff, 0xff, 0xf3, 0x8b, 0xbb, 0xbb, 0xb2,

    /* U+00B2 "²" */
    0x8, 0xef, 0xb1, 0x3d, 0x75, 0xf8, 0x0, 0x4,
    0xf7, 0x0, 0x7f, 0xa0, 0xa, 0xfa, 0x43, 0x3f,
    0xff, 0xfc,

    /* U+00B3 "³" */
    0x5, 0xdf, 0xa0, 0x1f, 0xa5, 0xf9, 0x0, 0x1,
    0xe9, 0x0, 0x7f, 0xe3, 0x29, 0x75, 0xee, 0x8,
    0xef, 0xd5,

    /* U+00B4 "´" */
    0x3, 0x33, 0xf8, 0xad, 0x0,

    /* U+00B5 "µ" */
    0x2f, 0xe0, 0x3, 0xfd, 0x2, 0xfe, 0x0, 0x3f,
    0xd0, 0x2f, 0xe0, 0x3, 0xfd, 0x2, 0xfe, 0x0,
    0x3f, 0xd0, 0x2f, 0xe0, 0x3, 0xfd, 0x2, 0xff,
    0x10, 0x6f, 0xd0, 0x2f, 0xfe, 0xae, 0xff, 0x72,
    0xfe, 0x9f, 0x77, 0xfb, 0x2f, 0xe0, 0x0, 0x0,
    0x2, 0xfe, 0x0, 0x0, 0x0, 0x2f, 0xe0, 0x0,
    0x0, 0x0,

    /* U+00B6 "¶" */
    0x2, 0xbf, 0xff, 0xf7, 0xe, 0xff, 0xdb, 0xf7,
    0x5f, 0xff, 0x93, 0xf7, 0x6f, 0xff, 0x93, 0xf7,
    0x4f, 0xff, 0x93, 0xf7, 0xd, 0xff, 0x93, 0xf7,
    0x1, 0x9d, 0x83, 0xf7, 0x0, 0x0, 0x3, 0xf7,
    0x0, 0x0, 0x3, 0xf7, 0x0, 0x0, 0x3, 0xf7,
    0x0, 0x0, 0x3, 0xf7,

    /* U+00B7 "·" */
    0x25, 0xc, 0xf6, 0x8f, 0x30,

    /* U+00B8 "¸" */
    0x7, 0x0, 0xf, 0x70, 0x0, 0xf2, 0x5d, 0xb0,

    /* U+00B9 "¹" */
    0x8, 0xfe, 0x3d, 0xde, 0x0, 0xbe, 0x0, 0xbe,
    0x0, 0xbe, 0x0, 0xbe,

    /* U+00BA "º" */
    0x0, 0x0, 0x0, 0x0, 0x5e, 0xfd, 0x40, 0x2f,
    0xb4, 0xcf, 0x17, 0xf2, 0x5, 0xf5, 0x8f, 0x20,
    0x4f, 0x54, 0xf9, 0x1b, 0xf2, 0x8, 0xff, 0xf6,
    0x0, 0x1, 0x30, 0x0,

    /* U+00BB "»" */
    0x2e, 0xf3, 0xdf, 0x40, 0x0, 0x4f, 0xd3, 0xef,
    0x20, 0x0, 0x7f, 0xb4, 0xfd, 0x10, 0x1, 0xff,
    0x3c, 0xf6, 0x0, 0xbf, 0x78, 0xfa, 0x0, 0x8f,
    0xa5, 0xfc, 0x0, 0x2a, 0x91, 0xaa, 0x10, 0x0,

    /* U+00BC "¼" */
    0x1a, 0xd3, 0x0, 0x0, 0xa8, 0x0, 0x7b, 0xf4,
    0x0, 0x6, 0xe1, 0x0, 0x12, 0xf4, 0x0, 0x1f,
    0x60, 0x0, 0x2, 0xf4, 0x0, 0xab, 0x0, 0x0,
    0x2, 0xf4, 0x5, 0xf2, 0x2, 0x10, 0x2, 0xf4,
    0xe, 0x70, 0x5f, 0xb0, 0x0, 0x0, 0x9d, 0x0,
    0xde, 0xb0, 0x0, 0x3, 0xf3, 0x6, 0xe9, 0xb0,
    0x0, 0xd, 0x90, 0xe, 0x68, 0xb0, 0x0, 0x7e,
    0x0, 0x3f, 0xff, 0xf6, 0x2, 0xf4, 0x0, 0x2,
    0x2a, 0xc0, 0x1, 0x20, 0x0, 0x0, 0x1, 0x10,

    /* U+00BD "½" */
    0x7, 0xa2, 0x0, 0x0, 0x76, 0x0, 0x6d, 0xf4,
    0x0, 0x4, 0xf2, 0x0, 0x22, 0xf4, 0x0, 0xe,
    0x70, 0x0, 0x2, 0xf4, 0x0, 0x9d, 0x0, 0x0,
    0x2, 0xf4, 0x3, 0xf3, 0x0, 0x0, 0x2, 0xf4,
    0xd, 0x80, 0xbf, 0xd3, 0x0, 0x30, 0x8d, 0x3,
    0xb4, 0xda, 0x0, 0x2, 0xf4, 0x0, 0x0, 0xc9,
    0x0, 0xc, 0x90, 0x0, 0x9, 0xe1, 0x0, 0x7e,
    0x10, 0x0, 0x9e, 0x20, 0x2, 0xf5, 0x0, 0x3,
    0xff, 0xfd, 0x1, 0x20, 0x0, 0x0, 0x33, 0x32,

    /* U+00BE "¾" */
    0x8, 0xec, 0x10, 0x0, 0xc, 0x90, 0x4, 0xe5,
    0xd9, 0x0, 0x7, 0xe1, 0x0, 0x0, 0xc, 0xa0,
    0x1, 0xf5, 0x0, 0x0, 0xe, 0xf4, 0x0, 0xbb,
    0x0, 0x0, 0x13, 0x2b, 0xe0, 0x5f, 0x20, 0x0,
    0x2, 0xef, 0xf8, 0xe, 0x70, 0x4f, 0xc0, 0x0,
    0x21, 0x9, 0xd0, 0xc, 0xec, 0x0, 0x0, 0x3,
    0xf3, 0x5, 0xe8, 0xc0, 0x0, 0x0, 0xd9, 0x0,
    0xd7, 0x8c, 0x0, 0x0, 0x7e, 0x0, 0x2f, 0xff,
    0xf6, 0x0, 0x2f, 0x50, 0x0, 0x22, 0x9c, 0x10,
    0x1, 0x20, 0x0, 0x0, 0x1, 0x10,

    /* U+00BF "¿" */
    0x0, 0xa, 0xe3, 0x0, 0x0, 0xe, 0xf5, 0x0,
    0x0, 0x2, 0x50, 0x0, 0x0, 0x6, 0x91, 0x0,
    0x0, 0xd, 0xf1, 0x0, 0x1, 0xbf, 0xc0, 0x0,
    0xd, 0xfc, 0x10, 0x0, 0x4f, 0xe0, 0x0, 0x0,
    0x4f, 0xe0, 0xd, 0xf3, 0xe, 0xfd, 0xdf, 0xd0,
    0x2, 0xbf, 0xfb, 0x20,

    /* U+00C0 "À" */
    0x0, 0x9, 0xf3, 0x0, 0x0, 0x0, 0x0, 0xe,
    0xa0, 0x0, 0x0, 0x0, 0x0, 0x12, 0x0, 0x0,
    0x0, 0x0, 0x5f, 0xfb, 0x0, 0x0, 0x0, 0xa,
    0xff, 0xf0, 0x0, 0x0, 0x0, 0xff, 0xbf, 0x50,
    0x0, 0x0, 0x4f, 0xc7, 0xfa, 0x0, 0x0, 0x9,
    0xf9, 0x3f, 0xf0, 0x0, 0x0, 0xef, 0x50, 0xef,
    0x50, 0x0, 0x3f, 0xf1, 0xa, 0xfa, 0x0, 0x9,
    0xff, 0xff, 0xff, 0xf0, 0x0, 0xef, 0xcb, 0xbb,
    0xff, 0x40, 0x3f, 0xf2, 0x0, 0xb, 0xfa, 0x8,
    0xfc, 0x0, 0x0, 0x5f, 0xe0,

    /* U+00C1 "Á" */
    0x0, 0x0, 0xc, 0xe1, 0x0, 0x0, 0x0, 0x3,
    0xf5, 0x0, 0x0, 0x0, 0x0, 0x12, 0x0, 0x0,
    0x0, 0x0, 0x5f, 0xfb, 0x0, 0x0, 0x0, 0xa,
    0xff, 0xf0, 0x0, 0x0, 0x0, 0xff, 0xbf, 0x50,
    0x0, 0x0, 0x4f, 0xc7, 0xfa, 0x0, 0x0, 0x9,
    0xf9, 0x3f, 0xf0, 0x0, 0x0, 0xef, 0x50, 0xef,
    0x50, 0x0, 0x3f, 0xf1, 0xa, 0xfa, 0x0, 0x9,
    0xff, 0xff, 0xff, 0xf0, 0x0, 0xef, 0xcb, 0xbb,
    0xff, 0x40, 0x3f, 0xf2, 0x0, 0xb, 0xfa, 0x8,
    0xfc, 0x0, 0x0, 0x5f, 0xe0,

    /* U+00C2 "Â" */
    0x0, 0x0, 0x68, 0x10, 0x0, 0x0, 0x0, 0x9e,
    0xbd, 0x10, 0x0, 0x0, 0x28, 0x30, 0x75, 0x0,
    0x0, 0x0, 0x5f, 0xfb, 0x0, 0x0, 0x0, 0xa,
    0xff, 0xf0, 0x0, 0x0, 0x0, 0xff, 0xbf, 0x50,
    0x0, 0x0, 0x4f, 0xc7, 0xfa, 0x0, 0x0, 0x9,
    0xf9, 0x3f, 0xf0, 0x0, 0x0, 0xef, 0x50, 0xef,
    0x50, 0x0, 0x3f, 0xf1, 0xa, 0xfa, 0x0, 0x9,
    0xff, 0xff, 0xff, 0xf0, 0x0, 0xef, 0xcb, 0xbb,
    0xff, 0x40, 0x3f, 0xf2, 0x0, 0xb, 0xfa, 0x8,
    0xfc, 0x0, 0x0, 0x5f, 0xe0,

    /* U+00C3 "Ã" */
    0x0, 0x9, 0xe5, 0xa8, 0x0, 0x0, 0x1, 0xf5,
    0xef, 0x30, 0x0, 0x0, 0x2, 0x0, 0x10, 0x0,
    0x0, 0x0, 0x5f, 0xfb, 0x0, 0x0, 0x0, 0xa,
    0xff, 0xf0, 0x0, 0x0, 0x0, 0xff, 0xbf, 0x50,
    0x0, 0x0, 0x4f, 0xc7, 0xfa, 0x0, 0x0, 0x9,
    0xf9, 0x3f, 0xf0, 0x0, 0x0, 0xef, 0x50, 0xef,
    0x50, 0x0, 0x3f, 0xf1, 0xa, 0xfa, 0x0, 0x9,
    0xff, 0xff, 0xff, 0xf0, 0x0, 0xef, 0xcb, 0xbb,
    0xff, 0x40, 0x3f, 0xf2, 0x0, 0xb, 0xfa, 0x8,
    0xfc, 0x0, 0x0, 0x5f, 0xe0,

    /* U+00C4 "Ä" */
    0x0, 0x2e, 0x72, 0xe8, 0x0, 0x0, 0x2, 0xf8,
    0x2f, 0x90, 0x0, 0x0, 0x0, 0x0, 0x0, 0x0,
    0x0, 0x0, 0x5f, 0xfb, 0x0, 0x0, 0x0, 0xa,
    0xff, 0xf0, 0x0, 0x0, 0x0, 0xff, 0xbf, 0x50,
    0x0, 0x0, 0x4f, 0xc7, 0xfa, 0x0, 0x0, 0x9,
    0xf9, 0x3f, 0xf0, 0x0, 0x0, 0xef, 0x50, 0xef,
    0x50, 0x0, 0x3f, 0xf1, 0xa, 0xfa, 0x0, 0x9,
    0xff, 0xff, 0xff, 0xf0, 0x0, 0xef, 0xcb, 0xbb,
    0xff, 0x40, 0x3f, 0xf2, 0x0, 0xb, 0xfa, 0x8,
    0xfc, 0x0, 0x0, 0x5f, 0xe0,

    /* U+00C5 "Å" */
    0x0, 0x2, 0xce, 0x70, 0x0, 0x0, 0x0, 0x99,
    0x2f, 0x0, 0x0, 0x0, 0x3, 0xde, 0x70, 0x0,
    0x0, 0x0, 0x5f, 0xfb, 0x0, 0x0, 0x0, 0xa,
    0xff, 0xf0, 0x0, 0x0, 0x0, 0xff, 0xbf, 0x50,
    0x0, 0x0, 0x4f, 0xc7, 0xfa, 0x0, 0x0, 0x9,
    0xf9, 0x3f, 0xf0, 0x0, 0x0, 0xef, 0x50, 0xef,
    0x50, 0x0, 0x3f, 0xf1, 0xa, 0xfa, 0x0, 0x9,
    0xff, 0xff, 0xff, 0xf0, 0x0, 0xef, 0xcb, 0xbb,
    0xff, 0x40, 0x3f, 0xf2, 0x0, 0xb, 0xfa, 0x8,
    0xfc, 0x0, 0x0, 0x5f, 0xe0,

    /* U+00C6 "Æ" */
    0x0, 0x0, 0x7f, 0xff, 0xff, 0xff, 0xf8, 0x0,
    0x0, 0xdf, 0x9f, 0xfc, 0xcc, 0xc6, 0x0, 0x4,
    0xfe, 0x3f, 0xd0, 0x0, 0x0, 0x0, 0xa, 0xf8,
    0x3f, 0xd0, 0x0, 0x0, 0x0, 0x1f, 0xf2, 0x3f,
    0xd0, 0x0, 0x0, 0x0, 0x7f, 0xc0, 0x3f, 0xff,
    0xff, 0xf3, 0x0, 0xdf, 0x70, 0x3f, 0xfc, 0xcc,
    0xc2, 0x4, 0xff, 0xff, 0xff, 0xd0, 0x0, 0x0,
    0xa, 0xfc, 0x88, 0xaf, 0xd0, 0x0, 0x0, 0x1f,
    0xf4, 0x0, 0x3f, 0xfc, 0xcc, 0xc7, 0x7f, 0xd0,
    0x0, 0x3f, 0xff, 0xff, 0xf9,

    /* U+00C7 "Ç" */
    0x0, 0x19, 0xef, 0xd7, 0x0, 0x1, 0xef, 0xff,
    0xff, 0xb0, 0xa, 0xfc, 0x10, 0x3e, 0xf6, 0x1f,
    0xf2, 0x0, 0x6, 0xc8, 0x4f, 0xd0, 0x0, 0x0,
    0x0, 0x5f, 0xc0, 0x0, 0x0, 0x0, 0x4f, 0xd0,
    0x0, 0x0, 0x0, 0x1f, 0xf2, 0x0, 0x6, 0xd9,
    0xb, 0xfd, 0x30, 0x4f, 0xf5, 0x1, 0xef, 0xff,
    0xff, 0xb0, 0x0, 0x1a, 0xef, 0xd7, 0x0, 0x0,
    0x0, 0x3d, 0x40, 0x0, 0x0, 0x0, 0x3, 0xf0,
    0x0, 0x0, 0x0, 0x7e, 0xb0, 0x0,

    /* U+00C8 "È" */
    0x0, 0x7f, 0x50, 0x0, 0x0, 0xc, 0xc0, 0x0,
    0x0, 0x1, 0x30, 0x0, 0x1f, 0xff, 0xff, 0xfb,
    0x1f, 0xfc, 0xcc, 0xc9, 0x1f, 0xf0, 0x0, 0x0,
    0x1f, 0xf0, 0x0, 0x0, 0x1f, 0xf0, 0x0, 0x0,
    0x1f, 0xff, 0xff, 0xf6, 0x1f, 0xfc, 0xcc, 0xc4,
    0x1f, 0xf0, 0x0, 0x0, 0x1f, 0xf0, 0x0, 0x0,
    0x1f, 0xfc, 0xcc, 0xc9, 0x1f, 0xff, 0xff, 0xfc,

    /* U+00C9 "É" */
    0x0, 0x0, 0xaf, 0x20, 0x0, 0x1, 0xf7, 0x0,
    0x0, 0x1, 0x30, 0x0, 0x1f, 0xff, 0xff, 0xfb,
    0x1f, 0xfc, 0xcc, 0xc9, 0x1f, 0xf0, 0x0, 0x0,
    0x1f, 0xf0, 0x0, 0x0, 0x1f, 0xf0, 0x0, 0x0,
    0x1f, 0xff, 0xff, 0xf6, 0x1f, 0xfc, 0xcc, 0xc4,
    0x1f, 0xf0, 0x0, 0x0, 0x1f, 0xf0, 0x0, 0x0,
    0x1f, 0xfc, 0xcc, 0xc9, 0x1f, 0xff, 0xff, 0xfc,

    /* U+00CA "Ê" */
    0x0, 0x5, 0x83, 0x0, 0x0, 0x7f, 0xae, 0x30,
    0x1, 0x74, 0x7, 0x60, 0x1f, 0xff, 0xff, 0xfb,
    0x1f, 0xfc, 0xcc, 0xc9, 0x1f, 0xf0, 0x0, 0x0,
    0x1f, 0xf0, 0x0, 0x0, 0x1f, 0xf0, 0x0, 0x0,
    0x1f, 0xff, 0xff, 0xf6, 0x1f, 0xfc, 0xcc, 0xc4,
    0x1f, 0xf0, 0x0, 0x0, 0x1f, 0xf0, 0x0, 0x0,
    0x1f, 0xfc, 0xcc, 0xc9, 0x1f, 0xff, 0xff, 0xfc,

    /* U+00CB "Ë" */
    0x1, 0xd9, 0xd, 0xa0, 0x1, 0xea, 0x1e, 0xb0,
    0x0, 0x0, 0x0, 0x0, 0x1f, 0xff, 0xff, 0xfb,
    0x1f, 0xfc, 0xcc, 0xc9, 0x1f, 0xf0, 0x0, 0x0,
    0x1f, 0xf0, 0x0, 0x0, 0x1f, 0xf0, 0x0, 0x0,
    0x1f, 0xff, 0xff, 0xf6, 0x1f, 0xfc, 0xcc, 0xc4,
    0x1f, 0xf0, 0x0, 0x0, 0x1f, 0xf0, 0x0, 0x0,
    0x1f, 0xfc, 0xcc, 0xc9, 0x1f, 0xff, 0xff, 0xfc,

    /* U+00CC "Ì" */
    0xc, 0xe0, 0x0, 0x3f, 0x60, 0x0, 0x21, 0x0,
    0x1f, 0xf0, 0x1, 0xff, 0x0, 0x1f, 0xf0, 0x1,
    0xff, 0x0, 0x1f, 0xf0, 0x1, 0xff, 0x0, 0x1f,
    0xf0, 0x1, 0xff, 0x0, 0x1f, 0xf0, 0x1, 0xff,
    0x0, 0x1f, 0xf0,

    /* U+00CD "Í" */
    0x1, 0xfc, 0x0, 0x7f, 0x20, 0x2, 0x20, 0x1,
    0xff, 0x0, 0x1f, 0xf0, 0x1, 0xff, 0x0, 0x1f,
    0xf0, 0x1, 0xff, 0x0, 0x1f, 0xf0, 0x1, 0xff,
    0x0, 0x1f, 0xf0, 0x1, 0xff, 0x0, 0x1f, 0xf0,
    0x1, 0xff, 0x0,

    /* U+00CE "Î" */
    0x0, 0x77, 0x0, 0xc, 0xcd, 0xb0, 0x47, 0x12,
    0x83, 0x1, 0xff, 0x0, 0x1, 0xff, 0x0, 0x1,
    0xff, 0x0, 0x1, 0xff, 0x0, 0x1, 0xff, 0x0,
    0x1, 0xff, 0x0, 0x1, 0xff, 0x0, 0x1, 0xff,
    0x0, 0x1, 0xff, 0x0, 0x1, 0xff, 0x0, 0x1,
    0xff, 0x0,

    /* U+00CF "Ï" */
    0x5f, 0x44, 0xf4, 0x6f, 0x45, 0xf5, 0x0, 0x0,
    0x0, 0x1, 0xff, 0x0, 0x1, 0xff, 0x0, 0x1,
    0xff, 0x0, 0x1, 0xff, 0x0, 0x1, 0xff, 0x0,
    0x1, 0xff, 0x0, 0x1, 0xff, 0x0, 0x1, 0xff,
    0x0, 0x1, 0xff, 0x0, 0x1, 0xff, 0x0, 0x1,
    0xff, 0x0,

    /* U+00D0 "Ð" */
    0x8, 0xff, 0xff, 0xc6, 0x0, 0x8, 0xfe, 0xde,
    0xff, 0xa0, 0x8, 0xf8, 0x0, 0x4e, 0xf5, 0x8,
    0xf8, 0x0, 0x6, 0xfb, 0x19, 0xf9, 0x21, 0x2,
    0xfe, 0xdf, 0xff, 0xfb, 0x1, 0xff, 0x4b, 0xfa,
    0x53, 0x2, 0xfe, 0x8, 0xf8, 0x0, 0x6, 0xfb,
    0x8, 0xf8, 0x0, 0x3e, 0xf5, 0x8, 0xfe, 0xde,
    0xff, 0xa0, 0x8, 0xff, 0xff, 0xc6, 0x0,

    /* U+00D1 "Ñ" */
    0x0, 0x8, 0xe6, 0x8a, 0x0, 0x0, 0xf, 0x6d,
    0xf4, 0x0, 0x0, 0x3, 0x0, 0x10, 0x0, 0x1f,
    0xf8, 0x0, 0x6, 0xfc, 0x1f, 0xff, 0x20, 0x6,
    0xfc, 0x1f, 0xff, 0xb0, 0x6, 0xfc, 0x1f, 0xfb,
    0xf4, 0x6, 0xfc, 0x1f, 0xf4, 0xfd, 0x6, 0xfc,
    0x1f, 0xf0, 0xcf, 0x66, 0xfc, 0x1f, 0xf1, 0x3f,
    0xe6, 0xfc, 0x1f, 0xf1, 0x9, 0xfb, 0xfc, 0x1f,
    0xf1, 0x1, 0xff, 0xfc, 0x1f, 0xf1, 0x0, 0x7f,
    0xfc, 0x1f, 0xf1, 0x0, 0xd, 0xfc,

    /* U+00D2 "Ò" */
    0x0, 0x6, 0xf6, 0x0, 0x0, 0x0, 0x0, 0xc,
    0xd0, 0x0, 0x0, 0x0, 0x0, 0x13, 0x0, 0x0,
    0x0, 0x1, 0x9e, 0xfd, 0x70, 0x0, 0x1, 0xef,
    0xff, 0xff, 0xc0, 0x0, 0xaf, 0xc1, 0x3, 0xef,
    0x70, 0x1f, 0xf2, 0x0, 0x5, 0xfd, 0x4, 0xfd,
    0x0, 0x0, 0x1f, 0xf0, 0x5f, 0xc0, 0x0, 0x0,
    0xff, 0x14, 0xfd, 0x0, 0x0, 0x1f, 0xf0, 0x1f,
    0xf2, 0x0, 0x5, 0xfd, 0x0, 0xaf, 0xc1, 0x3,
    0xef, 0x70, 0x1, 0xef, 0xff, 0xff, 0xc0, 0x0,
    0x1, 0x9e, 0xfd, 0x70, 0x0,

    /* U+00D3 "Ó" */
    0x0, 0x0, 0x9, 0xf3, 0x0, 0x0, 0x0, 0x1,
    0xf8, 0x0, 0x0, 0x0, 0x0, 0x3, 0x0, 0x0,
    0x0, 0x1, 0x9e, 0xfd, 0x70, 0x0, 0x1, 0xef,
    0xff, 0xff, 0xc0, 0x0, 0xaf, 0xc1, 0x3, 0xef,
    0x70, 0x1f, 0xf2, 0x0, 0x5, 0xfd, 0x4, 0xfd,
    0x0, 0x0, 0x1f, 0xf0, 0x5f, 0xc0, 0x0, 0x0,
    0xff, 0x14, 0xfd, 0x0, 0x0, 0x1f, 0xf0, 0x1f,
    0xf2, 0x0, 0x5, 0xfd, 0x0, 0xaf, 0xc1, 0x3,
    0xef, 0x70, 0x1, 0xef, 0xff, 0xff, 0xc0, 0x0,
    0x1, 0x9e, 0xfd, 0x70, 0x0,

    /* U+00D4 "Ô" */
    0x0, 0x0, 0xcf, 0x90, 0x0, 0x0, 0x0, 0x9f,
    0x7f, 0x50, 0x0, 0x0, 0x18, 0x40, 0x67, 0x0,
    0x0, 0x1, 0x9e, 0xfd, 0x70, 0x0, 0x1, 0xef,
    0xff, 0xff, 0xc0, 0x0, 0xaf, 0xc1, 0x3, 0xef,
    0x70, 0x1f, 0xf2, 0x0, 0x5, 0xfd, 0x4, 0xfd,
    0x0, 0x0, 0x1f, 0xf0, 0x5f, 0xc0, 0x0, 0x0,
    0xff, 0x14, 0xfd, 0x0, 0x0, 0x1f, 0xf0, 0x1f,
    0xf2, 0x0, 0x5, 0xfd, 0x0, 0xaf, 0xc1, 0x3,
    0xef, 0x70, 0x1, 0xef, 0xff, 0xff, 0xc0, 0x0,
    0x1, 0x9e, 0xfd, 0x70, 0x0,

    /* U+00D5 "Õ" */
    0x0, 0x7, 0xe7, 0x7b, 0x0, 0x0, 0x0, 0xe7,
    0xcf, 0x50, 0x0, 0x0, 0x2, 0x0, 0x10, 0x0,
    0x0, 0x1, 0x9e, 0xfd, 0x70, 0x0, 0x1, 0xef,
    0xff, 0xff, 0xc0, 0x0, 0xaf, 0xc1, 0x3, 0xef,
    0x70, 0x1f, 0xf2, 0x0, 0x5, 0xfd, 0x4, 0xfd,
    0x0, 0x0, 0x1f, 0xf0, 0x5f, 0xc0, 0x0, 0x0,
    0xff, 0x14, 0xfd, 0x0, 0x0, 0x1f, 0xf0, 0x1f,
    0xf2, 0x0, 0x5, 0xfd, 0x0, 0xaf, 0xc1, 0x3,
    0xef, 0x70, 0x1, 0xef, 0xff, 0xff, 0xc0, 0x0,
    0x1, 0x9e, 0xfd, 0x70, 0x0,

    /* U+00D6 "Ö" */
    0x0, 0xd, 0xa0, 0xda, 0x0, 0x0, 0x0, 0xeb,
    0xe, 0xb0, 0x0, 0x0, 0x0, 0x0, 0x0, 0x0,
    0x0, 0x1, 0x9e, 0xfd, 0x70, 0x0, 0x1, 0xef,
    0xff, 0xff, 0xc0, 0x0, 0xaf, 0xc1, 0x3, 0xef,
    0x70, 0x1f, 0xf2, 0x0, 0x5, 0xfd, 0x4, 0xfd,
    0x0, 0x0, 0x1f, 0xf0, 0x5f, 0xc0, 0x0, 0x0,
    0xff, 0x14, 0xfd, 0x0, 0x0, 0x1f, 0xf0, 0x1f,
    0xf2, 0x0, 0x5, 0xfd, 0x0, 0xaf, 0xc1, 0x3,
    0xef, 0x70, 0x1, 0xef, 0xff, 0xff, 0xc0, 0x0,
    0x1, 0x9e, 0xfd, 0x70, 0x0,

    /* U+00D7 "×" */
    0x1a, 0x0, 0x5, 0x70, 0x9f, 0xc0, 0x4f, 0xf2,
    0xb, 0xfc, 0xff, 0x50, 0x0, 0xcf, 0xf5, 0x0,
    0x3, 0xff, 0xfb, 0x0, 0x3f, 0xf7, 0xcf, 0xa0,
    0x8f, 0x60, 0x1d, 0xe1, 0x4, 0x0, 0x1, 0x20,

    /* U+00D8 "Ø" */
    0x0, 0x0, 0x0, 0x0, 0x10, 0x0, 0x1, 0x9e,
    0xfd, 0x8e, 0x40, 0x1, 0xef, 0xff, 0xff, 0xf0,
    0x0, 0xaf, 0xc1, 0x7, 0xff, 0x70, 0x1f, 0xf2,
    0x1, 0xec, 0xfd, 0x4, 0xfd, 0x0, 0xac, 0x1f,
    0xf0, 0x5f, 0xc0, 0x5f, 0x20, 0xff, 0x14, 0xfd,
    0x1e, 0x70, 0x1f, 0xf0, 0x1f, 0xfc, 0xc0, 0x5,
    0xfd, 0x0, 0xbf, 0xf4, 0x3, 0xef, 0x70, 0x3,
    0xff, 0xff, 0xff, 0xb0, 0x0, 0x8c, 0x9e, 0xfd,
    0x70, 0x0, 0x0, 0x10, 0x0, 0x0, 0x0, 0x0,

    /* U+00D9 "Ù" */
    0x0, 0xa, 0xf2, 0x0, 0x0, 0x0, 0x1, 0xe8,
    0x0, 0x0, 0x0, 0x0, 0x12, 0x0, 0x0, 0x1f,
    0xf0, 0x0, 0xc, 0xf5, 0x1f, 0xf0, 0x0, 0xc,
    0xf5, 0x1f, 0xf0, 0x0, 0xc, 0xf5, 0x1f, 0xf0,
    0x0, 0xc, 0xf5, 0x1f, 0xf0, 0x0, 0xc, 0xf5,
    0x1f, 0xf0, 0x0, 0xc, 0xf5, 0x1f, 0xf0, 0x0,
    0xc, 0xf5, 0xf, 0xf2, 0x0, 0xd, 0xf4, 0xc,
    0xfb, 0x0, 0x7f, 0xf1, 0x4, 0xff, 0xff, 0xff,
    0x70, 0x0, 0x3b, 0xef, 0xc5, 0x0,

    /* U+00DA "Ú" */
    0x0, 0x0, 0xe, 0xd0, 0x0, 0x0, 0x0, 0x5f,
    0x40, 0x0, 0x0, 0x0, 0x12, 0x0, 0x0, 0x1f,
    0xf0, 0x0, 0xc, 0xf5, 0x1f, 0xf0, 0x0, 0xc,
    0xf5, 0x1f, 0xf0, 0x0, 0xc, 0xf5, 0x1f, 0xf0,
    0x0, 0xc, 0xf5, 0x1f, 0xf0, 0x0, 0xc, 0xf5,
    0x1f, 0xf0, 0x0, 0xc, 0xf5, 0x1f, 0xf0, 0x0,
    0xc, 0xf5, 0xf, 0xf2, 0x0, 0xd, 0xf4, 0xc,
    0xfb, 0x0, 0x7f, 0xf1, 0x4, 0xff, 0xff, 0xff,
    0x70, 0x0, 0x3b, 0xef, 0xc5, 0x0,

    /* U+00DB "Û" */
    0x0, 0x3, 0xff, 0x60, 0x0, 0x0, 0x3f, 0x95,
    0xf6, 0x0, 0x0, 0x0, 0x0, 0x0, 0x0, 0x1f,
    0xf0, 0x0, 0xc, 0xf5, 0x1f, 0xf0, 0x0, 0xc,
    0xf5, 0x1f, 0xf0, 0x0, 0xc, 0xf5, 0x1f, 0xf0,
    0x0, 0xc, 0xf5, 0x1f, 0xf0, 0x0, 0xc, 0xf5,
    0x1f, 0xf0, 0x0, 0xc, 0xf5, 0x1f, 0xf0, 0x0,
    0xc, 0xf5, 0xf, 0xf2, 0x0, 0xd, 0xf4, 0xc,
    0xfb, 0x0, 0x7f, 0xf1, 0x4, 0xff, 0xff, 0xff,
    0x70, 0x0, 0x3b, 0xef, 0xc5, 0x0,

    /* U+00DC "Ü" */
    0x0, 0x3e, 0x63, 0xe6, 0x0, 0x0, 0x4f, 0x73,
    0xf7, 0x0, 0x0, 0x0, 0x0, 0x0, 0x0, 0x1f,
    0xf0, 0x0, 0xc, 0xf5, 0x1f, 0xf0, 0x0, 0xc,
    0xf5, 0x1f, 0xf0, 0x0, 0xc, 0xf5, 0x1f, 0xf0,
    0x0, 0xc, 0xf5, 0x1f, 0xf0, 0x0, 0xc, 0xf5,
    0x1f, 0xf0, 0x0, 0xc, 0xf5, 0x1f, 0xf0, 0x0,
    0xc, 0xf5, 0xf, 0xf2, 0x0, 0xd, 0xf4, 0xc,
    0xfb, 0x0, 0x7f, 0xf1, 0x4, 0xff, 0xff, 0xff,
    0x70, 0x0, 0x3b, 0xef, 0xc5, 0x0,

    /* U+00DD "Ý" */
    0x0, 0x0, 0xe, 0xd0, 0x0, 0x0, 0x0, 0x5f,
    0x40, 0x0, 0x0, 0x0, 0x12, 0x0, 0x0, 0x6f,
    0xf1, 0x0, 0xc, 0xfa, 0xd, 0xf8, 0x0, 0x4f,
    0xf1, 0x4, 0xff, 0x10, 0xcf, 0x80, 0x0, 0xbf,
    0x83, 0xfe, 0x10, 0x0, 0x3f, 0xeb, 0xf7, 0x0,
    0x0, 0xa, 0xff, 0xe0, 0x0, 0x0, 0x1, 0xff,
    0x60, 0x0, 0x0, 0x0, 0xef, 0x30, 0x0, 0x0,
    0x0, 0xef, 0x30, 0x0, 0x0, 0x0, 0xef, 0x30,
    0x0, 0x0, 0x0, 0xef, 0x30, 0x0,

    /* U+00DE "Þ" */
    0x1f, 0xf0, 0x0, 0x0, 0x1, 0xff, 0x0, 0x0,
    0x0, 0x1f, 0xfa, 0xa9, 0x40, 0x1, 0xff, 0xff,
    0xff, 0x80, 0x1f, 0xf0, 0x4, 0xff, 0x11, 0xff,
    0x0, 0xc, 0xf3, 0x1f, 0xf0, 0x4, 0xff, 0x11,
    0xff, 0xff, 0xff, 0x80, 0x1f, 0xfa, 0xa9, 0x40,
    0x1, 0xff, 0x0, 0x0, 0x0, 0x1f, 0xf0, 0x0,
    0x0, 0x0,

    /* U+00DF "ß" */
    0x0, 0x9e, 0xfd, 0x70, 0x0, 0xaf, 0xfd, 0xff,
    0x70, 0xf, 0xf3, 0x6, 0xfe, 0x1, 0xff, 0x0,
    0x2f, 0xe0, 0x1f, 0xf0, 0x8, 0xf9, 0x1, 0xff,
    0xe, 0xfd, 0x10, 0x1f, 0xf0, 0x9c, 0xfe, 0x21,
    0xff, 0x0, 0x9, 0xf8, 0x1f, 0xf0, 0x0, 0x9f,
    0x91, 0xff, 0xa, 0xcf, 0xf5, 0x1f, 0xf0, 0xef,
    0xd6, 0x0,

    /* U+00E0 "à" */
    0x0, 0x32, 0x0, 0x0, 0x0, 0xaf, 0x20, 0x0,
    0x0, 0x1e, 0x80, 0x0, 0x0, 0x0, 0x0, 0x0,
    0x2, 0xbe, 0xeb, 0x20, 0x1e, 0xfa, 0xbf, 0xe0,
    0x4, 0x40, 0xe, 0xf3, 0x2, 0x8b, 0xdf, 0xf4,
    0x2f, 0xfa, 0x7d, 0xf4, 0x7f, 0x80, 0xe, 0xf4,
    0x6f, 0xe8, 0xcf, 0xf4, 0x8, 0xee, 0x8b, 0xf4,

    /* U+00E1 "á" */
    0x0, 0x0, 0x23, 0x0, 0x0, 0x1, 0xfa, 0x0,
    0x0, 0x8, 0xf1, 0x0, 0x0, 0x0, 0x0, 0x0,
    0x2, 0xbe, 0xeb, 0x20, 0x1e, 0xfa, 0xbf, 0xe0,
    0x4, 0x40, 0xe, 0xf3, 0x2, 0x8b, 0xdf, 0xf4,
    0x2f, 0xfa, 0x7d, 0xf4, 0x7f, 0x80, 0xe, 0xf4,
    0x6f, 0xe8, 0xcf, 0xf4, 0x8, 0xee, 0x8b, 0xf4,

    /* U+00E2 "â" */
    0x0, 0x7, 0x70, 0x0, 0x0, 0x9f, 0xe9, 0x0,
    0x6, 0xf6, 0x5f, 0x60, 0x0, 0x0, 0x0, 0x0,
    0x2, 0xbe, 0xeb, 0x20, 0x1e, 0xfa, 0xbf, 0xe0,
    0x4, 0x40, 0xe, 0xf3, 0x2, 0x8b, 0xdf, 0xf4,
    0x2f, 0xfa, 0x7d, 0xf4, 0x7f, 0x80, 0xe, 0xf4,
    0x6f, 0xe8, 0xcf, 0xf4, 0x8, 0xee, 0x8b, 0xf4,

    /* U+00E3 "ã" */
    0x0, 0x46, 0x16, 0x20, 0x3, 0xfc, 0xff, 0x20,
    0x0, 0x20, 0x11, 0x0, 0x0, 0x0, 0x0, 0x0,
    0x2, 0xbe, 0xeb, 0x20, 0x1e, 0xfa, 0xbf, 0xe0,
    0x4, 0x40, 0xe, 0xf3, 0x2, 0x8b, 0xdf, 0xf4,
    0x2f, 0xfa, 0x7d, 0xf4, 0x7f, 0x80, 0xe, 0xf4,
    0x6f, 0xe8, 0xcf, 0xf4, 0x8, 0xee, 0x8b, 0xf4,

    /* U+00E4 "ä" */
    0x1, 0x71, 0x17, 0x10, 0x7, 0xf7, 0x6f, 0x80,
    0x1, 0x71, 0x17, 0x10, 0x0, 0x0, 0x0, 0x0,
    0x2, 0xbe, 0xeb, 0x20, 0x1e, 0xfa, 0xbf, 0xe0,
    0x4, 0x40, 0xe, 0xf3, 0x2, 0x8b, 0xdf, 0xf4,
    0x2f, 0xfa, 0x7d, 0xf4, 0x7f, 0x80, 0xe, 0xf4,
    0x6f, 0xe8, 0xcf, 0xf4, 0x8, 0xee, 0x8b, 0xf4,

    /* U+00E5 "å" */
    0x0, 0x4d, 0xe5, 0x0, 0x0, 0xc6, 0x5d, 0x0,
    0x0, 0x4d, 0xe5, 0x0, 0x0, 0x0, 0x0, 0x0,
    0x2, 0xbe, 0xeb, 0x20, 0x1e, 0xfa, 0xbf, 0xe0,
    0x4, 0x40, 0xe, 0xf3, 0x2, 0x8b, 0xdf, 0xf4,
    0x2f, 0xfa, 0x7d, 0xf4, 0x7f, 0x80, 0xe, 0xf4,
    0x6f, 0xe8, 0xcf, 0xf4, 0x8, 0xee, 0x8b, 0xf4,

    /* U+00E6 "æ" */
    0x2, 0xbe, 0xea, 0x5c, 0xfd, 0x70, 0x1, 0xff,
    0xaa, 0xff, 0xea, 0xdf, 0x80, 0x2, 0x20, 0x1d,
    0xf3, 0x11, 0xef, 0x10, 0x5d, 0xff, 0xff, 0xff,
    0xff, 0xf3, 0x4f, 0xd5, 0x4d, 0xf4, 0x44, 0x44,
    0x8, 0xf7, 0x0, 0xff, 0x50, 0x8, 0x70, 0x5f,
    0xea, 0xdf, 0xff, 0xac, 0xfb, 0x0, 0x8e, 0xfb,
    0x34, 0xcf, 0xe9, 0x10,

    /* U+00E7 "ç" */
    0x0, 0x9e, 0xfc, 0x40, 0xb, 0xfe, 0xbf, 0xf3,
    0x3f, 0xe1, 0x6, 0xc6, 0x6f, 0xb0, 0x0, 0x0,
    0x6f, 0xb0, 0x0, 0x0, 0x2f, 0xf2, 0x7, 0xe7,
    0xa, 0xff, 0xdf, 0xf2, 0x0, 0x7d, 0xfb, 0x30,
    0x0, 0x4, 0xd5, 0x0, 0x0, 0x0, 0x3f, 0x0,
    0x0, 0x8, 0xea, 0x0,

    /* U+00E8 "è" */
    0x0, 0x23, 0x0, 0x0, 0x0, 0x7f, 0x40, 0x0,
    0x0, 0xd, 0xb0, 0x0, 0x0, 0x0, 0x0, 0x0,
    0x0, 0x9e, 0xfc, 0x30, 0xb, 0xfc, 0xaf, 0xf2,
    0x3f, 0xc1, 0x16, 0xfa, 0x6f, 0xff, 0xff, 0xfc,
    0x6f, 0xb4, 0x44, 0x43, 0x3f, 0xe0, 0x3, 0x73,
    0xb, 0xfd, 0xae, 0xf5, 0x0, 0x9e, 0xfd, 0x50,

    /* U+00E9 "é" */
    0x0, 0x0, 0x23, 0x0, 0x0, 0x0, 0xed, 0x0,
    0x0, 0x5, 0xf3, 0x0, 0x0, 0x0, 0x0, 0x0,
    0x0, 0x9e, 0xfc, 0x30, 0xb, 0xfc, 0xaf, 0xf2,
    0x3f, 0xc1, 0x16, 0xfa, 0x6f, 0xff, 0xff, 0xfc,
    0x6f, 0xb4, 0x44, 0x43, 0x3f, 0xe0, 0x3, 0x73,
    0xb, 0xfd, 0xae, 0xf5, 0x0, 0x9e, 0xfd, 0x50,

    /* U+00EA "ê" */
    0x0, 0x6, 0x71, 0x0, 0x0, 0x6f, 0xec, 0x0,
    0x3, 0xf9, 0x3f, 0x80, 0x0, 0x0, 0x0, 0x0,
    0x0, 0x9e, 0xfc, 0x30, 0xb, 0xfc, 0xaf, 0xf2,
    0x3f, 0xc1, 0x16, 0xfa, 0x6f, 0xff, 0xff, 0xfc,
    0x6f, 0xb4, 0x44, 0x43, 0x3f, 0xe0, 0x3, 0x73,
    0xb, 0xfd, 0xae, 0xf5, 0x0, 0x9e, 0xfd, 0x50,

    /* U+00EB "ë" */
    0x0, 0x62, 0x6, 0x20, 0x4, 0xfa, 0x4f, 0xa0,
    0x0, 0x72, 0x7, 0x20, 0x0, 0x0, 0x0, 0x0,
    0x0, 0x9e, 0xfc, 0x30, 0xb, 0xfc, 0xaf, 0xf2,
    0x3f, 0xc1, 0x16, 0xfa, 0x6f, 0xff, 0xff, 0xfc,
    0x6f, 0xb4, 0x44, 0x43, 0x3f, 0xe0, 0x3, 0x73,
    0xb, 0xfd, 0xae, 0xf5, 0x0, 0x9e, 0xfd, 0x50,

    /* U+00EC "ì" */
    0x3, 0x20, 0xc, 0xf0, 0x2, 0xf6, 0x0, 0x0,
    0x2, 0xfe, 0x2, 0xfe, 0x2, 0xfe, 0x2, 0xfe,
    0x2, 0xfe, 0x2, 0xfe, 0x2, 0xfe, 0x2, 0xfe,

    /* U+00ED "í" */
    0x0, 0x33, 0x3, 0xf8, 0xa, 0xd0, 0x0, 0x0,
    0x2f, 0xe0, 0x2f, 0xe0, 0x2f, 0xe0, 0x2f, 0xe0,
    0x2f, 0xe0, 0x2f, 0xe0, 0x2f, 0xe0, 0x2f, 0xe0,

    /* U+00EE "î" */
    0x6, 0xff, 0x30, 0x6f, 0x58, 0xf3, 0x0, 0x0,
    0x0, 0x2, 0xfe, 0x0, 0x2, 0xfe, 0x0, 0x2,
    0xfe, 0x0, 0x2, 0xfe, 0x0, 0x2, 0xfe, 0x0,
    0x2, 0xfe, 0x0, 0x2, 0xfe, 0x0, 0x2, 0xfe,
    0x0,

    /* U+00EF "ï" */
    0x17, 0x1, 0x70, 0x9f, 0x58, 0xf6, 0x27, 0x2,
    0x70, 0x0, 0x0, 0x0, 0x2, 0xfe, 0x0, 0x2,
    0xfe, 0x0, 0x2, 0xfe, 0x0, 0x2, 0xfe, 0x0,
    0x2, 0xfe, 0x0, 0x2, 0xfe, 0x0, 0x2, 0xfe,
    0x0, 0x2, 0xfe, 0x0,

    /* U+00F0 "ð" */
    0x1, 0xb4, 0x3, 0x30, 0x1, 0xaf, 0xdd, 0x30,
    0x1, 0x9e, 0xfd, 0x10, 0x1, 0x71, 0x3f, 0xc0,
    0x3, 0xdf, 0xeb, 0xf4, 0xe, 0xf7, 0x5d, 0xfa,
    0x5f, 0xa0, 0x4, 0xfc, 0x6f, 0x90, 0x2, 0xfc,
    0x4f, 0xd0, 0x6, 0xf9, 0xc, 0xfd, 0xbf, 0xf2,
    0x1, 0xae, 0xfc, 0x30,

    /* U+00F1 "ñ" */
    0x0, 0x27, 0x34, 0x50, 0x0, 0xdc, 0xff, 0x60,
    0x0, 0x20, 0x2, 0x0, 0x0, 0x0, 0x0, 0x0,
    0x2f, 0xd5, 0xdf, 0xa0, 0x2f, 0xee, 0xbf, 0xf8,
    0x2f, 0xf2, 0x6, 0xfc, 0x2f, 0xe0, 0x3, 0xfd,
    0x2f, 0xe0, 0x3, 0xfd, 0x2f, 0xe0, 0x3, 0xfd,
    0x2f, 0xe0, 0x3, 0xfd, 0x2f, 0xe0, 0x3, 0xfd,

    /* U+00F2 "ò" */
    0x0, 0x23, 0x0, 0x0, 0x0, 0x6, 0xf6, 0x0,
    0x0, 0x0, 0xb, 0xd0, 0x0, 0x0, 0x0, 0x0,
    0x0, 0x0, 0x0, 0x9e, 0xfc, 0x40, 0x0, 0xbf,
    0xeb, 0xff, 0x40, 0x3f, 0xf1, 0x7, 0xfc, 0x6,
    0xfb, 0x0, 0x2f, 0xf0, 0x6f, 0xb0, 0x2, 0xff,
    0x3, 0xff, 0x10, 0x7f, 0xc0, 0xb, 0xfe, 0xbf,
    0xf4, 0x0, 0x9, 0xef, 0xc4, 0x0,

    /* U+00F3 "ó" */
    0x0, 0x0, 0x13, 0x10, 0x0, 0x0, 0xc, 0xe0,
    0x0, 0x0, 0x3, 0xf4, 0x0, 0x0, 0x0, 0x0,
    0x0, 0x0, 0x0, 0x9e, 0xfc, 0x40, 0x0, 0xbf,
    0xeb, 0xff, 0x40, 0x3f, 0xf1, 0x7, 0xfc, 0x6,
    0xfb, 0x0, 0x2f, 0xf0, 0x6f, 0xb0, 0x2, 0xff,
    0x3, 0xff, 0x10, 0x7f, 0xc0, 0xb, 0xfe, 0xbf,
    0xf4, 0x0, 0x9, 0xef, 0xc4, 0x0,

    /* U+00F4 "ô" */
    0x0, 0x5, 0x82, 0x0, 0x0, 0x5, 0xfe, 0xd0,
    0x0, 0x2, 0xfa, 0x2f, 0xa0, 0x0, 0x0, 0x0,
    0x0, 0x0, 0x0, 0x9e, 0xfc, 0x40, 0x0, 0xbf,
    0xeb, 0xff, 0x40, 0x3f, 0xf1, 0x7, 0xfc, 0x6,
    0xfb, 0x0, 0x2f, 0xf0, 0x6f, 0xb0, 0x2, 0xff,
    0x3, 0xff, 0x10, 0x7f, 0xc0, 0xb, 0xfe, 0xbf,
    0xf4, 0x0, 0x9, 0xef, 0xc4, 0x0,

    /* U+00F5 "õ" */
    0x0, 0x37, 0x34, 0x50, 0x0, 0xe, 0xcf, 0xf5,
    0x0, 0x0, 0x30, 0x1, 0x0, 0x0, 0x0, 0x0,
    0x0, 0x0, 0x0, 0x9e, 0xfc, 0x40, 0x0, 0xbf,
    0xeb, 0xff, 0x40, 0x3f, 0xf1, 0x7, 0xfc, 0x6,
    0xfb, 0x0, 0x2f, 0xf0, 0x6f, 0xb0, 0x2, 0xff,
    0x3, 0xff, 0x10, 0x7f, 0xc0, 0xb, 0xfe, 0xbf,
    0xf4, 0x0, 0x9, 0xef, 0xc4, 0x0,

    /* U+00F6 "ö" */
    0x0, 0x63, 0x6, 0x30, 0x0, 0x3f, 0xb2, 0xfc,
    0x0, 0x0, 0x73, 0x7, 0x30, 0x0, 0x0, 0x0,
    0x0, 0x0, 0x0, 0x9e, 0xfc, 0x40, 0x0, 0xbf,
    0xeb, 0xff, 0x40, 0x3f, 0xf1, 0x7, 0xfc, 0x6,
    0xfb, 0x0, 0x2f, 0xf0, 0x6f, 0xb0, 0x2, 0xff,
    0x3, 0xff, 0x10, 0x7f, 0xc0, 0xb, 0xfe, 0xbf,
    0xf4, 0x0, 0x9, 0xef, 0xc4, 0x0,

    /* U+00F7 "÷" */
    0x0, 0x2e, 0x90, 0x0, 0x0, 0x5f, 0xd0, 0x0,
    0x0, 0x5, 0x20, 0x0, 0xbf, 0xff, 0xff, 0xf3,
    0x8b, 0xbb, 0xbb, 0xb2, 0x0, 0x5, 0x20, 0x0,
    0x0, 0x5f, 0xd0, 0x0, 0x0, 0x3e, 0x90, 0x0,

    /* U+00F8 "ø" */
    0x0, 0x0, 0x0, 0x0, 0x0, 0x9, 0xef, 0xc8,
    0xc0, 0xb, 0xfe, 0xbf, 0xf6, 0x3, 0xff, 0x11,
    0xef, 0xc0, 0x6f, 0xb0, 0xd7, 0xff, 0x6, 0xfb,
    0xb7, 0x2f, 0xf0, 0x3f, 0xf9, 0x7, 0xfc, 0x0,
    0xdf, 0xeb, 0xff, 0x40, 0x3c, 0x8e, 0xfc, 0x40,
    0x0, 0x0, 0x0, 0x0, 0x0,

    /* U+00F9 "ù" */
    0x0, 0x23, 0x0, 0x0, 0x0, 0x4f, 0x70, 0x0,
    0x0, 0xa, 0xd0, 0x0, 0x0, 0x0, 0x0, 0x0,
    0x2f, 0xe0, 0x3, 0xfd, 0x2f, 0xe0, 0x3, 0xfd,
    0x2f, 0xe0, 0x3, 0xfd, 0x2f, 0xe0, 0x3, 0xfd,
    0x2f, 0xe0, 0x3, 0xfd, 0x1f, 0xf2, 0x7, 0xfd,
    0xd, 0xff, 0xdd, 0xfd, 0x2, 0xcf, 0xc3, 0xfd,

    /* U+00FA "ú" */
    0x0, 0x0, 0x13, 0x10, 0x0, 0x0, 0xbe, 0x10,
    0x0, 0x2, 0xf5, 0x0, 0x0, 0x0, 0x0, 0x0,
    0x2f, 0xe0, 0x3, 0xfd, 0x2f, 0xe0, 0x3, 0xfd,
    0x2f, 0xe0, 0x3, 0xfd, 0x2f, 0xe0, 0x3, 0xfd,
    0x2f, 0xe0, 0x3, 0xfd, 0x1f, 0xf2, 0x7, 0xfd,
    0xd, 0xff, 0xdd, 0xfd, 0x2, 0xcf, 0xc3, 0xfd,

    /* U+00FB "û" */
    0x0, 0x1d, 0xfa, 0x0, 0x1, 0xdc, 0x3f, 0x90,
    0x0, 0x0, 0x0, 0x0, 0x2f, 0xe0, 0x3, 0xfd,
    0x2f, 0xe0, 0x3, 0xfd, 0x2f, 0xe0, 0x3, 0xfd,
    0x2f, 0xe0, 0x3, 0xfd, 0x2f, 0xe0, 0x3, 0xfd,
    0x1f, 0xf2, 0x7, 0xfd, 0xd, 0xff, 0xdd, 0xfd,
    0x2, 0xcf, 0xc3, 0xfd,

    /* U+00FC "ü" */
    0x0, 0x53, 0x5, 0x30, 0x1, 0xfd, 0x1f, 0xd0,
    0x0, 0x64, 0x6, 0x40, 0x0, 0x0, 0x0, 0x0,
    0x2f, 0xe0, 0x3, 0xfd, 0x2f, 0xe0, 0x3, 0xfd,
    0x2f, 0xe0, 0x3, 0xfd, 0x2f, 0xe0, 0x3, 0xfd,
    0x2f, 0xe0, 0x3, 0xfd, 0x1f, 0xf2, 0x7, 0xfd,
    0xd, 0xff, 0xdd, 0xfd, 0x2, 0xcf, 0xc3, 0xfd,

    /* U+00FD "ý" */
    0x0, 0x0, 0x13, 0x0, 0x0, 0x0, 0xd, 0xd0,
    0x0, 0x0, 0x4, 0xf4, 0x0, 0x0, 0x0, 0x0,
    0x0, 0x0, 0x9f, 0x80, 0x1, 0xff, 0x3, 0xfd,
    0x0, 0x6f, 0xa0, 0xe, 0xf2, 0xc, 0xf4, 0x0,
    0x8f, 0x71, 0xfe, 0x0, 0x2, 0xfc, 0x6f, 0x90,
    0x0, 0xd, 0xfb, 0xf3, 0x0, 0x0, 0x7f, 0xfd,
    0x0, 0x0, 0x1, 0xff, 0x70, 0x0, 0x0, 0xf,
    0xf1, 0x0, 0x0, 0xad, 0xfa, 0x0, 0x0, 0xe,
    0xea, 0x0, 0x0, 0x0,

    /* U+00FE "þ" */
    0x2f, 0xe0, 0x0, 0x0, 0x2, 0xfe, 0x0, 0x0,
    0x0, 0x2f, 0xe0, 0x0, 0x0, 0x2, 0xfe, 0x4d,
    0xfa, 0x0, 0x2f, 0xfe, 0xbf, 0xfa, 0x2, 0xff,
    0x40, 0x3f, 0xf1, 0x2f, 0xf0, 0x0, 0xef, 0x32,
    0xff, 0x0, 0xe, 0xf3, 0x2f, 0xf4, 0x3, 0xff,
    0x12, 0xff, 0xeb, 0xff, 0xa0, 0x2f, 0xe4, 0xdf,
    0xa0, 0x2, 0xfe, 0x0, 0x0, 0x0, 0x2f, 0xe0,
    0x0, 0x0, 0x2, 0xfe, 0x0, 0x0, 0x0,

    /* U+00FF "ÿ" */
    0x0, 0x62, 0x6, 0x20, 0x0, 0x4f, 0xa3, 0xfb,
    0x0, 0x0, 0x73, 0x7, 0x30, 0x0, 0x0, 0x0,
    0x0, 0x0, 0x9f, 0x80, 0x1, 0xff, 0x3, 0xfd,
    0x0, 0x6f, 0xa0, 0xe, 0xf2, 0xc, 0xf4, 0x0,
    0x8f, 0x71, 0xfe, 0x0, 0x2, 0xfc, 0x6f, 0x90,
    0x0, 0xd, 0xfb, 0xf3, 0x0, 0x0, 0x7f, 0xfd,
    0x0, 0x0, 0x1, 0xff, 0x70, 0x0, 0x0, 0xf,
    0xf1, 0x0, 0x0, 0xad, 0xfa, 0x0, 0x0, 0xe,
    0xea, 0x0, 0x0, 0x0,

    /* U+0102 "Ă" */
    0x0, 0x4, 0x0, 0x22, 0x0, 0x0, 0x0, 0xe8,
    0x5e, 0x50, 0x0, 0x0, 0x3, 0xcd, 0x70, 0x0,
    0x0, 0x0, 0x3, 0x31, 0x0, 0x0, 0x0, 0x6,
    0xff, 0xc0, 0x0, 0x0, 0x0, 0xcf, 0xef, 0x20,
    0x0, 0x0, 0x1f, 0xe8, 0xf7, 0x0, 0x0, 0x7,
    0xfa, 0x4f, 0xd0, 0x0, 0x0, 0xcf, 0x60, 0xff,
    0x30, 0x0, 0x2f, 0xf1, 0xb, 0xf8, 0x0, 0x7,
    0xff, 0xff, 0xff, 0xe0, 0x0, 0xdf, 0xca, 0xaa,
    0xff, 0x30, 0x2f, 0xf1, 0x0, 0xb, 0xf9, 0x8,
    0xfc, 0x0, 0x0, 0x5f, 0xe0,

    /* U+0103 "ă" */
    0x3, 0xa0, 0xa, 0x30, 0x0, 0xcd, 0xdd, 0x0,
    0x0, 0x5, 0x50, 0x0, 0x0, 0x7a, 0xa7, 0x0,
    0xd, 0xfe, 0xef, 0xc0, 0x17, 0x70, 0xe, 0xf3,
    0x0, 0x57, 0xaf, 0xf4, 0x1e, 0xfd, 0xae, 0xf4,
    0x7f, 0x90, 0xd, 0xf4, 0x6f, 0xc5, 0x9f, 0xf4,
    0xb, 0xff, 0xbb, 0xf4, 0x0, 0x11, 0x0, 0x0,

    /* U+0110 "Đ" */
    0x1, 0x33, 0x32, 0x0, 0x0, 0x8, 0xff, 0xff,
    0xfa, 0x10, 0x8, 0xfd, 0x9a, 0xef, 0xd0, 0x8,
    0xf8, 0x0, 0xc, 0xf8, 0x8, 0xf8, 0x0, 0x4,
    0xfd, 0xae, 0xfe, 0xc8, 0x1, 0xff, 0x8d, 0xfd,
    0x96, 0x2, 0xff, 0x8, 0xf8, 0x0, 0x5, 0xfc,
    0x8, 0xf8, 0x0, 0x2d, 0xf6, 0x8, 0xfe, 0xcd,
    0xff, 0xb0, 0x8, 0xff, 0xff, 0xc7, 0x0,

    /* U+0111 "đ" */
    0x0, 0x0, 0x0, 0x32, 0x0, 0x0, 0x8, 0x9f,
    0xf6, 0x0, 0x1, 0xbb, 0xff, 0x90, 0x7, 0xb8,
    0x2f, 0xf0, 0xa, 0xff, 0xfd, 0xff, 0x3, 0xff,
    0x30, 0x9f, 0xf0, 0x6f, 0xc0, 0x2, 0xff, 0x6,
    0xfb, 0x0, 0x1f, 0xf0, 0x4f, 0xe0, 0x5, 0xff,
    0x0, 0xef, 0xc9, 0xef, 0xf0, 0x3, 0xdf, 0xe5,
    0xff, 0x0, 0x0, 0x10, 0x0, 0x0,

    /* U+01A0 "Ơ" */
    0x0, 0x0, 0x0, 0x0, 0x69, 0x10, 0x0, 0x3,
    0x44, 0x3b, 0xf3, 0x0, 0x5e, 0xff, 0xff, 0xfd,
    0x0, 0x5f, 0xfb, 0x9c, 0xff, 0x20, 0xe, 0xf7,
    0x0, 0xa, 0xfa, 0x3, 0xff, 0x0, 0x0, 0x2f,
    0xf0, 0x5f, 0xc0, 0x0, 0x0, 0xff, 0x14, 0xfd,
    0x0, 0x0, 0xf, 0xf1, 0x2f, 0xf0, 0x0, 0x3,
    0xfe, 0x0, 0xcf, 0x90, 0x0, 0xcf, 0x90, 0x3,
    0xff, 0xec, 0xef, 0xe1, 0x0, 0x3, 0xbf, 0xff,
    0xa1, 0x0, 0x0, 0x0, 0x1, 0x0, 0x0, 0x0,

    /* U+01A1 "ơ" */
    0x0, 0x0, 0x0, 0x15, 0x20, 0x0, 0x0, 0x3,
    0xf6, 0x0, 0x4a, 0xba, 0xbf, 0x30, 0x8f, 0xfe,
    0xff, 0x50, 0x2f, 0xf3, 0x9, 0xfb, 0x6, 0xfb,
    0x0, 0x2f, 0xf0, 0x6f, 0xb0, 0x1, 0xff, 0x4,
    0xfe, 0x0, 0x5f, 0xd0, 0xd, 0xfb, 0x8e, 0xf6,
    0x0, 0x1b, 0xff, 0xe7, 0x0, 0x0, 0x0, 0x10,
    0x0, 0x0,

    /* U+01AF "Ư" */
    0x0, 0x0, 0x0, 0x0, 0x29, 0x50, 0x33, 0x0,
    0x0, 0x27, 0xf8, 0x1f, 0xf0, 0x0, 0xc, 0xff,
    0x41, 0xff, 0x0, 0x0, 0xcf, 0x50, 0x1f, 0xf0,
    0x0, 0xc, 0xf5, 0x1, 0xff, 0x0, 0x0, 0xcf,
    0x50, 0x1f, 0xf0, 0x0, 0xc, 0xf5, 0x1, 0xff,
    0x0, 0x0, 0xcf, 0x50, 0xf, 0xf1, 0x0, 0xc,
    0xf4, 0x0, 0xef, 0x70, 0x4, 0xff, 0x20, 0x6,
    0xff, 0xcc, 0xff, 0xa0, 0x0, 0x6, 0xdf, 0xfe,
    0x80, 0x0, 0x0, 0x0, 0x11, 0x0, 0x0, 0x0,

    /* U+01B0 "ư" */
    0x0, 0x0, 0x0, 0x3, 0x50, 0x0, 0x0, 0x0,
    0xaf, 0x1a, 0x90, 0x2, 0xae, 0xe2, 0xfe, 0x0,
    0x3f, 0xe4, 0x2f, 0xe0, 0x3, 0xfd, 0x2, 0xfe,
    0x0, 0x3f, 0xd0, 0x2f, 0xe0, 0x3, 0xfd, 0x1,
    0xff, 0x10, 0x6f, 0xd0, 0xd, 0xfd, 0xbd, 0xfd,
    0x0, 0x3e, 0xfd, 0x4f, 0xd0, 0x0, 0x1, 0x0,
    0x0, 0x0,

    /* U+1EA0 "Ạ" */
    0x0, 0x0, 0x33, 0x10, 0x0, 0x0, 0x0, 0x6f,
    0xfc, 0x0, 0x0, 0x0, 0xc, 0xfe, 0xf2, 0x0,
    0x0, 0x1, 0xfe, 0x8f, 0x70, 0x0, 0x0, 0x7f,
    0xa4, 0xfd, 0x0, 0x0, 0xc, 0xf6, 0xf, 0xf3,
    0x0, 0x2, 0xff, 0x10, 0xbf, 0x80, 0x0, 0x7f,
    0xff, 0xff, 0xfe, 0x0, 0xd, 0xfc, 0xaa, 0xaf,
    0xf3, 0x2, 0xff, 0x10, 0x0, 0xbf, 0x90, 0x8f,
    0xc0, 0x0, 0x5, 0xfe, 0x0, 0x0, 0x0, 0x0,
    0x0, 0x0, 0x0, 0x0, 0x9e, 0x20, 0x0, 0x0,
    0x0, 0xb, 0xf2, 0x0, 0x0, 0x0, 0x0, 0x0,
    0x0, 0x0, 0x0,

    /* U+1EA1 "ạ" */
    0x0, 0x7a, 0xa7, 0x0, 0xd, 0xfe, 0xef, 0xc0,
    0x17, 0x70, 0xe, 0xf3, 0x0, 0x57, 0xaf, 0xf4,
    0x1e, 0xfd, 0xae, 0xf4, 0x7f, 0x90, 0xd, 0xf4,
    0x6f, 0xc5, 0x9f, 0xf4, 0xb, 0xff, 0xbb, 0xf4,
    0x0, 0x11, 0x0, 0x0, 0x0, 0xd, 0xc0, 0x0,
    0x0, 0xe, 0xe0, 0x0, 0x0, 0x0, 0x0, 0x0,

    /* U+1EA2 "Ả" */
    0x0, 0x0, 0x43, 0x0, 0x0, 0x0, 0x0, 0x1c,
    0xf5, 0x0, 0x0, 0x0, 0x0, 0x2c, 0x10, 0x0,
    0x0, 0x0, 0x3, 0x31, 0x0, 0x0, 0x0, 0x6,
    0xff, 0xc0, 0x0, 0x0, 0x0, 0xcf, 0xef, 0x20,
    0x0, 0x0, 0x1f, 0xe8, 0xf7, 0x0, 0x0, 0x7,
    0xfa, 0x4f, 0xd0, 0x0, 0x0, 0xcf, 0x60, 0xff,
    0x30, 0x0, 0x2f, 0xf1, 0xb, 0xf8, 0x0, 0x7,
    0xff, 0xff, 0xff, 0xe0, 0x0, 0xdf, 0xca, 0xaa,
    0xff, 0x30, 0x2f, 0xf1, 0x0, 0xb, 0xf9, 0x8,
    0xfc, 0x0, 0x0, 0x5f, 0xe0,

    /* U+1EA3 "ả" */
    0x0, 0x3b, 0x90, 0x0, 0x0, 0x17, 0xf1, 0x0,
    0x0, 0x3, 0x40, 0x0, 0x0, 0x7a, 0xa7, 0x0,
    0xd, 0xfe, 0xef, 0xc0, 0x17, 0x70, 0xe, 0xf3,
    0x0, 0x57, 0xaf, 0xf4, 0x1e, 0xfd, 0xae, 0xf4,
    0x7f, 0x90, 0xd, 0xf4, 0x6f, 0xc5, 0x9f, 0xf4,
    0xb, 0xff, 0xbb, 0xf4, 0x0, 0x11, 0x0, 0x0,

    /* U+1EA4 "Ấ" */
    0x0, 0x0, 0x0, 0x7, 0x40, 0x0, 0x0, 0x0,
    0x5, 0xf2, 0x0, 0x0, 0x0, 0x1, 0x33, 0x0,
    0x0, 0x0, 0x3f, 0xf9, 0x0, 0x0, 0x0, 0x2e,
    0xa3, 0xf8, 0x0, 0x0, 0x0, 0x3, 0x31, 0x0,
    0x0, 0x0, 0x6, 0xff, 0xc0, 0x0, 0x0, 0x0,
    0xcf, 0xef, 0x20, 0x0, 0x0, 0x1f, 0xe8, 0xf7,
    0x0, 0x0, 0x7, 0xfa, 0x4f, 0xd0, 0x0, 0x0,
    0xcf, 0x60, 0xff, 0x30, 0x0, 0x2f, 0xf1, 0xb,
    0xf8, 0x0, 0x7, 0xff, 0xff, 0xff, 0xe0, 0x0,
    0xdf, 0xca, 0xaa, 0xff, 0x30, 0x2f, 0xf1, 0x0,
    0xb, 0xf9, 0x8, 0xfc, 0x0, 0x0, 0x5f, 0xe0,

    /* U+1EA5 "ấ" */
    0x0, 0x0, 0x4, 0xe3, 0x0, 0x0, 0x9, 0x80,
    0x0, 0x8, 0x81, 0x0, 0x0, 0xbd, 0xcc, 0x10,
    0x4, 0x82, 0x18, 0x40, 0x0, 0x7a, 0xa7, 0x0,
    0xd, 0xfe, 0xef, 0xc0, 0x17, 0x70, 0xe, 0xf3,
    0x0, 0x57, 0xaf, 0xf4, 0x1e, 0xfd, 0xae, 0xf4,
    0x7f, 0x90, 0xd, 0xf4, 0x6f, 0xc5, 0x9f, 0xf4,
    0xb, 0xff, 0xbb, 0xf4, 0x0, 0x11, 0x0, 0x0,

    /* U+1EA6 "Ầ" */
    0x0, 0x0, 0x1, 0x72, 0x0, 0x0, 0x0, 0x0,
    0xb, 0xb0, 0x0, 0x0, 0x0, 0x1, 0x15, 0x0,
    0x0, 0x0, 0x3f, 0xf9, 0x0, 0x0, 0x0, 0x2e,
    0xa3, 0xf8, 0x0, 0x0, 0x0, 0x3, 0x31, 0x0,
    0x0, 0x0, 0x6, 0xff, 0xc0, 0x0, 0x0, 0x0,
    0xcf, 0xef, 0x20, 0x0, 0x0, 0x1f, 0xe8, 0xf7,
    0x0, 0x0, 0x7, 0xfa, 0x4f, 0xd0, 0x0, 0x0,
    0xcf, 0x60, 0xff, 0x30, 0x0, 0x2f, 0xf1, 0xb,
    0xf8, 0x0, 0x7, 0xff, 0xff, 0xff, 0xe0, 0x0,
    0xdf, 0xca, 0xaa, 0xff, 0x30, 0x2f, 0xf1, 0x0,
    0xb, 0xf9, 0x8, 0xfc, 0x0, 0x0, 0x5f, 0xe0,

    /* U+1EA7 "ầ" */
    0x0, 0x0, 0x3e, 0x40, 0x0, 0x0, 0x8, 0xa0,
    0x0, 0x8, 0x81, 0x0, 0x0, 0xbd, 0xcc, 0x10,
    0x4, 0x82, 0x18, 0x40, 0x0, 0x7a, 0xa7, 0x0,
    0xd, 0xfe, 0xef, 0xc0, 0x17, 0x70, 0xe, 0xf3,
    0x0, 0x57, 0xaf, 0xf4, 0x1e, 0xfd, 0xae, 0xf4,
    0x7f, 0x90, 0xd, 0xf4, 0x6f, 0xc5, 0x9f, 0xf4,
    0xb, 0xff, 0xbb, 0xf4, 0x0, 0x11, 0x0, 0x0,

    /* U+1EA8 "Ẩ" */
    0x0, 0x0, 0x2, 0x73, 0x0, 0x0, 0x0, 0x0,
    0x2a, 0xc0, 0x0, 0x0, 0x0, 0x1, 0x32, 0x0,
    0x0, 0x0, 0x3f, 0xf9, 0x0, 0x0, 0x0, 0x2e,
    0xa3, 0xf8, 0x0, 0x0, 0x0, 0x3, 0x31, 0x0,
    0x0, 0x0, 0x6, 0xff, 0xc0, 0x0, 0x0, 0x0,
    0xcf, 0xef, 0x20, 0x0, 0x0, 0x1f, 0xe8, 0xf7,
    0x0, 0x0, 0x7, 0xfa, 0x4f, 0xd0, 0x0, 0x0,
    0xcf, 0x60, 0xff, 0x30, 0x0, 0x2f, 0xf1, 0xb,
    0xf8, 0x0, 0x7, 0xff, 0xff, 0xff, 0xe0, 0x0,
    0xdf, 0xca, 0xaa, 0xff, 0x30, 0x2f, 0xf1, 0x0,
    0xb, 0xf9, 0x8, 0xfc, 0x0, 0x0, 0x5f, 0xe0,

    /* U+1EA9 "ẩ" */
    0x0, 0x0, 0x7e, 0x70, 0x0, 0x0, 0x9, 0x60,
    0x0, 0x8, 0x81, 0x0, 0x0, 0xbd, 0xcc, 0x10,
    0x4, 0x82, 0x18, 0x40, 0x0, 0x7a, 0xa7, 0x0,
    0xd, 0xfe, 0xef, 0xc0, 0x17, 0x70, 0xe, 0xf3,
    0x0, 0x57, 0xaf, 0xf4, 0x1e, 0xfd, 0xae, 0xf4,
    0x7f, 0x90, 0xd, 0xf4, 0x6f, 0xc5, 0x9f, 0xf4,
    0xb, 0xff, 0xbb, 0xf4, 0x0, 0x11, 0x0, 0x0,

    /* U+1EAA "Ẫ" */
    0x0, 0x2, 0x40, 0x22, 0x0, 0x0, 0x0, 0xec,
    0xee, 0x50, 0x0, 0x0, 0x4, 0x3, 0x30, 0x0,
    0x0, 0x0, 0x3f, 0xf9, 0x0, 0x0, 0x0, 0x2e,
    0xa3, 0xf8, 0x0, 0x0, 0x0, 0x3, 0x31, 0x0,
    0x0, 0x0, 0x6, 0xff, 0xc0, 0x0, 0x0, 0x0,
    0xcf, 0xef, 0x20, 0x0, 0x0, 0x1f, 0xe8, 0xf7,
    0x0, 0x0, 0x7, 0xfa, 0x4f, 0xd0, 0x0, 0x0,
    0xcf, 0x60, 0xff, 0x30, 0x0, 0x2f, 0xf1, 0xb,
    0xf8, 0x0, 0x7, 0xff, 0xff, 0xff, 0xe0, 0x0,
    0xdf, 0xca, 0xaa, 0xff, 0x30, 0x2f, 0xf1, 0x0,
    0xb, 0xf9, 0x8, 0xfc, 0x0, 0x0, 0x5f, 0xe0,

    /* U+1EAB "ẫ" */
    0x0, 0xab, 0x5a, 0x40, 0x3, 0xb5, 0xbb, 0x0,
    0x0, 0x8, 0x81, 0x0, 0x0, 0xbd, 0xcc, 0x10,
    0x4, 0x82, 0x18, 0x40, 0x0, 0x7a, 0xa7, 0x0,
    0xd, 0xfe, 0xef, 0xc0, 0x17, 0x70, 0xe, 0xf3,
    0x0, 0x57, 0xaf, 0xf4, 0x1e, 0xfd, 0xae, 0xf4,
    0x7f, 0x90, 0xd, 0xf4, 0x6f, 0xc5, 0x9f, 0xf4,
    0xb, 0xff, 0xbb, 0xf4, 0x0, 0x11, 0x0, 0x0,

    /* U+1EAC "Ậ" */
    0x0, 0x0, 0x34, 0x0, 0x0, 0x0, 0x0, 0x5f,
    0xeb, 0x0, 0x0, 0x0, 0x2c, 0x72, 0xc7, 0x0,
    0x0, 0x0, 0x3, 0x31, 0x0, 0x0, 0x0, 0x6,
    0xff, 0xc0, 0x0, 0x0, 0x0, 0xcf, 0xef, 0x20,
    0x0, 0x0, 0x1f, 0xe8, 0xf7, 0x0, 0x0, 0x7,
    0xfa, 0x4f, 0xd0, 0x0, 0x0, 0xcf, 0x60, 0xff,
    0x30, 0x0, 0x2f, 0xf1, 0xb, 0xf8, 0x0, 0x7,
    0xff, 0xff, 0xff, 0xe0, 0x0, 0xdf, 0xca, 0xaa,
    0xff, 0x30, 0x2f, 0xf1, 0x0, 0xb, 0xf9, 0x8,
    0xfc, 0x0, 0x0, 0x5f, 0xe0, 0x0, 0x0, 0x0,
    0x0, 0x0, 0x0, 0x0, 0x9, 0xe2, 0x0, 0x0,
    0x0, 0x0, 0xbf, 0x20, 0x0, 0x0, 0x0, 0x0,
    0x0, 0x0, 0x0,

    /* U+1EAD "ậ" */
    0x0, 0x1b, 0xb2, 0x0, 0x1, 0xdb, 0xbe, 0x20,
    0x3, 0x50, 0x5, 0x30, 0x0, 0x7a, 0xa7, 0x0,
    0xd, 0xfe, 0xef, 0xc0, 0x17, 0x70, 0xe, 0xf3,
    0x0, 0x57, 0xaf, 0xf4, 0x1e, 0xfd, 0xae, 0xf4,
    0x7f, 0x90, 0xd, 0xf4, 0x6f, 0xc5, 0x9f, 0xf4,
    0xb, 0xff, 0xbb, 0xf4, 0x0, 0x11, 0x0, 0x0,
    0x0, 0xd, 0xc0, 0x0, 0x0, 0xe, 0xe0, 0x0,
    0x0, 0x0, 0x0, 0x0,

    /* U+1EAE "Ắ" */
    0x0, 0x0, 0x5, 0x70, 0x0, 0x0, 0x0, 0x1,
    0xf6, 0x0, 0x0, 0x0, 0x1, 0x15, 0x0, 0x0,
    0x0, 0x0, 0xf5, 0x2d, 0x70, 0x0, 0x0, 0x5,
    0xef, 0xa0, 0x0, 0x0, 0x0, 0x3, 0x31, 0x0,
    0x0, 0x0, 0x6, 0xff, 0xc0, 0x0, 0x0, 0x0,
    0xcf, 0xef, 0x20, 0x0, 0x0, 0x1f, 0xe8, 0xf7,
    0x0, 0x0, 0x7, 0xfa, 0x4f, 0xd0, 0x0, 0x0,
    0xcf, 0x60, 0xff, 0x30, 0x0, 0x2f, 0xf1, 0xb,
    0xf8, 0x0, 0x7, 0xff, 0xff, 0xff, 0xe0, 0x0,
    0xdf, 0xca, 0xaa, 0xff, 0x30, 0x2f, 0xf1, 0x0,
    0xb, 0xf9, 0x8, 0xfc, 0x0, 0x0, 0x5f, 0xe0,

    /* U+1EAF "ắ" */
    0x0, 0x0, 0xd8, 0x0, 0x0, 0x5, 0xc0, 0x0,
    0x2, 0x70, 0x7, 0x30, 0x1, 0xea, 0xae, 0x10,
    0x0, 0x18, 0x82, 0x0, 0x0, 0x7a, 0xa7, 0x0,
    0xd, 0xfe, 0xef, 0xc0, 0x17, 0x70, 0xe, 0xf3,
    0x0, 0x57, 0xaf, 0xf4, 0x1e, 0xfd, 0xae, 0xf4,
    0x7f, 0x90, 0xd, 0xf4, 0x6f, 0xc5, 0x9f, 0xf4,
    0xb, 0xff, 0xbb, 0xf4, 0x0, 0x11, 0x0, 0x0,

    /* U+1EB0 "Ằ" */
    0x0, 0x3, 0x70, 0x0, 0x0, 0x0, 0x0, 0x1e,
    0x60, 0x0, 0x0, 0x0, 0x1, 0x34, 0x0, 0x0,
    0x0, 0x1, 0xf5, 0x2d, 0x60, 0x0, 0x0, 0x5,
    0xff, 0xa0, 0x0, 0x0, 0x0, 0x3, 0x31, 0x0,
    0x0, 0x0, 0x6, 0xff, 0xc0, 0x0, 0x0, 0x0,
    0xcf, 0xef, 0x20, 0x0, 0x0, 0x1f, 0xe8, 0xf7,
    0x0, 0x0, 0x7, 0xfa, 0x4f, 0xd0, 0x0, 0x0,
    0xcf, 0x60, 0xff, 0x30, 0x0, 0x2f, 0xf1, 0xb,
    0xf8, 0x0, 0x7, 0xff, 0xff, 0xff, 0xe0, 0x0,
    0xdf, 0xca, 0xaa, 0xff, 0x30, 0x2f, 0xf1, 0x0,
    0xb, 0xf9, 0x8, 0xfc, 0x0, 0x0, 0x5f, 0xe0,

    /* U+1EB1 "ằ" */
    0x0, 0x8e, 0x0, 0x0, 0x0, 0xc, 0x60, 0x0,
    0x2, 0x70, 0x7, 0x20, 0x1, 0xea, 0xae, 0x10,
    0x0, 0x18, 0x82, 0x0, 0x0, 0x7a, 0xa7, 0x0,
    0xd, 0xfe, 0xef, 0xc0, 0x17, 0x70, 0xe, 0xf3,
    0x0, 0x57, 0xaf, 0xf4, 0x1e, 0xfd, 0xae, 0xf4,
    0x7f, 0x90, 0xd, 0xf4, 0x6f, 0xc5, 0x9f, 0xf4,
    0xb, 0xff, 0xbb, 0xf4, 0x0, 0x11, 0x0, 0x0,

    /* U+1EB2 "Ẳ" */
    0x0, 0x0, 0x76, 0x0, 0x0, 0x0, 0x0, 0x6,
    0xf3, 0x0, 0x0, 0x0, 0x1, 0x15, 0x0, 0x0,
    0x0, 0x0, 0xf5, 0x2d, 0x70, 0x0, 0x0, 0x5,
    0xef, 0xa0, 0x0, 0x0, 0x0, 0x3, 0x31, 0x0,
    0x0, 0x0, 0x6, 0xff, 0xc0, 0x0, 0x0, 0x0,
    0xcf, 0xef, 0x20, 0x0, 0x0, 0x1f, 0xe8, 0xf7,
    0x0, 0x0, 0x7, 0xfa, 0x4f, 0xd0, 0x0, 0x0,
    0xcf, 0x60, 0xff, 0x30, 0x0, 0x2f, 0xf1, 0xb,
    0xf8, 0x0, 0x7, 0xff, 0xff, 0xff, 0xe0, 0x0,
    0xdf, 0xca, 0xaa, 0xff, 0x30, 0x2f, 0xf1, 0x0,
    0xb, 0xf9, 0x8, 0xfc, 0x0, 0x0, 0x5f, 0xe0,

    /* U+1EB3 "ẳ" */
    0x0, 0x1e, 0xc0, 0x0, 0x0, 0x3, 0xc0, 0x0,
    0x2, 0x70, 0x7, 0x30, 0x1, 0xea, 0xae, 0x10,
    0x0, 0x18, 0x82, 0x0, 0x0, 0x7a, 0xa7, 0x0,
    0xd, 0xfe, 0xef, 0xc0, 0x17, 0x70, 0xe, 0xf3,
    0x0, 0x57, 0xaf, 0xf4, 0x1e, 0xfd, 0xae, 0xf4,
    0x7f, 0x90, 0xd, 0xf4, 0x6f, 0xc5, 0x9f, 0xf4,
    0xb, 0xff, 0xbb, 0xf4, 0x0, 0x11, 0x0, 0x0,

    /* U+1EB4 "Ẵ" */
    0x0, 0x1, 0x40, 0x23, 0x0, 0x0, 0x0, 0xec,
    0xee, 0x60, 0x0, 0x0, 0x5, 0x2, 0x40, 0x0,
    0x0, 0x0, 0xf6, 0x2d, 0x60, 0x0, 0x0, 0x4,
    0xef, 0x90, 0x0, 0x0, 0x0, 0x3, 0x31, 0x0,
    0x0, 0x0, 0x6, 0xff, 0xc0, 0x0, 0x0, 0x0,
    0xcf, 0xef, 0x20, 0x0, 0x0, 0x1f, 0xe8, 0xf7,
    0x0, 0x0, 0x7, 0xfa, 0x4f, 0xd0, 0x0, 0x0,
    0xcf, 0x60, 0xff, 0x30, 0x0, 0x2f, 0xf1, 0xb,
    0xf8, 0x0, 0x7, 0xff, 0xff, 0xff, 0xe0, 0x0,
    0xdf, 0xca, 0xaa, 0xff, 0x30, 0x2f, 0xf1, 0x0,
    0xb, 0xf9, 0x8, 0xfc, 0x0, 0x0, 0x5f, 0xe0,

    /* U+1EB5 "ẵ" */
    0x0, 0x9b, 0x5a, 0x50, 0x2, 0xc5, 0xbb, 0x10,
    0x2, 0x80, 0x7, 0x20, 0x1, 0xeb, 0xae, 0x10,
    0x0, 0x17, 0x71, 0x0, 0x0, 0x7a, 0xa7, 0x0,
    0xd, 0xfe, 0xef, 0xc0, 0x17, 0x70, 0xe, 0xf3,
    0x0, 0x57, 0xaf, 0xf4, 0x1e, 0xfd, 0xae, 0xf4,
    0x7f, 0x90, 0xd, 0xf4, 0x6f, 0xc5, 0x9f, 0xf4,
    0xb, 0xff, 0xbb, 0xf4, 0x0, 0x11, 0x0, 0x0,

    /* U+1EB6 "Ặ" */
    0x0, 0x4, 0x0, 0x22, 0x0, 0x0, 0x0, 0xe8,
    0x5e, 0x50, 0x0, 0x0, 0x3, 0xcd, 0x70, 0x0,
    0x0, 0x0, 0x3, 0x31, 0x0, 0x0, 0x0, 0x6,
    0xff, 0xc0, 0x0, 0x0, 0x0, 0xcf, 0xef, 0x20,
    0x0, 0x0, 0x1f, 0xe8, 0xf7, 0x0, 0x0, 0x7,
    0xfa, 0x4f, 0xd0, 0x0, 0x0, 0xcf, 0x60, 0xff,
    0x30, 0x0, 0x2f, 0xf1, 0xb, 0xf8, 0x0, 0x7,
    0xff, 0xff, 0xff, 0xe0, 0x0, 0xdf, 0xca, 0xaa,
    0xff, 0x30, 0x2f, 0xf1, 0x0, 0xb, 0xf9, 0x8,
    0xfc, 0x0, 0x0, 0x5f, 0xe0, 0x0, 0x0, 0x0,
    0x0, 0x0, 0x0, 0x0, 0x9, 0xe2, 0x0, 0x0,
    0x0, 0x0, 0xbf, 0x20, 0x0, 0x0, 0x0, 0x0,
    0x0, 0x0, 0x0,

    /* U+1EB7 "ặ" */
    0x3, 0xa0, 0xa, 0x30, 0x0, 0xcd, 0xdd, 0x0,
    0x0, 0x5, 0x50, 0x0, 0x0, 0x7a, 0xa7, 0x0,
    0xd, 0xfe, 0xef, 0xc0, 0x17, 0x70, 0xe, 0xf3,
    0x0, 0x57, 0xaf, 0xf4, 0x1e, 0xfd, 0xae, 0xf4,
    0x7f, 0x90, 0xd, 0xf4, 0x6f, 0xc5, 0x9f, 0xf4,
    0xb, 0xff, 0xbb, 0xf4, 0x0, 0x11, 0x0, 0x0,
    0x0, 0xd, 0xc0, 0x0, 0x0, 0xe, 0xe0, 0x0,
    0x0, 0x0, 0x0, 0x0,

    /* U+1EB8 "Ẹ" */
    0x3, 0x33, 0x33, 0x32, 0x1f, 0xff, 0xff, 0xfb,
    0x1f, 0xf8, 0x88, 0x86, 0x1f, 0xf0, 0x0, 0x0,
    0x1f, 0xf0, 0x0, 0x0, 0x1f, 0xff, 0xff, 0xf6,
    0x1f, 0xfb, 0xbb, 0xb4, 0x1f, 0xf0, 0x0, 0x0,
    0x1f, 0xf0, 0x0, 0x0, 0x1f, 0xfb, 0xbb, 0xb8,
    0x1f, 0xff, 0xff, 0xfc, 0x0, 0x0, 0x0, 0x0,
    0x0, 0x8, 0xf4, 0x0, 0x0, 0x9, 0xf4, 0x0,
    0x0, 0x0, 0x0, 0x0,

    /* U+1EB9 "ẹ" */
    0x0, 0x4a, 0xa7, 0x0, 0x8, 0xff, 0xef, 0xd0,
    0x2f, 0xe1, 0x8, 0xf8, 0x6f, 0xd9, 0x9a, 0xfc,
    0x6f, 0xeb, 0xbb, 0xb9, 0x4f, 0xc0, 0x1, 0x20,
    0xd, 0xfa, 0x6c, 0xf7, 0x1, 0xbf, 0xff, 0x80,
    0x0, 0x0, 0x20, 0x0, 0x0, 0xa, 0xe2, 0x0,
    0x0, 0xb, 0xf2, 0x0, 0x0, 0x0, 0x0, 0x0,

    /* U+1EBA "Ẻ" */
    0x0, 0x4, 0x30, 0x0, 0x0, 0xb, 0xf7, 0x0,
    0x0, 0x1, 0xd2, 0x0, 0x3, 0x33, 0x33, 0x32,
    0x1f, 0xff, 0xff, 0xfb, 0x1f, 0xf8, 0x88, 0x86,
    0x1f, 0xf0, 0x0, 0x0, 0x1f, 0xf0, 0x0, 0x0,
    0x1f, 0xff, 0xff, 0xf6, 0x1f, 0xfb, 0xbb, 0xb4,
    0x1f, 0xf0, 0x0, 0x0, 0x1f, 0xf0, 0x0, 0x0,
    0x1f, 0xfb, 0xbb, 0xb8, 0x1f, 0xff, 0xff, 0xfc,

    /* U+1EBB "ẻ" */
    0x0, 0x1b, 0xa1, 0x0, 0x0, 0x5, 0xf4, 0x0,
    0x0, 0x2, 0x50, 0x0, 0x0, 0x4a, 0xa7, 0x0,
    0x8, 0xff, 0xef, 0xd0, 0x2f, 0xe1, 0x8, 0xf8,
    0x6f, 0xd9, 0x9a, 0xfc, 0x6f, 0xeb, 0xbb, 0xb9,
    0x4f, 0xc0, 0x1, 0x20, 0xd, 0xfa, 0x6c, 0xf7,
    0x1, 0xbf, 0xff, 0x80, 0x0, 0x0, 0x20, 0x0,

    /* U+1EBC "Ẽ" */
    0x0, 0x1, 0x0, 0x10, 0x0, 0xaf, 0xcc, 0x90,
    0x0, 0xa2, 0x79, 0x10, 0x3, 0x33, 0x33, 0x32,
    0x1f, 0xff, 0xff, 0xfb, 0x1f, 0xf8, 0x88, 0x86,
    0x1f, 0xf0, 0x0, 0x0, 0x1f, 0xf0, 0x0, 0x0,
    0x1f, 0xff, 0xff, 0xf6, 0x1f, 0xfb, 0xbb, 0xb4,
    0x1f, 0xf0, 0x0, 0x0, 0x1f, 0xf0, 0x0, 0x0,
    0x1f, 0xfb, 0xbb, 0xb8, 0x1f, 0xff, 0xff, 0xfc,

    /* U+1EBD "ẽ" */
    0x0, 0x58, 0x25, 0x40, 0x1, 0xfa, 0xff, 0x40,
    0x0, 0x20, 0x12, 0x0, 0x0, 0x4a, 0xa7, 0x0,
    0x8, 0xff, 0xef, 0xd0, 0x2f, 0xe1, 0x8, 0xf8,
    0x6f, 0xd9, 0x9a, 0xfc, 0x6f, 0xeb, 0xbb, 0xb9,
    0x4f, 0xc0, 0x1, 0x20, 0xd, 0xfa, 0x6c, 0xf7,
    0x1, 0xbf, 0xff, 0x80, 0x0, 0x0, 0x20, 0x0,

    /* U+1EBE "Ế" */
    0x0, 0x0, 0x0, 0x65, 0x0, 0x0, 0x3, 0xf3,
    0x0, 0x0, 0x13, 0x40, 0x0, 0x1e, 0xfb, 0x0,
    0x1, 0xdc, 0x2e, 0xa0, 0x3, 0x33, 0x33, 0x32,
    0x1f, 0xff, 0xff, 0xfb, 0x1f, 0xf8, 0x88, 0x86,
    0x1f, 0xf0, 0x0, 0x0, 0x1f, 0xf0, 0x0, 0x0,
    0x1f, 0xff, 0xff, 0xf6, 0x1f, 0xfb, 0xbb, 0xb4,
    0x1f, 0xf0, 0x0, 0x0, 0x1f, 0xf0, 0x0, 0x0,
    0x1f, 0xfb, 0xbb, 0xb8, 0x1f, 0xff, 0xff, 0xfc,

    /* U+1EBF "ế" */
    0x0, 0x0, 0x1, 0xe6, 0x0, 0x0, 0x7, 0xb0,
    0x0, 0x7, 0x92, 0x0, 0x0, 0x9e, 0xbe, 0x20,
    0x2, 0x83, 0x7, 0x60, 0x0, 0x4a, 0xa7, 0x0,
    0x8, 0xff, 0xef, 0xd0, 0x2f, 0xe1, 0x8, 0xf8,
    0x6f, 0xd9, 0x9a, 0xfc, 0x6f, 0xeb, 0xbb, 0xb9,
    0x4f, 0xc0, 0x1, 0x20, 0xd, 0xfa, 0x6c, 0xf7,
    0x1, 0xbf, 0xff, 0x80, 0x0, 0x0, 0x20, 0x0,

    /* U+1EC0 "Ề" */
    0x0, 0x0, 0x7, 0x30, 0x0, 0x0, 0x9, 0xd0,
    0x0, 0x0, 0x10, 0x50, 0x0, 0x1e, 0xfb, 0x0,
    0x1, 0xdc, 0x2e, 0xa0, 0x3, 0x33, 0x33, 0x32,
    0x1f, 0xff, 0xff, 0xfb, 0x1f, 0xf8, 0x88, 0x86,
    0x1f, 0xf0, 0x0, 0x0, 0x1f, 0xf0, 0x0, 0x0,
    0x1f, 0xff, 0xff, 0xf6, 0x1f, 0xfb, 0xbb, 0xb4,
    0x1f, 0xf0, 0x0, 0x0, 0x1f, 0xf0, 0x0, 0x0,
    0x1f, 0xfb, 0xbb, 0xb8, 0x1f, 0xff, 0xff, 0xfc,

    /* U+1EC1 "ề" */
    0x0, 0x0, 0x1e, 0x60, 0x0, 0x0, 0x6, 0xc0,
    0x0, 0x7, 0x92, 0x0, 0x0, 0x9e, 0xbe, 0x20,
    0x2, 0x83, 0x7, 0x60, 0x0, 0x4a, 0xa7, 0x0,
    0x8, 0xff, 0xef, 0xd0, 0x2f, 0xe1, 0x8, 0xf8,
    0x6f, 0xd9, 0x9a, 0xfc, 0x6f, 0xeb, 0xbb, 0xb9,
    0x4f, 0xc0, 0x1, 0x20, 0xd, 0xfa, 0x6c, 0xf7,
    0x1, 0xbf, 0xff, 0x80, 0x0, 0x0, 0x20, 0x0,

    /* U+1EC2 "Ể" */
    0x0, 0x0, 0x17, 0x40, 0x0, 0x0, 0x19, 0xe0,
    0x0, 0x0, 0x13, 0x30, 0x0, 0x1e, 0xfb, 0x0,
    0x1, 0xdc, 0x2e, 0xa0, 0x3, 0x33, 0x33, 0x32,
    0x1f, 0xff, 0xff, 0xfb, 0x1f, 0xf8, 0x88, 0x86,
    0x1f, 0xf0, 0x0, 0x0, 0x1f, 0xf0, 0x0, 0x0,
    0x1f, 0xff, 0xff, 0xf6, 0x1f, 0xfb, 0xbb, 0xb4,
    0x1f, 0xf0, 0x0, 0x0, 0x1f, 0xf0, 0x0, 0x0,
    0x1f, 0xfb, 0xbb, 0xb8, 0x1f, 0xff, 0xff, 0xfc,

    /* U+1EC3 "ể" */
    0x0, 0x0, 0x5e, 0x90, 0x0, 0x0, 0x7, 0x80,
    0x0, 0x7, 0x92, 0x0, 0x0, 0x9e, 0xbe, 0x20,
    0x2, 0x83, 0x7, 0x60, 0x0, 0x4a, 0xa7, 0x0,
    0x8, 0xff, 0xef, 0xd0, 0x2f, 0xe1, 0x8, 0xf8,
    0x6f, 0xd9, 0x9a, 0xfc, 0x6f, 0xeb, 0xbb, 0xb9,
    0x4f, 0xc0, 0x1, 0x20, 0xd, 0xfa, 0x6c, 0xf7,
    0x1, 0xbf, 0xff, 0x80, 0x0, 0x0, 0x20, 0x0,

    /* U+1EC4 "Ễ" */
    0x0, 0x14, 0x2, 0x30, 0x0, 0xdc, 0xee, 0x80,
    0x0, 0x41, 0x34, 0x0, 0x0, 0x1e, 0xfb, 0x0,
    0x1, 0xdc, 0x2e, 0xa0, 0x3, 0x33, 0x33, 0x32,
    0x1f, 0xff, 0xff, 0xfb, 0x1f, 0xf8, 0x88, 0x86,
    0x1f, 0xf0, 0x0, 0x0, 0x1f, 0xf0, 0x0, 0x0,
    0x1f, 0xff, 0xff, 0xf6, 0x1f, 0xfb, 0xbb, 0xb4,
    0x1f, 0xf0, 0x0, 0x0, 0x1f, 0xf0, 0x0, 0x0,
    0x1f, 0xfb, 0xbb, 0xb8, 0x1f, 0xff, 0xff, 0xfc,

    /* U+1EC5 "ễ" */
    0x0, 0x8c, 0x69, 0x60, 0x1, 0xc5, 0xac, 0x20,
    0x0, 0x7, 0x92, 0x0, 0x0, 0x9e, 0xbe, 0x20,
    0x2, 0x83, 0x7, 0x60, 0x0, 0x4a, 0xa7, 0x0,
    0x8, 0xff, 0xef, 0xd0, 0x2f, 0xe1, 0x8, 0xf8,
    0x6f, 0xd9, 0x9a, 0xfc, 0x6f, 0xeb, 0xbb, 0xb9,
    0x4f, 0xc0, 0x1, 0x20, 0xd, 0xfa, 0x6c, 0xf7,
    0x1, 0xbf, 0xff, 0x80, 0x0, 0x0, 0x20, 0x0,

    /* U+1EC6 "Ệ" */
    0x0, 0x2, 0x41, 0x0, 0x0, 0x3f, 0xed, 0x10,
    0x1, 0xb8, 0x1b, 0x90, 0x3, 0x33, 0x33, 0x32,
    0x1f, 0xff, 0xff, 0xfb, 0x1f, 0xf8, 0x88, 0x86,
    0x1f, 0xf0, 0x0, 0x0, 0x1f, 0xf0, 0x0, 0x0,
    0x1f, 0xff, 0xff, 0xf6, 0x1f, 0xfb, 0xbb, 0xb4,
    0x1f, 0xf0, 0x0, 0x0, 0x1f, 0xf0, 0x0, 0x0,
    0x1f, 0xfb, 0xbb, 0xb8, 0x1f, 0xff, 0xff, 0xfc,
    0x0, 0x0, 0x0, 0x0, 0x0, 0x8, 0xf4, 0x0,
    0x0, 0x9, 0xf4, 0x0, 0x0, 0x0, 0x0, 0x0,

    /* U+1EC7 "ệ" */
    0x0, 0xa, 0xb3, 0x0, 0x0, 0xcd, 0x9f, 0x30,
    0x2, 0x51, 0x5, 0x40, 0x0, 0x4a, 0xa7, 0x0,
    0x8, 0xff, 0xef, 0xd0, 0x2f, 0xe1, 0x8, 0xf8,
    0x6f, 0xd9, 0x9a, 0xfc, 0x6f, 0xeb, 0xbb, 0xb9,
    0x4f, 0xc0, 0x1, 0x20, 0xd, 0xfa, 0x6c, 0xf7,
    0x1, 0xbf, 0xff, 0x80, 0x0, 0x0, 0x20, 0x0,
    0x0, 0xa, 0xe2, 0x0, 0x0, 0xb, 0xf2, 0x0,
    0x0, 0x0, 0x0, 0x0,

    /* U+1EC8 "Ỉ" */
    0x14, 0x20, 0x4c, 0xf1, 0x6, 0xb0, 0x3, 0x30,
    0x1f, 0xf0, 0x1f, 0xf0, 0x1f, 0xf0, 0x1f, 0xf0,
    0x1f, 0xf0, 0x1f, 0xf0, 0x1f, 0xf0, 0x1f, 0xf0,
    0x1f, 0xf0, 0x1f, 0xf0,

    /* U+1EC9 "ỉ" */
    0x4b, 0x80, 0x29, 0xf0, 0x4, 0x30, 0x1a, 0x90,
    0x2f, 0xe0, 0x2f, 0xe0, 0x2f, 0xe0, 0x2f, 0xe0,
    0x2f, 0xe0, 0x2f, 0xe0, 0x2f, 0xe0,

    /* U+1ECA "Ị" */
    0x3, 0x30, 0x1f, 0xf0, 0x1f, 0xf0, 0x1f, 0xf0,
    0x1f, 0xf0, 0x1f, 0xf0, 0x1f, 0xf0, 0x1f, 0xf0,
    0x1f, 0xf0, 0x1f, 0xf0, 0x1f, 0xf0, 0x0, 0x0,
    0xd, 0xc0, 0xe, 0xe0, 0x0, 0x0,

    /* U+1ECB "ị" */
    0x9, 0x70, 0x2f, 0xf0, 0x3, 0x20, 0x1a, 0x90,
    0x2f, 0xe0, 0x2f, 0xe0, 0x2f, 0xe0, 0x2f, 0xe0,
    0x2f, 0xe0, 0x2f, 0xe0, 0x2f, 0xe0, 0x0, 0x0,
    0x1d, 0xc0, 0x1e, 0xd0, 0x0, 0x0,

    /* U+1ECC "Ọ" */
    0x0, 0x0, 0x34, 0x20, 0x0, 0x0, 0x5, 0xef,
    0xff, 0xd3, 0x0, 0x5, 0xff, 0xb9, 0xcf, 0xf2,
    0x0, 0xef, 0x70, 0x0, 0xaf, 0xa0, 0x3f, 0xf0,
    0x0, 0x2, 0xff, 0x5, 0xfc, 0x0, 0x0, 0xf,
    0xf1, 0x4f, 0xd0, 0x0, 0x0, 0xff, 0x12, 0xff,
    0x0, 0x0, 0x3f, 0xe0, 0xc, 0xf9, 0x0, 0xc,
    0xf9, 0x0, 0x3f, 0xfe, 0xce, 0xfe, 0x10, 0x0,
    0x3b, 0xff, 0xfa, 0x10, 0x0, 0x0, 0x0, 0x10,
    0x0, 0x0, 0x0, 0x0, 0x7f, 0x40, 0x0, 0x0,
    0x0, 0x8, 0xf5, 0x0, 0x0, 0x0, 0x0, 0x0,
    0x0, 0x0, 0x0,

    /* U+1ECD "ọ" */
    0x0, 0x4a, 0xb8, 0x10, 0x0, 0x8f, 0xfe, 0xfe,
    0x20, 0x2f, 0xf3, 0x9, 0xfb, 0x6, 0xfb, 0x0,
    0x2f, 0xf0, 0x6f, 0xb0, 0x1, 0xff, 0x4, 0xfe,
    0x0, 0x5f, 0xd0, 0xd, 0xfb, 0x8e, 0xf6, 0x0,
    0x1b, 0xff, 0xe7, 0x0, 0x0, 0x0, 0x10, 0x0,
    0x0, 0x0, 0x8e, 0x30, 0x0, 0x0, 0xa, 0xf4,
    0x0, 0x0, 0x0, 0x0, 0x0, 0x0,

    /* U+1ECE "Ỏ" */
    0x0, 0x0, 0x43, 0x0, 0x0, 0x0, 0x0, 0xb,
    0xf8, 0x0, 0x0, 0x0, 0x0, 0x1c, 0x30, 0x0,
    0x0, 0x0, 0x3, 0x42, 0x0, 0x0, 0x0, 0x5e,
    0xff, 0xfd, 0x30, 0x0, 0x5f, 0xfb, 0x9c, 0xff,
    0x20, 0xe, 0xf7, 0x0, 0xa, 0xfa, 0x3, 0xff,
    0x0, 0x0, 0x2f, 0xf0, 0x5f, 0xc0, 0x0, 0x0,
    0xff, 0x14, 0xfd, 0x0, 0x0, 0xf, 0xf1, 0x2f,
    0xf0, 0x0, 0x3, 0xfe, 0x0, 0xcf, 0x90, 0x0,
    0xcf, 0x90, 0x3, 0xff, 0xec, 0xef, 0xe1, 0x0,
    0x3, 0xbf, 0xff, 0xa1, 0x0, 0x0, 0x0, 0x1,
    0x0, 0x0, 0x0,

    /* U+1ECF "ỏ" */
    0x0, 0xb, 0xa2, 0x0, 0x0, 0x0, 0x5f, 0x50,
    0x0, 0x0, 0x1, 0x50, 0x0, 0x0, 0x4, 0xab,
    0x81, 0x0, 0x8, 0xff, 0xef, 0xe2, 0x2, 0xff,
    0x30, 0x9f, 0xb0, 0x6f, 0xb0, 0x2, 0xff, 0x6,
    0xfb, 0x0, 0x1f, 0xf0, 0x4f, 0xe0, 0x5, 0xfd,
    0x0, 0xdf, 0xb8, 0xef, 0x60, 0x1, 0xbf, 0xfe,
    0x70, 0x0, 0x0, 0x1, 0x0, 0x0,

    /* U+1ED0 "Ố" */
    0x0, 0x0, 0x0, 0x6, 0x60, 0x0, 0x0, 0x0,
    0x2, 0xf4, 0x0, 0x0, 0x0, 0x1, 0x34, 0x0,
    0x0, 0x0, 0x1d, 0xfb, 0x0, 0x0, 0x0, 0x1d,
    0xc2, 0xeb, 0x0, 0x0, 0x0, 0x3, 0x42, 0x0,
    0x0, 0x0, 0x5e, 0xff, 0xfd, 0x30, 0x0, 0x5f,
    0xfb, 0x9c, 0xff, 0x20, 0xe, 0xf7, 0x0, 0xa,
    0xfa, 0x3, 0xff, 0x0, 0x0, 0x2f, 0xf0, 0x5f,
    0xc0, 0x0, 0x0, 0xff, 0x14, 0xfd, 0x0, 0x0,
    0xf, 0xf1, 0x2f, 0xf0, 0x0, 0x3, 0xfe, 0x0,
    0xcf, 0x90, 0x0, 0xcf, 0x90, 0x3, 0xff, 0xec,
    0xef, 0xe1, 0x0, 0x3, 0xbf, 0xff, 0xa1, 0x0,
    0x0, 0x0, 0x1, 0x0, 0x0, 0x0,

    /* U+1ED1 "ố" */
    0x0, 0x0, 0x0, 0xe7, 0x0, 0x0, 0x0, 0x6c,
    0x0, 0x0, 0x6, 0x93, 0x0, 0x0, 0x8, 0xfa,
    0xe3, 0x0, 0x2, 0x84, 0x7, 0x70, 0x0, 0x4,
    0xab, 0x81, 0x0, 0x8, 0xff, 0xef, 0xe2, 0x2,
    0xff, 0x30, 0x9f, 0xb0, 0x6f, 0xb0, 0x2, 0xff,
    0x6, 0xfb, 0x0, 0x1f, 0xf0, 0x4f, 0xe0, 0x5,
    0xfd, 0x0, 0xdf, 0xb8, 0xef, 0x60, 0x1, 0xbf,
    0xfe, 0x70, 0x0, 0x0, 0x1, 0x0, 0x0,

    /* U+1ED2 "Ồ" */
    0x0, 0x0, 0x0, 0x74, 0x0, 0x0, 0x0, 0x0,
    0x8, 0xe0, 0x0, 0x0, 0x0, 0x1, 0x5, 0x10,
    0x0, 0x0, 0x1d, 0xfb, 0x0, 0x0, 0x0, 0x1d,
    0xc2, 0xeb, 0x0, 0x0, 0x0, 0x3, 0x42, 0x0,
    0x0, 0x0, 0x5e, 0xff, 0xfd, 0x30, 0x0, 0x5f,
    0xfb, 0x9c, 0xff, 0x20, 0xe, 0xf7, 0x0, 0xa,
    0xfa, 0x3, 0xff, 0x0, 0x0, 0x2f, 0xf0, 0x5f,
    0xc0, 0x0, 0x0, 0xff, 0x14, 0xfd, 0x0, 0x0,
    0xf, 0xf1, 0x2f, 0xf0, 0x0, 0x3, 0xfe, 0x0,
    0xcf, 0x90, 0x0, 0xcf, 0x90, 0x3, 0xff, 0xec,
    0xef, 0xe1, 0x0, 0x3, 0xbf, 0xff, 0xa1, 0x0,
    0x0, 0x0, 0x1, 0x0, 0x0, 0x0,

    /* U+1ED3 "ồ" */
    0x0, 0x0, 0x1d, 0x80, 0x0, 0x0, 0x0, 0x5d,
    0x0, 0x0, 0x6, 0x93, 0x0, 0x0, 0x8, 0xfa,
    0xe3, 0x0, 0x2, 0x84, 0x7, 0x70, 0x0, 0x4,
    0xab, 0x81, 0x0, 0x8, 0xff, 0xef, 0xe2, 0x2,
    0xff, 0x30, 0x9f, 0xb0, 0x6f, 0xb0, 0x2, 0xff,
    0x6, 0xfb, 0x0, 0x1f, 0xf0, 0x4f, 0xe0, 0x5,
    0xfd, 0x0, 0xdf, 0xb8, 0xef, 0x60, 0x1, 0xbf,
    0xfe, 0x70, 0x0, 0x0, 0x1, 0x0, 0x0,

    /* U+1ED4 "Ổ" */
    0x0, 0x0, 0x1, 0x75, 0x0, 0x0, 0x0, 0x0,
    0x8, 0xf0, 0x0, 0x0, 0x0, 0x1, 0x23, 0x0,
    0x0, 0x0, 0x1d, 0xfb, 0x0, 0x0, 0x0, 0x1d,
    0xc2, 0xeb, 0x0, 0x0, 0x0, 0x3, 0x42, 0x0,
    0x0, 0x0, 0x5e, 0xff, 0xfd, 0x30, 0x0, 0x5f,
    0xfb, 0x9c, 0xff, 0x20, 0xe, 0xf7, 0x0, 0xa,
    0xfa, 0x3, 0xff, 0x0, 0x0, 0x2f, 0xf0, 0x5f,
    0xc0, 0x0, 0x0, 0xff, 0x14, 0xfd, 0x0, 0x0,
    0xf, 0xf1, 0x2f, 0xf0, 0x0, 0x3, 0xfe, 0x0,
    0xcf, 0x90, 0x0, 0xcf, 0x90, 0x3, 0xff, 0xec,
    0xef, 0xe1, 0x0, 0x3, 0xbf, 0xff, 0xa1, 0x0,
    0x0, 0x0, 0x1, 0x0, 0x0, 0x0,

    /* U+1ED5 "ổ" */
    0x0, 0x0, 0x3e, 0xb0, 0x0, 0x0, 0x0, 0x5a,
    0x0, 0x0, 0x6, 0x93, 0x0, 0x0, 0x8, 0xfa,
    0xe3, 0x0, 0x2, 0x84, 0x7, 0x70, 0x0, 0x4,
    0xab, 0x81, 0x0, 0x8, 0xff, 0xef, 0xe2, 0x2,
    0xff, 0x30, 0x9f, 0xb0, 0x6f, 0xb0, 0x2, 0xff,
    0x6, 0xfb, 0x0, 0x1f, 0xf0, 0x4f, 0xe0, 0x5,
    0xfd, 0x0, 0xdf, 0xb8, 0xef, 0x60, 0x1, 0xbf,
    0xfe, 0x70, 0x0, 0x0, 0x1, 0x0, 0x0,

    /* U+1ED6 "Ỗ" */
    0x0, 0x1, 0x41, 0x13, 0x0, 0x0, 0x0, 0xcc,
    0xed, 0x80, 0x0, 0x0, 0x4, 0x12, 0x40, 0x0,
    0x0, 0x0, 0x1d, 0xfb, 0x0, 0x0, 0x0, 0x1d,
    0xc2, 0xeb, 0x0, 0x0, 0x0, 0x3, 0x42, 0x0,
    0x0, 0x0, 0x5e, 0xff, 0xfd, 0x30, 0x0, 0x5f,
    0xfb, 0x9c, 0xff, 0x20, 0xe, 0xf7, 0x0, 0xa,
    0xfa, 0x3, 0xff, 0x0, 0x0, 0x2f, 0xf0, 0x5f,
    0xc0, 0x0, 0x0, 0xff, 0x14, 0xfd, 0x0, 0x0,
    0xf, 0xf1, 0x2f, 0xf0, 0x0, 0x3, 0xfe, 0x0,
    0xcf, 0x90, 0x0, 0xcf, 0x90, 0x3, 0xff, 0xec,
    0xef, 0xe1, 0x0, 0x3, 0xbf, 0xff, 0xa1, 0x0,
    0x0, 0x0, 0x1, 0x0, 0x0, 0x0,

    /* U+1ED7 "ỗ" */
    0x0, 0x7c, 0x68, 0x70, 0x0, 0xc, 0x5a, 0xc3,
    0x0, 0x0, 0x6, 0x93, 0x0, 0x0, 0x8, 0xfa,
    0xe3, 0x0, 0x2, 0x84, 0x7, 0x70, 0x0, 0x4,
    0xab, 0x81, 0x0, 0x8, 0xff, 0xef, 0xe2, 0x2,
    0xff, 0x30, 0x9f, 0xb0, 0x6f, 0xb0, 0x2, 0xff,
    0x6, 0xfb, 0x0, 0x1f, 0xf0, 0x4f, 0xe0, 0x5,
    0xfd, 0x0, 0xdf, 0xb8, 0xef, 0x60, 0x1, 0xbf,
    0xfe, 0x70, 0x0, 0x0, 0x1, 0x0, 0x0,

    /* U+1ED8 "Ộ" */
    0x0, 0x0, 0x24, 0x10, 0x0, 0x0, 0x0, 0x3f,
    0xed, 0x10, 0x0, 0x0, 0x1b, 0x90, 0xb9, 0x0,
    0x0, 0x0, 0x3, 0x42, 0x0, 0x0, 0x0, 0x5e,
    0xff, 0xfd, 0x30, 0x0, 0x5f, 0xfb, 0x9c, 0xff,
    0x20, 0xe, 0xf7, 0x0, 0xa, 0xfa, 0x3, 0xff,
    0x0, 0x0, 0x2f, 0xf0, 0x5f, 0xc0, 0x0, 0x0,
    0xff, 0x14, 0xfd, 0x0, 0x0, 0xf, 0xf1, 0x2f,
    0xf0, 0x0, 0x3, 0xfe, 0x0, 0xcf, 0x90, 0x0,
    0xcf, 0x90, 0x3, 0xff, 0xec, 0xef, 0xe1, 0x0,
    0x3, 0xbf, 0xff, 0xa1, 0x0, 0x0, 0x0, 0x1,
    0x0, 0x0, 0x0, 0x0, 0x7, 0xf4, 0x0, 0x0,
    0x0, 0x0, 0x8f, 0x50, 0x0, 0x0, 0x0, 0x0,
    0x0, 0x0, 0x0,

    /* U+1ED9 "ộ" */
    0x0, 0x9, 0xb5, 0x0, 0x0, 0xa, 0xe8, 0xf5,
    0x0, 0x1, 0x52, 0x4, 0x40, 0x0, 0x4, 0xab,
    0x81, 0x0, 0x8, 0xff, 0xef, 0xe2, 0x2, 0xff,
    0x30, 0x9f, 0xb0, 0x6f, 0xb0, 0x2, 0xff, 0x6,
    0xfb, 0x0, 0x1f, 0xf0, 0x4f, 0xe0, 0x5, 0xfd,
    0x0, 0xdf, 0xb8, 0xef, 0x60, 0x1, 0xbf, 0xfe,
    0x70, 0x0, 0x0, 0x1, 0x0, 0x0, 0x0, 0x8,
    0xe3, 0x0, 0x0, 0x0, 0xaf, 0x40, 0x0, 0x0,
    0x0, 0x0, 0x0, 0x0,

    /* U+1EDA "Ớ" */
    0x0, 0x0, 0x2, 0x41, 0x0, 0x0, 0x0, 0x0,
    0xbe, 0x10, 0x0, 0x0, 0x0, 0x2d, 0x50, 0x69,
    0x10, 0x0, 0x3, 0x44, 0x3b, 0xf3, 0x0, 0x5e,
    0xff, 0xff, 0xfd, 0x0, 0x5f, 0xfb, 0x9c, 0xff,
    0x20, 0xe, 0xf7, 0x0, 0xa, 0xfa, 0x3, 0xff,
    0x0, 0x0, 0x2f, 0xf0, 0x5f, 0xc0, 0x0, 0x0,
    0xff, 0x14, 0xfd, 0x0, 0x0, 0xf, 0xf1, 0x2f,
    0xf0, 0x0, 0x3, 0xfe, 0x0, 0xcf, 0x90, 0x0,
    0xcf, 0x90, 0x3, 0xff, 0xec, 0xef, 0xe1, 0x0,
    0x3, 0xbf, 0xff, 0xa1, 0x0, 0x0, 0x0, 0x1,
    0x0, 0x0, 0x0,

    /* U+1EDB "ớ" */
    0x0, 0x0, 0x7b, 0x10, 0x0, 0x0, 0x1f, 0x91,
    0x52, 0x0, 0x2, 0x60, 0x3f, 0x60, 0x4, 0xab,
    0xab, 0xf3, 0x8, 0xff, 0xef, 0xf5, 0x2, 0xff,
    0x30, 0x9f, 0xb0, 0x6f, 0xb0, 0x2, 0xff, 0x6,
    0xfb, 0x0, 0x1f, 0xf0, 0x4f, 0xe0, 0x5, 0xfd,
    0x0, 0xdf, 0xb8, 0xef, 0x60, 0x1, 0xbf, 0xfe,
    0x70, 0x0, 0x0, 0x1, 0x0, 0x0,

    /* U+1EDC "Ờ" */
    0x0, 0x2, 0x41, 0x0, 0x0, 0x0, 0x0, 0x3f,
    0x80, 0x0, 0x0, 0x0, 0x0, 0x7c, 0x0, 0x69,
    0x10, 0x0, 0x3, 0x44, 0x3b, 0xf3, 0x0, 0x5e,
    0xff, 0xff, 0xfd, 0x0, 0x5f, 0xfb, 0x9c, 0xff,
    0x20, 0xe, 0xf7, 0x0, 0xa, 0xfa, 0x3, 0xff,
    0x0, 0x0, 0x2f, 0xf0, 0x5f, 0xc0, 0x0, 0x0,
    0xff, 0x14, 0xfd, 0x0, 0x0, 0xf, 0xf1, 0x2f,
    0xf0, 0x0, 0x3, 0xfe, 0x0, 0xcf, 0x90, 0x0,
    0xcf, 0x90, 0x3, 0xff, 0xec, 0xef, 0xe1, 0x0,
    0x3, 0xbf, 0xff, 0xa1, 0x0, 0x0, 0x0, 0x1,
    0x0, 0x0, 0x0,

    /* U+1EDD "ờ" */
    0x0, 0x6b, 0x20, 0x0, 0x0, 0x1, 0xea, 0x1,
    0x52, 0x0, 0x3, 0x50, 0x3f, 0x60, 0x4, 0xab,
    0xab, 0xf3, 0x8, 0xff, 0xef, 0xf5, 0x2, 0xff,
    0x30, 0x9f, 0xb0, 0x6f, 0xb0, 0x2, 0xff, 0x6,
    0xfb, 0x0, 0x1f, 0xf0, 0x4f, 0xe0, 0x5, 0xfd,
    0x0, 0xdf, 0xb8, 0xef, 0x60, 0x1, 0xbf, 0xfe,
    0x70, 0x0, 0x0, 0x1, 0x0, 0x0,

    /* U+1EDE "Ở" */
    0x0, 0x0, 0x43, 0x0, 0x0, 0x0, 0x0, 0xb,
    0xf8, 0x0, 0x0, 0x0, 0x0, 0x1c, 0x30, 0x69,
    0x10, 0x0, 0x3, 0x44, 0x3b, 0xf3, 0x0, 0x5e,
    0xff, 0xff, 0xfd, 0x0, 0x5f, 0xfb, 0x9c, 0xff,
    0x20, 0xe, 0xf7, 0x0, 0xa, 0xfa, 0x3, 0xff,
    0x0, 0x0, 0x2f, 0xf0, 0x5f, 0xc0, 0x0, 0x0,
    0xff, 0x14, 0xfd, 0x0, 0x0, 0xf, 0xf1, 0x2f,
    0xf0, 0x0, 0x3, 0xfe, 0x0, 0xcf, 0x90, 0x0,
    0xcf, 0x90, 0x3, 0xff, 0xec, 0xef, 0xe1, 0x0,
    0x3, 0xbf, 0xff, 0xa1, 0x0, 0x0, 0x0, 0x1,
    0x0, 0x0, 0x0,

    /* U+1EDF "ở" */
    0x0, 0xb, 0xa2, 0x0, 0x0, 0x0, 0x5f, 0x51,
    0x52, 0x0, 0x1, 0x50, 0x3f, 0x60, 0x4, 0xab,
    0xab, 0xf3, 0x8, 0xff, 0xef, 0xf5, 0x2, 0xff,
    0x30, 0x9f, 0xb0, 0x6f, 0xb0, 0x2, 0xff, 0x6,
    0xfb, 0x0, 0x1f, 0xf0, 0x4f, 0xe0, 0x5, 0xfd,
    0x0, 0xdf, 0xb8, 0xef, 0x60, 0x1, 0xbf, 0xfe,
    0x70, 0x0, 0x0, 0x1, 0x0, 0x0,

    /* U+1EE0 "Ỡ" */
    0x0, 0x0, 0x10, 0x1, 0x0, 0x0, 0x0, 0xaf,
    0xcb, 0xa0, 0x0, 0x0, 0x9, 0x36, 0xa2, 0x69,
    0x10, 0x0, 0x3, 0x44, 0x3b, 0xf3, 0x0, 0x5e,
    0xff, 0xff, 0xfd, 0x0, 0x5f, 0xfb, 0x9c, 0xff,
    0x20, 0xe, 0xf7, 0x0, 0xa, 0xfa, 0x3, 0xff,
    0x0, 0x0, 0x2f, 0xf0, 0x5f, 0xc0, 0x0, 0x0,
    0xff, 0x14, 0xfd, 0x0, 0x0, 0xf, 0xf1, 0x2f,
    0xf0, 0x0, 0x3, 0xfe, 0x0, 0xcf, 0x90, 0x0,
    0xcf, 0x90, 0x3, 0xff, 0xec, 0xef, 0xe1, 0x0,
    0x3, 0xbf, 0xff, 0xa1, 0x0, 0x0, 0x0, 0x1,
    0x0, 0x0, 0x0,

    /* U+1EE1 "ỡ" */
    0x0, 0x6, 0x14, 0x10, 0x0, 0x8, 0xbd, 0xd1,
    0x52, 0x0, 0x0, 0x0, 0x3f, 0x60, 0x4, 0xab,
    0xab, 0xf3, 0x8, 0xff, 0xef, 0xf5, 0x2, 0xff,
    0x30, 0x9f, 0xb0, 0x6f, 0xb0, 0x2, 0xff, 0x6,
    0xfb, 0x0, 0x1f, 0xf0, 0x4f, 0xe0, 0x5, 0xfd,
    0x0, 0xdf, 0xb8, 0xef, 0x60, 0x1, 0xbf, 0xfe,
    0x70, 0x0, 0x0, 0x1, 0x0, 0x0,

    /* U+1EE2 "Ợ" */
    0x0, 0x0, 0x0, 0x0, 0x69, 0x10, 0x0, 0x3,
    0x44, 0x3b, 0xf3, 0x0, 0x5e, 0xff, 0xff, 0xfd,
    0x0, 0x5f, 0xfb, 0x9c, 0xff, 0x20, 0xe, 0xf7,
    0x0, 0xa, 0xfa, 0x3, 0xff, 0x0, 0x0, 0x2f,
    0xf0, 0x5f, 0xc0, 0x0, 0x0, 0xff, 0x14, 0xfd,
    0x0, 0x0, 0xf, 0xf1, 0x2f, 0xf0, 0x0, 0x3,
    0xfe, 0x0, 0xcf, 0x90, 0x0, 0xcf, 0x90, 0x3,
    0xff, 0xec, 0xef, 0xe1, 0x0, 0x3, 0xbf, 0xff,
    0xa1, 0x0, 0x0, 0x0, 0x1, 0x0, 0x0, 0x0,
    0x0, 0x7, 0xf4, 0x0, 0x0, 0x0, 0x0, 0x8f,
    0x50, 0x0, 0x0, 0x0, 0x0, 0x0, 0x0, 0x0,

    /* U+1EE3 "ợ" */
    0x0, 0x0, 0x0, 0x15, 0x20, 0x0, 0x0, 0x3,
    0xf6, 0x0, 0x4a, 0xba, 0xbf, 0x30, 0x8f, 0xfe,
    0xff, 0x50, 0x2f, 0xf3, 0x9, 0xfb, 0x6, 0xfb,
    0x0, 0x2f, 0xf0, 0x6f, 0xb0, 0x1, 0xff, 0x4,
    0xfe, 0x0, 0x5f, 0xd0, 0xd, 0xfb, 0x8e, 0xf6,
    0x0, 0x1b, 0xff, 0xe7, 0x0, 0x0, 0x0, 0x10,
    0x0, 0x0, 0x0, 0x8e, 0x30, 0x0, 0x0, 0xa,
    0xf4, 0x0, 0x0, 0x0, 0x0, 0x0, 0x0,

    /* U+1EE4 "Ụ" */
    0x3, 0x30, 0x0, 0x2, 0x30, 0x1f, 0xf0, 0x0,
    0xc, 0xf5, 0x1f, 0xf0, 0x0, 0xc, 0xf5, 0x1f,
    0xf0, 0x0, 0xc, 0xf5, 0x1f, 0xf0, 0x0, 0xc,
    0xf5, 0x1f, 0xf0, 0x0, 0xc, 0xf5, 0x1f, 0xf0,
    0x0, 0xc, 0xf5, 0xf, 0xf1, 0x0, 0xc, 0xf4,
    0xe, 0xf7, 0x0, 0x4f, 0xf2, 0x6, 0xff, 0xcc,
    0xff, 0xa0, 0x0, 0x6d, 0xff, 0xe8, 0x0, 0x0,
    0x0, 0x11, 0x0, 0x0, 0x0, 0x0, 0xbe, 0x10,
    0x0, 0x0, 0x0, 0xcf, 0x10, 0x0, 0x0, 0x0,
    0x0, 0x0, 0x0,

    /* U+1EE5 "ụ" */
    0x1a, 0x90, 0x2, 0xa8, 0x2f, 0xe0, 0x3, 0xfd,
    0x2f, 0xe0, 0x3, 0xfd, 0x2f, 0xe0, 0x3, 0xfd,
    0x2f, 0xe0, 0x3, 0xfd, 0x1f, 0xf1, 0x6, 0xfd,
    0xd, 0xfd, 0xbd, 0xfd, 0x3, 0xef, 0xd4, 0xfd,
    0x0, 0x1, 0x0, 0x0, 0x0, 0x6, 0xf5, 0x0,
    0x0, 0x8, 0xf5, 0x0, 0x0, 0x0, 0x0, 0x0,

    /* U+1EE6 "Ủ" */
    0x0, 0x0, 0x42, 0x0, 0x0, 0x0, 0x2, 0xcf,
    0x30, 0x0, 0x0, 0x0, 0x4c, 0x0, 0x0, 0x3,
    0x30, 0x0, 0x2, 0x30, 0x1f, 0xf0, 0x0, 0xc,
    0xf5, 0x1f, 0xf0, 0x0, 0xc, 0xf5, 0x1f, 0xf0,
    0x0, 0xc, 0xf5, 0x1f, 0xf0, 0x0, 0xc, 0xf5,
    0x1f, 0xf0, 0x0, 0xc, 0xf5, 0x1f, 0xf0, 0x0,
    0xc, 0xf5, 0xf, 0xf1, 0x0, 0xc, 0xf4, 0xe,
    0xf7, 0x0, 0x4f, 0xf2, 0x6, 0xff, 0xcc, 0xff,
    0xa0, 0x0, 0x6d, 0xff, 0xe8, 0x0, 0x0, 0x0,
    0x11, 0x0, 0x0,

    /* U+1EE7 "ủ" */
    0x0, 0xb, 0xa3, 0x0, 0x0, 0x4, 0xe7, 0x0,
    0x0, 0x1, 0x60, 0x0, 0x1a, 0x90, 0x2, 0xa8,
    0x2f, 0xe0, 0x3, 0xfd, 0x2f, 0xe0, 0x3, 0xfd,
    0x2f, 0xe0, 0x3, 0xfd, 0x2f, 0xe0, 0x3, 0xfd,
    0x1f, 0xf1, 0x6, 0xfd, 0xd, 0xfd, 0xbd, 0xfd,
    0x3, 0xef, 0xd4, 0xfd, 0x0, 0x1, 0x0, 0x0,

    /* U+1EE8 "Ứ" */
    0x0, 0x0, 0x3, 0x40, 0x0, 0x0, 0x0, 0x1,
    0xfb, 0x0, 0x0, 0x0, 0x0, 0x5d, 0x10, 0x29,
    0x50, 0x33, 0x0, 0x0, 0x27, 0xf8, 0x1f, 0xf0,
    0x0, 0xc, 0xff, 0x41, 0xff, 0x0, 0x0, 0xcf,
    0x50, 0x1f, 0xf0, 0x0, 0xc, 0xf5, 0x1, 0xff,
    0x0, 0x0, 0xcf, 0x50, 0x1f, 0xf0, 0x0, 0xc,
    0xf5, 0x1, 0xff, 0x0, 0x0, 0xcf, 0x50, 0xf,
    0xf1, 0x0, 0xc, 0xf4, 0x0, 0xef, 0x70, 0x4,
    0xff, 0x20, 0x6, 0xff, 0xcc, 0xff, 0xa0, 0x0,
    0x6, 0xdf, 0xfe, 0x80, 0x0, 0x0, 0x0, 0x11,
    0x0, 0x0, 0x0,

    /* U+1EE9 "ứ" */
    0x0, 0x0, 0x7b, 0x20, 0x0, 0x0, 0xf, 0xa0,
    0x35, 0x0, 0x1, 0x61, 0xa, 0xf1, 0xa9, 0x0,
    0x2a, 0xee, 0x2f, 0xe0, 0x3, 0xfe, 0x42, 0xfe,
    0x0, 0x3f, 0xd0, 0x2f, 0xe0, 0x3, 0xfd, 0x2,
    0xfe, 0x0, 0x3f, 0xd0, 0x1f, 0xf1, 0x6, 0xfd,
    0x0, 0xdf, 0xdb, 0xdf, 0xd0, 0x3, 0xef, 0xd4,
    0xfd, 0x0, 0x0, 0x10, 0x0, 0x0,

    /* U+1EEA "Ừ" */
    0x0, 0x4, 0x40, 0x0, 0x0, 0x0, 0x0, 0x7f,
    0x40, 0x0, 0x0, 0x0, 0x0, 0xb9, 0x0, 0x29,
    0x50, 0x33, 0x0, 0x0, 0x27, 0xf8, 0x1f, 0xf0,
    0x0, 0xc, 0xff, 0x41, 0xff, 0x0, 0x0, 0xcf,
    0x50, 0x1f, 0xf0, 0x0, 0xc, 0xf5, 0x1, 0xff,
    0x0, 0x0, 0xcf, 0x50, 0x1f, 0xf0, 0x0, 0xc,
    0xf5, 0x1, 0xff, 0x0, 0x0, 0xcf, 0x50, 0xf,
    0xf1, 0x0, 0xc, 0xf4, 0x0, 0xef, 0x70, 0x4,
    0xff, 0x20, 0x6, 0xff, 0xcc, 0xff, 0xa0, 0x0,
    0x6, 0xdf, 0xfe, 0x80, 0x0, 0x0, 0x0, 0x11,
    0x0, 0x0, 0x0,

    /* U+1EEB "ừ" */
    0x0, 0x5b, 0x30, 0x0, 0x0, 0x0, 0xeb, 0x0,
    0x35, 0x0, 0x2, 0x60, 0xa, 0xf1, 0xa9, 0x0,
    0x2a, 0xee, 0x2f, 0xe0, 0x3, 0xfe, 0x42, 0xfe,
    0x0, 0x3f, 0xd0, 0x2f, 0xe0, 0x3, 0xfd, 0x2,
    0xfe, 0x0, 0x3f, 0xd0, 0x1f, 0xf1, 0x6, 0xfd,
    0x0, 0xdf, 0xdb, 0xdf, 0xd0, 0x3, 0xef, 0xd4,
    0xfd, 0x0, 0x0, 0x10, 0x0, 0x0,

    /* U+1EEC "Ử" */
    0x0, 0x0, 0x42, 0x0, 0x0, 0x0, 0x0, 0x2c,
    0xf3, 0x0, 0x0, 0x0, 0x0, 0x4c, 0x0, 0x29,
    0x50, 0x33, 0x0, 0x0, 0x27, 0xf8, 0x1f, 0xf0,
    0x0, 0xc, 0xff, 0x41, 0xff, 0x0, 0x0, 0xcf,
    0x50, 0x1f, 0xf0, 0x0, 0xc, 0xf5, 0x1, 0xff,
    0x0, 0x0, 0xcf, 0x50, 0x1f, 0xf0, 0x0, 0xc,
    0xf5, 0x1, 0xff, 0x0, 0x0, 0xcf, 0x50, 0xf,
    0xf1, 0x0, 0xc, 0xf4, 0x0, 0xef, 0x70, 0x4,
    0xff, 0x20, 0x6, 0xff, 0xcc, 0xff, 0xa0, 0x0,
    0x6, 0xdf, 0xfe, 0x80, 0x0, 0x0, 0x0, 0x11,
    0x0, 0x0, 0x0,

    /* U+1EED "ử" */
    0x0, 0xb, 0xa3, 0x0, 0x0, 0x0, 0x4e, 0x70,
    0x35, 0x0, 0x1, 0x60, 0xa, 0xf1, 0xa9, 0x0,
    0x2a, 0xee, 0x2f, 0xe0, 0x3, 0xfe, 0x42, 0xfe,
    0x0, 0x3f, 0xd0, 0x2f, 0xe0, 0x3, 0xfd, 0x2,
    0xfe, 0x0, 0x3f, 0xd0, 0x1f, 0xf1, 0x6, 0xfd,
    0x0, 0xdf, 0xdb, 0xdf, 0xd0, 0x3, 0xef, 0xd4,
    0xfd, 0x0, 0x0, 0x10, 0x0, 0x0,

    /* U+1EEE "Ữ" */
    0x0, 0x0, 0x10, 0x10, 0x0, 0x0, 0x0, 0xdf,
    0xad, 0x60, 0x0, 0x0, 0x2a, 0x18, 0x80, 0x29,
    0x50, 0x33, 0x0, 0x0, 0x27, 0xf8, 0x1f, 0xf0,
    0x0, 0xc, 0xff, 0x41, 0xff, 0x0, 0x0, 0xcf,
    0x50, 0x1f, 0xf0, 0x0, 0xc, 0xf5, 0x1, 0xff,
    0x0, 0x0, 0xcf, 0x50, 0x1f, 0xf0, 0x0, 0xc,
    0xf5, 0x1, 0xff, 0x0, 0x0, 0xcf, 0x50, 0xf,
    0xf1, 0x0, 0xc, 0xf4, 0x0, 0xef, 0x70, 0x4,
    0xff, 0x20, 0x6, 0xff, 0xcc, 0xff, 0xa0, 0x0,
    0x6, 0xdf, 0xfe, 0x80, 0x0, 0x0, 0x0, 0x11,
    0x0, 0x0, 0x0,

    /* U+1EEF "ữ" */
    0x0, 0x38, 0x34, 0x60, 0x0, 0xe, 0xbe, 0xf7,
    0x35, 0x0, 0x20, 0x2, 0xa, 0xf1, 0xa9, 0x0,
    0x2a, 0xee, 0x2f, 0xe0, 0x3, 0xfe, 0x42, 0xfe,
    0x0, 0x3f, 0xd0, 0x2f, 0xe0, 0x3, 0xfd, 0x2,
    0xfe, 0x0, 0x3f, 0xd0, 0x1f, 0xf1, 0x6, 0xfd,
    0x0, 0xdf, 0xdb, 0xdf, 0xd0, 0x3, 0xef, 0xd4,
    0xfd, 0x0, 0x0, 0x10, 0x0, 0x0,

    /* U+1EF0 "Ự" */
    0x0, 0x0, 0x0, 0x0, 0x29, 0x50, 0x33, 0x0,
    0x0, 0x27, 0xf8, 0x1f, 0xf0, 0x0, 0xc, 0xff,
    0x41, 0xff, 0x0, 0x0, 0xcf, 0x50, 0x1f, 0xf0,
    0x0, 0xc, 0xf5, 0x1, 0xff, 0x0, 0x0, 0xcf,
    0x50, 0x1f, 0xf0, 0x0, 0xc, 0xf5, 0x1, 0xff,
    0x0, 0x0, 0xcf, 0x50, 0xf, 0xf1, 0x0, 0xc,
    0xf4, 0x0, 0xef, 0x70, 0x4, 0xff, 0x20, 0x6,
    0xff, 0xcc, 0xff, 0xa0, 0x0, 0x6, 0xdf, 0xfe,
    0x80, 0x0, 0x0, 0x0, 0x11, 0x0, 0x0, 0x0,
    0x0, 0xb, 0xe1, 0x0, 0x0, 0x0, 0x0, 0xcf,
    0x10, 0x0, 0x0, 0x0, 0x0, 0x0, 0x0, 0x0,

    /* U+1EF1 "ự" */
    0x0, 0x0, 0x0, 0x3, 0x50, 0x0, 0x0, 0x0,
    0xaf, 0x1a, 0x90, 0x2, 0xae, 0xe2, 0xfe, 0x0,
    0x3f, 0xe4, 0x2f, 0xe0, 0x3, 0xfd, 0x2, 0xfe,
    0x0, 0x3f, 0xd0, 0x2f, 0xe0, 0x3, 0xfd, 0x1,
    0xff, 0x10, 0x6f, 0xd0, 0xd, 0xfd, 0xbd, 0xfd,
    0x0, 0x3e, 0xfd, 0x4f, 0xd0, 0x0, 0x1, 0x0,
    0x0, 0x0, 0x0, 0x6f, 0x50, 0x0, 0x0, 0x8,
    0xf5, 0x0, 0x0, 0x0, 0x0, 0x0, 0x0,

    /* U+1EF2 "Ỳ" */
    0x0, 0x4, 0x40, 0x0, 0x0, 0x0, 0x7, 0xf4,
    0x0, 0x0, 0x0, 0x0, 0xb9, 0x0, 0x0, 0x13,
    0x20, 0x0, 0x1, 0x32, 0x4f, 0xf2, 0x0, 0xd,
    0xf8, 0xa, 0xfb, 0x0, 0x6f, 0xe0, 0x1, 0xff,
    0x30, 0xef, 0x50, 0x0, 0x7f, 0xc7, 0xfb, 0x0,
    0x0, 0xd, 0xfe, 0xf2, 0x0, 0x0, 0x4, 0xff,
    0x90, 0x0, 0x0, 0x0, 0xef, 0x30, 0x0, 0x0,
    0x0, 0xef, 0x30, 0x0, 0x0, 0x0, 0xef, 0x30,
    0x0, 0x0, 0x0, 0xef, 0x30, 0x0,

    /* U+1EF3 "ỳ" */
    0x0, 0x7b, 0x20, 0x0, 0x0, 0x1, 0xf9, 0x0,
    0x0, 0x0, 0x3, 0x50, 0x0, 0x6, 0xa5, 0x0,
    0xa, 0xa0, 0x5f, 0xc0, 0x5, 0xfc, 0x0, 0xff,
    0x10, 0xaf, 0x60, 0x9, 0xf6, 0xf, 0xf0, 0x0,
    0x3f, 0xb5, 0xfa, 0x0, 0x0, 0xdf, 0xaf, 0x40,
    0x0, 0x7, 0xff, 0xd0, 0x0, 0x0, 0x1f, 0xf7,
    0x0, 0x0, 0x0, 0xff, 0x20, 0x0, 0xa, 0xdf,
    0xa0, 0x0, 0x0, 0xdd, 0x90, 0x0, 0x0,

    /* U+1EF4 "Ỵ" */
    0x13, 0x20, 0x0, 0x1, 0x32, 0x4f, 0xf2, 0x0,
    0xd, 0xf8, 0xa, 0xfb, 0x0, 0x6f, 0xe0, 0x1,
    0xff, 0x30, 0xef, 0x50, 0x0, 0x7f, 0xc7, 0xfb,
    0x0, 0x0, 0xd, 0xfe, 0xf2, 0x0, 0x0, 0x4,
    0xff, 0x90, 0x0, 0x0, 0x0, 0xef, 0x30, 0x0,
    0x0, 0x0, 0xef, 0x30, 0x0, 0x0, 0x0, 0xef,
    0x30, 0x0, 0x0, 0x0, 0xef, 0x30, 0x0, 0x0,
    0x0, 0x0, 0x0, 0x0, 0x0, 0x0, 0xbe, 0x10,
    0x0, 0x0, 0x0, 0xcf, 0x20, 0x0, 0x0, 0x0,
    0x0, 0x0, 0x0,

    /* U+1EF5 "ỵ" */
    0x6a, 0x50, 0x0, 0xaa, 0x5, 0xfc, 0x0, 0x5f,
    0xc0, 0xf, 0xf1, 0xa, 0xf6, 0x0, 0x9f, 0x60,
    0xff, 0x0, 0x3, 0xfb, 0x5f, 0xa0, 0x0, 0xd,
    0xfa, 0xf4, 0x0, 0x0, 0x7f, 0xfd, 0x0, 0x0,
    0x1, 0xff, 0x70, 0x0, 0x0, 0xf, 0xf2, 0x0,
    0x0, 0xad, 0xfa, 0x5f, 0x60, 0xd, 0xd9, 0x6,
    0xf7, 0x0, 0x0, 0x0, 0x0, 0x0,

    /* U+1EF6 "Ỷ" */
    0x0, 0x0, 0x42, 0x0, 0x0, 0x0, 0x2, 0xcf,
    0x30, 0x0, 0x0, 0x0, 0x4c, 0x0, 0x0, 0x13,
    0x20, 0x0, 0x1, 0x32, 0x4f, 0xf2, 0x0, 0xd,
    0xf8, 0xa, 0xfb, 0x0, 0x6f, 0xe0, 0x1, 0xff,
    0x30, 0xef, 0x50, 0x0, 0x7f, 0xc7, 0xfb, 0x0,
    0x0, 0xd, 0xfe, 0xf2, 0x0, 0x0, 0x4, 0xff,
    0x90, 0x0, 0x0, 0x0, 0xef, 0x30, 0x0, 0x0,
    0x0, 0xef, 0x30, 0x0, 0x0, 0x0, 0xef, 0x30,
    0x0, 0x0, 0x0, 0xef, 0x30, 0x0,

    /* U+1EF7 "ỷ" */
    0x0, 0x1b, 0xa1, 0x0, 0x0, 0x0, 0x5f, 0x40,
    0x0, 0x0, 0x2, 0x50, 0x0, 0x6, 0xa5, 0x0,
    0xa, 0xa0, 0x5f, 0xc0, 0x5, 0xfc, 0x0, 0xff,
    0x10, 0xaf, 0x60, 0x9, 0xf6, 0xf, 0xf0, 0x0,
    0x3f, 0xb5, 0xfa, 0x0, 0x0, 0xdf, 0xaf, 0x40,
    0x0, 0x7, 0xff, 0xd0, 0x0, 0x0, 0x1f, 0xf7,
    0x0, 0x0, 0x0, 0xff, 0x20, 0x0, 0xa, 0xdf,
    0xa0, 0x0, 0x0, 0xdd, 0x90, 0x0, 0x0,

    /* U+1EF8 "Ỹ" */
    0x0, 0x0, 0x10, 0x10, 0x0, 0x0, 0xd, 0xfa,
    0xd6, 0x0, 0x0, 0x29, 0x18, 0x80, 0x0, 0x13,
    0x20, 0x0, 0x1, 0x32, 0x4f, 0xf2, 0x0, 0xd,
    0xf8, 0xa, 0xfb, 0x0, 0x6f, 0xe0, 0x1, 0xff,
    0x30, 0xef, 0x50, 0x0, 0x7f, 0xc7, 0xfb, 0x0,
    0x0, 0xd, 0xfe, 0xf2, 0x0, 0x0, 0x4, 0xff,
    0x90, 0x0, 0x0, 0x0, 0xef, 0x30, 0x0, 0x0,
    0x0, 0xef, 0x30, 0x0, 0x0, 0x0, 0xef, 0x30,
    0x0, 0x0, 0x0, 0xef, 0x30, 0x0,

    /* U+1EF9 "ỹ" */
    0x0, 0x48, 0x25, 0x50, 0x0, 0xf, 0xaf, 0xf4,
    0x0, 0x0, 0x20, 0x12, 0x0, 0x6, 0xa5, 0x0,
    0xa, 0xa0, 0x5f, 0xc0, 0x5, 0xfc, 0x0, 0xff,
    0x10, 0xaf, 0x60, 0x9, 0xf6, 0xf, 0xf0, 0x0,
    0x3f, 0xb5, 0xfa, 0x0, 0x0, 0xdf, 0xaf, 0x40,
    0x0, 0x7, 0xff, 0xd0, 0x0, 0x0, 0x1f, 0xf7,
    0x0, 0x0, 0x0, 0xff, 0x20, 0x0, 0xa, 0xdf,
    0xa0, 0x0, 0x0, 0xdd, 0x90, 0x0, 0x0,

    /* U+2013 "–" */
    0xbb, 0xbb, 0xbb, 0xbf, 0xff, 0xff, 0xff,

    /* U+2014 "—" */
    0xbb, 0xbb, 0xbb, 0xbb, 0xbb, 0xbb, 0xbb, 0xff,
    0xff, 0xff, 0xff, 0xff, 0xff, 0xff,

    /* U+2018 "‘" */
    0xc, 0xb0, 0xf9, 0x5f, 0x6a, 0xf4, 0x46, 0x10,

    /* U+2019 "’" */
    0x16, 0x46, 0xf8, 0x8f, 0x3a, 0xe0, 0xca, 0x0,

    /* U+201A "‚" */
    0x3, 0x62, 0xb, 0xf3, 0xd, 0xe0, 0xf, 0xa0,
    0x1f, 0x50,

    /* U+201C "“" */
    0xc, 0xb0, 0x8e, 0xf, 0x90, 0xdc, 0x5f, 0x61,
    0xfa, 0xaf, 0x46, 0xf8, 0x46, 0x13, 0x62,

    /* U+201D "”" */
    0x5f, 0xa3, 0xfb, 0x7f, 0x56, 0xf7, 0x9f, 0x18,
    0xf2, 0xcc, 0xa, 0xd0, 0x53, 0x4, 0x40,

    /* U+201E "„" */
    0x3, 0x62, 0x36, 0x30, 0xbf, 0x39, 0xf4, 0xd,
    0xe0, 0xbf, 0x0, 0xfa, 0xe, 0xb0, 0x1f, 0x50,
    0xf7, 0x0,

    /* U+2022 "•" */
    0x5, 0x72, 0x7, 0xff, 0xe2, 0xdf, 0xff, 0x7b,
    0xff, 0xf5, 0x1c, 0xf9, 0x0,

    /* U+2026 "…" */
    0x25, 0x0, 0x4, 0x40, 0x0, 0x52, 0xcf, 0x60,
    0x1f, 0xf2, 0x6, 0xfc, 0x8f, 0x30, 0xd, 0xd0,
    0x3, 0xe8,

    /* U+2032 "′" */
    0xe, 0xe0, 0xf, 0xb0, 0x1f, 0x80, 0x2f, 0x50,
    0x1, 0x0,

    /* U+2033 "″" */
    0xe, 0xe0, 0x1f, 0xc0, 0xfb, 0x2, 0xf8, 0x1f,
    0x80, 0x3f, 0x52, 0xf5, 0x5, 0xf2, 0x1, 0x0,
    0x1, 0x0,

    /* U+2039 "‹" */
    0x0, 0x2e, 0xf2, 0x0, 0xdf, 0x50, 0xb, 0xf8,
    0x0, 0x2f, 0xf1, 0x0, 0x6, 0xfc, 0x0, 0x0,
    0x9f, 0x90, 0x0, 0x9, 0xa2,

    /* U+203A "›" */
    0x2e, 0xf2, 0x0, 0x4, 0xfd, 0x10, 0x0, 0x7f,
    0xb0, 0x0, 0x1f, 0xf3, 0x0, 0xbf, 0x70, 0x8,
    0xfa, 0x0, 0x2a, 0x90, 0x0
};


/*---------------------
 *  GLYPH DESCRIPTION
 *--------------------*/

static const lv_font_fmt_txt_glyph_dsc_t glyph_dsc[] = {
    {.bitmap_index = 0, .adv_w = 0, .box_w = 0, .box_h = 0, .ofs_x = 0, .ofs_y = 0} /* id = 0 reserved */,
    {.bitmap_index = 0, .adv_w = 53, .box_w = 0, .box_h = 0, .ofs_x = 0, .ofs_y = 0},
    {.bitmap_index = 0, .adv_w = 76, .box_w = 3, .box_h = 11, .ofs_x = 1, .ofs_y = 0},
    {.bitmap_index = 17, .adv_w = 124, .box_w = 6, .box_h = 5, .ofs_x = 1, .ofs_y = 6},
    {.bitmap_index = 32, .adv_w = 145, .box_w = 9, .box_h = 11, .ofs_x = 0, .ofs_y = 0},
    {.bitmap_index = 82, .adv_w = 147, .box_w = 9, .box_h = 14, .ofs_x = 0, .ofs_y = -2},
    {.bitmap_index = 145, .adv_w = 228, .box_w = 12, .box_h = 11, .ofs_x = 1, .ofs_y = 0},
    {.bitmap_index = 211, .adv_w = 151, .box_w = 10, .box_h = 11, .ofs_x = 0, .ofs_y = 0},
    {.bitmap_index = 266, .adv_w = 76, .box_w = 3, .box_h = 5, .ofs_x = 1, .ofs_y = 6},
    {.bitmap_index = 274, .adv_w = 84, .box_w = 4, .box_h = 14, .ofs_x = 1, .ofs_y = -2},
    {.bitmap_index = 302, .adv_w = 84, .box_w = 5, .box_h = 14, .ofs_x = 0, .ofs_y = -2},
    {.bitmap_index = 337, .adv_w = 125, .box_w = 6, .box_h = 6, .ofs_x = 1, .ofs_y = 5},
    {.bitmap_index = 355, .adv_w = 152, .box_w = 8, .box_h = 8, .ofs_x = 1, .ofs_y = 0},
    {.bitmap_index = 387, .adv_w = 75, .box_w = 4, .box_h = 5, .ofs_x = 0, .ofs_y = -3},
    {.bitmap_index = 397, .adv_w = 105, .box_w = 6, .box_h = 2, .ofs_x = 0, .ofs_y = 3},
    {.bitmap_index = 403, .adv_w = 75, .box_w = 3, .box_h = 3, .ofs_x = 1, .ofs_y = 0},
    {.bitmap_index = 408, .adv_w = 87, .box_w = 6, .box_h = 13, .ofs_x = 0, .ofs_y = -2},
    {.bitmap_index = 447, .adv_w = 151, .box_w = 9, .box_h = 11, .ofs_x = 0, .ofs_y = 0},
    {.bitmap_index = 497, .adv_w = 97, .box_w = 6, .box_h = 11, .ofs_x = 0, .ofs_y = 0},
    {.bitmap_index = 530, .adv_w = 141, .box_w = 9, .box_h = 11, .ofs_x = 0, .ofs_y = 0},
    {.bitmap_index = 580, .adv_w = 145, .box_w = 9, .box_h = 11, .ofs_x = 0, .ofs_y = 0},
    {.bitmap_index = 630, .adv_w = 151, .box_w = 9, .box_h = 11, .ofs_x = 0, .ofs_y = 0},
    {.bitmap_index = 680, .adv_w = 139, .box_w = 9, .box_h = 11, .ofs_x = 0, .ofs_y = 0},
    {.bitmap_index = 730, .adv_w = 145, .box_w = 9, .box_h = 11, .ofs_x = 0, .ofs_y = 0},
    {.bitmap_index = 780, .adv_w = 130, .box_w = 8, .box_h = 11, .ofs_x = 0, .ofs_y = 0},
    {.bitmap_index = 824, .adv_w = 146, .box_w = 9, .box_h = 11, .ofs_x = 0, .ofs_y = 0},
    {.bitmap_index = 874, .adv_w = 145, .box_w = 9, .box_h = 11, .ofs_x = 0, .ofs_y = 0},
    {.bitmap_index = 924, .adv_w = 75, .box_w = 3, .box_h = 8, .ofs_x = 1, .ofs_y = 0},
    {.bitmap_index = 936, .adv_w = 77, .box_w = 4, .box_h = 11, .ofs_x = 0, .ofs_y = -3},
    {.bitmap_index = 958, .adv_w = 152, .box_w = 8, .box_h = 9, .ofs_x = 1, .ofs_y = 0},
    {.bitmap_index = 994, .adv_w = 152, .box_w = 8, .box_h = 5, .ofs_x = 1, .ofs_y = 2},
    {.bitmap_index = 1014, .adv_w = 152, .box_w = 8, .box_h = 9, .ofs_x = 1, .ofs_y = 0},
    {.bitmap_index = 1050, .adv_w = 125, .box_w = 8, .box_h = 11, .ofs_x = 0, .ofs_y = 0},
    {.bitmap_index = 1094, .adv_w = 228, .box_w = 14, .box_h = 14, .ofs_x = 0, .ofs_y = -3},
    {.bitmap_index = 1192, .adv_w = 167, .box_w = 11, .box_h = 11, .ofs_x = 0, .ofs_y = 0},
    {.bitmap_index = 1253, .adv_w = 148, .box_w = 9, .box_h = 11, .ofs_x = 0, .ofs_y = 0},
    {.bitmap_index = 1303, .adv_w = 166, .box_w = 10, .box_h = 11, .ofs_x = 0, .ofs_y = 0},
    {.bitmap_index = 1358, .adv_w = 162, .box_w = 10, .box_h = 11, .ofs_x = 0, .ofs_y = 0},
    {.bitmap_index = 1413, .adv_w = 136, .box_w = 8, .box_h = 11, .ofs_x = 0, .ofs_y = 0},
    {.bitmap_index = 1457, .adv_w = 131, .box_w = 8, .box_h = 11, .ofs_x = 0, .ofs_y = 0},
    {.bitmap_index = 1501, .adv_w = 168, .box_w = 10, .box_h = 11, .ofs_x = 0, .ofs_y = 0},
    {.bitmap_index = 1556, .adv_w = 167, .box_w = 10, .box_h = 11, .ofs_x = 0, .ofs_y = 0},
    {.bitmap_index = 1611, .adv_w = 63, .box_w = 4, .box_h = 11, .ofs_x = 0, .ofs_y = 0},
    {.bitmap_index = 1633, .adv_w = 131, .box_w = 8, .box_h = 11, .ofs_x = 0, .ofs_y = 0},
    {.bitmap_index = 1677, .adv_w = 161, .box_w = 10, .box_h = 11, .ofs_x = 0, .ofs_y = 0},
    {.bitmap_index = 1732, .adv_w = 127, .box_w = 8, .box_h = 11, .ofs_x = 0, .ofs_y = 0},
    {.bitmap_index = 1776, .adv_w = 209, .box_w = 13, .box_h = 11, .ofs_x = 0, .ofs_y = 0},
    {.bitmap_index = 1848, .adv_w = 171, .box_w = 10, .box_h = 11, .ofs_x = 0, .ofs_y = 0},
    {.bitmap_index = 1903, .adv_w = 173, .box_w = 11, .box_h = 11, .ofs_x = 0, .ofs_y = 0},
    {.bitmap_index = 1964, .adv_w = 145, .box_w = 9, .box_h = 11, .ofs_x = 0, .ofs_y = 0},
    {.bitmap_index = 2014, .adv_w = 174, .box_w = 11, .box_h = 12, .ofs_x = 0, .ofs_y = -1},
    {.bitmap_index = 2080, .adv_w = 147, .box_w = 9, .box_h = 11, .ofs_x = 0, .ofs_y = 0},
    {.bitmap_index = 2130, .adv_w = 147, .box_w = 9, .box_h = 11, .ofs_x = 0, .ofs_y = 0},
    {.bitmap_index = 2180, .adv_w = 150, .box_w = 9, .box_h = 11, .ofs_x = 0, .ofs_y = 0},
    {.bitmap_index = 2230, .adv_w = 164, .box_w = 10, .box_h = 11, .ofs_x = 0, .ofs_y = 0},
    {.bitmap_index = 2285, .adv_w = 167, .box_w = 11, .box_h = 11, .ofs_x = 0, .ofs_y = 0},
    {.bitmap_index = 2346, .adv_w = 232, .box_w = 15, .box_h = 11, .ofs_x = 0, .ofs_y = 0},
    {.bitmap_index = 2429, .adv_w = 165, .box_w = 10, .box_h = 11, .ofs_x = 0, .ofs_y = 0},
    {.bitmap_index = 2484, .adv_w = 164, .box_w = 10, .box_h = 11, .ofs_x = 0, .ofs_y = 0},
    {.bitmap_index = 2539, .adv_w = 149, .box_w = 9, .box_h = 11, .ofs_x = 0, .ofs_y = 0},
    {.bitmap_index = 2589, .adv_w = 84, .box_w = 4, .box_h = 13, .ofs_x = 1, .ofs_y = -2},
    {.bitmap_index = 2615, .adv_w = 87, .box_w = 6, .box_h = 13, .ofs_x = 0, .ofs_y = -2},
    {.bitmap_index = 2654, .adv_w = 84, .box_w = 5, .box_h = 13, .ofs_x = 0, .ofs_y = -2},
    {.bitmap_index = 2687, .adv_w = 109, .box_w = 7, .box_h = 5, .ofs_x = 0, .ofs_y = 6},
    {.bitmap_index = 2705, .adv_w = 107, .box_w = 7, .box_h = 2, .ofs_x = 0, .ofs_y = -2},
    {.bitmap_index = 2712, .adv_w = 82, .box_w = 3, .box_h = 3, .ofs_x = 1, .ofs_y = 9},
    {.bitmap_index = 2717, .adv_w = 130, .box_w = 8, .box_h = 8, .ofs_x = 0, .ofs_y = 0},
    {.bitmap_index = 2749, .adv_w = 141, .box_w = 9, .box_h = 11, .ofs_x = 0, .ofs_y = 0},
    {.bitmap_index = 2799, .adv_w = 132, .box_w = 8, .box_h = 8, .ofs_x = 0, .ofs_y = 0},
    {.bitmap_index = 2831, .adv_w = 141, .box_w = 8, .box_h = 11, .ofs_x = 0, .ofs_y = 0},
    {.bitmap_index = 2875, .adv_w = 133, .box_w = 8, .box_h = 8, .ofs_x = 0, .ofs_y = 0},
    {.bitmap_index = 2907, .adv_w = 89, .box_w = 6, .box_h = 12, .ofs_x = 0, .ofs_y = 0},
    {.bitmap_index = 2943, .adv_w = 142, .box_w = 8, .box_h = 11, .ofs_x = 0, .ofs_y = -3},
    {.bitmap_index = 2987, .adv_w = 139, .box_w = 8, .box_h = 11, .ofs_x = 0, .ofs_y = 0},
    {.bitmap_index = 3031, .adv_w = 61, .box_w = 4, .box_h = 12, .ofs_x = 0, .ofs_y = 0},
    {.bitmap_index = 3055, .adv_w = 61, .box_w = 5, .box_h = 15, .ofs_x = -1, .ofs_y = -3},
    {.bitmap_index = 3093, .adv_w = 130, .box_w = 9, .box_h = 11, .ofs_x = 0, .ofs_y = 0},
    {.bitmap_index = 3143, .adv_w = 61, .box_w = 3, .box_h = 11, .ofs_x = 0, .ofs_y = 0},
    {.bitmap_index = 3160, .adv_w = 204, .box_w = 12, .box_h = 8, .ofs_x = 0, .ofs_y = 0},
    {.bitmap_index = 3208, .adv_w = 139, .box_w = 8, .box_h = 8, .ofs_x = 0, .ofs_y = 0},
    {.bitmap_index = 3240, .adv_w = 137, .box_w = 9, .box_h = 8, .ofs_x = 0, .ofs_y = 0},
    {.bitmap_index = 3276, .adv_w = 141, .box_w = 9, .box_h = 11, .ofs_x = 0, .ofs_y = -3},
    {.bitmap_index = 3326, .adv_w = 141, .box_w = 8, .box_h = 11, .ofs_x = 0, .ofs_y = -3},
    {.bitmap_index = 3370, .adv_w = 91, .box_w = 6, .box_h = 9, .ofs_x = 0, .ofs_y = 0},
    {.bitmap_index = 3397, .adv_w = 125, .box_w = 8, .box_h = 8, .ofs_x = 0, .ofs_y = 0},
    {.bitmap_index = 3429, .adv_w = 82, .box_w = 5, .box_h = 10, .ofs_x = 0, .ofs_y = 0},
    {.bitmap_index = 3454, .adv_w = 139, .box_w = 8, .box_h = 8, .ofs_x = 0, .ofs_y = 0},
    {.bitmap_index = 3486, .adv_w = 134, .box_w = 9, .box_h = 8, .ofs_x = 0, .ofs_y = 0},
    {.bitmap_index = 3522, .adv_w = 190, .box_w = 12, .box_h = 8, .ofs_x = 0, .ofs_y = 0},
    {.bitmap_index = 3570, .adv_w = 130, .box_w = 8, .box_h = 8, .ofs_x = 0, .ofs_y = 0},
    {.bitmap_index = 3602, .adv_w = 135, .box_w = 9, .box_h = 11, .ofs_x = 0, .ofs_y = -3},
    {.bitmap_index = 3652, .adv_w = 128, .box_w = 8, .box_h = 8, .ofs_x = 0, .ofs_y = 0},
    {.bitmap_index = 3684, .adv_w = 105, .box_w = 6, .box_h = 14, .ofs_x = 0, .ofs_y = -2},
    {.bitmap_index = 3726, .adv_w = 83, .box_w = 3, .box_h = 18, .ofs_x = 1, .ofs_y = -3},
    {.bitmap_index = 3753, .adv_w = 105, .box_w = 6, .box_h = 14, .ofs_x = 0, .ofs_y = -2},
    {.bitmap_index = 3795, .adv_w = 152, .box_w = 8, .box_h = 3, .ofs_x = 1, .ofs_y = 3},
    {.bitmap_index = 3807, .adv_w = 53, .box_w = 0, .box_h = 0, .ofs_x = 0, .ofs_y = 0},
    {.bitmap_index = 3807, .adv_w = 76, .box_w = 3, .box_h = 11, .ofs_x = 1, .ofs_y = -3},
    {.bitmap_index = 3824, .adv_w = 132, .box_w = 8, .box_h = 11, .ofs_x = 0, .ofs_y = 0},
    {.bitmap_index = 3868, .adv_w = 143, .box_w = 9, .box_h = 11, .ofs_x = 0, .ofs_y = 0},
    {.bitmap_index = 3918, .adv_w = 171, .box_w = 10, .box_h = 11, .ofs_x = 0, .ofs_y = -1},
    {.bitmap_index = 3973, .adv_w = 128, .box_w = 8, .box_h = 11, .ofs_x = 0, .ofs_y = 0},
    {.bitmap_index = 4017, .adv_w = 76, .box_w = 3, .box_h = 13, .ofs_x = 1, .ofs_y = -2},
    {.bitmap_index = 4037, .adv_w = 127, .box_w = 8, .box_h = 13, .ofs_x = 0, .ofs_y = -2},
    {.bitmap_index = 4089, .adv_w = 139, .box_w = 6, .box_h = 3, .ofs_x = 1, .ofs_y = 9},
    {.bitmap_index = 4098, .adv_w = 205, .box_w = 11, .box_h = 11, .ofs_x = 1, .ofs_y = 0},
    {.bitmap_index = 4159, .adv_w = 104, .box_w = 6, .box_h = 7, .ofs_x = 0, .ofs_y = 4},
    {.bitmap_index = 4180, .adv_w = 148, .box_w = 9, .box_h = 7, .ofs_x = 0, .ofs_y = 1},
    {.bitmap_index = 4212, .adv_w = 152, .box_w = 7, .box_h = 4, .ofs_x = 1, .ofs_y = 2},
    {.bitmap_index = 4226, .adv_w = 148, .box_w = 9, .box_h = 9, .ofs_x = 0, .ofs_y = 2},
    {.bitmap_index = 4267, .adv_w = 98, .box_w = 5, .box_h = 3, .ofs_x = 1, .ofs_y = 9},
    {.bitmap_index = 4275, .adv_w = 103, .box_w = 6, .box_h = 7, .ofs_x = 0, .ofs_y = 5},
    {.bitmap_index = 4296, .adv_w = 152, .box_w = 8, .box_h = 8, .ofs_x = 1, .ofs_y = 0},
    {.bitmap_index = 4328, .adv_w = 103, .box_w = 6, .box_h = 6, .ofs_x = 0, .ofs_y = 6},
    {.bitmap_index = 4346, .adv_w = 106, .box_w = 6, .box_h = 6, .ofs_x = 0, .ofs_y = 6},
    {.bitmap_index = 4364, .adv_w = 82, .box_w = 3, .box_h = 3, .ofs_x = 1, .ofs_y = 9},
    {.bitmap_index = 4369, .adv_w = 141, .box_w = 9, .box_h = 11, .ofs_x = 0, .ofs_y = -3},
    {.bitmap_index = 4419, .adv_w = 134, .box_w = 8, .box_h = 11, .ofs_x = 0, .ofs_y = 0},
    {.bitmap_index = 4463, .adv_w = 75, .box_w = 3, .box_h = 3, .ofs_x = 1, .ofs_y = 4},
    {.bitmap_index = 4468, .adv_w = 82, .box_w = 4, .box_h = 4, .ofs_x = 1, .ofs_y = -3},
    {.bitmap_index = 4476, .adv_w = 75, .box_w = 4, .box_h = 6, .ofs_x = 0, .ofs_y = 6},
    {.bitmap_index = 4488, .adv_w = 110, .box_w = 7, .box_h = 8, .ofs_x = 0, .ofs_y = 4},
    {.bitmap_index = 4516, .adv_w = 148, .box_w = 9, .box_h = 7, .ofs_x = 0, .ofs_y = 1},
    {.bitmap_index = 4548, .adv_w = 189, .box_w = 12, .box_h = 12, .ofs_x = 0, .ofs_y = -1},
    {.bitmap_index = 4620, .adv_w = 197, .box_w = 12, .box_h = 12, .ofs_x = 0, .ofs_y = -1},
    {.bitmap_index = 4692, .adv_w = 206, .box_w = 13, .box_h = 12, .ofs_x = 0, .ofs_y = -1},
    {.bitmap_index = 4770, .adv_w = 125, .box_w = 8, .box_h = 11, .ofs_x = 0, .ofs_y = -3},
    {.bitmap_index = 4814, .adv_w = 167, .box_w = 11, .box_h = 14, .ofs_x = 0, .ofs_y = 0},
    {.bitmap_index = 4891, .adv_w = 167, .box_w = 11, .box_h = 14, .ofs_x = 0, .ofs_y = 0},
    {.bitmap_index = 4968, .adv_w = 167, .box_w = 11, .box_h = 14, .ofs_x = 0, .ofs_y = 0},
    {.bitmap_index = 5045, .adv_w = 167, .box_w = 11, .box_h = 14, .ofs_x = 0, .ofs_y = 0},
    {.bitmap_index = 5122, .adv_w = 167, .box_w = 11, .box_h = 14, .ofs_x = 0, .ofs_y = 0},
    {.bitmap_index = 5199, .adv_w = 167, .box_w = 11, .box_h = 14, .ofs_x = 0, .ofs_y = 0},
    {.bitmap_index = 5276, .adv_w = 229, .box_w = 14, .box_h = 11, .ofs_x = 0, .ofs_y = 0},
    {.bitmap_index = 5353, .adv_w = 166, .box_w = 10, .box_h = 14, .ofs_x = 0, .ofs_y = -3},
    {.bitmap_index = 5423, .adv_w = 136, .box_w = 8, .box_h = 14, .ofs_x = 0, .ofs_y = 0},
    {.bitmap_index = 5479, .adv_w = 136, .box_w = 8, .box_h = 14, .ofs_x = 0, .ofs_y = 0},
    {.bitmap_index = 5535, .adv_w = 136, .box_w = 8, .box_h = 14, .ofs_x = 0, .ofs_y = 0},
    {.bitmap_index = 5591, .adv_w = 136, .box_w = 8, .box_h = 14, .ofs_x = 0, .ofs_y = 0},
    {.bitmap_index = 5647, .adv_w = 63, .box_w = 5, .box_h = 14, .ofs_x = -1, .ofs_y = 0},
    {.bitmap_index = 5682, .adv_w = 63, .box_w = 5, .box_h = 14, .ofs_x = 0, .ofs_y = 0},
    {.bitmap_index = 5717, .adv_w = 63, .box_w = 6, .box_h = 14, .ofs_x = -1, .ofs_y = 0},
    {.bitmap_index = 5759, .adv_w = 63, .box_w = 6, .box_h = 14, .ofs_x = -1, .ofs_y = 0},
    {.bitmap_index = 5801, .adv_w = 170, .box_w = 10, .box_h = 11, .ofs_x = 0, .ofs_y = 0},
    {.bitmap_index = 5856, .adv_w = 171, .box_w = 10, .box_h = 14, .ofs_x = 0, .ofs_y = 0},
    {.bitmap_index = 5926, .adv_w = 173, .box_w = 11, .box_h = 14, .ofs_x = 0, .ofs_y = 0},
    {.bitmap_index = 6003, .adv_w = 173, .box_w = 11, .box_h = 14, .ofs_x = 0, .ofs_y = 0},
    {.bitmap_index = 6080, .adv_w = 173, .box_w = 11, .box_h = 14, .ofs_x = 0, .ofs_y = 0},
    {.bitmap_index = 6157, .adv_w = 173, .box_w = 11, .box_h = 14, .ofs_x = 0, .ofs_y = 0},
    {.bitmap_index = 6234, .adv_w = 173, .box_w = 11, .box_h = 14, .ofs_x = 0, .ofs_y = 0},
    {.bitmap_index = 6311, .adv_w = 152, .box_w = 8, .box_h = 8, .ofs_x = 1, .ofs_y = 0},
    {.bitmap_index = 6343, .adv_w = 173, .box_w = 11, .box_h = 13, .ofs_x = 0, .ofs_y = -1},
    {.bitmap_index = 6415, .adv_w = 164, .box_w = 10, .box_h = 14, .ofs_x = 0, .ofs_y = 0},
    {.bitmap_index = 6485, .adv_w = 164, .box_w = 10, .box_h = 14, .ofs_x = 0, .ofs_y = 0},
    {.bitmap_index = 6555, .adv_w = 164, .box_w = 10, .box_h = 14, .ofs_x = 0, .ofs_y = 0},
    {.bitmap_index = 6625, .adv_w = 164, .box_w = 10, .box_h = 14, .ofs_x = 0, .ofs_y = 0},
    {.bitmap_index = 6695, .adv_w = 164, .box_w = 10, .box_h = 14, .ofs_x = 0, .ofs_y = 0},
    {.bitmap_index = 6765, .adv_w = 150, .box_w = 9, .box_h = 11, .ofs_x = 0, .ofs_y = 0},
    {.bitmap_index = 6815, .adv_w = 147, .box_w = 9, .box_h = 11, .ofs_x = 0, .ofs_y = 0},
    {.bitmap_index = 6865, .adv_w = 130, .box_w = 8, .box_h = 12, .ofs_x = 0, .ofs_y = 0},
    {.bitmap_index = 6913, .adv_w = 130, .box_w = 8, .box_h = 12, .ofs_x = 0, .ofs_y = 0},
    {.bitmap_index = 6961, .adv_w = 130, .box_w = 8, .box_h = 12, .ofs_x = 0, .ofs_y = 0},
    {.bitmap_index = 7009, .adv_w = 130, .box_w = 8, .box_h = 12, .ofs_x = 0, .ofs_y = 0},
    {.bitmap_index = 7057, .adv_w = 130, .box_w = 8, .box_h = 12, .ofs_x = 0, .ofs_y = 0},
    {.bitmap_index = 7105, .adv_w = 130, .box_w = 8, .box_h = 12, .ofs_x = 0, .ofs_y = 0},
    {.bitmap_index = 7153, .adv_w = 204, .box_w = 13, .box_h = 8, .ofs_x = 0, .ofs_y = 0},
    {.bitmap_index = 7205, .adv_w = 132, .box_w = 8, .box_h = 11, .ofs_x = 0, .ofs_y = -3},
    {.bitmap_index = 7249, .adv_w = 133, .box_w = 8, .box_h = 12, .ofs_x = 0, .ofs_y = 0},
    {.bitmap_index = 7297, .adv_w = 133, .box_w = 8, .box_h = 12, .ofs_x = 0, .ofs_y = 0},
    {.bitmap_index = 7345, .adv_w = 133, .box_w = 8, .box_h = 12, .ofs_x = 0, .ofs_y = 0},
    {.bitmap_index = 7393, .adv_w = 133, .box_w = 8, .box_h = 12, .ofs_x = 0, .ofs_y = 0},
    {.bitmap_index = 7441, .adv_w = 61, .box_w = 4, .box_h = 12, .ofs_x = -1, .ofs_y = 0},
    {.bitmap_index = 7465, .adv_w = 61, .box_w = 4, .box_h = 12, .ofs_x = 0, .ofs_y = 0},
    {.bitmap_index = 7489, .adv_w = 61, .box_w = 6, .box_h = 11, .ofs_x = -1, .ofs_y = 0},
    {.bitmap_index = 7522, .adv_w = 61, .box_w = 6, .box_h = 12, .ofs_x = -1, .ofs_y = 0},
    {.bitmap_index = 7558, .adv_w = 134, .box_w = 8, .box_h = 11, .ofs_x = 0, .ofs_y = 0},
    {.bitmap_index = 7602, .adv_w = 139, .box_w = 8, .box_h = 12, .ofs_x = 0, .ofs_y = 0},
    {.bitmap_index = 7650, .adv_w = 137, .box_w = 9, .box_h = 12, .ofs_x = 0, .ofs_y = 0},
    {.bitmap_index = 7704, .adv_w = 137, .box_w = 9, .box_h = 12, .ofs_x = 0, .ofs_y = 0},
    {.bitmap_index = 7758, .adv_w = 137, .box_w = 9, .box_h = 12, .ofs_x = 0, .ofs_y = 0},
    {.bitmap_index = 7812, .adv_w = 137, .box_w = 9, .box_h = 12, .ofs_x = 0, .ofs_y = 0},
    {.bitmap_index = 7866, .adv_w = 137, .box_w = 9, .box_h = 12, .ofs_x = 0, .ofs_y = 0},
    {.bitmap_index = 7920, .adv_w = 152, .box_w = 8, .box_h = 8, .ofs_x = 1, .ofs_y = 0},
    {.bitmap_index = 7952, .adv_w = 137, .box_w = 9, .box_h = 10, .ofs_x = 0, .ofs_y = -1},
    {.bitmap_index = 7997, .adv_w = 139, .box_w = 8, .box_h = 12, .ofs_x = 0, .ofs_y = 0},
    {.bitmap_index = 8045, .adv_w = 139, .box_w = 8, .box_h = 12, .ofs_x = 0, .ofs_y = 0},
    {.bitmap_index = 8093, .adv_w = 139, .box_w = 8, .box_h = 11, .ofs_x = 0, .ofs_y = 0},
    {.bitmap_index = 8137, .adv_w = 139, .box_w = 8, .box_h = 12, .ofs_x = 0, .ofs_y = 0},
    {.bitmap_index = 8185, .adv_w = 135, .box_w = 9, .box_h = 15, .ofs_x = 0, .ofs_y = -3},
    {.bitmap_index = 8253, .adv_w = 141, .box_w = 9, .box_h = 14, .ofs_x = 0, .ofs_y = -3},
    {.bitmap_index = 8316, .adv_w = 135, .box_w = 9, .box_h = 15, .ofs_x = 0, .ofs_y = -3},
    {.bitmap_index = 8384, .adv_w = 167, .box_w = 11, .box_h = 14, .ofs_x = 0, .ofs_y = 0},
    {.bitmap_index = 8461, .adv_w = 130, .box_w = 8, .box_h = 12, .ofs_x = 0, .ofs_y = -1},
    {.bitmap_index = 8509, .adv_w = 170, .box_w = 10, .box_h = 11, .ofs_x = 0, .ofs_y = 0},
    {.bitmap_index = 8564, .adv_w = 141, .box_w = 9, .box_h = 12, .ofs_x = 0, .ofs_y = -1},
    {.bitmap_index = 8618, .adv_w = 175, .box_w = 11, .box_h = 13, .ofs_x = 0, .ofs_y = -1},
    {.bitmap_index = 8690, .adv_w = 137, .box_w = 9, .box_h = 11, .ofs_x = 0, .ofs_y = -1},
    {.bitmap_index = 8740, .adv_w = 164, .box_w = 11, .box_h = 13, .ofs_x = 0, .ofs_y = -1},
    {.bitmap_index = 8812, .adv_w = 148, .box_w = 9, .box_h = 11, .ofs_x = 0, .ofs_y = -1},
    {.bitmap_index = 8862, .adv_w = 167, .box_w = 11, .box_h = 15, .ofs_x = 0, .ofs_y = -4},
    {.bitmap_index = 8945, .adv_w = 130, .box_w = 8, .box_h = 12, .ofs_x = 0, .ofs_y = -4},
    {.bitmap_index = 8993, .adv_w = 167, .box_w = 11, .box_h = 14, .ofs_x = 0, .ofs_y = 0},
    {.bitmap_index = 9070, .adv_w = 130, .box_w = 8, .box_h = 12, .ofs_x = 0, .ofs_y = -1},
    {.bitmap_index = 9118, .adv_w = 167, .box_w = 11, .box_h = 16, .ofs_x = 0, .ofs_y = 0},
    {.bitmap_index = 9206, .adv_w = 130, .box_w = 8, .box_h = 14, .ofs_x = 0, .ofs_y = -1},
    {.bitmap_index = 9262, .adv_w = 167, .box_w = 11, .box_h = 16, .ofs_x = 0, .ofs_y = 0},
    {.bitmap_index = 9350, .adv_w = 130, .box_w = 8, .box_h = 14, .ofs_x = 0, .ofs_y = -1},
    {.bitmap_index = 9406, .adv_w = 167, .box_w = 11, .box_h = 16, .ofs_x = 0, .ofs_y = 0},
    {.bitmap_index = 9494, .adv_w = 130, .box_w = 8, .box_h = 14, .ofs_x = 0, .ofs_y = -1},
    {.bitmap_index = 9550, .adv_w = 167, .box_w = 11, .box_h = 16, .ofs_x = 0, .ofs_y = 0},
    {.bitmap_index = 9638, .adv_w = 130, .box_w = 8, .box_h = 14, .ofs_x = 0, .ofs_y = -1},
    {.bitmap_index = 9694, .adv_w = 167, .box_w = 11, .box_h = 18, .ofs_x = 0, .ofs_y = -4},
    {.bitmap_index = 9793, .adv_w = 130, .box_w = 8, .box_h = 15, .ofs_x = 0, .ofs_y = -4},
    {.bitmap_index = 9853, .adv_w = 167, .box_w = 11, .box_h = 16, .ofs_x = 0, .ofs_y = 0},
    {.bitmap_index = 9941, .adv_w = 130, .box_w = 8, .box_h = 14, .ofs_x = 0, .ofs_y = -1},
    {.bitmap_index = 9997, .adv_w = 167, .box_w = 11, .box_h = 16, .ofs_x = 0, .ofs_y = 0},
    {.bitmap_index = 10085, .adv_w = 130, .box_w = 8, .box_h = 14, .ofs_x = 0, .ofs_y = -1},
    {.bitmap_index = 10141, .adv_w = 167, .box_w = 11, .box_h = 16, .ofs_x = 0, .ofs_y = 0},
    {.bitmap_index = 10229, .adv_w = 130, .box_w = 8, .box_h = 14, .ofs_x = 0, .ofs_y = -1},
    {.bitmap_index = 10285, .adv_w = 167, .box_w = 11, .box_h = 16, .ofs_x = 0, .ofs_y = 0},
    {.bitmap_index = 10373, .adv_w = 130, .box_w = 8, .box_h = 14, .ofs_x = 0, .ofs_y = -1},
    {.bitmap_index = 10429, .adv_w = 167, .box_w = 11, .box_h = 18, .ofs_x = 0, .ofs_y = -4},
    {.bitmap_index = 10528, .adv_w = 130, .box_w = 8, .box_h = 15, .ofs_x = 0, .ofs_y = -4},
    {.bitmap_index = 10588, .adv_w = 136, .box_w = 8, .box_h = 15, .ofs_x = 0, .ofs_y = -4},
    {.bitmap_index = 10648, .adv_w = 133, .box_w = 8, .box_h = 12, .ofs_x = 0, .ofs_y = -4},
    {.bitmap_index = 10696, .adv_w = 136, .box_w = 8, .box_h = 14, .ofs_x = 0, .ofs_y = 0},
    {.bitmap_index = 10752, .adv_w = 133, .box_w = 8, .box_h = 12, .ofs_x = 0, .ofs_y = -1},
    {.bitmap_index = 10800, .adv_w = 136, .box_w = 8, .box_h = 14, .ofs_x = 0, .ofs_y = 0},
    {.bitmap_index = 10856, .adv_w = 133, .box_w = 8, .box_h = 12, .ofs_x = 0, .ofs_y = -1},
    {.bitmap_index = 10904, .adv_w = 136, .box_w = 8, .box_h = 16, .ofs_x = 0, .ofs_y = 0},
    {.bitmap_index = 10968, .adv_w = 133, .box_w = 8, .box_h = 14, .ofs_x = 0, .ofs_y = -1},
    {.bitmap_index = 11024, .adv_w = 136, .box_w = 8, .box_h = 16, .ofs_x = 0, .ofs_y = 0},
    {.bitmap_index = 11088, .adv_w = 133, .box_w = 8, .box_h = 14, .ofs_x = 0, .ofs_y = -1},
    {.bitmap_index = 11144, .adv_w = 136, .box_w = 8, .box_h = 16, .ofs_x = 0, .ofs_y = 0},
    {.bitmap_index = 11208, .adv_w = 133, .box_w = 8, .box_h = 14, .ofs_x = 0, .ofs_y = -1},
    {.bitmap_index = 11264, .adv_w = 136, .box_w = 8, .box_h = 16, .ofs_x = 0, .ofs_y = 0},
    {.bitmap_index = 11328, .adv_w = 133, .box_w = 8, .box_h = 14, .ofs_x = 0, .ofs_y = -1},
    {.bitmap_index = 11384, .adv_w = 136, .box_w = 8, .box_h = 18, .ofs_x = 0, .ofs_y = -4},
    {.bitmap_index = 11456, .adv_w = 133, .box_w = 8, .box_h = 15, .ofs_x = 0, .ofs_y = -4},
    {.bitmap_index = 11516, .adv_w = 63, .box_w = 4, .box_h = 14, .ofs_x = 0, .ofs_y = 0},
    {.bitmap_index = 11544, .adv_w = 61, .box_w = 4, .box_h = 11, .ofs_x = 0, .ofs_y = 0},
    {.bitmap_index = 11566, .adv_w = 63, .box_w = 4, .box_h = 15, .ofs_x = 0, .ofs_y = -4},
    {.bitmap_index = 11596, .adv_w = 61, .box_w = 4, .box_h = 15, .ofs_x = 0, .ofs_y = -4},
    {.bitmap_index = 11626, .adv_w = 173, .box_w = 11, .box_h = 15, .ofs_x = 0, .ofs_y = -4},
    {.bitmap_index = 11709, .adv_w = 137, .box_w = 9, .box_h = 12, .ofs_x = 0, .ofs_y = -4},
    {.bitmap_index = 11763, .adv_w = 173, .box_w = 11, .box_h = 15, .ofs_x = 0, .ofs_y = -1},
    {.bitmap_index = 11846, .adv_w = 137, .box_w = 9, .box_h = 12, .ofs_x = 0, .ofs_y = -1},
    {.bitmap_index = 11900, .adv_w = 173, .box_w = 11, .box_h = 17, .ofs_x = 0, .ofs_y = -1},
    {.bitmap_index = 11994, .adv_w = 137, .box_w = 9, .box_h = 14, .ofs_x = 0, .ofs_y = -1},
    {.bitmap_index = 12057, .adv_w = 173, .box_w = 11, .box_h = 17, .ofs_x = 0, .ofs_y = -1},
    {.bitmap_index = 12151, .adv_w = 137, .box_w = 9, .box_h = 14, .ofs_x = 0, .ofs_y = -1},
    {.bitmap_index = 12214, .adv_w = 173, .box_w = 11, .box_h = 17, .ofs_x = 0, .ofs_y = -1},
    {.bitmap_index = 12308, .adv_w = 137, .box_w = 9, .box_h = 14, .ofs_x = 0, .ofs_y = -1},
    {.bitmap_index = 12371, .adv_w = 173, .box_w = 11, .box_h = 17, .ofs_x = 0, .ofs_y = -1},
    {.bitmap_index = 12465, .adv_w = 137, .box_w = 9, .box_h = 14, .ofs_x = 0, .ofs_y = -1},
    {.bitmap_index = 12528, .adv_w = 173, .box_w = 11, .box_h = 18, .ofs_x = 0, .ofs_y = -4},
    {.bitmap_index = 12627, .adv_w = 137, .box_w = 9, .box_h = 15, .ofs_x = 0, .ofs_y = -4},
    {.bitmap_index = 12695, .adv_w = 175, .box_w = 11, .box_h = 15, .ofs_x = 0, .ofs_y = -1},
    {.bitmap_index = 12778, .adv_w = 137, .box_w = 9, .box_h = 12, .ofs_x = 0, .ofs_y = -1},
    {.bitmap_index = 12832, .adv_w = 175, .box_w = 11, .box_h = 15, .ofs_x = 0, .ofs_y = -1},
    {.bitmap_index = 12915, .adv_w = 137, .box_w = 9, .box_h = 12, .ofs_x = 0, .ofs_y = -1},
    {.bitmap_index = 12969, .adv_w = 175, .box_w = 11, .box_h = 15, .ofs_x = 0, .ofs_y = -1},
    {.bitmap_index = 13052, .adv_w = 137, .box_w = 9, .box_h = 12, .ofs_x = 0, .ofs_y = -1},
    {.bitmap_index = 13106, .adv_w = 175, .box_w = 11, .box_h = 15, .ofs_x = 0, .ofs_y = -1},
    {.bitmap_index = 13189, .adv_w = 137, .box_w = 9, .box_h = 12, .ofs_x = 0, .ofs_y = -1},
    {.bitmap_index = 13243, .adv_w = 175, .box_w = 11, .box_h = 16, .ofs_x = 0, .ofs_y = -4},
    {.bitmap_index = 13331, .adv_w = 137, .box_w = 9, .box_h = 14, .ofs_x = 0, .ofs_y = -4},
    {.bitmap_index = 13394, .adv_w = 164, .box_w = 10, .box_h = 15, .ofs_x = 0, .ofs_y = -4},
    {.bitmap_index = 13469, .adv_w = 139, .box_w = 8, .box_h = 12, .ofs_x = 0, .ofs_y = -4},
    {.bitmap_index = 13517, .adv_w = 164, .box_w = 10, .box_h = 15, .ofs_x = 0, .ofs_y = -1},
    {.bitmap_index = 13592, .adv_w = 139, .box_w = 8, .box_h = 12, .ofs_x = 0, .ofs_y = -1},
    {.bitmap_index = 13640, .adv_w = 164, .box_w = 11, .box_h = 15, .ofs_x = 0, .ofs_y = -1},
    {.bitmap_index = 13723, .adv_w = 148, .box_w = 9, .box_h = 12, .ofs_x = 0, .ofs_y = -1},
    {.bitmap_index = 13777, .adv_w = 164, .box_w = 11, .box_h = 15, .ofs_x = 0, .ofs_y = -1},
    {.bitmap_index = 13860, .adv_w = 148, .box_w = 9, .box_h = 12, .ofs_x = 0, .ofs_y = -1},
    {.bitmap_index = 13914, .adv_w = 164, .box_w = 11, .box_h = 15, .ofs_x = 0, .ofs_y = -1},
    {.bitmap_index = 13997, .adv_w = 148, .box_w = 9, .box_h = 12, .ofs_x = 0, .ofs_y = -1},
    {.bitmap_index = 14051, .adv_w = 164, .box_w = 11, .box_h = 15, .ofs_x = 0, .ofs_y = -1},
    {.bitmap_index = 14134, .adv_w = 148, .box_w = 9, .box_h = 12, .ofs_x = 0, .ofs_y = -1},
    {.bitmap_index = 14188, .adv_w = 164, .box_w = 11, .box_h = 16, .ofs_x = 0, .ofs_y = -4},
    {.bitmap_index = 14276, .adv_w = 148, .box_w = 9, .box_h = 14, .ofs_x = 0, .ofs_y = -4},
    {.bitmap_index = 14339, .adv_w = 164, .box_w = 10, .box_h = 14, .ofs_x = 0, .ofs_y = 0},
    {.bitmap_index = 14409, .adv_w = 135, .box_w = 9, .box_h = 14, .ofs_x = 0, .ofs_y = -3},
    {.bitmap_index = 14472, .adv_w = 164, .box_w = 10, .box_h = 15, .ofs_x = 0, .ofs_y = -4},
    {.bitmap_index = 14547, .adv_w = 135, .box_w = 9, .box_h = 12, .ofs_x = 0, .ofs_y = -4},
    {.bitmap_index = 14601, .adv_w = 164, .box_w = 10, .box_h = 14, .ofs_x = 0, .ofs_y = 0},
    {.bitmap_index = 14671, .adv_w = 135, .box_w = 9, .box_h = 14, .ofs_x = 0, .ofs_y = -3},
    {.bitmap_index = 14734, .adv_w = 164, .box_w = 10, .box_h = 14, .ofs_x = 0, .ofs_y = 0},
    {.bitmap_index = 14804, .adv_w = 135, .box_w = 9, .box_h = 14, .ofs_x = 0, .ofs_y = -3},
    {.bitmap_index = 14867, .adv_w = 112, .box_w = 7, .box_h = 2, .ofs_x = 0, .ofs_y = 3},
    {.bitmap_index = 14874, .adv_w = 224, .box_w = 14, .box_h = 2, .ofs_x = 0, .ofs_y = 3},
    {.bitmap_index = 14888, .adv_w = 70, .box_w = 3, .box_h = 5, .ofs_x = 1, .ofs_y = 6},
    {.bitmap_index = 14896, .adv_w = 70, .box_w = 3, .box_h = 5, .ofs_x = 1, .ofs_y = 6},
    {.bitmap_index = 14904, .adv_w = 65, .box_w = 4, .box_h = 5, .ofs_x = 0, .ofs_y = -3},
    {.bitmap_index = 14914, .adv_w = 121, .box_w = 6, .box_h = 5, .ofs_x = 1, .ofs_y = 6},
    {.bitmap_index = 14929, .adv_w = 119, .box_w = 6, .box_h = 5, .ofs_x = 1, .ofs_y = 6},
    {.bitmap_index = 14944, .adv_w = 114, .box_w = 7, .box_h = 5, .ofs_x = 0, .ofs_y = -3},
    {.bitmap_index = 14962, .adv_w = 106, .box_w = 5, .box_h = 5, .ofs_x = 1, .ofs_y = 2},
    {.bitmap_index = 14975, .adv_w = 224, .box_w = 12, .box_h = 3, .ofs_x = 1, .ofs_y = 0},
    {.bitmap_index = 14993, .adv_w = 61, .box_w = 4, .box_h = 5, .ofs_x = 0, .ofs_y = 6},
    {.bitmap_index = 15003, .adv_w = 123, .box_w = 7, .box_h = 5, .ofs_x = 0, .ofs_y = 6},
    {.bitmap_index = 15021, .adv_w = 97, .box_w = 6, .box_h = 7, .ofs_x = 0, .ofs_y = 1},
    {.bitmap_index = 15042, .adv_w = 97, .box_w = 6, .box_h = 7, .ofs_x = 0, .ofs_y = 1}
};

/*---------------------
 *  CHARACTER MAPPING
 *--------------------*/

static const uint16_t unicode_list_3[] = {
    0x0, 0x1, 0xe, 0xf, 0x9e, 0x9f, 0xad, 0xae
};

static const uint16_t unicode_list_5[] = {
    0x0, 0x1, 0x5, 0x6, 0x7, 0x9, 0xa, 0xb,
    0xf, 0x13, 0x1f, 0x20, 0x26, 0x27
};

/*Collect the unicode lists and glyph_id offsets*/
static const lv_font_fmt_txt_cmap_t cmaps[] =
{
    {
        .range_start = 32, .range_length = 95, .glyph_id_start = 1,
        .unicode_list = NULL, .glyph_id_ofs_list = NULL, .list_length = 0, .type = LV_FONT_FMT_TXT_CMAP_FORMAT0_TINY
    },
    {
        .range_start = 160, .range_length = 13, .glyph_id_start = 96,
        .unicode_list = NULL, .glyph_id_ofs_list = NULL, .list_length = 0, .type = LV_FONT_FMT_TXT_CMAP_FORMAT0_TINY
    },
    {
        .range_start = 174, .range_length = 82, .glyph_id_start = 109,
        .unicode_list = NULL, .glyph_id_ofs_list = NULL, .list_length = 0, .type = LV_FONT_FMT_TXT_CMAP_FORMAT0_TINY
    },
    {
        .range_start = 258, .range_length = 175, .glyph_id_start = 191,
        .unicode_list = unicode_list_3, .glyph_id_ofs_list = NULL, .list_length = 8, .type = LV_FONT_FMT_TXT_CMAP_SPARSE_TINY
    },
    {
        .range_start = 7840, .range_length = 90, .glyph_id_start = 199,
        .unicode_list = NULL, .glyph_id_ofs_list = NULL, .list_length = 0, .type = LV_FONT_FMT_TXT_CMAP_FORMAT0_TINY
    },
    {
        .range_start = 8211, .range_length = 40, .glyph_id_start = 289,
        .unicode_list = unicode_list_5, .glyph_id_ofs_list = NULL, .list_length = 14, .type = LV_FONT_FMT_TXT_CMAP_SPARSE_TINY
    }
};

/*-----------------
 *    KERNING
 *----------------*/


/*Map glyph_ids to kern left classes*/
static const uint8_t kern_left_class_mapping[] =
{
    0, 0, 0, 1, 0, 0, 2, 3,
    1, 4, 5, 6, 7, 8, 7, 8,
    9, 10, 11, 12, 13, 14, 15, 16,
    17, 13, 10, 18, 18, 0, 19, 20,
    0, 21, 0, 0, 0, 0, 0, 0,
    0, 0, 0, 0, 0, 0, 0, 0,
    0, 0, 0, 0, 0, 0, 0, 0,
    0, 0, 0, 0, 4, 22, 5, 6,
    23, 0, 0, 0, 0, 0, 0, 0,
    0, 0, 0, 0, 0, 0, 0, 0,
    0, 0, 0, 0, 0, 0, 0, 0,
    0, 0, 0, 0, 4, 11, 5, 7,
    0, 24, 25, 0, 0, 0, 0, 0,
    0, 21, 0, 0, 0, 26, 0, 6,
    19, 0, 0, 0, 27, 11, 28, 0,
    0, 0, 29, 0, 0, 0, 30, 0,
    0, 0, 0, 0, 0, 0, 0, 0,
    0, 0, 0, 0, 0, 0, 0, 0,
    0, 0, 0, 0, 0, 0, 31, 0,
    0, 0, 0, 0, 0, 0, 0, 0,
    0, 0, 0, 0, 0, 0, 0, 0,
    0, 0, 0, 0, 0, 0, 0, 0,
    0, 0, 0, 0, 0, 0, 7, 0,
    0, 0, 0, 0, 0, 0, 0, 0,
    0, 0, 0, 0, 0, 0, 0, 0,
    0, 0, 0, 0, 0, 0, 0, 0,
    0, 0, 0, 0, 0, 0, 0, 0,
    0, 0, 0, 0, 0, 0, 0, 0,
    0, 0, 0, 0, 0, 0, 0, 0,
    0, 0, 0, 0, 0, 0, 0, 0,
    0, 0, 0, 0, 0, 0, 0, 0,
    0, 0, 0, 0, 0, 0, 0, 0,
    0, 0, 0, 0, 0, 0, 0, 0,
    0, 0, 0, 0, 0, 0, 0, 0,
    0, 0, 0, 0, 0, 0, 0, 0,
    0, 0, 0, 0, 0, 0, 0, 0,
    0, 0, 0, 32, 33, 34, 32, 33,
    34, 31, 8, 0, 0, 0, 29
};

/*Map glyph_ids to kern right classes*/
static const uint8_t kern_right_class_mapping[] =
{
    0, 1, 2, 3, 4, 5, 0, 6,
    3, 0, 7, 8, 9, 10, 9, 10,
    11, 12, 13, 14, 15, 16, 17, 12,
    18, 19, 20, 21, 21, 22, 23, 0,
    24, 25, 0, 0, 0, 0, 0, 0,
    0, 0, 0, 0, 0, 0, 0, 0,
    0, 0, 0, 0, 0, 0, 0, 0,
    0, 0, 0, 0, 0, 26, 7, 8,
    27, 0, 0, 0, 0, 0, 0, 0,
    0, 0, 0, 0, 0, 0, 0, 0,
    0, 0, 0, 0, 0, 0, 0, 0,
    0, 0, 0, 0, 0, 28, 7, 29,
    0, 0, 30, 0, 0, 0, 0, 0,
    0, 25, 0, 31, 32, 33, 0, 8,
    23, 0, 0, 0, 34, 35, 9, 0,
    0, 0, 36, 0, 0, 0, 37, 0,
    0, 0, 0, 0, 0, 0, 0, 0,
    0, 0, 0, 0, 0, 0, 0, 0,
    0, 0, 0, 0, 0, 0, 36, 0,
    0, 0, 0, 0, 0, 0, 0, 0,
    0, 0, 0, 0, 0, 0, 0, 0,
    0, 0, 0, 0, 0, 0, 0, 0,
    0, 0, 0, 0, 0, 0, 9, 0,
    0, 0, 0, 0, 0, 0, 0, 0,
    0, 0, 0, 0, 0, 0, 0, 0,
    0, 0, 0, 0, 0, 0, 0, 0,
    0, 0, 0, 0, 0, 0, 0, 0,
    0, 0, 0, 0, 0, 0, 0, 0,
    0, 0, 0, 0, 0, 0, 0, 0,
    0, 0, 0, 0, 0, 0, 0, 0,
    0, 0, 0, 0, 0, 0, 0, 0,
    0, 0, 0, 0, 0, 0, 0, 0,
    0, 0, 0, 0, 0, 0, 0, 0,
    0, 0, 0, 0, 0, 0, 0, 0,
    0, 0, 0, 0, 0, 0, 0, 0,
    0, 0, 0, 0, 0, 0, 0, 0,
    0, 0, 0, 38, 39, 40, 38, 39,
    40, 36, 10, 0, 0, 31, 36
};

/*Kern values between classes*/
static const int8_t kern_class_values[] =
{
    0, 0, 0, 0, 0, -8, 0, 0,
    0, -20, 0, 0, 0, 0, 0, -14,
    0, 0, 0, 0, 0, 0, 0, 0,
    0, 0, 0, 0, 0, -4, 0, 0,
    0, 0, 0, 0, 0, 0, 0, 0,
    0, 0, 0, 0, 0, 0, 0, 0,
    0, 0, 0, 0, 0, 0, 0, 0,
    0, 0, 0, 0, 0, 0, 0, 0,
    0, 0, 0, 0, 0, 0, 0, 0,
    0, 0, 0, 0, 0, -14, -15, 0,
    0, 0, -8, 0, 0, 0, 0, 0,
    0, 0, 0, 0, 0, 0, 0, 0,
    0, 0, 0, 0, 0, 0, 0, 0,
    0, -14, 0, 0, 0, 0, 0, 0,
    -5, 0, 0, 0, 0, -20, 0, 0,
    0, 0, 0, 0, 0, 0, 0, 0,
    0, 0, 0, 0, 0, 0, 0, 0,
    0, 0, 0, 0, 0, 0, 0, 0,
    0, 0, 0, 4, 0, -1, 0, 0,
    0, 0, 0, 0, 0, 0, 0, 0,
    0, 0, 0, 0, 0, 0, 0, 0,
    0, 0, 0, 0, 0, 0, 0, 0,
    0, 0, 0, 0, 0, 0, 0, 0,
    0, 0, 0, 0, 0, 0, 0, 0,
    0, 0, 0, 0, 0, -8, 0, 0,
    0, 0, 0, 0, 0, -8, 0, 0,
    0, -31, 0, 0, 0, 0, 0, -10,
    0, 0, 0, 0, 0, 0, 0, 0,
    -4, 0, -15, 0, 0, 0, 0, 0,
    0, 0, 0, 0, 0, 0, 0, 0,
    0, 0, 0, 0, 0, 0, 0, 0,
    0, 0, 0, 0, 0, -5, -1, 0,
    0, -6, 0, 0, 0, 0, 0, 0,
    0, -10, 0, 0, 0, 0, 0, 0,
    0, 0, -2, 0, 0, -6, 0, 0,
    -7, -3, -22, 0, 0, 0, 0, 0,
    0, 0, 0, -7, -20, 0, -5, 0,
    -1, -6, -6, -3, 0, 0, 0, -20,
    -10, 0, 0, 0, 0, 0, 0, 0,
    0, 0, -11, 0, 0, 0, -21, 0,
    0, 0, 0, 0, 0, 0, 0, 0,
    0, -9, 0, 0, 0, 0, 0, 0,
    0, 0, 0, 0, 0, 0, 0, 0,
    0, 2, 0, 0, 0, 0, 0, 0,
    0, 0, 0, 0, 0, 0, 0, 0,
    0, 0, 0, 0, 0, 0, 0, 0,
    0, -7, 0, 0, 0, 0, 0, 0,
    0, -4, 0, 0, 0, 0, 0, 0,
    0, -6, -10, 0, 0, 0, 0, 0,
    0, 0, 0, 0, 0, -10, 0, -11,
    0, 0, 0, 0, 0, 0, 4, 0,
    0, 0, 0, 0, 0, 0, 0, 0,
    0, 0, 0, 0, 0, 0, 0, 0,
    0, 0, 4, 0, 0, 0, 0, 0,
    0, 0, 0, 0, 0, 0, 0, 0,
    0, 0, 0, 0, 0, 0, 0, 0,
    0, 0, 0, 0, 0, 0, 0, -3,
    0, 0, 0, 0, 0, 0, 0, 0,
    0, 0, 0, 0, 0, 0, 0, 0,
    0, 0, 0, 0, 0, 0, 0, 0,
    0, 0, 0, 0, 0, 0, 0, -2,
    0, -5, 0, 0, 0, 0, 0, 0,
    0, 0, 0, 0, 0, 0, 0, 0,
    0, 0, 0, 0, 0, 0, -8, 0,
    0, 0, 0, 0, 0, 0, 0, -11,
    0, 0, 0, 0, 0, 0, 0, -8,
    0, -8, 0, 0, -9, 0, 0, 0,
    0, 0, 0, 0, 0, 0, 0, 0,
    0, 0, 0, 0, 0, 0, 0, 0,
    -1, 0, -10, 0, 0, 0, 0, 0,
    0, 0, 0, 0, 0, 0, 0, -1,
    0, -5, 0, 0, 0, 0, 0, 0,
    0, 0, 0, 0, 0, 0, 0, 0,
    0, 0, 0, 0, 0, 0, 0, 0,
    -1, 0, 0, 0, 0, 0, 0, 0,
    0, 0, 0, 0, 0, 0, 0, 0,
    0, -7, 0, 0, 0, 0, 0, 0,
    0, 0, 0, 0, 0, 0, 0, 0,
    0, 0, -10, 0, 0, 0, 0, 0,
    0, 0, 0, 0, 0, 0, 0, -10,
    0, 0, 0, -13, 0, -10, 0, 0,
    0, -28, 0, -3, 0, 0, -4, -13,
    -2, 4, -3, -2, -8, -20, 0, 0,
    0, 0, -36, 0, 0, -11, -14, 0,
    0, 0, 0, 0, 0, 0, 0, -32,
    0, 0, 0, 0, 0, 0, 0, 0,
    0, 0, 0, 0, 0, 0, 0, 0,
    0, 0, 0, 0, 0, 0, 0, 0,
    0, -14, 0, 0, 0, 0, 0, 0,
    0, 0, 0, 0, 0, -10, 0, 0,
    0, 0, 0, 0, 0, 0, 0, 0,
    0, 0, 0, 0, 0, 0, 0, 0,
    0, 0, 0, 0, 0, 0, 0, 0,
    0, -15, 0, 0, 0, 0, 0, 0,
    0, 0, 0, 0, 0, -13, 0, 0,
    0, 0, 0, 0, 0, 0, 0, 0,
    0, 0, 0, 0, 0, 0, 0, 0,
    0, -17, 0, 0, 0, 0, 0, 0,
    0, -17, 0, 0, 0, 0, 0, 0,
    0, 0, 0, 0, 0, -22, 0, 0,
    0, 0, 0, 0, 0, 0, 0, 0,
    0, -10, -9, 0, 0, 0, 0, 0,
    0, 0, 0, 0, 0, 0, 0, 0,
    0, -9, -9, 0, 0, 0, 0, 0,
    -1, 0, 0, 0, 0, -8, 0, -9,
    0, 0, -18, 0, -3, 0, 0, -21,
    -8, 0, 3, 0, -11, 0, 0, 0,
    0, 0, 0, 0, 0, -9, -11, -14,
    -9, -11, 0, 0, -8, -5, -8, -8,
    -16, 0, -11, -8, 0, -10, -13, 0,
    0, 0, 0, 0, 0, 0, 0, -15,
    0, 0, 0, -10, -24, 0, -10, -13,
    -10, 0, -10, -10, 0, 0, 0, 0,
    -9, -18, 0, 8, 0, 0, 0, 0,
    0, 0, -10, 0, 0, -9, 0, 0,
    0, 0, 0, 0, 0, 0, 0, 0,
    0, 0, 0, 0, 0, 0, 0, 0,
    0, 0, 0, 0, 0, 0, 0, 0,
    0, -8, 0, 0, 0, 0, 0, 0,
    0, 0, 0, 0, 0, -8, 0, 0,
    0, 0, -4, 0, 0, 0, -3, 0,
    0, 0, 0, 0, -8, 0, 0, 0,
    0, 0, 0, 0, 0, 0, 0, 0,
    0, -14, 0, 0, 0, 0, 0, 0,
    -3, 0, 0, 0, 0, -14, -5, 0,
    0, 0, 0, 0, 0, -8, 0, 0,
    0, 0, 0, 0, 0, 0, 0, -11,
    0, 0, 0, 0, 0, 0, 0, 0,
    -1, 0, 0, 0, 0, -6, 0, 0,
    0, 0, 0, 0, 0, 0, 0, 0,
    0, 0, 0, 0, 0, 0, 0, 0,
    -8, 0, -8, 0, 0, 0, 0, 0,
    0, 0, 0, 0, 0, -9, 0, 0,
    0, 0, -8, 0, -8, 0, 0, -8,
    0, 0, 0, 0, 0, -11, 3, 0,
    0, 0, 0, 0, 0, 0, 0, 0,
    0, 0, 0, 0, 0, -5, -1, 0,
    0, -6, 0, 0, 0, 0, 0, 0,
    0, -9, 0, 0, 0, 0, 0, 0,
    0, 0, -2, 0, 0, -6, 0, 0,
    0, 0, 0, 0, 0, 0, 0, 0,
    0, 0, 0, 0, -9, -11, -10, 0,
    0, -11, -8, 0, 0, 0, 0, 0,
    0, -14, 0, 0, 0, 0, 0, 0,
    0, 0, 0, 0, 0, -19, 0, 0,
    0, 0, 0, 0, 0, 0, 0, 0,
    0, 0, 0, 0, 0, 0, 0, 0,
    0, 0, 0, 0, 0, 0, 0, 0,
    0, -26, 0, 0, 0, 0, 0, 0,
    0, 0, 0, 0, 0, -14, -8, 0,
    0, 0, 0, 0, 0, 0, 0, 0,
    0, 0, 0, 0, 0, 0, 0, 0,
    0, 0, 0, 0, 0, 0, 0, 0,
    0, -9, 0, 0, 0, 0, 0, 0,
    0, 0, 0, 0, 0, 0, 0, 0,
    0, 0, 0, 0, 0, -14, 0, 0,
    0, -24, -22, 0, 0, 0, 0, -14,
    0, 0, 0, 0, 0, 0, 0, 0,
    0, 0, 0, 0, 0, -9, 0, 0,
    0, 0, 0, 0, -14, 0, 0, -22,
    0, 0, 0, -28, 0, -15, 0, 0,
    -12, -29, -32, -10, 0, 0, 0, -22,
    0, -14, -9, 0, -13, -22, -13, 0,
    -13, 0, -9, 0, -10, -14, -19, -12,
    0, -10, -3, 0, -15, 0, 0, 0,
    0, 0, 0, 0, 0, 0, 0, 0,
    0, 0, 0, 0, -15, 0, 0, 0,
    0, 0, 0, 0, 0, 0, 0, 0,
    0, -20, 0, 0, 0, 0, 0, 0,
    0, 0, 0, 0, 0, -28, -22, 0
};


/*Collect the kern class' data in one place*/
static const lv_font_fmt_txt_kern_classes_t kern_classes =
{
    .class_pair_values   = kern_class_values,
    .left_class_mapping  = kern_left_class_mapping,
    .right_class_mapping = kern_right_class_mapping,
    .left_class_cnt      = 34,
    .right_class_cnt     = 40,
};

/*--------------------
 *  ALL CUSTOM DATA
 *--------------------*/

#if LVGL_VERSION_MAJOR == 8
/*Store all the custom data of the font*/
static  lv_font_fmt_txt_glyph_cache_t cache;
#endif

#if LVGL_VERSION_MAJOR >= 8
static const lv_font_fmt_txt_dsc_t font_dsc = {
#else
static lv_font_fmt_txt_dsc_t font_dsc = {
#endif
    .glyph_bitmap = glyph_bitmap,
    .glyph_dsc = glyph_dsc,
    .cmaps = cmaps,
    .kern_dsc = &kern_classes,
    .kern_scale = 16,
    .cmap_num = 6,
    .bpp = 4,
    .kern_classes = 1,
    .bitmap_format = 0,
#if LVGL_VERSION_MAJOR == 8
    .cache = &cache
#endif
};



/*-----------------
 *  PUBLIC FONT
 *----------------*/

/*Initialize a public general font descriptor*/
#if LVGL_VERSION_MAJOR >= 8
const lv_font_t font_inter_bold_14 = {
#else
lv_font_t font_inter_bold_14 = {
#endif
    .get_glyph_dsc = lv_font_get_glyph_dsc_fmt_txt,    /*Function pointer to get glyph's data*/
    .get_glyph_bitmap = lv_font_get_bitmap_fmt_txt,    /*Function pointer to get glyph's bitmap*/
    .line_height = 20,          /*The maximum line height required by the font*/
    .base_line = 4,             /*Baseline measured from the bottom of the line*/
#if !(LVGL_VERSION_MAJOR == 6 && LVGL_VERSION_MINOR == 0)
    .subpx = LV_FONT_SUBPX_NONE,
#endif
#if LV_VERSION_CHECK(7, 4, 0) || LVGL_VERSION_MAJOR >= 8
    .underline_position = -2,
    .underline_thickness = 1,
#endif
    .dsc = &font_dsc,          /*The custom font data. Will be accessed by `get_glyph_bitmap/dsc` */
#if LV_VERSION_CHECK(8, 2, 0) || LVGL_VERSION_MAJOR >= 9
    .fallback = NULL,
#endif
    .user_data = NULL,
};



#endif /*#if FONT_INTER_BOLD_14*/

