/*******************************************************************************
 * Size: 16 px
 * Bpp: 4
 * Opts: --font node_modules/@fontsource/inter/files/inter-latin-700-normal.woff -r 0x20-0x7E,0xA0-0xFF,0x2010-0x2043 --symbols ‹› --font node_modules/@fontsource/inter/files/inter-vietnamese-700-normal.woff -r 0x0102-0x0103,0x0110-0x0111,0x01A0-0x01A1,0x01AF-0x01B0,0x1EA0-0x1EF9 --size 16 --bpp 4 --no-compress --format lvgl --lv-font-name font_inter_bold_16 -o out/font_inter_bold_16.c
 ******************************************************************************/

#ifdef LV_LVGL_H_INCLUDE_SIMPLE
#include "lvgl.h"
#else
#include "lvgl/lvgl.h"
#endif

#ifndef FONT_INTER_BOLD_16
#define FONT_INTER_BOLD_16 1
#endif

#if FONT_INTER_BOLD_16

/*-----------------
 *    BITMAPS
 *----------------*/

/*Store the image of the glyphs*/
static LV_ATTRIBUTE_LARGE_CONST const uint8_t glyph_bitmap[] = {
    /* U+0020 " " */

    /* U+0021 "!" */
    0x8f, 0xf0, 0x8f, 0xe0, 0x8f, 0xe0, 0x7f, 0xe0,
    0x7f, 0xd0, 0x7f, 0xd0, 0x6f, 0xd0, 0x6f, 0xc0,
    0x1, 0x10, 0x2a, 0x60, 0x9f, 0xf0, 0x5f, 0xb0,

    /* U+0022 "\"" */
    0x6f, 0xd0, 0xff, 0x35, 0xfc, 0xf, 0xf2, 0x4f,
    0xb0, 0xef, 0x23, 0xfa, 0xd, 0xf1, 0x2e, 0x90,
    0xbe, 0x0,

    /* U+0023 "#" */
    0x0, 0xd, 0xe0, 0xc, 0xf0, 0x0, 0x0, 0xfb,
    0x0, 0xed, 0x0, 0x0, 0x2f, 0x90, 0x1f, 0xa0,
    0x0, 0xff, 0xff, 0xff, 0xff, 0xf1, 0x1c, 0xef,
    0xdc, 0xef, 0xdc, 0x0, 0xa, 0xf1, 0x9, 0xf3,
    0x0, 0x0, 0xdf, 0x0, 0xbf, 0x0, 0x7, 0xcf,
    0xfc, 0xcf, 0xfc, 0x60, 0xbf, 0xff, 0xff, 0xff,
    0xf5, 0x0, 0x4f, 0x70, 0x3f, 0x80, 0x0, 0x7,
    0xf5, 0x5, 0xf6, 0x0, 0x0, 0x9f, 0x20, 0x8f,
    0x30, 0x0,

    /* U+0024 "$" */
    0x0, 0x0, 0x2c, 0x0, 0x0, 0x0, 0x0, 0x2c,
    0x0, 0x0, 0x0, 0x4c, 0xff, 0xea, 0x10, 0x4,
    0xff, 0xff, 0xff, 0xe1, 0xd, 0xfc, 0x4c, 0x4f,
    0xf7, 0xf, 0xf8, 0x2c, 0x5, 0x74, 0xc, 0xff,
    0x8c, 0x0, 0x0, 0x3, 0xef, 0xff, 0xd8, 0x0,
    0x0, 0x17, 0xdf, 0xff, 0xe1, 0x0, 0x0, 0x2d,
    0x6f, 0xf9, 0x3c, 0xc1, 0x2c, 0xa, 0xfc, 0x1f,
    0xfa, 0x4c, 0x4e, 0xfa, 0x8, 0xff, 0xff, 0xff,
    0xf3, 0x0, 0x6d, 0xff, 0xeb, 0x30, 0x0, 0x0,
    0x2c, 0x0, 0x0, 0x0, 0x0, 0x0, 0x0, 0x0,

    /* U+0025 "%" */
    0x8, 0xef, 0x80, 0x0, 0x1, 0xf8, 0x0, 0x5f,
    0xaa, 0xf5, 0x0, 0xb, 0xd0, 0x0, 0x8f, 0x11,
    0xf8, 0x0, 0x6f, 0x30, 0x0, 0x7f, 0x66, 0xf6,
    0x1, 0xf8, 0x0, 0x0, 0x1d, 0xff, 0xd1, 0xb,
    0xd0, 0x0, 0x0, 0x0, 0x43, 0x0, 0x6f, 0x30,
    0x1, 0x0, 0x0, 0x0, 0x1, 0xf8, 0x6, 0xff,
    0xc1, 0x0, 0x0, 0xb, 0xd0, 0x1f, 0xc6, 0xf9,
    0x0, 0x0, 0x6f, 0x30, 0x4f, 0x60, 0xdc, 0x0,
    0x1, 0xf8, 0x0, 0x4f, 0x60, 0xec, 0x0, 0xb,
    0xd0, 0x0, 0xf, 0xd8, 0xf8, 0x0, 0x6f, 0x30,
    0x0, 0x4, 0xdf, 0xa0,

    /* U+0026 "&" */
    0x0, 0x2b, 0xfe, 0x80, 0x0, 0x0, 0xe, 0xff,
    0xff, 0x70, 0x0, 0x4, 0xfd, 0x4, 0xfc, 0x0,
    0x0, 0x4f, 0xd0, 0x5f, 0xa0, 0x0, 0x0, 0xef,
    0xbf, 0xf2, 0x0, 0x0, 0x7, 0xff, 0xe3, 0x0,
    0x0, 0x5, 0xff, 0xff, 0x20, 0xed, 0x1, 0xff,
    0x79, 0xfe, 0x4f, 0xd0, 0x5f, 0xf0, 0xb, 0xff,
    0xf8, 0x3, 0xff, 0x50, 0x2f, 0xff, 0x20, 0xc,
    0xff, 0xff, 0xff, 0xf8, 0x0, 0x8, 0xef, 0xd9,
    0x4f, 0xf4,

    /* U+0027 "'" */
    0x6f, 0xd5, 0xfc, 0x4f, 0xb3, 0xfa, 0x2e, 0x90,

    /* U+0028 "(" */
    0x0, 0xac, 0x40, 0x4f, 0xf1, 0xb, 0xfa, 0x0,
    0xff, 0x60, 0x3f, 0xf2, 0x7, 0xfe, 0x0, 0x8f,
    0xd0, 0xa, 0xfc, 0x0, 0xaf, 0xc0, 0x8, 0xfd,
    0x0, 0x6f, 0xf0, 0x2, 0xff, 0x40, 0xd, 0xf8,
    0x0, 0x6f, 0xe0, 0x0, 0xef, 0x40,

    /* U+0029 ")" */
    0x4c, 0xb0, 0x0, 0xff, 0x50, 0x9, 0xfb, 0x0,
    0x5f, 0xf0, 0x1, 0xff, 0x40, 0xe, 0xf7, 0x0,
    0xcf, 0xa0, 0xb, 0xfb, 0x0, 0xbf, 0xa0, 0xd,
    0xf9, 0x0, 0xff, 0x60, 0x3f, 0xf3, 0x8, 0xfd,
    0x0, 0xdf, 0x70, 0x4f, 0xe0, 0x0,

    /* U+002A "*" */
    0x0, 0x4f, 0x20, 0x4, 0xa4, 0xf3, 0xb3, 0x5e,
    0xff, 0xfe, 0x50, 0x5f, 0xff, 0x40, 0x8f, 0xcf,
    0xbf, 0x71, 0x53, 0xf2, 0x51, 0x0, 0x2a, 0x20,
    0x0,

    /* U+002B "+" */
    0x0, 0x9, 0xf6, 0x0, 0x0, 0x0, 0x9f, 0x60,
    0x0, 0x0, 0x9, 0xf6, 0x0, 0x8, 0xee, 0xff,
    0xfe, 0xe6, 0x9f, 0xff, 0xff, 0xff, 0x70, 0x0,
    0x9f, 0x60, 0x0, 0x0, 0x9, 0xf6, 0x0, 0x0,
    0x0, 0x9f, 0x60, 0x0, 0x0, 0x1, 0x21, 0x0,
    0x0,

    /* U+002C "," */
    0x6, 0xec, 0x9, 0xf8, 0xb, 0xf4, 0xd, 0xf0,
    0xf, 0xa0,

    /* U+002D "-" */
    0xde, 0xee, 0xe5, 0xef, 0xff, 0xf6,

    /* U+002E "." */
    0x2a, 0x60, 0x9f, 0xf0, 0x5f, 0xa0,

    /* U+002F "/" */
    0x0, 0x2, 0xfd, 0x0, 0x6, 0xf9, 0x0, 0xb,
    0xf5, 0x0, 0xf, 0xf1, 0x0, 0x3f, 0xc0, 0x0,
    0x8f, 0x80, 0x0, 0xcf, 0x40, 0x0, 0xff, 0x0,
    0x4, 0xfb, 0x0, 0x9, 0xf7, 0x0, 0xd, 0xf2,
    0x0, 0x1f, 0xe0, 0x0, 0x6f, 0xa0, 0x0, 0xaf,
    0x60, 0x0,

    /* U+0030 "0" */
    0x0, 0x19, 0xef, 0xd7, 0x0, 0x0, 0x1d, 0xff,
    0xff, 0xfa, 0x0, 0x8, 0xff, 0x40, 0x7f, 0xf5,
    0x0, 0xef, 0x90, 0x0, 0xcf, 0xb0, 0x2f, 0xf4,
    0x0, 0x8, 0xfe, 0x3, 0xff, 0x30, 0x0, 0x6f,
    0xf0, 0x3f, 0xf3, 0x0, 0x6, 0xff, 0x2, 0xff,
    0x40, 0x0, 0x8f, 0xe0, 0xe, 0xf9, 0x0, 0xc,
    0xfb, 0x0, 0x9f, 0xf4, 0x7, 0xff, 0x50, 0x1,
    0xdf, 0xff, 0xff, 0xb0, 0x0, 0x1, 0x9e, 0xfd,
    0x70, 0x0,

    /* U+0031 "1" */
    0x0, 0x6f, 0xfd, 0x1b, 0xff, 0xfd, 0x4f, 0xca,
    0xfd, 0x48, 0x8, 0xfd, 0x0, 0x8, 0xfd, 0x0,
    0x8, 0xfd, 0x0, 0x8, 0xfd, 0x0, 0x8, 0xfd,
    0x0, 0x8, 0xfd, 0x0, 0x8, 0xfd, 0x0, 0x8,
    0xfd, 0x0, 0x8, 0xfd,

    /* U+0032 "2" */
    0x0, 0x4c, 0xff, 0xc4, 0x0, 0x6, 0xff, 0xff,
    0xff, 0x50, 0xe, 0xfa, 0x1, 0xbf, 0xd0, 0x1c,
    0xc2, 0x0, 0x5f, 0xf0, 0x0, 0x0, 0x0, 0x7f,
    0xd0, 0x0, 0x0, 0x3, 0xff, 0x60, 0x0, 0x0,
    0x3e, 0xfa, 0x0, 0x0, 0x3, 0xef, 0xb0, 0x0,
    0x0, 0x3f, 0xfb, 0x0, 0x0, 0x4, 0xff, 0xb0,
    0x0, 0x0, 0xf, 0xff, 0xff, 0xff, 0xf3, 0xf,
    0xff, 0xff, 0xff, 0xf3,

    /* U+0033 "3" */
    0x0, 0x3b, 0xef, 0xd6, 0x0, 0x4, 0xff, 0xff,
    0xff, 0x80, 0xd, 0xfb, 0x10, 0x9f, 0xf0, 0x6,
    0x62, 0x0, 0x3f, 0xf1, 0x0, 0x0, 0x1, 0xaf,
    0xc0, 0x0, 0x2, 0xff, 0xfa, 0x10, 0x0, 0x1,
    0xce, 0xff, 0x80, 0x0, 0x0, 0x0, 0x5f, 0xf5,
    0x17, 0x71, 0x0, 0xf, 0xf8, 0xf, 0xfb, 0x21,
    0x7f, 0xf6, 0x7, 0xff, 0xff, 0xff, 0xc0, 0x0,
    0x5c, 0xff, 0xd8, 0x0,

    /* U+0034 "4" */
    0x0, 0x0, 0xa, 0xff, 0xa0, 0x0, 0x0, 0x4,
    0xff, 0xfa, 0x0, 0x0, 0x0, 0xdf, 0xff, 0xa0,
    0x0, 0x0, 0x7f, 0xd9, 0xfa, 0x0, 0x0, 0x1f,
    0xf4, 0x9f, 0xa0, 0x0, 0xa, 0xfa, 0x9, 0xfa,
    0x0, 0x4, 0xff, 0x20, 0x9f, 0xa0, 0x0, 0xdf,
    0x70, 0x9, 0xfa, 0x0, 0x3f, 0xff, 0xff, 0xff,
    0xff, 0x13, 0xff, 0xff, 0xff, 0xff, 0xf1, 0x0,
    0x0, 0x0, 0xaf, 0xa0, 0x0, 0x0, 0x0, 0xa,
    0xfa, 0x0,

    /* U+0035 "5" */
    0x8, 0xff, 0xff, 0xff, 0x90, 0x9, 0xff, 0xff,
    0xff, 0x90, 0xb, 0xf7, 0x0, 0x0, 0x0, 0xc,
    0xf5, 0x0, 0x0, 0x0, 0xd, 0xf8, 0xcf, 0xd6,
    0x0, 0xf, 0xff, 0xee, 0xff, 0x60, 0x4, 0x74,
    0x0, 0xaf, 0xf0, 0x0, 0x0, 0x0, 0x2f, 0xf2,
    0x17, 0x71, 0x0, 0x2f, 0xf2, 0x1f, 0xf9, 0x0,
    0xbf, 0xe0, 0x8, 0xff, 0xff, 0xff, 0x40, 0x0,
    0x6c, 0xff, 0xb3, 0x0,

    /* U+0036 "6" */
    0x0, 0x8, 0xef, 0xd8, 0x0, 0x0, 0xcf, 0xff,
    0xff, 0xb0, 0x7, 0xff, 0x51, 0x6f, 0xf5, 0xe,
    0xf7, 0x0, 0x4, 0x42, 0x1f, 0xf3, 0x9e, 0xfb,
    0x20, 0x3f, 0xfc, 0xfc, 0xff, 0xe1, 0x3f, 0xfd,
    0x10, 0x4f, 0xf7, 0x2f, 0xf6, 0x0, 0xb, 0xfa,
    0xf, 0xf7, 0x0, 0xc, 0xf9, 0xa, 0xfe, 0x20,
    0x6f, 0xf5, 0x1, 0xef, 0xff, 0xff, 0xb0, 0x0,
    0x19, 0xef, 0xd7, 0x0,

    /* U+0037 "7" */
    0x6f, 0xff, 0xff, 0xff, 0xb6, 0xff, 0xff, 0xff,
    0xfb, 0x0, 0x0, 0x1, 0xff, 0x70, 0x0, 0x0,
    0x7f, 0xf0, 0x0, 0x0, 0xe, 0xf8, 0x0, 0x0,
    0x7, 0xff, 0x10, 0x0, 0x0, 0xef, 0x80, 0x0,
    0x0, 0x6f, 0xf1, 0x0, 0x0, 0xe, 0xf9, 0x0,
    0x0, 0x6, 0xff, 0x10, 0x0, 0x0, 0xdf, 0x90,
    0x0, 0x0, 0x5f, 0xf1, 0x0, 0x0,

    /* U+0038 "8" */
    0x0, 0x3b, 0xef, 0xd7, 0x0, 0x4, 0xff, 0xfe,
    0xff, 0xa0, 0xb, 0xfd, 0x10, 0x7f, 0xf2, 0xc,
    0xf8, 0x0, 0x2f, 0xf3, 0x7, 0xfe, 0x31, 0x9f,
    0xd0, 0x0, 0x7f, 0xff, 0xfb, 0x10, 0x3, 0xef,
    0xed, 0xff, 0x80, 0xe, 0xfa, 0x0, 0x4f, 0xf5,
    0x3f, 0xf4, 0x0, 0xd, 0xfa, 0x1f, 0xfa, 0x0,
    0x3f, 0xf8, 0x8, 0xff, 0xed, 0xff, 0xe1, 0x0,
    0x5c, 0xff, 0xd8, 0x10,

    /* U+0039 "9" */
    0x0, 0x4b, 0xef, 0xc4, 0x0, 0x5, 0xff, 0xff,
    0xff, 0x60, 0xe, 0xfb, 0x10, 0xaf, 0xf1, 0x3f,
    0xf2, 0x0, 0xf, 0xf6, 0x3f, 0xf2, 0x0, 0xf,
    0xf9, 0xf, 0xfc, 0x11, 0xaf, 0xfa, 0x6, 0xff,
    0xff, 0xdc, 0xf9, 0x0, 0x4a, 0xb8, 0x1c, 0xf8,
    0x7, 0x72, 0x0, 0x1f, 0xf4, 0xe, 0xfc, 0x23,
    0xcf, 0xd0, 0x4, 0xff, 0xff, 0xff, 0x40, 0x0,
    0x4b, 0xff, 0xb3, 0x0,

    /* U+003A ":" */
    0x2a, 0x60, 0x9f, 0xf0, 0x5f, 0xa0, 0x0, 0x0,
    0x0, 0x0, 0x0, 0x0, 0x2a, 0x60, 0x9f, 0xf0,
    0x5f, 0xa0,

    /* U+003B ";" */
    0x1, 0xa7, 0x0, 0x7f, 0xf1, 0x3, 0xec, 0x0,
    0x0, 0x0, 0x0, 0x0, 0x0, 0x0, 0x0, 0x0,
    0x0, 0x0, 0x6e, 0xc0, 0x9, 0xf8, 0x0, 0xbf,
    0x40, 0xd, 0xf0, 0x0, 0xfa, 0x0,

    /* U+003C "<" */
    0x0, 0x0, 0x0, 0x0, 0x10, 0x0, 0x0, 0x18,
    0xe4, 0x0, 0x2, 0x9f, 0xff, 0x40, 0x3b, 0xff,
    0xfb, 0x40, 0x9f, 0xfe, 0x82, 0x0, 0xb, 0xff,
    0x60, 0x0, 0x0, 0x4c, 0xff, 0xf9, 0x20, 0x0,
    0x3, 0xbf, 0xff, 0xc2, 0x0, 0x0, 0x29, 0xff,
    0x40, 0x0, 0x0, 0x1, 0x83,

    /* U+003D "=" */
    0x7f, 0xff, 0xff, 0xff, 0x57, 0xff, 0xff, 0xff,
    0xf5, 0x0, 0x0, 0x0, 0x0, 0x0, 0x0, 0x0,
    0x0, 0x0, 0x7f, 0xff, 0xff, 0xff, 0x57, 0xff,
    0xff, 0xff, 0xf5,

    /* U+003E ">" */
    0x10, 0x0, 0x0, 0x0, 0x6, 0xe7, 0x0, 0x0,
    0x0, 0x6f, 0xff, 0x81, 0x0, 0x0, 0x5c, 0xff,
    0xfa, 0x20, 0x0, 0x2, 0x9f, 0xff, 0x70, 0x0,
    0x1, 0x8f, 0xf9, 0x0, 0x3a, 0xff, 0xfb, 0x33,
    0xcf, 0xff, 0xa2, 0x0, 0x6f, 0xf8, 0x10, 0x0,
    0x4, 0x70, 0x0, 0x0, 0x0,

    /* U+003F "?" */
    0x1, 0x9e, 0xfd, 0x80, 0x0, 0xcf, 0xff, 0xff,
    0xa0, 0x3f, 0xf4, 0x8, 0xff, 0x12, 0x55, 0x0,
    0x4f, 0xf2, 0x0, 0x0, 0x1d, 0xfd, 0x0, 0x0,
    0x3e, 0xfd, 0x20, 0x0, 0xb, 0xfb, 0x0, 0x0,
    0x0, 0xef, 0x30, 0x0, 0x0, 0x3, 0x30, 0x0,
    0x0, 0x0, 0x89, 0x10, 0x0, 0x0, 0x3f, 0xf6,
    0x0, 0x0, 0x1, 0xde, 0x20, 0x0,

    /* U+0040 "@" */
    0x0, 0x0, 0x39, 0xdf, 0xfe, 0xa5, 0x0, 0x0,
    0x0, 0x9, 0xff, 0xfe, 0xde, 0xff, 0xc1, 0x0,
    0x0, 0x9f, 0xe6, 0x10, 0x0, 0x2a, 0xfe, 0x10,
    0x4, 0xfe, 0x20, 0x7c, 0xb4, 0xd7, 0x9f, 0xa0,
    0xc, 0xf5, 0xa, 0xff, 0xff, 0xf9, 0xe, 0xf1,
    0xf, 0xf0, 0x3f, 0xd1, 0x1b, 0xf9, 0x9, 0xf5,
    0x3f, 0xc0, 0x7f, 0x50, 0x3, 0xf9, 0x6, 0xf7,
    0x3f, 0xb0, 0x9f, 0x20, 0x2, 0xf9, 0x6, 0xf7,
    0x3f, 0xc0, 0x8f, 0x40, 0x2, 0xf9, 0x7, 0xf6,
    0x1f, 0xf0, 0x4f, 0x80, 0x7, 0xfa, 0xa, 0xf2,
    0xd, 0xf5, 0xd, 0xfa, 0xaf, 0xee, 0x9f, 0xc0,
    0x6, 0xfe, 0x11, 0xbf, 0xe7, 0x4d, 0xfb, 0x10,
    0x0, 0xbf, 0xe6, 0x10, 0x0, 0x1, 0x0, 0x0,
    0x0, 0xa, 0xff, 0xfe, 0xde, 0xfe, 0x0, 0x0,
    0x0, 0x0, 0x39, 0xdf, 0xfe, 0xc7, 0x0, 0x0,

    /* U+0041 "A" */
    0x0, 0x0, 0xcf, 0xfa, 0x0, 0x0, 0x0, 0x2,
    0xff, 0xff, 0x0, 0x0, 0x0, 0x7, 0xfc, 0xef,
    0x50, 0x0, 0x0, 0xc, 0xf8, 0xaf, 0xa0, 0x0,
    0x0, 0x2f, 0xf3, 0x6f, 0xf0, 0x0, 0x0, 0x7f,
    0xf0, 0x1f, 0xf5, 0x0, 0x0, 0xcf, 0xa0, 0xc,
    0xfb, 0x0, 0x1, 0xff, 0xfe, 0xef, 0xff, 0x0,
    0x7, 0xff, 0xff, 0xff, 0xff, 0x50, 0xc, 0xfb,
    0x0, 0x0, 0xdf, 0xb0, 0x1f, 0xf7, 0x0, 0x0,
    0x8f, 0xf1, 0x7f, 0xf2, 0x0, 0x0, 0x3f, 0xf6,

    /* U+0042 "B" */
    0xff, 0xff, 0xfe, 0xb3, 0xf, 0xff, 0xff, 0xff,
    0xf1, 0xff, 0x70, 0x5, 0xff, 0x7f, 0xf7, 0x0,
    0xf, 0xf7, 0xff, 0x70, 0x7, 0xfe, 0x1f, 0xff,
    0xff, 0xfd, 0x20, 0xff, 0xda, 0xbe, 0xfe, 0x2f,
    0xf7, 0x0, 0xc, 0xfb, 0xff, 0x70, 0x0, 0x8f,
    0xef, 0xf7, 0x0, 0x2d, 0xfd, 0xff, 0xff, 0xff,
    0xff, 0x6f, 0xff, 0xff, 0xfc, 0x50,

    /* U+0043 "C" */
    0x0, 0x5, 0xbe, 0xfd, 0x70, 0x0, 0x0, 0x9f,
    0xff, 0xff, 0xfc, 0x0, 0x5, 0xff, 0xb4, 0x38,
    0xff, 0x90, 0xd, 0xfc, 0x0, 0x0, 0x8f, 0xf0,
    0x1f, 0xf5, 0x0, 0x0, 0x2, 0x20, 0x3f, 0xf3,
    0x0, 0x0, 0x0, 0x0, 0x3f, 0xf3, 0x0, 0x0,
    0x0, 0x0, 0x1f, 0xf5, 0x0, 0x0, 0x2, 0x20,
    0xd, 0xfc, 0x0, 0x0, 0x8f, 0xf0, 0x5, 0xff,
    0xb4, 0x38, 0xff, 0x90, 0x0, 0x9f, 0xff, 0xff,
    0xfc, 0x0, 0x0, 0x5, 0xbe, 0xfd, 0x60, 0x0,

    /* U+0044 "D" */
    0xff, 0xff, 0xfd, 0x81, 0x0, 0xff, 0xff, 0xff,
    0xfe, 0x30, 0xff, 0x71, 0x25, 0xef, 0xe0, 0xff,
    0x70, 0x0, 0x2f, 0xf6, 0xff, 0x70, 0x0, 0xb,
    0xfa, 0xff, 0x70, 0x0, 0x9, 0xfc, 0xff, 0x70,
    0x0, 0x9, 0xfc, 0xff, 0x70, 0x0, 0xb, 0xfa,
    0xff, 0x70, 0x0, 0x2f, 0xf6, 0xff, 0x71, 0x25,
    0xef, 0xe0, 0xff, 0xff, 0xff, 0xfe, 0x30, 0xff,
    0xff, 0xfd, 0x81, 0x0,

    /* U+0045 "E" */
    0xff, 0xff, 0xff, 0xfd, 0xff, 0xff, 0xff, 0xfd,
    0xff, 0x70, 0x0, 0x0, 0xff, 0x70, 0x0, 0x0,
    0xff, 0x70, 0x0, 0x0, 0xff, 0xff, 0xff, 0xf6,
    0xff, 0xff, 0xff, 0xf7, 0xff, 0x70, 0x0, 0x0,
    0xff, 0x70, 0x0, 0x0, 0xff, 0x70, 0x0, 0x0,
    0xff, 0xff, 0xff, 0xfd, 0xff, 0xff, 0xff, 0xfd,

    /* U+0046 "F" */
    0xff, 0xff, 0xff, 0xfb, 0xff, 0xff, 0xff, 0xfb,
    0xff, 0x70, 0x0, 0x0, 0xff, 0x70, 0x0, 0x0,
    0xff, 0x70, 0x0, 0x0, 0xff, 0xff, 0xff, 0xf3,
    0xff, 0xff, 0xff, 0xf3, 0xff, 0x70, 0x0, 0x0,
    0xff, 0x70, 0x0, 0x0, 0xff, 0x70, 0x0, 0x0,
    0xff, 0x70, 0x0, 0x0, 0xff, 0x70, 0x0, 0x0,

    /* U+0047 "G" */
    0x0, 0x4, 0xbe, 0xfd, 0x70, 0x0, 0x0, 0x8f,
    0xff, 0xff, 0xfd, 0x10, 0x5, 0xff, 0xb4, 0x37,
    0xff, 0xb0, 0xc, 0xfc, 0x0, 0x0, 0x5b, 0xb0,
    0x1f, 0xf5, 0x0, 0x0, 0x0, 0x0, 0x3f, 0xf3,
    0x0, 0x8d, 0xdd, 0xd3, 0x3f, 0xf3, 0x0, 0x9f,
    0xff, 0xf3, 0x1f, 0xf5, 0x0, 0x0, 0x2f, 0xf2,
    0xd, 0xfc, 0x0, 0x0, 0x7f, 0xf0, 0x5, 0xff,
    0xb4, 0x37, 0xff, 0x80, 0x0, 0x9f, 0xff, 0xff,
    0xfc, 0x0, 0x0, 0x5, 0xbe, 0xfd, 0x70, 0x0,

    /* U+0048 "H" */
    0xff, 0x70, 0x0, 0x7, 0xfe, 0xff, 0x70, 0x0,
    0x7, 0xfe, 0xff, 0x70, 0x0, 0x7, 0xfe, 0xff,
    0x70, 0x0, 0x7, 0xfe, 0xff, 0x70, 0x0, 0x7,
    0xfe, 0xff, 0xff, 0xff, 0xff, 0xfe, 0xff, 0xff,
    0xff, 0xff, 0xfe, 0xff, 0x70, 0x0, 0x7, 0xfe,
    0xff, 0x70, 0x0, 0x7, 0xfe, 0xff, 0x70, 0x0,
    0x7, 0xfe, 0xff, 0x70, 0x0, 0x7, 0xfe, 0xff,
    0x70, 0x0, 0x7, 0xfe,

    /* U+0049 "I" */
    0xff, 0x7f, 0xf7, 0xff, 0x7f, 0xf7, 0xff, 0x7f,
    0xf7, 0xff, 0x7f, 0xf7, 0xff, 0x7f, 0xf7, 0xff,
    0x7f, 0xf7,

    /* U+004A "J" */
    0x0, 0x0, 0x1, 0xff, 0x40, 0x0, 0x0, 0x1f,
    0xf4, 0x0, 0x0, 0x1, 0xff, 0x40, 0x0, 0x0,
    0x1f, 0xf4, 0x0, 0x0, 0x1, 0xff, 0x40, 0x0,
    0x0, 0x1f, 0xf4, 0x0, 0x0, 0x1, 0xff, 0x43,
    0x65, 0x0, 0x1f, 0xf4, 0x7f, 0xf0, 0x1, 0xff,
    0x44, 0xff, 0x50, 0x7f, 0xf2, 0xd, 0xff, 0xff,
    0xfa, 0x0, 0x19, 0xdf, 0xd7, 0x0,

    /* U+004B "K" */
    0xff, 0x70, 0x0, 0x5f, 0xf9, 0xf, 0xf7, 0x0,
    0x3f, 0xfb, 0x0, 0xff, 0x70, 0x1e, 0xfd, 0x0,
    0xf, 0xf6, 0xc, 0xfe, 0x20, 0x0, 0xff, 0x69,
    0xff, 0x30, 0x0, 0xf, 0xfa, 0xff, 0xd0, 0x0,
    0x0, 0xff, 0xff, 0xff, 0x80, 0x0, 0xf, 0xff,
    0x69, 0xff, 0x20, 0x0, 0xff, 0x90, 0xe, 0xfc,
    0x0, 0xf, 0xf7, 0x0, 0x4f, 0xf7, 0x0, 0xff,
    0x70, 0x0, 0xaf, 0xf2, 0xf, 0xf7, 0x0, 0x1,
    0xef, 0xc0,

    /* U+004C "L" */
    0xff, 0x70, 0x0, 0x0, 0xff, 0x70, 0x0, 0x0,
    0xff, 0x70, 0x0, 0x0, 0xff, 0x70, 0x0, 0x0,
    0xff, 0x70, 0x0, 0x0, 0xff, 0x70, 0x0, 0x0,
    0xff, 0x70, 0x0, 0x0, 0xff, 0x70, 0x0, 0x0,
    0xff, 0x70, 0x0, 0x0, 0xff, 0x70, 0x0, 0x0,
    0xff, 0xff, 0xff, 0xf7, 0xff, 0xff, 0xff, 0xf7,

    /* U+004D "M" */
    0xff, 0xfe, 0x0, 0x0, 0xf, 0xff, 0xdf, 0xff,
    0xf3, 0x0, 0x5, 0xff, 0xfd, 0xff, 0xef, 0x90,
    0x0, 0xaf, 0xef, 0xdf, 0xfa, 0xfe, 0x0, 0xf,
    0xfa, 0xfd, 0xff, 0x7f, 0xf4, 0x5, 0xfe, 0x8f,
    0xdf, 0xf6, 0xcf, 0x90, 0xaf, 0xa8, 0xfd, 0xff,
    0x67, 0xfd, 0xe, 0xf5, 0x8f, 0xdf, 0xf6, 0x1f,
    0xf4, 0xff, 0x8, 0xfd, 0xff, 0x60, 0xcf, 0xbf,
    0xa0, 0x8f, 0xdf, 0xf6, 0x6, 0xff, 0xf5, 0x8,
    0xfd, 0xff, 0x60, 0x1f, 0xff, 0x0, 0x8f, 0xdf,
    0xf6, 0x0, 0xbf, 0xa0, 0x8, 0xfd,

    /* U+004E "N" */
    0xff, 0xe1, 0x0, 0x4, 0xff, 0x2f, 0xff, 0xa0,
    0x0, 0x4f, 0xf2, 0xff, 0xff, 0x30, 0x4, 0xff,
    0x2f, 0xfc, 0xfd, 0x0, 0x4f, 0xf2, 0xff, 0x7e,
    0xf7, 0x4, 0xff, 0x2f, 0xf7, 0x6f, 0xf1, 0x4f,
    0xf2, 0xff, 0x70, 0xdf, 0xa4, 0xff, 0x2f, 0xf8,
    0x4, 0xff, 0x6f, 0xf2, 0xff, 0x80, 0xa, 0xfd,
    0xff, 0x2f, 0xf8, 0x0, 0x1f, 0xff, 0xf2, 0xff,
    0x80, 0x0, 0x6f, 0xff, 0x2f, 0xf8, 0x0, 0x0,
    0xcf, 0xf2,

    /* U+004F "O" */
    0x0, 0x4, 0xbe, 0xfd, 0x70, 0x0, 0x0, 0x8f,
    0xff, 0xff, 0xfd, 0x10, 0x5, 0xff, 0xb4, 0x37,
    0xff, 0xa0, 0xd, 0xfc, 0x0, 0x0, 0x7f, 0xf2,
    0x1f, 0xf5, 0x0, 0x0, 0xf, 0xf6, 0x3f, 0xf3,
    0x0, 0x0, 0xd, 0xf8, 0x3f, 0xf3, 0x0, 0x0,
    0xd, 0xf8, 0x1f, 0xf5, 0x0, 0x0, 0xf, 0xf6,
    0xd, 0xfc, 0x0, 0x0, 0x7f, 0xf2, 0x5, 0xff,
    0xb4, 0x37, 0xff, 0xa0, 0x0, 0x9f, 0xff, 0xff,
    0xfd, 0x10, 0x0, 0x4, 0xbe, 0xfd, 0x70, 0x0,

    /* U+0050 "P" */
    0xff, 0xff, 0xfe, 0x91, 0xf, 0xff, 0xff, 0xff,
    0xd1, 0xff, 0x70, 0x6, 0xff, 0x7f, 0xf7, 0x0,
    0xd, 0xfb, 0xff, 0x70, 0x0, 0xcf, 0xbf, 0xf7,
    0x0, 0x5f, 0xf7, 0xff, 0xff, 0xff, 0xfe, 0x1f,
    0xff, 0xff, 0xe9, 0x10, 0xff, 0x70, 0x0, 0x0,
    0xf, 0xf7, 0x0, 0x0, 0x0, 0xff, 0x70, 0x0,
    0x0, 0xf, 0xf7, 0x0, 0x0, 0x0,

    /* U+0051 "Q" */
    0x0, 0x4, 0xbe, 0xfd, 0x70, 0x0, 0x0, 0x8f,
    0xff, 0xff, 0xfd, 0x10, 0x5, 0xff, 0xb4, 0x37,
    0xff, 0xa0, 0xd, 0xfc, 0x0, 0x0, 0x7f, 0xf2,
    0x1f, 0xf5, 0x0, 0x0, 0xf, 0xf6, 0x3f, 0xf3,
    0x0, 0x0, 0xd, 0xf8, 0x3f, 0xf3, 0x0, 0x0,
    0xd, 0xf8, 0x1f, 0xf5, 0x1, 0x31, 0xf, 0xf6,
    0xd, 0xfc, 0x1, 0xee, 0x8f, 0xf2, 0x5, 0xff,
    0xb4, 0x7f, 0xff, 0xb0, 0x0, 0x9f, 0xff, 0xff,
    0xff, 0x10, 0x0, 0x4, 0xbe, 0xfd, 0xdf, 0x60,
    0x0, 0x0, 0x0, 0x0, 0x2f, 0xf2,

    /* U+0052 "R" */
    0xff, 0xff, 0xfe, 0x91, 0x0, 0xff, 0xff, 0xff,
    0xfe, 0x10, 0xff, 0x70, 0x6, 0xff, 0x70, 0xff,
    0x70, 0x0, 0xdf, 0xb0, 0xff, 0x70, 0x0, 0xcf,
    0xb0, 0xff, 0x70, 0x6, 0xff, 0x80, 0xff, 0xff,
    0xff, 0xfe, 0x10, 0xff, 0xff, 0xff, 0xe1, 0x0,
    0xff, 0x70, 0x6f, 0xf3, 0x0, 0xff, 0x70, 0xd,
    0xfc, 0x0, 0xff, 0x70, 0x4, 0xff, 0x50, 0xff,
    0x70, 0x0, 0xbf, 0xd0,

    /* U+0053 "S" */
    0x0, 0x3a, 0xef, 0xd9, 0x10, 0x4, 0xff, 0xff,
    0xff, 0xd0, 0xd, 0xfd, 0x31, 0x5f, 0xf7, 0xf,
    0xf8, 0x0, 0x5, 0x84, 0xc, 0xfe, 0x61, 0x0,
    0x0, 0x3, 0xef, 0xff, 0xd7, 0x0, 0x0, 0x17,
    0xcf, 0xff, 0xe1, 0x0, 0x0, 0x0, 0x6f, 0xfa,
    0x3d, 0xc1, 0x0, 0xa, 0xfc, 0x1f, 0xfb, 0x31,
    0x5e, 0xfa, 0x7, 0xff, 0xff, 0xff, 0xf2, 0x0,
    0x5b, 0xef, 0xea, 0x20,

    /* U+0054 "T" */
    0x6f, 0xff, 0xff, 0xff, 0xff, 0x16, 0xff, 0xff,
    0xff, 0xff, 0xf1, 0x0, 0x0, 0xdf, 0x80, 0x0,
    0x0, 0x0, 0xd, 0xf8, 0x0, 0x0, 0x0, 0x0,
    0xdf, 0x80, 0x0, 0x0, 0x0, 0xd, 0xf8, 0x0,
    0x0, 0x0, 0x0, 0xdf, 0x80, 0x0, 0x0, 0x0,
    0xd, 0xf8, 0x0, 0x0, 0x0, 0x0, 0xdf, 0x80,
    0x0, 0x0, 0x0, 0xd, 0xf8, 0x0, 0x0, 0x0,
    0x0, 0xdf, 0x80, 0x0, 0x0, 0x0, 0xd, 0xf8,
    0x0, 0x0,

    /* U+0055 "U" */
    0xff, 0x70, 0x0, 0xb, 0xfa, 0xff, 0x70, 0x0,
    0xb, 0xfa, 0xff, 0x70, 0x0, 0xb, 0xfa, 0xff,
    0x70, 0x0, 0xb, 0xfa, 0xff, 0x70, 0x0, 0xb,
    0xfa, 0xff, 0x70, 0x0, 0xb, 0xfa, 0xff, 0x70,
    0x0, 0xb, 0xfa, 0xef, 0x70, 0x0, 0xb, 0xfa,
    0xdf, 0xa0, 0x0, 0xe, 0xf9, 0x8f, 0xf9, 0x34,
    0xcf, 0xf4, 0xd, 0xff, 0xff, 0xff, 0x90, 0x0,
    0x7d, 0xff, 0xc5, 0x0,

    /* U+0056 "V" */
    0x7f, 0xf3, 0x0, 0x0, 0x3f, 0xf6, 0x1f, 0xf8,
    0x0, 0x0, 0x8f, 0xf1, 0xc, 0xfd, 0x0, 0x0,
    0xdf, 0xb0, 0x6, 0xff, 0x20, 0x2, 0xff, 0x60,
    0x1, 0xff, 0x70, 0x7, 0xff, 0x10, 0x0, 0xbf,
    0xc0, 0xc, 0xfb, 0x0, 0x0, 0x6f, 0xf1, 0x1f,
    0xf6, 0x0, 0x0, 0x1f, 0xf6, 0x5f, 0xf1, 0x0,
    0x0, 0xb, 0xfa, 0x9f, 0xb0, 0x0, 0x0, 0x6,
    0xfe, 0xdf, 0x60, 0x0, 0x0, 0x1, 0xff, 0xff,
    0x10, 0x0, 0x0, 0x0, 0xbf, 0xfb, 0x0, 0x0,

    /* U+0057 "W" */
    0x7f, 0xf1, 0x0, 0x1f, 0xfa, 0x0, 0x8, 0xff,
    0x13, 0xff, 0x50, 0x4, 0xff, 0xe0, 0x0, 0xbf,
    0xd0, 0xf, 0xf8, 0x0, 0x8f, 0xff, 0x20, 0xf,
    0xf9, 0x0, 0xbf, 0xc0, 0xc, 0xfd, 0xf6, 0x3,
    0xff, 0x40, 0x7, 0xff, 0x0, 0xff, 0x7f, 0x90,
    0x6f, 0xf0, 0x0, 0x2f, 0xf3, 0x4f, 0xd3, 0xfd,
    0xa, 0xfc, 0x0, 0x0, 0xef, 0x77, 0xf9, 0xf,
    0xf1, 0xdf, 0x80, 0x0, 0xa, 0xfa, 0xaf, 0x50,
    0xcf, 0x5f, 0xf4, 0x0, 0x0, 0x6f, 0xcd, 0xf1,
    0x8, 0xfa, 0xff, 0x0, 0x0, 0x2, 0xff, 0xfd,
    0x0, 0x4f, 0xff, 0xb0, 0x0, 0x0, 0xe, 0xff,
    0x90, 0x0, 0xff, 0xf7, 0x0, 0x0, 0x0, 0x9f,
    0xf5, 0x0, 0xc, 0xff, 0x30, 0x0,

    /* U+0058 "X" */
    0xd, 0xfd, 0x0, 0x0, 0xef, 0xb0, 0x4, 0xff,
    0x70, 0x9, 0xff, 0x20, 0x0, 0x9f, 0xf1, 0x3f,
    0xf7, 0x0, 0x0, 0xe, 0xf9, 0xbf, 0xc0, 0x0,
    0x0, 0x4, 0xff, 0xff, 0x20, 0x0, 0x0, 0x0,
    0xaf, 0xf8, 0x0, 0x0, 0x0, 0x0, 0xdf, 0xfc,
    0x0, 0x0, 0x0, 0x8, 0xfe, 0xff, 0x70, 0x0,
    0x0, 0x3f, 0xf6, 0x9f, 0xf2, 0x0, 0x0, 0xdf,
    0xc0, 0x1e, 0xfc, 0x0, 0x9, 0xff, 0x20, 0x6,
    0xff, 0x60, 0x4f, 0xf7, 0x0, 0x0, 0xbf, 0xf2,

    /* U+0059 "Y" */
    0x5f, 0xf6, 0x0, 0x0, 0xbf, 0xf1, 0xb, 0xfe,
    0x0, 0x3, 0xff, 0x70, 0x2, 0xff, 0x70, 0xb,
    0xfd, 0x0, 0x0, 0x9f, 0xf1, 0x4f, 0xf5, 0x0,
    0x0, 0x1e, 0xf8, 0xbf, 0xc0, 0x0, 0x0, 0x7,
    0xff, 0xff, 0x30, 0x0, 0x0, 0x0, 0xdf, 0xfa,
    0x0, 0x0, 0x0, 0x0, 0x5f, 0xf2, 0x0, 0x0,
    0x0, 0x0, 0x4f, 0xf1, 0x0, 0x0, 0x0, 0x0,
    0x4f, 0xf1, 0x0, 0x0, 0x0, 0x0, 0x4f, 0xf1,
    0x0, 0x0, 0x0, 0x0, 0x4f, 0xf1, 0x0, 0x0,

    /* U+005A "Z" */
    0x2f, 0xff, 0xff, 0xff, 0xfb, 0x2f, 0xff, 0xff,
    0xff, 0xfa, 0x0, 0x0, 0x0, 0x8f, 0xe1, 0x0,
    0x0, 0x4, 0xff, 0x50, 0x0, 0x0, 0x1e, 0xfa,
    0x0, 0x0, 0x0, 0xaf, 0xe1, 0x0, 0x0, 0x5,
    0xff, 0x40, 0x0, 0x0, 0x1e, 0xf9, 0x0, 0x0,
    0x0, 0xbf, 0xd0, 0x0, 0x0, 0x6, 0xff, 0x20,
    0x0, 0x0, 0xf, 0xff, 0xff, 0xff, 0xfc, 0x1f,
    0xff, 0xff, 0xff, 0xfc,

    /* U+005B "[" */
    0x7d, 0xdd, 0x39, 0xff, 0xf3, 0x9f, 0xb0, 0x9,
    0xfb, 0x0, 0x9f, 0xb0, 0x9, 0xfb, 0x0, 0x9f,
    0xb0, 0x9, 0xfb, 0x0, 0x9f, 0xb0, 0x9, 0xfb,
    0x0, 0x9f, 0xb0, 0x9, 0xfb, 0x0, 0x9f, 0xb0,
    0x9, 0xff, 0xd3, 0x9f, 0xff, 0x30,

    /* U+005C "\\" */
    0xaf, 0x60, 0x0, 0x6f, 0xa0, 0x0, 0x1f, 0xe0,
    0x0, 0xd, 0xf2, 0x0, 0x9, 0xf7, 0x0, 0x4,
    0xfb, 0x0, 0x0, 0xff, 0x0, 0x0, 0xcf, 0x40,
    0x0, 0x8f, 0x80, 0x0, 0x3f, 0xc0, 0x0, 0xf,
    0xf1, 0x0, 0xb, 0xf5, 0x0, 0x6, 0xf9, 0x0,
    0x2, 0xfd,

    /* U+005D "]" */
    0x2d, 0xdd, 0x83, 0xff, 0xfa, 0x0, 0xaf, 0xa0,
    0xa, 0xfa, 0x0, 0xaf, 0xa0, 0xa, 0xfa, 0x0,
    0xaf, 0xa0, 0xa, 0xfa, 0x0, 0xaf, 0xa0, 0xa,
    0xfa, 0x0, 0xaf, 0xa0, 0xa, 0xfa, 0x0, 0xaf,
    0xa2, 0xde, 0xfa, 0x3f, 0xff, 0xa0,

    /* U+005E "^" */
    0x0, 0x4f, 0xf1, 0x0, 0x0, 0xce, 0xf9, 0x0,
    0x4, 0xf7, 0xaf, 0x10, 0xb, 0xf0, 0x3f, 0x80,
    0x3f, 0x90, 0xc, 0xf1,

    /* U+005F "_" */
    0xdd, 0xdd, 0xdd, 0xd8, 0xff, 0xff, 0xff, 0xfa,

    /* U+0060 "`" */
    0x47, 0x40, 0x2f, 0xd0, 0x7, 0xf4,

    /* U+0061 "a" */
    0x0, 0x7d, 0xfe, 0x91, 0x0, 0xbf, 0xfd, 0xff,
    0xc0, 0x8, 0xb2, 0x3, 0xff, 0x30, 0x0, 0x35,
    0x9f, 0xf4, 0x7, 0xff, 0xfe, 0xff, 0x44, 0xff,
    0x61, 0xf, 0xf4, 0x7f, 0xd0, 0x5, 0xff, 0x43,
    0xff, 0xdc, 0xef, 0xf4, 0x6, 0xdf, 0xc3, 0xef,
    0x40,

    /* U+0062 "b" */
    0xff, 0x50, 0x0, 0x0, 0xf, 0xf5, 0x0, 0x0,
    0x0, 0xff, 0x50, 0x0, 0x0, 0xf, 0xf5, 0x9f,
    0xe8, 0x0, 0xff, 0xdf, 0xff, 0xfa, 0xf, 0xfd,
    0x10, 0xaf, 0xf2, 0xff, 0x70, 0x1, 0xff, 0x5f,
    0xf5, 0x0, 0xf, 0xf6, 0xff, 0x70, 0x2, 0xff,
    0x5f, 0xfe, 0x10, 0xaf, 0xf2, 0xff, 0xdf, 0xff,
    0xfa, 0xf, 0xf5, 0x9e, 0xe8, 0x0,

    /* U+0063 "c" */
    0x0, 0x4c, 0xfe, 0xb3, 0x0, 0x6f, 0xff, 0xff,
    0xf2, 0xe, 0xfa, 0x0, 0xcf, 0x93, 0xff, 0x20,
    0x2, 0x20, 0x5f, 0xf1, 0x0, 0x0, 0x4, 0xff,
    0x20, 0x2, 0x30, 0xe, 0xfa, 0x0, 0xcf, 0xa0,
    0x6f, 0xff, 0xff, 0xf2, 0x0, 0x4c, 0xfe, 0xb3,
    0x0,

    /* U+0064 "d" */
    0x0, 0x0, 0x0, 0x4f, 0xf1, 0x0, 0x0, 0x0,
    0x4f, 0xf1, 0x0, 0x0, 0x0, 0x4f, 0xf1, 0x0,
    0x8e, 0xf9, 0x4f, 0xf1, 0x8, 0xff, 0xff, 0xdf,
    0xf1, 0xf, 0xfb, 0x1, 0xcf, 0xf1, 0x4f, 0xf3,
    0x0, 0x5f, 0xf1, 0x5f, 0xf1, 0x0, 0x3f, 0xf1,
    0x4f, 0xf3, 0x0, 0x5f, 0xf1, 0xf, 0xfb, 0x1,
    0xdf, 0xf1, 0x8, 0xff, 0xff, 0xdf, 0xf1, 0x0,
    0x8e, 0xea, 0x4f, 0xf1,

    /* U+0065 "e" */
    0x0, 0x4c, 0xfe, 0xa1, 0x0, 0x6f, 0xfd, 0xef,
    0xe1, 0xe, 0xf8, 0x0, 0xcf, 0x83, 0xff, 0x32,
    0x28, 0xfd, 0x5f, 0xff, 0xff, 0xff, 0xe4, 0xff,
    0x55, 0x55, 0x54, 0xf, 0xf7, 0x0, 0x68, 0x40,
    0x6f, 0xfe, 0xdf, 0xf5, 0x0, 0x5c, 0xff, 0xc4,
    0x0,

    /* U+0066 "f" */
    0x0, 0x5, 0x76, 0x0, 0xb, 0xff, 0xf0, 0x2,
    0xff, 0x96, 0x0, 0x4f, 0xf0, 0x0, 0xdf, 0xff,
    0xfd, 0xb, 0xef, 0xfd, 0xb0, 0x4, 0xff, 0x0,
    0x0, 0x4f, 0xf0, 0x0, 0x4, 0xff, 0x0, 0x0,
    0x4f, 0xf0, 0x0, 0x4, 0xff, 0x0, 0x0, 0x4f,
    0xf0, 0x0, 0x4, 0xff, 0x0, 0x0,

    /* U+0067 "g" */
    0x0, 0x7e, 0xea, 0x3f, 0xf1, 0x8, 0xff, 0xff,
    0xdf, 0xf1, 0xf, 0xfa, 0x1, 0xcf, 0xf1, 0x4f,
    0xf3, 0x0, 0x6f, 0xf1, 0x5f, 0xf1, 0x0, 0x3f,
    0xf1, 0x4f, 0xf2, 0x0, 0x5f, 0xf1, 0x1f, 0xfa,
    0x0, 0xbf, 0xf1, 0x9, 0xff, 0xee, 0xdf, 0xf1,
    0x0, 0x8e, 0xfa, 0x4f, 0xf1, 0x2, 0x51, 0x0,
    0x6f, 0xf0, 0xb, 0xff, 0xcd, 0xff, 0x70, 0x0,
    0x8d, 0xff, 0xc6, 0x0,

    /* U+0068 "h" */
    0xff, 0x40, 0x0, 0x0, 0xff, 0x40, 0x0, 0x0,
    0xff, 0x40, 0x0, 0x0, 0xff, 0x59, 0xee, 0x90,
    0xff, 0xcf, 0xff, 0xf8, 0xff, 0xd2, 0x1c, 0xfd,
    0xff, 0x60, 0x6, 0xff, 0xff, 0x50, 0x6, 0xff,
    0xff, 0x50, 0x6, 0xff, 0xff, 0x50, 0x6, 0xff,
    0xff, 0x50, 0x6, 0xff, 0xff, 0x50, 0x6, 0xff,

    /* U+0069 "i" */
    0x4, 0x60, 0xf, 0xf6, 0xb, 0xd2, 0x0, 0x0,
    0xf, 0xf5, 0xf, 0xf5, 0xf, 0xf5, 0xf, 0xf5,
    0xf, 0xf5, 0xf, 0xf5, 0xf, 0xf5, 0xf, 0xf5,
    0xf, 0xf5,

    /* U+006A "j" */
    0x0, 0x46, 0x0, 0xf, 0xf6, 0x0, 0xbd, 0x20,
    0x0, 0x0, 0x0, 0xff, 0x50, 0xf, 0xf5, 0x0,
    0xff, 0x50, 0xf, 0xf5, 0x0, 0xff, 0x50, 0xf,
    0xf5, 0x0, 0xff, 0x50, 0xf, 0xf5, 0x0, 0xff,
    0x50, 0x1f, 0xf4, 0x5f, 0xff, 0x16, 0xfc, 0x40,

    /* U+006B "k" */
    0xff, 0x50, 0x0, 0x0, 0xf, 0xf5, 0x0, 0x0,
    0x0, 0xff, 0x50, 0x0, 0x0, 0xf, 0xf5, 0x2,
    0xef, 0xa0, 0xff, 0x50, 0xdf, 0xc0, 0xf, 0xf5,
    0xbf, 0xd1, 0x0, 0xff, 0xdf, 0xf2, 0x0, 0xf,
    0xff, 0xff, 0x30, 0x0, 0xff, 0xdd, 0xfd, 0x0,
    0xf, 0xf5, 0x3f, 0xf8, 0x0, 0xff, 0x50, 0x8f,
    0xf3, 0xf, 0xf5, 0x0, 0xdf, 0xd0,

    /* U+006C "l" */
    0xff, 0x5f, 0xf5, 0xff, 0x5f, 0xf5, 0xff, 0x5f,
    0xf5, 0xff, 0x5f, 0xf5, 0xff, 0x5f, 0xf5, 0xff,
    0x5f, 0xf5,

    /* U+006D "m" */
    0xff, 0x4a, 0xed, 0x31, 0xae, 0xe6, 0xf, 0xfd,
    0xff, 0xfd, 0xcf, 0xff, 0xf4, 0xff, 0xb0, 0x2f,
    0xfb, 0x1, 0xef, 0x8f, 0xf5, 0x0, 0xdf, 0x70,
    0xb, 0xf9, 0xff, 0x50, 0xd, 0xf7, 0x0, 0xbf,
    0x9f, 0xf5, 0x0, 0xdf, 0x70, 0xb, 0xf9, 0xff,
    0x50, 0xd, 0xf7, 0x0, 0xbf, 0x9f, 0xf5, 0x0,
    0xdf, 0x70, 0xb, 0xf9, 0xff, 0x50, 0xd, 0xf7,
    0x0, 0xbf, 0x90,

    /* U+006E "n" */
    0xff, 0x49, 0xee, 0x90, 0xff, 0xcf, 0xff, 0xf8,
    0xff, 0xc0, 0xb, 0xfd, 0xff, 0x60, 0x6, 0xff,
    0xff, 0x50, 0x6, 0xff, 0xff, 0x50, 0x6, 0xff,
    0xff, 0x50, 0x6, 0xff, 0xff, 0x50, 0x6, 0xff,
    0xff, 0x50, 0x6, 0xff,

    /* U+006F "o" */
    0x0, 0x4c, 0xfe, 0xb3, 0x0, 0x6, 0xff, 0xff,
    0xff, 0x30, 0xe, 0xfa, 0x0, 0xdf, 0xc0, 0x3f,
    0xf3, 0x0, 0x5f, 0xf1, 0x5f, 0xf1, 0x0, 0x3f,
    0xf2, 0x4f, 0xf3, 0x0, 0x5f, 0xf1, 0xe, 0xfa,
    0x0, 0xdf, 0xc0, 0x6, 0xff, 0xff, 0xff, 0x30,
    0x0, 0x4c, 0xfe, 0xb3, 0x0,

    /* U+0070 "p" */
    0xff, 0x59, 0xee, 0x80, 0xf, 0xfd, 0xed, 0xff,
    0xa0, 0xff, 0xd0, 0x9, 0xff, 0x2f, 0xf7, 0x0,
    0x1f, 0xf5, 0xff, 0x50, 0x0, 0xff, 0x6f, 0xf7,
    0x0, 0x2f, 0xf5, 0xff, 0xe1, 0xa, 0xff, 0x2f,
    0xfd, 0xff, 0xff, 0xa0, 0xff, 0x59, 0xee, 0x80,
    0xf, 0xf5, 0x0, 0x0, 0x0, 0xff, 0x50, 0x0,
    0x0, 0xf, 0xf5, 0x0, 0x0, 0x0,

    /* U+0071 "q" */
    0x0, 0x8e, 0xf9, 0x4f, 0xf1, 0x8, 0xff, 0xff,
    0xcf, 0xf1, 0xf, 0xfb, 0x1, 0xcf, 0xf1, 0x4f,
    0xf3, 0x0, 0x5f, 0xf1, 0x5f, 0xf1, 0x0, 0x3f,
    0xf1, 0x4f, 0xf3, 0x0, 0x5f, 0xf1, 0xf, 0xfb,
    0x1, 0xdf, 0xf1, 0x8, 0xff, 0xff, 0xdf, 0xf1,
    0x0, 0x8e, 0xea, 0x4f, 0xf1, 0x0, 0x0, 0x0,
    0x4f, 0xf1, 0x0, 0x0, 0x0, 0x4f, 0xf1, 0x0,
    0x0, 0x0, 0x4f, 0xf1,

    /* U+0072 "r" */
    0x0, 0x0, 0x0, 0xff, 0x5c, 0xf3, 0xff, 0xef,
    0xf3, 0xff, 0xd2, 0x0, 0xff, 0x60, 0x0, 0xff,
    0x50, 0x0, 0xff, 0x50, 0x0, 0xff, 0x50, 0x0,
    0xff, 0x50, 0x0, 0xff, 0x50, 0x0,

    /* U+0073 "s" */
    0x1, 0x9e, 0xfe, 0x91, 0x0, 0xcf, 0xfc, 0xef,
    0xc0, 0x1f, 0xf4, 0x2, 0xa7, 0x0, 0xff, 0xd7,
    0x40, 0x0, 0x4, 0xdf, 0xff, 0xf7, 0x0, 0x0,
    0x26, 0xbf, 0xf3, 0x2b, 0xd1, 0x1, 0xff, 0x50,
    0xdf, 0xfc, 0xef, 0xd0, 0x1, 0xae, 0xfe, 0x91,
    0x0,

    /* U+0074 "t" */
    0xa, 0xfb, 0x0, 0xa, 0xfb, 0x0, 0xdf, 0xff,
    0xf5, 0xbf, 0xff, 0xd4, 0xa, 0xfb, 0x0, 0xa,
    0xfb, 0x0, 0xa, 0xfb, 0x0, 0xa, 0xfb, 0x0,
    0x9, 0xfc, 0x0, 0x6, 0xff, 0xf5, 0x0, 0x9e,
    0xf6,

    /* U+0075 "u" */
    0xff, 0x50, 0x6, 0xff, 0xff, 0x50, 0x6, 0xff,
    0xff, 0x50, 0x6, 0xff, 0xff, 0x50, 0x6, 0xff,
    0xff, 0x50, 0x6, 0xff, 0xff, 0x60, 0x7, 0xff,
    0xef, 0xc1, 0x2d, 0xff, 0x8f, 0xff, 0xfb, 0xff,
    0x9, 0xfe, 0x84, 0xff,

    /* U+0076 "v" */
    0x9f, 0xe0, 0x0, 0x4f, 0xf2, 0x3f, 0xf3, 0x0,
    0x9f, 0xd0, 0xd, 0xf8, 0x0, 0xef, 0x70, 0x8,
    0xfd, 0x3, 0xff, 0x10, 0x2, 0xff, 0x28, 0xfb,
    0x0, 0x0, 0xcf, 0x6c, 0xf6, 0x0, 0x0, 0x6f,
    0xbf, 0xf0, 0x0, 0x0, 0x1f, 0xff, 0xa0, 0x0,
    0x0, 0xb, 0xff, 0x40, 0x0,

    /* U+0077 "w" */
    0x9f, 0xd0, 0x6, 0xff, 0x0, 0x3f, 0xf3, 0x5f,
    0xf0, 0xa, 0xff, 0x30, 0x7f, 0xe0, 0xf, 0xf4,
    0xd, 0xff, 0x70, 0xbf, 0xa0, 0xc, 0xf8, 0x1f,
    0xbf, 0xb0, 0xef, 0x50, 0x7, 0xfb, 0x5f, 0x6d,
    0xe2, 0xff, 0x10, 0x2, 0xfe, 0x9f, 0x29, 0xf7,
    0xfc, 0x0, 0x0, 0xef, 0xee, 0x4, 0xfe, 0xf7,
    0x0, 0x0, 0x9f, 0xf9, 0x0, 0xff, 0xf3, 0x0,
    0x0, 0x5f, 0xf5, 0x0, 0xcf, 0xe0, 0x0,

    /* U+0078 "x" */
    0x3f, 0xf4, 0x0, 0xef, 0x80, 0x9f, 0xd0, 0x8f,
    0xd0, 0x1, 0xef, 0x6f, 0xf4, 0x0, 0x6, 0xff,
    0xfb, 0x0, 0x0, 0xf, 0xff, 0x40, 0x0, 0x8,
    0xfe, 0xfc, 0x0, 0x2, 0xff, 0x3e, 0xf6, 0x0,
    0xcf, 0xa0, 0x6f, 0xf1, 0x5f, 0xf2, 0x0, 0xdf,
    0xa0,

    /* U+0079 "y" */
    0x9f, 0xe0, 0x0, 0x4f, 0xf3, 0x2f, 0xf3, 0x0,
    0x9f, 0xd0, 0xc, 0xf8, 0x0, 0xef, 0x60, 0x6,
    0xfd, 0x4, 0xff, 0x10, 0x1, 0xff, 0x39, 0xfa,
    0x0, 0x0, 0xaf, 0x7e, 0xf4, 0x0, 0x0, 0x4f,
    0xdf, 0xe0, 0x0, 0x0, 0xe, 0xff, 0x80, 0x0,
    0x0, 0x9, 0xff, 0x20, 0x0, 0x0, 0xa, 0xfb,
    0x0, 0x0, 0xa, 0xef, 0xf3, 0x0, 0x0, 0xd,
    0xfd, 0x40, 0x0, 0x0,

    /* U+007A "z" */
    0xe, 0xff, 0xff, 0xff, 0x10, 0xef, 0xff, 0xff,
    0xf0, 0x0, 0x0, 0x3f, 0xf6, 0x0, 0x0, 0x1d,
    0xfa, 0x0, 0x0, 0xb, 0xfd, 0x0, 0x0, 0x7,
    0xff, 0x30, 0x0, 0x4, 0xff, 0x60, 0x0, 0x0,
    0xef, 0xff, 0xff, 0xf3, 0x1f, 0xff, 0xff, 0xff,
    0x30,

    /* U+007B "{" */
    0x0, 0x2, 0x65, 0x0, 0x8f, 0xfb, 0x0, 0xff,
    0xa3, 0x2, 0xff, 0x10, 0x2, 0xff, 0x0, 0x3,
    0xff, 0x0, 0x3a, 0xfd, 0x0, 0xef, 0xb2, 0x0,
    0xef, 0xe5, 0x0, 0x8, 0xfe, 0x0, 0x2, 0xff,
    0x0, 0x2, 0xff, 0x0, 0x1, 0xff, 0x30, 0x0,
    0xdf, 0xf9, 0x0, 0x2a, 0xeb,

    /* U+007C "|" */
    0x17, 0x70, 0x2f, 0xf1, 0x2f, 0xf1, 0x2f, 0xf1,
    0x2f, 0xf1, 0x2f, 0xf1, 0x2f, 0xf1, 0x2f, 0xf1,
    0x2f, 0xf1, 0x2f, 0xf1, 0x2f, 0xf1, 0x2f, 0xf1,
    0x2f, 0xf1, 0x2f, 0xf1, 0x2f, 0xf1, 0x2f, 0xf1,
    0x2f, 0xf1, 0x2f, 0xf1, 0x2f, 0xf1, 0x2f, 0xf1,

    /* U+007D "}" */
    0x17, 0x40, 0x0, 0x3, 0xff, 0xe1, 0x0, 0x16,
    0xef, 0x80, 0x0, 0x9, 0xfa, 0x0, 0x0, 0x8f,
    0xa0, 0x0, 0x7, 0xfb, 0x0, 0x0, 0x5f, 0xf5,
    0x10, 0x0, 0x7e, 0xf6, 0x0, 0xa, 0xff, 0x60,
    0x6, 0xfe, 0x20, 0x0, 0x8f, 0xb0, 0x0, 0x8,
    0xfa, 0x0, 0x0, 0xbf, 0x90, 0x2, 0xef, 0xf5,
    0x0, 0x3f, 0xd7, 0x0, 0x0,

    /* U+007E "~" */
    0x9, 0xfc, 0x20, 0x2a, 0x66, 0xff, 0xfe, 0x27,
    0xf8, 0xaf, 0x54, 0xff, 0xff, 0x48, 0xa0, 0x3,
    0xdf, 0x80,

    /* U+00A0 " " */

    /* U+00A1 "¡" */
    0x5f, 0xb0, 0x9f, 0xf0, 0x2a, 0x60, 0x1, 0x10,
    0x6f, 0xc0, 0x6f, 0xd0, 0x6f, 0xd0, 0x7f, 0xd0,
    0x7f, 0xe0, 0x7f, 0xe0, 0x8f, 0xe0, 0x8f, 0xf0,

    /* U+00A2 "¢" */
    0x0, 0x0, 0x95, 0x0, 0x0, 0x0, 0x6d, 0xb5,
    0x0, 0x2, 0xef, 0xff, 0xfb, 0x0, 0xcf, 0xec,
    0xaf, 0xf7, 0x2f, 0xf4, 0x95, 0x69, 0x54, 0xff,
    0x19, 0x50, 0x0, 0x5f, 0xf1, 0x95, 0x0, 0x2,
    0xff, 0x49, 0x56, 0xa5, 0xc, 0xfe, 0xca, 0xff,
    0x70, 0x2d, 0xff, 0xff, 0xc0, 0x0, 0x6, 0xdb,
    0x50, 0x0, 0x0, 0x9, 0x50, 0x0,

    /* U+00A3 "£" */
    0x0, 0x6, 0xdf, 0xe8, 0x0, 0x0, 0x7f, 0xff,
    0xff, 0xb0, 0x0, 0xef, 0x91, 0x4f, 0xf4, 0x2,
    0xff, 0x20, 0x7, 0x61, 0x2, 0xff, 0x10, 0x0,
    0x0, 0x29, 0xff, 0x98, 0x81, 0x0, 0x4f, 0xff,
    0xff, 0xf3, 0x0, 0x0, 0xff, 0x20, 0x0, 0x0,
    0x0, 0xff, 0x30, 0x0, 0x0, 0x3, 0xfc, 0x0,
    0xa, 0xe7, 0x4f, 0xff, 0xff, 0xff, 0xf5, 0x4f,
    0xff, 0xff, 0xfe, 0x90,

    /* U+00A4 "¤" */
    0x1, 0x0, 0x11, 0x0, 0x1, 0xa, 0xe6, 0xdf,
    0xfe, 0x7b, 0xd0, 0x3f, 0xfc, 0x66, 0xbf, 0xf6,
    0x1, 0xfa, 0x0, 0x0, 0x7f, 0x40, 0x7f, 0x10,
    0x0, 0x0, 0xda, 0xa, 0xc0, 0x0, 0x0, 0xa,
    0xd0, 0xad, 0x0, 0x0, 0x0, 0xad, 0x7, 0xf1,
    0x0, 0x0, 0xe, 0x90, 0x1f, 0xc0, 0x0, 0xa,
    0xf3, 0x8, 0xff, 0xe9, 0x8d, 0xff, 0xb0, 0x6a,
    0x3b, 0xff, 0xc4, 0x79, 0x0, 0x0, 0x0, 0x0,
    0x0, 0x0,

    /* U+00A5 "¥" */
    0x8f, 0xd0, 0x0, 0xcf, 0xa1, 0xff, 0x40, 0x2f,
    0xf3, 0xa, 0xfa, 0x8, 0xfc, 0x0, 0x3f, 0xf1,
    0xef, 0x50, 0x0, 0xcf, 0xcf, 0xe0, 0x0, 0x17,
    0xff, 0xf8, 0x10, 0x2f, 0xff, 0xff, 0xff, 0x0,
    0x66, 0xcf, 0xd6, 0x60, 0x2f, 0xff, 0xff, 0xff,
    0x0, 0x44, 0xbf, 0xc4, 0x40, 0x0, 0xa, 0xfb,
    0x0, 0x0, 0x0, 0xaf, 0xb0, 0x0,

    /* U+00A6 "¦" */
    0x5f, 0xc5, 0xfc, 0x5f, 0xc5, 0xfc, 0x5f, 0xc2,
    0x75, 0x0, 0x0, 0x0, 0x28, 0x65, 0xfc, 0x5f,
    0xc5, 0xfc, 0x5f, 0xc5, 0xfc,

    /* U+00A7 "§" */
    0x0, 0x7d, 0xfd, 0x60, 0x0, 0x6f, 0xfe, 0xff,
    0x50, 0xb, 0xf6, 0x5, 0xe8, 0x0, 0xaf, 0xa0,
    0x0, 0x0, 0x2, 0xef, 0xe8, 0x20, 0x0, 0x7c,
    0x8d, 0xff, 0x70, 0x2f, 0x90, 0x4, 0xef, 0x31,
    0xfe, 0x50, 0x8, 0xf4, 0x7, 0xff, 0xd8, 0xd9,
    0x0, 0x2, 0x8e, 0xfe, 0x30, 0x0, 0x0, 0x9,
    0xfb, 0x0, 0xae, 0x40, 0x5f, 0xd0, 0x8, 0xff,
    0xef, 0xf8, 0x0, 0x7, 0xef, 0xd7, 0x0,

    /* U+00A8 "¨" */
    0x13, 0x0, 0x31, 0xcf, 0x45, 0xfc, 0x9e, 0x23,
    0xe9,

    /* U+00A9 "©" */
    0x0, 0x4, 0xbe, 0xfd, 0x81, 0x0, 0x0, 0x9,
    0xff, 0xfe, 0xff, 0xf4, 0x0, 0x8, 0xfe, 0x67,
    0x97, 0x8f, 0xf2, 0x2, 0xff, 0x3e, 0xff, 0xfb,
    0x6f, 0xb0, 0x7f, 0x79, 0xf5, 0x9, 0xf4, 0xdf,
    0x1a, 0xf3, 0xdc, 0x0, 0x0, 0x9, 0xf4, 0xaf,
    0x3b, 0xe1, 0x4, 0xa2, 0x9f, 0x47, 0xf7, 0x4f,
    0xea, 0xfe, 0xd, 0xf1, 0x2f, 0xf2, 0x5d, 0xfc,
    0x26, 0xfb, 0x0, 0x8f, 0xe5, 0x0, 0x19, 0xff,
    0x30, 0x0, 0x9f, 0xff, 0xef, 0xff, 0x40, 0x0,
    0x0, 0x4b, 0xef, 0xd8, 0x10, 0x0,

    /* U+00AA "ª" */
    0x0, 0x0, 0x0, 0x0, 0x5d, 0xff, 0x90, 0x1c,
    0xa4, 0x9f, 0x70, 0x15, 0x7b, 0xf9, 0x3e, 0xd8,
    0x8f, 0x98, 0xf6, 0x19, 0xf9, 0x2e, 0xff, 0x9f,
    0x90, 0x2, 0x10, 0x10,

    /* U+00AB "«" */
    0x0, 0x9, 0xfd, 0x2d, 0xf9, 0x0, 0x6f, 0xf2,
    0xbf, 0xb0, 0x4, 0xff, 0x49, 0xfd, 0x10, 0x1e,
    0xf8, 0x6f, 0xf2, 0x0, 0xa, 0xfd, 0x2e, 0xf8,
    0x0, 0x0, 0xcf, 0xa3, 0xff, 0x50, 0x0, 0x1e,
    0xf7, 0x5f, 0xf3, 0x0, 0x3, 0x88, 0x15, 0x86,

    /* U+00AC "¬" */
    0x4e, 0xee, 0xee, 0xea, 0x5f, 0xff, 0xff, 0xfc,
    0x0, 0x0, 0x3, 0xfc, 0x0, 0x0, 0x3, 0xfc,

    /* U+00AE "®" */
    0x0, 0x0, 0x0, 0x0, 0x0, 0x0, 0x19, 0xef,
    0xd6, 0x0, 0x1, 0xec, 0x53, 0x7e, 0x90, 0xb,
    0xb5, 0xed, 0x92, 0xf5, 0x1f, 0x25, 0xb1, 0xf1,
    0x8b, 0x3f, 0x5, 0xed, 0xb0, 0x6d, 0x2f, 0x15,
    0xb4, 0xd0, 0x7b, 0xc, 0x92, 0x50, 0x72, 0xe6,
    0x3, 0xf9, 0x20, 0x4d, 0xc0, 0x0, 0x3c, 0xff,
    0xf9, 0x0, 0x0, 0x0, 0x12, 0x0, 0x0,

    /* U+00AF "¯" */
    0x68, 0x88, 0x6c, 0xff, 0xfc,

    /* U+00B0 "°" */
    0x0, 0x59, 0x70, 0x0, 0x7f, 0xff, 0xd0, 0xf,
    0xc1, 0x7f, 0x50, 0xf9, 0x3, 0xf6, 0xb, 0xfa,
    0xef, 0x20, 0xb, 0xfd, 0x30,

    /* U+00B1 "±" */
    0x0, 0x9, 0xf6, 0x0, 0x0, 0x0, 0x9f, 0x60,
    0x0, 0x8f, 0xff, 0xff, 0xff, 0x67, 0xdd, 0xff,
    0xed, 0xd5, 0x0, 0x9, 0xf6, 0x0, 0x0, 0x0,
    0x8e, 0x60, 0x0, 0x0, 0x0, 0x0, 0x0, 0x8,
    0xff, 0xff, 0xff, 0xf6, 0x8e, 0xee, 0xee, 0xee,
    0x50,

    /* U+00B2 "²" */
    0x5, 0xdf, 0xd6, 0x1, 0xfd, 0x7c, 0xf3, 0x1,
    0x0, 0x7f, 0x50, 0x0, 0x6f, 0xd1, 0x0, 0x9f,
    0xc1, 0x0, 0xcf, 0xd7, 0x74, 0x1f, 0xff, 0xff,
    0x90,

    /* U+00B3 "³" */
    0x2, 0xcf, 0xe8, 0x0, 0xee, 0x8b, 0xf6, 0x2,
    0x10, 0x6f, 0x60, 0x2, 0xef, 0xa0, 0x1, 0x1,
    0x7f, 0xa1, 0xfe, 0x8b, 0xfb, 0x3, 0xcf, 0xea,
    0x10,

    /* U+00B4 "´" */
    0x5, 0x73, 0x1f, 0xe0, 0x7f, 0x40,

    /* U+00B5 "µ" */
    0xff, 0x50, 0x5, 0xff, 0xf, 0xf5, 0x0, 0x5f,
    0xf0, 0xff, 0x50, 0x5, 0xff, 0xf, 0xf5, 0x0,
    0x5f, 0xf0, 0xff, 0x50, 0x5, 0xff, 0xf, 0xf6,
    0x0, 0x6f, 0xf0, 0xff, 0xb0, 0xb, 0xff, 0xf,
    0xff, 0xee, 0xef, 0xfd, 0xff, 0x8d, 0xe4, 0x7e,
    0xff, 0xf5, 0x0, 0x0, 0x0, 0xff, 0x50, 0x0,
    0x0, 0xf, 0xf5, 0x0, 0x0, 0x0,

    /* U+00B6 "¶" */
    0x0, 0x8d, 0xff, 0xff, 0x80, 0xaf, 0xff, 0xee,
    0xf8, 0x2f, 0xff, 0xf3, 0x5f, 0x85, 0xff, 0xff,
    0x35, 0xf8, 0x4f, 0xff, 0xf3, 0x5f, 0x80, 0xff,
    0xff, 0x35, 0xf8, 0x5, 0xff, 0xf3, 0x5f, 0x80,
    0x1, 0x68, 0x25, 0xf8, 0x0, 0x0, 0x0, 0x5f,
    0x80, 0x0, 0x0, 0x5, 0xf8, 0x0, 0x0, 0x0,
    0x5f, 0x80, 0x0, 0x0, 0x5, 0xf8,

    /* U+00B7 "·" */
    0x2a, 0x60, 0x9f, 0xf0, 0x5f, 0xa0,

    /* U+00B8 "¸" */
    0x7, 0x30, 0xc, 0xc4, 0x0, 0x9c, 0x2f, 0xe6,

    /* U+00B9 "¹" */
    0x5, 0xef, 0x71, 0xfe, 0xf7, 0x15, 0x6f, 0x70,
    0x6, 0xf7, 0x0, 0x6f, 0x70, 0x6, 0xf7, 0x0,
    0x6f, 0x70,

    /* U+00BA "º" */
    0x0, 0x1, 0x0, 0x0, 0x4, 0xdf, 0xfc, 0x20,
    0x1f, 0xf6, 0x7f, 0xe0, 0x6f, 0x80, 0xa, 0xf3,
    0x7f, 0x70, 0xa, 0xf4, 0x3f, 0xd3, 0x4f, 0xf1,
    0x7, 0xff, 0xff, 0x50, 0x0, 0x14, 0x40, 0x0,

    /* U+00BB "»" */
    0x1e, 0xf7, 0x5f, 0xf3, 0x0, 0x3, 0xff, 0x58,
    0xfe, 0x10, 0x0, 0x5f, 0xf3, 0xbf, 0xc0, 0x0,
    0x9, 0xfe, 0x1e, 0xf9, 0x0, 0x1d, 0xf9, 0x4f,
    0xf4, 0x0, 0xbf, 0xb2, 0xff, 0x60, 0x9, 0xfd,
    0x2d, 0xf9, 0x0, 0x18, 0x82, 0x48, 0x70, 0x0,

    /* U+00BC "¼" */
    0x4, 0x96, 0x0, 0x0, 0x4, 0x90, 0x0, 0x4f,
    0xfb, 0x0, 0x0, 0x1f, 0x80, 0x0, 0x43, 0xdb,
    0x0, 0x0, 0xbd, 0x0, 0x0, 0x0, 0xdb, 0x0,
    0x6, 0xf3, 0x0, 0x0, 0x0, 0xdb, 0x0, 0x2f,
    0x80, 0x0, 0x0, 0x0, 0xdb, 0x0, 0xcd, 0x0,
    0x45, 0x10, 0x0, 0xdb, 0x7, 0xf2, 0x3, 0xff,
    0x40, 0x0, 0x0, 0x2f, 0x70, 0xc, 0xef, 0x40,
    0x0, 0x0, 0xcc, 0x0, 0x6f, 0x5f, 0x40, 0x0,
    0x7, 0xf2, 0x0, 0xea, 0x3f, 0x40, 0x0, 0x2f,
    0x70, 0x4, 0xff, 0xff, 0xf0, 0x0, 0xcc, 0x0,
    0x0, 0x33, 0x6f, 0x70, 0x0, 0x31, 0x0, 0x0,
    0x0, 0x3, 0x0,

    /* U+00BD "½" */
    0x1, 0x43, 0x0, 0x0, 0x2, 0x40, 0x0, 0x2e,
    0xfb, 0x0, 0x0, 0xd, 0xb0, 0x0, 0x57, 0xdb,
    0x0, 0x0, 0x9e, 0x10, 0x0, 0x0, 0xdb, 0x0,
    0x4, 0xf5, 0x0, 0x0, 0x0, 0xdb, 0x0, 0x1e,
    0xa0, 0x0, 0x0, 0x0, 0xdb, 0x0, 0xae, 0x10,
    0x0, 0x0, 0x0, 0xdb, 0x5, 0xf4, 0x9, 0xff,
    0xb0, 0x0, 0x33, 0x1e, 0x90, 0x2d, 0x88, 0xf5,
    0x0, 0x0, 0xbd, 0x0, 0x0, 0x5, 0xf3, 0x0,
    0x6, 0xf3, 0x0, 0x0, 0x4f, 0x70, 0x0, 0x2f,
    0x80, 0x0, 0x6, 0xf8, 0x10, 0x0, 0xcc, 0x0,
    0x0, 0x2f, 0xff, 0xf8, 0x1, 0x41, 0x0, 0x0,
    0x4, 0x44, 0x42,

    /* U+00BE "¾" */
    0x0, 0x0, 0x0, 0x0, 0x0, 0x0, 0x0, 0x0,
    0x7e, 0xf9, 0x0, 0x0, 0x8, 0xf2, 0x0, 0x2f,
    0x88, 0xf4, 0x0, 0x2, 0xf7, 0x0, 0x0, 0x0,
    0x5f, 0x40, 0x0, 0xcc, 0x0, 0x0, 0x0, 0xbf,
    0xb0, 0x0, 0x7f, 0x20, 0x0, 0x0, 0x1, 0x6f,
    0x70, 0x2f, 0x80, 0x0, 0x0, 0x28, 0x44, 0xf9,
    0xc, 0xd0, 0x0, 0x10, 0x1, 0xcf, 0xfe, 0x26,
    0xf3, 0x0, 0xdf, 0x70, 0x0, 0x23, 0x1, 0xf8,
    0x0, 0x8e, 0xf7, 0x0, 0x0, 0x0, 0xbd, 0x0,
    0x2f, 0x6f, 0x70, 0x0, 0x0, 0x6f, 0x40, 0xc,
    0xd1, 0xf7, 0x0, 0x0, 0x1e, 0x90, 0x1, 0xff,
    0xff, 0xf3, 0x0, 0xa, 0xe0, 0x0, 0x3, 0x34,
    0xf9, 0x0, 0x0, 0x32, 0x0, 0x0, 0x0, 0x3,
    0x10,

    /* U+00BF "¿" */
    0x0, 0x3, 0xec, 0x0, 0x0, 0x0, 0x7f, 0xf2,
    0x0, 0x0, 0x1, 0x98, 0x0, 0x0, 0x0, 0x3,
    0x30, 0x0, 0x0, 0x4, 0xfe, 0x0, 0x0, 0x1,
    0xcf, 0xb0, 0x0, 0x2, 0xdf, 0xe2, 0x0, 0x0,
    0xef, 0xc1, 0x0, 0x0, 0x2f, 0xf3, 0x0, 0x55,
    0x12, 0xff, 0x80, 0x5f, 0xf3, 0xb, 0xff, 0xff,
    0xfc, 0x0, 0x8, 0xef, 0xe9, 0x10,

    /* U+00C0 "À" */
    0x0, 0x2, 0x76, 0x0, 0x0, 0x0, 0x0, 0x0,
    0xcf, 0x20, 0x0, 0x0, 0x0, 0x0, 0x2f, 0x90,
    0x0, 0x0, 0x0, 0x0, 0x0, 0x0, 0x0, 0x0,
    0x0, 0x0, 0xcf, 0xfa, 0x0, 0x0, 0x0, 0x2,
    0xff, 0xff, 0x0, 0x0, 0x0, 0x7, 0xfc, 0xef,
    0x50, 0x0, 0x0, 0xc, 0xf8, 0xaf, 0xa0, 0x0,
    0x0, 0x2f, 0xf3, 0x6f, 0xf0, 0x0, 0x0, 0x7f,
    0xf0, 0x1f, 0xf5, 0x0, 0x0, 0xcf, 0xa0, 0xc,
    0xfb, 0x0, 0x1, 0xff, 0xfe, 0xef, 0xff, 0x0,
    0x7, 0xff, 0xff, 0xff, 0xff, 0x50, 0xc, 0xfb,
    0x0, 0x0, 0xdf, 0xb0, 0x1f, 0xf7, 0x0, 0x0,
    0x8f, 0xf1, 0x7f, 0xf2, 0x0, 0x0, 0x3f, 0xf6,

    /* U+00C1 "Á" */
    0x0, 0x0, 0x0, 0x77, 0x10, 0x0, 0x0, 0x0,
    0x3, 0xfb, 0x0, 0x0, 0x0, 0x0, 0xa, 0xf1,
    0x0, 0x0, 0x0, 0x0, 0x0, 0x0, 0x0, 0x0,
    0x0, 0x0, 0xcf, 0xfa, 0x0, 0x0, 0x0, 0x2,
    0xff, 0xff, 0x0, 0x0, 0x0, 0x7, 0xfc, 0xef,
    0x50, 0x0, 0x0, 0xc, 0xf8, 0xaf, 0xa0, 0x0,
    0x0, 0x2f, 0xf3, 0x6f, 0xf0, 0x0, 0x0, 0x7f,
    0xf0, 0x1f, 0xf5, 0x0, 0x0, 0xcf, 0xa0, 0xc,
    0xfb, 0x0, 0x1, 0xff, 0xfe, 0xef, 0xff, 0x0,
    0x7, 0xff, 0xff, 0xff, 0xff, 0x50, 0xc, 0xfb,
    0x0, 0x0, 0xdf, 0xb0, 0x1f, 0xf7, 0x0, 0x0,
    0x8f, 0xf1, 0x7f, 0xf2, 0x0, 0x0, 0x3f, 0xf6,

    /* U+00C2 "Â" */
    0x0, 0x0, 0x17, 0x70, 0x0, 0x0, 0x0, 0x0,
    0xce, 0xfb, 0x0, 0x0, 0x0, 0xc, 0xf4, 0x5f,
    0xa0, 0x0, 0x0, 0x0, 0x0, 0x0, 0x0, 0x0,
    0x0, 0x0, 0xcf, 0xfa, 0x0, 0x0, 0x0, 0x2,
    0xff, 0xff, 0x0, 0x0, 0x0, 0x7, 0xfc, 0xef,
    0x50, 0x0, 0x0, 0xc, 0xf8, 0xaf, 0xa0, 0x0,
    0x0, 0x2f, 0xf3, 0x6f, 0xf0, 0x0, 0x0, 0x7f,
    0xf0, 0x1f, 0xf5, 0x0, 0x0, 0xcf, 0xa0, 0xc,
    0xfb, 0x0, 0x1, 0xff, 0xfe, 0xef, 0xff, 0x0,
    0x7, 0xff, 0xff, 0xff, 0xff, 0x50, 0xc, 0xfb,
    0x0, 0x0, 0xdf, 0xb0, 0x1f, 0xf7, 0x0, 0x0,
    0x8f, 0xf1, 0x7f, 0xf2, 0x0, 0x0, 0x3f, 0xf6,

    /* U+00C3 "Ã" */
    0x0, 0x0, 0x0, 0x0, 0x0, 0x0, 0x0, 0x3,
    0xfd, 0x4b, 0x90, 0x0, 0x0, 0xa, 0xc8, 0xff,
    0x30, 0x0, 0x0, 0x2, 0x20, 0x12, 0x0, 0x0,
    0x0, 0x0, 0xcf, 0xfa, 0x0, 0x0, 0x0, 0x2,
    0xff, 0xff, 0x0, 0x0, 0x0, 0x7, 0xfc, 0xef,
    0x50, 0x0, 0x0, 0xc, 0xf8, 0xaf, 0xa0, 0x0,
    0x0, 0x2f, 0xf3, 0x6f, 0xf0, 0x0, 0x0, 0x7f,
    0xf0, 0x1f, 0xf5, 0x0, 0x0, 0xcf, 0xa0, 0xc,
    0xfb, 0x0, 0x1, 0xff, 0xfe, 0xef, 0xff, 0x0,
    0x7, 0xff, 0xff, 0xff, 0xff, 0x50, 0xc, 0xfb,
    0x0, 0x0, 0xdf, 0xb0, 0x1f, 0xf7, 0x0, 0x0,
    0x8f, 0xf1, 0x7f, 0xf2, 0x0, 0x0, 0x3f, 0xf6,

    /* U+00C4 "Ä" */
    0x0, 0x1, 0x30, 0x3, 0x10, 0x0, 0x0, 0xd,
    0xf4, 0x5f, 0xb0, 0x0, 0x0, 0xa, 0xe2, 0x3e,
    0x80, 0x0, 0x0, 0x0, 0x0, 0x0, 0x0, 0x0,
    0x0, 0x0, 0xcf, 0xfa, 0x0, 0x0, 0x0, 0x2,
    0xff, 0xff, 0x0, 0x0, 0x0, 0x7, 0xfc, 0xef,
    0x50, 0x0, 0x0, 0xc, 0xf8, 0xaf, 0xa0, 0x0,
    0x0, 0x2f, 0xf3, 0x6f, 0xf0, 0x0, 0x0, 0x7f,
    0xf0, 0x1f, 0xf5, 0x0, 0x0, 0xcf, 0xa0, 0xc,
    0xfb, 0x0, 0x1, 0xff, 0xfe, 0xef, 0xff, 0x0,
    0x7, 0xff, 0xff, 0xff, 0xff, 0x50, 0xc, 0xfb,
    0x0, 0x0, 0xdf, 0xb0, 0x1f, 0xf7, 0x0, 0x0,
    0x8f, 0xf1, 0x7f, 0xf2, 0x0, 0x0, 0x3f, 0xf6,

    /* U+00C5 "Å" */
    0x0, 0x0, 0x5d, 0xd4, 0x0, 0x0, 0x0, 0x1,
    0xf5, 0x6f, 0x0, 0x0, 0x0, 0x1, 0xf3, 0x4f,
    0x0, 0x0, 0x0, 0x0, 0x6e, 0xd5, 0x0, 0x0,
    0x0, 0x0, 0xcf, 0xfa, 0x0, 0x0, 0x0, 0x2,
    0xff, 0xff, 0x0, 0x0, 0x0, 0x7, 0xfc, 0xef,
    0x50, 0x0, 0x0, 0xc, 0xf8, 0xaf, 0xa0, 0x0,
    0x0, 0x2f, 0xf3, 0x6f, 0xf0, 0x0, 0x0, 0x7f,
    0xf0, 0x1f, 0xf5, 0x0, 0x0, 0xcf, 0xa0, 0xc,
    0xfb, 0x0, 0x1, 0xff, 0xfe, 0xef, 0xff, 0x0,
    0x7, 0xff, 0xff, 0xff, 0xff, 0x50, 0xc, 0xfb,
    0x0, 0x0, 0xdf, 0xb0, 0x1f, 0xf7, 0x0, 0x0,
    0x8f, 0xf1, 0x7f, 0xf2, 0x0, 0x0, 0x3f, 0xf6,

    /* U+00C6 "Æ" */
    0x0, 0x0, 0xc, 0xff, 0xff, 0xff, 0xff, 0xf7,
    0x0, 0x0, 0x3f, 0xfb, 0xff, 0xff, 0xff, 0xf7,
    0x0, 0x0, 0xaf, 0xd3, 0xff, 0x10, 0x0, 0x0,
    0x0, 0x1, 0xff, 0x63, 0xff, 0x10, 0x0, 0x0,
    0x0, 0x7, 0xff, 0x3, 0xff, 0x10, 0x0, 0x0,
    0x0, 0xe, 0xf9, 0x3, 0xff, 0xff, 0xff, 0xf1,
    0x0, 0x5f, 0xf2, 0x3, 0xff, 0xff, 0xff, 0xf1,
    0x0, 0xbf, 0xfc, 0xcc, 0xff, 0x10, 0x0, 0x0,
    0x2, 0xff, 0xff, 0xff, 0xff, 0x10, 0x0, 0x0,
    0x9, 0xfe, 0x0, 0x3, 0xff, 0x10, 0x0, 0x0,
    0xf, 0xf9, 0x0, 0x3, 0xff, 0xff, 0xff, 0xf8,
    0x6f, 0xf3, 0x0, 0x3, 0xff, 0xff, 0xff, 0xf8,

    /* U+00C7 "Ç" */
    0x0, 0x5, 0xbe, 0xfd, 0x80, 0x0, 0x0, 0x9f,
    0xff, 0xff, 0xfc, 0x0, 0x5, 0xff, 0xb4, 0x37,
    0xff, 0xa0, 0xd, 0xfc, 0x0, 0x0, 0x8f, 0xf0,
    0x1f, 0xf5, 0x0, 0x0, 0x1, 0x10, 0x3f, 0xf3,
    0x0, 0x0, 0x0, 0x0, 0x3f, 0xf3, 0x0, 0x0,
    0x0, 0x0, 0x1f, 0xf6, 0x0, 0x0, 0x16, 0x60,
    0xd, 0xfd, 0x10, 0x0, 0xaf, 0xf0, 0x6, 0xff,
    0xe8, 0x7c, 0xff, 0x80, 0x0, 0x9f, 0xff, 0xff,
    0xfc, 0x0, 0x0, 0x5, 0xcf, 0xfe, 0x80, 0x0,
    0x0, 0x0, 0x8, 0xc4, 0x0, 0x0, 0x0, 0x0,
    0x0, 0x5f, 0x0, 0x0, 0x0, 0x0, 0xd, 0xfa,
    0x0, 0x0,

    /* U+00C8 "È" */
    0x2, 0x76, 0x0, 0x0, 0x0, 0xcf, 0x20, 0x0,
    0x0, 0x2f, 0x90, 0x0, 0x0, 0x0, 0x0, 0x0,
    0xff, 0xff, 0xff, 0xfd, 0xff, 0xff, 0xff, 0xfd,
    0xff, 0x70, 0x0, 0x0, 0xff, 0x70, 0x0, 0x0,
    0xff, 0x70, 0x0, 0x0, 0xff, 0xff, 0xff, 0xf6,
    0xff, 0xff, 0xff, 0xf7, 0xff, 0x70, 0x0, 0x0,
    0xff, 0x70, 0x0, 0x0, 0xff, 0x70, 0x0, 0x0,
    0xff, 0xff, 0xff, 0xfd, 0xff, 0xff, 0xff, 0xfd,

    /* U+00C9 "É" */
    0x0, 0x0, 0x67, 0x10, 0x0, 0x3, 0xfb, 0x0,
    0x0, 0xa, 0xf2, 0x0, 0x0, 0x0, 0x0, 0x0,
    0xff, 0xff, 0xff, 0xfd, 0xff, 0xff, 0xff, 0xfd,
    0xff, 0x70, 0x0, 0x0, 0xff, 0x70, 0x0, 0x0,
    0xff, 0x70, 0x0, 0x0, 0xff, 0xff, 0xff, 0xf6,
    0xff, 0xff, 0xff, 0xf7, 0xff, 0x70, 0x0, 0x0,
    0xff, 0x70, 0x0, 0x0, 0xff, 0x70, 0x0, 0x0,
    0xff, 0xff, 0xff, 0xfd, 0xff, 0xff, 0xff, 0xfd,

    /* U+00CA "Ê" */
    0x0, 0x17, 0x70, 0x0, 0x0, 0xce, 0xfb, 0x0,
    0xb, 0xf4, 0x5f, 0xa0, 0x0, 0x0, 0x0, 0x0,
    0xff, 0xff, 0xff, 0xfd, 0xff, 0xff, 0xff, 0xfd,
    0xff, 0x70, 0x0, 0x0, 0xff, 0x70, 0x0, 0x0,
    0xff, 0x70, 0x0, 0x0, 0xff, 0xff, 0xff, 0xf6,
    0xff, 0xff, 0xff, 0xf7, 0xff, 0x70, 0x0, 0x0,
    0xff, 0x70, 0x0, 0x0, 0xff, 0x70, 0x0, 0x0,
    0xff, 0xff, 0xff, 0xfd, 0xff, 0xff, 0xff, 0xfd,

    /* U+00CB "Ë" */
    0x1, 0x30, 0x3, 0x10, 0xd, 0xf4, 0x5f, 0xc0,
    0xa, 0xe2, 0x3e, 0x90, 0x0, 0x0, 0x0, 0x0,
    0xff, 0xff, 0xff, 0xfd, 0xff, 0xff, 0xff, 0xfd,
    0xff, 0x70, 0x0, 0x0, 0xff, 0x70, 0x0, 0x0,
    0xff, 0x70, 0x0, 0x0, 0xff, 0xff, 0xff, 0xf6,
    0xff, 0xff, 0xff, 0xf7, 0xff, 0x70, 0x0, 0x0,
    0xff, 0x70, 0x0, 0x0, 0xff, 0x70, 0x0, 0x0,
    0xff, 0xff, 0xff, 0xfd, 0xff, 0xff, 0xff, 0xfd,

    /* U+00CC "Ì" */
    0x7, 0x70, 0x0, 0x8f, 0x70, 0x0, 0xdd, 0x0,
    0x0, 0x0, 0x0, 0xff, 0x70, 0xf, 0xf7, 0x0,
    0xff, 0x70, 0xf, 0xf7, 0x0, 0xff, 0x70, 0xf,
    0xf7, 0x0, 0xff, 0x70, 0xf, 0xf7, 0x0, 0xff,
    0x70, 0xf, 0xf7, 0x0, 0xff, 0x70, 0xf, 0xf7,

    /* U+00CD "Í" */
    0x4, 0x73, 0xe, 0xe1, 0x6f, 0x50, 0x0, 0x0,
    0xff, 0x70, 0xff, 0x70, 0xff, 0x70, 0xff, 0x70,
    0xff, 0x70, 0xff, 0x70, 0xff, 0x70, 0xff, 0x70,
    0xff, 0x70, 0xff, 0x70, 0xff, 0x70, 0xff, 0x70,

    /* U+00CE "Î" */
    0x0, 0x68, 0x30, 0x0, 0x9f, 0xde, 0x20, 0x7f,
    0x81, 0xed, 0x10, 0x0, 0x0, 0x0, 0x0, 0xff,
    0x70, 0x0, 0xf, 0xf7, 0x0, 0x0, 0xff, 0x70,
    0x0, 0xf, 0xf7, 0x0, 0x0, 0xff, 0x70, 0x0,
    0xf, 0xf7, 0x0, 0x0, 0xff, 0x70, 0x0, 0xf,
    0xf7, 0x0, 0x0, 0xff, 0x70, 0x0, 0xf, 0xf7,
    0x0, 0x0, 0xff, 0x70, 0x0, 0xf, 0xf7, 0x0,

    /* U+00CF "Ï" */
    0x4, 0x0, 0x22, 0x8, 0xf9, 0x1f, 0xf1, 0x5f,
    0x60, 0xdd, 0x0, 0x0, 0x0, 0x0, 0x0, 0xff,
    0x70, 0x0, 0xf, 0xf7, 0x0, 0x0, 0xff, 0x70,
    0x0, 0xf, 0xf7, 0x0, 0x0, 0xff, 0x70, 0x0,
    0xf, 0xf7, 0x0, 0x0, 0xff, 0x70, 0x0, 0xf,
    0xf7, 0x0, 0x0, 0xff, 0x70, 0x0, 0xf, 0xf7,
    0x0, 0x0, 0xff, 0x70, 0x0, 0xf, 0xf7, 0x0,

    /* U+00D0 "Ð" */
    0x5, 0xff, 0xff, 0xec, 0x60, 0x0, 0x5, 0xff,
    0xff, 0xff, 0xfb, 0x0, 0x5, 0xff, 0x21, 0x38,
    0xff, 0x80, 0x5, 0xff, 0x0, 0x0, 0x8f, 0xf0,
    0x5, 0xff, 0x0, 0x0, 0x2f, 0xf4, 0x8c, 0xff,
    0xaa, 0x50, 0xf, 0xf5, 0xdf, 0xff, 0xff, 0x80,
    0xf, 0xf5, 0x5, 0xff, 0x0, 0x0, 0x2f, 0xf4,
    0x5, 0xff, 0x0, 0x0, 0x8f, 0xf0, 0x5, 0xff,
    0x21, 0x38, 0xff, 0x80, 0x5, 0xff, 0xff, 0xff,
    0xfb, 0x0, 0x5, 0xff, 0xff, 0xec, 0x60, 0x0,

    /* U+00D1 "Ñ" */
    0x0, 0x0, 0x0, 0x1, 0x0, 0x0, 0x2, 0xee,
    0x59, 0xb0, 0x0, 0x0, 0x8d, 0x7f, 0xf5, 0x0,
    0x0, 0x2, 0x20, 0x12, 0x0, 0x0, 0xff, 0xe1,
    0x0, 0x4, 0xff, 0x2f, 0xff, 0xa0, 0x0, 0x4f,
    0xf2, 0xff, 0xff, 0x30, 0x4, 0xff, 0x2f, 0xfc,
    0xfd, 0x0, 0x4f, 0xf2, 0xff, 0x7e, 0xf7, 0x4,
    0xff, 0x2f, 0xf7, 0x6f, 0xf1, 0x4f, 0xf2, 0xff,
    0x70, 0xdf, 0xa4, 0xff, 0x2f, 0xf8, 0x4, 0xff,
    0x6f, 0xf2, 0xff, 0x80, 0xa, 0xfd, 0xff, 0x2f,
    0xf8, 0x0, 0x1f, 0xff, 0xf2, 0xff, 0x80, 0x0,
    0x6f, 0xff, 0x2f, 0xf8, 0x0, 0x0, 0xcf, 0xf2,

    /* U+00D2 "Ò" */
    0x0, 0x0, 0x77, 0x0, 0x0, 0x0, 0x0, 0x0,
    0x9f, 0x50, 0x0, 0x0, 0x0, 0x0, 0x1e, 0xc0,
    0x0, 0x0, 0x0, 0x0, 0x0, 0x0, 0x0, 0x0,
    0x0, 0x4, 0xbe, 0xfd, 0x70, 0x0, 0x0, 0x8f,
    0xff, 0xff, 0xfd, 0x10, 0x5, 0xff, 0xb4, 0x37,
    0xff, 0xa0, 0xd, 0xfc, 0x0, 0x0, 0x7f, 0xf2,
    0x1f, 0xf5, 0x0, 0x0, 0xf, 0xf6, 0x3f, 0xf3,
    0x0, 0x0, 0xd, 0xf8, 0x3f, 0xf3, 0x0, 0x0,
    0xd, 0xf8, 0x1f, 0xf5, 0x0, 0x0, 0xf, 0xf6,
    0xd, 0xfc, 0x0, 0x0, 0x7f, 0xf2, 0x5, 0xff,
    0xb4, 0x37, 0xff, 0xa0, 0x0, 0x9f, 0xff, 0xff,
    0xfd, 0x10, 0x0, 0x4, 0xbe, 0xfd, 0x70, 0x0,

    /* U+00D3 "Ó" */
    0x0, 0x0, 0x0, 0x57, 0x30, 0x0, 0x0, 0x0,
    0x1, 0xfe, 0x0, 0x0, 0x0, 0x0, 0x7, 0xf4,
    0x0, 0x0, 0x0, 0x0, 0x0, 0x0, 0x0, 0x0,
    0x0, 0x4, 0xbe, 0xfd, 0x70, 0x0, 0x0, 0x8f,
    0xff, 0xff, 0xfd, 0x10, 0x5, 0xff, 0xb4, 0x37,
    0xff, 0xa0, 0xd, 0xfc, 0x0, 0x0, 0x7f, 0xf2,
    0x1f, 0xf5, 0x0, 0x0, 0xf, 0xf6, 0x3f, 0xf3,
    0x0, 0x0, 0xd, 0xf8, 0x3f, 0xf3, 0x0, 0x0,
    0xd, 0xf8, 0x1f, 0xf5, 0x0, 0x0, 0xf, 0xf6,
    0xd, 0xfc, 0x0, 0x0, 0x7f, 0xf2, 0x5, 0xff,
    0xb4, 0x37, 0xff, 0xa0, 0x0, 0x9f, 0xff, 0xff,
    0xfd, 0x10, 0x0, 0x4, 0xbe, 0xfd, 0x70, 0x0,

    /* U+00D4 "Ô" */
    0x0, 0x0, 0x7, 0x82, 0x0, 0x0, 0x0, 0x0,
    0xaf, 0xed, 0x10, 0x0, 0x0, 0x9, 0xf7, 0x2f,
    0xd0, 0x0, 0x0, 0x0, 0x0, 0x0, 0x0, 0x0,
    0x0, 0x4, 0xbe, 0xfd, 0x70, 0x0, 0x0, 0x8f,
    0xff, 0xff, 0xfd, 0x10, 0x5, 0xff, 0xb4, 0x37,
    0xff, 0xa0, 0xd, 0xfc, 0x0, 0x0, 0x7f, 0xf2,
    0x1f, 0xf5, 0x0, 0x0, 0xf, 0xf6, 0x3f, 0xf3,
    0x0, 0x0, 0xd, 0xf8, 0x3f, 0xf3, 0x0, 0x0,
    0xd, 0xf8, 0x1f, 0xf5, 0x0, 0x0, 0xf, 0xf6,
    0xd, 0xfc, 0x0, 0x0, 0x7f, 0xf2, 0x5, 0xff,
    0xb4, 0x37, 0xff, 0xa0, 0x0, 0x9f, 0xff, 0xff,
    0xfd, 0x10, 0x0, 0x4, 0xbe, 0xfd, 0x70, 0x0,

    /* U+00D5 "Õ" */
    0x0, 0x0, 0x1, 0x11, 0x10, 0x0, 0x0, 0x3,
    0xff, 0xff, 0xa0, 0x0, 0x0, 0x2, 0x44, 0x43,
    0x0, 0x0, 0x0, 0x0, 0x0, 0x0, 0x0, 0x0,
    0x0, 0x4, 0xbe, 0xfd, 0x70, 0x0, 0x0, 0x8f,
    0xff, 0xff, 0xfd, 0x10, 0x5, 0xff, 0xb4, 0x37,
    0xff, 0xa0, 0xd, 0xfc, 0x0, 0x0, 0x7f, 0xf2,
    0x1f, 0xf5, 0x0, 0x0, 0xf, 0xf6, 0x3f, 0xf3,
    0x0, 0x0, 0xd, 0xf8, 0x3f, 0xf3, 0x0, 0x0,
    0xd, 0xf8, 0x1f, 0xf5, 0x0, 0x0, 0xf, 0xf6,
    0xd, 0xfc, 0x0, 0x0, 0x7f, 0xf2, 0x5, 0xff,
    0xb4, 0x37, 0xff, 0xa0, 0x0, 0x9f, 0xff, 0xff,
    0xfd, 0x10, 0x0, 0x4, 0xbe, 0xfd, 0x70, 0x0,

    /* U+00D6 "Ö" */
    0x0, 0x0, 0x40, 0x3, 0x20, 0x0, 0x0, 0x9,
    0xf7, 0x2f, 0xf0, 0x0, 0x0, 0x7, 0xf5, 0x1d,
    0xc0, 0x0, 0x0, 0x0, 0x0, 0x0, 0x0, 0x0,
    0x0, 0x4, 0xbe, 0xfd, 0x70, 0x0, 0x0, 0x8f,
    0xff, 0xff, 0xfd, 0x10, 0x5, 0xff, 0xb4, 0x37,
    0xff, 0xa0, 0xd, 0xfc, 0x0, 0x0, 0x7f, 0xf2,
    0x1f, 0xf5, 0x0, 0x0, 0xf, 0xf6, 0x3f, 0xf3,
    0x0, 0x0, 0xd, 0xf8, 0x3f, 0xf3, 0x0, 0x0,
    0xd, 0xf8, 0x1f, 0xf5, 0x0, 0x0, 0xf, 0xf6,
    0xd, 0xfc, 0x0, 0x0, 0x7f, 0xf2, 0x5, 0xff,
    0xb4, 0x37, 0xff, 0xa0, 0x0, 0x9f, 0xff, 0xff,
    0xfd, 0x10, 0x0, 0x4, 0xbe, 0xfd, 0x70, 0x0,

    /* U+00D7 "×" */
    0x8, 0x30, 0x0, 0x47, 0x6, 0xff, 0x30, 0x4f,
    0xf4, 0xb, 0xff, 0x7f, 0xfa, 0x0, 0xb, 0xff,
    0xfa, 0x0, 0x0, 0x4f, 0xff, 0x30, 0x0, 0x3f,
    0xff, 0xfe, 0x20, 0x3f, 0xfb, 0x1c, 0xfe, 0x23,
    0xfb, 0x0, 0xc, 0xe2, 0x2, 0x0, 0x0, 0x2,
    0x0,

    /* U+00D8 "Ø" */
    0x0, 0x0, 0x0, 0x0, 0x1, 0x0, 0x0, 0x4,
    0xbe, 0xfd, 0x7c, 0xa0, 0x0, 0x9f, 0xff, 0xff,
    0xff, 0x40, 0x5, 0xff, 0xb4, 0x3a, 0xff, 0xa0,
    0xd, 0xfc, 0x0, 0xd, 0xef, 0xf2, 0x1f, 0xf5,
    0x0, 0xaf, 0x3f, 0xf6, 0x3f, 0xf3, 0x5, 0xf6,
    0xd, 0xf8, 0x3f, 0xf3, 0x1e, 0xa0, 0xd, 0xf8,
    0x1f, 0xf5, 0xbe, 0x10, 0xf, 0xf6, 0xd, 0xfe,
    0xf4, 0x0, 0x7f, 0xf2, 0x5, 0xff, 0xd4, 0x37,
    0xff, 0xb0, 0x0, 0xef, 0xff, 0xff, 0xfd, 0x10,
    0x5, 0xf6, 0xbe, 0xfd, 0x70, 0x0, 0x0, 0x10,
    0x0, 0x0, 0x0, 0x0,

    /* U+00D9 "Ù" */
    0x0, 0x37, 0x50, 0x0, 0x0, 0x0, 0xe, 0xf1,
    0x0, 0x0, 0x0, 0x4, 0xf7, 0x0, 0x0, 0x0,
    0x0, 0x0, 0x0, 0x0, 0xff, 0x70, 0x0, 0xb,
    0xfa, 0xff, 0x70, 0x0, 0xb, 0xfa, 0xff, 0x70,
    0x0, 0xb, 0xfa, 0xff, 0x70, 0x0, 0xb, 0xfa,
    0xff, 0x70, 0x0, 0xb, 0xfa, 0xff, 0x70, 0x0,
    0xb, 0xfa, 0xff, 0x70, 0x0, 0xb, 0xfa, 0xef,
    0x70, 0x0, 0xb, 0xfa, 0xdf, 0xa0, 0x0, 0xe,
    0xf9, 0x8f, 0xf9, 0x34, 0xcf, 0xf4, 0xd, 0xff,
    0xff, 0xff, 0x90, 0x0, 0x7d, 0xff, 0xc5, 0x0,

    /* U+00DA "Ú" */
    0x0, 0x0, 0x7, 0x70, 0x0, 0x0, 0x0, 0x5f,
    0xa0, 0x0, 0x0, 0x0, 0xce, 0x10, 0x0, 0x0,
    0x0, 0x0, 0x0, 0x0, 0xff, 0x70, 0x0, 0xb,
    0xfa, 0xff, 0x70, 0x0, 0xb, 0xfa, 0xff, 0x70,
    0x0, 0xb, 0xfa, 0xff, 0x70, 0x0, 0xb, 0xfa,
    0xff, 0x70, 0x0, 0xb, 0xfa, 0xff, 0x70, 0x0,
    0xb, 0xfa, 0xff, 0x70, 0x0, 0xb, 0xfa, 0xef,
    0x70, 0x0, 0xb, 0xfa, 0xdf, 0xa0, 0x0, 0xe,
    0xf9, 0x8f, 0xf9, 0x34, 0xcf, 0xf4, 0xd, 0xff,
    0xff, 0xff, 0x90, 0x0, 0x7d, 0xff, 0xc5, 0x0,

    /* U+00DB "Û" */
    0x0, 0x2, 0x87, 0x0, 0x0, 0x0, 0x1d, 0xef,
    0xa0, 0x0, 0x1, 0xdf, 0x26, 0xf8, 0x0, 0x0,
    0x0, 0x0, 0x0, 0x0, 0xff, 0x70, 0x0, 0xb,
    0xfa, 0xff, 0x70, 0x0, 0xb, 0xfa, 0xff, 0x70,
    0x0, 0xb, 0xfa, 0xff, 0x70, 0x0, 0xb, 0xfa,
    0xff, 0x70, 0x0, 0xb, 0xfa, 0xff, 0x70, 0x0,
    0xb, 0xfa, 0xff, 0x70, 0x0, 0xb, 0xfa, 0xef,
    0x70, 0x0, 0xb, 0xfa, 0xdf, 0xa0, 0x0, 0xe,
    0xf9, 0x8f, 0xf9, 0x34, 0xcf, 0xf4, 0xd, 0xff,
    0xff, 0xff, 0x90, 0x0, 0x7d, 0xff, 0xc5, 0x0,

    /* U+00DC "Ü" */
    0x0, 0x13, 0x0, 0x40, 0x0, 0x0, 0xef, 0x27,
    0xfa, 0x0, 0x0, 0xbe, 0x14, 0xf7, 0x0, 0x0,
    0x0, 0x0, 0x0, 0x0, 0xff, 0x70, 0x0, 0xb,
    0xfa, 0xff, 0x70, 0x0, 0xb, 0xfa, 0xff, 0x70,
    0x0, 0xb, 0xfa, 0xff, 0x70, 0x0, 0xb, 0xfa,
    0xff, 0x70, 0x0, 0xb, 0xfa, 0xff, 0x70, 0x0,
    0xb, 0xfa, 0xff, 0x70, 0x0, 0xb, 0xfa, 0xef,
    0x70, 0x0, 0xb, 0xfa, 0xdf, 0xa0, 0x0, 0xe,
    0xf9, 0x8f, 0xf9, 0x34, 0xcf, 0xf4, 0xd, 0xff,
    0xff, 0xff, 0x90, 0x0, 0x7d, 0xff, 0xc5, 0x0,

    /* U+00DD "Ý" */
    0x0, 0x0, 0x0, 0x77, 0x0, 0x0, 0x0, 0x0,
    0x5, 0xf9, 0x0, 0x0, 0x0, 0x0, 0xc, 0xe1,
    0x0, 0x0, 0x0, 0x0, 0x0, 0x0, 0x0, 0x0,
    0x5f, 0xf6, 0x0, 0x0, 0xbf, 0xf1, 0xb, 0xfe,
    0x0, 0x3, 0xff, 0x70, 0x2, 0xff, 0x70, 0xb,
    0xfd, 0x0, 0x0, 0x9f, 0xf1, 0x4f, 0xf5, 0x0,
    0x0, 0x1e, 0xf8, 0xbf, 0xc0, 0x0, 0x0, 0x7,
    0xff, 0xff, 0x30, 0x0, 0x0, 0x0, 0xdf, 0xfa,
    0x0, 0x0, 0x0, 0x0, 0x5f, 0xf2, 0x0, 0x0,
    0x0, 0x0, 0x4f, 0xf1, 0x0, 0x0, 0x0, 0x0,
    0x4f, 0xf1, 0x0, 0x0, 0x0, 0x0, 0x4f, 0xf1,
    0x0, 0x0, 0x0, 0x0, 0x4f, 0xf1, 0x0, 0x0,

    /* U+00DE "Þ" */
    0xff, 0x60, 0x0, 0x0, 0xf, 0xf6, 0x0, 0x0,
    0x0, 0xff, 0xee, 0xdb, 0x50, 0xf, 0xff, 0xff,
    0xff, 0x80, 0xff, 0x60, 0x8, 0xff, 0x2f, 0xf6,
    0x0, 0xe, 0xf6, 0xff, 0x60, 0x0, 0xef, 0x6f,
    0xf6, 0x0, 0x8f, 0xf2, 0xff, 0xff, 0xff, 0xf8,
    0xf, 0xfe, 0xed, 0xb5, 0x0, 0xff, 0x60, 0x0,
    0x0, 0xf, 0xf6, 0x0, 0x0, 0x0,

    /* U+00DF "ß" */
    0x5, 0xcf, 0xfc, 0x60, 0x6, 0xff, 0xff, 0xff,
    0x90, 0xdf, 0xd2, 0x1b, 0xff, 0xe, 0xf7, 0x0,
    0x5f, 0xf1, 0xff, 0x60, 0xb, 0xfc, 0xf, 0xf6,
    0x4f, 0xfc, 0x10, 0xff, 0x63, 0xef, 0xfe, 0x2f,
    0xf6, 0x0, 0x1d, 0xfa, 0xff, 0x60, 0x0, 0x8f,
    0xdf, 0xf6, 0x0, 0x1d, 0xfc, 0xff, 0x65, 0xff,
    0xff, 0x6f, 0xf6, 0x5f, 0xfd, 0x60,

    /* U+00E0 "à" */
    0x0, 0x47, 0x30, 0x0, 0x0, 0x3, 0xfc, 0x0,
    0x0, 0x0, 0x8, 0xf3, 0x0, 0x0, 0x0, 0x0,
    0x0, 0x0, 0x0, 0x7d, 0xfe, 0x91, 0x0, 0xbf,
    0xfd, 0xff, 0xc0, 0x8, 0xb2, 0x3, 0xff, 0x30,
    0x0, 0x35, 0x9f, 0xf4, 0x7, 0xff, 0xfe, 0xff,
    0x44, 0xff, 0x61, 0xf, 0xf4, 0x7f, 0xd0, 0x5,
    0xff, 0x43, 0xff, 0xdc, 0xef, 0xf4, 0x6, 0xdf,
    0xc3, 0xef, 0x40,

    /* U+00E1 "á" */
    0x0, 0x0, 0x17, 0x60, 0x0, 0x0, 0x9, 0xf6,
    0x0, 0x0, 0x1, 0xfb, 0x0, 0x0, 0x0, 0x0,
    0x0, 0x0, 0x0, 0x7d, 0xfe, 0x91, 0x0, 0xbf,
    0xfd, 0xff, 0xc0, 0x8, 0xb2, 0x3, 0xff, 0x30,
    0x0, 0x35, 0x9f, 0xf4, 0x7, 0xff, 0xfe, 0xff,
    0x44, 0xff, 0x61, 0xf, 0xf4, 0x7f, 0xd0, 0x5,
    0xff, 0x43, 0xff, 0xdc, 0xef, 0xf4, 0x6, 0xdf,
    0xc3, 0xef, 0x40,

    /* U+00E2 "â" */
    0x0, 0x4, 0x86, 0x0, 0x0, 0x7, 0xfa, 0xf9,
    0x0, 0x2, 0x85, 0x4, 0x83, 0x0, 0x0, 0x0,
    0x0, 0x0, 0x0, 0x7d, 0xfe, 0x91, 0x0, 0xbf,
    0xfd, 0xff, 0xc0, 0x8, 0xb2, 0x3, 0xff, 0x30,
    0x0, 0x35, 0x9f, 0xf4, 0x7, 0xff, 0xfe, 0xff,
    0x44, 0xff, 0x61, 0xf, 0xf4, 0x7f, 0xd0, 0x5,
    0xff, 0x43, 0xff, 0xdc, 0xef, 0xf4, 0x6, 0xdf,
    0xc3, 0xef, 0x40,

    /* U+00E3 "ã" */
    0x0, 0x27, 0x41, 0x72, 0x0, 0xe, 0xef, 0xff,
    0x10, 0x0, 0x51, 0x14, 0x10, 0x0, 0x0, 0x0,
    0x0, 0x0, 0x0, 0x7d, 0xfe, 0x91, 0x0, 0xbf,
    0xfd, 0xff, 0xc0, 0x8, 0xb2, 0x3, 0xff, 0x30,
    0x0, 0x35, 0x9f, 0xf4, 0x7, 0xff, 0xfe, 0xff,
    0x44, 0xff, 0x61, 0xf, 0xf4, 0x7f, 0xd0, 0x5,
    0xff, 0x43, 0xff, 0xdc, 0xef, 0xf4, 0x6, 0xdf,
    0xc3, 0xef, 0x40,

    /* U+00E4 "ä" */
    0x0, 0x64, 0x2, 0x60, 0x0, 0x3f, 0xf0, 0xcf,
    0x70, 0x0, 0xb8, 0x6, 0xc2, 0x0, 0x0, 0x0,
    0x0, 0x0, 0x0, 0x7d, 0xfe, 0x91, 0x0, 0xbf,
    0xfd, 0xff, 0xc0, 0x8, 0xb2, 0x3, 0xff, 0x30,
    0x0, 0x35, 0x9f, 0xf4, 0x7, 0xff, 0xfe, 0xff,
    0x44, 0xff, 0x61, 0xf, 0xf4, 0x7f, 0xd0, 0x5,
    0xff, 0x43, 0xff, 0xdc, 0xef, 0xf4, 0x6, 0xdf,
    0xc3, 0xef, 0x40,

    /* U+00E5 "å" */
    0x0, 0x9, 0xeb, 0x10, 0x0, 0x6, 0xd3, 0xb9,
    0x0, 0x0, 0x7c, 0x9, 0xa0, 0x0, 0x1, 0xcf,
    0xe2, 0x0, 0x0, 0x0, 0x10, 0x0, 0x0, 0x7,
    0xdf, 0xe9, 0x10, 0xb, 0xff, 0xdf, 0xfc, 0x0,
    0x8b, 0x20, 0x3f, 0xf3, 0x0, 0x3, 0x59, 0xff,
    0x40, 0x7f, 0xff, 0xef, 0xf4, 0x4f, 0xf6, 0x10,
    0xff, 0x47, 0xfd, 0x0, 0x5f, 0xf4, 0x3f, 0xfd,
    0xce, 0xff, 0x40, 0x6d, 0xfc, 0x3e, 0xf4,

    /* U+00E6 "æ" */
    0x0, 0x8d, 0xfe, 0x73, 0xbf, 0xea, 0x20, 0xb,
    0xff, 0xdf, 0xff, 0xfd, 0xef, 0xe1, 0xa, 0xc3,
    0x3, 0xff, 0x80, 0xb, 0xf9, 0x0, 0x0, 0x22,
    0xff, 0x32, 0x27, 0xfd, 0x5, 0xdf, 0xff, 0xff,
    0xff, 0xff, 0xff, 0x3f, 0xf9, 0x55, 0xff, 0x65,
    0x55, 0x55, 0x7f, 0xe0, 0x6, 0xff, 0x70, 0x6,
    0xa7, 0x3f, 0xfe, 0xdf, 0xdf, 0xfe, 0xdf, 0xf6,
    0x6, 0xdf, 0xe9, 0x3, 0xbe, 0xfc, 0x50,

    /* U+00E7 "ç" */
    0x0, 0x4c, 0xfe, 0xb3, 0x0, 0x6f, 0xff, 0xff,
    0xf3, 0xf, 0xfa, 0x0, 0xcf, 0x94, 0xff, 0x20,
    0x1, 0x20, 0x5f, 0xf1, 0x0, 0x0, 0x3, 0xff,
    0x30, 0x3, 0x41, 0xe, 0xfc, 0x12, 0xdf, 0x90,
    0x4f, 0xff, 0xff, 0xe2, 0x0, 0x3a, 0xed, 0x91,
    0x0, 0x0, 0xb, 0xb3, 0x0, 0x0, 0x0, 0x19,
    0xc0, 0x0, 0x0, 0x1f, 0xf7, 0x0,

    /* U+00E8 "è" */
    0x0, 0x37, 0x40, 0x0, 0x0, 0x1, 0xee, 0x0,
    0x0, 0x0, 0x5, 0xf6, 0x0, 0x0, 0x0, 0x0,
    0x0, 0x0, 0x0, 0x4c, 0xfe, 0xa1, 0x0, 0x6f,
    0xfd, 0xef, 0xe1, 0xe, 0xf8, 0x0, 0xcf, 0x83,
    0xff, 0x32, 0x28, 0xfd, 0x5f, 0xff, 0xff, 0xff,
    0xe4, 0xff, 0x55, 0x55, 0x54, 0xf, 0xf7, 0x0,
    0x68, 0x40, 0x6f, 0xfe, 0xdf, 0xf5, 0x0, 0x5c,
    0xff, 0xc4, 0x0,

    /* U+00E9 "é" */
    0x0, 0x0, 0x7, 0x70, 0x0, 0x0, 0x6, 0xf9,
    0x0, 0x0, 0x0, 0xdd, 0x0, 0x0, 0x0, 0x0,
    0x0, 0x0, 0x0, 0x4c, 0xfe, 0xa1, 0x0, 0x6f,
    0xfd, 0xef, 0xe1, 0xe, 0xf8, 0x0, 0xcf, 0x83,
    0xff, 0x32, 0x28, 0xfd, 0x5f, 0xff, 0xff, 0xff,
    0xe4, 0xff, 0x55, 0x55, 0x54, 0xf, 0xf7, 0x0,
    0x68, 0x40, 0x6f, 0xfe, 0xdf, 0xf5, 0x0, 0x5c,
    0xff, 0xc4, 0x0,

    /* U+00EA "ê" */
    0x0, 0x3, 0x87, 0x0, 0x0, 0x4, 0xfb, 0xec,
    0x10, 0x1, 0x77, 0x2, 0x85, 0x0, 0x0, 0x0,
    0x0, 0x0, 0x0, 0x4c, 0xfe, 0xa1, 0x0, 0x6f,
    0xfd, 0xef, 0xe1, 0xe, 0xf8, 0x0, 0xcf, 0x83,
    0xff, 0x32, 0x28, 0xfd, 0x5f, 0xff, 0xff, 0xff,
    0xe4, 0xff, 0x55, 0x55, 0x54, 0xf, 0xf7, 0x0,
    0x68, 0x40, 0x6f, 0xfe, 0xdf, 0xf5, 0x0, 0x5c,
    0xff, 0xc4, 0x0,

    /* U+00EB "ë" */
    0x0, 0x45, 0x1, 0x71, 0x0, 0xf, 0xf2, 0x9f,
    0xa0, 0x0, 0x9a, 0x3, 0xc4, 0x0, 0x0, 0x0,
    0x0, 0x0, 0x0, 0x4c, 0xfe, 0xa1, 0x0, 0x6f,
    0xfd, 0xef, 0xe1, 0xe, 0xf8, 0x0, 0xcf, 0x83,
    0xff, 0x32, 0x28, 0xfd, 0x5f, 0xff, 0xff, 0xff,
    0xe4, 0xff, 0x55, 0x55, 0x54, 0xf, 0xf7, 0x0,
    0x68, 0x40, 0x6f, 0xfe, 0xdf, 0xf5, 0x0, 0x5c,
    0xff, 0xc4, 0x0,

    /* U+00EC "ì" */
    0x7, 0x70, 0x0, 0x9f, 0x50, 0x1, 0xec, 0x0,
    0x0, 0x0, 0x0, 0xff, 0x50, 0xf, 0xf5, 0x0,
    0xff, 0x50, 0xf, 0xf5, 0x0, 0xff, 0x50, 0xf,
    0xf5, 0x0, 0xff, 0x50, 0xf, 0xf5, 0x0, 0xff,
    0x50,

    /* U+00ED "í" */
    0x5, 0x73, 0x1f, 0xe0, 0x7f, 0x40, 0x0, 0x0,
    0xff, 0x50, 0xff, 0x50, 0xff, 0x50, 0xff, 0x50,
    0xff, 0x50, 0xff, 0x50, 0xff, 0x50, 0xff, 0x50,
    0xff, 0x50,

    /* U+00EE "î" */
    0x0, 0x78, 0x20, 0x0, 0xaf, 0xee, 0x10, 0x9f,
    0x72, 0xfd, 0x0, 0x0, 0x0, 0x0, 0x0, 0xff,
    0x50, 0x0, 0xf, 0xf5, 0x0, 0x0, 0xff, 0x50,
    0x0, 0xf, 0xf5, 0x0, 0x0, 0xff, 0x50, 0x0,
    0xf, 0xf5, 0x0, 0x0, 0xff, 0x50, 0x0, 0xf,
    0xf5, 0x0, 0x0, 0xff, 0x50, 0x0,

    /* U+00EF "ï" */
    0x17, 0x10, 0x54, 0xa, 0xf8, 0x3f, 0xf0, 0x4c,
    0x30, 0xa9, 0x0, 0x0, 0x0, 0x0, 0x0, 0xff,
    0x50, 0x0, 0xf, 0xf5, 0x0, 0x0, 0xff, 0x50,
    0x0, 0xf, 0xf5, 0x0, 0x0, 0xff, 0x50, 0x0,
    0xf, 0xf5, 0x0, 0x0, 0xff, 0x50, 0x0, 0xf,
    0xf5, 0x0, 0x0, 0xff, 0x50, 0x0,

    /* U+00F0 "ð" */
    0x0, 0x86, 0x0, 0x22, 0x0, 0xb, 0xfd, 0xaf,
    0x40, 0x0, 0x1c, 0xff, 0x80, 0x0, 0xe, 0x93,
    0xdf, 0x50, 0x0, 0x26, 0x75, 0xfe, 0x0, 0x3f,
    0xff, 0xfd, 0xf6, 0xd, 0xfa, 0x2, 0xef, 0xb3,
    0xff, 0x10, 0x6, 0xfe, 0x5f, 0xe0, 0x0, 0x4f,
    0xe4, 0xff, 0x0, 0x6, 0xfc, 0xf, 0xf8, 0x0,
    0xdf, 0x80, 0x6f, 0xfe, 0xff, 0xe1, 0x0, 0x5c,
    0xfe, 0xa1, 0x0,

    /* U+00F1 "ñ" */
    0x0, 0x66, 0x15, 0x50, 0x8, 0xfe, 0xff, 0x60,
    0x3, 0x30, 0x43, 0x0, 0x0, 0x0, 0x0, 0x0,
    0xff, 0x49, 0xee, 0x90, 0xff, 0xcf, 0xff, 0xf8,
    0xff, 0xc0, 0xb, 0xfd, 0xff, 0x60, 0x6, 0xff,
    0xff, 0x50, 0x6, 0xff, 0xff, 0x50, 0x6, 0xff,
    0xff, 0x50, 0x6, 0xff, 0xff, 0x50, 0x6, 0xff,
    0xff, 0x50, 0x6, 0xff,

    /* U+00F2 "ò" */
    0x0, 0x27, 0x50, 0x0, 0x0, 0x0, 0xd, 0xf1,
    0x0, 0x0, 0x0, 0x3, 0xf8, 0x0, 0x0, 0x0,
    0x0, 0x0, 0x0, 0x0, 0x0, 0x4c, 0xfe, 0xb3,
    0x0, 0x6, 0xff, 0xff, 0xff, 0x30, 0xe, 0xfa,
    0x0, 0xdf, 0xc0, 0x3f, 0xf3, 0x0, 0x5f, 0xf1,
    0x5f, 0xf1, 0x0, 0x3f, 0xf2, 0x4f, 0xf3, 0x0,
    0x5f, 0xf1, 0xe, 0xfa, 0x0, 0xdf, 0xc0, 0x6,
    0xff, 0xff, 0xff, 0x30, 0x0, 0x4c, 0xfe, 0xb3,
    0x0,

    /* U+00F3 "ó" */
    0x0, 0x0, 0x7, 0x71, 0x0, 0x0, 0x0, 0x4f,
    0xa0, 0x0, 0x0, 0x0, 0xbe, 0x10, 0x0, 0x0,
    0x0, 0x0, 0x0, 0x0, 0x0, 0x4c, 0xfe, 0xb3,
    0x0, 0x6, 0xff, 0xff, 0xff, 0x30, 0xe, 0xfa,
    0x0, 0xdf, 0xc0, 0x3f, 0xf3, 0x0, 0x5f, 0xf1,
    0x5f, 0xf1, 0x0, 0x3f, 0xf2, 0x4f, 0xf3, 0x0,
    0x5f, 0xf1, 0xe, 0xfa, 0x0, 0xdf, 0xc0, 0x6,
    0xff, 0xff, 0xff, 0x30, 0x0, 0x4c, 0xfe, 0xb3,
    0x0,

    /* U+00F4 "ô" */
    0x0, 0x2, 0x77, 0x0, 0x0, 0x0, 0x3e, 0xcd,
    0xd1, 0x0, 0x0, 0x77, 0x1, 0x76, 0x0, 0x0,
    0x0, 0x0, 0x0, 0x0, 0x0, 0x4c, 0xfe, 0xb3,
    0x0, 0x6, 0xff, 0xff, 0xff, 0x30, 0xe, 0xfa,
    0x0, 0xdf, 0xc0, 0x3f, 0xf3, 0x0, 0x5f, 0xf1,
    0x5f, 0xf1, 0x0, 0x3f, 0xf2, 0x4f, 0xf3, 0x0,
    0x5f, 0xf1, 0xe, 0xfa, 0x0, 0xdf, 0xc0, 0x6,
    0xff, 0xff, 0xff, 0x30, 0x0, 0x4c, 0xfe, 0xb3,
    0x0,

    /* U+00F5 "õ" */
    0x0, 0x6, 0x61, 0x64, 0x0, 0x0, 0x9f, 0xff,
    0xf5, 0x0, 0x0, 0x42, 0x4, 0x30, 0x0, 0x0,
    0x0, 0x0, 0x0, 0x0, 0x0, 0x4c, 0xfe, 0xb3,
    0x0, 0x6, 0xff, 0xff, 0xff, 0x30, 0xe, 0xfa,
    0x0, 0xdf, 0xc0, 0x3f, 0xf3, 0x0, 0x5f, 0xf1,
    0x5f, 0xf1, 0x0, 0x3f, 0xf2, 0x4f, 0xf3, 0x0,
    0x5f, 0xf1, 0xe, 0xfa, 0x0, 0xdf, 0xc0, 0x6,
    0xff, 0xff, 0xff, 0x30, 0x0, 0x4c, 0xfe, 0xb3,
    0x0,

    /* U+00F6 "ö" */
    0x0, 0x36, 0x0, 0x72, 0x0, 0x0, 0xef, 0x47,
    0xfb, 0x0, 0x0, 0x8b, 0x12, 0xc5, 0x0, 0x0,
    0x0, 0x0, 0x0, 0x0, 0x0, 0x4c, 0xfe, 0xb3,
    0x0, 0x6, 0xff, 0xff, 0xff, 0x30, 0xe, 0xfa,
    0x0, 0xdf, 0xc0, 0x3f, 0xf3, 0x0, 0x5f, 0xf1,
    0x5f, 0xf1, 0x0, 0x3f, 0xf2, 0x4f, 0xf3, 0x0,
    0x5f, 0xf1, 0xe, 0xfa, 0x0, 0xdf, 0xc0, 0x6,
    0xff, 0xff, 0xff, 0x30, 0x0, 0x4c, 0xfe, 0xb3,
    0x0,

    /* U+00F7 "÷" */
    0x0, 0x8, 0xf6, 0x0, 0x0, 0x0, 0xdf, 0xb0,
    0x0, 0x0, 0x4, 0xa3, 0x0, 0x7, 0xee, 0xee,
    0xee, 0xe5, 0x8f, 0xff, 0xff, 0xff, 0x60, 0x0,
    0x0, 0x0, 0x0, 0x0, 0x4, 0xa3, 0x0, 0x0,
    0x0, 0xdf, 0xb0, 0x0, 0x0, 0x8, 0xf6, 0x0,
    0x0,

    /* U+00F8 "ø" */
    0x0, 0x0, 0x0, 0x0, 0x0, 0x0, 0x4c, 0xfe,
    0xb7, 0xe0, 0x6, 0xff, 0xff, 0xff, 0x70, 0xe,
    0xfa, 0x2, 0xff, 0xc0, 0x4f, 0xf3, 0x1d, 0xcf,
    0xf1, 0x5f, 0xf1, 0xb9, 0x3f, 0xf2, 0x3f, 0xfb,
    0xb0, 0x5f, 0xf1, 0xe, 0xfe, 0x0, 0xdf, 0xc0,
    0xa, 0xff, 0xff, 0xff, 0x30, 0x2e, 0x6c, 0xfe,
    0xb3, 0x0, 0x0, 0x0, 0x0, 0x0, 0x0,

    /* U+00F9 "ù" */
    0x2, 0x76, 0x0, 0x0, 0x0, 0xcf, 0x20, 0x0,
    0x0, 0x2f, 0x90, 0x0, 0x0, 0x0, 0x0, 0x0,
    0xff, 0x50, 0x6, 0xff, 0xff, 0x50, 0x6, 0xff,
    0xff, 0x50, 0x6, 0xff, 0xff, 0x50, 0x6, 0xff,
    0xff, 0x50, 0x6, 0xff, 0xff, 0x60, 0x7, 0xff,
    0xef, 0xc1, 0x2d, 0xff, 0x8f, 0xff, 0xfb, 0xff,
    0x9, 0xfe, 0x84, 0xff,

    /* U+00FA "ú" */
    0x0, 0x0, 0x67, 0x10, 0x0, 0x3, 0xfc, 0x0,
    0x0, 0xa, 0xf2, 0x0, 0x0, 0x0, 0x0, 0x0,
    0xff, 0x50, 0x6, 0xff, 0xff, 0x50, 0x6, 0xff,
    0xff, 0x50, 0x6, 0xff, 0xff, 0x50, 0x6, 0xff,
    0xff, 0x50, 0x6, 0xff, 0xff, 0x60, 0x7, 0xff,
    0xef, 0xc1, 0x2d, 0xff, 0x8f, 0xff, 0xfb, 0xff,
    0x9, 0xfe, 0x84, 0xff,

    /* U+00FB "û" */
    0x0, 0x17, 0x71, 0x0, 0x0, 0xce, 0xfc, 0x0,
    0xb, 0xf4, 0x4f, 0xa0, 0x0, 0x0, 0x0, 0x0,
    0xff, 0x50, 0x6, 0xff, 0xff, 0x50, 0x6, 0xff,
    0xff, 0x50, 0x6, 0xff, 0xff, 0x50, 0x6, 0xff,
    0xff, 0x50, 0x6, 0xff, 0xff, 0x60, 0x7, 0xff,
    0xef, 0xc1, 0x2d, 0xff, 0x8f, 0xff, 0xfb, 0xff,
    0x9, 0xfe, 0x84, 0xff,

    /* U+00FC "ü" */
    0x3, 0x60, 0x6, 0x30, 0xd, 0xf5, 0x6f, 0xd0,
    0x6, 0xb1, 0x2b, 0x60, 0x0, 0x0, 0x0, 0x0,
    0xff, 0x50, 0x6, 0xff, 0xff, 0x50, 0x6, 0xff,
    0xff, 0x50, 0x6, 0xff, 0xff, 0x50, 0x6, 0xff,
    0xff, 0x50, 0x6, 0xff, 0xff, 0x60, 0x7, 0xff,
    0xef, 0xc1, 0x2d, 0xff, 0x8f, 0xff, 0xfb, 0xff,
    0x9, 0xfe, 0x84, 0xff,

    /* U+00FD "ý" */
    0x0, 0x0, 0x2f, 0xd0, 0x0, 0x0, 0x0, 0x9f,
    0x40, 0x0, 0x0, 0x0, 0x65, 0x0, 0x0, 0x0,
    0x0, 0x0, 0x0, 0x0, 0x9f, 0xe0, 0x0, 0x4f,
    0xf3, 0x2f, 0xf3, 0x0, 0x9f, 0xd0, 0xc, 0xf8,
    0x0, 0xef, 0x60, 0x6, 0xfd, 0x4, 0xff, 0x10,
    0x1, 0xff, 0x39, 0xfa, 0x0, 0x0, 0xaf, 0x7e,
    0xf4, 0x0, 0x0, 0x4f, 0xdf, 0xe0, 0x0, 0x0,
    0xe, 0xff, 0x80, 0x0, 0x0, 0x9, 0xff, 0x20,
    0x0, 0x0, 0xa, 0xfb, 0x0, 0x0, 0xa, 0xef,
    0xf3, 0x0, 0x0, 0xd, 0xfd, 0x40, 0x0, 0x0,

    /* U+00FE "þ" */
    0xff, 0x50, 0x0, 0x0, 0xf, 0xf5, 0x0, 0x0,
    0x0, 0xff, 0x50, 0x0, 0x0, 0xf, 0xf5, 0x9f,
    0xe8, 0x0, 0xff, 0xdf, 0xff, 0xfa, 0xf, 0xfd,
    0x10, 0xaf, 0xf2, 0xff, 0x70, 0x1, 0xff, 0x5f,
    0xf5, 0x0, 0xf, 0xf6, 0xff, 0x70, 0x2, 0xff,
    0x5f, 0xfe, 0x10, 0xaf, 0xf2, 0xff, 0xdf, 0xff,
    0xfa, 0xf, 0xf5, 0x9e, 0xe8, 0x0, 0xff, 0x50,
    0x0, 0x0, 0xf, 0xf5, 0x0, 0x0, 0x0, 0xff,
    0x50, 0x0, 0x0, 0x0,

    /* U+00FF "ÿ" */
    0x0, 0x45, 0x1, 0x71, 0x0, 0x0, 0xff, 0x38,
    0xfa, 0x0, 0x0, 0x8b, 0x3, 0xc5, 0x0, 0x0,
    0x0, 0x0, 0x0, 0x0, 0x9f, 0xe0, 0x0, 0x4f,
    0xf3, 0x2f, 0xf3, 0x0, 0x9f, 0xd0, 0xc, 0xf8,
    0x0, 0xef, 0x60, 0x6, 0xfd, 0x4, 0xff, 0x10,
    0x1, 0xff, 0x39, 0xfa, 0x0, 0x0, 0xaf, 0x7e,
    0xf4, 0x0, 0x0, 0x4f, 0xdf, 0xe0, 0x0, 0x0,
    0xe, 0xff, 0x80, 0x0, 0x0, 0x9, 0xff, 0x20,
    0x0, 0x0, 0xa, 0xfb, 0x0, 0x0, 0xa, 0xef,
    0xf3, 0x0, 0x0, 0xd, 0xfd, 0x40, 0x0, 0x0,

    /* U+0102 "Ă" */
    0x0, 0x1, 0x10, 0x1, 0x10, 0x0, 0x0, 0x9,
    0xd1, 0x2e, 0x80, 0x0, 0x0, 0x1, 0xdf, 0xfc,
    0x10, 0x0, 0x0, 0x0, 0x3, 0x30, 0x0, 0x0,
    0x0, 0x0, 0x7a, 0xa6, 0x0, 0x0, 0x0, 0x0,
    0xff, 0xfe, 0x0, 0x0, 0x0, 0x5, 0xfd, 0xff,
    0x30, 0x0, 0x0, 0xb, 0xf9, 0xcf, 0x90, 0x0,
    0x0, 0x1f, 0xf5, 0x7f, 0xe0, 0x0, 0x0, 0x6f,
    0xf1, 0x3f, 0xf4, 0x0, 0x0, 0xbf, 0xc0, 0xe,
    0xfa, 0x0, 0x1, 0xff, 0xc9, 0x9d, 0xff, 0x0,
    0x6, 0xff, 0xff, 0xff, 0xff, 0x50, 0xc, 0xfd,
    0x44, 0x44, 0xef, 0xa0, 0x1f, 0xf7, 0x0, 0x0,
    0x9f, 0xf1, 0x7f, 0xf2, 0x0, 0x0, 0x3f, 0xf6,

    /* U+0103 "ă" */
    0x0, 0x41, 0x0, 0x41, 0x0, 0xe, 0xa2, 0x7f,
    0x20, 0x0, 0x3e, 0xff, 0x70, 0x0, 0x0, 0x2,
    0x0, 0x0, 0x0, 0x5b, 0xdb, 0x60, 0x0, 0xaf,
    0xff, 0xff, 0xb0, 0xa, 0xd4, 0x4, 0xff, 0x30,
    0x0, 0x13, 0x7f, 0xf4, 0x5, 0xdf, 0xff, 0xff,
    0x43, 0xff, 0x94, 0x2f, 0xf4, 0x7f, 0xd0, 0x3,
    0xff, 0x44, 0xff, 0xa9, 0xef, 0xf4, 0x8, 0xff,
    0xf5, 0xef, 0x40, 0x0, 0x20, 0x0, 0x0,

    /* U+0110 "Đ" */
    0x3, 0xaa, 0xaa, 0x96, 0x10, 0x0, 0x5, 0xff,
    0xff, 0xff, 0xf6, 0x0, 0x5, 0xff, 0x66, 0x8d,
    0xff, 0x50, 0x5, 0xff, 0x0, 0x0, 0xbf, 0xe0,
    0x5, 0xff, 0x0, 0x0, 0x3f, 0xf3, 0x8c, 0xff,
    0xaa, 0x50, 0xf, 0xf5, 0xdf, 0xff, 0xff, 0x70,
    0xf, 0xf6, 0x5, 0xff, 0x0, 0x0, 0x1f, 0xf4,
    0x5, 0xff, 0x0, 0x0, 0x7f, 0xf0, 0x5, 0xff,
    0x11, 0x27, 0xff, 0x90, 0x5, 0xff, 0xff, 0xff,
    0xfb, 0x0, 0x5, 0xff, 0xff, 0xec, 0x60, 0x0,

    /* U+0111 "đ" */
    0x0, 0x0, 0x0, 0x2a, 0xa0, 0x0, 0x0, 0x7,
    0xee, 0xff, 0xe1, 0x0, 0x0, 0x48, 0xaf, 0xf8,
    0x0, 0x5, 0xbc, 0x74, 0xff, 0x10, 0x6, 0xff,
    0xff, 0xcf, 0xf1, 0x0, 0xff, 0xc1, 0x2d, 0xff,
    0x10, 0x3f, 0xf3, 0x0, 0x6f, 0xf1, 0x5, 0xff,
    0x10, 0x3, 0xff, 0x10, 0x4f, 0xf2, 0x0, 0x5f,
    0xf1, 0x1, 0xff, 0x90, 0xb, 0xff, 0x10, 0xa,
    0xff, 0xdd, 0xef, 0xf1, 0x0, 0xa, 0xff, 0xc5,
    0xff, 0x10, 0x0, 0x0, 0x10, 0x0, 0x0, 0x0,

    /* U+01A0 "Ơ" */
    0x0, 0x0, 0x0, 0x0, 0x1, 0x42, 0x0, 0x0,
    0x0, 0x0, 0x6, 0xfa, 0x0, 0x2, 0x8b, 0xcb,
    0xad, 0xf9, 0x0, 0x6f, 0xff, 0xff, 0xff, 0xc2,
    0x3, 0xff, 0xd6, 0x5a, 0xff, 0x90, 0xc, 0xfd,
    0x0, 0x0, 0x9f, 0xf1, 0x1f, 0xf6, 0x0, 0x0,
    0x1f, 0xf6, 0x3f, 0xf3, 0x0, 0x0, 0xe, 0xf8,
    0x3f, 0xf2, 0x0, 0x0, 0xd, 0xf8, 0x2f, 0xf4,
    0x0, 0x0, 0xf, 0xf7, 0xe, 0xfa, 0x0, 0x0,
    0x5f, 0xf3, 0x7, 0xff, 0x81, 0x4, 0xef, 0xc0,
    0x0, 0xbf, 0xff, 0xff, 0xfe, 0x20, 0x0, 0x7,
    0xef, 0xff, 0xa1, 0x0, 0x0, 0x0, 0x1, 0x10,
    0x0, 0x0,

    /* U+01A1 "ơ" */
    0x0, 0x0, 0x0, 0x2, 0xa6, 0x0, 0x0, 0x0,
    0x3, 0xfa, 0x0, 0x29, 0xcd, 0xcd, 0xf6, 0x4,
    0xff, 0xff, 0xff, 0x60, 0xe, 0xfb, 0x12, 0xdf,
    0xb0, 0x3f, 0xf3, 0x0, 0x6f, 0xf0, 0x5f, 0xf1,
    0x0, 0x3f, 0xf2, 0x4f, 0xf2, 0x0, 0x5f, 0xf1,
    0xf, 0xf8, 0x0, 0xbf, 0xd0, 0x8, 0xff, 0xcc,
    0xff, 0x50, 0x0, 0x7e, 0xff, 0xe5, 0x0, 0x0,
    0x0, 0x21, 0x0, 0x0,

    /* U+01AF "Ư" */
    0x0, 0x0, 0x0, 0x0, 0x4, 0x40, 0x0, 0x0,
    0x0, 0x0, 0x1f, 0xf0, 0x9a, 0x40, 0x0, 0x7,
    0xaf, 0xf0, 0xff, 0x70, 0x0, 0xb, 0xfe, 0x60,
    0xff, 0x70, 0x0, 0xb, 0xfa, 0x0, 0xff, 0x70,
    0x0, 0xb, 0xfa, 0x0, 0xff, 0x70, 0x0, 0xb,
    0xfa, 0x0, 0xff, 0x70, 0x0, 0xb, 0xfa, 0x0,
    0xff, 0x70, 0x0, 0xb, 0xfa, 0x0, 0xef, 0x70,
    0x0, 0xb, 0xfa, 0x0, 0xdf, 0x90, 0x0, 0xd,
    0xf9, 0x0, 0x9f, 0xf6, 0x0, 0x9f, 0xf5, 0x0,
    0x1e, 0xff, 0xff, 0xff, 0xb0, 0x0, 0x2, 0xaf,
    0xff, 0xe8, 0x0, 0x0, 0x0, 0x0, 0x21, 0x0,
    0x0, 0x0,

    /* U+01B0 "ư" */
    0x0, 0x0, 0x0, 0x6, 0xa2, 0x0, 0x0, 0x0,
    0x9, 0xf4, 0xbb, 0x40, 0x4, 0xbe, 0xf3, 0xff,
    0x50, 0x6, 0xff, 0x60, 0xff, 0x50, 0x6, 0xff,
    0x0, 0xff, 0x50, 0x6, 0xff, 0x0, 0xff, 0x50,
    0x6, 0xff, 0x0, 0xff, 0x50, 0x6, 0xff, 0x0,
    0xef, 0xb0, 0xc, 0xff, 0x0, 0x9f, 0xfe, 0xfd,
    0xff, 0x0, 0x1b, 0xff, 0xa4, 0xff, 0x0, 0x0,
    0x0, 0x0, 0x0, 0x0,

    /* U+1EA0 "Ạ" */
    0x0, 0x0, 0x7a, 0xa6, 0x0, 0x0, 0x0, 0x0,
    0xff, 0xfe, 0x0, 0x0, 0x0, 0x5, 0xfd, 0xff,
    0x30, 0x0, 0x0, 0xb, 0xf9, 0xcf, 0x90, 0x0,
    0x0, 0x1f, 0xf5, 0x7f, 0xe0, 0x0, 0x0, 0x6f,
    0xf1, 0x3f, 0xf4, 0x0, 0x0, 0xbf, 0xc0, 0xe,
    0xfa, 0x0, 0x1, 0xff, 0xc9, 0x9d, 0xff, 0x0,
    0x6, 0xff, 0xff, 0xff, 0xff, 0x50, 0xc, 0xfd,
    0x44, 0x44, 0xef, 0xa0, 0x1f, 0xf7, 0x0, 0x0,
    0x9f, 0xf1, 0x7f, 0xf2, 0x0, 0x0, 0x3f, 0xf6,
    0x0, 0x0, 0x0, 0x0, 0x0, 0x0, 0x0, 0x0,
    0xb, 0xb0, 0x0, 0x0, 0x0, 0x0, 0x3f, 0xf3,
    0x0, 0x0, 0x0, 0x0, 0x6, 0x60, 0x0, 0x0,

    /* U+1EA1 "ạ" */
    0x0, 0x5b, 0xdb, 0x60, 0x0, 0xaf, 0xff, 0xff,
    0xb0, 0xa, 0xd4, 0x4, 0xff, 0x30, 0x0, 0x13,
    0x7f, 0xf4, 0x5, 0xdf, 0xff, 0xff, 0x43, 0xff,
    0x94, 0x2f, 0xf4, 0x7f, 0xd0, 0x3, 0xff, 0x44,
    0xff, 0xa9, 0xef, 0xf4, 0x8, 0xff, 0xf5, 0xef,
    0x40, 0x0, 0x20, 0x0, 0x0, 0x0, 0x4, 0xc6,
    0x0, 0x0, 0x0, 0xaf, 0xc0, 0x0, 0x0, 0x1,
    0x82, 0x0, 0x0,

    /* U+1EA2 "Ả" */
    0x0, 0x0, 0x12, 0x10, 0x0, 0x0, 0x0, 0x0,
    0x8f, 0xf3, 0x0, 0x0, 0x0, 0x0, 0x6, 0xf2,
    0x0, 0x0, 0x0, 0x0, 0x2, 0x20, 0x0, 0x0,
    0x0, 0x0, 0x7a, 0xa6, 0x0, 0x0, 0x0, 0x0,
    0xff, 0xfe, 0x0, 0x0, 0x0, 0x5, 0xfd, 0xff,
    0x30, 0x0, 0x0, 0xb, 0xf9, 0xcf, 0x90, 0x0,
    0x0, 0x1f, 0xf5, 0x7f, 0xe0, 0x0, 0x0, 0x6f,
    0xf1, 0x3f, 0xf4, 0x0, 0x0, 0xbf, 0xc0, 0xe,
    0xfa, 0x0, 0x1, 0xff, 0xc9, 0x9d, 0xff, 0x0,
    0x6, 0xff, 0xff, 0xff, 0xff, 0x50, 0xc, 0xfd,
    0x44, 0x44, 0xef, 0xa0, 0x1f, 0xf7, 0x0, 0x0,
    0x9f, 0xf1, 0x7f, 0xf2, 0x0, 0x0, 0x3f, 0xf6,

    /* U+1EA3 "ả" */
    0x0, 0x4, 0x41, 0x0, 0x0, 0x0, 0xdf, 0xd0,
    0x0, 0x0, 0x0, 0xca, 0x0, 0x0, 0x0, 0x2,
    0x0, 0x0, 0x0, 0x5b, 0xdb, 0x60, 0x0, 0xaf,
    0xff, 0xff, 0xb0, 0xa, 0xd4, 0x4, 0xff, 0x30,
    0x0, 0x13, 0x7f, 0xf4, 0x5, 0xdf, 0xff, 0xff,
    0x43, 0xff, 0x94, 0x2f, 0xf4, 0x7f, 0xd0, 0x3,
    0xff, 0x44, 0xff, 0xa9, 0xef, 0xf4, 0x8, 0xff,
    0xf5, 0xef, 0x40, 0x0, 0x20, 0x0, 0x0,

    /* U+1EA4 "Ấ" */
    0x0, 0x0, 0x0, 0x0, 0xa8, 0x0, 0x0, 0x0,
    0x0, 0x6, 0xf3, 0x0, 0x0, 0x0, 0x0, 0x4,
    0x40, 0x0, 0x0, 0x0, 0x6f, 0xf5, 0x0, 0x0,
    0x0, 0x5, 0xf9, 0xaf, 0x50, 0x0, 0x0, 0x6,
    0x60, 0x6, 0x60, 0x0, 0x0, 0x0, 0x7a, 0xa6,
    0x0, 0x0, 0x0, 0x0, 0xff, 0xfe, 0x0, 0x0,
    0x0, 0x5, 0xfd, 0xff, 0x30, 0x0, 0x0, 0xb,
    0xf9, 0xcf, 0x90, 0x0, 0x0, 0x1f, 0xf5, 0x7f,
    0xe0, 0x0, 0x0, 0x6f, 0xf1, 0x3f, 0xf4, 0x0,
    0x0, 0xbf, 0xc0, 0xe, 0xfa, 0x0, 0x1, 0xff,
    0xc9, 0x9d, 0xff, 0x0, 0x6, 0xff, 0xff, 0xff,
    0xff, 0x50, 0xc, 0xfd, 0x44, 0x44, 0xef, 0xa0,
    0x1f, 0xf7, 0x0, 0x0, 0x9f, 0xf1, 0x7f, 0xf2,
    0x0, 0x0, 0x3f, 0xf6,

    /* U+1EA5 "ấ" */
    0x0, 0x0, 0x0, 0x5c, 0x50, 0x0, 0x0, 0xc,
    0xc0, 0x0, 0x0, 0x11, 0x51, 0x0, 0x0, 0xcf,
    0xe2, 0x0, 0x0, 0xcf, 0x4d, 0xe2, 0x0, 0x25,
    0x30, 0x15, 0x30, 0x0, 0x5b, 0xdb, 0x60, 0x0,
    0xaf, 0xff, 0xff, 0xb0, 0xa, 0xd4, 0x4, 0xff,
    0x30, 0x0, 0x13, 0x7f, 0xf4, 0x5, 0xdf, 0xff,
    0xff, 0x43, 0xff, 0x94, 0x2f, 0xf4, 0x7f, 0xd0,
    0x3, 0xff, 0x44, 0xff, 0xa9, 0xef, 0xf4, 0x8,
    0xff, 0xf5, 0xef, 0x40, 0x0, 0x20, 0x0, 0x0,

    /* U+1EA6 "Ầ" */
    0x0, 0x0, 0x0, 0x3b, 0x50, 0x0, 0x0, 0x0,
    0x0, 0xc, 0xd0, 0x0, 0x0, 0x0, 0x0, 0x1,
    0x61, 0x0, 0x0, 0x0, 0x6f, 0xf5, 0x0, 0x0,
    0x0, 0x5, 0xf9, 0xaf, 0x50, 0x0, 0x0, 0x6,
    0x60, 0x6, 0x60, 0x0, 0x0, 0x0, 0x7a, 0xa6,
    0x0, 0x0, 0x0, 0x0, 0xff, 0xfe, 0x0, 0x0,
    0x0, 0x5, 0xfd, 0xff, 0x30, 0x0, 0x0, 0xb,
    0xf9, 0xcf, 0x90, 0x0, 0x0, 0x1f, 0xf5, 0x7f,
    0xe0, 0x0, 0x0, 0x6f, 0xf1, 0x3f, 0xf4, 0x0,
    0x0, 0xbf, 0xc0, 0xe, 0xfa, 0x0, 0x1, 0xff,
    0xc9, 0x9d, 0xff, 0x0, 0x6, 0xff, 0xff, 0xff,
    0xff, 0x50, 0xc, 0xfd, 0x44, 0x44, 0xef, 0xa0,
    0x1f, 0xf7, 0x0, 0x0, 0x9f, 0xf1, 0x7f, 0xf2,
    0x0, 0x0, 0x3f, 0xf6,

    /* U+1EA7 "ầ" */
    0x0, 0x0, 0x8, 0xc1, 0x0, 0x0, 0x0, 0x1f,
    0x80, 0x0, 0x0, 0x10, 0x34, 0x0, 0x0, 0xcf,
    0xe2, 0x0, 0x0, 0xcf, 0x4d, 0xe2, 0x0, 0x25,
    0x30, 0x15, 0x30, 0x0, 0x5b, 0xdb, 0x60, 0x0,
    0xaf, 0xff, 0xff, 0xb0, 0xa, 0xd4, 0x4, 0xff,
    0x30, 0x0, 0x13, 0x7f, 0xf4, 0x5, 0xdf, 0xff,
    0xff, 0x43, 0xff, 0x94, 0x2f, 0xf4, 0x7f, 0xd0,
    0x3, 0xff, 0x44, 0xff, 0xa9, 0xef, 0xf4, 0x8,
    0xff, 0xf5, 0xef, 0x40, 0x0, 0x20, 0x0, 0x0,

    /* U+1EA8 "Ẩ" */
    0x0, 0x0, 0x0, 0x5a, 0x70, 0x0, 0x0, 0x0,
    0x0, 0x3a, 0xe0, 0x0, 0x0, 0x0, 0x0, 0x4,
    0x30, 0x0, 0x0, 0x0, 0x6f, 0xf5, 0x0, 0x0,
    0x0, 0x5, 0xf9, 0xaf, 0x50, 0x0, 0x0, 0x6,
    0x60, 0x6, 0x60, 0x0, 0x0, 0x0, 0x7a, 0xa6,
    0x0, 0x0, 0x0, 0x0, 0xff, 0xfe, 0x0, 0x0,
    0x0, 0x5, 0xfd, 0xff, 0x30, 0x0, 0x0, 0xb,
    0xf9, 0xcf, 0x90, 0x0, 0x0, 0x1f, 0xf5, 0x7f,
    0xe0, 0x0, 0x0, 0x6f, 0xf1, 0x3f, 0xf4, 0x0,
    0x0, 0xbf, 0xc0, 0xe, 0xfa, 0x0, 0x1, 0xff,
    0xc9, 0x9d, 0xff, 0x0, 0x6, 0xff, 0xff, 0xff,
    0xff, 0x50, 0xc, 0xfd, 0x44, 0x44, 0xef, 0xa0,
    0x1f, 0xf7, 0x0, 0x0, 0x9f, 0xf1, 0x7f, 0xf2,
    0x0, 0x0, 0x3f, 0xf6,

    /* U+1EA9 "ẩ" */
    0x0, 0x0, 0xa, 0xb4, 0x0, 0x0, 0x0, 0x3d,
    0x80, 0x0, 0x0, 0x11, 0x50, 0x0, 0x0, 0xcf,
    0xe2, 0x0, 0x0, 0xcf, 0x4d, 0xe2, 0x0, 0x25,
    0x30, 0x15, 0x30, 0x0, 0x5b, 0xdb, 0x60, 0x0,
    0xaf, 0xff, 0xff, 0xb0, 0xa, 0xd4, 0x4, 0xff,
    0x30, 0x0, 0x13, 0x7f, 0xf4, 0x5, 0xdf, 0xff,
    0xff, 0x43, 0xff, 0x94, 0x2f, 0xf4, 0x7f, 0xd0,
    0x3, 0xff, 0x44, 0xff, 0xa9, 0xef, 0xf4, 0x8,
    0xff, 0xf5, 0xef, 0x40, 0x0, 0x20, 0x0, 0x0,

    /* U+1EAA "Ẫ" */
    0x0, 0x0, 0x76, 0x5, 0x50, 0x0, 0x0, 0x8,
    0xec, 0xef, 0x60, 0x0, 0x0, 0x3, 0x20, 0x33,
    0x0, 0x0, 0x0, 0x0, 0x6f, 0xf5, 0x0, 0x0,
    0x0, 0x5, 0xf9, 0xaf, 0x50, 0x0, 0x0, 0x6,
    0x60, 0x6, 0x60, 0x0, 0x0, 0x0, 0x7a, 0xa6,
    0x0, 0x0, 0x0, 0x0, 0xff, 0xfe, 0x0, 0x0,
    0x0, 0x5, 0xfd, 0xff, 0x30, 0x0, 0x0, 0xb,
    0xf9, 0xcf, 0x90, 0x0, 0x0, 0x1f, 0xf5, 0x7f,
    0xe0, 0x0, 0x0, 0x6f, 0xf1, 0x3f, 0xf4, 0x0,
    0x0, 0xbf, 0xc0, 0xe, 0xfa, 0x0, 0x1, 0xff,
    0xc9, 0x9d, 0xff, 0x0, 0x6, 0xff, 0xff, 0xff,
    0xff, 0x50, 0xc, 0xfd, 0x44, 0x44, 0xef, 0xa0,
    0x1f, 0xf7, 0x0, 0x0, 0x9f, 0xf1, 0x7f, 0xf2,
    0x0, 0x0, 0x3f, 0xf6,

    /* U+1EAB "ẫ" */
    0x0, 0x39, 0x50, 0x92, 0x0, 0xe, 0xbd, 0xfe,
    0x10, 0x0, 0x30, 0x13, 0x0, 0x0, 0x0, 0xcf,
    0xe2, 0x0, 0x0, 0xcf, 0x4d, 0xe2, 0x0, 0x25,
    0x30, 0x15, 0x30, 0x0, 0x5b, 0xdb, 0x60, 0x0,
    0xaf, 0xff, 0xff, 0xb0, 0xa, 0xd4, 0x4, 0xff,
    0x30, 0x0, 0x13, 0x7f, 0xf4, 0x5, 0xdf, 0xff,
    0xff, 0x43, 0xff, 0x94, 0x2f, 0xf4, 0x7f, 0xd0,
    0x3, 0xff, 0x44, 0xff, 0xa9, 0xef, 0xf4, 0x8,
    0xff, 0xf5, 0xef, 0x40, 0x0, 0x20, 0x0, 0x0,

    /* U+1EAC "Ậ" */
    0x0, 0x0, 0x2, 0x20, 0x0, 0x0, 0x0, 0x0,
    0x9f, 0xf8, 0x0, 0x0, 0x0, 0x9, 0xf6, 0x8f,
    0x70, 0x0, 0x0, 0x3, 0x20, 0x2, 0x20, 0x0,
    0x0, 0x0, 0x7a, 0xa6, 0x0, 0x0, 0x0, 0x0,
    0xff, 0xfe, 0x0, 0x0, 0x0, 0x5, 0xfd, 0xff,
    0x30, 0x0, 0x0, 0xb, 0xf9, 0xcf, 0x90, 0x0,
    0x0, 0x1f, 0xf5, 0x7f, 0xe0, 0x0, 0x0, 0x6f,
    0xf1, 0x3f, 0xf4, 0x0, 0x0, 0xbf, 0xc0, 0xe,
    0xfa, 0x0, 0x1, 0xff, 0xc9, 0x9d, 0xff, 0x0,
    0x6, 0xff, 0xff, 0xff, 0xff, 0x50, 0xc, 0xfd,
    0x44, 0x44, 0xef, 0xa0, 0x1f, 0xf7, 0x0, 0x0,
    0x9f, 0xf1, 0x7f, 0xf2, 0x0, 0x0, 0x3f, 0xf6,
    0x0, 0x0, 0x0, 0x0, 0x0, 0x0, 0x0, 0x0,
    0xb, 0xb0, 0x0, 0x0, 0x0, 0x0, 0x3f, 0xf3,
    0x0, 0x0, 0x0, 0x0, 0x6, 0x60, 0x0, 0x0,

    /* U+1EAD "ậ" */
    0x0, 0x1, 0x42, 0x0, 0x0, 0x2, 0xef, 0xf4,
    0x0, 0x2, 0xee, 0x1c, 0xf4, 0x0, 0x1, 0x0,
    0x1, 0x10, 0x0, 0x5b, 0xdb, 0x60, 0x0, 0xaf,
    0xff, 0xff, 0xb0, 0xa, 0xd4, 0x4, 0xff, 0x30,
    0x0, 0x13, 0x7f, 0xf4, 0x5, 0xdf, 0xff, 0xff,
    0x43, 0xff, 0x94, 0x2f, 0xf4, 0x7f, 0xd0, 0x3,
    0xff, 0x44, 0xff, 0xa9, 0xef, 0xf4, 0x8, 0xff,
    0xf5, 0xef, 0x40, 0x0, 0x20, 0x0, 0x0, 0x0,
    0x4, 0xc6, 0x0, 0x0, 0x0, 0xaf, 0xc0, 0x0,
    0x0, 0x1, 0x82, 0x0, 0x0,

    /* U+1EAE "Ắ" */
    0x0, 0x0, 0x0, 0xa9, 0x0, 0x0, 0x0, 0x0,
    0x5, 0xf4, 0x0, 0x0, 0x0, 0x0, 0x4, 0x50,
    0x0, 0x0, 0x0, 0x9, 0xc0, 0xc, 0x80, 0x0,
    0x0, 0x2, 0xee, 0xee, 0x20, 0x0, 0x0, 0x0,
    0x16, 0x61, 0x0, 0x0, 0x0, 0x0, 0x7a, 0xa6,
    0x0, 0x0, 0x0, 0x0, 0xff, 0xfe, 0x0, 0x0,
    0x0, 0x5, 0xfd, 0xff, 0x30, 0x0, 0x0, 0xb,
    0xf9, 0xcf, 0x90, 0x0, 0x0, 0x1f, 0xf5, 0x7f,
    0xe0, 0x0, 0x0, 0x6f, 0xf1, 0x3f, 0xf4, 0x0,
    0x0, 0xbf, 0xc0, 0xe, 0xfa, 0x0, 0x1, 0xff,
    0xc9, 0x9d, 0xff, 0x0, 0x6, 0xff, 0xff, 0xff,
    0xff, 0x50, 0xc, 0xfd, 0x44, 0x44, 0xef, 0xa0,
    0x1f, 0xf7, 0x0, 0x0, 0x9f, 0xf1, 0x7f, 0xf2,
    0x0, 0x0, 0x3f, 0xf6,

    /* U+1EAF "ắ" */
    0x0, 0x0, 0x3c, 0x60, 0x0, 0x0, 0xb, 0xd0,
    0x0, 0x0, 0x0, 0x42, 0x0, 0x0, 0xf, 0x80,
    0x4f, 0x30, 0x0, 0x6f, 0xef, 0xa0, 0x0, 0x0,
    0x25, 0x30, 0x0, 0x0, 0x5b, 0xdb, 0x60, 0x0,
    0xaf, 0xff, 0xff, 0xb0, 0xa, 0xd4, 0x4, 0xff,
    0x30, 0x0, 0x13, 0x7f, 0xf4, 0x5, 0xdf, 0xff,
    0xff, 0x43, 0xff, 0x94, 0x2f, 0xf4, 0x7f, 0xd0,
    0x3, 0xff, 0x44, 0xff, 0xa9, 0xef, 0xf4, 0x8,
    0xff, 0xf5, 0xef, 0x40, 0x0, 0x20, 0x0, 0x0,

    /* U+1EB0 "Ằ" */
    0x0, 0x0, 0xa9, 0x0, 0x0, 0x0, 0x0, 0x0,
    0x6f, 0x30, 0x0, 0x0, 0x0, 0x0, 0x5, 0x30,
    0x0, 0x0, 0x0, 0xa, 0xb0, 0xd, 0x80, 0x0,
    0x0, 0x3, 0xfe, 0xee, 0x20, 0x0, 0x0, 0x0,
    0x26, 0x61, 0x0, 0x0, 0x0, 0x0, 0x7a, 0xa6,
    0x0, 0x0, 0x0, 0x0, 0xff, 0xfe, 0x0, 0x0,
    0x0, 0x5, 0xfd, 0xff, 0x30, 0x0, 0x0, 0xb,
    0xf9, 0xcf, 0x90, 0x0, 0x0, 0x1f, 0xf5, 0x7f,
    0xe0, 0x0, 0x0, 0x6f, 0xf1, 0x3f, 0xf4, 0x0,
    0x0, 0xbf, 0xc0, 0xe, 0xfa, 0x0, 0x1, 0xff,
    0xc9, 0x9d, 0xff, 0x0, 0x6, 0xff, 0xff, 0xff,
    0xff, 0x50, 0xc, 0xfd, 0x44, 0x44, 0xef, 0xa0,
    0x1f, 0xf7, 0x0, 0x0, 0x9f, 0xf1, 0x7f, 0xf2,
    0x0, 0x0, 0x3f, 0xf6,

    /* U+1EB1 "ằ" */
    0x0, 0x3c, 0x60, 0x0, 0x0, 0x0, 0xae, 0x0,
    0x0, 0x0, 0x1, 0x51, 0x0, 0x0, 0xf, 0x70,
    0x5f, 0x20, 0x0, 0x6f, 0xef, 0xa0, 0x0, 0x0,
    0x25, 0x30, 0x0, 0x0, 0x5b, 0xdb, 0x60, 0x0,
    0xaf, 0xff, 0xff, 0xb0, 0xa, 0xd4, 0x4, 0xff,
    0x30, 0x0, 0x13, 0x7f, 0xf4, 0x5, 0xdf, 0xff,
    0xff, 0x43, 0xff, 0x94, 0x2f, 0xf4, 0x7f, 0xd0,
    0x3, 0xff, 0x44, 0xff, 0xa9, 0xef, 0xf4, 0x8,
    0xff, 0xf5, 0xef, 0x40, 0x0, 0x20, 0x0, 0x0,

    /* U+1EB2 "Ẳ" */
    0x0, 0x0, 0x3a, 0x80, 0x0, 0x0, 0x0, 0x0,
    0x18, 0xf2, 0x0, 0x0, 0x0, 0x0, 0x3, 0x40,
    0x0, 0x0, 0x0, 0x9, 0xc0, 0xc, 0x80, 0x0,
    0x0, 0x2, 0xee, 0xee, 0x20, 0x0, 0x0, 0x0,
    0x16, 0x61, 0x0, 0x0, 0x0, 0x0, 0x7a, 0xa6,
    0x0, 0x0, 0x0, 0x0, 0xff, 0xfe, 0x0, 0x0,
    0x0, 0x5, 0xfd, 0xff, 0x30, 0x0, 0x0, 0xb,
    0xf9, 0xcf, 0x90, 0x0, 0x0, 0x1f, 0xf5, 0x7f,
    0xe0, 0x0, 0x0, 0x6f, 0xf1, 0x3f, 0xf4, 0x0,
    0x0, 0xbf, 0xc0, 0xe, 0xfa, 0x0, 0x1, 0xff,
    0xc9, 0x9d, 0xff, 0x0, 0x6, 0xff, 0xff, 0xff,
    0xff, 0x50, 0xc, 0xfd, 0x44, 0x44, 0xef, 0xa0,
    0x1f, 0xf7, 0x0, 0x0, 0x9f, 0xf1, 0x7f, 0xf2,
    0x0, 0x0, 0x3f, 0xf6,

    /* U+1EB3 "ẳ" */
    0x0, 0x8, 0xc7, 0x0, 0x0, 0x0, 0x2b, 0xb0,
    0x0, 0x0, 0x0, 0x41, 0x0, 0x0, 0xf, 0x80,
    0x4f, 0x30, 0x0, 0x6f, 0xef, 0xa0, 0x0, 0x0,
    0x25, 0x30, 0x0, 0x0, 0x5b, 0xdb, 0x60, 0x0,
    0xaf, 0xff, 0xff, 0xb0, 0xa, 0xd4, 0x4, 0xff,
    0x30, 0x0, 0x13, 0x7f, 0xf4, 0x5, 0xdf, 0xff,
    0xff, 0x43, 0xff, 0x94, 0x2f, 0xf4, 0x7f, 0xd0,
    0x3, 0xff, 0x44, 0xff, 0xa9, 0xef, 0xf4, 0x8,
    0xff, 0xf5, 0xef, 0x40, 0x0, 0x20, 0x0, 0x0,

    /* U+1EB4 "Ẵ" */
    0x0, 0x0, 0x76, 0x4, 0x50, 0x0, 0x0, 0x7,
    0xec, 0xff, 0x70, 0x0, 0x0, 0x3, 0x30, 0x34,
    0x0, 0x0, 0x0, 0x9, 0xc0, 0xd, 0x80, 0x0,
    0x0, 0x2, 0xee, 0xed, 0x20, 0x0, 0x0, 0x0,
    0x16, 0x61, 0x0, 0x0, 0x0, 0x0, 0x7a, 0xa6,
    0x0, 0x0, 0x0, 0x0, 0xff, 0xfe, 0x0, 0x0,
    0x0, 0x5, 0xfd, 0xff, 0x30, 0x0, 0x0, 0xb,
    0xf9, 0xcf, 0x90, 0x0, 0x0, 0x1f, 0xf5, 0x7f,
    0xe0, 0x0, 0x0, 0x6f, 0xf1, 0x3f, 0xf4, 0x0,
    0x0, 0xbf, 0xc0, 0xe, 0xfa, 0x0, 0x1, 0xff,
    0xc9, 0x9d, 0xff, 0x0, 0x6, 0xff, 0xff, 0xff,
    0xff, 0x50, 0xc, 0xfd, 0x44, 0x44, 0xef, 0xa0,
    0x1f, 0xf7, 0x0, 0x0, 0x9f, 0xf1, 0x7f, 0xf2,
    0x0, 0x0, 0x3f, 0xf6,

    /* U+1EB5 "ẵ" */
    0x0, 0x39, 0x60, 0x93, 0x0, 0xe, 0xbd, 0xff,
    0x10, 0x0, 0x41, 0x3, 0x20, 0x0, 0xf, 0x80,
    0x5f, 0x20, 0x0, 0x5f, 0xff, 0x90, 0x0, 0x0,
    0x25, 0x30, 0x0, 0x0, 0x5b, 0xdb, 0x60, 0x0,
    0xaf, 0xff, 0xff, 0xb0, 0xa, 0xd4, 0x4, 0xff,
    0x30, 0x0, 0x13, 0x7f, 0xf4, 0x5, 0xdf, 0xff,
    0xff, 0x43, 0xff, 0x94, 0x2f, 0xf4, 0x7f, 0xd0,
    0x3, 0xff, 0x44, 0xff, 0xa9, 0xef, 0xf4, 0x8,
    0xff, 0xf5, 0xef, 0x40, 0x0, 0x20, 0x0, 0x0,

    /* U+1EB6 "Ặ" */
    0x0, 0x1, 0x10, 0x1, 0x10, 0x0, 0x0, 0x9,
    0xd1, 0x2e, 0x80, 0x0, 0x0, 0x1, 0xdf, 0xfc,
    0x10, 0x0, 0x0, 0x0, 0x3, 0x30, 0x0, 0x0,
    0x0, 0x0, 0x7a, 0xa6, 0x0, 0x0, 0x0, 0x0,
    0xff, 0xfe, 0x0, 0x0, 0x0, 0x5, 0xfd, 0xff,
    0x30, 0x0, 0x0, 0xb, 0xf9, 0xcf, 0x90, 0x0,
    0x0, 0x1f, 0xf5, 0x7f, 0xe0, 0x0, 0x0, 0x6f,
    0xf1, 0x3f, 0xf4, 0x0, 0x0, 0xbf, 0xc0, 0xe,
    0xfa, 0x0, 0x1, 0xff, 0xc9, 0x9d, 0xff, 0x0,
    0x6, 0xff, 0xff, 0xff, 0xff, 0x50, 0xc, 0xfd,
    0x44, 0x44, 0xef, 0xa0, 0x1f, 0xf7, 0x0, 0x0,
    0x9f, 0xf1, 0x7f, 0xf2, 0x0, 0x0, 0x3f, 0xf6,
    0x0, 0x0, 0x0, 0x0, 0x0, 0x0, 0x0, 0x0,
    0xb, 0xb0, 0x0, 0x0, 0x0, 0x0, 0x3f, 0xf3,
    0x0, 0x0, 0x0, 0x0, 0x6, 0x60, 0x0, 0x0,

    /* U+1EB7 "ặ" */
    0x0, 0x41, 0x0, 0x41, 0x0, 0xe, 0xa2, 0x7f,
    0x20, 0x0, 0x3e, 0xff, 0x70, 0x0, 0x0, 0x2,
    0x0, 0x0, 0x0, 0x5b, 0xdb, 0x60, 0x0, 0xaf,
    0xff, 0xff, 0xb0, 0xa, 0xd4, 0x4, 0xff, 0x30,
    0x0, 0x13, 0x7f, 0xf4, 0x5, 0xdf, 0xff, 0xff,
    0x43, 0xff, 0x94, 0x2f, 0xf4, 0x7f, 0xd0, 0x3,
    0xff, 0x44, 0xff, 0xa9, 0xef, 0xf4, 0x8, 0xff,
    0xf5, 0xef, 0x40, 0x0, 0x20, 0x0, 0x0, 0x0,
    0x4, 0xc6, 0x0, 0x0, 0x0, 0xaf, 0xc0, 0x0,
    0x0, 0x1, 0x82, 0x0, 0x0,

    /* U+1EB8 "Ẹ" */
    0x9a, 0xaa, 0xaa, 0xa8, 0xff, 0xff, 0xff, 0xfd,
    0xff, 0x95, 0x55, 0x54, 0xff, 0x70, 0x0, 0x0,
    0xff, 0x70, 0x0, 0x0, 0xff, 0xed, 0xdd, 0xd6,
    0xff, 0xff, 0xff, 0xf7, 0xff, 0x71, 0x11, 0x10,
    0xff, 0x70, 0x0, 0x0, 0xff, 0x70, 0x0, 0x0,
    0xff, 0xff, 0xff, 0xfd, 0xff, 0xff, 0xff, 0xfd,
    0x0, 0x0, 0x0, 0x0, 0x0, 0xb, 0xb0, 0x0,
    0x0, 0x3f, 0xf3, 0x0, 0x0, 0x6, 0x60, 0x0,

    /* U+1EB9 "ẹ" */
    0x0, 0x29, 0xcc, 0x81, 0x0, 0x4f, 0xff, 0xff,
    0xd1, 0xe, 0xf9, 0x1, 0xdf, 0x83, 0xff, 0x43,
    0x38, 0xfd, 0x5f, 0xff, 0xff, 0xff, 0xe4, 0xff,
    0x43, 0x33, 0x33, 0x1f, 0xf6, 0x0, 0x57, 0x30,
    0x8f, 0xfb, 0xaf, 0xf6, 0x0, 0x7e, 0xff, 0xe7,
    0x0, 0x0, 0x1, 0x20, 0x0, 0x0, 0x2, 0xc9,
    0x0, 0x0, 0x0, 0x6f, 0xf0, 0x0, 0x0, 0x0,
    0x74, 0x0, 0x0,

    /* U+1EBA "Ẻ" */
    0x0, 0x12, 0x10, 0x0, 0x0, 0x8f, 0xf3, 0x0,
    0x0, 0x6, 0xf2, 0x0, 0x0, 0x2, 0x20, 0x0,
    0x9a, 0xaa, 0xaa, 0xa8, 0xff, 0xff, 0xff, 0xfd,
    0xff, 0x95, 0x55, 0x54, 0xff, 0x70, 0x0, 0x0,
    0xff, 0x70, 0x0, 0x0, 0xff, 0xed, 0xdd, 0xd6,
    0xff, 0xff, 0xff, 0xf7, 0xff, 0x71, 0x11, 0x10,
    0xff, 0x70, 0x0, 0x0, 0xff, 0x70, 0x0, 0x0,
    0xff, 0xff, 0xff, 0xfd, 0xff, 0xff, 0xff, 0xfd,

    /* U+1EBB "ẻ" */
    0x0, 0x3, 0x41, 0x0, 0x0, 0x0, 0xaf, 0xf1,
    0x0, 0x0, 0x0, 0x9d, 0x0, 0x0, 0x0, 0x2,
    0x10, 0x0, 0x0, 0x29, 0xcc, 0x81, 0x0, 0x4f,
    0xff, 0xff, 0xd1, 0xe, 0xf9, 0x1, 0xdf, 0x83,
    0xff, 0x43, 0x38, 0xfd, 0x5f, 0xff, 0xff, 0xff,
    0xe4, 0xff, 0x43, 0x33, 0x33, 0x1f, 0xf6, 0x0,
    0x57, 0x30, 0x8f, 0xfb, 0xaf, 0xf6, 0x0, 0x7e,
    0xff, 0xe7, 0x0, 0x0, 0x1, 0x20, 0x0,

    /* U+1EBC "Ẽ" */
    0x0, 0x0, 0x0, 0x0, 0x3, 0xfe, 0x6c, 0x90,
    0xa, 0xc7, 0xef, 0x30, 0x0, 0x0, 0x0, 0x0,
    0x9a, 0xaa, 0xaa, 0xa8, 0xff, 0xff, 0xff, 0xfd,
    0xff, 0x95, 0x55, 0x54, 0xff, 0x70, 0x0, 0x0,
    0xff, 0x70, 0x0, 0x0, 0xff, 0xed, 0xdd, 0xd6,
    0xff, 0xff, 0xff, 0xf7, 0xff, 0x71, 0x11, 0x10,
    0xff, 0x70, 0x0, 0x0, 0xff, 0x70, 0x0, 0x0,
    0xff, 0xff, 0xff, 0xfd, 0xff, 0xff, 0xff, 0xfd,

    /* U+1EBD "ẽ" */
    0x0, 0x1, 0x0, 0x10, 0x0, 0x7, 0xfe, 0x7e,
    0x60, 0x0, 0xc8, 0x7e, 0xc1, 0x0, 0x0, 0x0,
    0x0, 0x0, 0x0, 0x29, 0xcc, 0x81, 0x0, 0x4f,
    0xff, 0xff, 0xd1, 0xe, 0xf9, 0x1, 0xdf, 0x83,
    0xff, 0x43, 0x38, 0xfd, 0x5f, 0xff, 0xff, 0xff,
    0xe4, 0xff, 0x43, 0x33, 0x33, 0x1f, 0xf6, 0x0,
    0x57, 0x30, 0x8f, 0xfb, 0xaf, 0xf6, 0x0, 0x7e,
    0xff, 0xe7, 0x0, 0x0, 0x1, 0x20, 0x0,

    /* U+1EBE "Ế" */
    0x0, 0x0, 0x0, 0xa8, 0x0, 0x0, 0x0, 0x6f,
    0x30, 0x0, 0x0, 0x4, 0x40, 0x0, 0x5, 0xff,
    0x50, 0x0, 0x5, 0xfa, 0xaf, 0x50, 0x0, 0x66,
    0x0, 0x66, 0x0, 0x9a, 0xaa, 0xaa, 0xa8, 0xf,
    0xff, 0xff, 0xff, 0xd0, 0xff, 0x95, 0x55, 0x54,
    0xf, 0xf7, 0x0, 0x0, 0x0, 0xff, 0x70, 0x0,
    0x0, 0xf, 0xfe, 0xdd, 0xdd, 0x60, 0xff, 0xff,
    0xff, 0xf7, 0xf, 0xf7, 0x11, 0x11, 0x0, 0xff,
    0x70, 0x0, 0x0, 0xf, 0xf7, 0x0, 0x0, 0x0,
    0xff, 0xff, 0xff, 0xfd, 0xf, 0xff, 0xff, 0xff,
    0xd0,

    /* U+1EBF "ế" */
    0x0, 0x0, 0x0, 0x2c, 0x70, 0x0, 0x0, 0xa,
    0xe1, 0x0, 0x0, 0x10, 0x42, 0x0, 0x0, 0x9f,
    0xf4, 0x0, 0x0, 0x9f, 0x6b, 0xf4, 0x0, 0x15,
    0x40, 0x15, 0x40, 0x0, 0x29, 0xcc, 0x81, 0x0,
    0x4f, 0xff, 0xff, 0xd1, 0xe, 0xf9, 0x1, 0xdf,
    0x83, 0xff, 0x43, 0x38, 0xfd, 0x5f, 0xff, 0xff,
    0xff, 0xe4, 0xff, 0x43, 0x33, 0x33, 0x1f, 0xf6,
    0x0, 0x57, 0x30, 0x8f, 0xfb, 0xaf, 0xf6, 0x0,
    0x7e, 0xff, 0xe7, 0x0, 0x0, 0x1, 0x20, 0x0,

    /* U+1EC0 "Ề" */
    0x0, 0x0, 0x3b, 0x50, 0x0, 0x0, 0xb, 0xd0,
    0x0, 0x0, 0x1, 0x61, 0x0, 0x5f, 0xf5, 0x0,
    0x5, 0xfa, 0xaf, 0x50, 0x6, 0x60, 0x6, 0x60,
    0x9a, 0xaa, 0xaa, 0xa8, 0xff, 0xff, 0xff, 0xfd,
    0xff, 0x95, 0x55, 0x54, 0xff, 0x70, 0x0, 0x0,
    0xff, 0x70, 0x0, 0x0, 0xff, 0xed, 0xdd, 0xd6,
    0xff, 0xff, 0xff, 0xf7, 0xff, 0x71, 0x11, 0x10,
    0xff, 0x70, 0x0, 0x0, 0xff, 0x70, 0x0, 0x0,
    0xff, 0xff, 0xff, 0xfd, 0xff, 0xff, 0xff, 0xfd,

    /* U+1EC1 "ề" */
    0x0, 0x0, 0x5, 0xc4, 0x0, 0x0, 0x0, 0xd,
    0xb0, 0x0, 0x0, 0x10, 0x24, 0x0, 0x0, 0x9f,
    0xf4, 0x0, 0x0, 0x9f, 0x6b, 0xf4, 0x0, 0x15,
    0x40, 0x15, 0x40, 0x0, 0x29, 0xcc, 0x81, 0x0,
    0x4f, 0xff, 0xff, 0xd1, 0xe, 0xf9, 0x1, 0xdf,
    0x83, 0xff, 0x43, 0x38, 0xfd, 0x5f, 0xff, 0xff,
    0xff, 0xe4, 0xff, 0x43, 0x33, 0x33, 0x1f, 0xf6,
    0x0, 0x57, 0x30, 0x8f, 0xfb, 0xaf, 0xf6, 0x0,
    0x7e, 0xff, 0xe7, 0x0, 0x0, 0x1, 0x20, 0x0,

    /* U+1EC2 "Ể" */
    0x0, 0x0, 0x5a, 0x70, 0x0, 0x0, 0x2a, 0xe0,
    0x0, 0x0, 0x4, 0x30, 0x0, 0x5f, 0xf5, 0x0,
    0x5, 0xfa, 0xaf, 0x50, 0x6, 0x60, 0x6, 0x60,
    0x9a, 0xaa, 0xaa, 0xa8, 0xff, 0xff, 0xff, 0xfd,
    0xff, 0x95, 0x55, 0x54, 0xff, 0x70, 0x0, 0x0,
    0xff, 0x70, 0x0, 0x0, 0xff, 0xed, 0xdd, 0xd6,
    0xff, 0xff, 0xff, 0xf7, 0xff, 0x71, 0x11, 0x10,
    0xff, 0x70, 0x0, 0x0, 0xff, 0x70, 0x0, 0x0,
    0xff, 0xff, 0xff, 0xfd, 0xff, 0xff, 0xff, 0xfd,

    /* U+1EC3 "ể" */
    0x0, 0x0, 0x8, 0xc6, 0x0, 0x0, 0x0, 0x2b,
    0xb0, 0x0, 0x0, 0x10, 0x41, 0x0, 0x0, 0x9f,
    0xf4, 0x0, 0x0, 0x9f, 0x6b, 0xf4, 0x0, 0x15,
    0x40, 0x15, 0x40, 0x0, 0x29, 0xcc, 0x81, 0x0,
    0x4f, 0xff, 0xff, 0xd1, 0xe, 0xf9, 0x1, 0xdf,
    0x83, 0xff, 0x43, 0x38, 0xfd, 0x5f, 0xff, 0xff,
    0xff, 0xe4, 0xff, 0x43, 0x33, 0x33, 0x1f, 0xf6,
    0x0, 0x57, 0x30, 0x8f, 0xfb, 0xaf, 0xf6, 0x0,
    0x7e, 0xff, 0xe7, 0x0, 0x0, 0x1, 0x20, 0x0,

    /* U+1EC4 "Ễ" */
    0x0, 0x76, 0x5, 0x50, 0x8, 0xec, 0xef, 0x60,
    0x3, 0x20, 0x33, 0x0, 0x0, 0x5f, 0xf5, 0x0,
    0x5, 0xfa, 0xaf, 0x50, 0x6, 0x60, 0x6, 0x60,
    0x9a, 0xaa, 0xaa, 0xa8, 0xff, 0xff, 0xff, 0xfd,
    0xff, 0x95, 0x55, 0x54, 0xff, 0x70, 0x0, 0x0,
    0xff, 0x70, 0x0, 0x0, 0xff, 0xed, 0xdd, 0xd6,
    0xff, 0xff, 0xff, 0xf7, 0xff, 0x71, 0x11, 0x10,
    0xff, 0x70, 0x0, 0x0, 0xff, 0x70, 0x0, 0x0,
    0xff, 0xff, 0xff, 0xfd, 0xff, 0xff, 0xff, 0xfd,

    /* U+1EC5 "ễ" */
    0x0, 0x29, 0x70, 0x84, 0x0, 0xc, 0xcc, 0xff,
    0x30, 0x0, 0x21, 0x13, 0x10, 0x0, 0x0, 0x9f,
    0xf4, 0x0, 0x0, 0x9f, 0x6b, 0xf4, 0x0, 0x15,
    0x40, 0x15, 0x40, 0x0, 0x29, 0xcc, 0x81, 0x0,
    0x4f, 0xff, 0xff, 0xd1, 0xe, 0xf9, 0x1, 0xdf,
    0x83, 0xff, 0x43, 0x38, 0xfd, 0x5f, 0xff, 0xff,
    0xff, 0xe4, 0xff, 0x43, 0x33, 0x33, 0x1f, 0xf6,
    0x0, 0x57, 0x30, 0x8f, 0xfb, 0xaf, 0xf6, 0x0,
    0x7e, 0xff, 0xe7, 0x0, 0x0, 0x1, 0x20, 0x0,

    /* U+1EC6 "Ệ" */
    0x0, 0x2, 0x20, 0x0, 0x0, 0x9f, 0xf8, 0x0,
    0x9, 0xf6, 0x7f, 0x80, 0x3, 0x20, 0x2, 0x30,
    0x9a, 0xaa, 0xaa, 0xa8, 0xff, 0xff, 0xff, 0xfd,
    0xff, 0x95, 0x55, 0x54, 0xff, 0x70, 0x0, 0x0,
    0xff, 0x70, 0x0, 0x0, 0xff, 0xed, 0xdd, 0xd6,
    0xff, 0xff, 0xff, 0xf7, 0xff, 0x71, 0x11, 0x10,
    0xff, 0x70, 0x0, 0x0, 0xff, 0x70, 0x0, 0x0,
    0xff, 0xff, 0xff, 0xfd, 0xff, 0xff, 0xff, 0xfd,
    0x0, 0x0, 0x0, 0x0, 0x0, 0xb, 0xb0, 0x0,
    0x0, 0x3f, 0xf3, 0x0, 0x0, 0x6, 0x60, 0x0,

    /* U+1EC7 "ệ" */
    0x0, 0x1, 0x43, 0x0, 0x0, 0x1, 0xcf, 0xf7,
    0x0, 0x0, 0xcf, 0x39, 0xf6, 0x0, 0x1, 0x10,
    0x1, 0x10, 0x0, 0x29, 0xcc, 0x81, 0x0, 0x4f,
    0xff, 0xff, 0xd1, 0xe, 0xf9, 0x1, 0xdf, 0x83,
    0xff, 0x43, 0x38, 0xfd, 0x5f, 0xff, 0xff, 0xff,
    0xe4, 0xff, 0x43, 0x33, 0x33, 0x1f, 0xf6, 0x0,
    0x57, 0x30, 0x8f, 0xfb, 0xaf, 0xf6, 0x0, 0x7e,
    0xff, 0xe7, 0x0, 0x0, 0x1, 0x20, 0x0, 0x0,
    0x2, 0xc9, 0x0, 0x0, 0x0, 0x6f, 0xf0, 0x0,
    0x0, 0x0, 0x74, 0x0, 0x0,

    /* U+1EC8 "Ỉ" */
    0x3, 0x20, 0x4f, 0xf7, 0x2, 0xf6, 0x1, 0x30,
    0x9, 0xa4, 0xf, 0xf7, 0xf, 0xf7, 0xf, 0xf7,
    0xf, 0xf7, 0xf, 0xf7, 0xf, 0xf7, 0xf, 0xf7,
    0xf, 0xf7, 0xf, 0xf7, 0xf, 0xf7, 0xf, 0xf7,

    /* U+1EC9 "ỉ" */
    0x14, 0x30, 0x4e, 0xf6, 0x3, 0xf3, 0x1, 0x20,
    0xb, 0xb4, 0xf, 0xf5, 0xf, 0xf5, 0xf, 0xf5,
    0xf, 0xf5, 0xf, 0xf5, 0xf, 0xf5, 0xf, 0xf5,
    0xf, 0xf5,

    /* U+1ECA "Ị" */
    0x9, 0xa4, 0xf, 0xf7, 0xf, 0xf7, 0xf, 0xf7,
    0xf, 0xf7, 0xf, 0xf7, 0xf, 0xf7, 0xf, 0xf7,
    0xf, 0xf7, 0xf, 0xf7, 0xf, 0xf7, 0xf, 0xf7,
    0x0, 0x0, 0x8, 0xc2, 0xf, 0xf7, 0x4, 0x70,

    /* U+1ECB "ị" */
    0x1, 0x30, 0xe, 0xf5, 0xd, 0xf3, 0x0, 0x0,
    0xb, 0xb4, 0xf, 0xf5, 0xf, 0xf5, 0xf, 0xf5,
    0xf, 0xf5, 0xf, 0xf5, 0xf, 0xf5, 0xf, 0xf5,
    0xf, 0xf5, 0x0, 0x0, 0x9, 0xc2, 0xf, 0xf6,
    0x4, 0x70,

    /* U+1ECC "Ọ" */
    0x0, 0x2, 0x8b, 0xc9, 0x40, 0x0, 0x0, 0x6f,
    0xff, 0xff, 0xfa, 0x0, 0x3, 0xff, 0xd6, 0x5a,
    0xff, 0x80, 0xc, 0xfd, 0x0, 0x0, 0x9f, 0xf1,
    0x1f, 0xf6, 0x0, 0x0, 0x1f, 0xf6, 0x3f, 0xf3,
    0x0, 0x0, 0xe, 0xf8, 0x3f, 0xf2, 0x0, 0x0,
    0xd, 0xf8, 0x2f, 0xf4, 0x0, 0x0, 0xf, 0xf7,
    0xe, 0xfa, 0x0, 0x0, 0x5f, 0xf3, 0x7, 0xff,
    0x81, 0x4, 0xef, 0xc0, 0x0, 0xbf, 0xff, 0xff,
    0xfe, 0x20, 0x0, 0x7, 0xef, 0xff, 0xa1, 0x0,
    0x0, 0x0, 0x1, 0x10, 0x0, 0x0, 0x0, 0x0,
    0x9, 0xc2, 0x0, 0x0, 0x0, 0x0, 0xf, 0xf6,
    0x0, 0x0, 0x0, 0x0, 0x4, 0x70, 0x0, 0x0,

    /* U+1ECD "ọ" */
    0x0, 0x29, 0xcc, 0x81, 0x0, 0x4, 0xff, 0xff,
    0xfe, 0x20, 0xe, 0xfb, 0x12, 0xdf, 0xb0, 0x3f,
    0xf3, 0x0, 0x6f, 0xf0, 0x5f, 0xf1, 0x0, 0x3f,
    0xf2, 0x4f, 0xf2, 0x0, 0x5f, 0xf1, 0xf, 0xf8,
    0x0, 0xbf, 0xd0, 0x8, 0xff, 0xcc, 0xff, 0x50,
    0x0, 0x7e, 0xff, 0xe5, 0x0, 0x0, 0x0, 0x21,
    0x0, 0x0, 0x0, 0x1, 0xba, 0x0, 0x0, 0x0,
    0x4, 0xff, 0x20, 0x0, 0x0, 0x0, 0x65, 0x0,
    0x0,

    /* U+1ECE "Ỏ" */
    0x0, 0x0, 0x2, 0x10, 0x0, 0x0, 0x0, 0x0,
    0x5f, 0xf6, 0x0, 0x0, 0x0, 0x0, 0x3, 0xf4,
    0x0, 0x0, 0x0, 0x0, 0x2, 0x30, 0x0, 0x0,
    0x0, 0x2, 0x8b, 0xc9, 0x40, 0x0, 0x0, 0x6f,
    0xff, 0xff, 0xfa, 0x0, 0x3, 0xff, 0xd6, 0x5a,
    0xff, 0x80, 0xc, 0xfd, 0x0, 0x0, 0x9f, 0xf1,
    0x1f, 0xf6, 0x0, 0x0, 0x1f, 0xf6, 0x3f, 0xf3,
    0x0, 0x0, 0xe, 0xf8, 0x3f, 0xf2, 0x0, 0x0,
    0xd, 0xf8, 0x2f, 0xf4, 0x0, 0x0, 0xf, 0xf7,
    0xe, 0xfa, 0x0, 0x0, 0x5f, 0xf3, 0x7, 0xff,
    0x81, 0x4, 0xef, 0xc0, 0x0, 0xbf, 0xff, 0xff,
    0xfe, 0x20, 0x0, 0x7, 0xef, 0xff, 0xa1, 0x0,
    0x0, 0x0, 0x1, 0x10, 0x0, 0x0,

    /* U+1ECF "ỏ" */
    0x0, 0x2, 0x42, 0x0, 0x0, 0x0, 0x8, 0xff,
    0x20, 0x0, 0x0, 0x0, 0x7e, 0x0, 0x0, 0x0,
    0x0, 0x21, 0x0, 0x0, 0x0, 0x29, 0xcc, 0x81,
    0x0, 0x4, 0xff, 0xff, 0xfe, 0x20, 0xe, 0xfb,
    0x12, 0xdf, 0xb0, 0x3f, 0xf3, 0x0, 0x6f, 0xf0,
    0x5f, 0xf1, 0x0, 0x3f, 0xf2, 0x4f, 0xf2, 0x0,
    0x5f, 0xf1, 0xf, 0xf8, 0x0, 0xbf, 0xd0, 0x8,
    0xff, 0xcc, 0xff, 0x50, 0x0, 0x7e, 0xff, 0xe5,
    0x0, 0x0, 0x0, 0x21, 0x0, 0x0,

    /* U+1ED0 "Ố" */
    0x0, 0x0, 0x0, 0x0, 0x8a, 0x0, 0x0, 0x0,
    0x0, 0x3, 0xf6, 0x0, 0x0, 0x0, 0x0, 0x3,
    0x60, 0x0, 0x0, 0x0, 0x3e, 0xf8, 0x0, 0x0,
    0x0, 0x3, 0xec, 0x7f, 0x80, 0x0, 0x0, 0x5,
    0x61, 0x5, 0x61, 0x0, 0x0, 0x2, 0x8b, 0xc9,
    0x40, 0x0, 0x0, 0x6f, 0xff, 0xff, 0xfa, 0x0,
    0x3, 0xff, 0xd6, 0x5a, 0xff, 0x80, 0xc, 0xfd,
    0x0, 0x0, 0x9f, 0xf1, 0x1f, 0xf6, 0x0, 0x0,
    0x1f, 0xf6, 0x3f, 0xf3, 0x0, 0x0, 0xe, 0xf8,
    0x3f, 0xf2, 0x0, 0x0, 0xd, 0xf8, 0x2f, 0xf4,
    0x0, 0x0, 0xf, 0xf7, 0xe, 0xfa, 0x0, 0x0,
    0x5f, 0xf3, 0x7, 0xff, 0x81, 0x4, 0xef, 0xc0,
    0x0, 0xbf, 0xff, 0xff, 0xfe, 0x20, 0x0, 0x7,
    0xef, 0xff, 0xa1, 0x0, 0x0, 0x0, 0x1, 0x10,
    0x0, 0x0,

    /* U+1ED1 "ố" */
    0x0, 0x0, 0x0, 0x1c, 0x80, 0x0, 0x0, 0x0,
    0x8f, 0x20, 0x0, 0x0, 0x0, 0x43, 0x0, 0x0,
    0x8, 0xff, 0x60, 0x0, 0x0, 0x7f, 0x7a, 0xf5,
    0x0, 0x0, 0x44, 0x0, 0x44, 0x0, 0x0, 0x29,
    0xcc, 0x81, 0x0, 0x4, 0xff, 0xff, 0xfe, 0x20,
    0xe, 0xfb, 0x12, 0xdf, 0xb0, 0x3f, 0xf3, 0x0,
    0x6f, 0xf0, 0x5f, 0xf1, 0x0, 0x3f, 0xf2, 0x4f,
    0xf2, 0x0, 0x5f, 0xf1, 0xf, 0xf8, 0x0, 0xbf,
    0xd0, 0x8, 0xff, 0xcc, 0xff, 0x50, 0x0, 0x7e,
    0xff, 0xe5, 0x0, 0x0, 0x0, 0x21, 0x0, 0x0,

    /* U+1ED2 "Ồ" */
    0x0, 0x0, 0x0, 0x1a, 0x70, 0x0, 0x0, 0x0,
    0x0, 0x8, 0xf1, 0x0, 0x0, 0x0, 0x0, 0x0,
    0x62, 0x0, 0x0, 0x0, 0x3e, 0xf8, 0x0, 0x0,
    0x0, 0x3, 0xec, 0x7f, 0x80, 0x0, 0x0, 0x5,
    0x61, 0x5, 0x61, 0x0, 0x0, 0x2, 0x8b, 0xc9,
    0x40, 0x0, 0x0, 0x6f, 0xff, 0xff, 0xfa, 0x0,
    0x3, 0xff, 0xd6, 0x5a, 0xff, 0x80, 0xc, 0xfd,
    0x0, 0x0, 0x9f, 0xf1, 0x1f, 0xf6, 0x0, 0x0,
    0x1f, 0xf6, 0x3f, 0xf3, 0x0, 0x0, 0xe, 0xf8,
    0x3f, 0xf2, 0x0, 0x0, 0xd, 0xf8, 0x2f, 0xf4,
    0x0, 0x0, 0xf, 0xf7, 0xe, 0xfa, 0x0, 0x0,
    0x5f, 0xf3, 0x7, 0xff, 0x81, 0x4, 0xef, 0xc0,
    0x0, 0xbf, 0xff, 0xff, 0xfe, 0x20, 0x0, 0x7,
    0xef, 0xff, 0xa1, 0x0, 0x0, 0x0, 0x1, 0x10,
    0x0, 0x0,

    /* U+1ED3 "ồ" */
    0x0, 0x0, 0x4, 0xc5, 0x0, 0x0, 0x0, 0x0,
    0xbd, 0x0, 0x0, 0x0, 0x0, 0x15, 0x0, 0x0,
    0x8, 0xff, 0x60, 0x0, 0x0, 0x7f, 0x7a, 0xf5,
    0x0, 0x0, 0x44, 0x0, 0x44, 0x0, 0x0, 0x29,
    0xcc, 0x81, 0x0, 0x4, 0xff, 0xff, 0xfe, 0x20,
    0xe, 0xfb, 0x12, 0xdf, 0xb0, 0x3f, 0xf3, 0x0,
    0x6f, 0xf0, 0x5f, 0xf1, 0x0, 0x3f, 0xf2, 0x4f,
    0xf2, 0x0, 0x5f, 0xf1, 0xf, 0xf8, 0x0, 0xbf,
    0xd0, 0x8, 0xff, 0xcc, 0xff, 0x50, 0x0, 0x7e,
    0xff, 0xe5, 0x0, 0x0, 0x0, 0x21, 0x0, 0x0,

    /* U+1ED4 "Ổ" */
    0x0, 0x0, 0x0, 0x3a, 0x80, 0x0, 0x0, 0x0,
    0x0, 0x18, 0xf2, 0x0, 0x0, 0x0, 0x0, 0x3,
    0x40, 0x0, 0x0, 0x0, 0x3e, 0xf8, 0x0, 0x0,
    0x0, 0x3, 0xec, 0x7f, 0x80, 0x0, 0x0, 0x5,
    0x61, 0x5, 0x61, 0x0, 0x0, 0x2, 0x8b, 0xc9,
    0x40, 0x0, 0x0, 0x6f, 0xff, 0xff, 0xfa, 0x0,
    0x3, 0xff, 0xd6, 0x5a, 0xff, 0x80, 0xc, 0xfd,
    0x0, 0x0, 0x9f, 0xf1, 0x1f, 0xf6, 0x0, 0x0,
    0x1f, 0xf6, 0x3f, 0xf3, 0x0, 0x0, 0xe, 0xf8,
    0x3f, 0xf2, 0x0, 0x0, 0xd, 0xf8, 0x2f, 0xf4,
    0x0, 0x0, 0xf, 0xf7, 0xe, 0xfa, 0x0, 0x0,
    0x5f, 0xf3, 0x7, 0xff, 0x81, 0x4, 0xef, 0xc0,
    0x0, 0xbf, 0xff, 0xff, 0xfe, 0x20, 0x0, 0x7,
    0xef, 0xff, 0xa1, 0x0, 0x0, 0x0, 0x1, 0x10,
    0x0, 0x0,

    /* U+1ED5 "ổ" */
    0x0, 0x0, 0x7, 0xc8, 0x0, 0x0, 0x0, 0x2,
    0xad, 0x0, 0x0, 0x0, 0x0, 0x42, 0x0, 0x0,
    0x8, 0xff, 0x60, 0x0, 0x0, 0x7f, 0x7a, 0xf5,
    0x0, 0x0, 0x44, 0x0, 0x44, 0x0, 0x0, 0x29,
    0xcc, 0x81, 0x0, 0x4, 0xff, 0xff, 0xfe, 0x20,
    0xe, 0xfb, 0x12, 0xdf, 0xb0, 0x3f, 0xf3, 0x0,
    0x6f, 0xf0, 0x5f, 0xf1, 0x0, 0x3f, 0xf2, 0x4f,
    0xf2, 0x0, 0x5f, 0xf1, 0xf, 0xf8, 0x0, 0xbf,
    0xd0, 0x8, 0xff, 0xcc, 0xff, 0x50, 0x0, 0x7e,
    0xff, 0xe5, 0x0, 0x0, 0x0, 0x21, 0x0, 0x0,

    /* U+1ED6 "Ỗ" */
    0x0, 0x0, 0x67, 0x13, 0x70, 0x0, 0x0, 0x5,
    0xfb, 0xff, 0x90, 0x0, 0x0, 0x2, 0x30, 0x24,
    0x0, 0x0, 0x0, 0x0, 0x3e, 0xf8, 0x0, 0x0,
    0x0, 0x3, 0xec, 0x7f, 0x80, 0x0, 0x0, 0x5,
    0x61, 0x5, 0x61, 0x0, 0x0, 0x2, 0x8b, 0xc9,
    0x40, 0x0, 0x0, 0x6f, 0xff, 0xff, 0xfa, 0x0,
    0x3, 0xff, 0xd6, 0x5a, 0xff, 0x80, 0xc, 0xfd,
    0x0, 0x0, 0x9f, 0xf1, 0x1f, 0xf6, 0x0, 0x0,
    0x1f, 0xf6, 0x3f, 0xf3, 0x0, 0x0, 0xe, 0xf8,
    0x3f, 0xf2, 0x0, 0x0, 0xd, 0xf8, 0x2f, 0xf4,
    0x0, 0x0, 0xf, 0xf7, 0xe, 0xfa, 0x0, 0x0,
    0x5f, 0xf3, 0x7, 0xff, 0x81, 0x4, 0xef, 0xc0,
    0x0, 0xbf, 0xff, 0xff, 0xfe, 0x20, 0x0, 0x7,
    0xef, 0xff, 0xa1, 0x0, 0x0, 0x0, 0x1, 0x10,
    0x0, 0x0,

    /* U+1ED7 "ỗ" */
    0x0, 0x19, 0x71, 0x75, 0x0, 0x0, 0xad, 0xbf,
    0xf4, 0x0, 0x0, 0x21, 0x2, 0x10, 0x0, 0x0,
    0x8, 0xff, 0x60, 0x0, 0x0, 0x7f, 0x7a, 0xf5,
    0x0, 0x0, 0x44, 0x0, 0x44, 0x0, 0x0, 0x29,
    0xcc, 0x81, 0x0, 0x4, 0xff, 0xff, 0xfe, 0x20,
    0xe, 0xfb, 0x12, 0xdf, 0xb0, 0x3f, 0xf3, 0x0,
    0x6f, 0xf0, 0x5f, 0xf1, 0x0, 0x3f, 0xf2, 0x4f,
    0xf2, 0x0, 0x5f, 0xf1, 0xf, 0xf8, 0x0, 0xbf,
    0xd0, 0x8, 0xff, 0xcc, 0xff, 0x50, 0x0, 0x7e,
    0xff, 0xe5, 0x0, 0x0, 0x0, 0x21, 0x0, 0x0,

    /* U+1ED8 "Ộ" */
    0x0, 0x0, 0x2, 0x30, 0x0, 0x0, 0x0, 0x0,
    0x6f, 0xfb, 0x0, 0x0, 0x0, 0x6, 0xfa, 0x4f,
    0xb0, 0x0, 0x0, 0x2, 0x30, 0x2, 0x30, 0x0,
    0x0, 0x2, 0x8b, 0xc9, 0x40, 0x0, 0x0, 0x6f,
    0xff, 0xff, 0xfa, 0x0, 0x3, 0xff, 0xd6, 0x5a,
    0xff, 0x80, 0xc, 0xfd, 0x0, 0x0, 0x9f, 0xf1,
    0x1f, 0xf6, 0x0, 0x0, 0x1f, 0xf6, 0x3f, 0xf3,
    0x0, 0x0, 0xe, 0xf8, 0x3f, 0xf2, 0x0, 0x0,
    0xd, 0xf8, 0x2f, 0xf4, 0x0, 0x0, 0xf, 0xf7,
    0xe, 0xfa, 0x0, 0x0, 0x5f, 0xf3, 0x7, 0xff,
    0x81, 0x4, 0xef, 0xc0, 0x0, 0xbf, 0xff, 0xff,
    0xfe, 0x20, 0x0, 0x7, 0xef, 0xff, 0xa1, 0x0,
    0x0, 0x0, 0x1, 0x10, 0x0, 0x0, 0x0, 0x0,
    0x9, 0xc2, 0x0, 0x0, 0x0, 0x0, 0xf, 0xf6,
    0x0, 0x0, 0x0, 0x0, 0x4, 0x70, 0x0, 0x0,

    /* U+1ED9 "ộ" */
    0x0, 0x0, 0x44, 0x0, 0x0, 0x0, 0xb, 0xff,
    0x90, 0x0, 0x0, 0xbf, 0x47, 0xf8, 0x0, 0x0,
    0x11, 0x0, 0x11, 0x0, 0x0, 0x29, 0xcc, 0x81,
    0x0, 0x4, 0xff, 0xff, 0xfe, 0x20, 0xe, 0xfb,
    0x12, 0xdf, 0xb0, 0x3f, 0xf3, 0x0, 0x6f, 0xf0,
    0x5f, 0xf1, 0x0, 0x3f, 0xf2, 0x4f, 0xf2, 0x0,
    0x5f, 0xf1, 0xf, 0xf8, 0x0, 0xbf, 0xd0, 0x8,
    0xff, 0xcc, 0xff, 0x50, 0x0, 0x7e, 0xff, 0xe5,
    0x0, 0x0, 0x0, 0x21, 0x0, 0x0, 0x0, 0x1,
    0xba, 0x0, 0x0, 0x0, 0x4, 0xff, 0x20, 0x0,
    0x0, 0x0, 0x65, 0x0, 0x0,

    /* U+1EDA "Ớ" */
    0x0, 0x0, 0x0, 0x13, 0x10, 0x0, 0x0, 0x0,
    0x0, 0xef, 0x20, 0x0, 0x0, 0x0, 0x5, 0xf7,
    0x1, 0x42, 0x0, 0x0, 0x2, 0x30, 0x6, 0xfa,
    0x0, 0x2, 0x8b, 0xcb, 0xad, 0xf9, 0x0, 0x6f,
    0xff, 0xff, 0xff, 0xc2, 0x3, 0xff, 0xd6, 0x5a,
    0xff, 0x90, 0xc, 0xfd, 0x0, 0x0, 0x9f, 0xf1,
    0x1f, 0xf6, 0x0, 0x0, 0x1f, 0xf6, 0x3f, 0xf3,
    0x0, 0x0, 0xe, 0xf8, 0x3f, 0xf2, 0x0, 0x0,
    0xd, 0xf8, 0x2f, 0xf4, 0x0, 0x0, 0xf, 0xf7,
    0xe, 0xfa, 0x0, 0x0, 0x5f, 0xf3, 0x7, 0xff,
    0x81, 0x4, 0xef, 0xc0, 0x0, 0xbf, 0xff, 0xff,
    0xfe, 0x20, 0x0, 0x7, 0xef, 0xff, 0xa1, 0x0,
    0x0, 0x0, 0x1, 0x10, 0x0, 0x0,

    /* U+1EDB "ớ" */
    0x0, 0x0, 0x4, 0x40, 0x0, 0x0, 0x0, 0x3f,
    0xc0, 0x0, 0x0, 0x0, 0xaf, 0x22, 0xa6, 0x0,
    0x0, 0x21, 0x3, 0xfa, 0x0, 0x29, 0xcd, 0xcd,
    0xf6, 0x4, 0xff, 0xff, 0xff, 0x60, 0xe, 0xfb,
    0x12, 0xdf, 0xb0, 0x3f, 0xf3, 0x0, 0x6f, 0xf0,
    0x5f, 0xf1, 0x0, 0x3f, 0xf2, 0x4f, 0xf2, 0x0,
    0x5f, 0xf1, 0xf, 0xf8, 0x0, 0xbf, 0xd0, 0x8,
    0xff, 0xcc, 0xff, 0x50, 0x0, 0x7e, 0xff, 0xe5,
    0x0, 0x0, 0x0, 0x21, 0x0, 0x0,

    /* U+1EDC "Ờ" */
    0x0, 0x0, 0x32, 0x0, 0x0, 0x0, 0x0, 0x0,
    0xcf, 0x30, 0x0, 0x0, 0x0, 0x0, 0x2f, 0xa0,
    0x1, 0x42, 0x0, 0x0, 0x2, 0x30, 0x6, 0xfa,
    0x0, 0x2, 0x8b, 0xcb, 0xad, 0xf9, 0x0, 0x6f,
    0xff, 0xff, 0xff, 0xc2, 0x3, 0xff, 0xd6, 0x5a,
    0xff, 0x90, 0xc, 0xfd, 0x0, 0x0, 0x9f, 0xf1,
    0x1f, 0xf6, 0x0, 0x0, 0x1f, 0xf6, 0x3f, 0xf3,
    0x0, 0x0, 0xe, 0xf8, 0x3f, 0xf2, 0x0, 0x0,
    0xd, 0xf8, 0x2f, 0xf4, 0x0, 0x0, 0xf, 0xf7,
    0xe, 0xfa, 0x0, 0x0, 0x5f, 0xf3, 0x7, 0xff,
    0x81, 0x4, 0xef, 0xc0, 0x0, 0xbf, 0xff, 0xff,
    0xfe, 0x20, 0x0, 0x7, 0xef, 0xff, 0xa1, 0x0,
    0x0, 0x0, 0x1, 0x10, 0x0, 0x0,

    /* U+1EDD "ờ" */
    0x0, 0x14, 0x30, 0x0, 0x0, 0x0, 0x1e, 0xf0,
    0x0, 0x0, 0x0, 0x5, 0xf7, 0x2, 0xa6, 0x0,
    0x0, 0x21, 0x3, 0xfa, 0x0, 0x29, 0xcd, 0xcd,
    0xf6, 0x4, 0xff, 0xff, 0xff, 0x60, 0xe, 0xfb,
    0x12, 0xdf, 0xb0, 0x3f, 0xf3, 0x0, 0x6f, 0xf0,
    0x5f, 0xf1, 0x0, 0x3f, 0xf2, 0x4f, 0xf2, 0x0,
    0x5f, 0xf1, 0xf, 0xf8, 0x0, 0xbf, 0xd0, 0x8,
    0xff, 0xcc, 0xff, 0x50, 0x0, 0x7e, 0xff, 0xe5,
    0x0, 0x0, 0x0, 0x21, 0x0, 0x0,

    /* U+1EDE "Ở" */
    0x0, 0x0, 0x2, 0x10, 0x0, 0x0, 0x0, 0x0,
    0x5f, 0xf6, 0x0, 0x0, 0x0, 0x0, 0x3, 0xf4,
    0x1, 0x42, 0x0, 0x0, 0x2, 0x30, 0x6, 0xfa,
    0x0, 0x2, 0x8b, 0xcb, 0xad, 0xf9, 0x0, 0x6f,
    0xff, 0xff, 0xff, 0xc2, 0x3, 0xff, 0xd6, 0x5a,
    0xff, 0x90, 0xc, 0xfd, 0x0, 0x0, 0x9f, 0xf1,
    0x1f, 0xf6, 0x0, 0x0, 0x1f, 0xf6, 0x3f, 0xf3,
    0x0, 0x0, 0xe, 0xf8, 0x3f, 0xf2, 0x0, 0x0,
    0xd, 0xf8, 0x2f, 0xf4, 0x0, 0x0, 0xf, 0xf7,
    0xe, 0xfa, 0x0, 0x0, 0x5f, 0xf3, 0x7, 0xff,
    0x81, 0x4, 0xef, 0xc0, 0x0, 0xbf, 0xff, 0xff,
    0xfe, 0x20, 0x0, 0x7, 0xef, 0xff, 0xa1, 0x0,
    0x0, 0x0, 0x1, 0x10, 0x0, 0x0,

    /* U+1EDF "ở" */
    0x0, 0x2, 0x42, 0x0, 0x0, 0x0, 0x8, 0xff,
    0x20, 0x0, 0x0, 0x0, 0x7e, 0x2, 0xa6, 0x0,
    0x0, 0x21, 0x3, 0xfa, 0x0, 0x29, 0xcd, 0xcd,
    0xf6, 0x4, 0xff, 0xff, 0xff, 0x60, 0xe, 0xfb,
    0x12, 0xdf, 0xb0, 0x3f, 0xf3, 0x0, 0x6f, 0xf0,
    0x5f, 0xf1, 0x0, 0x3f, 0xf2, 0x4f, 0xf2, 0x0,
    0x5f, 0xf1, 0xf, 0xf8, 0x0, 0xbf, 0xd0, 0x8,
    0xff, 0xcc, 0xff, 0x50, 0x0, 0x7e, 0xff, 0xe5,
    0x0, 0x0, 0x0, 0x21, 0x0, 0x0,

    /* U+1EE0 "Ỡ" */
    0x0, 0x0, 0x0, 0x0, 0x0, 0x0, 0x0, 0x1,
    0xdf, 0x7a, 0xd0, 0x0, 0x0, 0x7, 0xe6, 0xdf,
    0x51, 0x42, 0x0, 0x0, 0x0, 0x0, 0x6, 0xfa,
    0x0, 0x2, 0x8b, 0xcb, 0xad, 0xf9, 0x0, 0x6f,
    0xff, 0xff, 0xff, 0xc2, 0x3, 0xff, 0xd6, 0x5a,
    0xff, 0x90, 0xc, 0xfd, 0x0, 0x0, 0x9f, 0xf1,
    0x1f, 0xf6, 0x0, 0x0, 0x1f, 0xf6, 0x3f, 0xf3,
    0x0, 0x0, 0xe, 0xf8, 0x3f, 0xf2, 0x0, 0x0,
    0xd, 0xf8, 0x2f, 0xf4, 0x0, 0x0, 0xf, 0xf7,
    0xe, 0xfa, 0x0, 0x0, 0x5f, 0xf3, 0x7, 0xff,
    0x81, 0x4, 0xef, 0xc0, 0x0, 0xbf, 0xff, 0xff,
    0xfe, 0x20, 0x0, 0x7, 0xef, 0xff, 0xa1, 0x0,
    0x0, 0x0, 0x1, 0x10, 0x0, 0x0,

    /* U+1EE1 "ỡ" */
    0x0, 0xc, 0xc6, 0xe0, 0x0, 0x0, 0x2a, 0x4b,
    0x72, 0xa6, 0x0, 0x0, 0x0, 0x3, 0xfa, 0x0,
    0x29, 0xcd, 0xcd, 0xf6, 0x4, 0xff, 0xff, 0xff,
    0x60, 0xe, 0xfb, 0x12, 0xdf, 0xb0, 0x3f, 0xf3,
    0x0, 0x6f, 0xf0, 0x5f, 0xf1, 0x0, 0x3f, 0xf2,
    0x4f, 0xf2, 0x0, 0x5f, 0xf1, 0xf, 0xf8, 0x0,
    0xbf, 0xd0, 0x8, 0xff, 0xcc, 0xff, 0x50, 0x0,
    0x7e, 0xff, 0xe5, 0x0, 0x0, 0x0, 0x21, 0x0,
    0x0,

    /* U+1EE2 "Ợ" */
    0x0, 0x0, 0x0, 0x0, 0x1, 0x42, 0x0, 0x0,
    0x0, 0x0, 0x6, 0xfa, 0x0, 0x2, 0x8b, 0xcb,
    0xad, 0xf9, 0x0, 0x6f, 0xff, 0xff, 0xff, 0xc2,
    0x3, 0xff, 0xd6, 0x5a, 0xff, 0x90, 0xc, 0xfd,
    0x0, 0x0, 0x9f, 0xf1, 0x1f, 0xf6, 0x0, 0x0,
    0x1f, 0xf6, 0x3f, 0xf3, 0x0, 0x0, 0xe, 0xf8,
    0x3f, 0xf2, 0x0, 0x0, 0xd, 0xf8, 0x2f, 0xf4,
    0x0, 0x0, 0xf, 0xf7, 0xe, 0xfa, 0x0, 0x0,
    0x5f, 0xf3, 0x7, 0xff, 0x81, 0x4, 0xef, 0xc0,
    0x0, 0xbf, 0xff, 0xff, 0xfe, 0x20, 0x0, 0x7,
    0xef, 0xff, 0xa1, 0x0, 0x0, 0x0, 0x1, 0x10,
    0x0, 0x0, 0x0, 0x0, 0x9, 0xc2, 0x0, 0x0,
    0x0, 0x0, 0xf, 0xf6, 0x0, 0x0, 0x0, 0x0,
    0x4, 0x70, 0x0, 0x0,

    /* U+1EE3 "ợ" */
    0x0, 0x0, 0x0, 0x2, 0xa6, 0x0, 0x0, 0x0,
    0x3, 0xfa, 0x0, 0x29, 0xcd, 0xcd, 0xf6, 0x4,
    0xff, 0xff, 0xff, 0x60, 0xe, 0xfb, 0x12, 0xdf,
    0xb0, 0x3f, 0xf3, 0x0, 0x6f, 0xf0, 0x5f, 0xf1,
    0x0, 0x3f, 0xf2, 0x4f, 0xf2, 0x0, 0x5f, 0xf1,
    0xf, 0xf8, 0x0, 0xbf, 0xd0, 0x8, 0xff, 0xcc,
    0xff, 0x50, 0x0, 0x7e, 0xff, 0xe5, 0x0, 0x0,
    0x0, 0x21, 0x0, 0x0, 0x0, 0x1, 0xba, 0x0,
    0x0, 0x0, 0x4, 0xff, 0x20, 0x0, 0x0, 0x0,
    0x65, 0x0, 0x0,

    /* U+1EE4 "Ụ" */
    0x9a, 0x40, 0x0, 0x7, 0xa6, 0xff, 0x70, 0x0,
    0xb, 0xfa, 0xff, 0x70, 0x0, 0xb, 0xfa, 0xff,
    0x70, 0x0, 0xb, 0xfa, 0xff, 0x70, 0x0, 0xb,
    0xfa, 0xff, 0x70, 0x0, 0xb, 0xfa, 0xff, 0x70,
    0x0, 0xb, 0xfa, 0xef, 0x70, 0x0, 0xb, 0xfa,
    0xdf, 0x90, 0x0, 0xd, 0xf9, 0x9f, 0xf6, 0x0,
    0x9f, 0xf5, 0x1e, 0xff, 0xff, 0xff, 0xb0, 0x2,
    0xaf, 0xff, 0xe8, 0x0, 0x0, 0x0, 0x21, 0x0,
    0x0, 0x0, 0x1, 0xca, 0x0, 0x0, 0x0, 0x5,
    0xff, 0x10, 0x0, 0x0, 0x0, 0x75, 0x0, 0x0,

    /* U+1EE5 "ụ" */
    0xbb, 0x40, 0x4, 0xbb, 0xff, 0x50, 0x6, 0xff,
    0xff, 0x50, 0x6, 0xff, 0xff, 0x50, 0x6, 0xff,
    0xff, 0x50, 0x6, 0xff, 0xff, 0x50, 0x6, 0xff,
    0xef, 0xb0, 0xc, 0xff, 0x9f, 0xfe, 0xfd, 0xff,
    0x1b, 0xff, 0xa4, 0xff, 0x0, 0x0, 0x0, 0x0,
    0x0, 0xa, 0xb1, 0x0, 0x0, 0x2f, 0xf4, 0x0,
    0x0, 0x5, 0x60, 0x0,

    /* U+1EE6 "Ủ" */
    0x0, 0x1, 0x21, 0x0, 0x0, 0x0, 0xa, 0xff,
    0x10, 0x0, 0x0, 0x0, 0x7e, 0x0, 0x0, 0x0,
    0x0, 0x32, 0x0, 0x0, 0x9a, 0x40, 0x0, 0x7,
    0xa6, 0xff, 0x70, 0x0, 0xb, 0xfa, 0xff, 0x70,
    0x0, 0xb, 0xfa, 0xff, 0x70, 0x0, 0xb, 0xfa,
    0xff, 0x70, 0x0, 0xb, 0xfa, 0xff, 0x70, 0x0,
    0xb, 0xfa, 0xff, 0x70, 0x0, 0xb, 0xfa, 0xef,
    0x70, 0x0, 0xb, 0xfa, 0xdf, 0x90, 0x0, 0xd,
    0xf9, 0x9f, 0xf6, 0x0, 0x9f, 0xf5, 0x1e, 0xff,
    0xff, 0xff, 0xb0, 0x2, 0xaf, 0xff, 0xe8, 0x0,
    0x0, 0x0, 0x21, 0x0, 0x0,

    /* U+1EE7 "ủ" */
    0x0, 0x24, 0x20, 0x0, 0x0, 0x7e, 0xf3, 0x0,
    0x0, 0x6, 0xf1, 0x0, 0x0, 0x1, 0x10, 0x0,
    0xbb, 0x40, 0x4, 0xbb, 0xff, 0x50, 0x6, 0xff,
    0xff, 0x50, 0x6, 0xff, 0xff, 0x50, 0x6, 0xff,
    0xff, 0x50, 0x6, 0xff, 0xff, 0x50, 0x6, 0xff,
    0xef, 0xb0, 0xc, 0xff, 0x9f, 0xfe, 0xfd, 0xff,
    0x1b, 0xff, 0xa4, 0xff, 0x0, 0x0, 0x0, 0x0,

    /* U+1EE8 "Ứ" */
    0x0, 0x0, 0x2, 0x30, 0x0, 0x0, 0x0, 0x0,
    0x3f, 0xc0, 0x0, 0x0, 0x0, 0x0, 0xaf, 0x20,
    0x4, 0x40, 0x0, 0x0, 0x32, 0x0, 0x1f, 0xf0,
    0x9a, 0x40, 0x0, 0x7, 0xaf, 0xf0, 0xff, 0x70,
    0x0, 0xb, 0xfe, 0x60, 0xff, 0x70, 0x0, 0xb,
    0xfa, 0x0, 0xff, 0x70, 0x0, 0xb, 0xfa, 0x0,
    0xff, 0x70, 0x0, 0xb, 0xfa, 0x0, 0xff, 0x70,
    0x0, 0xb, 0xfa, 0x0, 0xff, 0x70, 0x0, 0xb,
    0xfa, 0x0, 0xef, 0x70, 0x0, 0xb, 0xfa, 0x0,
    0xdf, 0x90, 0x0, 0xd, 0xf9, 0x0, 0x9f, 0xf6,
    0x0, 0x9f, 0xf5, 0x0, 0x1e, 0xff, 0xff, 0xff,
    0xb0, 0x0, 0x2, 0xaf, 0xff, 0xe8, 0x0, 0x0,
    0x0, 0x0, 0x21, 0x0, 0x0, 0x0,

    /* U+1EE9 "ứ" */
    0x0, 0x0, 0x34, 0x10, 0x0, 0x0, 0x2, 0xfd,
    0x0, 0x0, 0x0, 0x9, 0xf3, 0x6, 0xa2, 0x0,
    0x2, 0x20, 0x9, 0xf4, 0xbb, 0x40, 0x4, 0xbe,
    0xf3, 0xff, 0x50, 0x6, 0xff, 0x60, 0xff, 0x50,
    0x6, 0xff, 0x0, 0xff, 0x50, 0x6, 0xff, 0x0,
    0xff, 0x50, 0x6, 0xff, 0x0, 0xff, 0x50, 0x6,
    0xff, 0x0, 0xef, 0xb0, 0xc, 0xff, 0x0, 0x9f,
    0xfe, 0xfd, 0xff, 0x0, 0x1b, 0xff, 0xa4, 0xff,
    0x0, 0x0, 0x0, 0x0, 0x0, 0x0,

    /* U+1EEA "Ừ" */
    0x0, 0x13, 0x10, 0x0, 0x0, 0x0, 0x0, 0x2f,
    0xe0, 0x0, 0x0, 0x0, 0x0, 0x7, 0xf5, 0x0,
    0x4, 0x40, 0x0, 0x0, 0x32, 0x0, 0x1f, 0xf0,
    0x9a, 0x40, 0x0, 0x7, 0xaf, 0xf0, 0xff, 0x70,
    0x0, 0xb, 0xfe, 0x60, 0xff, 0x70, 0x0, 0xb,
    0xfa, 0x0, 0xff, 0x70, 0x0, 0xb, 0xfa, 0x0,
    0xff, 0x70, 0x0, 0xb, 0xfa, 0x0, 0xff, 0x70,
    0x0, 0xb, 0xfa, 0x0, 0xff, 0x70, 0x0, 0xb,
    0xfa, 0x0, 0xef, 0x70, 0x0, 0xb, 0xfa, 0x0,
    0xdf, 0x90, 0x0, 0xd, 0xf9, 0x0, 0x9f, 0xf6,
    0x0, 0x9f, 0xf5, 0x0, 0x1e, 0xff, 0xff, 0xff,
    0xb0, 0x0, 0x2, 0xaf, 0xff, 0xe8, 0x0, 0x0,
    0x0, 0x0, 0x21, 0x0, 0x0, 0x0,

    /* U+1EEB "ừ" */
    0x1, 0x43, 0x0, 0x0, 0x0, 0x0, 0xdf, 0x10,
    0x0, 0x0, 0x0, 0x4f, 0x80, 0x6, 0xa2, 0x0,
    0x2, 0x10, 0x9, 0xf4, 0xbb, 0x40, 0x4, 0xbe,
    0xf3, 0xff, 0x50, 0x6, 0xff, 0x60, 0xff, 0x50,
    0x6, 0xff, 0x0, 0xff, 0x50, 0x6, 0xff, 0x0,
    0xff, 0x50, 0x6, 0xff, 0x0, 0xff, 0x50, 0x6,
    0xff, 0x0, 0xef, 0xb0, 0xc, 0xff, 0x0, 0x9f,
    0xfe, 0xfd, 0xff, 0x0, 0x1b, 0xff, 0xa4, 0xff,
    0x0, 0x0, 0x0, 0x0, 0x0, 0x0,

    /* U+1EEC "Ử" */
    0x0, 0x1, 0x21, 0x0, 0x0, 0x0, 0x0, 0xa,
    0xff, 0x10, 0x0, 0x0, 0x0, 0x0, 0x7e, 0x0,
    0x4, 0x40, 0x0, 0x0, 0x32, 0x0, 0x1f, 0xf0,
    0x9a, 0x40, 0x0, 0x7, 0xaf, 0xf0, 0xff, 0x70,
    0x0, 0xb, 0xfe, 0x60, 0xff, 0x70, 0x0, 0xb,
    0xfa, 0x0, 0xff, 0x70, 0x0, 0xb, 0xfa, 0x0,
    0xff, 0x70, 0x0, 0xb, 0xfa, 0x0, 0xff, 0x70,
    0x0, 0xb, 0xfa, 0x0, 0xff, 0x70, 0x0, 0xb,
    0xfa, 0x0, 0xef, 0x70, 0x0, 0xb, 0xfa, 0x0,
    0xdf, 0x90, 0x0, 0xd, 0xf9, 0x0, 0x9f, 0xf6,
    0x0, 0x9f, 0xf5, 0x0, 0x1e, 0xff, 0xff, 0xff,
    0xb0, 0x0, 0x2, 0xaf, 0xff, 0xe8, 0x0, 0x0,
    0x0, 0x0, 0x21, 0x0, 0x0, 0x0,

    /* U+1EED "ử" */
    0x0, 0x24, 0x20, 0x0, 0x0, 0x0, 0x7e, 0xf3,
    0x0, 0x0, 0x0, 0x6, 0xf1, 0x6, 0xa2, 0x0,
    0x1, 0x10, 0x9, 0xf4, 0xbb, 0x40, 0x4, 0xbe,
    0xf3, 0xff, 0x50, 0x6, 0xff, 0x60, 0xff, 0x50,
    0x6, 0xff, 0x0, 0xff, 0x50, 0x6, 0xff, 0x0,
    0xff, 0x50, 0x6, 0xff, 0x0, 0xff, 0x50, 0x6,
    0xff, 0x0, 0xef, 0xb0, 0xc, 0xff, 0x0, 0x9f,
    0xfe, 0xfd, 0xff, 0x0, 0x1b, 0xff, 0xa4, 0xff,
    0x0, 0x0, 0x0, 0x0, 0x0, 0x0,

    /* U+1EEE "Ữ" */
    0x0, 0x0, 0x0, 0x0, 0x0, 0x0, 0x0, 0x5f,
    0xd5, 0xd8, 0x0, 0x0, 0x0, 0xca, 0x8f, 0xe2,
    0x4, 0x40, 0x0, 0x0, 0x0, 0x0, 0x1f, 0xf0,
    0x9a, 0x40, 0x0, 0x7, 0xaf, 0xf0, 0xff, 0x70,
    0x0, 0xb, 0xfe, 0x60, 0xff, 0x70, 0x0, 0xb,
    0xfa, 0x0, 0xff, 0x70, 0x0, 0xb, 0xfa, 0x0,
    0xff, 0x70, 0x0, 0xb, 0xfa, 0x0, 0xff, 0x70,
    0x0, 0xb, 0xfa, 0x0, 0xff, 0x70, 0x0, 0xb,
    0xfa, 0x0, 0xef, 0x70, 0x0, 0xb, 0xfa, 0x0,
    0xdf, 0x90, 0x0, 0xd, 0xf9, 0x0, 0x9f, 0xf6,
    0x0, 0x9f, 0xf5, 0x0, 0x1e, 0xff, 0xff, 0xff,
    0xb0, 0x0, 0x2, 0xaf, 0xff, 0xe8, 0x0, 0x0,
    0x0, 0x0, 0x21, 0x0, 0x0, 0x0,

    /* U+1EEF "ữ" */
    0x0, 0x0, 0x0, 0x10, 0x0, 0x4, 0xff, 0x8c,
    0x90, 0x0, 0x9, 0xb5, 0xdd, 0x26, 0xa2, 0x0,
    0x0, 0x0, 0x9, 0xf4, 0xbb, 0x40, 0x4, 0xbe,
    0xf3, 0xff, 0x50, 0x6, 0xff, 0x60, 0xff, 0x50,
    0x6, 0xff, 0x0, 0xff, 0x50, 0x6, 0xff, 0x0,
    0xff, 0x50, 0x6, 0xff, 0x0, 0xff, 0x50, 0x6,
    0xff, 0x0, 0xef, 0xb0, 0xc, 0xff, 0x0, 0x9f,
    0xfe, 0xfd, 0xff, 0x0, 0x1b, 0xff, 0xa4, 0xff,
    0x0, 0x0, 0x0, 0x0, 0x0, 0x0,

    /* U+1EF0 "Ự" */
    0x0, 0x0, 0x0, 0x0, 0x4, 0x40, 0x0, 0x0,
    0x0, 0x0, 0x1f, 0xf0, 0x9a, 0x40, 0x0, 0x7,
    0xaf, 0xf0, 0xff, 0x70, 0x0, 0xb, 0xfe, 0x60,
    0xff, 0x70, 0x0, 0xb, 0xfa, 0x0, 0xff, 0x70,
    0x0, 0xb, 0xfa, 0x0, 0xff, 0x70, 0x0, 0xb,
    0xfa, 0x0, 0xff, 0x70, 0x0, 0xb, 0xfa, 0x0,
    0xff, 0x70, 0x0, 0xb, 0xfa, 0x0, 0xef, 0x70,
    0x0, 0xb, 0xfa, 0x0, 0xdf, 0x90, 0x0, 0xd,
    0xf9, 0x0, 0x9f, 0xf6, 0x0, 0x9f, 0xf5, 0x0,
    0x1e, 0xff, 0xff, 0xff, 0xb0, 0x0, 0x2, 0xaf,
    0xff, 0xe8, 0x0, 0x0, 0x0, 0x0, 0x21, 0x0,
    0x0, 0x0, 0x0, 0x1, 0xca, 0x0, 0x0, 0x0,
    0x0, 0x5, 0xff, 0x10, 0x0, 0x0, 0x0, 0x0,
    0x75, 0x0, 0x0, 0x0,

    /* U+1EF1 "ự" */
    0x0, 0x0, 0x0, 0x6, 0xa2, 0x0, 0x0, 0x0,
    0x9, 0xf4, 0xbb, 0x40, 0x4, 0xbe, 0xf3, 0xff,
    0x50, 0x6, 0xff, 0x60, 0xff, 0x50, 0x6, 0xff,
    0x0, 0xff, 0x50, 0x6, 0xff, 0x0, 0xff, 0x50,
    0x6, 0xff, 0x0, 0xff, 0x50, 0x6, 0xff, 0x0,
    0xef, 0xb0, 0xc, 0xff, 0x0, 0x9f, 0xfe, 0xfd,
    0xff, 0x0, 0x1b, 0xff, 0xa4, 0xff, 0x0, 0x0,
    0x0, 0x0, 0x0, 0x0, 0x0, 0xa, 0xb1, 0x0,
    0x0, 0x0, 0x2f, 0xf4, 0x0, 0x0, 0x0, 0x5,
    0x60, 0x0, 0x0,

    /* U+1EF2 "Ỳ" */
    0x0, 0x1, 0x31, 0x0, 0x0, 0x0, 0x0, 0x2,
    0xfe, 0x0, 0x0, 0x0, 0x0, 0x0, 0x7f, 0x50,
    0x0, 0x0, 0x0, 0x0, 0x3, 0x20, 0x0, 0x0,
    0x4a, 0xa3, 0x0, 0x0, 0x6a, 0xa1, 0xe, 0xfc,
    0x0, 0x1, 0xff, 0xa0, 0x5, 0xff, 0x50, 0x9,
    0xff, 0x10, 0x0, 0xbf, 0xd0, 0x2f, 0xf7, 0x0,
    0x0, 0x2f, 0xf6, 0x9f, 0xd0, 0x0, 0x0, 0x8,
    0xfe, 0xff, 0x50, 0x0, 0x0, 0x0, 0xef, 0xfb,
    0x0, 0x0, 0x0, 0x0, 0x6f, 0xf3, 0x0, 0x0,
    0x0, 0x0, 0x4f, 0xf1, 0x0, 0x0, 0x0, 0x0,
    0x4f, 0xf1, 0x0, 0x0, 0x0, 0x0, 0x4f, 0xf1,
    0x0, 0x0, 0x0, 0x0, 0x4f, 0xf1, 0x0, 0x0,

    /* U+1EF3 "ỳ" */
    0x0, 0x24, 0x20, 0x0, 0x0, 0x0, 0x1f, 0xe0,
    0x0, 0x0, 0x0, 0x6, 0xf6, 0x0, 0x0, 0x0,
    0x0, 0x21, 0x0, 0x0, 0x7b, 0xa0, 0x0, 0x2b,
    0xb2, 0x4f, 0xf2, 0x0, 0x7f, 0xe0, 0xe, 0xf7,
    0x0, 0xdf, 0x80, 0x8, 0xfc, 0x2, 0xff, 0x20,
    0x2, 0xff, 0x18, 0xfc, 0x0, 0x0, 0xcf, 0x6c,
    0xf6, 0x0, 0x0, 0x6f, 0xbf, 0xf0, 0x0, 0x0,
    0x1f, 0xff, 0xa0, 0x0, 0x0, 0xa, 0xff, 0x40,
    0x0, 0x0, 0x9, 0xfd, 0x0, 0x0, 0x6, 0x9f,
    0xf6, 0x0, 0x0, 0xe, 0xff, 0x90, 0x0, 0x0,
    0x3, 0x42, 0x0, 0x0, 0x0,

    /* U+1EF4 "Ỵ" */
    0x4a, 0xa3, 0x0, 0x0, 0x6a, 0xa1, 0xe, 0xfc,
    0x0, 0x1, 0xff, 0xa0, 0x5, 0xff, 0x50, 0x9,
    0xff, 0x10, 0x0, 0xbf, 0xd0, 0x2f, 0xf7, 0x0,
    0x0, 0x2f, 0xf6, 0x9f, 0xd0, 0x0, 0x0, 0x8,
    0xfe, 0xff, 0x50, 0x0, 0x0, 0x0, 0xef, 0xfb,
    0x0, 0x0, 0x0, 0x0, 0x6f, 0xf3, 0x0, 0x0,
    0x0, 0x0, 0x4f, 0xf1, 0x0, 0x0, 0x0, 0x0,
    0x4f, 0xf1, 0x0, 0x0, 0x0, 0x0, 0x4f, 0xf1,
    0x0, 0x0, 0x0, 0x0, 0x4f, 0xf1, 0x0, 0x0,
    0x0, 0x0, 0x0, 0x0, 0x0, 0x0, 0x0, 0x0,
    0x1b, 0xa0, 0x0, 0x0, 0x0, 0x0, 0x5f, 0xf1,
    0x0, 0x0, 0x0, 0x0, 0x7, 0x50, 0x0, 0x0,

    /* U+1EF5 "ỵ" */
    0x7b, 0xa0, 0x0, 0x2b, 0xb2, 0x4f, 0xf2, 0x0,
    0x7f, 0xe0, 0xe, 0xf7, 0x0, 0xdf, 0x80, 0x8,
    0xfc, 0x2, 0xff, 0x20, 0x2, 0xff, 0x18, 0xfc,
    0x0, 0x0, 0xcf, 0x6c, 0xf6, 0x0, 0x0, 0x6f,
    0xbf, 0xf0, 0x0, 0x0, 0x1f, 0xff, 0xa0, 0x0,
    0x0, 0xa, 0xff, 0x40, 0x0, 0x0, 0x9, 0xfd,
    0x0, 0x0, 0x6, 0x9f, 0xf6, 0x6c, 0x50, 0xe,
    0xff, 0x90, 0xcf, 0xa0, 0x3, 0x42, 0x0, 0x28,
    0x20,

    /* U+1EF6 "Ỷ" */
    0x0, 0x0, 0x12, 0x10, 0x0, 0x0, 0x0, 0x0,
    0xaf, 0xf1, 0x0, 0x0, 0x0, 0x0, 0x8, 0xe0,
    0x0, 0x0, 0x0, 0x0, 0x3, 0x20, 0x0, 0x0,
    0x4a, 0xa3, 0x0, 0x0, 0x6a, 0xa1, 0xe, 0xfc,
    0x0, 0x1, 0xff, 0xa0, 0x5, 0xff, 0x50, 0x9,
    0xff, 0x10, 0x0, 0xbf, 0xd0, 0x2f, 0xf7, 0x0,
    0x0, 0x2f, 0xf6, 0x9f, 0xd0, 0x0, 0x0, 0x8,
    0xfe, 0xff, 0x50, 0x0, 0x0, 0x0, 0xef, 0xfb,
    0x0, 0x0, 0x0, 0x0, 0x6f, 0xf3, 0x0, 0x0,
    0x0, 0x0, 0x4f, 0xf1, 0x0, 0x0, 0x0, 0x0,
    0x4f, 0xf1, 0x0, 0x0, 0x0, 0x0, 0x4f, 0xf1,
    0x0, 0x0, 0x0, 0x0, 0x4f, 0xf1, 0x0, 0x0,

    /* U+1EF7 "ỷ" */
    0x0, 0x3, 0x41, 0x0, 0x0, 0x0, 0x9, 0xff,
    0x10, 0x0, 0x0, 0x0, 0x8e, 0x0, 0x0, 0x0,
    0x0, 0x21, 0x0, 0x0, 0x7b, 0xa0, 0x0, 0x2b,
    0xb2, 0x4f, 0xf2, 0x0, 0x7f, 0xe0, 0xe, 0xf7,
    0x0, 0xdf, 0x80, 0x8, 0xfc, 0x2, 0xff, 0x20,
    0x2, 0xff, 0x18, 0xfc, 0x0, 0x0, 0xcf, 0x6c,
    0xf6, 0x0, 0x0, 0x6f, 0xbf, 0xf0, 0x0, 0x0,
    0x1f, 0xff, 0xa0, 0x0, 0x0, 0xa, 0xff, 0x40,
    0x0, 0x0, 0x9, 0xfd, 0x0, 0x0, 0x6, 0x9f,
    0xf6, 0x0, 0x0, 0xe, 0xff, 0x90, 0x0, 0x0,
    0x3, 0x42, 0x0, 0x0, 0x0,

    /* U+1EF8 "Ỹ" */
    0x0, 0x0, 0x0, 0x0, 0x0, 0x0, 0x0, 0x5,
    0xfd, 0x5d, 0x70, 0x0, 0x0, 0xc, 0xa8, 0xfe,
    0x20, 0x0, 0x0, 0x0, 0x0, 0x0, 0x0, 0x0,
    0x4a, 0xa3, 0x0, 0x0, 0x6a, 0xa1, 0xe, 0xfc,
    0x0, 0x1, 0xff, 0xa0, 0x5, 0xff, 0x50, 0x9,
    0xff, 0x10, 0x0, 0xbf, 0xd0, 0x2f, 0xf7, 0x0,
    0x0, 0x2f, 0xf6, 0x9f, 0xd0, 0x0, 0x0, 0x8,
    0xfe, 0xff, 0x50, 0x0, 0x0, 0x0, 0xef, 0xfb,
    0x0, 0x0, 0x0, 0x0, 0x6f, 0xf3, 0x0, 0x0,
    0x0, 0x0, 0x4f, 0xf1, 0x0, 0x0, 0x0, 0x0,
    0x4f, 0xf1, 0x0, 0x0, 0x0, 0x0, 0x4f, 0xf1,
    0x0, 0x0, 0x0, 0x0, 0x4f, 0xf1, 0x0, 0x0,

    /* U+1EF9 "ỹ" */
    0x0, 0x1, 0x0, 0x10, 0x0, 0x0, 0x6f, 0xe7,
    0xe7, 0x0, 0x0, 0xc9, 0x7e, 0xc1, 0x0, 0x0,
    0x0, 0x0, 0x0, 0x0, 0x7b, 0xa0, 0x0, 0x2b,
    0xb2, 0x4f, 0xf2, 0x0, 0x7f, 0xe0, 0xe, 0xf7,
    0x0, 0xdf, 0x80, 0x8, 0xfc, 0x2, 0xff, 0x20,
    0x2, 0xff, 0x18, 0xfc, 0x0, 0x0, 0xcf, 0x6c,
    0xf6, 0x0, 0x0, 0x6f, 0xbf, 0xf0, 0x0, 0x0,
    0x1f, 0xff, 0xa0, 0x0, 0x0, 0xa, 0xff, 0x40,
    0x0, 0x0, 0x9, 0xfd, 0x0, 0x0, 0x6, 0x9f,
    0xf6, 0x0, 0x0, 0xe, 0xff, 0x90, 0x0, 0x0,
    0x3, 0x42, 0x0, 0x0, 0x0,

    /* U+2013 "–" */
    0xee, 0xee, 0xee, 0xee, 0xff, 0xff, 0xff, 0xff,

    /* U+2014 "—" */
    0xee, 0xee, 0xee, 0xee, 0xee, 0xee, 0xee, 0xee,
    0xff, 0xff, 0xff, 0xff, 0xff, 0xff, 0xff, 0xff,

    /* U+2018 "‘" */
    0x6, 0xf4, 0xb, 0xf1, 0xf, 0xf0, 0x4f, 0xd0,
    0x8e, 0xa0,

    /* U+2019 "’" */
    0x1e, 0xe2, 0x3f, 0xe0, 0x5f, 0x90, 0x7f, 0x50,
    0xaf, 0x0,

    /* U+201A "‚" */
    0x6, 0xec, 0x9, 0xf8, 0xb, 0xf4, 0xd, 0xf0,
    0xf, 0xa0,

    /* U+201C "“" */
    0x6, 0xf4, 0xb, 0xe0, 0xbf, 0x10, 0xfc, 0xf,
    0xf0, 0x5f, 0xa4, 0xfd, 0x9, 0xf8, 0x8e, 0xa0,
    0xde, 0x50,

    /* U+201D "”" */
    0x1f, 0xf2, 0x8f, 0xb3, 0xfe, 0xb, 0xf6, 0x5f,
    0x90, 0xdf, 0x28, 0xf4, 0xf, 0xd0, 0x9e, 0x1,
    0xe8, 0x0,

    /* U+201E "„" */
    0x6, 0xec, 0xd, 0xe5, 0x9, 0xf8, 0xf, 0xf1,
    0xb, 0xf4, 0x2f, 0xc0, 0xd, 0xf0, 0x4f, 0x80,
    0xf, 0xa0, 0x7f, 0x30,

    /* U+2022 "•" */
    0x0, 0x0, 0x0, 0xa, 0xff, 0x40, 0x7f, 0xff,
    0xf1, 0xaf, 0xff, 0xf4, 0x7f, 0xff, 0xf1, 0x8,
    0xfd, 0x30,

    /* U+2026 "…" */
    0x2a, 0x60, 0x0, 0x99, 0x0, 0x5, 0xa3, 0x9f,
    0xf0, 0x4, 0xff, 0x50, 0xe, 0xfa, 0x5f, 0xa0,
    0x1, 0xdd, 0x10, 0x9, 0xf5,

    /* U+2032 "′" */
    0xb, 0xf6, 0xc, 0xf2, 0xe, 0xf0, 0xf, 0xb0,
    0x9, 0x50,

    /* U+2033 "″" */
    0xb, 0xf6, 0x5, 0xfb, 0xc, 0xf2, 0x7, 0xf8,
    0xe, 0xf0, 0x8, 0xf5, 0xf, 0xb0, 0x9, 0xf1,
    0x9, 0x50, 0x6, 0x80,

    /* U+2039 "‹" */
    0x0, 0x9, 0xfd, 0x10, 0x6, 0xff, 0x20, 0x4,
    0xff, 0x40, 0x1, 0xef, 0x80, 0x0, 0xa, 0xfd,
    0x0, 0x0, 0xc, 0xfa, 0x0, 0x0, 0x1e, 0xf7,
    0x0, 0x0, 0x38, 0x81,

    /* U+203A "›" */
    0x1e, 0xf7, 0x0, 0x0, 0x3f, 0xf5, 0x0, 0x0,
    0x5f, 0xf3, 0x0, 0x0, 0x9f, 0xe0, 0x0, 0x1d,
    0xf9, 0x0, 0xb, 0xfb, 0x0, 0x9, 0xfd, 0x10,
    0x1, 0x88, 0x20, 0x0
};


/*---------------------
 *  GLYPH DESCRIPTION
 *--------------------*/

static const lv_font_fmt_txt_glyph_dsc_t glyph_dsc[] = {
    {.bitmap_index = 0, .adv_w = 0, .box_w = 0, .box_h = 0, .ofs_x = 0, .ofs_y = 0} /* id = 0 reserved */,
    {.bitmap_index = 0, .adv_w = 61, .box_w = 0, .box_h = 0, .ofs_x = 0, .ofs_y = 0},
    {.bitmap_index = 0, .adv_w = 87, .box_w = 4, .box_h = 12, .ofs_x = 1, .ofs_y = 0},
    {.bitmap_index = 24, .adv_w = 141, .box_w = 7, .box_h = 5, .ofs_x = 1, .ofs_y = 7},
    {.bitmap_index = 42, .adv_w = 166, .box_w = 11, .box_h = 12, .ofs_x = 0, .ofs_y = 0},
    {.bitmap_index = 108, .adv_w = 168, .box_w = 10, .box_h = 16, .ofs_x = 0, .ofs_y = -2},
    {.bitmap_index = 188, .adv_w = 260, .box_w = 14, .box_h = 12, .ofs_x = 1, .ofs_y = 0},
    {.bitmap_index = 272, .adv_w = 172, .box_w = 11, .box_h = 12, .ofs_x = 0, .ofs_y = 0},
    {.bitmap_index = 338, .adv_w = 87, .box_w = 3, .box_h = 5, .ofs_x = 1, .ofs_y = 7},
    {.bitmap_index = 346, .adv_w = 97, .box_w = 5, .box_h = 15, .ofs_x = 1, .ofs_y = -2},
    {.bitmap_index = 384, .adv_w = 97, .box_w = 5, .box_h = 15, .ofs_x = 0, .ofs_y = -2},
    {.bitmap_index = 422, .adv_w = 143, .box_w = 7, .box_h = 7, .ofs_x = 1, .ofs_y = 5},
    {.bitmap_index = 447, .adv_w = 174, .box_w = 9, .box_h = 9, .ofs_x = 1, .ofs_y = 0},
    {.bitmap_index = 488, .adv_w = 86, .box_w = 4, .box_h = 5, .ofs_x = 0, .ofs_y = -3},
    {.bitmap_index = 498, .adv_w = 120, .box_w = 6, .box_h = 2, .ofs_x = 1, .ofs_y = 4},
    {.bitmap_index = 504, .adv_w = 86, .box_w = 4, .box_h = 3, .ofs_x = 1, .ofs_y = 0},
    {.bitmap_index = 510, .adv_w = 99, .box_w = 6, .box_h = 14, .ofs_x = 0, .ofs_y = -2},
    {.bitmap_index = 552, .adv_w = 173, .box_w = 11, .box_h = 12, .ofs_x = 0, .ofs_y = 0},
    {.bitmap_index = 618, .adv_w = 110, .box_w = 6, .box_h = 12, .ofs_x = 0, .ofs_y = 0},
    {.bitmap_index = 654, .adv_w = 161, .box_w = 10, .box_h = 12, .ofs_x = 0, .ofs_y = 0},
    {.bitmap_index = 714, .adv_w = 165, .box_w = 10, .box_h = 12, .ofs_x = 0, .ofs_y = 0},
    {.bitmap_index = 774, .adv_w = 173, .box_w = 11, .box_h = 12, .ofs_x = 0, .ofs_y = 0},
    {.bitmap_index = 840, .adv_w = 159, .box_w = 10, .box_h = 12, .ofs_x = 0, .ofs_y = 0},
    {.bitmap_index = 900, .adv_w = 166, .box_w = 10, .box_h = 12, .ofs_x = 0, .ofs_y = 0},
    {.bitmap_index = 960, .adv_w = 149, .box_w = 9, .box_h = 12, .ofs_x = 0, .ofs_y = 0},
    {.bitmap_index = 1014, .adv_w = 167, .box_w = 10, .box_h = 12, .ofs_x = 0, .ofs_y = 0},
    {.bitmap_index = 1074, .adv_w = 166, .box_w = 10, .box_h = 12, .ofs_x = 0, .ofs_y = 0},
    {.bitmap_index = 1134, .adv_w = 86, .box_w = 4, .box_h = 9, .ofs_x = 1, .ofs_y = 0},
    {.bitmap_index = 1152, .adv_w = 88, .box_w = 5, .box_h = 12, .ofs_x = 0, .ofs_y = -3},
    {.bitmap_index = 1182, .adv_w = 174, .box_w = 9, .box_h = 10, .ofs_x = 1, .ofs_y = 0},
    {.bitmap_index = 1227, .adv_w = 174, .box_w = 9, .box_h = 6, .ofs_x = 1, .ofs_y = 2},
    {.bitmap_index = 1254, .adv_w = 174, .box_w = 9, .box_h = 10, .ofs_x = 1, .ofs_y = 0},
    {.bitmap_index = 1299, .adv_w = 143, .box_w = 9, .box_h = 12, .ofs_x = 0, .ofs_y = 0},
    {.bitmap_index = 1353, .adv_w = 260, .box_w = 16, .box_h = 15, .ofs_x = 0, .ofs_y = -3},
    {.bitmap_index = 1473, .adv_w = 191, .box_w = 12, .box_h = 12, .ofs_x = 0, .ofs_y = 0},
    {.bitmap_index = 1545, .adv_w = 169, .box_w = 9, .box_h = 12, .ofs_x = 1, .ofs_y = 0},
    {.bitmap_index = 1599, .adv_w = 189, .box_w = 12, .box_h = 12, .ofs_x = 0, .ofs_y = 0},
    {.bitmap_index = 1671, .adv_w = 185, .box_w = 10, .box_h = 12, .ofs_x = 1, .ofs_y = 0},
    {.bitmap_index = 1731, .adv_w = 156, .box_w = 8, .box_h = 12, .ofs_x = 1, .ofs_y = 0},
    {.bitmap_index = 1779, .adv_w = 150, .box_w = 8, .box_h = 12, .ofs_x = 1, .ofs_y = 0},
    {.bitmap_index = 1827, .adv_w = 192, .box_w = 12, .box_h = 12, .ofs_x = 0, .ofs_y = 0},
    {.bitmap_index = 1899, .adv_w = 191, .box_w = 10, .box_h = 12, .ofs_x = 1, .ofs_y = 0},
    {.bitmap_index = 1959, .adv_w = 72, .box_w = 3, .box_h = 12, .ofs_x = 1, .ofs_y = 0},
    {.bitmap_index = 1977, .adv_w = 150, .box_w = 9, .box_h = 12, .ofs_x = 0, .ofs_y = 0},
    {.bitmap_index = 2031, .adv_w = 184, .box_w = 11, .box_h = 12, .ofs_x = 1, .ofs_y = 0},
    {.bitmap_index = 2097, .adv_w = 145, .box_w = 8, .box_h = 12, .ofs_x = 1, .ofs_y = 0},
    {.bitmap_index = 2145, .adv_w = 239, .box_w = 13, .box_h = 12, .ofs_x = 1, .ofs_y = 0},
    {.bitmap_index = 2223, .adv_w = 195, .box_w = 11, .box_h = 12, .ofs_x = 1, .ofs_y = 0},
    {.bitmap_index = 2289, .adv_w = 197, .box_w = 12, .box_h = 12, .ofs_x = 0, .ofs_y = 0},
    {.bitmap_index = 2361, .adv_w = 166, .box_w = 9, .box_h = 12, .ofs_x = 1, .ofs_y = 0},
    {.bitmap_index = 2415, .adv_w = 199, .box_w = 12, .box_h = 13, .ofs_x = 0, .ofs_y = -1},
    {.bitmap_index = 2493, .adv_w = 168, .box_w = 10, .box_h = 12, .ofs_x = 1, .ofs_y = 0},
    {.bitmap_index = 2553, .adv_w = 168, .box_w = 10, .box_h = 12, .ofs_x = 0, .ofs_y = 0},
    {.bitmap_index = 2613, .adv_w = 171, .box_w = 11, .box_h = 12, .ofs_x = 0, .ofs_y = 0},
    {.bitmap_index = 2679, .adv_w = 187, .box_w = 10, .box_h = 12, .ofs_x = 1, .ofs_y = 0},
    {.bitmap_index = 2739, .adv_w = 191, .box_w = 12, .box_h = 12, .ofs_x = 0, .ofs_y = 0},
    {.bitmap_index = 2811, .adv_w = 266, .box_w = 17, .box_h = 12, .ofs_x = 0, .ofs_y = 0},
    {.bitmap_index = 2913, .adv_w = 189, .box_w = 12, .box_h = 12, .ofs_x = 0, .ofs_y = 0},
    {.bitmap_index = 2985, .adv_w = 187, .box_w = 12, .box_h = 12, .ofs_x = 0, .ofs_y = 0},
    {.bitmap_index = 3057, .adv_w = 170, .box_w = 10, .box_h = 12, .ofs_x = 0, .ofs_y = 0},
    {.bitmap_index = 3117, .adv_w = 97, .box_w = 5, .box_h = 15, .ofs_x = 1, .ofs_y = -2},
    {.bitmap_index = 3155, .adv_w = 99, .box_w = 6, .box_h = 14, .ofs_x = 0, .ofs_y = -2},
    {.bitmap_index = 3197, .adv_w = 97, .box_w = 5, .box_h = 15, .ofs_x = 0, .ofs_y = -2},
    {.bitmap_index = 3235, .adv_w = 125, .box_w = 8, .box_h = 5, .ofs_x = 0, .ofs_y = 6},
    {.bitmap_index = 3255, .adv_w = 122, .box_w = 8, .box_h = 2, .ofs_x = 0, .ofs_y = -2},
    {.bitmap_index = 3263, .adv_w = 94, .box_w = 4, .box_h = 3, .ofs_x = 1, .ofs_y = 10},
    {.bitmap_index = 3269, .adv_w = 149, .box_w = 9, .box_h = 9, .ofs_x = 0, .ofs_y = 0},
    {.bitmap_index = 3310, .adv_w = 161, .box_w = 9, .box_h = 12, .ofs_x = 1, .ofs_y = 0},
    {.bitmap_index = 3364, .adv_w = 151, .box_w = 9, .box_h = 9, .ofs_x = 0, .ofs_y = 0},
    {.bitmap_index = 3405, .adv_w = 161, .box_w = 10, .box_h = 12, .ofs_x = 0, .ofs_y = 0},
    {.bitmap_index = 3465, .adv_w = 153, .box_w = 9, .box_h = 9, .ofs_x = 0, .ofs_y = 0},
    {.bitmap_index = 3506, .adv_w = 102, .box_w = 7, .box_h = 13, .ofs_x = 0, .ofs_y = 0},
    {.bitmap_index = 3552, .adv_w = 162, .box_w = 10, .box_h = 12, .ofs_x = 0, .ofs_y = -3},
    {.bitmap_index = 3612, .adv_w = 159, .box_w = 8, .box_h = 12, .ofs_x = 1, .ofs_y = 0},
    {.bitmap_index = 3660, .adv_w = 69, .box_w = 4, .box_h = 13, .ofs_x = 0, .ofs_y = 0},
    {.bitmap_index = 3686, .adv_w = 69, .box_w = 5, .box_h = 16, .ofs_x = -1, .ofs_y = -3},
    {.bitmap_index = 3726, .adv_w = 149, .box_w = 9, .box_h = 12, .ofs_x = 1, .ofs_y = 0},
    {.bitmap_index = 3780, .adv_w = 69, .box_w = 3, .box_h = 12, .ofs_x = 1, .ofs_y = 0},
    {.bitmap_index = 3798, .adv_w = 234, .box_w = 13, .box_h = 9, .ofs_x = 1, .ofs_y = 0},
    {.bitmap_index = 3857, .adv_w = 159, .box_w = 8, .box_h = 9, .ofs_x = 1, .ofs_y = 0},
    {.bitmap_index = 3893, .adv_w = 157, .box_w = 10, .box_h = 9, .ofs_x = 0, .ofs_y = 0},
    {.bitmap_index = 3938, .adv_w = 161, .box_w = 9, .box_h = 12, .ofs_x = 1, .ofs_y = -3},
    {.bitmap_index = 3992, .adv_w = 161, .box_w = 10, .box_h = 12, .ofs_x = 0, .ofs_y = -3},
    {.bitmap_index = 4052, .adv_w = 104, .box_w = 6, .box_h = 10, .ofs_x = 1, .ofs_y = 0},
    {.bitmap_index = 4082, .adv_w = 143, .box_w = 9, .box_h = 9, .ofs_x = 0, .ofs_y = 0},
    {.bitmap_index = 4123, .adv_w = 94, .box_w = 6, .box_h = 11, .ofs_x = 0, .ofs_y = 0},
    {.bitmap_index = 4156, .adv_w = 159, .box_w = 8, .box_h = 9, .ofs_x = 1, .ofs_y = 0},
    {.bitmap_index = 4192, .adv_w = 154, .box_w = 10, .box_h = 9, .ofs_x = 0, .ofs_y = 0},
    {.bitmap_index = 4237, .adv_w = 218, .box_w = 14, .box_h = 9, .ofs_x = 0, .ofs_y = 0},
    {.bitmap_index = 4300, .adv_w = 149, .box_w = 9, .box_h = 9, .ofs_x = 0, .ofs_y = 0},
    {.bitmap_index = 4341, .adv_w = 154, .box_w = 10, .box_h = 12, .ofs_x = 0, .ofs_y = -3},
    {.bitmap_index = 4401, .adv_w = 147, .box_w = 9, .box_h = 9, .ofs_x = 0, .ofs_y = 0},
    {.bitmap_index = 4442, .adv_w = 120, .box_w = 6, .box_h = 15, .ofs_x = 1, .ofs_y = -2},
    {.bitmap_index = 4487, .adv_w = 95, .box_w = 4, .box_h = 20, .ofs_x = 1, .ofs_y = -4},
    {.bitmap_index = 4527, .adv_w = 120, .box_w = 7, .box_h = 15, .ofs_x = 0, .ofs_y = -2},
    {.bitmap_index = 4580, .adv_w = 174, .box_w = 9, .box_h = 4, .ofs_x = 1, .ofs_y = 3},
    {.bitmap_index = 4598, .adv_w = 61, .box_w = 0, .box_h = 0, .ofs_x = 0, .ofs_y = 0},
    {.bitmap_index = 4598, .adv_w = 87, .box_w = 4, .box_h = 12, .ofs_x = 1, .ofs_y = -3},
    {.bitmap_index = 4622, .adv_w = 151, .box_w = 9, .box_h = 12, .ofs_x = 0, .ofs_y = 0},
    {.bitmap_index = 4676, .adv_w = 164, .box_w = 10, .box_h = 12, .ofs_x = 0, .ofs_y = 0},
    {.bitmap_index = 4736, .adv_w = 195, .box_w = 11, .box_h = 12, .ofs_x = 1, .ofs_y = -1},
    {.bitmap_index = 4802, .adv_w = 146, .box_w = 9, .box_h = 12, .ofs_x = 0, .ofs_y = 0},
    {.bitmap_index = 4856, .adv_w = 87, .box_w = 3, .box_h = 14, .ofs_x = 1, .ofs_y = -2},
    {.bitmap_index = 4877, .adv_w = 146, .box_w = 9, .box_h = 14, .ofs_x = 0, .ofs_y = -2},
    {.bitmap_index = 4940, .adv_w = 159, .box_w = 6, .box_h = 3, .ofs_x = 2, .ofs_y = 10},
    {.bitmap_index = 4949, .adv_w = 234, .box_w = 13, .box_h = 12, .ofs_x = 1, .ofs_y = 0},
    {.bitmap_index = 5027, .adv_w = 119, .box_w = 7, .box_h = 8, .ofs_x = 0, .ofs_y = 4},
    {.bitmap_index = 5055, .adv_w = 169, .box_w = 10, .box_h = 8, .ofs_x = 0, .ofs_y = 1},
    {.bitmap_index = 5095, .adv_w = 174, .box_w = 8, .box_h = 4, .ofs_x = 1, .ofs_y = 2},
    {.bitmap_index = 5111, .adv_w = 170, .box_w = 10, .box_h = 11, .ofs_x = 0, .ofs_y = 2},
    {.bitmap_index = 5166, .adv_w = 112, .box_w = 5, .box_h = 2, .ofs_x = 1, .ofs_y = 11},
    {.bitmap_index = 5171, .adv_w = 118, .box_w = 7, .box_h = 6, .ofs_x = 0, .ofs_y = 6},
    {.bitmap_index = 5192, .adv_w = 174, .box_w = 9, .box_h = 9, .ofs_x = 1, .ofs_y = 0},
    {.bitmap_index = 5233, .adv_w = 118, .box_w = 7, .box_h = 7, .ofs_x = 0, .ofs_y = 7},
    {.bitmap_index = 5258, .adv_w = 121, .box_w = 7, .box_h = 7, .ofs_x = 0, .ofs_y = 7},
    {.bitmap_index = 5283, .adv_w = 94, .box_w = 4, .box_h = 3, .ofs_x = 1, .ofs_y = 10},
    {.bitmap_index = 5289, .adv_w = 161, .box_w = 9, .box_h = 12, .ofs_x = 1, .ofs_y = -3},
    {.bitmap_index = 5343, .adv_w = 153, .box_w = 9, .box_h = 12, .ofs_x = 0, .ofs_y = 0},
    {.bitmap_index = 5397, .adv_w = 86, .box_w = 4, .box_h = 3, .ofs_x = 1, .ofs_y = 4},
    {.bitmap_index = 5403, .adv_w = 93, .box_w = 4, .box_h = 4, .ofs_x = 1, .ofs_y = -3},
    {.bitmap_index = 5411, .adv_w = 85, .box_w = 5, .box_h = 7, .ofs_x = 0, .ofs_y = 7},
    {.bitmap_index = 5429, .adv_w = 125, .box_w = 8, .box_h = 8, .ofs_x = 0, .ofs_y = 4},
    {.bitmap_index = 5461, .adv_w = 169, .box_w = 10, .box_h = 8, .ofs_x = 0, .ofs_y = 1},
    {.bitmap_index = 5501, .adv_w = 217, .box_w = 14, .box_h = 13, .ofs_x = 0, .ofs_y = -1},
    {.bitmap_index = 5592, .adv_w = 226, .box_w = 14, .box_h = 13, .ofs_x = 0, .ofs_y = -1},
    {.bitmap_index = 5683, .adv_w = 236, .box_w = 15, .box_h = 14, .ofs_x = 0, .ofs_y = -1},
    {.bitmap_index = 5788, .adv_w = 143, .box_w = 9, .box_h = 12, .ofs_x = 0, .ofs_y = -3},
    {.bitmap_index = 5842, .adv_w = 191, .box_w = 12, .box_h = 16, .ofs_x = 0, .ofs_y = 0},
    {.bitmap_index = 5938, .adv_w = 191, .box_w = 12, .box_h = 16, .ofs_x = 0, .ofs_y = 0},
    {.bitmap_index = 6034, .adv_w = 191, .box_w = 12, .box_h = 16, .ofs_x = 0, .ofs_y = 0},
    {.bitmap_index = 6130, .adv_w = 191, .box_w = 12, .box_h = 16, .ofs_x = 0, .ofs_y = 0},
    {.bitmap_index = 6226, .adv_w = 191, .box_w = 12, .box_h = 16, .ofs_x = 0, .ofs_y = 0},
    {.bitmap_index = 6322, .adv_w = 191, .box_w = 12, .box_h = 16, .ofs_x = 0, .ofs_y = 0},
    {.bitmap_index = 6418, .adv_w = 262, .box_w = 16, .box_h = 12, .ofs_x = 0, .ofs_y = 0},
    {.bitmap_index = 6514, .adv_w = 189, .box_w = 12, .box_h = 15, .ofs_x = 0, .ofs_y = -3},
    {.bitmap_index = 6604, .adv_w = 156, .box_w = 8, .box_h = 16, .ofs_x = 1, .ofs_y = 0},
    {.bitmap_index = 6668, .adv_w = 156, .box_w = 8, .box_h = 16, .ofs_x = 1, .ofs_y = 0},
    {.bitmap_index = 6732, .adv_w = 156, .box_w = 8, .box_h = 16, .ofs_x = 1, .ofs_y = 0},
    {.bitmap_index = 6796, .adv_w = 156, .box_w = 8, .box_h = 16, .ofs_x = 1, .ofs_y = 0},
    {.bitmap_index = 6860, .adv_w = 72, .box_w = 5, .box_h = 16, .ofs_x = -1, .ofs_y = 0},
    {.bitmap_index = 6900, .adv_w = 72, .box_w = 4, .box_h = 16, .ofs_x = 1, .ofs_y = 0},
    {.bitmap_index = 6932, .adv_w = 72, .box_w = 7, .box_h = 16, .ofs_x = -1, .ofs_y = 0},
    {.bitmap_index = 6988, .adv_w = 72, .box_w = 7, .box_h = 16, .ofs_x = -1, .ofs_y = 0},
    {.bitmap_index = 7044, .adv_w = 195, .box_w = 12, .box_h = 12, .ofs_x = 0, .ofs_y = 0},
    {.bitmap_index = 7116, .adv_w = 195, .box_w = 11, .box_h = 16, .ofs_x = 1, .ofs_y = 0},
    {.bitmap_index = 7204, .adv_w = 197, .box_w = 12, .box_h = 16, .ofs_x = 0, .ofs_y = 0},
    {.bitmap_index = 7300, .adv_w = 197, .box_w = 12, .box_h = 16, .ofs_x = 0, .ofs_y = 0},
    {.bitmap_index = 7396, .adv_w = 197, .box_w = 12, .box_h = 16, .ofs_x = 0, .ofs_y = 0},
    {.bitmap_index = 7492, .adv_w = 197, .box_w = 12, .box_h = 16, .ofs_x = 0, .ofs_y = 0},
    {.bitmap_index = 7588, .adv_w = 197, .box_w = 12, .box_h = 16, .ofs_x = 0, .ofs_y = 0},
    {.bitmap_index = 7684, .adv_w = 174, .box_w = 9, .box_h = 9, .ofs_x = 1, .ofs_y = 0},
    {.bitmap_index = 7725, .adv_w = 197, .box_w = 12, .box_h = 14, .ofs_x = 0, .ofs_y = -1},
    {.bitmap_index = 7809, .adv_w = 187, .box_w = 10, .box_h = 16, .ofs_x = 1, .ofs_y = 0},
    {.bitmap_index = 7889, .adv_w = 187, .box_w = 10, .box_h = 16, .ofs_x = 1, .ofs_y = 0},
    {.bitmap_index = 7969, .adv_w = 187, .box_w = 10, .box_h = 16, .ofs_x = 1, .ofs_y = 0},
    {.bitmap_index = 8049, .adv_w = 187, .box_w = 10, .box_h = 16, .ofs_x = 1, .ofs_y = 0},
    {.bitmap_index = 8129, .adv_w = 187, .box_w = 12, .box_h = 16, .ofs_x = 0, .ofs_y = 0},
    {.bitmap_index = 8225, .adv_w = 171, .box_w = 9, .box_h = 12, .ofs_x = 1, .ofs_y = 0},
    {.bitmap_index = 8279, .adv_w = 168, .box_w = 9, .box_h = 12, .ofs_x = 1, .ofs_y = 0},
    {.bitmap_index = 8333, .adv_w = 149, .box_w = 9, .box_h = 13, .ofs_x = 0, .ofs_y = 0},
    {.bitmap_index = 8392, .adv_w = 149, .box_w = 9, .box_h = 13, .ofs_x = 0, .ofs_y = 0},
    {.bitmap_index = 8451, .adv_w = 149, .box_w = 9, .box_h = 13, .ofs_x = 0, .ofs_y = 0},
    {.bitmap_index = 8510, .adv_w = 149, .box_w = 9, .box_h = 13, .ofs_x = 0, .ofs_y = 0},
    {.bitmap_index = 8569, .adv_w = 149, .box_w = 9, .box_h = 13, .ofs_x = 0, .ofs_y = 0},
    {.bitmap_index = 8628, .adv_w = 149, .box_w = 9, .box_h = 14, .ofs_x = 0, .ofs_y = 0},
    {.bitmap_index = 8691, .adv_w = 233, .box_w = 14, .box_h = 9, .ofs_x = 0, .ofs_y = 0},
    {.bitmap_index = 8754, .adv_w = 151, .box_w = 9, .box_h = 12, .ofs_x = 0, .ofs_y = -3},
    {.bitmap_index = 8808, .adv_w = 153, .box_w = 9, .box_h = 13, .ofs_x = 0, .ofs_y = 0},
    {.bitmap_index = 8867, .adv_w = 153, .box_w = 9, .box_h = 13, .ofs_x = 0, .ofs_y = 0},
    {.bitmap_index = 8926, .adv_w = 153, .box_w = 9, .box_h = 13, .ofs_x = 0, .ofs_y = 0},
    {.bitmap_index = 8985, .adv_w = 153, .box_w = 9, .box_h = 13, .ofs_x = 0, .ofs_y = 0},
    {.bitmap_index = 9044, .adv_w = 69, .box_w = 5, .box_h = 13, .ofs_x = -1, .ofs_y = 0},
    {.bitmap_index = 9077, .adv_w = 69, .box_w = 4, .box_h = 13, .ofs_x = 1, .ofs_y = 0},
    {.bitmap_index = 9103, .adv_w = 69, .box_w = 7, .box_h = 13, .ofs_x = -1, .ofs_y = 0},
    {.bitmap_index = 9149, .adv_w = 69, .box_w = 7, .box_h = 13, .ofs_x = -1, .ofs_y = 0},
    {.bitmap_index = 9195, .adv_w = 153, .box_w = 9, .box_h = 13, .ofs_x = 0, .ofs_y = 0},
    {.bitmap_index = 9254, .adv_w = 159, .box_w = 8, .box_h = 13, .ofs_x = 1, .ofs_y = 0},
    {.bitmap_index = 9306, .adv_w = 157, .box_w = 10, .box_h = 13, .ofs_x = 0, .ofs_y = 0},
    {.bitmap_index = 9371, .adv_w = 157, .box_w = 10, .box_h = 13, .ofs_x = 0, .ofs_y = 0},
    {.bitmap_index = 9436, .adv_w = 157, .box_w = 10, .box_h = 13, .ofs_x = 0, .ofs_y = 0},
    {.bitmap_index = 9501, .adv_w = 157, .box_w = 10, .box_h = 13, .ofs_x = 0, .ofs_y = 0},
    {.bitmap_index = 9566, .adv_w = 157, .box_w = 10, .box_h = 13, .ofs_x = 0, .ofs_y = 0},
    {.bitmap_index = 9631, .adv_w = 174, .box_w = 9, .box_h = 9, .ofs_x = 1, .ofs_y = 0},
    {.bitmap_index = 9672, .adv_w = 157, .box_w = 10, .box_h = 11, .ofs_x = 0, .ofs_y = -1},
    {.bitmap_index = 9727, .adv_w = 159, .box_w = 8, .box_h = 13, .ofs_x = 1, .ofs_y = 0},
    {.bitmap_index = 9779, .adv_w = 159, .box_w = 8, .box_h = 13, .ofs_x = 1, .ofs_y = 0},
    {.bitmap_index = 9831, .adv_w = 159, .box_w = 8, .box_h = 13, .ofs_x = 1, .ofs_y = 0},
    {.bitmap_index = 9883, .adv_w = 159, .box_w = 8, .box_h = 13, .ofs_x = 1, .ofs_y = 0},
    {.bitmap_index = 9935, .adv_w = 154, .box_w = 10, .box_h = 16, .ofs_x = 0, .ofs_y = -3},
    {.bitmap_index = 10015, .adv_w = 161, .box_w = 9, .box_h = 15, .ofs_x = 1, .ofs_y = -3},
    {.bitmap_index = 10083, .adv_w = 154, .box_w = 10, .box_h = 16, .ofs_x = 0, .ofs_y = -3},
    {.bitmap_index = 10163, .adv_w = 191, .box_w = 12, .box_h = 16, .ofs_x = 0, .ofs_y = 0},
    {.bitmap_index = 10259, .adv_w = 149, .box_w = 9, .box_h = 14, .ofs_x = 0, .ofs_y = -1},
    {.bitmap_index = 10322, .adv_w = 195, .box_w = 12, .box_h = 12, .ofs_x = 0, .ofs_y = 0},
    {.bitmap_index = 10394, .adv_w = 161, .box_w = 11, .box_h = 13, .ofs_x = 0, .ofs_y = -1},
    {.bitmap_index = 10466, .adv_w = 200, .box_w = 12, .box_h = 15, .ofs_x = 0, .ofs_y = -1},
    {.bitmap_index = 10556, .adv_w = 157, .box_w = 10, .box_h = 12, .ofs_x = 0, .ofs_y = -1},
    {.bitmap_index = 10616, .adv_w = 187, .box_w = 12, .box_h = 15, .ofs_x = 1, .ofs_y = -1},
    {.bitmap_index = 10706, .adv_w = 169, .box_w = 10, .box_h = 12, .ofs_x = 1, .ofs_y = -1},
    {.bitmap_index = 10766, .adv_w = 191, .box_w = 12, .box_h = 16, .ofs_x = 0, .ofs_y = -4},
    {.bitmap_index = 10862, .adv_w = 149, .box_w = 9, .box_h = 13, .ofs_x = 0, .ofs_y = -4},
    {.bitmap_index = 10921, .adv_w = 191, .box_w = 12, .box_h = 16, .ofs_x = 0, .ofs_y = 0},
    {.bitmap_index = 11017, .adv_w = 149, .box_w = 9, .box_h = 14, .ofs_x = 0, .ofs_y = -1},
    {.bitmap_index = 11080, .adv_w = 191, .box_w = 12, .box_h = 18, .ofs_x = 0, .ofs_y = 0},
    {.bitmap_index = 11188, .adv_w = 149, .box_w = 9, .box_h = 16, .ofs_x = 0, .ofs_y = -1},
    {.bitmap_index = 11260, .adv_w = 191, .box_w = 12, .box_h = 18, .ofs_x = 0, .ofs_y = 0},
    {.bitmap_index = 11368, .adv_w = 149, .box_w = 9, .box_h = 16, .ofs_x = 0, .ofs_y = -1},
    {.bitmap_index = 11440, .adv_w = 191, .box_w = 12, .box_h = 18, .ofs_x = 0, .ofs_y = 0},
    {.bitmap_index = 11548, .adv_w = 149, .box_w = 9, .box_h = 16, .ofs_x = 0, .ofs_y = -1},
    {.bitmap_index = 11620, .adv_w = 191, .box_w = 12, .box_h = 18, .ofs_x = 0, .ofs_y = 0},
    {.bitmap_index = 11728, .adv_w = 149, .box_w = 9, .box_h = 16, .ofs_x = 0, .ofs_y = -1},
    {.bitmap_index = 11800, .adv_w = 191, .box_w = 12, .box_h = 20, .ofs_x = 0, .ofs_y = -4},
    {.bitmap_index = 11920, .adv_w = 149, .box_w = 9, .box_h = 17, .ofs_x = 0, .ofs_y = -4},
    {.bitmap_index = 11997, .adv_w = 191, .box_w = 12, .box_h = 18, .ofs_x = 0, .ofs_y = 0},
    {.bitmap_index = 12105, .adv_w = 149, .box_w = 9, .box_h = 16, .ofs_x = 0, .ofs_y = -1},
    {.bitmap_index = 12177, .adv_w = 191, .box_w = 12, .box_h = 18, .ofs_x = 0, .ofs_y = 0},
    {.bitmap_index = 12285, .adv_w = 149, .box_w = 9, .box_h = 16, .ofs_x = 0, .ofs_y = -1},
    {.bitmap_index = 12357, .adv_w = 191, .box_w = 12, .box_h = 18, .ofs_x = 0, .ofs_y = 0},
    {.bitmap_index = 12465, .adv_w = 149, .box_w = 9, .box_h = 16, .ofs_x = 0, .ofs_y = -1},
    {.bitmap_index = 12537, .adv_w = 191, .box_w = 12, .box_h = 18, .ofs_x = 0, .ofs_y = 0},
    {.bitmap_index = 12645, .adv_w = 149, .box_w = 9, .box_h = 16, .ofs_x = 0, .ofs_y = -1},
    {.bitmap_index = 12717, .adv_w = 191, .box_w = 12, .box_h = 20, .ofs_x = 0, .ofs_y = -4},
    {.bitmap_index = 12837, .adv_w = 149, .box_w = 9, .box_h = 17, .ofs_x = 0, .ofs_y = -4},
    {.bitmap_index = 12914, .adv_w = 156, .box_w = 8, .box_h = 16, .ofs_x = 1, .ofs_y = -4},
    {.bitmap_index = 12978, .adv_w = 153, .box_w = 9, .box_h = 13, .ofs_x = 0, .ofs_y = -4},
    {.bitmap_index = 13037, .adv_w = 156, .box_w = 8, .box_h = 16, .ofs_x = 1, .ofs_y = 0},
    {.bitmap_index = 13101, .adv_w = 153, .box_w = 9, .box_h = 14, .ofs_x = 0, .ofs_y = -1},
    {.bitmap_index = 13164, .adv_w = 156, .box_w = 8, .box_h = 16, .ofs_x = 1, .ofs_y = 0},
    {.bitmap_index = 13228, .adv_w = 153, .box_w = 9, .box_h = 14, .ofs_x = 0, .ofs_y = -1},
    {.bitmap_index = 13291, .adv_w = 156, .box_w = 9, .box_h = 18, .ofs_x = 1, .ofs_y = 0},
    {.bitmap_index = 13372, .adv_w = 153, .box_w = 9, .box_h = 16, .ofs_x = 0, .ofs_y = -1},
    {.bitmap_index = 13444, .adv_w = 156, .box_w = 8, .box_h = 18, .ofs_x = 1, .ofs_y = 0},
    {.bitmap_index = 13516, .adv_w = 153, .box_w = 9, .box_h = 16, .ofs_x = 0, .ofs_y = -1},
    {.bitmap_index = 13588, .adv_w = 156, .box_w = 8, .box_h = 18, .ofs_x = 1, .ofs_y = 0},
    {.bitmap_index = 13660, .adv_w = 153, .box_w = 9, .box_h = 16, .ofs_x = 0, .ofs_y = -1},
    {.bitmap_index = 13732, .adv_w = 156, .box_w = 8, .box_h = 18, .ofs_x = 1, .ofs_y = 0},
    {.bitmap_index = 13804, .adv_w = 153, .box_w = 9, .box_h = 16, .ofs_x = 0, .ofs_y = -1},
    {.bitmap_index = 13876, .adv_w = 156, .box_w = 8, .box_h = 20, .ofs_x = 1, .ofs_y = -4},
    {.bitmap_index = 13956, .adv_w = 153, .box_w = 9, .box_h = 17, .ofs_x = 0, .ofs_y = -4},
    {.bitmap_index = 14033, .adv_w = 72, .box_w = 4, .box_h = 16, .ofs_x = 0, .ofs_y = 0},
    {.bitmap_index = 14065, .adv_w = 69, .box_w = 4, .box_h = 13, .ofs_x = 0, .ofs_y = 0},
    {.bitmap_index = 14091, .adv_w = 72, .box_w = 4, .box_h = 16, .ofs_x = 0, .ofs_y = -4},
    {.bitmap_index = 14123, .adv_w = 69, .box_w = 4, .box_h = 17, .ofs_x = 0, .ofs_y = -4},
    {.bitmap_index = 14157, .adv_w = 197, .box_w = 12, .box_h = 16, .ofs_x = 0, .ofs_y = -4},
    {.bitmap_index = 14253, .adv_w = 157, .box_w = 10, .box_h = 13, .ofs_x = 0, .ofs_y = -4},
    {.bitmap_index = 14318, .adv_w = 197, .box_w = 12, .box_h = 17, .ofs_x = 0, .ofs_y = -1},
    {.bitmap_index = 14420, .adv_w = 157, .box_w = 10, .box_h = 14, .ofs_x = 0, .ofs_y = -1},
    {.bitmap_index = 14490, .adv_w = 197, .box_w = 12, .box_h = 19, .ofs_x = 0, .ofs_y = -1},
    {.bitmap_index = 14604, .adv_w = 157, .box_w = 10, .box_h = 16, .ofs_x = 0, .ofs_y = -1},
    {.bitmap_index = 14684, .adv_w = 197, .box_w = 12, .box_h = 19, .ofs_x = 0, .ofs_y = -1},
    {.bitmap_index = 14798, .adv_w = 157, .box_w = 10, .box_h = 16, .ofs_x = 0, .ofs_y = -1},
    {.bitmap_index = 14878, .adv_w = 197, .box_w = 12, .box_h = 19, .ofs_x = 0, .ofs_y = -1},
    {.bitmap_index = 14992, .adv_w = 157, .box_w = 10, .box_h = 16, .ofs_x = 0, .ofs_y = -1},
    {.bitmap_index = 15072, .adv_w = 197, .box_w = 12, .box_h = 19, .ofs_x = 0, .ofs_y = -1},
    {.bitmap_index = 15186, .adv_w = 157, .box_w = 10, .box_h = 16, .ofs_x = 0, .ofs_y = -1},
    {.bitmap_index = 15266, .adv_w = 197, .box_w = 12, .box_h = 20, .ofs_x = 0, .ofs_y = -4},
    {.bitmap_index = 15386, .adv_w = 157, .box_w = 10, .box_h = 17, .ofs_x = 0, .ofs_y = -4},
    {.bitmap_index = 15471, .adv_w = 200, .box_w = 12, .box_h = 17, .ofs_x = 0, .ofs_y = -1},
    {.bitmap_index = 15573, .adv_w = 157, .box_w = 10, .box_h = 14, .ofs_x = 0, .ofs_y = -1},
    {.bitmap_index = 15643, .adv_w = 200, .box_w = 12, .box_h = 17, .ofs_x = 0, .ofs_y = -1},
    {.bitmap_index = 15745, .adv_w = 157, .box_w = 10, .box_h = 14, .ofs_x = 0, .ofs_y = -1},
    {.bitmap_index = 15815, .adv_w = 200, .box_w = 12, .box_h = 17, .ofs_x = 0, .ofs_y = -1},
    {.bitmap_index = 15917, .adv_w = 157, .box_w = 10, .box_h = 14, .ofs_x = 0, .ofs_y = -1},
    {.bitmap_index = 15987, .adv_w = 200, .box_w = 12, .box_h = 17, .ofs_x = 0, .ofs_y = -1},
    {.bitmap_index = 16089, .adv_w = 157, .box_w = 10, .box_h = 13, .ofs_x = 0, .ofs_y = -1},
    {.bitmap_index = 16154, .adv_w = 200, .box_w = 12, .box_h = 18, .ofs_x = 0, .ofs_y = -4},
    {.bitmap_index = 16262, .adv_w = 157, .box_w = 10, .box_h = 15, .ofs_x = 0, .ofs_y = -4},
    {.bitmap_index = 16337, .adv_w = 187, .box_w = 10, .box_h = 16, .ofs_x = 1, .ofs_y = -4},
    {.bitmap_index = 16417, .adv_w = 159, .box_w = 8, .box_h = 13, .ofs_x = 1, .ofs_y = -4},
    {.bitmap_index = 16469, .adv_w = 187, .box_w = 10, .box_h = 17, .ofs_x = 1, .ofs_y = -1},
    {.bitmap_index = 16554, .adv_w = 159, .box_w = 8, .box_h = 14, .ofs_x = 1, .ofs_y = -1},
    {.bitmap_index = 16610, .adv_w = 187, .box_w = 12, .box_h = 17, .ofs_x = 1, .ofs_y = -1},
    {.bitmap_index = 16712, .adv_w = 169, .box_w = 10, .box_h = 14, .ofs_x = 1, .ofs_y = -1},
    {.bitmap_index = 16782, .adv_w = 187, .box_w = 12, .box_h = 17, .ofs_x = 1, .ofs_y = -1},
    {.bitmap_index = 16884, .adv_w = 169, .box_w = 10, .box_h = 14, .ofs_x = 1, .ofs_y = -1},
    {.bitmap_index = 16954, .adv_w = 187, .box_w = 12, .box_h = 17, .ofs_x = 1, .ofs_y = -1},
    {.bitmap_index = 17056, .adv_w = 169, .box_w = 10, .box_h = 14, .ofs_x = 1, .ofs_y = -1},
    {.bitmap_index = 17126, .adv_w = 187, .box_w = 12, .box_h = 17, .ofs_x = 1, .ofs_y = -1},
    {.bitmap_index = 17228, .adv_w = 169, .box_w = 10, .box_h = 14, .ofs_x = 1, .ofs_y = -1},
    {.bitmap_index = 17298, .adv_w = 187, .box_w = 12, .box_h = 18, .ofs_x = 1, .ofs_y = -4},
    {.bitmap_index = 17406, .adv_w = 169, .box_w = 10, .box_h = 15, .ofs_x = 1, .ofs_y = -4},
    {.bitmap_index = 17481, .adv_w = 187, .box_w = 12, .box_h = 16, .ofs_x = 0, .ofs_y = 0},
    {.bitmap_index = 17577, .adv_w = 154, .box_w = 10, .box_h = 17, .ofs_x = 0, .ofs_y = -4},
    {.bitmap_index = 17662, .adv_w = 187, .box_w = 12, .box_h = 16, .ofs_x = 0, .ofs_y = -4},
    {.bitmap_index = 17758, .adv_w = 154, .box_w = 10, .box_h = 13, .ofs_x = 0, .ofs_y = -4},
    {.bitmap_index = 17823, .adv_w = 187, .box_w = 12, .box_h = 16, .ofs_x = 0, .ofs_y = 0},
    {.bitmap_index = 17919, .adv_w = 154, .box_w = 10, .box_h = 17, .ofs_x = 0, .ofs_y = -4},
    {.bitmap_index = 18004, .adv_w = 187, .box_w = 12, .box_h = 16, .ofs_x = 0, .ofs_y = 0},
    {.bitmap_index = 18100, .adv_w = 154, .box_w = 10, .box_h = 17, .ofs_x = 0, .ofs_y = -4},
    {.bitmap_index = 18185, .adv_w = 128, .box_w = 8, .box_h = 2, .ofs_x = 0, .ofs_y = 4},
    {.bitmap_index = 18193, .adv_w = 256, .box_w = 16, .box_h = 2, .ofs_x = 0, .ofs_y = 4},
    {.bitmap_index = 18209, .adv_w = 80, .box_w = 4, .box_h = 5, .ofs_x = 1, .ofs_y = 7},
    {.bitmap_index = 18219, .adv_w = 80, .box_w = 4, .box_h = 5, .ofs_x = 1, .ofs_y = 7},
    {.bitmap_index = 18229, .adv_w = 74, .box_w = 4, .box_h = 5, .ofs_x = 0, .ofs_y = -3},
    {.bitmap_index = 18239, .adv_w = 138, .box_w = 7, .box_h = 5, .ofs_x = 1, .ofs_y = 7},
    {.bitmap_index = 18257, .adv_w = 136, .box_w = 7, .box_h = 5, .ofs_x = 1, .ofs_y = 7},
    {.bitmap_index = 18275, .adv_w = 131, .box_w = 8, .box_h = 5, .ofs_x = 0, .ofs_y = -3},
    {.bitmap_index = 18295, .adv_w = 121, .box_w = 6, .box_h = 6, .ofs_x = 1, .ofs_y = 2},
    {.bitmap_index = 18313, .adv_w = 257, .box_w = 14, .box_h = 3, .ofs_x = 1, .ofs_y = 0},
    {.bitmap_index = 18334, .adv_w = 70, .box_w = 4, .box_h = 5, .ofs_x = 0, .ofs_y = 7},
    {.bitmap_index = 18344, .adv_w = 140, .box_w = 8, .box_h = 5, .ofs_x = 0, .ofs_y = 7},
    {.bitmap_index = 18364, .adv_w = 110, .box_w = 7, .box_h = 8, .ofs_x = 0, .ofs_y = 1},
    {.bitmap_index = 18392, .adv_w = 110, .box_w = 7, .box_h = 8, .ofs_x = 0, .ofs_y = 1}
};

/*---------------------
 *  CHARACTER MAPPING
 *--------------------*/

static const uint16_t unicode_list_3[] = {
    0x0, 0x1, 0xe, 0xf, 0x9e, 0x9f, 0xad, 0xae
};

static const uint16_t unicode_list_5[] = {
    0x0, 0x1, 0x5, 0x6, 0x7, 0x9, 0xa, 0xb,
    0xf, 0x13, 0x1f, 0x20, 0x26, 0x27
};

/*Collect the unicode lists and glyph_id offsets*/
static const lv_font_fmt_txt_cmap_t cmaps[] =
{
    {
        .range_start = 32, .range_length = 95, .glyph_id_start = 1,
        .unicode_list = NULL, .glyph_id_ofs_list = NULL, .list_length = 0, .type = LV_FONT_FMT_TXT_CMAP_FORMAT0_TINY
    },
    {
        .range_start = 160, .range_length = 13, .glyph_id_start = 96,
        .unicode_list = NULL, .glyph_id_ofs_list = NULL, .list_length = 0, .type = LV_FONT_FMT_TXT_CMAP_FORMAT0_TINY
    },
    {
        .range_start = 174, .range_length = 82, .glyph_id_start = 109,
        .unicode_list = NULL, .glyph_id_ofs_list = NULL, .list_length = 0, .type = LV_FONT_FMT_TXT_CMAP_FORMAT0_TINY
    },
    {
        .range_start = 258, .range_length = 175, .glyph_id_start = 191,
        .unicode_list = unicode_list_3, .glyph_id_ofs_list = NULL, .list_length = 8, .type = LV_FONT_FMT_TXT_CMAP_SPARSE_TINY
    },
    {
        .range_start = 7840, .range_length = 90, .glyph_id_start = 199,
        .unicode_list = NULL, .glyph_id_ofs_list = NULL, .list_length = 0, .type = LV_FONT_FMT_TXT_CMAP_FORMAT0_TINY
    },
    {
        .range_start = 8211, .range_length = 40, .glyph_id_start = 289,
        .unicode_list = unicode_list_5, .glyph_id_ofs_list = NULL, .list_length = 14, .type = LV_FONT_FMT_TXT_CMAP_SPARSE_TINY
    }
};

/*-----------------
 *    KERNING
 *----------------*/


/*Map glyph_ids to kern left classes*/
static const uint8_t kern_left_class_mapping[] =
{
    0, 0, 0, 1, 0, 0, 2, 3,
    1, 4, 5, 6, 7, 8, 7, 8,
    9, 10, 11, 12, 13, 14, 15, 16,
    17, 13, 10, 18, 18, 0, 19, 20,
    0, 21, 0, 0, 0, 0, 0, 0,
    0, 0, 0, 0, 0, 0, 0, 0,
    0, 0, 0, 0, 0, 0, 0, 0,
    0, 0, 0, 0, 4, 22, 5, 6,
    23, 0, 0, 0, 0, 0, 0, 0,
    0, 0, 0, 0, 0, 0, 0, 0,
    0, 0, 0, 0, 0, 0, 0, 0,
    0, 0, 0, 0, 4, 11, 5, 7,
    0, 24, 25, 0, 0, 0, 0, 0,
    0, 21, 0, 0, 0, 26, 0, 6,
    19, 0, 0, 0, 27, 11, 28, 0,
    0, 0, 29, 0, 0, 0, 30, 0,
    0, 0, 0, 0, 0, 0, 0, 0,
    0, 0, 0, 0, 0, 0, 0, 0,
    0, 0, 0, 0, 0, 0, 31, 0,
    0, 0, 0, 0, 0, 0, 0, 0,
    0, 0, 0, 0, 0, 0, 0, 0,
    0, 0, 0, 0, 0, 0, 0, 0,
    0, 0, 0, 0, 0, 0, 7, 0,
    0, 0, 0, 0, 0, 0, 0, 0,
    0, 0, 0, 0, 0, 0, 0, 0,
    0, 0, 0, 0, 0, 0, 0, 0,
    0, 0, 0, 0, 0, 0, 0, 0,
    0, 0, 0, 0, 0, 0, 0, 0,
    0, 0, 0, 0, 0, 0, 0, 0,
    0, 0, 0, 0, 0, 0, 0, 0,
    0, 0, 0, 0, 0, 0, 0, 0,
    0, 0, 0, 0, 0, 0, 0, 0,
    0, 0, 0, 0, 0, 0, 0, 0,
    0, 0, 0, 0, 0, 0, 0, 0,
    0, 0, 0, 0, 0, 0, 0, 0,
    0, 0, 0, 0, 0, 0, 0, 0,
    0, 0, 0, 32, 33, 34, 32, 33,
    34, 31, 8, 0, 0, 0, 29
};

/*Map glyph_ids to kern right classes*/
static const uint8_t kern_right_class_mapping[] =
{
    0, 1, 2, 3, 4, 5, 0, 6,
    3, 0, 7, 8, 9, 10, 9, 10,
    11, 12, 13, 14, 15, 16, 17, 12,
    18, 19, 20, 21, 21, 22, 23, 0,
    24, 25, 0, 0, 0, 0, 0, 0,
    0, 0, 0, 0, 0, 0, 0, 0,
    0, 0, 0, 0, 0, 0, 0, 0,
    0, 0, 0, 0, 0, 26, 7, 8,
    27, 0, 0, 0, 0, 0, 0, 0,
    0, 0, 0, 0, 0, 0, 0, 0,
    0, 0, 0, 0, 0, 0, 0, 0,
    0, 0, 0, 0, 0, 28, 7, 29,
    0, 0, 30, 0, 0, 0, 0, 0,
    0, 25, 0, 31, 32, 33, 0, 8,
    23, 0, 0, 0, 34, 35, 9, 0,
    0, 0, 36, 0, 0, 0, 37, 0,
    0, 0, 0, 0, 0, 0, 0, 0,
    0, 0, 0, 0, 0, 0, 0, 0,
    0, 0, 0, 0, 0, 0, 36, 0,
    0, 0, 0, 0, 0, 0, 0, 0,
    0, 0, 0, 0, 0, 0, 0, 0,
    0, 0, 0, 0, 0, 0, 0, 0,
    0, 0, 0, 0, 0, 0, 9, 0,
    0, 0, 0, 0, 0, 0, 0, 0,
    0, 0, 0, 0, 0, 0, 0, 0,
    0, 0, 0, 0, 0, 0, 0, 0,
    0, 0, 0, 0, 0, 0, 0, 0,
    0, 0, 0, 0, 0, 0, 0, 0,
    0, 0, 0, 0, 0, 0, 0, 0,
    0, 0, 0, 0, 0, 0, 0, 0,
    0, 0, 0, 0, 0, 0, 0, 0,
    0, 0, 0, 0, 0, 0, 0, 0,
    0, 0, 0, 0, 0, 0, 0, 0,
    0, 0, 0, 0, 0, 0, 0, 0,
    0, 0, 0, 0, 0, 0, 0, 0,
    0, 0, 0, 0, 0, 0, 0, 0,
    0, 0, 0, 38, 39, 40, 38, 39,
    40, 36, 10, 0, 0, 31, 36
};

/*Kern values between classes*/
static const int8_t kern_class_values[] =
{
    0, 0, 0, 0, 0, -9, 0, 0,
    0, -23, 0, 0, 0, 0, 0, -16,
    0, 0, 0, 0, 0, 0, 0, 0,
    0, 0, 0, 0, 0, -5, 0, 0,
    0, 0, 0, 0, 0, 0, 0, 0,
    0, 0, 0, 0, 0, 0, 0, 0,
    0, 0, 0, 0, 0, 0, 0, 0,
    0, 0, 0, 0, 0, 0, 0, 0,
    0, 0, 0, 0, 0, 0, 0, 0,
    0, 0, 0, 0, 0, -16, -17, 0,
    0, 0, -9, 0, 0, 0, 0, 0,
    0, 0, 0, 0, 0, 0, 0, 0,
    0, 0, 0, 0, 0, 0, 0, 0,
    0, -16, 0, 0, 0, 0, 0, 0,
    -6, 0, 0, 0, 0, -23, 0, 0,
    0, 0, 0, 0, 0, 0, 0, 0,
    0, 0, 0, 0, 0, 0, 0, 0,
    0, 0, 0, 0, 0, 0, 0, 0,
    0, 0, 0, 5, 0, -1, 0, 0,
    0, 0, 0, 0, 0, 0, 0, 0,
    0, 0, 0, 0, 0, 0, 0, 0,
    0, 0, 0, 0, 0, 0, 0, 0,
    0, 0, 0, 0, 0, 0, 0, 0,
    0, 0, 0, 0, 0, 0, 0, 0,
    0, 0, 0, 0, 0, -9, 0, 0,
    0, 0, 0, 0, 0, -9, 0, 0,
    0, -35, 0, 0, 0, 0, 0, -12,
    0, 0, 0, 0, 0, 0, 0, 0,
    -4, 0, -17, 0, 0, 0, 0, 0,
    0, 0, 0, 0, 0, 0, 0, 0,
    0, 0, 0, 0, 0, 0, 0, 0,
    0, 0, 0, 0, 0, -5, -1, 0,
    0, -7, 0, 0, 0, 0, 0, 0,
    0, -11, 0, 0, 0, 0, 0, 0,
    0, 0, -2, 0, 0, -7, 0, 0,
    -8, -3, -25, 0, 0, 0, 0, 0,
    0, 0, 0, -7, -23, 0, -6, 0,
    -2, -6, -7, -3, 0, 0, 0, -22,
    -11, 0, 0, 0, 0, 0, 0, 0,
    0, 0, -13, 0, 0, 0, -24, 0,
    0, 0, 0, 0, 0, 0, 0, 0,
    0, -10, 0, 0, 0, 0, 0, 0,
    0, 0, 0, 0, 0, 0, 0, 0,
    0, 2, 0, 0, 0, 0, 0, 0,
    0, 0, 0, 0, 0, 0, 0, 0,
    0, 0, 0, 0, 0, 0, 0, 0,
    0, -7, 0, 0, 0, 0, 0, 0,
    0, -5, 0, 0, 0, 0, 0, 0,
    0, -6, -12, 0, 0, 0, 0, 0,
    0, 0, 0, 0, 0, -12, 0, -13,
    0, 0, 0, 0, 0, 0, 5, 0,
    0, 0, 0, 0, 0, 0, 0, 0,
    0, 0, 0, 0, 0, 0, 0, 0,
    0, 0, 5, 0, 0, 0, 0, 0,
    0, 0, 0, 0, 0, 0, 0, 0,
    0, 0, 0, 0, 0, 0, 0, 0,
    0, 0, 0, 0, 0, 0, 0, -4,
    0, 0, 0, 0, 0, 0, 0, 0,
    0, 0, 0, 0, 0, 0, 0, 0,
    0, 0, 0, 0, 0, 0, 0, 0,
    0, 0, 0, 0, 0, 0, 0, -2,
    0, -5, 0, 0, 0, 0, 0, 0,
    0, 0, 0, 0, 0, 0, 0, 0,
    0, 0, 0, 0, 0, 0, -9, 0,
    0, 0, 0, 0, 0, 0, 0, -13,
    0, 0, 0, 0, 0, 0, 0, -9,
    0, -9, 0, 0, -10, 0, 0, 0,
    0, 0, 0, 0, 0, 0, 0, 0,
    0, 0, 0, 0, 0, 0, 0, 0,
    -1, 0, -11, 0, 0, 0, 0, 0,
    0, 0, 0, 0, 0, 0, 0, -1,
    0, -6, 0, 0, 0, 0, 0, 0,
    0, 0, 0, 0, 0, 0, 0, 0,
    0, 0, 0, 0, 0, 0, 0, 0,
    -1, 0, 0, 0, 0, 0, 0, 0,
    0, 0, 0, 0, 0, 0, 0, 0,
    0, -8, 0, 0, 0, 0, 0, 0,
    0, 0, 0, 0, 0, 0, 0, 0,
    0, 0, -12, 0, 0, 0, 0, 0,
    0, 0, 0, 0, 0, 0, 0, -12,
    0, 0, 0, -14, 0, -12, 0, 0,
    0, -32, 0, -4, 0, 0, -4, -15,
    -2, 5, -4, -2, -9, -23, 0, 0,
    0, 0, -41, 0, 0, -13, -16, 0,
    0, 0, 0, 0, 0, 0, 0, -36,
    0, 0, 0, 0, 0, 0, 0, 0,
    0, 0, 0, 0, 0, 0, 0, 0,
    0, 0, 0, 0, 0, 0, 0, 0,
    0, -16, 0, 0, 0, 0, 0, 0,
    0, 0, 0, 0, 0, -12, 0, 0,
    0, 0, 0, 0, 0, 0, 0, 0,
    0, 0, 0, 0, 0, 0, 0, 0,
    0, 0, 0, 0, 0, 0, 0, 0,
    0, -17, 0, 0, 0, 0, 0, 0,
    0, 0, 0, 0, 0, -14, 0, 0,
    0, 0, 0, 0, 0, 0, 0, 0,
    0, 0, 0, 0, 0, 0, 0, 0,
    0, -19, 0, 0, 0, 0, 0, 0,
    0, -19, 0, 0, 0, 0, 0, 0,
    0, 0, 0, 0, 0, -25, 0, 0,
    0, 0, 0, 0, 0, 0, 0, 0,
    0, -11, -10, 0, 0, 0, 0, 0,
    0, 0, 0, 0, 0, 0, 0, 0,
    0, -10, -10, 0, 0, 0, 0, 0,
    -1, 0, 0, 0, 0, -9, 0, -10,
    0, 0, -20, 0, -4, 0, 0, -24,
    -9, 0, 3, 0, -13, 0, 0, 0,
    0, 0, 0, 0, 0, -10, -13, -16,
    -11, -12, 0, 0, -9, -6, -9, -9,
    -18, 0, -13, -9, 0, -11, -14, 0,
    0, 0, 0, 0, 0, 0, 0, -17,
    0, 0, 0, -12, -28, 0, -12, -14,
    -12, 0, -12, -12, 0, 0, 0, 0,
    -10, -20, 0, 9, 0, 0, 0, 0,
    0, 0, -12, 0, 0, -10, 0, 0,
    0, 0, 0, 0, 0, 0, 0, 0,
    0, 0, 0, 0, 0, 0, 0, 0,
    0, 0, 0, 0, 0, 0, 0, 0,
    0, -9, 0, 0, 0, 0, 0, 0,
    0, 0, 0, 0, 0, -9, 0, 0,
    0, 0, -5, 0, 0, 0, -3, 0,
    0, 0, 0, 0, -9, 0, 0, 0,
    0, 0, 0, 0, 0, 0, 0, 0,
    0, -16, 0, 0, 0, 0, 0, 0,
    -3, 0, 0, 0, 0, -16, -6, 0,
    0, 0, 0, 0, 0, -9, 0, 0,
    0, 0, 0, 0, 0, 0, 0, -13,
    0, 0, 0, 0, 0, 0, 0, 0,
    -1, 0, 0, 0, 0, -7, 0, 0,
    0, 0, 0, 0, 0, 0, 0, 0,
    0, 0, 0, 0, 0, 0, 0, 0,
    -9, 0, -9, 0, 0, 0, 0, 0,
    0, 0, 0, 0, 0, -10, 0, 0,
    0, 0, -9, 0, -9, 0, 0, -9,
    0, 0, 0, 0, 0, -13, 4, 0,
    0, 0, 0, 0, 0, 0, 0, 0,
    0, 0, 0, 0, 0, -5, -1, 0,
    0, -7, 0, 0, 0, 0, 0, 0,
    0, -10, 0, 0, 0, 0, 0, 0,
    0, 0, -2, 0, 0, -7, 0, 0,
    0, 0, 0, 0, 0, 0, 0, 0,
    0, 0, 0, 0, -10, -13, -12, 0,
    0, -13, -9, 0, 0, 0, 0, 0,
    0, -16, 0, 0, 0, 0, 0, 0,
    0, 0, 0, 0, 0, -22, 0, 0,
    0, 0, 0, 0, 0, 0, 0, 0,
    0, 0, 0, 0, 0, 0, 0, 0,
    0, 0, 0, 0, 0, 0, 0, 0,
    0, -30, 0, 0, 0, 0, 0, 0,
    0, 0, 0, 0, 0, -16, -9, 0,
    0, 0, 0, 0, 0, 0, 0, 0,
    0, 0, 0, 0, 0, 0, 0, 0,
    0, 0, 0, 0, 0, 0, 0, 0,
    0, -10, 0, 0, 0, 0, 0, 0,
    0, 0, 0, 0, 0, 0, 0, 0,
    0, 0, 0, 0, 0, -16, 0, 0,
    0, -27, -25, 0, 0, 0, 0, -16,
    0, 0, 0, 0, 0, 0, 0, 0,
    0, 0, 0, 0, 0, -10, 0, 0,
    0, 0, 0, 0, -16, 0, 0, -25,
    0, 0, 0, -32, 0, -17, 0, 0,
    -14, -33, -36, -12, 0, 0, 0, -25,
    0, -16, -10, 0, -14, -25, -14, 0,
    -14, 0, -10, 0, -12, -16, -22, -14,
    0, -12, -3, 0, -17, 0, 0, 0,
    0, 0, 0, 0, 0, 0, 0, 0,
    0, 0, 0, 0, -17, 0, 0, 0,
    0, 0, 0, 0, 0, 0, 0, 0,
    0, -23, 0, 0, 0, 0, 0, 0,
    0, 0, 0, 0, 0, -32, -25, 0
};


/*Collect the kern class' data in one place*/
static const lv_font_fmt_txt_kern_classes_t kern_classes =
{
    .class_pair_values   = kern_class_values,
    .left_class_mapping  = kern_left_class_mapping,
    .right_class_mapping = kern_right_class_mapping,
    .left_class_cnt      = 34,
    .right_class_cnt     = 40,
};

/*--------------------
 *  ALL CUSTOM DATA
 *--------------------*/

#if LVGL_VERSION_MAJOR == 8
/*Store all the custom data of the font*/
static  lv_font_fmt_txt_glyph_cache_t cache;
#endif

#if LVGL_VERSION_MAJOR >= 8
static const lv_font_fmt_txt_dsc_t font_dsc = {
#else
static lv_font_fmt_txt_dsc_t font_dsc = {
#endif
    .glyph_bitmap = glyph_bitmap,
    .glyph_dsc = glyph_dsc,
    .cmaps = cmaps,
    .kern_dsc = &kern_classes,
    .kern_scale = 16,
    .cmap_num = 6,
    .bpp = 4,
    .kern_classes = 1,
    .bitmap_format = 0,
#if LVGL_VERSION_MAJOR == 8
    .cache = &cache
#endif
};



/*-----------------
 *  PUBLIC FONT
 *----------------*/

/*Initialize a public general font descriptor*/
#if LVGL_VERSION_MAJOR >= 8
const lv_font_t font_inter_bold_16 = {
#else
lv_font_t font_inter_bold_16 = {
#endif
    .get_glyph_dsc = lv_font_get_glyph_dsc_fmt_txt,    /*Function pointer to get glyph's data*/
    .get_glyph_bitmap = lv_font_get_bitmap_fmt_txt,    /*Function pointer to get glyph's bitmap*/
    .line_height = 22,          /*The maximum line height required by the font*/
    .base_line = 4,             /*Baseline measured from the bottom of the line*/
#if !(LVGL_VERSION_MAJOR == 6 && LVGL_VERSION_MINOR == 0)
    .subpx = LV_FONT_SUBPX_NONE,
#endif
#if LV_VERSION_CHECK(7, 4, 0) || LVGL_VERSION_MAJOR >= 8
    .underline_position = -3,
    .underline_thickness = 1,
#endif
    .dsc = &font_dsc,          /*The custom font data. Will be accessed by `get_glyph_bitmap/dsc` */
#if LV_VERSION_CHECK(8, 2, 0) || LVGL_VERSION_MAJOR >= 9
    .fallback = NULL,
#endif
    .user_data = NULL,
};



#endif /*#if FONT_INTER_BOLD_16*/

