/*******************************************************************************
 * Size: 30 px
 * Bpp: 4
 * Opts: --font node_modules/@fontsource/inter/files/inter-latin-700-normal.woff -r 0x20-0x7E,0xA0-0xFF,0x2010-0x2043 --symbols ‹› --font node_modules/@fontsource/inter/files/inter-vietnamese-700-normal.woff -r 0x0102-0x0103,0x0110-0x0111,0x01A0-0x01A1,0x01AF-0x01B0,0x1EA0-0x1EF9 --size 30 --bpp 4 --no-compress --format lvgl --lv-font-name font_inter_bold_30 -o out/font_inter_bold_30.c
 ******************************************************************************/

#ifdef LV_LVGL_H_INCLUDE_SIMPLE
#include "lvgl.h"
#else
#include "lvgl/lvgl.h"
#endif

#ifndef FONT_INTER_BOLD_30
#define FONT_INTER_BOLD_30 1
#endif

#if FONT_INTER_BOLD_30

/*-----------------
 *    BITMAPS
 *----------------*/

/*Store the image of the glyphs*/
static LV_ATTRIBUTE_LARGE_CONST const uint8_t glyph_bitmap[] = {
    /* U+0020 " " */

    /* U+0021 "!" */
    0x4f, 0xff, 0xf6, 0x4f, 0xff, 0xf6, 0x3f, 0xff,
    0xf5, 0x3f, 0xff, 0xf5, 0x3f, 0xff, 0xf5, 0x2f,
    0xff, 0xf4, 0x2f, 0xff, 0xf4, 0x2f, 0xff, 0xf4,
    0x2f, 0xff, 0xf3, 0x1f, 0xff, 0xf3, 0x1f, 0xff,
    0xf3, 0x1f, 0xff, 0xf2, 0xf, 0xff, 0xf2, 0xf,
    0xff, 0xf2, 0xf, 0xff, 0xf1, 0x4, 0x44, 0x40,
    0x0, 0x0, 0x0, 0x8, 0xff, 0xa0, 0x5f, 0xff,
    0xf7, 0x7f, 0xff, 0xfa, 0x4f, 0xff, 0xf6, 0x7,
    0xee, 0x90,

    /* U+0022 "\"" */
    0xf, 0xff, 0xf2, 0xa, 0xff, 0xf8, 0xf, 0xff,
    0xf1, 0x9, 0xff, 0xf8, 0xe, 0xff, 0xf1, 0x8,
    0xff, 0xf7, 0xe, 0xff, 0xf0, 0x7, 0xff, 0xf6,
    0xd, 0xff, 0xf0, 0x7, 0xff, 0xf5, 0xc, 0xff,
    0xe0, 0x6, 0xff, 0xf5, 0xb, 0xff, 0xe0, 0x5,
    0xff, 0xf4, 0xa, 0xff, 0xd0, 0x4, 0xff, 0xf3,
    0xa, 0xff, 0xc0, 0x3, 0xff, 0xf2, 0x3, 0x55,
    0x30, 0x1, 0x55, 0x50,

    /* U+0023 "#" */
    0x0, 0x0, 0x1, 0xff, 0xf4, 0x0, 0x6, 0xff,
    0xe0, 0x0, 0x0, 0x0, 0x4, 0xff, 0xf1, 0x0,
    0x9, 0xff, 0xb0, 0x0, 0x0, 0x0, 0x6, 0xff,
    0xe0, 0x0, 0xc, 0xff, 0x90, 0x0, 0x0, 0x0,
    0x9, 0xff, 0xb0, 0x0, 0xe, 0xff, 0x60, 0x0,
    0x0, 0x0, 0xc, 0xff, 0x80, 0x0, 0x1f, 0xff,
    0x30, 0x0, 0x0, 0xff, 0xff, 0xff, 0xff, 0xff,
    0xff, 0xff, 0xff, 0xf0, 0x1, 0xff, 0xff, 0xff,
    0xff, 0xff, 0xff, 0xff, 0xff, 0xe0, 0x4, 0xff,
    0xff, 0xff, 0xff, 0xff, 0xff, 0xff, 0xff, 0xb0,
    0x2, 0x66, 0xaf, 0xfe, 0x66, 0x66, 0xef, 0xfb,
    0x66, 0x30, 0x0, 0x0, 0x9f, 0xfb, 0x0, 0x0,
    0xef, 0xf6, 0x0, 0x0, 0x0, 0x0, 0xbf, 0xf9,
    0x0, 0x1, 0xff, 0xf4, 0x0, 0x0, 0x0, 0x0,
    0xef, 0xf6, 0x0, 0x3, 0xff, 0xf1, 0x0, 0x0,
    0x0, 0x0, 0xff, 0xf4, 0x0, 0x6, 0xff, 0xf0,
    0x0, 0x0, 0x3f, 0xff, 0xff, 0xff, 0xff, 0xff,
    0xff, 0xff, 0xfc, 0x0, 0x5f, 0xff, 0xff, 0xff,
    0xff, 0xff, 0xff, 0xff, 0xfa, 0x0, 0x8f, 0xff,
    0xff, 0xff, 0xff, 0xff, 0xff, 0xff, 0xf7, 0x0,
    0x46, 0x6d, 0xff, 0xc6, 0x66, 0x6f, 0xff, 0x86,
    0x62, 0x0, 0x0, 0xd, 0xff, 0x70, 0x0, 0x2f,
    0xff, 0x20, 0x0, 0x0, 0x0, 0xf, 0xff, 0x50,
    0x0, 0x5f, 0xff, 0x0, 0x0, 0x0, 0x0, 0x2f,
    0xff, 0x20, 0x0, 0x7f, 0xfd, 0x0, 0x0, 0x0,
    0x0, 0x4f, 0xff, 0x0, 0x0, 0xaf, 0xfa, 0x0,
    0x0, 0x0, 0x0, 0x7f, 0xfd, 0x0, 0x0, 0xdf,
    0xf8, 0x0, 0x0, 0x0,

    /* U+0024 "$" */
    0x0, 0x0, 0x0, 0x0, 0x65, 0x0, 0x0, 0x0,
    0x0, 0x0, 0x0, 0x0, 0x0, 0xed, 0x0, 0x0,
    0x0, 0x0, 0x0, 0x0, 0x0, 0x0, 0xed, 0x0,
    0x0, 0x0, 0x0, 0x0, 0x0, 0x0, 0x0, 0xed,
    0x0, 0x0, 0x0, 0x0, 0x0, 0x0, 0x28, 0xdf,
    0xff, 0xfd, 0x92, 0x0, 0x0, 0x0, 0x8, 0xff,
    0xff, 0xff, 0xff, 0xff, 0x80, 0x0, 0x0, 0xaf,
    0xff, 0xff, 0xff, 0xff, 0xff, 0xf9, 0x0, 0x6,
    0xff, 0xff, 0xfd, 0xff, 0xdf, 0xff, 0xff, 0x50,
    0xd, 0xff, 0xff, 0x40, 0xed, 0x4, 0xff, 0xff,
    0xc0, 0x1f, 0xff, 0xf8, 0x0, 0xed, 0x0, 0x7f,
    0xff, 0xf0, 0x2f, 0xff, 0xf7, 0x0, 0xed, 0x0,
    0x15, 0x55, 0x50, 0xf, 0xff, 0xfe, 0x10, 0xed,
    0x0, 0x0, 0x0, 0x0, 0xc, 0xff, 0xff, 0xf9,
    0xfd, 0x0, 0x0, 0x0, 0x0, 0x3, 0xff, 0xff,
    0xff, 0xff, 0xc7, 0x20, 0x0, 0x0, 0x0, 0x4e,
    0xff, 0xff, 0xff, 0xff, 0xfc, 0x40, 0x0, 0x0,
    0x1, 0x8e, 0xff, 0xff, 0xff, 0xff, 0xf8, 0x0,
    0x0, 0x0, 0x0, 0x37, 0xff, 0xff, 0xff, 0xff,
    0x60, 0x0, 0x0, 0x0, 0x0, 0xed, 0x4b, 0xff,
    0xff, 0xf0, 0x0, 0x0, 0x0, 0x0, 0xed, 0x0,
    0x8f, 0xff, 0xf4, 0xae, 0xee, 0x90, 0x0, 0xed,
    0x0, 0x2f, 0xff, 0xf6, 0x9f, 0xff, 0xf1, 0x0,
    0xed, 0x0, 0x5f, 0xff, 0xf4, 0x5f, 0xff, 0xfc,
    0x20, 0xed, 0x3, 0xef, 0xff, 0xf1, 0xd, 0xff,
    0xff, 0xfd, 0xff, 0xdf, 0xff, 0xff, 0xa0, 0x2,
    0xef, 0xff, 0xff, 0xff, 0xff, 0xff, 0xfe, 0x10,
    0x0, 0x3c, 0xff, 0xff, 0xff, 0xff, 0xff, 0xc2,
    0x0, 0x0, 0x0, 0x5a, 0xdf, 0xff, 0xfd, 0xa4,
    0x0, 0x0, 0x0, 0x0, 0x0, 0x0, 0xed, 0x0,
    0x0, 0x0, 0x0, 0x0, 0x0, 0x0, 0x0, 0xed,
    0x0, 0x0, 0x0, 0x0, 0x0, 0x0, 0x0, 0x0,
    0xed, 0x0, 0x0, 0x0, 0x0,

    /* U+0025 "%" */
    0x0, 0x29, 0xef, 0xe9, 0x20, 0x0, 0x0, 0x0,
    0x0, 0x3f, 0xfc, 0x0, 0x0, 0x2, 0xef, 0xff,
    0xff, 0xe2, 0x0, 0x0, 0x0, 0x0, 0xdf, 0xf2,
    0x0, 0x0, 0xc, 0xff, 0xfc, 0xff, 0xfc, 0x0,
    0x0, 0x0, 0x9, 0xff, 0x70, 0x0, 0x0, 0x2f,
    0xff, 0x20, 0x2f, 0xff, 0x10, 0x0, 0x0, 0x4f,
    0xfc, 0x0, 0x0, 0x0, 0x4f, 0xfc, 0x0, 0xd,
    0xff, 0x30, 0x0, 0x0, 0xef, 0xf2, 0x0, 0x0,
    0x0, 0x4f, 0xfc, 0x0, 0xd, 0xff, 0x30, 0x0,
    0x9, 0xff, 0x60, 0x0, 0x0, 0x0, 0x2f, 0xff,
    0x10, 0x2f, 0xff, 0x10, 0x0, 0x4f, 0xfb, 0x0,
    0x0, 0x0, 0x0, 0xd, 0xff, 0xfc, 0xff, 0xfc,
    0x0, 0x1, 0xef, 0xf1, 0x0, 0x0, 0x0, 0x0,
    0x3, 0xff, 0xff, 0xff, 0xf2, 0x0, 0xa, 0xff,
    0x60, 0x0, 0x0, 0x0, 0x0, 0x0, 0x2a, 0xef,
    0xea, 0x20, 0x0, 0x5f, 0xfb, 0x0, 0x0, 0x0,
    0x0, 0x0, 0x0, 0x0, 0x0, 0x0, 0x0, 0x1,
    0xef, 0xe1, 0x0, 0x0, 0x0, 0x0, 0x0, 0x0,
    0x0, 0x0, 0x0, 0x0, 0xb, 0xff, 0x50, 0x0,
    0x5c, 0xfe, 0xc5, 0x0, 0x0, 0x0, 0x0, 0x0,
    0x0, 0x6f, 0xfa, 0x0, 0x7, 0xff, 0xff, 0xff,
    0x70, 0x0, 0x0, 0x0, 0x0, 0x1, 0xff, 0xe1,
    0x0, 0x3f, 0xff, 0xdd, 0xff, 0xf2, 0x0, 0x0,
    0x0, 0x0, 0xb, 0xff, 0x40, 0x0, 0x9f, 0xfa,
    0x0, 0xbf, 0xf8, 0x0, 0x0, 0x0, 0x0, 0x6f,
    0xf9, 0x0, 0x0, 0xbf, 0xf5, 0x0, 0x5f, 0xfb,
    0x0, 0x0, 0x0, 0x2, 0xff, 0xd0, 0x0, 0x0,
    0xcf, 0xf4, 0x0, 0x5f, 0xfc, 0x0, 0x0, 0x0,
    0xc, 0xff, 0x30, 0x0, 0x0, 0xbf, 0xf5, 0x0,
    0x5f, 0xfb, 0x0, 0x0, 0x0, 0x7f, 0xf8, 0x0,
    0x0, 0x0, 0x9f, 0xfa, 0x0, 0xbf, 0xf8, 0x0,
    0x0, 0x2, 0xff, 0xd0, 0x0, 0x0, 0x0, 0x3f,
    0xff, 0xdd, 0xff, 0xf2, 0x0, 0x0, 0xd, 0xff,
    0x30, 0x0, 0x0, 0x0, 0x8, 0xff, 0xff, 0xff,
    0x70, 0x0, 0x0, 0x8f, 0xf8, 0x0, 0x0, 0x0,
    0x0, 0x0, 0x5c, 0xff, 0xc5, 0x0,

    /* U+0026 "&" */
    0x0, 0x0, 0x18, 0xdf, 0xfd, 0x71, 0x0, 0x0,
    0x0, 0x0, 0x0, 0x3, 0xef, 0xff, 0xff, 0xfe,
    0x20, 0x0, 0x0, 0x0, 0x0, 0x1e, 0xff, 0xff,
    0xff, 0xff, 0xe0, 0x0, 0x0, 0x0, 0x0, 0x8f,
    0xff, 0xfc, 0xbf, 0xff, 0xf6, 0x0, 0x0, 0x0,
    0x0, 0xcf, 0xff, 0x40, 0x3, 0xff, 0xf9, 0x0,
    0x0, 0x0, 0x0, 0xef, 0xff, 0x0, 0x0, 0xff,
    0xf9, 0x0, 0x0, 0x0, 0x0, 0xcf, 0xff, 0x10,
    0x5, 0xff, 0xf6, 0x0, 0x0, 0x0, 0x0, 0x7f,
    0xff, 0xa0, 0x6f, 0xff, 0xe0, 0x0, 0x0, 0x0,
    0x0, 0x1f, 0xff, 0xfd, 0xff, 0xff, 0x30, 0x0,
    0x0, 0x0, 0x0, 0x6, 0xff, 0xff, 0xff, 0xe3,
    0x0, 0x0, 0x0, 0x0, 0x0, 0x3, 0xff, 0xff,
    0xfc, 0x10, 0x0, 0x0, 0x0, 0x0, 0x0, 0x6f,
    0xff, 0xff, 0xff, 0x20, 0x0, 0xdd, 0xd9, 0x0,
    0x6, 0xff, 0xff, 0xdf, 0xff, 0xe1, 0x1, 0xff,
    0xfa, 0x0, 0x2f, 0xff, 0xf7, 0xb, 0xff, 0xfd,
    0x15, 0xff, 0xf8, 0x0, 0x9f, 0xff, 0xb0, 0x0,
    0xdf, 0xff, 0xcb, 0xff, 0xf5, 0x0, 0xcf, 0xff,
    0x80, 0x0, 0x1e, 0xff, 0xff, 0xff, 0xf0, 0x0,
    0xbf, 0xff, 0xa0, 0x0, 0x3, 0xff, 0xff, 0xff,
    0x80, 0x0, 0x9f, 0xff, 0xf4, 0x0, 0x0, 0xaf,
    0xff, 0xfe, 0x10, 0x0, 0x2f, 0xff, 0xff, 0xca,
    0xbf, 0xff, 0xff, 0xff, 0x40, 0x0, 0x8, 0xff,
    0xff, 0xff, 0xff, 0xff, 0xff, 0xff, 0xe2, 0x0,
    0x0, 0x7f, 0xff, 0xff, 0xff, 0xff, 0xac, 0xff,
    0xfd, 0x0, 0x0, 0x2, 0x8c, 0xef, 0xec, 0x82,
    0x1, 0xef, 0xff, 0xa0,

    /* U+0027 "'" */
    0xf, 0xff, 0xf2, 0xf, 0xff, 0xf1, 0xe, 0xff,
    0xf1, 0xe, 0xff, 0xf0, 0xd, 0xff, 0xf0, 0xc,
    0xff, 0xe0, 0xb, 0xff, 0xe0, 0xa, 0xff, 0xd0,
    0xa, 0xff, 0xc0, 0x3, 0x55, 0x30,

    /* U+0028 "(" */
    0x0, 0x0, 0xef, 0xfe, 0x20, 0x0, 0x8f, 0xff,
    0xb0, 0x0, 0xe, 0xff, 0xf5, 0x0, 0x5, 0xff,
    0xff, 0x0, 0x0, 0xbf, 0xff, 0xa0, 0x0, 0x1f,
    0xff, 0xf5, 0x0, 0x5, 0xff, 0xff, 0x10, 0x0,
    0x9f, 0xff, 0xd0, 0x0, 0xd, 0xff, 0xfa, 0x0,
    0x0, 0xff, 0xff, 0x70, 0x0, 0x2f, 0xff, 0xf4,
    0x0, 0x5, 0xff, 0xff, 0x20, 0x0, 0x6f, 0xff,
    0xf0, 0x0, 0x7, 0xff, 0xff, 0x0, 0x0, 0x8f,
    0xff, 0xf0, 0x0, 0x7, 0xff, 0xff, 0x0, 0x0,
    0x6f, 0xff, 0xf0, 0x0, 0x5, 0xff, 0xff, 0x20,
    0x0, 0x3f, 0xff, 0xf4, 0x0, 0x0, 0xff, 0xff,
    0x70, 0x0, 0xc, 0xff, 0xfb, 0x0, 0x0, 0x8f,
    0xff, 0xf0, 0x0, 0x3, 0xff, 0xff, 0x40, 0x0,
    0xd, 0xff, 0xf9, 0x0, 0x0, 0x7f, 0xff, 0xe0,
    0x0, 0x1, 0xff, 0xff, 0x50, 0x0, 0x8, 0xff,
    0xfb, 0x0, 0x0, 0x1f, 0xff, 0xf2,

    /* U+0029 ")" */
    0xc, 0xff, 0xf4, 0x0, 0x0, 0x6f, 0xff, 0xc0,
    0x0, 0x0, 0xff, 0xff, 0x40, 0x0, 0xb, 0xff,
    0xfa, 0x0, 0x0, 0x5f, 0xff, 0xf1, 0x0, 0x1,
    0xff, 0xff, 0x50, 0x0, 0xc, 0xff, 0xfa, 0x0,
    0x0, 0x8f, 0xff, 0xe0, 0x0, 0x5, 0xff, 0xff,
    0x10, 0x0, 0x2f, 0xff, 0xf5, 0x0, 0x0, 0xff,
    0xff, 0x70, 0x0, 0xd, 0xff, 0xf9, 0x0, 0x0,
    0xcf, 0xff, 0xb0, 0x0, 0xb, 0xff, 0xfc, 0x0,
    0x0, 0xaf, 0xff, 0xc0, 0x0, 0xb, 0xff, 0xfc,
    0x0, 0x0, 0xbf, 0xff, 0xb0, 0x0, 0xd, 0xff,
    0xfa, 0x0, 0x0, 0xff, 0xff, 0x70, 0x0, 0x3f,
    0xff, 0xf4, 0x0, 0x6, 0xff, 0xff, 0x10, 0x0,
    0xaf, 0xff, 0xd0, 0x0, 0xf, 0xff, 0xf7, 0x0,
    0x4, 0xff, 0xff, 0x20, 0x0, 0xaf, 0xff, 0xc0,
    0x0, 0xf, 0xff, 0xf5, 0x0, 0x6, 0xff, 0xfc,
    0x0, 0x0, 0xdf, 0xff, 0x40, 0x0,

    /* U+002A "*" */
    0x0, 0x0, 0xf, 0xfb, 0x0, 0x0, 0x0, 0x0,
    0x0, 0xef, 0xb0, 0x0, 0x0, 0x9, 0x90, 0xd,
    0xfa, 0x2, 0xc5, 0x2, 0xff, 0xe4, 0xcf, 0x96,
    0xff, 0xd0, 0x5e, 0xff, 0xff, 0xff, 0xff, 0xfd,
    0x20, 0x7, 0xef, 0xff, 0xff, 0xd6, 0x0, 0x0,
    0x7, 0xff, 0xff, 0xf4, 0x0, 0x0, 0x6d, 0xff,
    0xff, 0xff, 0xfc, 0x40, 0x6f, 0xff, 0xcd, 0xfc,
    0xef, 0xff, 0x30, 0xef, 0x80, 0xdf, 0x91, 0xaf,
    0xa0, 0x4, 0x30, 0xe, 0xfa, 0x0, 0x52, 0x0,
    0x0, 0x0, 0xff, 0xb0, 0x0, 0x0, 0x0, 0x0,
    0x9, 0x97, 0x0, 0x0, 0x0,

    /* U+002B "+" */
    0x0, 0x0, 0x0, 0xaf, 0xff, 0x0, 0x0, 0x0,
    0x0, 0x0, 0x0, 0xaf, 0xff, 0x0, 0x0, 0x0,
    0x0, 0x0, 0x0, 0xaf, 0xff, 0x0, 0x0, 0x0,
    0x0, 0x0, 0x0, 0xaf, 0xff, 0x0, 0x0, 0x0,
    0x0, 0x0, 0x0, 0xaf, 0xff, 0x0, 0x0, 0x0,
    0x0, 0x0, 0x0, 0xaf, 0xff, 0x0, 0x0, 0x0,
    0x5f, 0xff, 0xff, 0xff, 0xff, 0xff, 0xff, 0xfb,
    0x5f, 0xff, 0xff, 0xff, 0xff, 0xff, 0xff, 0xfb,
    0x5f, 0xff, 0xff, 0xff, 0xff, 0xff, 0xff, 0xfb,
    0x29, 0x99, 0x99, 0xdf, 0xff, 0x99, 0x99, 0x96,
    0x0, 0x0, 0x0, 0xaf, 0xff, 0x0, 0x0, 0x0,
    0x0, 0x0, 0x0, 0xaf, 0xff, 0x0, 0x0, 0x0,
    0x0, 0x0, 0x0, 0xaf, 0xff, 0x0, 0x0, 0x0,
    0x0, 0x0, 0x0, 0xaf, 0xff, 0x0, 0x0, 0x0,
    0x0, 0x0, 0x0, 0xaf, 0xff, 0x0, 0x0, 0x0,
    0x0, 0x0, 0x0, 0x46, 0x66, 0x0, 0x0, 0x0,

    /* U+002C "," */
    0x0, 0x45, 0x55, 0x10, 0x1f, 0xff, 0xf2, 0x3,
    0xff, 0xfe, 0x0, 0x5f, 0xff, 0x90, 0x7, 0xff,
    0xf5, 0x0, 0xaf, 0xff, 0x0, 0xc, 0xff, 0xb0,
    0x0, 0xef, 0xf7, 0x0, 0xf, 0xff, 0x20, 0x2,
    0xff, 0xe0, 0x0,

    /* U+002D "-" */
    0x99, 0x99, 0x99, 0x99, 0x99, 0xff, 0xff, 0xff,
    0xff, 0xff, 0xff, 0xff, 0xff, 0xff, 0xff, 0xff,
    0xff, 0xff, 0xff, 0xff,

    /* U+002E "." */
    0x0, 0x1, 0x0, 0x9, 0xff, 0x90, 0x5f, 0xff,
    0xf5, 0x7f, 0xff, 0xf7, 0x4f, 0xff, 0xf4, 0x7,
    0xee, 0x70,

    /* U+002F "/" */
    0x0, 0x0, 0x0, 0xb, 0xff, 0xf1, 0x0, 0x0,
    0x0, 0xf, 0xff, 0xd0, 0x0, 0x0, 0x0, 0x3f,
    0xff, 0x90, 0x0, 0x0, 0x0, 0x7f, 0xff, 0x50,
    0x0, 0x0, 0x0, 0xbf, 0xff, 0x10, 0x0, 0x0,
    0x0, 0xff, 0xfd, 0x0, 0x0, 0x0, 0x4, 0xff,
    0xf8, 0x0, 0x0, 0x0, 0x8, 0xff, 0xf4, 0x0,
    0x0, 0x0, 0xc, 0xff, 0xf0, 0x0, 0x0, 0x0,
    0xf, 0xff, 0xc0, 0x0, 0x0, 0x0, 0x4f, 0xff,
    0x80, 0x0, 0x0, 0x0, 0x8f, 0xff, 0x40, 0x0,
    0x0, 0x0, 0xdf, 0xff, 0x0, 0x0, 0x0, 0x1,
    0xff, 0xfb, 0x0, 0x0, 0x0, 0x5, 0xff, 0xf7,
    0x0, 0x0, 0x0, 0x9, 0xff, 0xf3, 0x0, 0x0,
    0x0, 0xd, 0xff, 0xf0, 0x0, 0x0, 0x0, 0x1f,
    0xff, 0xb0, 0x0, 0x0, 0x0, 0x6f, 0xff, 0x60,
    0x0, 0x0, 0x0, 0xaf, 0xff, 0x20, 0x0, 0x0,
    0x0, 0xef, 0xfe, 0x0, 0x0, 0x0, 0x2, 0xff,
    0xfa, 0x0, 0x0, 0x0, 0x6, 0xff, 0xf6, 0x0,
    0x0, 0x0, 0xa, 0xff, 0xf2, 0x0, 0x0, 0x0,
    0xe, 0xff, 0xd0, 0x0, 0x0, 0x0, 0x3f, 0xff,
    0x90, 0x0, 0x0, 0x0, 0x7f, 0xff, 0x50, 0x0,
    0x0, 0x0,

    /* U+0030 "0" */
    0x0, 0x0, 0x4, 0xad, 0xff, 0xeb, 0x50, 0x0,
    0x0, 0x0, 0x1, 0xbf, 0xff, 0xff, 0xff, 0xfd,
    0x20, 0x0, 0x0, 0x1d, 0xff, 0xff, 0xff, 0xff,
    0xff, 0xf3, 0x0, 0x0, 0xbf, 0xff, 0xff, 0xed,
    0xff, 0xff, 0xfe, 0x0, 0x4, 0xff, 0xff, 0xe4,
    0x0, 0x2c, 0xff, 0xff, 0x80, 0xb, 0xff, 0xff,
    0x30, 0x0, 0x1, 0xef, 0xff, 0xe0, 0x1f, 0xff,
    0xfa, 0x0, 0x0, 0x0, 0x7f, 0xff, 0xf4, 0x4f,
    0xff, 0xf5, 0x0, 0x0, 0x0, 0x1f, 0xff, 0xf8,
    0x7f, 0xff, 0xf2, 0x0, 0x0, 0x0, 0xe, 0xff,
    0xfa, 0x9f, 0xff, 0xf0, 0x0, 0x0, 0x0, 0xc,
    0xff, 0xfc, 0x9f, 0xff, 0xf0, 0x0, 0x0, 0x0,
    0xb, 0xff, 0xfd, 0x9f, 0xff, 0xf0, 0x0, 0x0,
    0x0, 0xb, 0xff, 0xfd, 0x9f, 0xff, 0xf0, 0x0,
    0x0, 0x0, 0xc, 0xff, 0xfc, 0x7f, 0xff, 0xf2,
    0x0, 0x0, 0x0, 0xe, 0xff, 0xfb, 0x4f, 0xff,
    0xf5, 0x0, 0x0, 0x0, 0x1f, 0xff, 0xf8, 0x1f,
    0xff, 0xfa, 0x0, 0x0, 0x0, 0x7f, 0xff, 0xf4,
    0xc, 0xff, 0xff, 0x30, 0x0, 0x1, 0xef, 0xff,
    0xf0, 0x5, 0xff, 0xff, 0xe3, 0x0, 0x2c, 0xff,
    0xff, 0x80, 0x0, 0xbf, 0xff, 0xff, 0xed, 0xff,
    0xff, 0xfe, 0x10, 0x0, 0x1d, 0xff, 0xff, 0xff,
    0xff, 0xff, 0xf3, 0x0, 0x0, 0x1, 0xbf, 0xff,
    0xff, 0xff, 0xfd, 0x30, 0x0, 0x0, 0x0, 0x4,
    0xad, 0xff, 0xeb, 0x60, 0x0, 0x0,

    /* U+0031 "1" */
    0x0, 0x0, 0x8f, 0xff, 0xff, 0x0, 0x2c, 0xff,
    0xff, 0xff, 0x6, 0xff, 0xff, 0xff, 0xff, 0x8f,
    0xff, 0xff, 0xff, 0xff, 0xaf, 0xff, 0x98, 0xff,
    0xff, 0xaf, 0xe4, 0x8, 0xff, 0xff, 0xab, 0x10,
    0x8, 0xff, 0xff, 0x30, 0x0, 0x8, 0xff, 0xff,
    0x0, 0x0, 0x8, 0xff, 0xff, 0x0, 0x0, 0x8,
    0xff, 0xff, 0x0, 0x0, 0x8, 0xff, 0xff, 0x0,
    0x0, 0x8, 0xff, 0xff, 0x0, 0x0, 0x8, 0xff,
    0xff, 0x0, 0x0, 0x8, 0xff, 0xff, 0x0, 0x0,
    0x8, 0xff, 0xff, 0x0, 0x0, 0x8, 0xff, 0xff,
    0x0, 0x0, 0x8, 0xff, 0xff, 0x0, 0x0, 0x8,
    0xff, 0xff, 0x0, 0x0, 0x8, 0xff, 0xff, 0x0,
    0x0, 0x8, 0xff, 0xff, 0x0, 0x0, 0x8, 0xff,
    0xff, 0x0, 0x0, 0x8, 0xff, 0xff,

    /* U+0032 "2" */
    0x0, 0x0, 0x38, 0xde, 0xfe, 0xb7, 0x10, 0x0,
    0x0, 0x0, 0x9f, 0xff, 0xff, 0xff, 0xff, 0x60,
    0x0, 0x0, 0xbf, 0xff, 0xff, 0xff, 0xff, 0xff,
    0x70, 0x0, 0x7f, 0xff, 0xff, 0xcb, 0xef, 0xff,
    0xff, 0x30, 0xe, 0xff, 0xfd, 0x20, 0x0, 0x6f,
    0xff, 0xfa, 0x3, 0xff, 0xff, 0x30, 0x0, 0x0,
    0xaf, 0xff, 0xd0, 0x5f, 0xff, 0xf0, 0x0, 0x0,
    0x6, 0xff, 0xff, 0x0, 0x0, 0x0, 0x0, 0x0,
    0x0, 0x7f, 0xff, 0xd0, 0x0, 0x0, 0x0, 0x0,
    0x0, 0xd, 0xff, 0xf9, 0x0, 0x0, 0x0, 0x0,
    0x0, 0x7, 0xff, 0xff, 0x20, 0x0, 0x0, 0x0,
    0x0, 0x5, 0xff, 0xff, 0x70, 0x0, 0x0, 0x0,
    0x0, 0x6, 0xff, 0xff, 0xb0, 0x0, 0x0, 0x0,
    0x0, 0x7, 0xff, 0xff, 0xc0, 0x0, 0x0, 0x0,
    0x0, 0x8, 0xff, 0xff, 0xc0, 0x0, 0x0, 0x0,
    0x0, 0x9, 0xff, 0xff, 0xb0, 0x0, 0x0, 0x0,
    0x0, 0xa, 0xff, 0xff, 0xb0, 0x0, 0x0, 0x0,
    0x0, 0xb, 0xff, 0xff, 0xb0, 0x0, 0x0, 0x0,
    0x0, 0x1c, 0xff, 0xff, 0xa0, 0x0, 0x0, 0x0,
    0x0, 0x1d, 0xff, 0xff, 0xfd, 0xdd, 0xdd, 0xdd,
    0xdd, 0x33, 0xff, 0xff, 0xff, 0xff, 0xff, 0xff,
    0xff, 0xf4, 0x3f, 0xff, 0xff, 0xff, 0xff, 0xff,
    0xff, 0xff, 0x43, 0xff, 0xff, 0xff, 0xff, 0xff,
    0xff, 0xff, 0xf4,

    /* U+0033 "3" */
    0x0, 0x0, 0x17, 0xce, 0xfe, 0xd9, 0x40, 0x0,
    0x0, 0x0, 0x8f, 0xff, 0xff, 0xff, 0xff, 0xb1,
    0x0, 0x0, 0xaf, 0xff, 0xff, 0xff, 0xff, 0xff,
    0xd1, 0x0, 0x6f, 0xff, 0xff, 0xdb, 0xcf, 0xff,
    0xff, 0x90, 0xd, 0xff, 0xfe, 0x30, 0x0, 0x1c,
    0xff, 0xff, 0x0, 0xff, 0xff, 0x50, 0x0, 0x0,
    0x4f, 0xff, 0xf2, 0x0, 0x0, 0x0, 0x0, 0x0,
    0x3, 0xff, 0xff, 0x10, 0x0, 0x0, 0x0, 0x0,
    0x0, 0xbf, 0xff, 0xc0, 0x0, 0x0, 0x0, 0x46,
    0x68, 0xef, 0xff, 0xe2, 0x0, 0x0, 0x0, 0xc,
    0xff, 0xff, 0xfe, 0x91, 0x0, 0x0, 0x0, 0x0,
    0xcf, 0xff, 0xff, 0xb6, 0x0, 0x0, 0x0, 0x0,
    0xc, 0xff, 0xff, 0xff, 0xfe, 0x40, 0x0, 0x0,
    0x0, 0x0, 0x2, 0x7f, 0xff, 0xff, 0x20, 0x0,
    0x0, 0x0, 0x0, 0x0, 0x3f, 0xff, 0xf9, 0x0,
    0x0, 0x0, 0x0, 0x0, 0x0, 0xcf, 0xff, 0xe4,
    0x99, 0x99, 0x0, 0x0, 0x0, 0xb, 0xff, 0xff,
    0x6f, 0xff, 0xf4, 0x0, 0x0, 0x1, 0xff, 0xff,
    0xd2, 0xff, 0xff, 0xe4, 0x0, 0x2, 0xcf, 0xff,
    0xf9, 0xa, 0xff, 0xff, 0xfe, 0xde, 0xff, 0xff,
    0xff, 0x20, 0xc, 0xff, 0xff, 0xff, 0xff, 0xff,
    0xff, 0x40, 0x0, 0x19, 0xff, 0xff, 0xff, 0xff,
    0xfd, 0x30, 0x0, 0x0, 0x2, 0x8c, 0xef, 0xed,
    0x94, 0x0, 0x0,

    /* U+0034 "4" */
    0x0, 0x0, 0x0, 0x0, 0xb, 0xff, 0xff, 0xf3,
    0x0, 0x0, 0x0, 0x0, 0x0, 0x5f, 0xff, 0xff,
    0xf3, 0x0, 0x0, 0x0, 0x0, 0x1, 0xef, 0xff,
    0xff, 0xf3, 0x0, 0x0, 0x0, 0x0, 0x9, 0xff,
    0xff, 0xff, 0xf3, 0x0, 0x0, 0x0, 0x0, 0x3f,
    0xff, 0xff, 0xff, 0xf3, 0x0, 0x0, 0x0, 0x0,
    0xdf, 0xff, 0x7f, 0xff, 0xf3, 0x0, 0x0, 0x0,
    0x8, 0xff, 0xfd, 0xf, 0xff, 0xf3, 0x0, 0x0,
    0x0, 0x2f, 0xff, 0xf3, 0xf, 0xff, 0xf3, 0x0,
    0x0, 0x0, 0xcf, 0xff, 0x90, 0xf, 0xff, 0xf3,
    0x0, 0x0, 0x6, 0xff, 0xfe, 0x10, 0xf, 0xff,
    0xf3, 0x0, 0x0, 0x1f, 0xff, 0xf5, 0x0, 0xf,
    0xff, 0xf3, 0x0, 0x0, 0xaf, 0xff, 0xb0, 0x0,
    0xf, 0xff, 0xf3, 0x0, 0x5, 0xff, 0xff, 0x20,
    0x0, 0xf, 0xff, 0xf3, 0x0, 0xe, 0xff, 0xf7,
    0x0, 0x0, 0xf, 0xff, 0xf3, 0x0, 0x7f, 0xff,
    0xfb, 0xbb, 0xbb, 0xbf, 0xff, 0xfc, 0xba, 0x8f,
    0xff, 0xff, 0xff, 0xff, 0xff, 0xff, 0xff, 0xff,
    0x8f, 0xff, 0xff, 0xff, 0xff, 0xff, 0xff, 0xff,
    0xff, 0x8f, 0xff, 0xff, 0xff, 0xff, 0xff, 0xff,
    0xff, 0xff, 0x0, 0x0, 0x0, 0x0, 0x0, 0x1f,
    0xff, 0xf3, 0x0, 0x0, 0x0, 0x0, 0x0, 0x0,
    0x1f, 0xff, 0xf3, 0x0, 0x0, 0x0, 0x0, 0x0,
    0x0, 0x1f, 0xff, 0xf3, 0x0, 0x0, 0x0, 0x0,
    0x0, 0x0, 0x1f, 0xff, 0xf3, 0x0,

    /* U+0035 "5" */
    0x2, 0xff, 0xff, 0xff, 0xff, 0xff, 0xff, 0xf1,
    0x0, 0x4f, 0xff, 0xff, 0xff, 0xff, 0xff, 0xff,
    0x10, 0x5, 0xff, 0xff, 0xff, 0xff, 0xff, 0xff,
    0xf1, 0x0, 0x7f, 0xff, 0xec, 0xcc, 0xcc, 0xcc,
    0xcc, 0x0, 0x8, 0xff, 0xf7, 0x0, 0x0, 0x0,
    0x0, 0x0, 0x0, 0xaf, 0xff, 0x60, 0x0, 0x0,
    0x0, 0x0, 0x0, 0xb, 0xff, 0xf4, 0x0, 0x0,
    0x0, 0x0, 0x0, 0x0, 0xdf, 0xff, 0x23, 0xae,
    0xfe, 0xa4, 0x0, 0x0, 0xe, 0xff, 0xf9, 0xff,
    0xff, 0xff, 0xfa, 0x0, 0x0, 0xff, 0xff, 0xff,
    0xff, 0xff, 0xff, 0xfa, 0x0, 0x1f, 0xff, 0xff,
    0xb7, 0x7a, 0xff, 0xff, 0xf5, 0x0, 0x47, 0xac,
    0x40, 0x0, 0x4, 0xff, 0xff, 0xc0, 0x0, 0x0,
    0x0, 0x0, 0x0, 0x8, 0xff, 0xff, 0x10, 0x0,
    0x0, 0x0, 0x0, 0x0, 0x2f, 0xff, 0xf3, 0x0,
    0x0, 0x0, 0x0, 0x0, 0x1, 0xff, 0xff, 0x45,
    0x88, 0x86, 0x0, 0x0, 0x0, 0x3f, 0xff, 0xf2,
    0x7f, 0xff, 0xf0, 0x0, 0x0, 0x9, 0xff, 0xff,
    0x3, 0xff, 0xff, 0xb1, 0x0, 0x6, 0xff, 0xff,
    0xa0, 0xb, 0xff, 0xff, 0xfb, 0xad, 0xff, 0xff,
    0xf2, 0x0, 0x1d, 0xff, 0xff, 0xff, 0xff, 0xff,
    0xf4, 0x0, 0x0, 0x1b, 0xff, 0xff, 0xff, 0xff,
    0xe3, 0x0, 0x0, 0x0, 0x4, 0x9d, 0xef, 0xdb,
    0x50, 0x0, 0x0,

    /* U+0036 "6" */
    0x0, 0x0, 0x2, 0x8d, 0xef, 0xdb, 0x60, 0x0,
    0x0, 0x0, 0x0, 0x8f, 0xff, 0xff, 0xff, 0xfd,
    0x40, 0x0, 0x0, 0xa, 0xff, 0xff, 0xff, 0xff,
    0xff, 0xf4, 0x0, 0x0, 0x8f, 0xff, 0xff, 0xff,
    0xff, 0xff, 0xfe, 0x10, 0x2, 0xff, 0xff, 0xe5,
    0x0, 0x2a, 0xff, 0xff, 0x80, 0x9, 0xff, 0xfe,
    0x10, 0x0, 0x0, 0xae, 0xee, 0xb0, 0xe, 0xff,
    0xf7, 0x0, 0x0, 0x0, 0x0, 0x0, 0x0, 0x2f,
    0xff, 0xf1, 0x5, 0xbe, 0xfd, 0xa3, 0x0, 0x0,
    0x6f, 0xff, 0xe0, 0xbf, 0xff, 0xff, 0xff, 0x80,
    0x0, 0x8f, 0xff, 0xca, 0xff, 0xff, 0xff, 0xff,
    0xf8, 0x0, 0x9f, 0xff, 0xff, 0xfb, 0x66, 0xaf,
    0xff, 0xff, 0x30, 0x9f, 0xff, 0xff, 0x70, 0x0,
    0x5, 0xff, 0xff, 0x90, 0x8f, 0xff, 0xfb, 0x0,
    0x0, 0x0, 0xaf, 0xff, 0xe0, 0x7f, 0xff, 0xf5,
    0x0, 0x0, 0x0, 0x5f, 0xff, 0xf0, 0x6f, 0xff,
    0xf3, 0x0, 0x0, 0x0, 0x4f, 0xff, 0xf1, 0x2f,
    0xff, 0xf6, 0x0, 0x0, 0x0, 0x6f, 0xff, 0xf0,
    0xd, 0xff, 0xfc, 0x0, 0x0, 0x0, 0xdf, 0xff,
    0xc0, 0x6, 0xff, 0xff, 0xa0, 0x0, 0xa, 0xff,
    0xff, 0x70, 0x0, 0xdf, 0xff, 0xfe, 0xbb, 0xef,
    0xff, 0xfd, 0x0, 0x0, 0x2e, 0xff, 0xff, 0xff,
    0xff, 0xff, 0xf2, 0x0, 0x0, 0x2, 0xcf, 0xff,
    0xff, 0xff, 0xfc, 0x20, 0x0, 0x0, 0x0, 0x4,
    0xad, 0xff, 0xda, 0x40, 0x0, 0x0,

    /* U+0037 "7" */
    0xef, 0xff, 0xff, 0xff, 0xff, 0xff, 0xff, 0xf5,
    0xef, 0xff, 0xff, 0xff, 0xff, 0xff, 0xff, 0xf5,
    0xef, 0xff, 0xff, 0xff, 0xff, 0xff, 0xff, 0xf5,
    0xcd, 0xdd, 0xdd, 0xdd, 0xdd, 0xef, 0xff, 0xf5,
    0x0, 0x0, 0x0, 0x0, 0x0, 0xaf, 0xff, 0xf1,
    0x0, 0x0, 0x0, 0x0, 0x2, 0xff, 0xff, 0x80,
    0x0, 0x0, 0x0, 0x0, 0xa, 0xff, 0xff, 0x10,
    0x0, 0x0, 0x0, 0x0, 0x2f, 0xff, 0xf8, 0x0,
    0x0, 0x0, 0x0, 0x0, 0xaf, 0xff, 0xf1, 0x0,
    0x0, 0x0, 0x0, 0x2, 0xff, 0xff, 0x80, 0x0,
    0x0, 0x0, 0x0, 0xa, 0xff, 0xff, 0x10, 0x0,
    0x0, 0x0, 0x0, 0x2f, 0xff, 0xf8, 0x0, 0x0,
    0x0, 0x0, 0x0, 0xaf, 0xff, 0xe1, 0x0, 0x0,
    0x0, 0x0, 0x2, 0xff, 0xff, 0x70, 0x0, 0x0,
    0x0, 0x0, 0xa, 0xff, 0xfe, 0x0, 0x0, 0x0,
    0x0, 0x0, 0x2f, 0xff, 0xf7, 0x0, 0x0, 0x0,
    0x0, 0x0, 0xaf, 0xff, 0xe0, 0x0, 0x0, 0x0,
    0x0, 0x2, 0xff, 0xff, 0x70, 0x0, 0x0, 0x0,
    0x0, 0xa, 0xff, 0xfe, 0x0, 0x0, 0x0, 0x0,
    0x0, 0x2f, 0xff, 0xf7, 0x0, 0x0, 0x0, 0x0,
    0x0, 0xaf, 0xff, 0xe0, 0x0, 0x0, 0x0, 0x0,
    0x2, 0xff, 0xff, 0x70, 0x0, 0x0, 0x0, 0x0,

    /* U+0038 "8" */
    0x0, 0x0, 0x17, 0xce, 0xfe, 0xd9, 0x40, 0x0,
    0x0, 0x0, 0x8, 0xff, 0xff, 0xff, 0xff, 0xfc,
    0x30, 0x0, 0x0, 0xaf, 0xff, 0xff, 0xff, 0xff,
    0xff, 0xe3, 0x0, 0x4, 0xff, 0xff, 0xfb, 0x89,
    0xdf, 0xff, 0xfc, 0x0, 0xa, 0xff, 0xff, 0x30,
    0x0, 0xa, 0xff, 0xff, 0x30, 0xc, 0xff, 0xfa,
    0x0, 0x0, 0x1, 0xff, 0xff, 0x50, 0xb, 0xff,
    0xf9, 0x0, 0x0, 0x1, 0xff, 0xff, 0x30, 0x5,
    0xff, 0xfe, 0x20, 0x0, 0x9, 0xff, 0xfd, 0x0,
    0x0, 0xaf, 0xff, 0xf8, 0x67, 0xcf, 0xff, 0xe3,
    0x0, 0x0, 0x7, 0xdf, 0xff, 0xff, 0xff, 0xfa,
    0x20, 0x0, 0x0, 0x4, 0xaf, 0xff, 0xff, 0xff,
    0xd7, 0x10, 0x0, 0x0, 0x9f, 0xff, 0xff, 0xff,
    0xff, 0xff, 0xe3, 0x0, 0x8, 0xff, 0xff, 0xa3,
    0x1, 0x6e, 0xff, 0xff, 0x10, 0x2f, 0xff, 0xfa,
    0x0, 0x0, 0x2, 0xff, 0xff, 0xa0, 0x7f, 0xff,
    0xf2, 0x0, 0x0, 0x0, 0xaf, 0xff, 0xf0, 0x9f,
    0xff, 0xf0, 0x0, 0x0, 0x0, 0x8f, 0xff, 0xf2,
    0x8f, 0xff, 0xf3, 0x0, 0x0, 0x0, 0xcf, 0xff,
    0xf1, 0x4f, 0xff, 0xfc, 0x10, 0x0, 0x6, 0xff,
    0xff, 0xd0, 0xd, 0xff, 0xff, 0xe9, 0x67, 0xbf,
    0xff, 0xff, 0x50, 0x1, 0xdf, 0xff, 0xff, 0xff,
    0xff, 0xff, 0xf8, 0x0, 0x0, 0x1a, 0xff, 0xff,
    0xff, 0xff, 0xfe, 0x50, 0x0, 0x0, 0x0, 0x38,
    0xce, 0xfe, 0xda, 0x50, 0x0, 0x0,

    /* U+0039 "9" */
    0x0, 0x0, 0x27, 0xce, 0xfe, 0xc7, 0x10, 0x0,
    0x0, 0x0, 0x8, 0xff, 0xff, 0xff, 0xff, 0xf6,
    0x0, 0x0, 0x0, 0xbf, 0xff, 0xff, 0xff, 0xff,
    0xff, 0x90, 0x0, 0x8, 0xff, 0xff, 0xfd, 0xbd,
    0xff, 0xff, 0xf5, 0x0, 0x1f, 0xff, 0xfe, 0x30,
    0x0, 0x3e, 0xff, 0xfe, 0x0, 0x6f, 0xff, 0xf3,
    0x0, 0x0, 0x3, 0xff, 0xff, 0x50, 0x9f, 0xff,
    0xd0, 0x0, 0x0, 0x0, 0xdf, 0xff, 0xa0, 0x9f,
    0xff, 0xc0, 0x0, 0x0, 0x0, 0xcf, 0xff, 0xd0,
    0x7f, 0xff, 0xf1, 0x0, 0x0, 0x1, 0xff, 0xff,
    0xf0, 0x4f, 0xff, 0xfb, 0x0, 0x0, 0x1c, 0xff,
    0xff, 0xf0, 0xd, 0xff, 0xff, 0xd8, 0x68, 0xef,
    0xff, 0xff, 0xf1, 0x3, 0xff, 0xff, 0xff, 0xff,
    0xff, 0x7f, 0xff, 0xf0, 0x0, 0x4e, 0xff, 0xff,
    0xff, 0xf4, 0x5f, 0xff, 0xf0, 0x0, 0x1, 0x7c,
    0xef, 0xd8, 0x10, 0x8f, 0xff, 0xe0, 0x0, 0x0,
    0x0, 0x0, 0x0, 0x0, 0xbf, 0xff, 0xa0, 0x39,
    0x99, 0x91, 0x0, 0x0, 0x2, 0xff, 0xff, 0x60,
    0x2f, 0xff, 0xf7, 0x0, 0x0, 0xb, 0xff, 0xff,
    0x10, 0xd, 0xff, 0xff, 0x71, 0x2, 0xbf, 0xff,
    0xf9, 0x0, 0x4, 0xff, 0xff, 0xff, 0xff, 0xff,
    0xff, 0xe1, 0x0, 0x0, 0x8f, 0xff, 0xff, 0xff,
    0xff, 0xff, 0x30, 0x0, 0x0, 0x7, 0xff, 0xff,
    0xff, 0xff, 0xd3, 0x0, 0x0, 0x0, 0x0, 0x28,
    0xce, 0xfe, 0xb5, 0x0, 0x0, 0x0,

    /* U+003A ":" */
    0x0, 0x11, 0x0, 0x9, 0xff, 0x90, 0x5f, 0xff,
    0xf5, 0x7f, 0xff, 0xf7, 0x4f, 0xff, 0xf4, 0x7,
    0xee, 0x70, 0x0, 0x0, 0x0, 0x0, 0x0, 0x0,
    0x0, 0x0, 0x0, 0x0, 0x0, 0x0, 0x0, 0x0,
    0x0, 0x0, 0x1, 0x0, 0x9, 0xff, 0x90, 0x5f,
    0xff, 0xf5, 0x7f, 0xff, 0xf7, 0x4f, 0xff, 0xf4,
    0x7, 0xee, 0x70,

    /* U+003B ";" */
    0x0, 0x4d, 0xfa, 0x0, 0xe, 0xff, 0xf8, 0x3,
    0xff, 0xff, 0xc0, 0x1f, 0xff, 0xf9, 0x0, 0x6f,
    0xfc, 0x10, 0x0, 0x1, 0x0, 0x0, 0x0, 0x0,
    0x0, 0x0, 0x0, 0x0, 0x0, 0x0, 0x0, 0x0,
    0x0, 0x0, 0x0, 0x0, 0x0, 0x0, 0x0, 0x0,
    0x0, 0x0, 0x0, 0x45, 0x55, 0x10, 0x1f, 0xff,
    0xf2, 0x3, 0xff, 0xfe, 0x0, 0x5f, 0xff, 0x90,
    0x7, 0xff, 0xf5, 0x0, 0xaf, 0xff, 0x0, 0xc,
    0xff, 0xb0, 0x0, 0xef, 0xf7, 0x0, 0xf, 0xff,
    0x20, 0x2, 0xff, 0xe0, 0x0,

    /* U+003C "<" */
    0x0, 0x0, 0x0, 0x0, 0x0, 0x0, 0x0, 0x33,
    0x0, 0x0, 0x0, 0x0, 0x0, 0x0, 0x4c, 0xf5,
    0x0, 0x0, 0x0, 0x0, 0x0, 0x6d, 0xff, 0xf5,
    0x0, 0x0, 0x0, 0x1, 0x7e, 0xff, 0xff, 0xf5,
    0x0, 0x0, 0x1, 0x8f, 0xff, 0xff, 0xff, 0xf4,
    0x0, 0x2, 0xaf, 0xff, 0xff, 0xff, 0xe8, 0x10,
    0x4, 0xbf, 0xff, 0xff, 0xff, 0xc5, 0x0, 0x0,
    0x8f, 0xff, 0xff, 0xff, 0x92, 0x0, 0x0, 0x0,
    0x9f, 0xff, 0xfd, 0x60, 0x0, 0x0, 0x0, 0x0,
    0x9f, 0xff, 0xfb, 0x40, 0x0, 0x0, 0x0, 0x0,
    0x8f, 0xff, 0xff, 0xfd, 0x71, 0x0, 0x0, 0x0,
    0x6, 0xdf, 0xff, 0xff, 0xff, 0x93, 0x0, 0x0,
    0x0, 0x5, 0xcf, 0xff, 0xff, 0xff, 0xc5, 0x0,
    0x0, 0x0, 0x3, 0xaf, 0xff, 0xff, 0xff, 0xe3,
    0x0, 0x0, 0x0, 0x2, 0x9f, 0xff, 0xff, 0xf5,
    0x0, 0x0, 0x0, 0x0, 0x1, 0x8e, 0xff, 0xf5,
    0x0, 0x0, 0x0, 0x0, 0x0, 0x0, 0x6d, 0xf5,
    0x0, 0x0, 0x0, 0x0, 0x0, 0x0, 0x0, 0x53,

    /* U+003D "=" */
    0x1f, 0xff, 0xff, 0xff, 0xff, 0xff, 0xff, 0xf7,
    0x1f, 0xff, 0xff, 0xff, 0xff, 0xff, 0xff, 0xf7,
    0x1f, 0xff, 0xff, 0xff, 0xff, 0xff, 0xff, 0xf7,
    0x1c, 0xcc, 0xcc, 0xcc, 0xcc, 0xcc, 0xcc, 0xc5,
    0x0, 0x0, 0x0, 0x0, 0x0, 0x0, 0x0, 0x0,
    0x0, 0x0, 0x0, 0x0, 0x0, 0x0, 0x0, 0x0,
    0x0, 0x0, 0x0, 0x0, 0x0, 0x0, 0x0, 0x0,
    0x1c, 0xcc, 0xcc, 0xcc, 0xcc, 0xcc, 0xcc, 0xc6,
    0x1f, 0xff, 0xff, 0xff, 0xff, 0xff, 0xff, 0xf7,
    0x1f, 0xff, 0xff, 0xff, 0xff, 0xff, 0xff, 0xf7,
    0x1f, 0xff, 0xff, 0xff, 0xff, 0xff, 0xff, 0xf7,

    /* U+003E ">" */
    0x60, 0x0, 0x0, 0x0, 0x0, 0x0, 0x0, 0xf,
    0xe7, 0x0, 0x0, 0x0, 0x0, 0x0, 0x0, 0xff,
    0xff, 0x81, 0x0, 0x0, 0x0, 0x0, 0xf, 0xff,
    0xff, 0xfa, 0x20, 0x0, 0x0, 0x0, 0xef, 0xff,
    0xff, 0xff, 0xb4, 0x0, 0x0, 0x0, 0x5c, 0xff,
    0xff, 0xff, 0xfc, 0x50, 0x0, 0x0, 0x3, 0x9f,
    0xff, 0xff, 0xff, 0xe6, 0x0, 0x0, 0x0, 0x17,
    0xdf, 0xff, 0xff, 0xfe, 0x0, 0x0, 0x0, 0x0,
    0x4b, 0xff, 0xff, 0xf0, 0x0, 0x0, 0x0, 0x2,
    0x8f, 0xff, 0xff, 0x0, 0x0, 0x0, 0x4b, 0xff,
    0xff, 0xff, 0xe0, 0x0, 0x17, 0xdf, 0xff, 0xff,
    0xff, 0x92, 0x3, 0xaf, 0xff, 0xff, 0xff, 0xe7,
    0x10, 0xc, 0xff, 0xff, 0xff, 0xfd, 0x60, 0x0,
    0x0, 0xff, 0xff, 0xff, 0xc4, 0x0, 0x0, 0x0,
    0xf, 0xff, 0xfa, 0x30, 0x0, 0x0, 0x0, 0x0,
    0xff, 0x92, 0x0, 0x0, 0x0, 0x0, 0x0, 0x7,
    0x10, 0x0, 0x0, 0x0, 0x0, 0x0, 0x0,

    /* U+003F "?" */
    0x0, 0x3, 0x8d, 0xef, 0xeb, 0x60, 0x0, 0x0,
    0x9, 0xff, 0xff, 0xff, 0xff, 0xe5, 0x0, 0x9,
    0xff, 0xff, 0xff, 0xff, 0xff, 0xf4, 0x3, 0xff,
    0xff, 0xfb, 0xae, 0xff, 0xff, 0xd0, 0x9f, 0xff,
    0xe3, 0x0, 0x1c, 0xff, 0xff, 0x3b, 0xff, 0xf8,
    0x0, 0x0, 0x3f, 0xff, 0xf5, 0x33, 0x33, 0x10,
    0x0, 0x3, 0xff, 0xff, 0x40, 0x0, 0x0, 0x0,
    0x0, 0xaf, 0xff, 0xf1, 0x0, 0x0, 0x0, 0x0,
    0xaf, 0xff, 0xf9, 0x0, 0x0, 0x0, 0x3, 0xdf,
    0xff, 0xfc, 0x0, 0x0, 0x0, 0x3, 0xff, 0xff,
    0xf8, 0x0, 0x0, 0x0, 0x0, 0xcf, 0xff, 0xe3,
    0x0, 0x0, 0x0, 0x0, 0x1f, 0xff, 0xf3, 0x0,
    0x0, 0x0, 0x0, 0x3, 0xff, 0xfc, 0x0, 0x0,
    0x0, 0x0, 0x0, 0x4f, 0xff, 0xa0, 0x0, 0x0,
    0x0, 0x0, 0x0, 0x0, 0x0, 0x0, 0x0, 0x0,
    0x0, 0x0, 0x0, 0x0, 0x0, 0x0, 0x0, 0x0,
    0x0, 0x2, 0xcf, 0xe5, 0x0, 0x0, 0x0, 0x0,
    0x0, 0xbf, 0xff, 0xf1, 0x0, 0x0, 0x0, 0x0,
    0xe, 0xff, 0xff, 0x30, 0x0, 0x0, 0x0, 0x0,
    0xaf, 0xff, 0xf1, 0x0, 0x0, 0x0, 0x0, 0x1,
    0xbf, 0xd4, 0x0, 0x0, 0x0,

    /* U+0040 "@" */
    0x0, 0x0, 0x0, 0x0, 0x5, 0x9c, 0xef, 0xfe,
    0xdb, 0x73, 0x0, 0x0, 0x0, 0x0, 0x0, 0x0,
    0x0, 0x1, 0x8f, 0xff, 0xff, 0xff, 0xff, 0xff,
    0xfd, 0x50, 0x0, 0x0, 0x0, 0x0, 0x0, 0x5,
    0xff, 0xff, 0xff, 0xff, 0xff, 0xff, 0xff, 0xff,
    0xc1, 0x0, 0x0, 0x0, 0x0, 0x8, 0xff, 0xff,
    0xff, 0xc9, 0x87, 0x79, 0xbf, 0xff, 0xff, 0xe3,
    0x0, 0x0, 0x0, 0x7, 0xff, 0xff, 0xe7, 0x10,
    0x0, 0x0, 0x0, 0x6, 0xdf, 0xff, 0xf2, 0x0,
    0x0, 0x3, 0xff, 0xff, 0xa0, 0x0, 0x0, 0x0,
    0x0, 0x0, 0x0, 0xaf, 0xff, 0xd0, 0x0, 0x0,
    0xdf, 0xff, 0x90, 0x0, 0x29, 0xef, 0xea, 0x32,
    0xaa, 0x70, 0xaf, 0xff, 0x70, 0x0, 0x4f, 0xff,
    0xc0, 0x0, 0x3f, 0xff, 0xff, 0xff, 0x9f, 0xfc,
    0x0, 0xef, 0xfe, 0x0, 0xb, 0xff, 0xf4, 0x0,
    0x2f, 0xff, 0xff, 0xff, 0xff, 0xff, 0xc0, 0x6,
    0xff, 0xf5, 0x0, 0xff, 0xfd, 0x0, 0xb, 0xff,
    0xfc, 0x77, 0xbf, 0xff, 0xfc, 0x0, 0xf, 0xff,
    0xa0, 0x3f, 0xff, 0x80, 0x2, 0xff, 0xfa, 0x0,
    0x0, 0x6f, 0xff, 0xc0, 0x0, 0xcf, 0xfe, 0x6,
    0xff, 0xf4, 0x0, 0x7f, 0xff, 0x0, 0x0, 0x0,
    0xdf, 0xfc, 0x0, 0x9, 0xff, 0xf0, 0x8f, 0xff,
    0x30, 0x9, 0xff, 0xb0, 0x0, 0x0, 0x9, 0xff,
    0xc0, 0x0, 0x8f, 0xff, 0x19, 0xff, 0xf1, 0x0,
    0xbf, 0xf8, 0x0, 0x0, 0x0, 0x7f, 0xfc, 0x0,
    0x7, 0xff, 0xf1, 0x9f, 0xff, 0x10, 0xb, 0xff,
    0x80, 0x0, 0x0, 0x7, 0xff, 0xc0, 0x0, 0x7f,
    0xff, 0x8, 0xff, 0xf2, 0x0, 0x9f, 0xfa, 0x0,
    0x0, 0x0, 0x9f, 0xfc, 0x0, 0x8, 0xff, 0xe0,
    0x7f, 0xff, 0x40, 0x7, 0xff, 0xe0, 0x0, 0x0,
    0xc, 0xff, 0xc0, 0x0, 0xbf, 0xfc, 0x5, 0xff,
    0xf8, 0x0, 0x3f, 0xff, 0x50, 0x0, 0x3, 0xff,
    0xfc, 0x0, 0xe, 0xff, 0x70, 0x1f, 0xff, 0xc0,
    0x0, 0xdf, 0xff, 0x50, 0x4, 0xef, 0xff, 0xf2,
    0x9, 0xff, 0xf2, 0x0, 0xdf, 0xff, 0x30, 0x4,
    0xff, 0xff, 0xff, 0xff, 0xee, 0xff, 0xff, 0xff,
    0xf9, 0x0, 0x7, 0xff, 0xfc, 0x0, 0x6, 0xff,
    0xff, 0xff, 0xf5, 0x7f, 0xff, 0xff, 0xfc, 0x0,
    0x0, 0xe, 0xff, 0xf8, 0x0, 0x2, 0xad, 0xfe,
    0xa3, 0x0, 0x6c, 0xff, 0xc7, 0x0, 0x0, 0x0,
    0x6f, 0xff, 0xfa, 0x0, 0x0, 0x0, 0x0, 0x0,
    0x0, 0x0, 0x0, 0x0, 0x0, 0x0, 0x0, 0xaf,
    0xff, 0xfe, 0x71, 0x0, 0x0, 0x0, 0x0, 0x2,
    0x0, 0x0, 0x0, 0x0, 0x0, 0x0, 0xbf, 0xff,
    0xff, 0xfd, 0xa8, 0x77, 0x8a, 0xcf, 0xf1, 0x0,
    0x0, 0x0, 0x0, 0x0, 0x0, 0x7f, 0xff, 0xff,
    0xff, 0xff, 0xff, 0xff, 0xff, 0x70, 0x0, 0x0,
    0x0, 0x0, 0x0, 0x0, 0x29, 0xff, 0xff, 0xff,
    0xff, 0xff, 0xff, 0xf8, 0x0, 0x0, 0x0, 0x0,
    0x0, 0x0, 0x0, 0x1, 0x58, 0xcd, 0xef, 0xfd,
    0xc9, 0x51, 0x0, 0x0, 0x0, 0x0,

    /* U+0041 "A" */
    0x0, 0x0, 0x0, 0x0, 0xff, 0xff, 0xff, 0x30,
    0x0, 0x0, 0x0, 0x0, 0x0, 0x0, 0x5, 0xff,
    0xff, 0xff, 0x80, 0x0, 0x0, 0x0, 0x0, 0x0,
    0x0, 0xa, 0xff, 0xff, 0xff, 0xe0, 0x0, 0x0,
    0x0, 0x0, 0x0, 0x0, 0xf, 0xff, 0xff, 0xff,
    0xf3, 0x0, 0x0, 0x0, 0x0, 0x0, 0x0, 0x5f,
    0xff, 0xdb, 0xff, 0xf9, 0x0, 0x0, 0x0, 0x0,
    0x0, 0x0, 0xbf, 0xff, 0x96, 0xff, 0xfe, 0x0,
    0x0, 0x0, 0x0, 0x0, 0x0, 0xff, 0xff, 0x52,
    0xff, 0xff, 0x40, 0x0, 0x0, 0x0, 0x0, 0x5,
    0xff, 0xff, 0x10, 0xef, 0xff, 0xa0, 0x0, 0x0,
    0x0, 0x0, 0xb, 0xff, 0xfd, 0x0, 0xaf, 0xff,
    0xf0, 0x0, 0x0, 0x0, 0x0, 0x1f, 0xff, 0xf9,
    0x0, 0x5f, 0xff, 0xf5, 0x0, 0x0, 0x0, 0x0,
    0x6f, 0xff, 0xf4, 0x0, 0x1f, 0xff, 0xfa, 0x0,
    0x0, 0x0, 0x0, 0xbf, 0xff, 0xf0, 0x0, 0xc,
    0xff, 0xff, 0x0, 0x0, 0x0, 0x1, 0xff, 0xff,
    0xa0, 0x0, 0x6, 0xff, 0xff, 0x60, 0x0, 0x0,
    0x6, 0xff, 0xff, 0xc9, 0x99, 0x9a, 0xff, 0xff,
    0xb0, 0x0, 0x0, 0xb, 0xff, 0xff, 0xff, 0xff,
    0xff, 0xff, 0xff, 0xf1, 0x0, 0x0, 0x1f, 0xff,
    0xff, 0xff, 0xff, 0xff, 0xff, 0xff, 0xf6, 0x0,
    0x0, 0x6f, 0xff, 0xff, 0xff, 0xff, 0xff, 0xff,
    0xff, 0xfc, 0x0, 0x0, 0xcf, 0xff, 0xf1, 0x0,
    0x0, 0x0, 0xc, 0xff, 0xff, 0x10, 0x1, 0xff,
    0xff, 0xc0, 0x0, 0x0, 0x0, 0x7, 0xff, 0xff,
    0x70, 0x6, 0xff, 0xff, 0x70, 0x0, 0x0, 0x0,
    0x2, 0xff, 0xff, 0xd0, 0xc, 0xff, 0xff, 0x20,
    0x0, 0x0, 0x0, 0x0, 0xcf, 0xff, 0xf2, 0x1f,
    0xff, 0xfd, 0x0, 0x0, 0x0, 0x0, 0x0, 0x7f,
    0xff, 0xf8,

    /* U+0042 "B" */
    0xf, 0xff, 0xff, 0xff, 0xff, 0xed, 0x94, 0x0,
    0x0, 0xf, 0xff, 0xff, 0xff, 0xff, 0xff, 0xff,
    0xc1, 0x0, 0xf, 0xff, 0xff, 0xff, 0xff, 0xff,
    0xff, 0xfd, 0x0, 0xf, 0xff, 0xfd, 0xbb, 0xbc,
    0xff, 0xff, 0xff, 0x60, 0xf, 0xff, 0xf7, 0x0,
    0x0, 0x9, 0xff, 0xff, 0xb0, 0xf, 0xff, 0xf7,
    0x0, 0x0, 0x0, 0xdf, 0xff, 0xc0, 0xf, 0xff,
    0xf7, 0x0, 0x0, 0x0, 0xbf, 0xff, 0xb0, 0xf,
    0xff, 0xf7, 0x0, 0x0, 0x1, 0xff, 0xff, 0x60,
    0xf, 0xff, 0xf7, 0x0, 0x0, 0x4d, 0xff, 0xfc,
    0x0, 0xf, 0xff, 0xff, 0xff, 0xff, 0xff, 0xff,
    0x80, 0x0, 0xf, 0xff, 0xff, 0xff, 0xff, 0xff,
    0xf8, 0x30, 0x0, 0xf, 0xff, 0xff, 0xff, 0xff,
    0xff, 0xff, 0xfa, 0x0, 0xf, 0xff, 0xf8, 0x22,
    0x22, 0x4a, 0xff, 0xff, 0xa0, 0xf, 0xff, 0xf7,
    0x0, 0x0, 0x0, 0x8f, 0xff, 0xf3, 0xf, 0xff,
    0xf7, 0x0, 0x0, 0x0, 0xf, 0xff, 0xf8, 0xf,
    0xff, 0xf7, 0x0, 0x0, 0x0, 0xf, 0xff, 0xfa,
    0xf, 0xff, 0xf7, 0x0, 0x0, 0x0, 0x2f, 0xff,
    0xf9, 0xf, 0xff, 0xf7, 0x0, 0x0, 0x2, 0xdf,
    0xff, 0xf7, 0xf, 0xff, 0xfd, 0xcc, 0xcc, 0xdf,
    0xff, 0xff, 0xf1, 0xf, 0xff, 0xff, 0xff, 0xff,
    0xff, 0xff, 0xff, 0x60, 0xf, 0xff, 0xff, 0xff,
    0xff, 0xff, 0xff, 0xf6, 0x0, 0xf, 0xff, 0xff,
    0xff, 0xff, 0xfe, 0xc7, 0x10, 0x0,

    /* U+0043 "C" */
    0x0, 0x0, 0x0, 0x39, 0xcf, 0xfe, 0xc9, 0x30,
    0x0, 0x0, 0x0, 0x0, 0x2c, 0xff, 0xff, 0xff,
    0xff, 0xfc, 0x30, 0x0, 0x0, 0x5, 0xff, 0xff,
    0xff, 0xff, 0xff, 0xff, 0xf5, 0x0, 0x0, 0x3f,
    0xff, 0xff, 0xff, 0xff, 0xff, 0xff, 0xff, 0x30,
    0x0, 0xef, 0xff, 0xfe, 0x83, 0x13, 0x6e, 0xff,
    0xff, 0xd0, 0x7, 0xff, 0xff, 0xd1, 0x0, 0x0,
    0x0, 0xcf, 0xff, 0xf4, 0xe, 0xff, 0xff, 0x20,
    0x0, 0x0, 0x0, 0x1f, 0xff, 0xfa, 0x3f, 0xff,
    0xf9, 0x0, 0x0, 0x0, 0x0, 0x8, 0xbb, 0xb9,
    0x6f, 0xff, 0xf3, 0x0, 0x0, 0x0, 0x0, 0x0,
    0x0, 0x0, 0x8f, 0xff, 0xf0, 0x0, 0x0, 0x0,
    0x0, 0x0, 0x0, 0x0, 0x9f, 0xff, 0xf0, 0x0,
    0x0, 0x0, 0x0, 0x0, 0x0, 0x0, 0x9f, 0xff,
    0xf0, 0x0, 0x0, 0x0, 0x0, 0x0, 0x0, 0x0,
    0x8f, 0xff, 0xf0, 0x0, 0x0, 0x0, 0x0, 0x0,
    0x0, 0x0, 0x6f, 0xff, 0xf3, 0x0, 0x0, 0x0,
    0x0, 0x0, 0x0, 0x0, 0x3f, 0xff, 0xf8, 0x0,
    0x0, 0x0, 0x0, 0x7, 0xbb, 0xb9, 0xe, 0xff,
    0xff, 0x10, 0x0, 0x0, 0x0, 0x1f, 0xff, 0xfa,
    0x8, 0xff, 0xff, 0xc1, 0x0, 0x0, 0x0, 0xcf,
    0xff, 0xf4, 0x0, 0xef, 0xff, 0xfe, 0x73, 0x13,
    0x6d, 0xff, 0xff, 0xc0, 0x0, 0x4f, 0xff, 0xff,
    0xff, 0xff, 0xff, 0xff, 0xff, 0x30, 0x0, 0x5,
    0xff, 0xff, 0xff, 0xff, 0xff, 0xff, 0xf4, 0x0,
    0x0, 0x0, 0x2c, 0xff, 0xff, 0xff, 0xff, 0xfc,
    0x20, 0x0, 0x0, 0x0, 0x0, 0x49, 0xdf, 0xfe,
    0xd9, 0x40, 0x0, 0x0,

    /* U+0044 "D" */
    0xf, 0xff, 0xff, 0xff, 0xff, 0xeb, 0x71, 0x0,
    0x0, 0x0, 0xf, 0xff, 0xff, 0xff, 0xff, 0xff,
    0xff, 0x90, 0x0, 0x0, 0xf, 0xff, 0xff, 0xff,
    0xff, 0xff, 0xff, 0xfd, 0x20, 0x0, 0xf, 0xff,
    0xff, 0xff, 0xff, 0xff, 0xff, 0xff, 0xd1, 0x0,
    0xf, 0xff, 0xf7, 0x0, 0x0, 0x28, 0xff, 0xff,
    0xfa, 0x0, 0xf, 0xff, 0xf7, 0x0, 0x0, 0x0,
    0x2d, 0xff, 0xff, 0x20, 0xf, 0xff, 0xf7, 0x0,
    0x0, 0x0, 0x3, 0xff, 0xff, 0x90, 0xf, 0xff,
    0xf7, 0x0, 0x0, 0x0, 0x0, 0xbf, 0xff, 0xd0,
    0xf, 0xff, 0xf7, 0x0, 0x0, 0x0, 0x0, 0x7f,
    0xff, 0xf1, 0xf, 0xff, 0xf7, 0x0, 0x0, 0x0,
    0x0, 0x4f, 0xff, 0xf3, 0xf, 0xff, 0xf7, 0x0,
    0x0, 0x0, 0x0, 0x3f, 0xff, 0xf4, 0xf, 0xff,
    0xf7, 0x0, 0x0, 0x0, 0x0, 0x3f, 0xff, 0xf4,
    0xf, 0xff, 0xf7, 0x0, 0x0, 0x0, 0x0, 0x4f,
    0xff, 0xf3, 0xf, 0xff, 0xf7, 0x0, 0x0, 0x0,
    0x0, 0x7f, 0xff, 0xf1, 0xf, 0xff, 0xf7, 0x0,
    0x0, 0x0, 0x0, 0xbf, 0xff, 0xd0, 0xf, 0xff,
    0xf7, 0x0, 0x0, 0x0, 0x3, 0xff, 0xff, 0x90,
    0xf, 0xff, 0xf7, 0x0, 0x0, 0x0, 0x2d, 0xff,
    0xff, 0x20, 0xf, 0xff, 0xf7, 0x0, 0x0, 0x38,
    0xff, 0xff, 0xfa, 0x0, 0xf, 0xff, 0xff, 0xff,
    0xff, 0xff, 0xff, 0xff, 0xd1, 0x0, 0xf, 0xff,
    0xff, 0xff, 0xff, 0xff, 0xff, 0xfd, 0x20, 0x0,
    0xf, 0xff, 0xff, 0xff, 0xff, 0xff, 0xff, 0x90,
    0x0, 0x0, 0xf, 0xff, 0xff, 0xff, 0xff, 0xeb,
    0x71, 0x0, 0x0, 0x0,

    /* U+0045 "E" */
    0xf, 0xff, 0xff, 0xff, 0xff, 0xff, 0xff, 0xf9,
    0xf, 0xff, 0xff, 0xff, 0xff, 0xff, 0xff, 0xf9,
    0xf, 0xff, 0xff, 0xff, 0xff, 0xff, 0xff, 0xf9,
    0xf, 0xff, 0xfe, 0xcc, 0xcc, 0xcc, 0xcc, 0xc7,
    0xf, 0xff, 0xf7, 0x0, 0x0, 0x0, 0x0, 0x0,
    0xf, 0xff, 0xf7, 0x0, 0x0, 0x0, 0x0, 0x0,
    0xf, 0xff, 0xf7, 0x0, 0x0, 0x0, 0x0, 0x0,
    0xf, 0xff, 0xf7, 0x0, 0x0, 0x0, 0x0, 0x0,
    0xf, 0xff, 0xf7, 0x0, 0x0, 0x0, 0x0, 0x0,
    0xf, 0xff, 0xff, 0xff, 0xff, 0xff, 0xff, 0xd0,
    0xf, 0xff, 0xff, 0xff, 0xff, 0xff, 0xff, 0xd0,
    0xf, 0xff, 0xff, 0xff, 0xff, 0xff, 0xff, 0xd0,
    0xf, 0xff, 0xfd, 0xbb, 0xbb, 0xbb, 0xbb, 0x90,
    0xf, 0xff, 0xf7, 0x0, 0x0, 0x0, 0x0, 0x0,
    0xf, 0xff, 0xf7, 0x0, 0x0, 0x0, 0x0, 0x0,
    0xf, 0xff, 0xf7, 0x0, 0x0, 0x0, 0x0, 0x0,
    0xf, 0xff, 0xf7, 0x0, 0x0, 0x0, 0x0, 0x0,
    0xf, 0xff, 0xf7, 0x0, 0x0, 0x0, 0x0, 0x0,
    0xf, 0xff, 0xfe, 0xcc, 0xcc, 0xcc, 0xcc, 0xc7,
    0xf, 0xff, 0xff, 0xff, 0xff, 0xff, 0xff, 0xf9,
    0xf, 0xff, 0xff, 0xff, 0xff, 0xff, 0xff, 0xf9,
    0xf, 0xff, 0xff, 0xff, 0xff, 0xff, 0xff, 0xf9,

    /* U+0046 "F" */
    0xf, 0xff, 0xff, 0xff, 0xff, 0xff, 0xff, 0xf5,
    0xf, 0xff, 0xff, 0xff, 0xff, 0xff, 0xff, 0xf5,
    0xf, 0xff, 0xff, 0xff, 0xff, 0xff, 0xff, 0xf5,
    0xf, 0xff, 0xfe, 0xcc, 0xcc, 0xcc, 0xcc, 0xc4,
    0xf, 0xff, 0xf7, 0x0, 0x0, 0x0, 0x0, 0x0,
    0xf, 0xff, 0xf7, 0x0, 0x0, 0x0, 0x0, 0x0,
    0xf, 0xff, 0xf7, 0x0, 0x0, 0x0, 0x0, 0x0,
    0xf, 0xff, 0xf7, 0x0, 0x0, 0x0, 0x0, 0x0,
    0xf, 0xff, 0xf7, 0x0, 0x0, 0x0, 0x0, 0x0,
    0xf, 0xff, 0xf7, 0x0, 0x0, 0x0, 0x0, 0x0,
    0xf, 0xff, 0xff, 0xff, 0xff, 0xff, 0xff, 0x50,
    0xf, 0xff, 0xff, 0xff, 0xff, 0xff, 0xff, 0x50,
    0xf, 0xff, 0xff, 0xff, 0xff, 0xff, 0xff, 0x50,
    0xf, 0xff, 0xfd, 0xbb, 0xbb, 0xbb, 0xbb, 0x40,
    0xf, 0xff, 0xf7, 0x0, 0x0, 0x0, 0x0, 0x0,
    0xf, 0xff, 0xf7, 0x0, 0x0, 0x0, 0x0, 0x0,
    0xf, 0xff, 0xf7, 0x0, 0x0, 0x0, 0x0, 0x0,
    0xf, 0xff, 0xf7, 0x0, 0x0, 0x0, 0x0, 0x0,
    0xf, 0xff, 0xf7, 0x0, 0x0, 0x0, 0x0, 0x0,
    0xf, 0xff, 0xf7, 0x0, 0x0, 0x0, 0x0, 0x0,
    0xf, 0xff, 0xf7, 0x0, 0x0, 0x0, 0x0, 0x0,
    0xf, 0xff, 0xf7, 0x0, 0x0, 0x0, 0x0, 0x0,

    /* U+0047 "G" */
    0x0, 0x0, 0x0, 0x39, 0xce, 0xfe, 0xd9, 0x30,
    0x0, 0x0, 0x0, 0x0, 0x2, 0xbf, 0xff, 0xff,
    0xff, 0xff, 0xc3, 0x0, 0x0, 0x0, 0x4, 0xff,
    0xff, 0xff, 0xff, 0xff, 0xff, 0xf5, 0x0, 0x0,
    0x3, 0xff, 0xff, 0xff, 0xff, 0xff, 0xff, 0xff,
    0xf4, 0x0, 0x0, 0xdf, 0xff, 0xfe, 0x83, 0x13,
    0x6d, 0xff, 0xff, 0xe0, 0x0, 0x7f, 0xff, 0xfd,
    0x10, 0x0, 0x0, 0xb, 0xff, 0xff, 0x60, 0xe,
    0xff, 0xff, 0x20, 0x0, 0x0, 0x0, 0x1f, 0xff,
    0xfa, 0x3, 0xff, 0xff, 0x90, 0x0, 0x0, 0x0,
    0x0, 0x12, 0x22, 0x10, 0x6f, 0xff, 0xf3, 0x0,
    0x0, 0x0, 0x0, 0x0, 0x0, 0x0, 0x8, 0xff,
    0xff, 0x0, 0x0, 0x0, 0x0, 0x0, 0x0, 0x0,
    0x0, 0x9f, 0xff, 0xf0, 0x0, 0x0, 0xf, 0xff,
    0xff, 0xff, 0xff, 0x19, 0xff, 0xff, 0x0, 0x0,
    0x0, 0xff, 0xff, 0xff, 0xff, 0xf1, 0x8f, 0xff,
    0xf0, 0x0, 0x0, 0xf, 0xff, 0xff, 0xff, 0xff,
    0x6, 0xff, 0xff, 0x30, 0x0, 0x0, 0x77, 0x77,
    0xaf, 0xff, 0xf0, 0x3f, 0xff, 0xf8, 0x0, 0x0,
    0x0, 0x0, 0x6, 0xff, 0xfe, 0x0, 0xef, 0xff,
    0xf2, 0x0, 0x0, 0x0, 0x0, 0xcf, 0xff, 0xb0,
    0x8, 0xff, 0xff, 0xd1, 0x0, 0x0, 0x0, 0x7f,
    0xff, 0xf6, 0x0, 0xe, 0xff, 0xff, 0xe7, 0x31,
    0x25, 0xbf, 0xff, 0xfe, 0x0, 0x0, 0x4f, 0xff,
    0xff, 0xff, 0xff, 0xff, 0xff, 0xff, 0x30, 0x0,
    0x0, 0x5f, 0xff, 0xff, 0xff, 0xff, 0xff, 0xff,
    0x60, 0x0, 0x0, 0x0, 0x2c, 0xff, 0xff, 0xff,
    0xff, 0xfd, 0x30, 0x0, 0x0, 0x0, 0x0, 0x3,
    0x9c, 0xef, 0xfd, 0xa5, 0x0, 0x0, 0x0,

    /* U+0048 "H" */
    0xf, 0xff, 0xf7, 0x0, 0x0, 0x0, 0x0, 0xf,
    0xff, 0xf7, 0xf, 0xff, 0xf7, 0x0, 0x0, 0x0,
    0x0, 0xf, 0xff, 0xf7, 0xf, 0xff, 0xf7, 0x0,
    0x0, 0x0, 0x0, 0xf, 0xff, 0xf7, 0xf, 0xff,
    0xf7, 0x0, 0x0, 0x0, 0x0, 0xf, 0xff, 0xf7,
    0xf, 0xff, 0xf7, 0x0, 0x0, 0x0, 0x0, 0xf,
    0xff, 0xf7, 0xf, 0xff, 0xf7, 0x0, 0x0, 0x0,
    0x0, 0xf, 0xff, 0xf7, 0xf, 0xff, 0xf7, 0x0,
    0x0, 0x0, 0x0, 0xf, 0xff, 0xf7, 0xf, 0xff,
    0xf7, 0x0, 0x0, 0x0, 0x0, 0xf, 0xff, 0xf7,
    0xf, 0xff, 0xf7, 0x0, 0x0, 0x0, 0x0, 0xf,
    0xff, 0xf7, 0xf, 0xff, 0xff, 0xff, 0xff, 0xff,
    0xff, 0xff, 0xff, 0xf7, 0xf, 0xff, 0xff, 0xff,
    0xff, 0xff, 0xff, 0xff, 0xff, 0xf7, 0xf, 0xff,
    0xff, 0xff, 0xff, 0xff, 0xff, 0xff, 0xff, 0xf7,
    0xf, 0xff, 0xfe, 0xdd, 0xdd, 0xdd, 0xdd, 0xdf,
    0xff, 0xf7, 0xf, 0xff, 0xf7, 0x0, 0x0, 0x0,
    0x0, 0xf, 0xff, 0xf7, 0xf, 0xff, 0xf7, 0x0,
    0x0, 0x0, 0x0, 0xf, 0xff, 0xf7, 0xf, 0xff,
    0xf7, 0x0, 0x0, 0x0, 0x0, 0xf, 0xff, 0xf7,
    0xf, 0xff, 0xf7, 0x0, 0x0, 0x0, 0x0, 0xf,
    0xff, 0xf7, 0xf, 0xff, 0xf7, 0x0, 0x0, 0x0,
    0x0, 0xf, 0xff, 0xf7, 0xf, 0xff, 0xf7, 0x0,
    0x0, 0x0, 0x0, 0xf, 0xff, 0xf7, 0xf, 0xff,
    0xf7, 0x0, 0x0, 0x0, 0x0, 0xf, 0xff, 0xf7,
    0xf, 0xff, 0xf7, 0x0, 0x0, 0x0, 0x0, 0xf,
    0xff, 0xf7, 0xf, 0xff, 0xf7, 0x0, 0x0, 0x0,
    0x0, 0xf, 0xff, 0xf7,

    /* U+0049 "I" */
    0xf, 0xff, 0xf7, 0xf, 0xff, 0xf7, 0xf, 0xff,
    0xf7, 0xf, 0xff, 0xf7, 0xf, 0xff, 0xf7, 0xf,
    0xff, 0xf7, 0xf, 0xff, 0xf7, 0xf, 0xff, 0xf7,
    0xf, 0xff, 0xf7, 0xf, 0xff, 0xf7, 0xf, 0xff,
    0xf7, 0xf, 0xff, 0xf7, 0xf, 0xff, 0xf7, 0xf,
    0xff, 0xf7, 0xf, 0xff, 0xf7, 0xf, 0xff, 0xf7,
    0xf, 0xff, 0xf7, 0xf, 0xff, 0xf7, 0xf, 0xff,
    0xf7, 0xf, 0xff, 0xf7, 0xf, 0xff, 0xf7, 0xf,
    0xff, 0xf7,

    /* U+004A "J" */
    0x0, 0x0, 0x0, 0x0, 0x0, 0xdf, 0xff, 0x90,
    0x0, 0x0, 0x0, 0x0, 0xd, 0xff, 0xf9, 0x0,
    0x0, 0x0, 0x0, 0x0, 0xdf, 0xff, 0x90, 0x0,
    0x0, 0x0, 0x0, 0xd, 0xff, 0xf9, 0x0, 0x0,
    0x0, 0x0, 0x0, 0xdf, 0xff, 0x90, 0x0, 0x0,
    0x0, 0x0, 0xd, 0xff, 0xf9, 0x0, 0x0, 0x0,
    0x0, 0x0, 0xdf, 0xff, 0x90, 0x0, 0x0, 0x0,
    0x0, 0xd, 0xff, 0xf9, 0x0, 0x0, 0x0, 0x0,
    0x0, 0xdf, 0xff, 0x90, 0x0, 0x0, 0x0, 0x0,
    0xd, 0xff, 0xf9, 0x0, 0x0, 0x0, 0x0, 0x0,
    0xdf, 0xff, 0x90, 0x0, 0x0, 0x0, 0x0, 0xd,
    0xff, 0xf9, 0x0, 0x0, 0x0, 0x0, 0x0, 0xdf,
    0xff, 0x92, 0x22, 0x21, 0x0, 0x0, 0xd, 0xff,
    0xf9, 0xff, 0xff, 0x70, 0x0, 0x0, 0xdf, 0xff,
    0x9f, 0xff, 0xf8, 0x0, 0x0, 0xe, 0xff, 0xf8,
    0xef, 0xff, 0xb0, 0x0, 0x1, 0xff, 0xff, 0x7a,
    0xff, 0xff, 0x50, 0x0, 0xaf, 0xff, 0xf3, 0x4f,
    0xff, 0xff, 0xdb, 0xef, 0xff, 0xfd, 0x0, 0xaf,
    0xff, 0xff, 0xff, 0xff, 0xff, 0x40, 0x0, 0x9f,
    0xff, 0xff, 0xff, 0xfe, 0x50, 0x0, 0x0, 0x39,
    0xdf, 0xfe, 0xc7, 0x10, 0x0,

    /* U+004B "K" */
    0xf, 0xff, 0xf7, 0x0, 0x0, 0x0, 0x4, 0xff,
    0xff, 0xf3, 0xf, 0xff, 0xf7, 0x0, 0x0, 0x0,
    0x3f, 0xff, 0xff, 0x50, 0xf, 0xff, 0xf7, 0x0,
    0x0, 0x1, 0xef, 0xff, 0xf7, 0x0, 0xf, 0xff,
    0xf7, 0x0, 0x0, 0xc, 0xff, 0xff, 0x90, 0x0,
    0xf, 0xff, 0xf7, 0x0, 0x0, 0xaf, 0xff, 0xfb,
    0x0, 0x0, 0xf, 0xff, 0xf7, 0x0, 0x8, 0xff,
    0xff, 0xd0, 0x0, 0x0, 0xf, 0xff, 0xf7, 0x0,
    0x5f, 0xff, 0xfe, 0x10, 0x0, 0x0, 0xf, 0xff,
    0xf6, 0x2, 0xff, 0xff, 0xf3, 0x0, 0x0, 0x0,
    0xf, 0xff, 0xf6, 0xd, 0xff, 0xff, 0x50, 0x0,
    0x0, 0x0, 0xf, 0xff, 0xf6, 0x9f, 0xff, 0xfa,
    0x0, 0x0, 0x0, 0x0, 0xf, 0xff, 0xfb, 0xff,
    0xff, 0xff, 0x20, 0x0, 0x0, 0x0, 0xf, 0xff,
    0xff, 0xff, 0xff, 0xff, 0xc0, 0x0, 0x0, 0x0,
    0xf, 0xff, 0xff, 0xff, 0xcf, 0xff, 0xf6, 0x0,
    0x0, 0x0, 0xf, 0xff, 0xff, 0xf6, 0x1e, 0xff,
    0xff, 0x20, 0x0, 0x0, 0xf, 0xff, 0xff, 0x80,
    0x5, 0xff, 0xff, 0xc0, 0x0, 0x0, 0xf, 0xff,
    0xfa, 0x0, 0x0, 0xbf, 0xff, 0xf7, 0x0, 0x0,
    0xf, 0xff, 0xf7, 0x0, 0x0, 0x1f, 0xff, 0xff,
    0x20, 0x0, 0xf, 0xff, 0xf7, 0x0, 0x0, 0x6,
    0xff, 0xff, 0xc0, 0x0, 0xf, 0xff, 0xf7, 0x0,
    0x0, 0x0, 0xbf, 0xff, 0xf7, 0x0, 0xf, 0xff,
    0xf7, 0x0, 0x0, 0x0, 0x2f, 0xff, 0xff, 0x20,
    0xf, 0xff, 0xf7, 0x0, 0x0, 0x0, 0x6, 0xff,
    0xff, 0xc0, 0xf, 0xff, 0xf7, 0x0, 0x0, 0x0,
    0x0, 0xcf, 0xff, 0xf7,

    /* U+004C "L" */
    0xf, 0xff, 0xf7, 0x0, 0x0, 0x0, 0x0, 0x0,
    0xff, 0xff, 0x70, 0x0, 0x0, 0x0, 0x0, 0xf,
    0xff, 0xf7, 0x0, 0x0, 0x0, 0x0, 0x0, 0xff,
    0xff, 0x70, 0x0, 0x0, 0x0, 0x0, 0xf, 0xff,
    0xf7, 0x0, 0x0, 0x0, 0x0, 0x0, 0xff, 0xff,
    0x70, 0x0, 0x0, 0x0, 0x0, 0xf, 0xff, 0xf7,
    0x0, 0x0, 0x0, 0x0, 0x0, 0xff, 0xff, 0x70,
    0x0, 0x0, 0x0, 0x0, 0xf, 0xff, 0xf7, 0x0,
    0x0, 0x0, 0x0, 0x0, 0xff, 0xff, 0x70, 0x0,
    0x0, 0x0, 0x0, 0xf, 0xff, 0xf7, 0x0, 0x0,
    0x0, 0x0, 0x0, 0xff, 0xff, 0x70, 0x0, 0x0,
    0x0, 0x0, 0xf, 0xff, 0xf7, 0x0, 0x0, 0x0,
    0x0, 0x0, 0xff, 0xff, 0x70, 0x0, 0x0, 0x0,
    0x0, 0xf, 0xff, 0xf7, 0x0, 0x0, 0x0, 0x0,
    0x0, 0xff, 0xff, 0x70, 0x0, 0x0, 0x0, 0x0,
    0xf, 0xff, 0xf7, 0x0, 0x0, 0x0, 0x0, 0x0,
    0xff, 0xff, 0x70, 0x0, 0x0, 0x0, 0x0, 0xf,
    0xff, 0xfe, 0xcc, 0xcc, 0xcc, 0xcc, 0xa0, 0xff,
    0xff, 0xff, 0xff, 0xff, 0xff, 0xfd, 0xf, 0xff,
    0xff, 0xff, 0xff, 0xff, 0xff, 0xd0, 0xff, 0xff,
    0xff, 0xff, 0xff, 0xff, 0xfd,

    /* U+004D "M" */
    0xf, 0xff, 0xff, 0xff, 0x0, 0x0, 0x0, 0x0,
    0x1, 0xff, 0xff, 0xff, 0xf0, 0xff, 0xff, 0xff,
    0xf5, 0x0, 0x0, 0x0, 0x0, 0x6f, 0xff, 0xff,
    0xff, 0xf, 0xff, 0xff, 0xff, 0xb0, 0x0, 0x0,
    0x0, 0xc, 0xff, 0xff, 0xff, 0xf0, 0xff, 0xff,
    0xff, 0xff, 0x10, 0x0, 0x0, 0x1, 0xff, 0xff,
    0xff, 0xff, 0xf, 0xff, 0xfe, 0xff, 0xf6, 0x0,
    0x0, 0x0, 0x7f, 0xff, 0xdf, 0xff, 0xf0, 0xff,
    0xff, 0xaf, 0xff, 0xc0, 0x0, 0x0, 0xc, 0xff,
    0xf9, 0xff, 0xff, 0xf, 0xff, 0xf6, 0xff, 0xff,
    0x10, 0x0, 0x2, 0xff, 0xff, 0x6f, 0xff, 0xf0,
    0xff, 0xff, 0x5c, 0xff, 0xf7, 0x0, 0x0, 0x7f,
    0xff, 0xb6, 0xff, 0xff, 0xf, 0xff, 0xf5, 0x8f,
    0xff, 0xd0, 0x0, 0xd, 0xff, 0xf6, 0x7f, 0xff,
    0xf0, 0xff, 0xff, 0x63, 0xff, 0xff, 0x20, 0x2,
    0xff, 0xff, 0x27, 0xff, 0xff, 0xf, 0xff, 0xf6,
    0xe, 0xff, 0xf7, 0x0, 0x8f, 0xff, 0xd0, 0x8f,
    0xff, 0xf0, 0xff, 0xff, 0x60, 0x9f, 0xff, 0xc0,
    0xc, 0xff, 0xf8, 0x8, 0xff, 0xff, 0xf, 0xff,
    0xf6, 0x4, 0xff, 0xff, 0x0, 0xff, 0xff, 0x20,
    0x8f, 0xff, 0xf0, 0xff, 0xff, 0x60, 0xe, 0xff,
    0xf4, 0x4f, 0xff, 0xd0, 0x8, 0xff, 0xff, 0xf,
    0xff, 0xf6, 0x0, 0x9f, 0xff, 0x87, 0xff, 0xf7,
    0x0, 0x8f, 0xff, 0xf0, 0xff, 0xff, 0x60, 0x3,
    0xff, 0xfb, 0xbf, 0xff, 0x20, 0x8, 0xff, 0xff,
    0xf, 0xff, 0xf6, 0x0, 0xd, 0xff, 0xee, 0xff,
    0xc0, 0x0, 0x8f, 0xff, 0xf0, 0xff, 0xff, 0x60,
    0x0, 0x8f, 0xff, 0xff, 0xf6, 0x0, 0x8, 0xff,
    0xff, 0xf, 0xff, 0xf6, 0x0, 0x2, 0xff, 0xff,
    0xff, 0x10, 0x0, 0x8f, 0xff, 0xf0, 0xff, 0xff,
    0x60, 0x0, 0xc, 0xff, 0xff, 0xb0, 0x0, 0x8,
    0xff, 0xff, 0xf, 0xff, 0xf6, 0x0, 0x0, 0x7f,
    0xff, 0xf6, 0x0, 0x0, 0x8f, 0xff, 0xf0, 0xff,
    0xff, 0x60, 0x0, 0x1, 0xff, 0xff, 0x0, 0x0,
    0x8, 0xff, 0xff,

    /* U+004E "N" */
    0xf, 0xff, 0xff, 0x40, 0x0, 0x0, 0x0, 0xb,
    0xff, 0xfe, 0xf, 0xff, 0xff, 0xd0, 0x0, 0x0,
    0x0, 0xb, 0xff, 0xfe, 0xf, 0xff, 0xff, 0xf8,
    0x0, 0x0, 0x0, 0xb, 0xff, 0xfe, 0xf, 0xff,
    0xff, 0xff, 0x20, 0x0, 0x0, 0xb, 0xff, 0xfe,
    0xf, 0xff, 0xff, 0xff, 0xb0, 0x0, 0x0, 0xb,
    0xff, 0xfe, 0xf, 0xff, 0xff, 0xff, 0xf5, 0x0,
    0x0, 0xb, 0xff, 0xfe, 0xf, 0xff, 0xf9, 0xff,
    0xfe, 0x10, 0x0, 0xb, 0xff, 0xfe, 0xf, 0xff,
    0xf5, 0xcf, 0xff, 0x90, 0x0, 0xb, 0xff, 0xfe,
    0xf, 0xff, 0xf6, 0x4f, 0xff, 0xf3, 0x0, 0xb,
    0xff, 0xfe, 0xf, 0xff, 0xf7, 0xb, 0xff, 0xfd,
    0x0, 0xb, 0xff, 0xfe, 0xf, 0xff, 0xf8, 0x3,
    0xff, 0xff, 0x70, 0xa, 0xff, 0xfe, 0xf, 0xff,
    0xf8, 0x0, 0x9f, 0xff, 0xf1, 0xa, 0xff, 0xfe,
    0xf, 0xff, 0xf8, 0x0, 0x1e, 0xff, 0xfa, 0xa,
    0xff, 0xfe, 0xf, 0xff, 0xf8, 0x0, 0x6, 0xff,
    0xff, 0x29, 0xff, 0xfe, 0xf, 0xff, 0xf8, 0x0,
    0x0, 0xcf, 0xff, 0xa8, 0xff, 0xfe, 0xf, 0xff,
    0xf8, 0x0, 0x0, 0x2f, 0xff, 0xfa, 0xff, 0xfe,
    0xf, 0xff, 0xf8, 0x0, 0x0, 0x8, 0xff, 0xff,
    0xff, 0xfe, 0xf, 0xff, 0xf8, 0x0, 0x0, 0x0,
    0xdf, 0xff, 0xff, 0xfe, 0xf, 0xff, 0xf8, 0x0,
    0x0, 0x0, 0x4f, 0xff, 0xff, 0xfe, 0xf, 0xff,
    0xf8, 0x0, 0x0, 0x0, 0xa, 0xff, 0xff, 0xfe,
    0xf, 0xff, 0xf8, 0x0, 0x0, 0x0, 0x1, 0xff,
    0xff, 0xfe, 0xf, 0xff, 0xf8, 0x0, 0x0, 0x0,
    0x0, 0x6f, 0xff, 0xfe,

    /* U+004F "O" */
    0x0, 0x0, 0x0, 0x39, 0xce, 0xff, 0xd9, 0x40,
    0x0, 0x0, 0x0, 0x0, 0x2, 0xcf, 0xff, 0xff,
    0xff, 0xff, 0xc3, 0x0, 0x0, 0x0, 0x4, 0xff,
    0xff, 0xff, 0xff, 0xff, 0xff, 0xf6, 0x0, 0x0,
    0x3, 0xff, 0xff, 0xff, 0xff, 0xff, 0xff, 0xff,
    0xf5, 0x0, 0x0, 0xef, 0xff, 0xfe, 0x73, 0x13,
    0x6d, 0xff, 0xff, 0xf1, 0x0, 0x7f, 0xff, 0xfc,
    0x10, 0x0, 0x0, 0xb, 0xff, 0xff, 0x90, 0xe,
    0xff, 0xff, 0x10, 0x0, 0x0, 0x0, 0xe, 0xff,
    0xff, 0x3, 0xff, 0xff, 0x80, 0x0, 0x0, 0x0,
    0x0, 0x6f, 0xff, 0xf4, 0x6f, 0xff, 0xf3, 0x0,
    0x0, 0x0, 0x0, 0x1, 0xff, 0xff, 0x88, 0xff,
    0xff, 0x0, 0x0, 0x0, 0x0, 0x0, 0xe, 0xff,
    0xfa, 0x9f, 0xff, 0xf0, 0x0, 0x0, 0x0, 0x0,
    0x0, 0xdf, 0xff, 0xb9, 0xff, 0xff, 0x0, 0x0,
    0x0, 0x0, 0x0, 0xd, 0xff, 0xfb, 0x8f, 0xff,
    0xf0, 0x0, 0x0, 0x0, 0x0, 0x0, 0xef, 0xff,
    0xa6, 0xff, 0xff, 0x30, 0x0, 0x0, 0x0, 0x0,
    0x1f, 0xff, 0xf8, 0x3f, 0xff, 0xf8, 0x0, 0x0,
    0x0, 0x0, 0x6, 0xff, 0xff, 0x50, 0xef, 0xff,
    0xf1, 0x0, 0x0, 0x0, 0x0, 0xef, 0xff, 0xf0,
    0x7, 0xff, 0xff, 0xc1, 0x0, 0x0, 0x0, 0xbf,
    0xff, 0xf9, 0x0, 0xe, 0xff, 0xff, 0xe7, 0x31,
    0x26, 0xdf, 0xff, 0xff, 0x10, 0x0, 0x3f, 0xff,
    0xff, 0xff, 0xff, 0xff, 0xff, 0xff, 0x50, 0x0,
    0x0, 0x4f, 0xff, 0xff, 0xff, 0xff, 0xff, 0xff,
    0x60, 0x0, 0x0, 0x0, 0x2c, 0xff, 0xff, 0xff,
    0xff, 0xfd, 0x30, 0x0, 0x0, 0x0, 0x0, 0x3,
    0x9c, 0xff, 0xfd, 0x94, 0x0, 0x0, 0x0,

    /* U+0050 "P" */
    0xf, 0xff, 0xff, 0xff, 0xff, 0xec, 0x72, 0x0,
    0x0, 0xf, 0xff, 0xff, 0xff, 0xff, 0xff, 0xff,
    0x70, 0x0, 0xf, 0xff, 0xff, 0xff, 0xff, 0xff,
    0xff, 0xf9, 0x0, 0xf, 0xff, 0xfe, 0xcc, 0xcd,
    0xff, 0xff, 0xff, 0x40, 0xf, 0xff, 0xf7, 0x0,
    0x0, 0x1a, 0xff, 0xff, 0xb0, 0xf, 0xff, 0xf7,
    0x0, 0x0, 0x0, 0xcf, 0xff, 0xf1, 0xf, 0xff,
    0xf7, 0x0, 0x0, 0x0, 0x6f, 0xff, 0xf3, 0xf,
    0xff, 0xf7, 0x0, 0x0, 0x0, 0x5f, 0xff, 0xf4,
    0xf, 0xff, 0xf7, 0x0, 0x0, 0x0, 0x7f, 0xff,
    0xf2, 0xf, 0xff, 0xf7, 0x0, 0x0, 0x0, 0xef,
    0xff, 0xf0, 0xf, 0xff, 0xf7, 0x0, 0x1, 0x4d,
    0xff, 0xff, 0xa0, 0xf, 0xff, 0xff, 0xff, 0xff,
    0xff, 0xff, 0xff, 0x20, 0xf, 0xff, 0xff, 0xff,
    0xff, 0xff, 0xff, 0xf5, 0x0, 0xf, 0xff, 0xff,
    0xff, 0xff, 0xff, 0xfd, 0x30, 0x0, 0xf, 0xff,
    0xfd, 0xbb, 0xba, 0x97, 0x30, 0x0, 0x0, 0xf,
    0xff, 0xf7, 0x0, 0x0, 0x0, 0x0, 0x0, 0x0,
    0xf, 0xff, 0xf7, 0x0, 0x0, 0x0, 0x0, 0x0,
    0x0, 0xf, 0xff, 0xf7, 0x0, 0x0, 0x0, 0x0,
    0x0, 0x0, 0xf, 0xff, 0xf7, 0x0, 0x0, 0x0,
    0x0, 0x0, 0x0, 0xf, 0xff, 0xf7, 0x0, 0x0,
    0x0, 0x0, 0x0, 0x0, 0xf, 0xff, 0xf7, 0x0,
    0x0, 0x0, 0x0, 0x0, 0x0, 0xf, 0xff, 0xf7,
    0x0, 0x0, 0x0, 0x0, 0x0, 0x0,

    /* U+0051 "Q" */
    0x0, 0x0, 0x0, 0x39, 0xce, 0xff, 0xd9, 0x40,
    0x0, 0x0, 0x0, 0x0, 0x2, 0xcf, 0xff, 0xff,
    0xff, 0xff, 0xd3, 0x0, 0x0, 0x0, 0x4, 0xff,
    0xff, 0xff, 0xff, 0xff, 0xff, 0xf6, 0x0, 0x0,
    0x3, 0xff, 0xff, 0xff, 0xff, 0xff, 0xff, 0xff,
    0xf5, 0x0, 0x0, 0xef, 0xff, 0xfe, 0x73, 0x13,
    0x6d, 0xff, 0xff, 0xf1, 0x0, 0x7f, 0xff, 0xfc,
    0x10, 0x0, 0x0, 0xb, 0xff, 0xff, 0x90, 0xe,
    0xff, 0xff, 0x10, 0x0, 0x0, 0x0, 0xe, 0xff,
    0xff, 0x3, 0xff, 0xff, 0x80, 0x0, 0x0, 0x0,
    0x0, 0x6f, 0xff, 0xf5, 0x6f, 0xff, 0xf3, 0x0,
    0x0, 0x0, 0x0, 0x1, 0xff, 0xff, 0x88, 0xff,
    0xff, 0x0, 0x0, 0x0, 0x0, 0x0, 0xe, 0xff,
    0xfa, 0x9f, 0xff, 0xf0, 0x0, 0x0, 0x0, 0x0,
    0x0, 0xdf, 0xff, 0xb9, 0xff, 0xff, 0x0, 0x0,
    0x0, 0x0, 0x0, 0xd, 0xff, 0xfb, 0x8f, 0xff,
    0xf0, 0x0, 0x0, 0x0, 0x0, 0x0, 0xef, 0xff,
    0xa6, 0xff, 0xff, 0x30, 0x0, 0x0, 0x0, 0x0,
    0x1f, 0xff, 0xf8, 0x3f, 0xff, 0xf8, 0x0, 0x6,
    0xbb, 0xb3, 0x6, 0xff, 0xff, 0x40, 0xef, 0xff,
    0xf1, 0x0, 0xc, 0xff, 0xe2, 0xef, 0xff, 0xf0,
    0x7, 0xff, 0xff, 0xc1, 0x0, 0x2e, 0xff, 0xff,
    0xff, 0xf9, 0x0, 0xe, 0xff, 0xff, 0xe7, 0x31,
    0x6f, 0xff, 0xff, 0xfe, 0x10, 0x0, 0x3f, 0xff,
    0xff, 0xff, 0xff, 0xff, 0xff, 0xff, 0x40, 0x0,
    0x0, 0x4f, 0xff, 0xff, 0xff, 0xff, 0xff, 0xff,
    0x80, 0x0, 0x0, 0x0, 0x2c, 0xff, 0xff, 0xff,
    0xff, 0xff, 0xff, 0x20, 0x0, 0x0, 0x0, 0x3,
    0x9c, 0xff, 0xed, 0x87, 0xff, 0xfd, 0x0, 0x0,
    0x0, 0x0, 0x0, 0x0, 0x0, 0x0, 0x8, 0xff,
    0xfa, 0x0, 0x0, 0x0, 0x0, 0x0, 0x0, 0x0,
    0x0, 0x7, 0x88, 0x82,

    /* U+0052 "R" */
    0xf, 0xff, 0xff, 0xff, 0xff, 0xec, 0x83, 0x0,
    0x0, 0x0, 0xff, 0xff, 0xff, 0xff, 0xff, 0xff,
    0xf9, 0x0, 0x0, 0xf, 0xff, 0xff, 0xff, 0xff,
    0xff, 0xff, 0xfb, 0x0, 0x0, 0xff, 0xff, 0xec,
    0xcc, 0xdf, 0xff, 0xff, 0xf6, 0x0, 0xf, 0xff,
    0xf7, 0x0, 0x0, 0x18, 0xff, 0xff, 0xd0, 0x0,
    0xff, 0xff, 0x70, 0x0, 0x0, 0xb, 0xff, 0xff,
    0x10, 0xf, 0xff, 0xf7, 0x0, 0x0, 0x0, 0x6f,
    0xff, 0xf3, 0x0, 0xff, 0xff, 0x70, 0x0, 0x0,
    0x5, 0xff, 0xff, 0x30, 0xf, 0xff, 0xf7, 0x0,
    0x0, 0x0, 0xaf, 0xff, 0xf2, 0x0, 0xff, 0xff,
    0x70, 0x0, 0x0, 0x7f, 0xff, 0xfe, 0x0, 0xf,
    0xff, 0xfd, 0xbb, 0xbc, 0xff, 0xff, 0xff, 0x70,
    0x0, 0xff, 0xff, 0xff, 0xff, 0xff, 0xff, 0xff,
    0xb0, 0x0, 0xf, 0xff, 0xff, 0xff, 0xff, 0xff,
    0xff, 0xa0, 0x0, 0x0, 0xff, 0xff, 0xff, 0xff,
    0xff, 0xff, 0xa0, 0x0, 0x0, 0xf, 0xff, 0xf7,
    0x0, 0xc, 0xff, 0xff, 0x10, 0x0, 0x0, 0xff,
    0xff, 0x70, 0x0, 0x4f, 0xff, 0xf9, 0x0, 0x0,
    0xf, 0xff, 0xf7, 0x0, 0x0, 0xbf, 0xff, 0xf2,
    0x0, 0x0, 0xff, 0xff, 0x70, 0x0, 0x3, 0xff,
    0xff, 0xa0, 0x0, 0xf, 0xff, 0xf7, 0x0, 0x0,
    0xb, 0xff, 0xff, 0x30, 0x0, 0xff, 0xff, 0x70,
    0x0, 0x0, 0x2f, 0xff, 0xfb, 0x0, 0xf, 0xff,
    0xf7, 0x0, 0x0, 0x0, 0xaf, 0xff, 0xf4, 0x0,
    0xff, 0xff, 0x70, 0x0, 0x0, 0x2, 0xff, 0xff,
    0xc0,

    /* U+0053 "S" */
    0x0, 0x0, 0x16, 0xbd, 0xff, 0xdb, 0x61, 0x0,
    0x0, 0x0, 0x7, 0xff, 0xff, 0xff, 0xff, 0xfe,
    0x60, 0x0, 0x0, 0x9f, 0xff, 0xff, 0xff, 0xff,
    0xff, 0xf7, 0x0, 0x6, 0xff, 0xff, 0xff, 0xee,
    0xff, 0xff, 0xff, 0x30, 0xd, 0xff, 0xff, 0x81,
    0x0, 0x18, 0xff, 0xff, 0xb0, 0x1f, 0xff, 0xf9,
    0x0, 0x0, 0x0, 0x9f, 0xff, 0xf0, 0x2f, 0xff,
    0xf7, 0x0, 0x0, 0x0, 0x28, 0x88, 0x80, 0xf,
    0xff, 0xfd, 0x0, 0x0, 0x0, 0x0, 0x0, 0x0,
    0xb, 0xff, 0xff, 0xe7, 0x20, 0x0, 0x0, 0x0,
    0x0, 0x2, 0xff, 0xff, 0xff, 0xfd, 0xa5, 0x0,
    0x0, 0x0, 0x0, 0x3d, 0xff, 0xff, 0xff, 0xff,
    0xfa, 0x20, 0x0, 0x0, 0x0, 0x6c, 0xff, 0xff,
    0xff, 0xff, 0xf7, 0x0, 0x0, 0x0, 0x0, 0x15,
    0x9d, 0xff, 0xff, 0xff, 0x60, 0x0, 0x0, 0x0,
    0x0, 0x0, 0x18, 0xff, 0xff, 0xe0, 0x0, 0x0,
    0x0, 0x0, 0x0, 0x0, 0x6f, 0xff, 0xf4, 0xbf,
    0xff, 0xb0, 0x0, 0x0, 0x0, 0x2f, 0xff, 0xf6,
    0x9f, 0xff, 0xf2, 0x0, 0x0, 0x0, 0x6f, 0xff,
    0xf4, 0x4f, 0xff, 0xfe, 0x50, 0x0, 0x17, 0xff,
    0xff, 0xf1, 0xc, 0xff, 0xff, 0xff, 0xee, 0xff,
    0xff, 0xff, 0xa0, 0x1, 0xef, 0xff, 0xff, 0xff,
    0xff, 0xff, 0xfd, 0x10, 0x0, 0x1a, 0xff, 0xff,
    0xff, 0xff, 0xff, 0xa1, 0x0, 0x0, 0x0, 0x38,
    0xce, 0xff, 0xec, 0x83, 0x0, 0x0,

    /* U+0054 "T" */
    0xef, 0xff, 0xff, 0xff, 0xff, 0xff, 0xff, 0xff,
    0xfe, 0xef, 0xff, 0xff, 0xff, 0xff, 0xff, 0xff,
    0xff, 0xfe, 0xef, 0xff, 0xff, 0xff, 0xff, 0xff,
    0xff, 0xff, 0xfe, 0xbc, 0xcc, 0xcc, 0xdf, 0xff,
    0xfd, 0xcc, 0xcc, 0xcb, 0x0, 0x0, 0x0, 0x3f,
    0xff, 0xf4, 0x0, 0x0, 0x0, 0x0, 0x0, 0x0,
    0x3f, 0xff, 0xf4, 0x0, 0x0, 0x0, 0x0, 0x0,
    0x0, 0x3f, 0xff, 0xf4, 0x0, 0x0, 0x0, 0x0,
    0x0, 0x0, 0x3f, 0xff, 0xf4, 0x0, 0x0, 0x0,
    0x0, 0x0, 0x0, 0x3f, 0xff, 0xf4, 0x0, 0x0,
    0x0, 0x0, 0x0, 0x0, 0x3f, 0xff, 0xf4, 0x0,
    0x0, 0x0, 0x0, 0x0, 0x0, 0x3f, 0xff, 0xf4,
    0x0, 0x0, 0x0, 0x0, 0x0, 0x0, 0x3f, 0xff,
    0xf4, 0x0, 0x0, 0x0, 0x0, 0x0, 0x0, 0x3f,
    0xff, 0xf4, 0x0, 0x0, 0x0, 0x0, 0x0, 0x0,
    0x3f, 0xff, 0xf4, 0x0, 0x0, 0x0, 0x0, 0x0,
    0x0, 0x3f, 0xff, 0xf4, 0x0, 0x0, 0x0, 0x0,
    0x0, 0x0, 0x3f, 0xff, 0xf4, 0x0, 0x0, 0x0,
    0x0, 0x0, 0x0, 0x3f, 0xff, 0xf4, 0x0, 0x0,
    0x0, 0x0, 0x0, 0x0, 0x3f, 0xff, 0xf4, 0x0,
    0x0, 0x0, 0x0, 0x0, 0x0, 0x3f, 0xff, 0xf4,
    0x0, 0x0, 0x0, 0x0, 0x0, 0x0, 0x3f, 0xff,
    0xf4, 0x0, 0x0, 0x0, 0x0, 0x0, 0x0, 0x3f,
    0xff, 0xf4, 0x0, 0x0, 0x0, 0x0, 0x0, 0x0,
    0x3f, 0xff, 0xf4, 0x0, 0x0, 0x0,

    /* U+0055 "U" */
    0xf, 0xff, 0xf7, 0x0, 0x0, 0x0, 0x0, 0x7f,
    0xff, 0xf0, 0xff, 0xff, 0x70, 0x0, 0x0, 0x0,
    0x7, 0xff, 0xff, 0xf, 0xff, 0xf7, 0x0, 0x0,
    0x0, 0x0, 0x7f, 0xff, 0xf0, 0xff, 0xff, 0x70,
    0x0, 0x0, 0x0, 0x7, 0xff, 0xff, 0xf, 0xff,
    0xf7, 0x0, 0x0, 0x0, 0x0, 0x7f, 0xff, 0xf0,
    0xff, 0xff, 0x70, 0x0, 0x0, 0x0, 0x7, 0xff,
    0xff, 0xf, 0xff, 0xf7, 0x0, 0x0, 0x0, 0x0,
    0x7f, 0xff, 0xf0, 0xff, 0xff, 0x70, 0x0, 0x0,
    0x0, 0x7, 0xff, 0xff, 0xf, 0xff, 0xf7, 0x0,
    0x0, 0x0, 0x0, 0x7f, 0xff, 0xf0, 0xff, 0xff,
    0x70, 0x0, 0x0, 0x0, 0x7, 0xff, 0xff, 0xf,
    0xff, 0xf7, 0x0, 0x0, 0x0, 0x0, 0x7f, 0xff,
    0xf0, 0xff, 0xff, 0x70, 0x0, 0x0, 0x0, 0x7,
    0xff, 0xff, 0xf, 0xff, 0xf7, 0x0, 0x0, 0x0,
    0x0, 0x7f, 0xff, 0xf0, 0xff, 0xff, 0x70, 0x0,
    0x0, 0x0, 0x7, 0xff, 0xff, 0xf, 0xff, 0xf8,
    0x0, 0x0, 0x0, 0x0, 0x9f, 0xff, 0xf0, 0xef,
    0xff, 0xd0, 0x0, 0x0, 0x0, 0xe, 0xff, 0xfd,
    0xa, 0xff, 0xff, 0x80, 0x0, 0x0, 0x8, 0xff,
    0xff, 0xa0, 0x4f, 0xff, 0xff, 0xb4, 0x11, 0x4b,
    0xff, 0xff, 0xf3, 0x0, 0xaf, 0xff, 0xff, 0xff,
    0xff, 0xff, 0xff, 0xf9, 0x0, 0x0, 0xcf, 0xff,
    0xff, 0xff, 0xff, 0xff, 0xfb, 0x0, 0x0, 0x0,
    0x8f, 0xff, 0xff, 0xff, 0xff, 0xf7, 0x0, 0x0,
    0x0, 0x0, 0x16, 0xbd, 0xff, 0xdb, 0x61, 0x0,
    0x0,

    /* U+0056 "V" */
    0x1f, 0xff, 0xfd, 0x0, 0x0, 0x0, 0x0, 0x0,
    0x6f, 0xff, 0xf8, 0xc, 0xff, 0xff, 0x20, 0x0,
    0x0, 0x0, 0x0, 0xbf, 0xff, 0xf2, 0x6, 0xff,
    0xff, 0x80, 0x0, 0x0, 0x0, 0x1, 0xff, 0xff,
    0xd0, 0x1, 0xff, 0xff, 0xd0, 0x0, 0x0, 0x0,
    0x5, 0xff, 0xff, 0x70, 0x0, 0xbf, 0xff, 0xf2,
    0x0, 0x0, 0x0, 0xa, 0xff, 0xff, 0x20, 0x0,
    0x5f, 0xff, 0xf7, 0x0, 0x0, 0x0, 0xf, 0xff,
    0xfd, 0x0, 0x0, 0xf, 0xff, 0xfd, 0x0, 0x0,
    0x0, 0x5f, 0xff, 0xf7, 0x0, 0x0, 0xa, 0xff,
    0xff, 0x20, 0x0, 0x0, 0xaf, 0xff, 0xf2, 0x0,
    0x0, 0x5, 0xff, 0xff, 0x70, 0x0, 0x0, 0xef,
    0xff, 0xc0, 0x0, 0x0, 0x0, 0xff, 0xff, 0xc0,
    0x0, 0x4, 0xff, 0xff, 0x70, 0x0, 0x0, 0x0,
    0xaf, 0xff, 0xf2, 0x0, 0x9, 0xff, 0xff, 0x10,
    0x0, 0x0, 0x0, 0x4f, 0xff, 0xf6, 0x0, 0xe,
    0xff, 0xfc, 0x0, 0x0, 0x0, 0x0, 0xe, 0xff,
    0xfb, 0x0, 0x2f, 0xff, 0xf6, 0x0, 0x0, 0x0,
    0x0, 0x9, 0xff, 0xff, 0x0, 0x7f, 0xff, 0xf1,
    0x0, 0x0, 0x0, 0x0, 0x3, 0xff, 0xff, 0x40,
    0xbf, 0xff, 0xc0, 0x0, 0x0, 0x0, 0x0, 0x0,
    0xef, 0xff, 0x80, 0xff, 0xff, 0x60, 0x0, 0x0,
    0x0, 0x0, 0x0, 0x8f, 0xff, 0xd3, 0xff, 0xff,
    0x10, 0x0, 0x0, 0x0, 0x0, 0x0, 0x3f, 0xff,
    0xf8, 0xff, 0xfb, 0x0, 0x0, 0x0, 0x0, 0x0,
    0x0, 0xd, 0xff, 0xff, 0xff, 0xf6, 0x0, 0x0,
    0x0, 0x0, 0x0, 0x0, 0x8, 0xff, 0xff, 0xff,
    0xf1, 0x0, 0x0, 0x0, 0x0, 0x0, 0x0, 0x2,
    0xff, 0xff, 0xff, 0xb0, 0x0, 0x0, 0x0, 0x0,
    0x0, 0x0, 0x0, 0xdf, 0xff, 0xff, 0x50, 0x0,
    0x0, 0x0,

    /* U+0057 "W" */
    0x2f, 0xff, 0xfb, 0x0, 0x0, 0x0, 0xe, 0xff,
    0xff, 0x0, 0x0, 0x0, 0x9, 0xff, 0xff, 0x40,
    0xef, 0xff, 0xe0, 0x0, 0x0, 0x1, 0xff, 0xff,
    0xf4, 0x0, 0x0, 0x0, 0xdf, 0xff, 0xf0, 0x9,
    0xff, 0xff, 0x20, 0x0, 0x0, 0x5f, 0xff, 0xff,
    0x80, 0x0, 0x0, 0x1f, 0xff, 0xfb, 0x0, 0x5f,
    0xff, 0xf6, 0x0, 0x0, 0x9, 0xff, 0xff, 0xfb,
    0x0, 0x0, 0x4, 0xff, 0xff, 0x70, 0x1, 0xff,
    0xff, 0xa0, 0x0, 0x0, 0xdf, 0xff, 0xff, 0xf0,
    0x0, 0x0, 0x8f, 0xff, 0xf3, 0x0, 0xd, 0xff,
    0xfe, 0x0, 0x0, 0x1f, 0xff, 0xff, 0xff, 0x30,
    0x0, 0xc, 0xff, 0xfe, 0x0, 0x0, 0x8f, 0xff,
    0xf1, 0x0, 0x5, 0xff, 0xfa, 0xff, 0xf7, 0x0,
    0x0, 0xff, 0xff, 0xa0, 0x0, 0x4, 0xff, 0xff,
    0x50, 0x0, 0x9f, 0xff, 0x5f, 0xff, 0xb0, 0x0,
    0x3f, 0xff, 0xf6, 0x0, 0x0, 0xf, 0xff, 0xf9,
    0x0, 0xd, 0xff, 0xf0, 0xff, 0xff, 0x0, 0x7,
    0xff, 0xff, 0x20, 0x0, 0x0, 0xcf, 0xff, 0xd0,
    0x1, 0xff, 0xfd, 0xb, 0xff, 0xf3, 0x0, 0xbf,
    0xff, 0xd0, 0x0, 0x0, 0x7, 0xff, 0xff, 0x0,
    0x5f, 0xff, 0x90, 0x8f, 0xff, 0x70, 0xe, 0xff,
    0xf9, 0x0, 0x0, 0x0, 0x3f, 0xff, 0xf4, 0x9,
    0xff, 0xf6, 0x4, 0xff, 0xfa, 0x2, 0xff, 0xff,
    0x50, 0x0, 0x0, 0x0, 0xff, 0xff, 0x70, 0xcf,
    0xff, 0x20, 0xf, 0xff, 0xe0, 0x5f, 0xff, 0xf1,
    0x0, 0x0, 0x0, 0xb, 0xff, 0xfa, 0xf, 0xff,
    0xd0, 0x0, 0xcf, 0xff, 0x18, 0xff, 0xfc, 0x0,
    0x0, 0x0, 0x0, 0x6f, 0xff, 0xd2, 0xff, 0xf9,
    0x0, 0x8, 0xff, 0xf4, 0xbf, 0xff, 0x80, 0x0,
    0x0, 0x0, 0x2, 0xff, 0xff, 0x5f, 0xff, 0x50,
    0x0, 0x3f, 0xff, 0x7d, 0xff, 0xf4, 0x0, 0x0,
    0x0, 0x0, 0xe, 0xff, 0xfa, 0xff, 0xf1, 0x0,
    0x0, 0xff, 0xfa, 0xff, 0xff, 0x0, 0x0, 0x0,
    0x0, 0x0, 0x9f, 0xff, 0xff, 0xfd, 0x0, 0x0,
    0xb, 0xff, 0xff, 0xff, 0xb0, 0x0, 0x0, 0x0,
    0x0, 0x5, 0xff, 0xff, 0xff, 0x90, 0x0, 0x0,
    0x7f, 0xff, 0xff, 0xf7, 0x0, 0x0, 0x0, 0x0,
    0x0, 0x1f, 0xff, 0xff, 0xf5, 0x0, 0x0, 0x3,
    0xff, 0xff, 0xff, 0x30, 0x0, 0x0, 0x0, 0x0,
    0x0, 0xdf, 0xff, 0xff, 0x10, 0x0, 0x0, 0xf,
    0xff, 0xff, 0xe0, 0x0, 0x0, 0x0, 0x0, 0x0,
    0x8, 0xff, 0xff, 0xd0, 0x0, 0x0, 0x0, 0xbf,
    0xff, 0xfa, 0x0, 0x0, 0x0,

    /* U+0058 "X" */
    0x3, 0xff, 0xff, 0xe1, 0x0, 0x0, 0x0, 0xa,
    0xff, 0xff, 0x60, 0x0, 0x8f, 0xff, 0xf9, 0x0,
    0x0, 0x0, 0x4f, 0xff, 0xfb, 0x0, 0x0, 0xd,
    0xff, 0xff, 0x40, 0x0, 0x1, 0xef, 0xff, 0xf2,
    0x0, 0x0, 0x3, 0xff, 0xff, 0xd0, 0x0, 0x9,
    0xff, 0xff, 0x60, 0x0, 0x0, 0x0, 0x9f, 0xff,
    0xf8, 0x0, 0x3f, 0xff, 0xfc, 0x0, 0x0, 0x0,
    0x0, 0xd, 0xff, 0xff, 0x10, 0xcf, 0xff, 0xf2,
    0x0, 0x0, 0x0, 0x0, 0x3, 0xff, 0xff, 0x95,
    0xff, 0xff, 0x60, 0x0, 0x0, 0x0, 0x0, 0x0,
    0x9f, 0xff, 0xfd, 0xff, 0xfc, 0x0, 0x0, 0x0,
    0x0, 0x0, 0x0, 0xd, 0xff, 0xff, 0xff, 0xf2,
    0x0, 0x0, 0x0, 0x0, 0x0, 0x0, 0x4, 0xff,
    0xff, 0xff, 0x70, 0x0, 0x0, 0x0, 0x0, 0x0,
    0x0, 0x0, 0xaf, 0xff, 0xfd, 0x0, 0x0, 0x0,
    0x0, 0x0, 0x0, 0x0, 0x0, 0xef, 0xff, 0xff,
    0x40, 0x0, 0x0, 0x0, 0x0, 0x0, 0x0, 0xa,
    0xff, 0xff, 0xff, 0xe1, 0x0, 0x0, 0x0, 0x0,
    0x0, 0x0, 0x5f, 0xff, 0xff, 0xff, 0xfa, 0x0,
    0x0, 0x0, 0x0, 0x0, 0x1, 0xef, 0xff, 0xc9,
    0xff, 0xff, 0x50, 0x0, 0x0, 0x0, 0x0, 0xb,
    0xff, 0xff, 0x31, 0xff, 0xff, 0xe1, 0x0, 0x0,
    0x0, 0x0, 0x6f, 0xff, 0xf9, 0x0, 0x7f, 0xff,
    0xfa, 0x0, 0x0, 0x0, 0x2, 0xff, 0xff, 0xe1,
    0x0, 0xd, 0xff, 0xff, 0x50, 0x0, 0x0, 0xc,
    0xff, 0xff, 0x40, 0x0, 0x3, 0xff, 0xff, 0xe1,
    0x0, 0x0, 0x8f, 0xff, 0xf9, 0x0, 0x0, 0x0,
    0x8f, 0xff, 0xfb, 0x0, 0x3, 0xff, 0xff, 0xe0,
    0x0, 0x0, 0x0, 0xd, 0xff, 0xff, 0x60, 0xd,
    0xff, 0xff, 0x40, 0x0, 0x0, 0x0, 0x3, 0xff,
    0xff, 0xf1,

    /* U+0059 "Y" */
    0x1e, 0xff, 0xff, 0x30, 0x0, 0x0, 0x0, 0x4,
    0xff, 0xff, 0xe0, 0x6, 0xff, 0xff, 0xc0, 0x0,
    0x0, 0x0, 0xc, 0xff, 0xff, 0x50, 0x0, 0xcf,
    0xff, 0xf4, 0x0, 0x0, 0x0, 0x4f, 0xff, 0xfc,
    0x0, 0x0, 0x3f, 0xff, 0xfd, 0x0, 0x0, 0x0,
    0xdf, 0xff, 0xf3, 0x0, 0x0, 0xa, 0xff, 0xff,
    0x60, 0x0, 0x5, 0xff, 0xff, 0x90, 0x0, 0x0,
    0x1, 0xff, 0xff, 0xe0, 0x0, 0xd, 0xff, 0xff,
    0x10, 0x0, 0x0, 0x0, 0x7f, 0xff, 0xf7, 0x0,
    0x6f, 0xff, 0xf7, 0x0, 0x0, 0x0, 0x0, 0xd,
    0xff, 0xfe, 0x0, 0xdf, 0xff, 0xd0, 0x0, 0x0,
    0x0, 0x0, 0x4, 0xff, 0xff, 0x75, 0xff, 0xff,
    0x40, 0x0, 0x0, 0x0, 0x0, 0x0, 0xbf, 0xff,
    0xec, 0xff, 0xfb, 0x0, 0x0, 0x0, 0x0, 0x0,
    0x0, 0x2f, 0xff, 0xff, 0xff, 0xf2, 0x0, 0x0,
    0x0, 0x0, 0x0, 0x0, 0x8, 0xff, 0xff, 0xff,
    0x80, 0x0, 0x0, 0x0, 0x0, 0x0, 0x0, 0x0,
    0xef, 0xff, 0xfe, 0x0, 0x0, 0x0, 0x0, 0x0,
    0x0, 0x0, 0x0, 0x5f, 0xff, 0xf6, 0x0, 0x0,
    0x0, 0x0, 0x0, 0x0, 0x0, 0x0, 0x3f, 0xff,
    0xf4, 0x0, 0x0, 0x0, 0x0, 0x0, 0x0, 0x0,
    0x0, 0x3f, 0xff, 0xf4, 0x0, 0x0, 0x0, 0x0,
    0x0, 0x0, 0x0, 0x0, 0x3f, 0xff, 0xf4, 0x0,
    0x0, 0x0, 0x0, 0x0, 0x0, 0x0, 0x0, 0x3f,
    0xff, 0xf4, 0x0, 0x0, 0x0, 0x0, 0x0, 0x0,
    0x0, 0x0, 0x3f, 0xff, 0xf4, 0x0, 0x0, 0x0,
    0x0, 0x0, 0x0, 0x0, 0x0, 0x3f, 0xff, 0xf4,
    0x0, 0x0, 0x0, 0x0, 0x0, 0x0, 0x0, 0x0,
    0x3f, 0xff, 0xf4, 0x0, 0x0, 0x0, 0x0, 0x0,
    0x0, 0x0, 0x0, 0x3f, 0xff, 0xf4, 0x0, 0x0,
    0x0, 0x0,

    /* U+005A "Z" */
    0x5f, 0xff, 0xff, 0xff, 0xff, 0xff, 0xff, 0xff,
    0xf3, 0x5f, 0xff, 0xff, 0xff, 0xff, 0xff, 0xff,
    0xff, 0xf3, 0x5f, 0xff, 0xff, 0xff, 0xff, 0xff,
    0xff, 0xff, 0xf3, 0x4c, 0xcc, 0xcc, 0xcc, 0xcc,
    0xcc, 0xff, 0xff, 0xb0, 0x0, 0x0, 0x0, 0x0,
    0x0, 0xa, 0xff, 0xfe, 0x10, 0x0, 0x0, 0x0,
    0x0, 0x0, 0x7f, 0xff, 0xf4, 0x0, 0x0, 0x0,
    0x0, 0x0, 0x4, 0xff, 0xff, 0x90, 0x0, 0x0,
    0x0, 0x0, 0x0, 0x1e, 0xff, 0xfd, 0x0, 0x0,
    0x0, 0x0, 0x0, 0x0, 0xbf, 0xff, 0xf3, 0x0,
    0x0, 0x0, 0x0, 0x0, 0x6, 0xff, 0xff, 0x70,
    0x0, 0x0, 0x0, 0x0, 0x0, 0x2f, 0xff, 0xfb,
    0x0, 0x0, 0x0, 0x0, 0x0, 0x0, 0xcf, 0xff,
    0xe1, 0x0, 0x0, 0x0, 0x0, 0x0, 0x8, 0xff,
    0xff, 0x50, 0x0, 0x0, 0x0, 0x0, 0x0, 0x3f,
    0xff, 0xfa, 0x0, 0x0, 0x0, 0x0, 0x0, 0x1,
    0xef, 0xff, 0xd0, 0x0, 0x0, 0x0, 0x0, 0x0,
    0xa, 0xff, 0xff, 0x30, 0x0, 0x0, 0x0, 0x0,
    0x0, 0x5f, 0xff, 0xf6, 0x0, 0x0, 0x0, 0x0,
    0x0, 0x2, 0xff, 0xff, 0x90, 0x0, 0x0, 0x0,
    0x0, 0x0, 0xc, 0xff, 0xff, 0xcc, 0xcc, 0xcc,
    0xcc, 0xcc, 0xc3, 0x4f, 0xff, 0xff, 0xff, 0xff,
    0xff, 0xff, 0xff, 0xf4, 0x5f, 0xff, 0xff, 0xff,
    0xff, 0xff, 0xff, 0xff, 0xf4, 0x5f, 0xff, 0xff,
    0xff, 0xff, 0xff, 0xff, 0xff, 0xf4,

    /* U+005B "[" */
    0x5f, 0xff, 0xff, 0xfd, 0x5f, 0xff, 0xff, 0xfd,
    0x5f, 0xff, 0xff, 0xfd, 0x5f, 0xff, 0xf6, 0x65,
    0x5f, 0xff, 0xe0, 0x0, 0x5f, 0xff, 0xe0, 0x0,
    0x5f, 0xff, 0xe0, 0x0, 0x5f, 0xff, 0xe0, 0x0,
    0x5f, 0xff, 0xe0, 0x0, 0x5f, 0xff, 0xe0, 0x0,
    0x5f, 0xff, 0xe0, 0x0, 0x5f, 0xff, 0xe0, 0x0,
    0x5f, 0xff, 0xe0, 0x0, 0x5f, 0xff, 0xe0, 0x0,
    0x5f, 0xff, 0xe0, 0x0, 0x5f, 0xff, 0xe0, 0x0,
    0x5f, 0xff, 0xe0, 0x0, 0x5f, 0xff, 0xe0, 0x0,
    0x5f, 0xff, 0xe0, 0x0, 0x5f, 0xff, 0xe0, 0x0,
    0x5f, 0xff, 0xe0, 0x0, 0x5f, 0xff, 0xe0, 0x0,
    0x5f, 0xff, 0xe0, 0x0, 0x5f, 0xff, 0xe0, 0x0,
    0x5f, 0xff, 0xf6, 0x65, 0x5f, 0xff, 0xff, 0xfd,
    0x5f, 0xff, 0xff, 0xfd, 0x5f, 0xff, 0xff, 0xfd,

    /* U+005C "\\" */
    0x7f, 0xff, 0x50, 0x0, 0x0, 0x0, 0x3f, 0xff,
    0x90, 0x0, 0x0, 0x0, 0xe, 0xff, 0xd0, 0x0,
    0x0, 0x0, 0xa, 0xff, 0xf2, 0x0, 0x0, 0x0,
    0x6, 0xff, 0xf6, 0x0, 0x0, 0x0, 0x2, 0xff,
    0xfa, 0x0, 0x0, 0x0, 0x0, 0xef, 0xfe, 0x0,
    0x0, 0x0, 0x0, 0xaf, 0xff, 0x20, 0x0, 0x0,
    0x0, 0x6f, 0xff, 0x60, 0x0, 0x0, 0x0, 0x1f,
    0xff, 0xb0, 0x0, 0x0, 0x0, 0xd, 0xff, 0xf0,
    0x0, 0x0, 0x0, 0x9, 0xff, 0xf3, 0x0, 0x0,
    0x0, 0x5, 0xff, 0xf7, 0x0, 0x0, 0x0, 0x1,
    0xff, 0xfb, 0x0, 0x0, 0x0, 0x0, 0xdf, 0xff,
    0x0, 0x0, 0x0, 0x0, 0x8f, 0xff, 0x40, 0x0,
    0x0, 0x0, 0x4f, 0xff, 0x80, 0x0, 0x0, 0x0,
    0xf, 0xff, 0xc0, 0x0, 0x0, 0x0, 0xc, 0xff,
    0xf0, 0x0, 0x0, 0x0, 0x8, 0xff, 0xf4, 0x0,
    0x0, 0x0, 0x4, 0xff, 0xf8, 0x0, 0x0, 0x0,
    0x0, 0xff, 0xfd, 0x0, 0x0, 0x0, 0x0, 0xbf,
    0xff, 0x10, 0x0, 0x0, 0x0, 0x7f, 0xff, 0x50,
    0x0, 0x0, 0x0, 0x3f, 0xff, 0x90, 0x0, 0x0,
    0x0, 0xf, 0xff, 0xd0, 0x0, 0x0, 0x0, 0xb,
    0xff, 0xf1,

    /* U+005D "]" */
    0x8f, 0xff, 0xff, 0xfa, 0x8f, 0xff, 0xff, 0xfa,
    0x8f, 0xff, 0xff, 0xfa, 0x36, 0x6c, 0xff, 0xfa,
    0x0, 0x9, 0xff, 0xfa, 0x0, 0x9, 0xff, 0xfa,
    0x0, 0x9, 0xff, 0xfa, 0x0, 0x9, 0xff, 0xfa,
    0x0, 0x9, 0xff, 0xfa, 0x0, 0x9, 0xff, 0xfa,
    0x0, 0x9, 0xff, 0xfa, 0x0, 0x9, 0xff, 0xfa,
    0x0, 0x9, 0xff, 0xfa, 0x0, 0x9, 0xff, 0xfa,
    0x0, 0x9, 0xff, 0xfa, 0x0, 0x9, 0xff, 0xfa,
    0x0, 0x9, 0xff, 0xfa, 0x0, 0x9, 0xff, 0xfa,
    0x0, 0x9, 0xff, 0xfa, 0x0, 0x9, 0xff, 0xfa,
    0x0, 0x9, 0xff, 0xfa, 0x0, 0x9, 0xff, 0xfa,
    0x0, 0x9, 0xff, 0xfa, 0x0, 0x9, 0xff, 0xfa,
    0x36, 0x6c, 0xff, 0xfa, 0x8f, 0xff, 0xff, 0xfa,
    0x8f, 0xff, 0xff, 0xfa, 0x8f, 0xff, 0xff, 0xfa,

    /* U+005E "^" */
    0x0, 0x0, 0x48, 0x88, 0x10, 0x0, 0x0, 0x0,
    0xe, 0xff, 0xf9, 0x0, 0x0, 0x0, 0x6, 0xff,
    0xff, 0xf1, 0x0, 0x0, 0x0, 0xef, 0xfc, 0xff,
    0x80, 0x0, 0x0, 0x6f, 0xfc, 0x2f, 0xfe, 0x0,
    0x0, 0xd, 0xff, 0x50, 0xcf, 0xf7, 0x0, 0x5,
    0xff, 0xe0, 0x5, 0xff, 0xe0, 0x0, 0xcf, 0xf7,
    0x0, 0xd, 0xff, 0x60, 0x4f, 0xff, 0x10, 0x0,
    0x7f, 0xfd, 0xb, 0xff, 0x90, 0x0, 0x1, 0xff,
    0xf5,

    /* U+005F "_" */
    0x77, 0x77, 0x77, 0x77, 0x77, 0x77, 0x77, 0x2f,
    0xff, 0xff, 0xff, 0xff, 0xff, 0xff, 0xf4, 0xff,
    0xff, 0xff, 0xff, 0xff, 0xff, 0xff, 0x4f, 0xff,
    0xff, 0xff, 0xff, 0xff, 0xff, 0xf4,

    /* U+0060 "`" */
    0x4a, 0xaa, 0x60, 0x0, 0xdf, 0xfe, 0x0, 0x3,
    0xff, 0xf6, 0x0, 0x9, 0xff, 0xd0, 0x0, 0xe,
    0xff, 0x40,

    /* U+0061 "a" */
    0x0, 0x1, 0x8c, 0xef, 0xfc, 0x82, 0x0, 0x0,
    0x6, 0xff, 0xff, 0xff, 0xff, 0xf8, 0x0, 0x7,
    0xff, 0xff, 0xff, 0xff, 0xff, 0xf8, 0x1, 0xff,
    0xff, 0xe7, 0x57, 0xef, 0xff, 0xf1, 0x4b, 0xef,
    0xe1, 0x0, 0x2, 0xff, 0xff, 0x60, 0x0, 0x1,
    0x0, 0x0, 0xe, 0xff, 0xf8, 0x0, 0x0, 0x0,
    0x1, 0x38, 0xff, 0xff, 0x80, 0x1, 0x6a, 0xdf,
    0xff, 0xff, 0xff, 0xf8, 0x5, 0xff, 0xff, 0xff,
    0xff, 0xff, 0xff, 0x84, 0xff, 0xff, 0xfd, 0xa8,
    0x4d, 0xff, 0xf8, 0xbf, 0xff, 0xc2, 0x0, 0x0,
    0xdf, 0xff, 0x8f, 0xff, 0xf4, 0x0, 0x0, 0xf,
    0xff, 0xf8, 0xff, 0xff, 0x50, 0x0, 0x6, 0xff,
    0xff, 0x8c, 0xff, 0xfe, 0x63, 0x49, 0xff, 0xff,
    0xf8, 0x6f, 0xff, 0xff, 0xff, 0xff, 0xdf, 0xff,
    0x80, 0xaf, 0xff, 0xff, 0xff, 0x6a, 0xff, 0xf8,
    0x0, 0x5b, 0xef, 0xea, 0x30, 0xaf, 0xff, 0x80,

    /* U+0062 "b" */
    0x2f, 0xff, 0xf4, 0x0, 0x0, 0x0, 0x0, 0x0,
    0x2, 0xff, 0xff, 0x40, 0x0, 0x0, 0x0, 0x0,
    0x0, 0x2f, 0xff, 0xf4, 0x0, 0x0, 0x0, 0x0,
    0x0, 0x2, 0xff, 0xff, 0x40, 0x0, 0x0, 0x0,
    0x0, 0x0, 0x2f, 0xff, 0xf4, 0x0, 0x0, 0x0,
    0x0, 0x0, 0x2, 0xff, 0xff, 0x40, 0x5c, 0xff,
    0xc7, 0x0, 0x0, 0x2f, 0xff, 0xf4, 0x8f, 0xff,
    0xff, 0xfd, 0x20, 0x2, 0xff, 0xff, 0x8f, 0xff,
    0xff, 0xff, 0xfe, 0x10, 0x2f, 0xff, 0xff, 0xfd,
    0xab, 0xff, 0xff, 0xf9, 0x2, 0xff, 0xff, 0xf8,
    0x0, 0x3, 0xff, 0xff, 0xf0, 0x2f, 0xff, 0xfc,
    0x0, 0x0, 0x6, 0xff, 0xff, 0x52, 0xff, 0xff,
    0x60, 0x0, 0x0, 0xf, 0xff, 0xf8, 0x2f, 0xff,
    0xf3, 0x0, 0x0, 0x0, 0xdf, 0xff, 0x92, 0xff,
    0xff, 0x30, 0x0, 0x0, 0xc, 0xff, 0xfa, 0x2f,
    0xff, 0xf3, 0x0, 0x0, 0x0, 0xdf, 0xff, 0x92,
    0xff, 0xff, 0x60, 0x0, 0x0, 0x1f, 0xff, 0xf8,
    0x2f, 0xff, 0xfc, 0x0, 0x0, 0x6, 0xff, 0xff,
    0x52, 0xff, 0xff, 0xf8, 0x0, 0x3, 0xff, 0xff,
    0xf0, 0x2f, 0xff, 0xff, 0xfd, 0xab, 0xff, 0xff,
    0xf9, 0x2, 0xff, 0xff, 0x9f, 0xff, 0xff, 0xff,
    0xfe, 0x10, 0x2f, 0xff, 0xf3, 0x9f, 0xff, 0xff,
    0xfd, 0x20, 0x2, 0xff, 0xff, 0x30, 0x5c, 0xff,
    0xc7, 0x0, 0x0,

    /* U+0063 "c" */
    0x0, 0x0, 0x39, 0xdf, 0xfe, 0xb5, 0x0, 0x0,
    0x0, 0x9, 0xff, 0xff, 0xff, 0xff, 0xd2, 0x0,
    0x0, 0xbf, 0xff, 0xff, 0xff, 0xff, 0xfe, 0x20,
    0x7, 0xff, 0xff, 0xfa, 0x9d, 0xff, 0xff, 0xc0,
    0xf, 0xff, 0xfd, 0x10, 0x0, 0x8f, 0xff, 0xf3,
    0x5f, 0xff, 0xf4, 0x0, 0x0, 0xe, 0xfe, 0xb3,
    0x9f, 0xff, 0xe0, 0x0, 0x0, 0x2, 0x10, 0x0,
    0xbf, 0xff, 0xb0, 0x0, 0x0, 0x0, 0x0, 0x0,
    0xcf, 0xff, 0xb0, 0x0, 0x0, 0x0, 0x0, 0x0,
    0xbf, 0xff, 0xb0, 0x0, 0x0, 0x0, 0x0, 0x0,
    0x9f, 0xff, 0xe0, 0x0, 0x0, 0x3, 0x20, 0x0,
    0x5f, 0xff, 0xf4, 0x0, 0x0, 0xd, 0xff, 0xd4,
    0xf, 0xff, 0xfd, 0x10, 0x0, 0x8f, 0xff, 0xf3,
    0x7, 0xff, 0xff, 0xfa, 0x9d, 0xff, 0xff, 0xb0,
    0x0, 0xbf, 0xff, 0xff, 0xff, 0xff, 0xfe, 0x20,
    0x0, 0x9, 0xff, 0xff, 0xff, 0xff, 0xd2, 0x0,
    0x0, 0x0, 0x39, 0xdf, 0xfe, 0xb6, 0x0, 0x0,

    /* U+0064 "d" */
    0x0, 0x0, 0x0, 0x0, 0x0, 0x5, 0xff, 0xff,
    0x0, 0x0, 0x0, 0x0, 0x0, 0x0, 0x5f, 0xff,
    0xf0, 0x0, 0x0, 0x0, 0x0, 0x0, 0x5, 0xff,
    0xff, 0x0, 0x0, 0x0, 0x0, 0x0, 0x0, 0x5f,
    0xff, 0xf0, 0x0, 0x0, 0x0, 0x0, 0x0, 0x5,
    0xff, 0xff, 0x0, 0x0, 0x17, 0xdf, 0xeb, 0x40,
    0x5f, 0xff, 0xf0, 0x0, 0x3e, 0xff, 0xff, 0xff,
    0x75, 0xff, 0xff, 0x0, 0x2f, 0xff, 0xff, 0xff,
    0xff, 0x9f, 0xff, 0xf0, 0xb, 0xff, 0xff, 0xfb,
    0xad, 0xff, 0xff, 0xff, 0x2, 0xff, 0xff, 0xe2,
    0x0, 0x9, 0xff, 0xff, 0xf0, 0x7f, 0xff, 0xf5,
    0x0, 0x0, 0xd, 0xff, 0xff, 0xa, 0xff, 0xff,
    0x0, 0x0, 0x0, 0x8f, 0xff, 0xf0, 0xbf, 0xff,
    0xc0, 0x0, 0x0, 0x5, 0xff, 0xff, 0xc, 0xff,
    0xfb, 0x0, 0x0, 0x0, 0x4f, 0xff, 0xf0, 0xbf,
    0xff, 0xc0, 0x0, 0x0, 0x5, 0xff, 0xff, 0xa,
    0xff, 0xff, 0x0, 0x0, 0x0, 0x8f, 0xff, 0xf0,
    0x7f, 0xff, 0xf5, 0x0, 0x0, 0xe, 0xff, 0xff,
    0x2, 0xff, 0xff, 0xe2, 0x0, 0x9, 0xff, 0xff,
    0xf0, 0xb, 0xff, 0xff, 0xfb, 0xae, 0xff, 0xff,
    0xff, 0x0, 0x2f, 0xff, 0xff, 0xff, 0xff, 0x9f,
    0xff, 0xf0, 0x0, 0x3e, 0xff, 0xff, 0xff, 0x84,
    0xff, 0xff, 0x0, 0x0, 0x17, 0xdf, 0xfc, 0x50,
    0x4f, 0xff, 0xf0,

    /* U+0065 "e" */
    0x0, 0x0, 0x39, 0xdf, 0xfd, 0x93, 0x0, 0x0,
    0x0, 0x9, 0xff, 0xff, 0xff, 0xff, 0xa0, 0x0,
    0x0, 0xbf, 0xff, 0xff, 0xff, 0xff, 0xfc, 0x0,
    0x7, 0xff, 0xff, 0xc7, 0x7b, 0xff, 0xff, 0x80,
    0xf, 0xff, 0xf9, 0x0, 0x0, 0x7f, 0xff, 0xf1,
    0x5f, 0xff, 0xe0, 0x0, 0x0, 0xd, 0xff, 0xf5,
    0x9f, 0xff, 0xa0, 0x0, 0x0, 0x9, 0xff, 0xf9,
    0xbf, 0xff, 0xff, 0xff, 0xff, 0xff, 0xff, 0xfa,
    0xcf, 0xff, 0xff, 0xff, 0xff, 0xff, 0xff, 0xfb,
    0xbf, 0xff, 0xed, 0xdd, 0xdd, 0xdd, 0xdd, 0xd9,
    0x9f, 0xff, 0x90, 0x0, 0x0, 0x0, 0x0, 0x0,
    0x6f, 0xff, 0xe0, 0x0, 0x0, 0x1, 0x0, 0x0,
    0x1f, 0xff, 0xf9, 0x0, 0x0, 0x1e, 0xfd, 0xa3,
    0x8, 0xff, 0xff, 0xc7, 0x69, 0xff, 0xff, 0xf1,
    0x0, 0xcf, 0xff, 0xff, 0xff, 0xff, 0xff, 0x60,
    0x0, 0xa, 0xff, 0xff, 0xff, 0xff, 0xf6, 0x0,
    0x0, 0x0, 0x39, 0xdf, 0xfe, 0xc7, 0x10, 0x0,

    /* U+0066 "f" */
    0x0, 0x0, 0x0, 0x48, 0x98, 0x62, 0x0, 0x0,
    0x2d, 0xff, 0xff, 0xf7, 0x0, 0x0, 0xdf, 0xff,
    0xff, 0xf4, 0x0, 0x6, 0xff, 0xff, 0xff, 0xf0,
    0x0, 0xb, 0xff, 0xfe, 0x30, 0x10, 0x0, 0xc,
    0xff, 0xf9, 0x0, 0x0, 0x0, 0xd, 0xff, 0xf9,
    0x0, 0x0, 0xbf, 0xff, 0xff, 0xff, 0xff, 0xf0,
    0xbf, 0xff, 0xff, 0xff, 0xff, 0xf0, 0xbf, 0xff,
    0xff, 0xff, 0xff, 0xf0, 0x47, 0x7e, 0xff, 0xfc,
    0x77, 0x60, 0x0, 0xd, 0xff, 0xf9, 0x0, 0x0,
    0x0, 0xd, 0xff, 0xf9, 0x0, 0x0, 0x0, 0xd,
    0xff, 0xf9, 0x0, 0x0, 0x0, 0xd, 0xff, 0xf9,
    0x0, 0x0, 0x0, 0xd, 0xff, 0xf9, 0x0, 0x0,
    0x0, 0xd, 0xff, 0xf9, 0x0, 0x0, 0x0, 0xd,
    0xff, 0xf9, 0x0, 0x0, 0x0, 0xd, 0xff, 0xf9,
    0x0, 0x0, 0x0, 0xd, 0xff, 0xf9, 0x0, 0x0,
    0x0, 0xd, 0xff, 0xf9, 0x0, 0x0, 0x0, 0xd,
    0xff, 0xf9, 0x0, 0x0, 0x0, 0xd, 0xff, 0xf9,
    0x0, 0x0, 0x0, 0xd, 0xff, 0xf9, 0x0, 0x0,

    /* U+0067 "g" */
    0x0, 0x0, 0x7c, 0xff, 0xc5, 0x3, 0xff, 0xff,
    0x10, 0x2, 0xef, 0xff, 0xff, 0xf8, 0x3f, 0xff,
    0xf1, 0x1, 0xef, 0xff, 0xff, 0xff, 0xf8, 0xff,
    0xff, 0x10, 0xaf, 0xff, 0xff, 0xba, 0xdf, 0xff,
    0xff, 0xf1, 0x1f, 0xff, 0xfe, 0x20, 0x0, 0x9f,
    0xff, 0xff, 0x16, 0xff, 0xff, 0x50, 0x0, 0x0,
    0xef, 0xff, 0xf1, 0x9f, 0xff, 0xf0, 0x0, 0x0,
    0x8, 0xff, 0xff, 0x1b, 0xff, 0xfc, 0x0, 0x0,
    0x0, 0x5f, 0xff, 0xf1, 0xcf, 0xff, 0xb0, 0x0,
    0x0, 0x4, 0xff, 0xff, 0x1b, 0xff, 0xfc, 0x0,
    0x0, 0x0, 0x5f, 0xff, 0xf1, 0xaf, 0xff, 0xe0,
    0x0, 0x0, 0x7, 0xff, 0xff, 0x18, 0xff, 0xff,
    0x30, 0x0, 0x0, 0xcf, 0xff, 0xf1, 0x3f, 0xff,
    0xfc, 0x0, 0x0, 0x6f, 0xff, 0xff, 0x10, 0xcf,
    0xff, 0xfe, 0x87, 0xbf, 0xff, 0xff, 0xf1, 0x3,
    0xff, 0xff, 0xff, 0xff, 0xf9, 0xff, 0xff, 0x10,
    0x4, 0xff, 0xff, 0xff, 0xf8, 0x4f, 0xff, 0xf1,
    0x0, 0x1, 0x8d, 0xff, 0xc5, 0x4, 0xff, 0xff,
    0x10, 0x0, 0x0, 0x0, 0x0, 0x0, 0x6f, 0xff,
    0xf0, 0x1, 0x48, 0x90, 0x0, 0x0, 0xc, 0xff,
    0xfc, 0x0, 0xff, 0xff, 0xd7, 0x55, 0x7d, 0xff,
    0xff, 0x50, 0x6, 0xff, 0xff, 0xff, 0xff, 0xff,
    0xff, 0xa0, 0x0, 0x6, 0xff, 0xff, 0xff, 0xff,
    0xff, 0x80, 0x0, 0x0, 0x1, 0x7b, 0xef, 0xfe,
    0xc7, 0x20, 0x0, 0x0,

    /* U+0068 "h" */
    0x2f, 0xff, 0xf3, 0x0, 0x0, 0x0, 0x0, 0x0,
    0x2f, 0xff, 0xf3, 0x0, 0x0, 0x0, 0x0, 0x0,
    0x2f, 0xff, 0xf3, 0x0, 0x0, 0x0, 0x0, 0x0,
    0x2f, 0xff, 0xf3, 0x0, 0x0, 0x0, 0x0, 0x0,
    0x2f, 0xff, 0xf3, 0x0, 0x0, 0x0, 0x0, 0x0,
    0x2f, 0xff, 0xf3, 0x5, 0xcf, 0xfd, 0x81, 0x0,
    0x2f, 0xff, 0xf3, 0x8f, 0xff, 0xff, 0xfd, 0x20,
    0x2f, 0xff, 0xf7, 0xff, 0xff, 0xff, 0xff, 0xc0,
    0x2f, 0xff, 0xff, 0xfe, 0xcf, 0xff, 0xff, 0xf4,
    0x2f, 0xff, 0xff, 0x60, 0x0, 0x9f, 0xff, 0xf9,
    0x2f, 0xff, 0xfa, 0x0, 0x0, 0xe, 0xff, 0xfb,
    0x2f, 0xff, 0xf5, 0x0, 0x0, 0xa, 0xff, 0xfc,
    0x2f, 0xff, 0xf4, 0x0, 0x0, 0x9, 0xff, 0xfd,
    0x2f, 0xff, 0xf4, 0x0, 0x0, 0x9, 0xff, 0xfd,
    0x2f, 0xff, 0xf4, 0x0, 0x0, 0x9, 0xff, 0xfd,
    0x2f, 0xff, 0xf4, 0x0, 0x0, 0x9, 0xff, 0xfd,
    0x2f, 0xff, 0xf4, 0x0, 0x0, 0x9, 0xff, 0xfd,
    0x2f, 0xff, 0xf4, 0x0, 0x0, 0x9, 0xff, 0xfd,
    0x2f, 0xff, 0xf4, 0x0, 0x0, 0x9, 0xff, 0xfd,
    0x2f, 0xff, 0xf4, 0x0, 0x0, 0x9, 0xff, 0xfd,
    0x2f, 0xff, 0xf4, 0x0, 0x0, 0x9, 0xff, 0xfd,
    0x2f, 0xff, 0xf4, 0x0, 0x0, 0x9, 0xff, 0xfd,

    /* U+0069 "i" */
    0x1, 0x88, 0x20, 0xe, 0xff, 0xf2, 0x4f, 0xff,
    0xf6, 0x2f, 0xff, 0xf4, 0x5, 0xee, 0x70, 0x0,
    0x0, 0x0, 0x0, 0x0, 0x0, 0x2f, 0xff, 0xf4,
    0x2f, 0xff, 0xf4, 0x2f, 0xff, 0xf4, 0x2f, 0xff,
    0xf4, 0x2f, 0xff, 0xf4, 0x2f, 0xff, 0xf4, 0x2f,
    0xff, 0xf4, 0x2f, 0xff, 0xf4, 0x2f, 0xff, 0xf4,
    0x2f, 0xff, 0xf4, 0x2f, 0xff, 0xf4, 0x2f, 0xff,
    0xf4, 0x2f, 0xff, 0xf4, 0x2f, 0xff, 0xf4, 0x2f,
    0xff, 0xf4, 0x2f, 0xff, 0xf4, 0x2f, 0xff, 0xf4,

    /* U+006A "j" */
    0x0, 0x5, 0xee, 0x70, 0x0, 0x2f, 0xff, 0xf4,
    0x0, 0x4f, 0xff, 0xf6, 0x0, 0xe, 0xff, 0xf2,
    0x0, 0x1, 0x88, 0x20, 0x0, 0x0, 0x0, 0x0,
    0x0, 0x0, 0x0, 0x0, 0x0, 0x2f, 0xff, 0xf4,
    0x0, 0x2f, 0xff, 0xf4, 0x0, 0x2f, 0xff, 0xf4,
    0x0, 0x2f, 0xff, 0xf4, 0x0, 0x2f, 0xff, 0xf4,
    0x0, 0x2f, 0xff, 0xf4, 0x0, 0x2f, 0xff, 0xf4,
    0x0, 0x2f, 0xff, 0xf4, 0x0, 0x2f, 0xff, 0xf4,
    0x0, 0x2f, 0xff, 0xf4, 0x0, 0x2f, 0xff, 0xf4,
    0x0, 0x2f, 0xff, 0xf4, 0x0, 0x2f, 0xff, 0xf4,
    0x0, 0x2f, 0xff, 0xf4, 0x0, 0x2f, 0xff, 0xf4,
    0x0, 0x2f, 0xff, 0xf4, 0x0, 0x2f, 0xff, 0xf4,
    0x0, 0x2f, 0xff, 0xf4, 0x0, 0x5f, 0xff, 0xf2,
    0x6a, 0xff, 0xff, 0xf0, 0xbf, 0xff, 0xff, 0x90,
    0xbf, 0xff, 0xfc, 0x0, 0xbf, 0xeb, 0x60, 0x0,

    /* U+006B "k" */
    0x2f, 0xff, 0xf4, 0x0, 0x0, 0x0, 0x0, 0x0,
    0x2, 0xff, 0xff, 0x40, 0x0, 0x0, 0x0, 0x0,
    0x0, 0x2f, 0xff, 0xf4, 0x0, 0x0, 0x0, 0x0,
    0x0, 0x2, 0xff, 0xff, 0x40, 0x0, 0x0, 0x0,
    0x0, 0x0, 0x2f, 0xff, 0xf4, 0x0, 0x0, 0x0,
    0x0, 0x0, 0x2, 0xff, 0xff, 0x40, 0x0, 0x8,
    0xff, 0xff, 0x80, 0x2f, 0xff, 0xf4, 0x0, 0x5,
    0xff, 0xff, 0xb0, 0x2, 0xff, 0xff, 0x40, 0x3,
    0xff, 0xff, 0xd0, 0x0, 0x2f, 0xff, 0xf4, 0x1,
    0xef, 0xff, 0xe2, 0x0, 0x2, 0xff, 0xff, 0x40,
    0xcf, 0xff, 0xf4, 0x0, 0x0, 0x2f, 0xff, 0xf4,
    0xaf, 0xff, 0xf6, 0x0, 0x0, 0x2, 0xff, 0xff,
    0xcf, 0xff, 0xf9, 0x0, 0x0, 0x0, 0x2f, 0xff,
    0xff, 0xff, 0xff, 0x10, 0x0, 0x0, 0x2, 0xff,
    0xff, 0xff, 0xff, 0xf9, 0x0, 0x0, 0x0, 0x2f,
    0xff, 0xff, 0xff, 0xff, 0xf4, 0x0, 0x0, 0x2,
    0xff, 0xff, 0xf6, 0xff, 0xff, 0xd0, 0x0, 0x0,
    0x2f, 0xff, 0xf6, 0x8, 0xff, 0xff, 0x90, 0x0,
    0x2, 0xff, 0xff, 0x40, 0xd, 0xff, 0xff, 0x40,
    0x0, 0x2f, 0xff, 0xf4, 0x0, 0x3f, 0xff, 0xfd,
    0x0, 0x2, 0xff, 0xff, 0x40, 0x0, 0x8f, 0xff,
    0xf9, 0x0, 0x2f, 0xff, 0xf4, 0x0, 0x0, 0xdf,
    0xff, 0xf4, 0x2, 0xff, 0xff, 0x40, 0x0, 0x3,
    0xff, 0xff, 0xe0,

    /* U+006C "l" */
    0x2f, 0xff, 0xf4, 0x2f, 0xff, 0xf4, 0x2f, 0xff,
    0xf4, 0x2f, 0xff, 0xf4, 0x2f, 0xff, 0xf4, 0x2f,
    0xff, 0xf4, 0x2f, 0xff, 0xf4, 0x2f, 0xff, 0xf4,
    0x2f, 0xff, 0xf4, 0x2f, 0xff, 0xf4, 0x2f, 0xff,
    0xf4, 0x2f, 0xff, 0xf4, 0x2f, 0xff, 0xf4, 0x2f,
    0xff, 0xf4, 0x2f, 0xff, 0xf4, 0x2f, 0xff, 0xf4,
    0x2f, 0xff, 0xf4, 0x2f, 0xff, 0xf4, 0x2f, 0xff,
    0xf4, 0x2f, 0xff, 0xf4, 0x2f, 0xff, 0xf4, 0x2f,
    0xff, 0xf4,

    /* U+006D "m" */
    0x2f, 0xff, 0xf0, 0x6, 0xcf, 0xea, 0x10, 0x0,
    0x4b, 0xef, 0xd8, 0x0, 0x2, 0xff, 0xff, 0xa,
    0xff, 0xff, 0xfd, 0x0, 0x8f, 0xff, 0xff, 0xfd,
    0x10, 0x2f, 0xff, 0xf6, 0xff, 0xff, 0xff, 0xf8,
    0x5f, 0xff, 0xff, 0xff, 0xfb, 0x2, 0xff, 0xff,
    0xef, 0xdd, 0xff, 0xff, 0xed, 0xfe, 0xcf, 0xff,
    0xff, 0xf2, 0x2f, 0xff, 0xff, 0x30, 0x4, 0xff,
    0xff, 0xfa, 0x0, 0xa, 0xff, 0xff, 0x62, 0xff,
    0xff, 0x80, 0x0, 0x9, 0xff, 0xff, 0x10, 0x0,
    0x1f, 0xff, 0xf7, 0x2f, 0xff, 0xf4, 0x0, 0x0,
    0x7f, 0xff, 0xd0, 0x0, 0x0, 0xef, 0xff, 0x82,
    0xff, 0xff, 0x40, 0x0, 0x7, 0xff, 0xfd, 0x0,
    0x0, 0xe, 0xff, 0xf8, 0x2f, 0xff, 0xf4, 0x0,
    0x0, 0x7f, 0xff, 0xd0, 0x0, 0x0, 0xef, 0xff,
    0x82, 0xff, 0xff, 0x40, 0x0, 0x7, 0xff, 0xfd,
    0x0, 0x0, 0xe, 0xff, 0xf8, 0x2f, 0xff, 0xf4,
    0x0, 0x0, 0x7f, 0xff, 0xd0, 0x0, 0x0, 0xef,
    0xff, 0x82, 0xff, 0xff, 0x40, 0x0, 0x7, 0xff,
    0xfd, 0x0, 0x0, 0xe, 0xff, 0xf8, 0x2f, 0xff,
    0xf4, 0x0, 0x0, 0x7f, 0xff, 0xd0, 0x0, 0x0,
    0xef, 0xff, 0x82, 0xff, 0xff, 0x40, 0x0, 0x7,
    0xff, 0xfd, 0x0, 0x0, 0xe, 0xff, 0xf8, 0x2f,
    0xff, 0xf4, 0x0, 0x0, 0x7f, 0xff, 0xd0, 0x0,
    0x0, 0xef, 0xff, 0x82, 0xff, 0xff, 0x40, 0x0,
    0x7, 0xff, 0xfd, 0x0, 0x0, 0xe, 0xff, 0xf8,
    0x2f, 0xff, 0xf4, 0x0, 0x0, 0x7f, 0xff, 0xd0,
    0x0, 0x0, 0xef, 0xff, 0x80,

    /* U+006E "n" */
    0x2f, 0xff, 0xf0, 0x5, 0xcf, 0xfd, 0x81, 0x0,
    0x2f, 0xff, 0xf0, 0x9f, 0xff, 0xff, 0xfd, 0x20,
    0x2f, 0xff, 0xf7, 0xff, 0xff, 0xff, 0xff, 0xc0,
    0x2f, 0xff, 0xfe, 0xfb, 0x9c, 0xff, 0xff, 0xf4,
    0x2f, 0xff, 0xff, 0x40, 0x0, 0x7f, 0xff, 0xf9,
    0x2f, 0xff, 0xf9, 0x0, 0x0, 0xd, 0xff, 0xfb,
    0x2f, 0xff, 0xf5, 0x0, 0x0, 0xa, 0xff, 0xfc,
    0x2f, 0xff, 0xf4, 0x0, 0x0, 0x9, 0xff, 0xfc,
    0x2f, 0xff, 0xf4, 0x0, 0x0, 0x9, 0xff, 0xfc,
    0x2f, 0xff, 0xf4, 0x0, 0x0, 0x9, 0xff, 0xfc,
    0x2f, 0xff, 0xf4, 0x0, 0x0, 0x9, 0xff, 0xfc,
    0x2f, 0xff, 0xf4, 0x0, 0x0, 0x9, 0xff, 0xfc,
    0x2f, 0xff, 0xf4, 0x0, 0x0, 0x9, 0xff, 0xfc,
    0x2f, 0xff, 0xf4, 0x0, 0x0, 0x9, 0xff, 0xfc,
    0x2f, 0xff, 0xf4, 0x0, 0x0, 0x9, 0xff, 0xfc,
    0x2f, 0xff, 0xf4, 0x0, 0x0, 0x9, 0xff, 0xfc,
    0x2f, 0xff, 0xf4, 0x0, 0x0, 0x9, 0xff, 0xfc,

    /* U+006F "o" */
    0x0, 0x0, 0x39, 0xdf, 0xfe, 0xb6, 0x0, 0x0,
    0x0, 0x0, 0x9f, 0xff, 0xff, 0xff, 0xfd, 0x20,
    0x0, 0x0, 0xbf, 0xff, 0xff, 0xff, 0xff, 0xff,
    0x30, 0x0, 0x7f, 0xff, 0xff, 0xa9, 0xdf, 0xff,
    0xfd, 0x0, 0xf, 0xff, 0xfd, 0x10, 0x0, 0x8f,
    0xff, 0xf6, 0x5, 0xff, 0xff, 0x40, 0x0, 0x0,
    0xdf, 0xff, 0xc0, 0x9f, 0xff, 0xe0, 0x0, 0x0,
    0x8, 0xff, 0xff, 0xb, 0xff, 0xfb, 0x0, 0x0,
    0x0, 0x5f, 0xff, 0xf1, 0xcf, 0xff, 0xb0, 0x0,
    0x0, 0x4, 0xff, 0xff, 0x3b, 0xff, 0xfb, 0x0,
    0x0, 0x0, 0x5f, 0xff, 0xf1, 0x9f, 0xff, 0xe0,
    0x0, 0x0, 0x8, 0xff, 0xff, 0x5, 0xff, 0xff,
    0x40, 0x0, 0x0, 0xdf, 0xff, 0xc0, 0xf, 0xff,
    0xfd, 0x10, 0x0, 0x9f, 0xff, 0xf6, 0x0, 0x7f,
    0xff, 0xff, 0xa9, 0xdf, 0xff, 0xfd, 0x0, 0x0,
    0xbf, 0xff, 0xff, 0xff, 0xff, 0xff, 0x30, 0x0,
    0x0, 0x9f, 0xff, 0xff, 0xff, 0xfd, 0x20, 0x0,
    0x0, 0x0, 0x39, 0xdf, 0xfe, 0xb6, 0x0, 0x0,
    0x0,

    /* U+0070 "p" */
    0x2f, 0xff, 0xf3, 0x6, 0xcf, 0xfc, 0x70, 0x0,
    0x2, 0xff, 0xff, 0x3a, 0xff, 0xff, 0xff, 0xd2,
    0x0, 0x2f, 0xff, 0xfa, 0xff, 0xff, 0xff, 0xff,
    0xe1, 0x2, 0xff, 0xff, 0xff, 0xa6, 0x8e, 0xff,
    0xff, 0x90, 0x2f, 0xff, 0xff, 0x50, 0x0, 0x1d,
    0xff, 0xff, 0x2, 0xff, 0xff, 0xb0, 0x0, 0x0,
    0x5f, 0xff, 0xf5, 0x2f, 0xff, 0xf6, 0x0, 0x0,
    0x0, 0xff, 0xff, 0x82, 0xff, 0xff, 0x30, 0x0,
    0x0, 0xd, 0xff, 0xf9, 0x2f, 0xff, 0xf3, 0x0,
    0x0, 0x0, 0xcf, 0xff, 0xa2, 0xff, 0xff, 0x40,
    0x0, 0x0, 0xd, 0xff, 0xf9, 0x2f, 0xff, 0xf7,
    0x0, 0x0, 0x1, 0xff, 0xff, 0x82, 0xff, 0xff,
    0xd0, 0x0, 0x0, 0x7f, 0xff, 0xf5, 0x2f, 0xff,
    0xff, 0x80, 0x0, 0x3f, 0xff, 0xff, 0x2, 0xff,
    0xff, 0xff, 0xda, 0xbf, 0xff, 0xff, 0x90, 0x2f,
    0xff, 0xf9, 0xff, 0xff, 0xff, 0xff, 0xe1, 0x2,
    0xff, 0xff, 0x49, 0xff, 0xff, 0xff, 0xd2, 0x0,
    0x2f, 0xff, 0xf4, 0x5, 0xcf, 0xfc, 0x70, 0x0,
    0x2, 0xff, 0xff, 0x40, 0x0, 0x0, 0x0, 0x0,
    0x0, 0x2f, 0xff, 0xf4, 0x0, 0x0, 0x0, 0x0,
    0x0, 0x2, 0xff, 0xff, 0x40, 0x0, 0x0, 0x0,
    0x0, 0x0, 0x2f, 0xff, 0xf4, 0x0, 0x0, 0x0,
    0x0, 0x0, 0x2, 0xff, 0xff, 0x40, 0x0, 0x0,
    0x0, 0x0, 0x0, 0x2f, 0xff, 0xf4, 0x0, 0x0,
    0x0, 0x0, 0x0, 0x0,

    /* U+0071 "q" */
    0x0, 0x1, 0x7d, 0xfe, 0xb4, 0x4, 0xff, 0xff,
    0x0, 0x3, 0xef, 0xff, 0xff, 0xf7, 0x4f, 0xff,
    0xf0, 0x2, 0xff, 0xff, 0xff, 0xff, 0xf7, 0xff,
    0xff, 0x0, 0xbf, 0xff, 0xff, 0xba, 0xdf, 0xff,
    0xff, 0xf0, 0x2f, 0xff, 0xfe, 0x20, 0x0, 0x9f,
    0xff, 0xff, 0x7, 0xff, 0xff, 0x50, 0x0, 0x0,
    0xdf, 0xff, 0xf0, 0xaf, 0xff, 0xf0, 0x0, 0x0,
    0x8, 0xff, 0xff, 0xb, 0xff, 0xfc, 0x0, 0x0,
    0x0, 0x5f, 0xff, 0xf0, 0xcf, 0xff, 0xb0, 0x0,
    0x0, 0x4, 0xff, 0xff, 0xb, 0xff, 0xfc, 0x0,
    0x0, 0x0, 0x5f, 0xff, 0xf0, 0xaf, 0xff, 0xf0,
    0x0, 0x0, 0x8, 0xff, 0xff, 0x7, 0xff, 0xff,
    0x50, 0x0, 0x0, 0xef, 0xff, 0xf0, 0x2f, 0xff,
    0xfe, 0x20, 0x0, 0x9f, 0xff, 0xff, 0x0, 0xbf,
    0xff, 0xff, 0xba, 0xef, 0xff, 0xff, 0xf0, 0x2,
    0xff, 0xff, 0xff, 0xff, 0xf9, 0xff, 0xff, 0x0,
    0x3, 0xef, 0xff, 0xff, 0xf7, 0x5f, 0xff, 0xf0,
    0x0, 0x1, 0x7d, 0xff, 0xc4, 0x5, 0xff, 0xff,
    0x0, 0x0, 0x0, 0x0, 0x0, 0x0, 0x5f, 0xff,
    0xf0, 0x0, 0x0, 0x0, 0x0, 0x0, 0x5, 0xff,
    0xff, 0x0, 0x0, 0x0, 0x0, 0x0, 0x0, 0x5f,
    0xff, 0xf0, 0x0, 0x0, 0x0, 0x0, 0x0, 0x5,
    0xff, 0xff, 0x0, 0x0, 0x0, 0x0, 0x0, 0x0,
    0x5f, 0xff, 0xf0, 0x0, 0x0, 0x0, 0x0, 0x0,
    0x5, 0xff, 0xff, 0x0,

    /* U+0072 "r" */
    0x0, 0x0, 0x0, 0x0, 0x0, 0x2, 0xff, 0xff,
    0x21, 0x9e, 0xfa, 0x2f, 0xff, 0xf3, 0xdf, 0xff,
    0xa2, 0xff, 0xff, 0xaf, 0xff, 0xfa, 0x2f, 0xff,
    0xff, 0xff, 0xcc, 0x92, 0xff, 0xff, 0xf8, 0x0,
    0x0, 0x2f, 0xff, 0xfb, 0x0, 0x0, 0x2, 0xff,
    0xff, 0x50, 0x0, 0x0, 0x2f, 0xff, 0xf4, 0x0,
    0x0, 0x2, 0xff, 0xff, 0x40, 0x0, 0x0, 0x2f,
    0xff, 0xf4, 0x0, 0x0, 0x2, 0xff, 0xff, 0x40,
    0x0, 0x0, 0x2f, 0xff, 0xf4, 0x0, 0x0, 0x2,
    0xff, 0xff, 0x40, 0x0, 0x0, 0x2f, 0xff, 0xf4,
    0x0, 0x0, 0x2, 0xff, 0xff, 0x40, 0x0, 0x0,
    0x2f, 0xff, 0xf4, 0x0, 0x0, 0x2, 0xff, 0xff,
    0x40, 0x0, 0x0,

    /* U+0073 "s" */
    0x0, 0x3, 0x9d, 0xef, 0xec, 0x82, 0x0, 0x0,
    0x9, 0xff, 0xff, 0xff, 0xff, 0xf7, 0x0, 0x9,
    0xff, 0xff, 0xff, 0xff, 0xff, 0xf6, 0x2, 0xff,
    0xff, 0xd6, 0x45, 0xdf, 0xff, 0xe0, 0x5f, 0xff,
    0xf1, 0x0, 0x0, 0xee, 0xb8, 0x16, 0xff, 0xff,
    0x20, 0x0, 0x0, 0x0, 0x0, 0x3f, 0xff, 0xff,
    0x84, 0x10, 0x0, 0x0, 0x0, 0xbf, 0xff, 0xff,
    0xff, 0xeb, 0x60, 0x0, 0x0, 0xaf, 0xff, 0xff,
    0xff, 0xff, 0xe4, 0x0, 0x0, 0x38, 0xcf, 0xff,
    0xff, 0xff, 0xf2, 0x0, 0x0, 0x0, 0x3, 0x7d,
    0xff, 0xff, 0x80, 0x14, 0x73, 0x0, 0x0, 0xe,
    0xff, 0xfa, 0xbf, 0xff, 0xc0, 0x0, 0x0, 0xef,
    0xff, 0x96, 0xff, 0xff, 0xc6, 0x56, 0xdf, 0xff,
    0xf4, 0xc, 0xff, 0xff, 0xff, 0xff, 0xff, 0xfa,
    0x0, 0xb, 0xff, 0xff, 0xff, 0xff, 0xf9, 0x0,
    0x0, 0x3, 0x9d, 0xef, 0xec, 0x82, 0x0, 0x0,

    /* U+0074 "t" */
    0x0, 0x7f, 0xff, 0xf0, 0x0, 0x0, 0x7, 0xff,
    0xff, 0x0, 0x0, 0x0, 0x7f, 0xff, 0xf0, 0x0,
    0x0, 0x7, 0xff, 0xff, 0x0, 0x0, 0xbf, 0xff,
    0xff, 0xff, 0xff, 0xb, 0xff, 0xff, 0xff, 0xff,
    0xf0, 0xbf, 0xff, 0xff, 0xff, 0xff, 0x4, 0x7b,
    0xff, 0xff, 0x77, 0x70, 0x0, 0x7f, 0xff, 0xf0,
    0x0, 0x0, 0x7, 0xff, 0xff, 0x0, 0x0, 0x0,
    0x7f, 0xff, 0xf0, 0x0, 0x0, 0x7, 0xff, 0xff,
    0x0, 0x0, 0x0, 0x7f, 0xff, 0xf0, 0x0, 0x0,
    0x7, 0xff, 0xff, 0x0, 0x0, 0x0, 0x7f, 0xff,
    0xf0, 0x0, 0x0, 0x7, 0xff, 0xff, 0x0, 0x0,
    0x0, 0x6f, 0xff, 0xf1, 0x0, 0x0, 0x5, 0xff,
    0xff, 0xd9, 0xa0, 0x0, 0x1f, 0xff, 0xff, 0xff,
    0x10, 0x0, 0x6f, 0xff, 0xff, 0xf3, 0x0, 0x0,
    0x3b, 0xef, 0xfc, 0x40,

    /* U+0075 "u" */
    0x2f, 0xff, 0xf4, 0x0, 0x0, 0x9, 0xff, 0xfd,
    0x2f, 0xff, 0xf4, 0x0, 0x0, 0x9, 0xff, 0xfd,
    0x2f, 0xff, 0xf4, 0x0, 0x0, 0x9, 0xff, 0xfd,
    0x2f, 0xff, 0xf4, 0x0, 0x0, 0x9, 0xff, 0xfd,
    0x2f, 0xff, 0xf4, 0x0, 0x0, 0x9, 0xff, 0xfd,
    0x2f, 0xff, 0xf4, 0x0, 0x0, 0x9, 0xff, 0xfd,
    0x2f, 0xff, 0xf4, 0x0, 0x0, 0x9, 0xff, 0xfd,
    0x2f, 0xff, 0xf4, 0x0, 0x0, 0x9, 0xff, 0xfd,
    0x2f, 0xff, 0xf4, 0x0, 0x0, 0x9, 0xff, 0xfd,
    0x2f, 0xff, 0xf4, 0x0, 0x0, 0x9, 0xff, 0xfd,
    0x1f, 0xff, 0xf5, 0x0, 0x0, 0xa, 0xff, 0xfd,
    0xf, 0xff, 0xf9, 0x0, 0x0, 0xe, 0xff, 0xfd,
    0xe, 0xff, 0xff, 0x50, 0x0, 0xaf, 0xff, 0xfd,
    0xa, 0xff, 0xff, 0xfe, 0xcf, 0xfd, 0xff, 0xfd,
    0x2, 0xff, 0xff, 0xff, 0xff, 0xe7, 0xff, 0xfd,
    0x0, 0x5f, 0xff, 0xff, 0xff, 0x35, 0xff, 0xfd,
    0x0, 0x3, 0xae, 0xfe, 0xa2, 0x5, 0xff, 0xfd,

    /* U+0076 "v" */
    0x5f, 0xff, 0xf4, 0x0, 0x0, 0x0, 0x3f, 0xff,
    0xf5, 0xf, 0xff, 0xf9, 0x0, 0x0, 0x0, 0x8f,
    0xff, 0xf0, 0xa, 0xff, 0xfe, 0x0, 0x0, 0x0,
    0xdf, 0xff, 0xa0, 0x4, 0xff, 0xff, 0x30, 0x0,
    0x2, 0xff, 0xff, 0x40, 0x0, 0xef, 0xff, 0x80,
    0x0, 0x7, 0xff, 0xfe, 0x0, 0x0, 0x9f, 0xff,
    0xd0, 0x0, 0xc, 0xff, 0xf9, 0x0, 0x0, 0x3f,
    0xff, 0xf2, 0x0, 0x1f, 0xff, 0xf3, 0x0, 0x0,
    0xe, 0xff, 0xf7, 0x0, 0x6f, 0xff, 0xd0, 0x0,
    0x0, 0x8, 0xff, 0xfc, 0x0, 0xbf, 0xff, 0x80,
    0x0, 0x0, 0x2, 0xff, 0xff, 0x10, 0xff, 0xff,
    0x20, 0x0, 0x0, 0x0, 0xdf, 0xff, 0x53, 0xff,
    0xfc, 0x0, 0x0, 0x0, 0x0, 0x7f, 0xff, 0x98,
    0xff, 0xf7, 0x0, 0x0, 0x0, 0x0, 0x1f, 0xff,
    0xdb, 0xff, 0xf1, 0x0, 0x0, 0x0, 0x0, 0xc,
    0xff, 0xff, 0xff, 0xb0, 0x0, 0x0, 0x0, 0x0,
    0x6, 0xff, 0xff, 0xff, 0x50, 0x0, 0x0, 0x0,
    0x0, 0x1, 0xff, 0xff, 0xff, 0x0, 0x0, 0x0,
    0x0, 0x0, 0x0, 0xbf, 0xff, 0xfa, 0x0, 0x0,
    0x0,

    /* U+0077 "w" */
    0x6f, 0xff, 0xf2, 0x0, 0x0, 0x6f, 0xff, 0xe0,
    0x0, 0x0, 0xbf, 0xff, 0xe0, 0x1f, 0xff, 0xf6,
    0x0, 0x0, 0x9f, 0xff, 0xf2, 0x0, 0x0, 0xff,
    0xff, 0x90, 0xd, 0xff, 0xfa, 0x0, 0x0, 0xdf,
    0xff, 0xf5, 0x0, 0x3, 0xff, 0xff, 0x50, 0x8,
    0xff, 0xfd, 0x0, 0x1, 0xff, 0xff, 0xf9, 0x0,
    0x6, 0xff, 0xff, 0x0, 0x4, 0xff, 0xff, 0x10,
    0x5, 0xff, 0xff, 0xfd, 0x0, 0xa, 0xff, 0xfc,
    0x0, 0x0, 0xff, 0xff, 0x40, 0x9, 0xff, 0xef,
    0xff, 0x10, 0xe, 0xff, 0xf7, 0x0, 0x0, 0xbf,
    0xff, 0x80, 0xc, 0xff, 0x7f, 0xff, 0x40, 0x1f,
    0xff, 0xf2, 0x0, 0x0, 0x6f, 0xff, 0xc0, 0xf,
    0xff, 0x4c, 0xff, 0x80, 0x4f, 0xff, 0xe0, 0x0,
    0x0, 0x2f, 0xff, 0xf0, 0x4f, 0xff, 0x9, 0xff,
    0xb0, 0x8f, 0xff, 0x90, 0x0, 0x0, 0xd, 0xff,
    0xf2, 0x7f, 0xfc, 0x5, 0xff, 0xf0, 0xbf, 0xff,
    0x50, 0x0, 0x0, 0x9, 0xff, 0xf6, 0xbf, 0xf8,
    0x1, 0xff, 0xf2, 0xef, 0xff, 0x0, 0x0, 0x0,
    0x4, 0xff, 0xf9, 0xef, 0xf4, 0x0, 0xcf, 0xf7,
    0xff, 0xfc, 0x0, 0x0, 0x0, 0x0, 0xff, 0xfd,
    0xff, 0xf0, 0x0, 0x8f, 0xfd, 0xff, 0xf7, 0x0,
    0x0, 0x0, 0x0, 0xbf, 0xff, 0xff, 0xb0, 0x0,
    0x4f, 0xff, 0xff, 0xf2, 0x0, 0x0, 0x0, 0x0,
    0x6f, 0xff, 0xff, 0x70, 0x0, 0xf, 0xff, 0xff,
    0xe0, 0x0, 0x0, 0x0, 0x0, 0x2f, 0xff, 0xff,
    0x20, 0x0, 0xb, 0xff, 0xff, 0x90, 0x0, 0x0,
    0x0, 0x0, 0xd, 0xff, 0xfe, 0x0, 0x0, 0x6,
    0xff, 0xff, 0x50, 0x0, 0x0,

    /* U+0078 "x" */
    0xc, 0xff, 0xfe, 0x0, 0x0, 0x6, 0xff, 0xff,
    0x30, 0x2f, 0xff, 0xf8, 0x0, 0x0, 0xef, 0xff,
    0xa0, 0x0, 0x9f, 0xff, 0xf1, 0x0, 0x8f, 0xff,
    0xf1, 0x0, 0x0, 0xef, 0xff, 0x80, 0x1f, 0xff,
    0xf6, 0x0, 0x0, 0x5, 0xff, 0xff, 0x18, 0xff,
    0xfc, 0x0, 0x0, 0x0, 0xc, 0xff, 0xf9, 0xff,
    0xff, 0x30, 0x0, 0x0, 0x0, 0x2f, 0xff, 0xff,
    0xff, 0x90, 0x0, 0x0, 0x0, 0x0, 0x9f, 0xff,
    0xff, 0xe1, 0x0, 0x0, 0x0, 0x0, 0x4, 0xff,
    0xff, 0xfa, 0x0, 0x0, 0x0, 0x0, 0x0, 0xdf,
    0xff, 0xff, 0xf3, 0x0, 0x0, 0x0, 0x0, 0x7f,
    0xff, 0xef, 0xff, 0xc0, 0x0, 0x0, 0x0, 0x1f,
    0xff, 0xf3, 0xdf, 0xff, 0x60, 0x0, 0x0, 0xa,
    0xff, 0xfb, 0x6, 0xff, 0xff, 0x10, 0x0, 0x4,
    0xff, 0xff, 0x30, 0xe, 0xff, 0xfa, 0x0, 0x0,
    0xdf, 0xff, 0xb0, 0x0, 0x5f, 0xff, 0xf4, 0x0,
    0x7f, 0xff, 0xf2, 0x0, 0x0, 0xcf, 0xff, 0xd0,
    0x2f, 0xff, 0xf9, 0x0, 0x0, 0x3, 0xff, 0xff,
    0x70,

    /* U+0079 "y" */
    0x5f, 0xff, 0xf4, 0x0, 0x0, 0x0, 0x2f, 0xff,
    0xf6, 0xf, 0xff, 0xf9, 0x0, 0x0, 0x0, 0x8f,
    0xff, 0xf1, 0xa, 0xff, 0xfe, 0x0, 0x0, 0x0,
    0xdf, 0xff, 0xa0, 0x4, 0xff, 0xff, 0x30, 0x0,
    0x2, 0xff, 0xff, 0x40, 0x0, 0xef, 0xff, 0x80,
    0x0, 0x8, 0xff, 0xfe, 0x0, 0x0, 0x8f, 0xff,
    0xd0, 0x0, 0xd, 0xff, 0xf8, 0x0, 0x0, 0x2f,
    0xff, 0xf3, 0x0, 0x2f, 0xff, 0xf2, 0x0, 0x0,
    0xc, 0xff, 0xf8, 0x0, 0x8f, 0xff, 0xc0, 0x0,
    0x0, 0x6, 0xff, 0xfd, 0x0, 0xdf, 0xff, 0x60,
    0x0, 0x0, 0x1, 0xff, 0xff, 0x12, 0xff, 0xff,
    0x10, 0x0, 0x0, 0x0, 0xaf, 0xff, 0x56, 0xff,
    0xfa, 0x0, 0x0, 0x0, 0x0, 0x4f, 0xff, 0x9b,
    0xff, 0xf4, 0x0, 0x0, 0x0, 0x0, 0xe, 0xff,
    0xdf, 0xff, 0xe0, 0x0, 0x0, 0x0, 0x0, 0x9,
    0xff, 0xff, 0xff, 0x80, 0x0, 0x0, 0x0, 0x0,
    0x3, 0xff, 0xff, 0xff, 0x20, 0x0, 0x0, 0x0,
    0x0, 0x0, 0xdf, 0xff, 0xfc, 0x0, 0x0, 0x0,
    0x0, 0x0, 0x0, 0x7f, 0xff, 0xf6, 0x0, 0x0,
    0x0, 0x0, 0x0, 0x0, 0x8f, 0xff, 0xf1, 0x0,
    0x0, 0x0, 0x0, 0x0, 0x0, 0xcf, 0xff, 0xa0,
    0x0, 0x0, 0x0, 0x0, 0x4a, 0x8c, 0xff, 0xff,
    0x30, 0x0, 0x0, 0x0, 0x0, 0xaf, 0xff, 0xff,
    0xfa, 0x0, 0x0, 0x0, 0x0, 0x0, 0xef, 0xff,
    0xff, 0xb0, 0x0, 0x0, 0x0, 0x0, 0x1, 0xce,
    0xfe, 0xc6, 0x0, 0x0, 0x0, 0x0, 0x0,

    /* U+007A "z" */
    0xf, 0xff, 0xff, 0xff, 0xff, 0xff, 0xff, 0x20,
    0xff, 0xff, 0xff, 0xff, 0xff, 0xff, 0xf2, 0xf,
    0xff, 0xff, 0xff, 0xff, 0xff, 0xff, 0x20, 0xbb,
    0xbb, 0xbb, 0xbc, 0xff, 0xff, 0xc0, 0x0, 0x0,
    0x0, 0x0, 0xcf, 0xff, 0xe1, 0x0, 0x0, 0x0,
    0x0, 0x8f, 0xff, 0xf4, 0x0, 0x0, 0x0, 0x0,
    0x4f, 0xff, 0xf8, 0x0, 0x0, 0x0, 0x0, 0x2e,
    0xff, 0xfc, 0x0, 0x0, 0x0, 0x0, 0xc, 0xff,
    0xff, 0x20, 0x0, 0x0, 0x0, 0x9, 0xff, 0xff,
    0x50, 0x0, 0x0, 0x0, 0x5, 0xff, 0xff, 0x90,
    0x0, 0x0, 0x0, 0x2, 0xff, 0xff, 0xd0, 0x0,
    0x0, 0x0, 0x0, 0xdf, 0xff, 0xf2, 0x0, 0x0,
    0x0, 0x0, 0xaf, 0xff, 0xfe, 0xbb, 0xbb, 0xbb,
    0xb4, 0x3f, 0xff, 0xff, 0xff, 0xff, 0xff, 0xff,
    0x63, 0xff, 0xff, 0xff, 0xff, 0xff, 0xff, 0xf6,
    0x3f, 0xff, 0xff, 0xff, 0xff, 0xff, 0xff, 0x60,

    /* U+007B "{" */
    0x0, 0x0, 0x0, 0x7b, 0xdf, 0x90, 0x0, 0x3,
    0xef, 0xff, 0xf9, 0x0, 0x0, 0xdf, 0xff, 0xff,
    0x90, 0x0, 0x5f, 0xff, 0xfd, 0x83, 0x0, 0x8,
    0xff, 0xfd, 0x0, 0x0, 0x0, 0xaf, 0xff, 0x80,
    0x0, 0x0, 0xa, 0xff, 0xf6, 0x0, 0x0, 0x0,
    0xbf, 0xff, 0x60, 0x0, 0x0, 0xb, 0xff, 0xf6,
    0x0, 0x0, 0x0, 0xcf, 0xff, 0x60, 0x0, 0x0,
    0xe, 0xff, 0xf5, 0x0, 0x0, 0x2a, 0xff, 0xff,
    0x10, 0x0, 0xff, 0xff, 0xff, 0x70, 0x0, 0xf,
    0xff, 0xfb, 0x40, 0x0, 0x0, 0xff, 0xff, 0x82,
    0x0, 0x0, 0xf, 0xff, 0xff, 0xf5, 0x0, 0x0,
    0x24, 0xcf, 0xff, 0xf1, 0x0, 0x0, 0x1, 0xff,
    0xff, 0x40, 0x0, 0x0, 0xc, 0xff, 0xf6, 0x0,
    0x0, 0x0, 0xbf, 0xff, 0x60, 0x0, 0x0, 0xb,
    0xff, 0xf6, 0x0, 0x0, 0x0, 0xaf, 0xff, 0x60,
    0x0, 0x0, 0xa, 0xff, 0xf8, 0x0, 0x0, 0x0,
    0x9f, 0xff, 0xd0, 0x0, 0x0, 0x5, 0xff, 0xff,
    0xc7, 0x30, 0x0, 0xe, 0xff, 0xff, 0xf9, 0x0,
    0x0, 0x3e, 0xff, 0xff, 0x90, 0x0, 0x0, 0x17,
    0xbe, 0xf9,

    /* U+007C "|" */
    0x6c, 0xcc, 0x88, 0xff, 0xfa, 0x8f, 0xff, 0xa8,
    0xff, 0xfa, 0x8f, 0xff, 0xa8, 0xff, 0xfa, 0x8f,
    0xff, 0xa8, 0xff, 0xfa, 0x8f, 0xff, 0xa8, 0xff,
    0xfa, 0x8f, 0xff, 0xa8, 0xff, 0xfa, 0x8f, 0xff,
    0xa8, 0xff, 0xfa, 0x8f, 0xff, 0xa8, 0xff, 0xfa,
    0x8f, 0xff, 0xa8, 0xff, 0xfa, 0x8f, 0xff, 0xa8,
    0xff, 0xfa, 0x8f, 0xff, 0xa8, 0xff, 0xfa, 0x8f,
    0xff, 0xa8, 0xff, 0xfa, 0x8f, 0xff, 0xa8, 0xff,
    0xfa, 0x8f, 0xff, 0xa8, 0xff, 0xfa, 0x8f, 0xff,
    0xa8, 0xff, 0xfa, 0x8f, 0xff, 0xa8, 0xff, 0xfa,
    0x8f, 0xff, 0xa8, 0xff, 0xfa, 0x8f, 0xff, 0xa8,
    0xff, 0xfa, 0x8f, 0xff, 0xa0,

    /* U+007D "}" */
    0x7f, 0xeb, 0x71, 0x0, 0x0, 0x0, 0x8f, 0xff,
    0xfe, 0x30, 0x0, 0x0, 0x8f, 0xff, 0xff, 0xe0,
    0x0, 0x0, 0x37, 0xcf, 0xff, 0xf6, 0x0, 0x0,
    0x0, 0xc, 0xff, 0xf9, 0x0, 0x0, 0x0, 0x7,
    0xff, 0xfb, 0x0, 0x0, 0x0, 0x5, 0xff, 0xfb,
    0x0, 0x0, 0x0, 0x5, 0xff, 0xfc, 0x0, 0x0,
    0x0, 0x5, 0xff, 0xfc, 0x0, 0x0, 0x0, 0x4,
    0xff, 0xfd, 0x0, 0x0, 0x0, 0x4, 0xff, 0xff,
    0x10, 0x0, 0x0, 0x0, 0xff, 0xff, 0xb3, 0x0,
    0x0, 0x0, 0x6f, 0xff, 0xff, 0xf0, 0x0, 0x0,
    0x3, 0xaf, 0xff, 0xf0, 0x0, 0x0, 0x2, 0x9f,
    0xff, 0xf0, 0x0, 0x0, 0x5f, 0xff, 0xff, 0xf0,
    0x0, 0x0, 0xef, 0xff, 0xc4, 0x10, 0x0, 0x3,
    0xff, 0xff, 0x20, 0x0, 0x0, 0x4, 0xff, 0xfd,
    0x0, 0x0, 0x0, 0x5, 0xff, 0xfc, 0x0, 0x0,
    0x0, 0x5, 0xff, 0xfc, 0x0, 0x0, 0x0, 0x5,
    0xff, 0xfb, 0x0, 0x0, 0x0, 0x6, 0xff, 0xfb,
    0x0, 0x0, 0x0, 0xc, 0xff, 0xf9, 0x0, 0x0,
    0x37, 0xcf, 0xff, 0xf6, 0x0, 0x0, 0x8f, 0xff,
    0xff, 0xe1, 0x0, 0x0, 0x8f, 0xff, 0xff, 0x40,
    0x0, 0x0, 0x7f, 0xec, 0x71, 0x0, 0x0, 0x0,

    /* U+007E "~" */
    0x0, 0x18, 0xbb, 0x70, 0x0, 0x0, 0x14, 0x44,
    0x0, 0x3f, 0xff, 0xff, 0xe3, 0x0, 0x6, 0xff,
    0xf0, 0xd, 0xff, 0xff, 0xff, 0xf6, 0x0, 0xcf,
    0xff, 0x5, 0xff, 0xff, 0xff, 0xff, 0xfd, 0xef,
    0xff, 0xb0, 0x9f, 0xff, 0x60, 0x6f, 0xff, 0xff,
    0xff, 0xf5, 0xa, 0xff, 0xd0, 0x0, 0x3e, 0xff,
    0xff, 0xfb, 0x0, 0x58, 0x85, 0x0, 0x0, 0x18,
    0xdf, 0xd7, 0x0, 0x0,

    /* U+00A0 " " */

    /* U+00A1 "¡" */
    0x7, 0xee, 0x90, 0x4f, 0xff, 0xf6, 0x7f, 0xff,
    0xfa, 0x5f, 0xff, 0xf7, 0x9, 0xff, 0xa0, 0x0,
    0x0, 0x0, 0x0, 0x0, 0x0, 0x4, 0x44, 0x40,
    0xf, 0xff, 0xf2, 0xf, 0xff, 0xf2, 0xf, 0xff,
    0xf2, 0xf, 0xff, 0xf3, 0x1f, 0xff, 0xf3, 0x1f,
    0xff, 0xf3, 0x1f, 0xff, 0xf4, 0x2f, 0xff, 0xf4,
    0x2f, 0xff, 0xf4, 0x2f, 0xff, 0xf5, 0x3f, 0xff,
    0xf5, 0x3f, 0xff, 0xf5, 0x3f, 0xff, 0xf6, 0x4f,
    0xff, 0xf6, 0x4f, 0xff, 0xf6,

    /* U+00A2 "¢" */
    0x0, 0x0, 0x0, 0xb, 0xf0, 0x0, 0x0, 0x0,
    0x0, 0x0, 0x0, 0xb, 0xf0, 0x0, 0x0, 0x0,
    0x0, 0x0, 0x1, 0x5d, 0xf6, 0x30, 0x0, 0x0,
    0x0, 0x2, 0xbf, 0xff, 0xff, 0xfd, 0x60, 0x0,
    0x0, 0x4f, 0xff, 0xff, 0xff, 0xff, 0xfa, 0x0,
    0x2, 0xff, 0xff, 0xff, 0xff, 0xff, 0xff, 0x70,
    0xc, 0xff, 0xff, 0x7c, 0xf3, 0xdf, 0xff, 0xf1,
    0x2f, 0xff, 0xf8, 0xb, 0xf0, 0x2f, 0xff, 0xf5,
    0x8f, 0xff, 0xf1, 0xb, 0xf0, 0x8, 0x85, 0x20,
    0xaf, 0xff, 0xc0, 0xb, 0xf0, 0x0, 0x0, 0x0,
    0xcf, 0xff, 0xb0, 0xb, 0xf0, 0x0, 0x0, 0x0,
    0xcf, 0xff, 0xb0, 0xb, 0xf0, 0x0, 0x0, 0x0,
    0xaf, 0xff, 0xc0, 0xb, 0xf0, 0x0, 0x0, 0x0,
    0x8f, 0xff, 0xf1, 0xb, 0xf0, 0x9, 0xa7, 0x41,
    0x2f, 0xff, 0xf8, 0xb, 0xf0, 0x2f, 0xff, 0xf5,
    0xc, 0xff, 0xff, 0x8c, 0xf4, 0xdf, 0xff, 0xf1,
    0x2, 0xff, 0xff, 0xff, 0xff, 0xff, 0xff, 0x70,
    0x0, 0x4e, 0xff, 0xff, 0xff, 0xff, 0xf9, 0x0,
    0x0, 0x2, 0xaf, 0xff, 0xff, 0xfd, 0x60, 0x0,
    0x0, 0x0, 0x1, 0x5d, 0xf6, 0x30, 0x0, 0x0,
    0x0, 0x0, 0x0, 0xb, 0xf0, 0x0, 0x0, 0x0,
    0x0, 0x0, 0x0, 0xb, 0xf0, 0x0, 0x0, 0x0,

    /* U+00A3 "£" */
    0x0, 0x0, 0x0, 0x6b, 0xef, 0xec, 0x71, 0x0,
    0x0, 0x0, 0x4, 0xef, 0xff, 0xff, 0xff, 0xe5,
    0x0, 0x0, 0x4, 0xff, 0xff, 0xff, 0xff, 0xff,
    0xf4, 0x0, 0x0, 0xef, 0xff, 0xff, 0xdf, 0xff,
    0xff, 0xe0, 0x0, 0x5f, 0xff, 0xf8, 0x0, 0x6,
    0xff, 0xff, 0x60, 0x8, 0xff, 0xfd, 0x0, 0x0,
    0xa, 0xff, 0xd7, 0x0, 0x9f, 0xff, 0xa0, 0x0,
    0x0, 0x11, 0x0, 0x0, 0x8, 0xff, 0xfa, 0x0,
    0x0, 0x0, 0x0, 0x0, 0x0, 0x8f, 0xff, 0xb0,
    0x0, 0x0, 0x0, 0x0, 0x9, 0xef, 0xff, 0xff,
    0xee, 0xee, 0xe6, 0x0, 0x0, 0xaf, 0xff, 0xff,
    0xff, 0xff, 0xff, 0x70, 0x0, 0xa, 0xff, 0xff,
    0xff, 0xff, 0xff, 0xf7, 0x0, 0x0, 0x0, 0x5f,
    0xff, 0xd0, 0x0, 0x0, 0x0, 0x0, 0x0, 0x4,
    0xff, 0xfd, 0x0, 0x0, 0x0, 0x0, 0x0, 0x0,
    0x3f, 0xff, 0xe0, 0x0, 0x0, 0x0, 0x0, 0x0,
    0x2, 0xff, 0xfd, 0x0, 0x0, 0x0, 0x0, 0x0,
    0x0, 0x4f, 0xff, 0xa0, 0x0, 0x0, 0x19, 0x99,
    0x80, 0x1b, 0xff, 0xd1, 0x0, 0x0, 0x4, 0xff,
    0xfd, 0x8f, 0xff, 0xfd, 0xdd, 0xdd, 0xdd, 0xff,
    0xff, 0xca, 0xff, 0xff, 0xff, 0xff, 0xff, 0xff,
    0xff, 0xf7, 0xaf, 0xff, 0xff, 0xff, 0xff, 0xff,
    0xff, 0xfd, 0xa, 0xff, 0xff, 0xff, 0xff, 0xff,
    0xff, 0xd8, 0x10,

    /* U+00A4 "¤" */
    0x0, 0x0, 0x0, 0x0, 0x0, 0x0, 0x0, 0x0,
    0x0, 0x0, 0x0, 0xab, 0x0, 0x4, 0x8b, 0xca,
    0x83, 0x0, 0xc, 0x90, 0xa, 0xff, 0xa4, 0xdf,
    0xff, 0xff, 0xff, 0xb2, 0xcf, 0xf8, 0x6, 0xff,
    0xff, 0xff, 0xff, 0xff, 0xff, 0xff, 0xff, 0xf5,
    0x0, 0x7f, 0xff, 0xfc, 0x51, 0x2, 0x6d, 0xff,
    0xff, 0x50, 0x0, 0x2f, 0xff, 0x70, 0x0, 0x0,
    0x0, 0xaf, 0xfe, 0x0, 0x0, 0xaf, 0xf8, 0x0,
    0x0, 0x0, 0x0, 0xb, 0xff, 0x70, 0x0, 0xff,
    0xd0, 0x0, 0x0, 0x0, 0x0, 0x1, 0xff, 0xd0,
    0x4, 0xff, 0x70, 0x0, 0x0, 0x0, 0x0, 0x0,
    0xaf, 0xf2, 0x6, 0xff, 0x40, 0x0, 0x0, 0x0,
    0x0, 0x0, 0x7f, 0xf4, 0x8, 0xff, 0x20, 0x0,
    0x0, 0x0, 0x0, 0x0, 0x5f, 0xf5, 0x7, 0xff,
    0x40, 0x0, 0x0, 0x0, 0x0, 0x0, 0x7f, 0xf4,
    0x5, 0xff, 0x70, 0x0, 0x0, 0x0, 0x0, 0x0,
    0xaf, 0xf2, 0x1, 0xff, 0xd0, 0x0, 0x0, 0x0,
    0x0, 0x0, 0xff, 0xe0, 0x0, 0xbf, 0xf6, 0x0,
    0x0, 0x0, 0x0, 0x9, 0xff, 0x80, 0x0, 0x3f,
    0xff, 0x40, 0x0, 0x0, 0x0, 0x7f, 0xff, 0x10,
    0x0, 0x9f, 0xff, 0xf9, 0x20, 0x0, 0x3b, 0xff,
    0xff, 0x80, 0x9, 0xff, 0xff, 0xff, 0xff, 0xdf,
    0xff, 0xff, 0xff, 0xf8, 0x7, 0xff, 0x86, 0xff,
    0xff, 0xff, 0xff, 0xe5, 0x9f, 0xf6, 0x0, 0x88,
    0x0, 0x17, 0xce, 0xfe, 0xb6, 0x0, 0xa, 0x60,
    0x0, 0x0, 0x0, 0x0, 0x0, 0x0, 0x0, 0x0,
    0x0, 0x0,

    /* U+00A5 "¥" */
    0x5f, 0xff, 0xf4, 0x0, 0x0, 0x2, 0xff, 0xff,
    0x70, 0xdf, 0xff, 0xa0, 0x0, 0x0, 0x8f, 0xff,
    0xe0, 0x6, 0xff, 0xff, 0x10, 0x0, 0xe, 0xff,
    0xf8, 0x0, 0xe, 0xff, 0xf8, 0x0, 0x6, 0xff,
    0xff, 0x10, 0x0, 0x7f, 0xff, 0xe0, 0x0, 0xdf,
    0xff, 0x90, 0x0, 0x0, 0xef, 0xff, 0x50, 0x3f,
    0xff, 0xf1, 0x0, 0x0, 0x8, 0xff, 0xfc, 0xa,
    0xff, 0xf9, 0x0, 0x0, 0x0, 0x1f, 0xff, 0xf5,
    0xff, 0xff, 0x20, 0x0, 0x0, 0x0, 0x9f, 0xff,
    0xff, 0xff, 0xa0, 0x0, 0x0, 0x0, 0x1, 0xff,
    0xff, 0xff, 0xf3, 0x0, 0x0, 0x3, 0xaa, 0xae,
    0xff, 0xff, 0xff, 0xaa, 0xa0, 0x0, 0x6f, 0xff,
    0xff, 0xff, 0xff, 0xff, 0xff, 0x10, 0x6, 0xff,
    0xff, 0xff, 0xff, 0xff, 0xff, 0xf1, 0x0, 0x0,
    0x0, 0xb, 0xff, 0xfb, 0x0, 0x0, 0x0, 0x0,
    0x0, 0x0, 0xbf, 0xff, 0xb0, 0x0, 0x0, 0x0,
    0x6f, 0xff, 0xff, 0xff, 0xff, 0xff, 0xff, 0x10,
    0x6, 0xff, 0xff, 0xff, 0xff, 0xff, 0xff, 0xf1,
    0x0, 0x3a, 0xaa, 0xae, 0xff, 0xfe, 0xaa, 0xaa,
    0x0, 0x0, 0x0, 0x0, 0xbf, 0xff, 0xb0, 0x0,
    0x0, 0x0, 0x0, 0x0, 0xb, 0xff, 0xfb, 0x0,
    0x0, 0x0, 0x0, 0x0, 0x0, 0xbf, 0xff, 0xb0,
    0x0, 0x0, 0x0, 0x0, 0x0, 0xb, 0xff, 0xfb,
    0x0, 0x0, 0x0,

    /* U+00A6 "¦" */
    0xef, 0xff, 0xe, 0xff, 0xf0, 0xef, 0xff, 0xe,
    0xff, 0xf0, 0xef, 0xff, 0xe, 0xff, 0xf0, 0xef,
    0xff, 0xe, 0xff, 0xf0, 0xef, 0xff, 0xe, 0xff,
    0xf0, 0x56, 0x66, 0x0, 0x0, 0x0, 0x0, 0x0,
    0x0, 0x0, 0x0, 0x0, 0x0, 0x0, 0x0, 0x0,
    0xef, 0xff, 0xe, 0xff, 0xf0, 0xef, 0xff, 0xe,
    0xff, 0xf0, 0xef, 0xff, 0xe, 0xff, 0xf0, 0xef,
    0xff, 0xe, 0xff, 0xf0, 0xef, 0xff, 0xe, 0xff,
    0xf0, 0x56, 0x66, 0x0,

    /* U+00A7 "§" */
    0x0, 0x0, 0x7c, 0xef, 0xeb, 0x60, 0x0, 0x0,
    0x2, 0xef, 0xff, 0xff, 0xff, 0xc0, 0x0, 0x0,
    0xef, 0xff, 0xff, 0xff, 0xff, 0xa0, 0x0, 0x6f,
    0xff, 0xfa, 0x8b, 0xff, 0xff, 0x30, 0xa, 0xff,
    0xf7, 0x0, 0x8, 0xff, 0xf8, 0x0, 0xbf, 0xff,
    0x30, 0x0, 0x1a, 0x74, 0x10, 0x9, 0xff, 0xf8,
    0x0, 0x0, 0x0, 0x0, 0x0, 0x3f, 0xff, 0xfa,
    0x30, 0x0, 0x0, 0x0, 0x0, 0x8f, 0xff, 0xff,
    0xc5, 0x0, 0x0, 0x0, 0x0, 0x8f, 0xff, 0xff,
    0xfe, 0x71, 0x0, 0x5, 0xef, 0xea, 0xff, 0xff,
    0xff, 0xe2, 0x3, 0xff, 0xf1, 0x0, 0x7d, 0xff,
    0xff, 0xe0, 0x8f, 0xfd, 0x0, 0x0, 0x5, 0xdf,
    0xff, 0x69, 0xff, 0xf1, 0x0, 0x0, 0x2, 0xff,
    0xfa, 0x6f, 0xff, 0xc2, 0x0, 0x0, 0xd, 0xff,
    0x90, 0xef, 0xff, 0xfb, 0x40, 0x1, 0xff, 0xf3,
    0x3, 0xef, 0xff, 0xff, 0xd9, 0xef, 0xe5, 0x0,
    0x1, 0x9f, 0xff, 0xff, 0xff, 0xa0, 0x0, 0x0,
    0x0, 0x6, 0xdf, 0xff, 0xff, 0xa0, 0x0, 0x0,
    0x0, 0x0, 0x4b, 0xff, 0xff, 0x40, 0x0, 0x0,
    0x0, 0x0, 0x9, 0xff, 0xf9, 0x0, 0x36, 0x98,
    0x0, 0x0, 0x3f, 0xff, 0xb0, 0xe, 0xff, 0xf3,
    0x0, 0x7, 0xff, 0xfa, 0x0, 0x9f, 0xff, 0xfa,
    0x8b, 0xff, 0xff, 0x60, 0x1, 0xef, 0xff, 0xff,
    0xff, 0xff, 0xd0, 0x0, 0x3, 0xef, 0xff, 0xff,
    0xff, 0xd2, 0x0, 0x0, 0x0, 0x7c, 0xef, 0xeb,
    0x60, 0x0, 0x0,

    /* U+00A8 "¨" */
    0x0, 0x34, 0x0, 0x0, 0x15, 0x20, 0x9, 0xff,
    0xc0, 0x2, 0xff, 0xf4, 0xf, 0xff, 0xf3, 0x8,
    0xff, 0xfb, 0xe, 0xff, 0xf2, 0x7, 0xff, 0xf9,
    0x4, 0xde, 0x60, 0x0, 0xaf, 0xb1,

    /* U+00A9 "©" */
    0x0, 0x0, 0x0, 0x2, 0x7c, 0xef, 0xed, 0x94,
    0x0, 0x0, 0x0, 0x0, 0x0, 0x0, 0x19, 0xff,
    0xff, 0xff, 0xff, 0xfd, 0x40, 0x0, 0x0, 0x0,
    0x0, 0x4e, 0xff, 0xff, 0xff, 0xff, 0xff, 0xff,
    0x90, 0x0, 0x0, 0x0, 0x5f, 0xff, 0xff, 0xeb,
    0x9a, 0xcf, 0xff, 0xff, 0xb0, 0x0, 0x0, 0x3f,
    0xff, 0xfd, 0x40, 0x0, 0x0, 0x19, 0xff, 0xff,
    0x80, 0x0, 0xd, 0xff, 0xfa, 0x0, 0x7c, 0xfe,
    0xb4, 0x4, 0xff, 0xff, 0x40, 0x6, 0xff, 0xfb,
    0x2, 0xdf, 0xff, 0xff, 0xf9, 0x4, 0xff, 0xfc,
    0x0, 0xcf, 0xff, 0x10, 0xdf, 0xff, 0xff, 0xff,
    0xf7, 0x9, 0xff, 0xf3, 0x1f, 0xff, 0x80, 0x8f,
    0xff, 0x61, 0x2b, 0xff, 0xf1, 0x2f, 0xff, 0x85,
    0xff, 0xf3, 0xe, 0xff, 0x50, 0x0, 0xd, 0xff,
    0x50, 0xcf, 0xfc, 0x7f, 0xff, 0x1, 0xff, 0xe0,
    0x0, 0x0, 0x12, 0x21, 0x9, 0xff, 0xd8, 0xff,
    0xf0, 0x3f, 0xfc, 0x0, 0x0, 0x0, 0x0, 0x0,
    0x8f, 0xff, 0x7f, 0xff, 0x1, 0xff, 0xe0, 0x0,
    0x0, 0x12, 0x20, 0x9, 0xff, 0xd5, 0xff, 0xf3,
    0xe, 0xff, 0x50, 0x0, 0xe, 0xff, 0x40, 0xcf,
    0xfc, 0x1f, 0xff, 0x80, 0x8f, 0xff, 0x61, 0x2b,
    0xff, 0xe0, 0x1f, 0xff, 0x80, 0xdf, 0xff, 0x10,
    0xdf, 0xff, 0xff, 0xff, 0xf6, 0x9, 0xff, 0xf3,
    0x6, 0xff, 0xfb, 0x2, 0xdf, 0xff, 0xff, 0xf8,
    0x4, 0xff, 0xfc, 0x0, 0xd, 0xff, 0xfa, 0x0,
    0x7d, 0xfe, 0xb4, 0x4, 0xff, 0xff, 0x40, 0x0,
    0x3f, 0xff, 0xfd, 0x40, 0x0, 0x0, 0x19, 0xff,
    0xff, 0x90, 0x0, 0x0, 0x5f, 0xff, 0xff, 0xea,
    0x9a, 0xcf, 0xff, 0xff, 0xb0, 0x0, 0x0, 0x0,
    0x4f, 0xff, 0xff, 0xff, 0xff, 0xff, 0xff, 0x90,
    0x0, 0x0, 0x0, 0x0, 0x1a, 0xff, 0xff, 0xff,
    0xff, 0xfd, 0x50, 0x0, 0x0, 0x0, 0x0, 0x0,
    0x2, 0x7c, 0xef, 0xed, 0x94, 0x0, 0x0, 0x0,
    0x0,

    /* U+00AA "ª" */
    0x0, 0x0, 0x25, 0x76, 0x41, 0x0, 0x0, 0x2,
    0xbf, 0xff, 0xff, 0xf9, 0x0, 0x1, 0xef, 0xff,
    0xff, 0xff, 0xfb, 0x0, 0x9f, 0xfe, 0x40, 0x19,
    0xff, 0xf3, 0x0, 0x13, 0x20, 0x0, 0x1f, 0xff,
    0x50, 0x0, 0x2, 0x46, 0x8c, 0xff, 0xf6, 0x0,
    0x7e, 0xff, 0xff, 0xff, 0xff, 0x60, 0x9f, 0xff,
    0xea, 0x85, 0xff, 0xf6, 0xf, 0xff, 0x70, 0x0,
    0xf, 0xff, 0x62, 0xff, 0xf3, 0x0, 0x6, 0xff,
    0xf6, 0xf, 0xff, 0xd7, 0x6a, 0xff, 0xff, 0x60,
    0x7f, 0xff, 0xff, 0xfa, 0xef, 0xf6, 0x0, 0x5c,
    0xff, 0xd7, 0xa, 0xcc, 0x40,

    /* U+00AB "«" */
    0x0, 0x0, 0x4, 0xff, 0xff, 0x60, 0x5f, 0xff,
    0xf5, 0x0, 0x0, 0x2e, 0xff, 0xf9, 0x3, 0xff,
    0xff, 0x70, 0x0, 0x0, 0xdf, 0xff, 0xc0, 0x1e,
    0xff, 0xfa, 0x0, 0x0, 0xb, 0xff, 0xfe, 0x10,
    0xcf, 0xff, 0xd0, 0x0, 0x0, 0x8f, 0xff, 0xf3,
    0xa, 0xff, 0xfe, 0x20, 0x0, 0x6, 0xff, 0xff,
    0x50, 0x8f, 0xff, 0xf4, 0x0, 0x0, 0x3f, 0xff,
    0xf8, 0x5, 0xff, 0xff, 0x60, 0x0, 0x0, 0x5f,
    0xff, 0xf6, 0x7, 0xff, 0xff, 0x40, 0x0, 0x0,
    0x8, 0xff, 0xff, 0x30, 0xaf, 0xff, 0xf2, 0x0,
    0x0, 0x0, 0xbf, 0xff, 0xe1, 0xc, 0xff, 0xfd,
    0x0, 0x0, 0x0, 0xd, 0xff, 0xfc, 0x1, 0xef,
    0xff, 0xb0, 0x0, 0x0, 0x2, 0xef, 0xff, 0xa0,
    0x3f, 0xff, 0xf8, 0x0, 0x0, 0x0, 0x3f, 0xff,
    0xf7, 0x5, 0xff, 0xff, 0x50, 0x0, 0x0, 0x6,
    0xff, 0xff, 0x40, 0x8f, 0xff, 0xf3, 0x0, 0x0,
    0x0, 0x23, 0x33, 0x20, 0x2, 0x33, 0x31,

    /* U+00AC "¬" */
    0x89, 0x99, 0x99, 0x99, 0x99, 0x99, 0x93, 0xdf,
    0xff, 0xff, 0xff, 0xff, 0xff, 0xf6, 0xdf, 0xff,
    0xff, 0xff, 0xff, 0xff, 0xf6, 0xdf, 0xff, 0xff,
    0xff, 0xff, 0xff, 0xf6, 0x0, 0x0, 0x0, 0x0,
    0x4, 0xff, 0xf6, 0x0, 0x0, 0x0, 0x0, 0x4,
    0xff, 0xf6, 0x0, 0x0, 0x0, 0x0, 0x4, 0xff,
    0xf6, 0x0, 0x0, 0x0, 0x0, 0x4, 0xff, 0xf6,

    /* U+00AE "®" */
    0x0, 0x0, 0x0, 0x2, 0x43, 0x20, 0x0, 0x0,
    0x0, 0x0, 0x0, 0x18, 0xef, 0xff, 0xfd, 0x70,
    0x0, 0x0, 0x0, 0x4, 0xef, 0xff, 0xff, 0xff,
    0xfd, 0x20, 0x0, 0x0, 0x4f, 0xff, 0x83, 0x1,
    0x39, 0xff, 0xf3, 0x0, 0x2, 0xff, 0xd2, 0x0,
    0x0, 0x0, 0x3e, 0xfe, 0x10, 0xa, 0xfe, 0x12,
    0xff, 0xff, 0xd5, 0x2, 0xff, 0x80, 0x1f, 0xf5,
    0x2, 0xff, 0x89, 0xff, 0x20, 0x8f, 0xe0, 0x5f,
    0xe0, 0x2, 0xfe, 0x0, 0xcf, 0x60, 0x1f, 0xf3,
    0x8f, 0xb0, 0x2, 0xfe, 0x13, 0xef, 0x40, 0xe,
    0xf5, 0x8f, 0xa0, 0x2, 0xff, 0xff, 0xf9, 0x0,
    0xd, 0xf6, 0x7f, 0xc0, 0x2, 0xfe, 0x4b, 0xf7,
    0x0, 0xe, 0xf5, 0x4f, 0xf1, 0x2, 0xfe, 0x4,
    0xfe, 0x0, 0x2f, 0xf2, 0xf, 0xf7, 0x2, 0xfe,
    0x0, 0xdf, 0x60, 0xaf, 0xd0, 0x8, 0xff, 0x30,
    0x21, 0x0, 0x12, 0x15, 0xff, 0x60, 0x0, 0xdf,
    0xf5, 0x0, 0x0, 0x0, 0x7f, 0xfb, 0x0, 0x0,
    0x2e, 0xff, 0xd7, 0x55, 0x8e, 0xff, 0xd1, 0x0,
    0x0, 0x1, 0xbf, 0xff, 0xff, 0xff, 0xfa, 0x0,
    0x0, 0x0, 0x0, 0x3, 0x9d, 0xff, 0xd9, 0x30,
    0x0, 0x0,

    /* U+00AF "¯" */
    0x9d, 0xdd, 0xdd, 0xdd, 0xba, 0xff, 0xff, 0xff,
    0xfd, 0xaf, 0xff, 0xff, 0xff, 0xd0,

    /* U+00B0 "°" */
    0x0, 0x5, 0xcf, 0xeb, 0x30, 0x0, 0x0, 0x9f,
    0xff, 0xff, 0xf6, 0x0, 0x6, 0xff, 0xff, 0xff,
    0xff, 0x30, 0xe, 0xff, 0xa2, 0x3c, 0xff, 0xb0,
    0x3f, 0xfd, 0x0, 0x1, 0xff, 0xf0, 0x4f, 0xfa,
    0x0, 0x0, 0xef, 0xf1, 0x3f, 0xfd, 0x0, 0x1,
    0xff, 0xf0, 0xe, 0xff, 0xa1, 0x2c, 0xff, 0xb0,
    0x6, 0xff, 0xff, 0xff, 0xff, 0x30, 0x0, 0x9f,
    0xff, 0xff, 0xf6, 0x0, 0x0, 0x5, 0xcf, 0xeb,
    0x30, 0x0,

    /* U+00B1 "±" */
    0x0, 0x0, 0x0, 0x23, 0x33, 0x0, 0x0, 0x0,
    0x0, 0x0, 0x0, 0xaf, 0xff, 0x0, 0x0, 0x0,
    0x0, 0x0, 0x0, 0xaf, 0xff, 0x0, 0x0, 0x0,
    0x0, 0x0, 0x0, 0xaf, 0xff, 0x0, 0x0, 0x0,
    0x28, 0x88, 0x88, 0xdf, 0xff, 0x88, 0x88, 0x85,
    0x4f, 0xff, 0xff, 0xff, 0xff, 0xff, 0xff, 0xfa,
    0x4f, 0xff, 0xff, 0xff, 0xff, 0xff, 0xff, 0xfa,
    0x4f, 0xff, 0xff, 0xff, 0xff, 0xff, 0xff, 0xfa,
    0x0, 0x0, 0x0, 0xaf, 0xff, 0x0, 0x0, 0x0,
    0x0, 0x0, 0x0, 0xaf, 0xff, 0x0, 0x0, 0x0,
    0x0, 0x0, 0x0, 0xaf, 0xff, 0x0, 0x0, 0x0,
    0x0, 0x0, 0x0, 0xaf, 0xff, 0x0, 0x0, 0x0,
    0x0, 0x0, 0x0, 0x0, 0x0, 0x0, 0x0, 0x0,
    0x29, 0x99, 0x99, 0x99, 0x99, 0x99, 0x99, 0x96,
    0x4f, 0xff, 0xff, 0xff, 0xff, 0xff, 0xff, 0xfa,
    0x4f, 0xff, 0xff, 0xff, 0xff, 0xff, 0xff, 0xfa,
    0x4f, 0xff, 0xff, 0xff, 0xff, 0xff, 0xff, 0xfa,

    /* U+00B2 "²" */
    0x0, 0x5b, 0xef, 0xfd, 0x81, 0x0, 0x9, 0xff,
    0xff, 0xff, 0xfe, 0x30, 0x4f, 0xff, 0xc9, 0xbf,
    0xff, 0xc0, 0x7e, 0xeb, 0x0, 0x8, 0xff, 0xf0,
    0x0, 0x0, 0x0, 0x8, 0xff, 0xe0, 0x0, 0x0,
    0x0, 0x7f, 0xff, 0x70, 0x0, 0x0, 0x1c, 0xff,
    0xf9, 0x0, 0x0, 0x6, 0xff, 0xfe, 0x50, 0x0,
    0x1, 0xaf, 0xff, 0x80, 0x0, 0x0, 0x2e, 0xff,
    0xfe, 0xcc, 0xcc, 0xc3, 0x5f, 0xff, 0xff, 0xff,
    0xff, 0xf5, 0x5f, 0xff, 0xff, 0xff, 0xff, 0xf5,

    /* U+00B3 "³" */
    0x0, 0x18, 0xdf, 0xfd, 0x92, 0x0, 0x4, 0xff,
    0xff, 0xff, 0xff, 0x50, 0x1f, 0xff, 0xfb, 0xbf,
    0xff, 0xf0, 0x2b, 0xba, 0x10, 0x3, 0xff, 0xf2,
    0x0, 0x0, 0x0, 0x18, 0xff, 0xd0, 0x0, 0x0,
    0xaf, 0xff, 0xd8, 0x10, 0x0, 0x0, 0x9f, 0xff,
    0xfd, 0x70, 0x0, 0x0, 0x0, 0x5, 0xff, 0xf7,
    0x6b, 0xbb, 0x10, 0x1, 0xff, 0xfb, 0x4f, 0xff,
    0xfb, 0xcf, 0xff, 0xf8, 0x7, 0xff, 0xff, 0xff,
    0xff, 0xb0, 0x0, 0x29, 0xdf, 0xfe, 0xa5, 0x0,

    /* U+00B4 "´" */
    0x0, 0x6a, 0xaa, 0x30, 0xf, 0xff, 0xc0, 0x7,
    0xff, 0xf2, 0x0, 0xdf, 0xf8, 0x0, 0x5f, 0xfd,
    0x0, 0x0,

    /* U+00B5 "µ" */
    0x2f, 0xff, 0xf4, 0x0, 0x0, 0x9, 0xff, 0xfd,
    0x0, 0x2f, 0xff, 0xf4, 0x0, 0x0, 0x9, 0xff,
    0xfd, 0x0, 0x2f, 0xff, 0xf4, 0x0, 0x0, 0x9,
    0xff, 0xfd, 0x0, 0x2f, 0xff, 0xf4, 0x0, 0x0,
    0x9, 0xff, 0xfd, 0x0, 0x2f, 0xff, 0xf4, 0x0,
    0x0, 0x9, 0xff, 0xfd, 0x0, 0x2f, 0xff, 0xf4,
    0x0, 0x0, 0x9, 0xff, 0xfd, 0x0, 0x2f, 0xff,
    0xf4, 0x0, 0x0, 0x9, 0xff, 0xfd, 0x0, 0x2f,
    0xff, 0xf4, 0x0, 0x0, 0x9, 0xff, 0xfd, 0x0,
    0x2f, 0xff, 0xf4, 0x0, 0x0, 0x9, 0xff, 0xfd,
    0x0, 0x2f, 0xff, 0xf4, 0x0, 0x0, 0x9, 0xff,
    0xfd, 0x0, 0x2f, 0xff, 0xf4, 0x0, 0x0, 0x9,
    0xff, 0xfd, 0x0, 0x2f, 0xff, 0xf7, 0x0, 0x0,
    0xc, 0xff, 0xfd, 0x0, 0x2f, 0xff, 0xfe, 0x10,
    0x0, 0x4f, 0xff, 0xfd, 0x0, 0x2f, 0xff, 0xff,
    0xe8, 0x69, 0xff, 0xff, 0xff, 0x84, 0x2f, 0xff,
    0xff, 0xff, 0xff, 0xfd, 0xff, 0xff, 0xfb, 0x2f,
    0xff, 0xf8, 0xff, 0xff, 0xf3, 0x9f, 0xff, 0xfb,
    0x2f, 0xff, 0xf4, 0x4d, 0xfc, 0x40, 0x7, 0xdf,
    0xfb, 0x2f, 0xff, 0xf4, 0x0, 0x0, 0x0, 0x0,
    0x0, 0x0, 0x2f, 0xff, 0xf4, 0x0, 0x0, 0x0,
    0x0, 0x0, 0x0, 0x2f, 0xff, 0xf4, 0x0, 0x0,
    0x0, 0x0, 0x0, 0x0, 0x2f, 0xff, 0xf4, 0x0,
    0x0, 0x0, 0x0, 0x0, 0x0, 0x2f, 0xff, 0xf4,
    0x0, 0x0, 0x0, 0x0, 0x0, 0x0, 0x2f, 0xff,
    0xf4, 0x0, 0x0, 0x0, 0x0, 0x0, 0x0,

    /* U+00B6 "¶" */
    0x0, 0x1, 0x7c, 0xef, 0xff, 0xff, 0xff, 0xf0,
    0x5, 0xff, 0xff, 0xff, 0xff, 0xff, 0xff, 0x5,
    0xff, 0xff, 0xff, 0xff, 0xff, 0xff, 0xf1, 0xff,
    0xff, 0xff, 0xfe, 0x88, 0xcf, 0xff, 0x6f, 0xff,
    0xff, 0xff, 0xc0, 0x9, 0xff, 0xfa, 0xff, 0xff,
    0xff, 0xfc, 0x0, 0x9f, 0xff, 0xcf, 0xff, 0xff,
    0xff, 0xc0, 0x9, 0xff, 0xfc, 0xff, 0xff, 0xff,
    0xfc, 0x0, 0x9f, 0xff, 0xaf, 0xff, 0xff, 0xff,
    0xc0, 0x9, 0xff, 0xf6, 0xff, 0xff, 0xff, 0xfc,
    0x0, 0x9f, 0xff, 0xe, 0xff, 0xff, 0xff, 0xc0,
    0x9, 0xff, 0xf0, 0x4f, 0xff, 0xff, 0xfc, 0x0,
    0x9f, 0xff, 0x0, 0x4e, 0xff, 0xff, 0xc0, 0x9,
    0xff, 0xf0, 0x0, 0x5, 0xac, 0xdb, 0x0, 0x9f,
    0xff, 0x0, 0x0, 0x0, 0x0, 0x0, 0x9, 0xff,
    0xf0, 0x0, 0x0, 0x0, 0x0, 0x0, 0x9f, 0xff,
    0x0, 0x0, 0x0, 0x0, 0x0, 0x9, 0xff, 0xf0,
    0x0, 0x0, 0x0, 0x0, 0x0, 0x9f, 0xff, 0x0,
    0x0, 0x0, 0x0, 0x0, 0x9, 0xff, 0xf0, 0x0,
    0x0, 0x0, 0x0, 0x0, 0x9f, 0xff, 0x0, 0x0,
    0x0, 0x0, 0x0, 0x9, 0xff, 0xf0, 0x0, 0x0,
    0x0, 0x0, 0x0, 0x9f, 0xff,

    /* U+00B7 "·" */
    0x0, 0x11, 0x0, 0x9, 0xff, 0x90, 0x5f, 0xff,
    0xf5, 0x7f, 0xff, 0xf7, 0x4f, 0xff, 0xf4, 0x7,
    0xee, 0x70,

    /* U+00B8 "¸" */
    0x9, 0xf3, 0x0, 0x0, 0xbf, 0x20, 0x0, 0xe,
    0xff, 0xc3, 0x0, 0x45, 0xcf, 0xd0, 0x0, 0x7,
    0xff, 0x6, 0xcd, 0xff, 0xc0, 0x8f, 0xfe, 0xa2,
    0x0,

    /* U+00B9 "¹" */
    0x0, 0x4d, 0xff, 0xf5, 0x1b, 0xff, 0xff, 0xf5,
    0x6f, 0xff, 0xff, 0xf5, 0x6f, 0x92, 0xff, 0xf5,
    0x32, 0x1, 0xff, 0xf5, 0x0, 0x1, 0xff, 0xf5,
    0x0, 0x1, 0xff, 0xf5, 0x0, 0x1, 0xff, 0xf5,
    0x0, 0x1, 0xff, 0xf5, 0x0, 0x1, 0xff, 0xf5,
    0x0, 0x1, 0xff, 0xf5, 0x0, 0x1, 0xff, 0xf5,

    /* U+00BA "º" */
    0x0, 0x0, 0x16, 0x9a, 0x85, 0x0, 0x0, 0x0,
    0x8, 0xff, 0xff, 0xff, 0xe4, 0x0, 0x0, 0xaf,
    0xff, 0xff, 0xff, 0xff, 0x50, 0x4, 0xff, 0xfb,
    0x20, 0x4e, 0xff, 0xe0, 0xb, 0xff, 0xe0, 0x0,
    0x4, 0xff, 0xf6, 0xe, 0xff, 0x90, 0x0, 0x0,
    0xef, 0xf9, 0xf, 0xff, 0x70, 0x0, 0x0, 0xcf,
    0xfb, 0xf, 0xff, 0x80, 0x0, 0x0, 0xdf, 0xfa,
    0xc, 0xff, 0xc0, 0x0, 0x2, 0xff, 0xf7, 0x7,
    0xff, 0xf7, 0x0, 0xb, 0xff, 0xf2, 0x0, 0xdf,
    0xff, 0xdb, 0xef, 0xff, 0x90, 0x0, 0x2d, 0xff,
    0xff, 0xff, 0xfa, 0x0, 0x0, 0x0, 0x6c, 0xef,
    0xea, 0x40, 0x0,

    /* U+00BB "»" */
    0x8f, 0xff, 0xf3, 0x9, 0xff, 0xfe, 0x10, 0x0,
    0x0, 0xa, 0xff, 0xfe, 0x10, 0xcf, 0xff, 0xd0,
    0x0, 0x0, 0x0, 0xdf, 0xff, 0xc0, 0x1e, 0xff,
    0xfa, 0x0, 0x0, 0x0, 0x2e, 0xff, 0xfa, 0x3,
    0xff, 0xff, 0x80, 0x0, 0x0, 0x4, 0xff, 0xff,
    0x70, 0x6f, 0xff, 0xf5, 0x0, 0x0, 0x0, 0x6f,
    0xff, 0xf4, 0x9, 0xff, 0xff, 0x30, 0x0, 0x0,
    0x9, 0xff, 0xff, 0x20, 0xbf, 0xff, 0xe1, 0x0,
    0x0, 0x7, 0xff, 0xff, 0x40, 0x9f, 0xff, 0xf3,
    0x0, 0x0, 0x4f, 0xff, 0xf7, 0x6, 0xff, 0xff,
    0x50, 0x0, 0x2, 0xef, 0xff, 0xa0, 0x3f, 0xff,
    0xf8, 0x0, 0x0, 0xd, 0xff, 0xfc, 0x1, 0xef,
    0xff, 0xa0, 0x0, 0x0, 0xbf, 0xff, 0xe1, 0xc,
    0xff, 0xfc, 0x0, 0x0, 0x8, 0xff, 0xff, 0x30,
    0xaf, 0xff, 0xe1, 0x0, 0x0, 0x5f, 0xff, 0xf5,
    0x7, 0xff, 0xff, 0x30, 0x0, 0x0, 0x23, 0x33,
    0x20, 0x2, 0x33, 0x32, 0x0, 0x0, 0x0,

    /* U+00BC "¼" */
    0x0, 0x47, 0x76, 0x0, 0x0, 0x0, 0x0, 0x0,
    0x6, 0x76, 0x0, 0x0, 0x9, 0xff, 0xff, 0x0,
    0x0, 0x0, 0x0, 0x0, 0x8f, 0xf8, 0x0, 0x0,
    0xbf, 0xff, 0xff, 0x0, 0x0, 0x0, 0x0, 0x3,
    0xff, 0xc0, 0x0, 0x0, 0xdf, 0x6f, 0xff, 0x0,
    0x0, 0x0, 0x0, 0xd, 0xff, 0x20, 0x0, 0x0,
    0xb3, 0xf, 0xff, 0x0, 0x0, 0x0, 0x0, 0x9f,
    0xf7, 0x0, 0x0, 0x0, 0x0, 0xf, 0xff, 0x0,
    0x0, 0x0, 0x4, 0xff, 0xc0, 0x0, 0x0, 0x0,
    0x0, 0xf, 0xff, 0x0, 0x0, 0x0, 0xe, 0xff,
    0x20, 0x0, 0x0, 0x0, 0x0, 0xf, 0xff, 0x0,
    0x0, 0x0, 0x9f, 0xf6, 0x0, 0x0, 0x0, 0x0,
    0x0, 0xf, 0xff, 0x0, 0x0, 0x4, 0xff, 0xb0,
    0x0, 0x0, 0x0, 0x0, 0x0, 0xf, 0xff, 0x0,
    0x0, 0x1e, 0xfe, 0x10, 0x0, 0x0, 0x0, 0x0,
    0x0, 0xf, 0xff, 0x0, 0x0, 0xaf, 0xf5, 0x0,
    0x0, 0x78, 0x87, 0x0, 0x0, 0xf, 0xff, 0x0,
    0x5, 0xff, 0xa0, 0x0, 0x5, 0xff, 0xff, 0x0,
    0x0, 0xf, 0xff, 0x0, 0x1e, 0xfe, 0x10, 0x0,
    0xe, 0xff, 0xff, 0x0, 0x0, 0x0, 0x0, 0x0,
    0xbf, 0xf4, 0x0, 0x0, 0x8f, 0xff, 0xff, 0x0,
    0x0, 0x0, 0x0, 0x6, 0xff, 0x90, 0x0, 0x1,
    0xff, 0xcb, 0xff, 0x0, 0x0, 0x0, 0x0, 0x2f,
    0xfe, 0x0, 0x0, 0xa, 0xff, 0x3b, 0xff, 0x0,
    0x0, 0x0, 0x0, 0xcf, 0xf4, 0x0, 0x0, 0x3f,
    0xfa, 0xb, 0xff, 0x0, 0x0, 0x0, 0x7, 0xff,
    0x90, 0x0, 0x0, 0xdf, 0xf2, 0xb, 0xff, 0x0,
    0x0, 0x0, 0x2f, 0xfd, 0x0, 0x0, 0x5, 0xff,
    0xd7, 0x7d, 0xff, 0x72, 0x0, 0x0, 0xcf, 0xf3,
    0x0, 0x0, 0x7, 0xff, 0xff, 0xff, 0xff, 0xf6,
    0x0, 0x8, 0xff, 0x80, 0x0, 0x0, 0x7, 0xff,
    0xff, 0xff, 0xff, 0xf6, 0x0, 0x3f, 0xfd, 0x0,
    0x0, 0x0, 0x0, 0x0, 0x0, 0xd, 0xff, 0x0,
    0x0, 0x58, 0x82, 0x0, 0x0, 0x0, 0x0, 0x0,
    0x0, 0x6, 0x87, 0x0,

    /* U+00BD "½" */
    0x0, 0x47, 0x76, 0x0, 0x0, 0x0, 0x0, 0x0,
    0x6, 0x76, 0x0, 0x0, 0x0, 0x8f, 0xff, 0xf0,
    0x0, 0x0, 0x0, 0x0, 0x8, 0xff, 0x80, 0x0,
    0x0, 0xaf, 0xff, 0xff, 0x0, 0x0, 0x0, 0x0,
    0x3, 0xff, 0xd0, 0x0, 0x0, 0xd, 0xf7, 0xff,
    0xf0, 0x0, 0x0, 0x0, 0x0, 0xdf, 0xf3, 0x0,
    0x0, 0x0, 0xc4, 0xf, 0xff, 0x0, 0x0, 0x0,
    0x0, 0x8f, 0xf8, 0x0, 0x0, 0x0, 0x0, 0x0,
    0xff, 0xf0, 0x0, 0x0, 0x0, 0x3f, 0xfd, 0x0,
    0x0, 0x0, 0x0, 0x0, 0xf, 0xff, 0x0, 0x0,
    0x0, 0xd, 0xff, 0x30, 0x0, 0x0, 0x0, 0x0,
    0x0, 0xff, 0xf0, 0x0, 0x0, 0x8, 0xff, 0x80,
    0x0, 0x0, 0x0, 0x0, 0x0, 0xf, 0xff, 0x0,
    0x0, 0x3, 0xff, 0xd0, 0x0, 0x0, 0x0, 0x0,
    0x0, 0x0, 0xff, 0xf0, 0x0, 0x0, 0xdf, 0xf3,
    0x0, 0x0, 0x0, 0x0, 0x0, 0x0, 0xf, 0xff,
    0x0, 0x0, 0x8f, 0xf8, 0x0, 0x0, 0x35, 0x41,
    0x0, 0x0, 0x0, 0xff, 0xf0, 0x0, 0x3f, 0xfd,
    0x0, 0x5, 0xef, 0xff, 0xfa, 0x0, 0x0, 0xf,
    0xff, 0x0, 0xd, 0xff, 0x30, 0x3, 0xff, 0xff,
    0xff, 0xfa, 0x0, 0x0, 0x0, 0x0, 0x8, 0xff,
    0x80, 0x0, 0x9f, 0xf7, 0x4, 0xff, 0xf1, 0x0,
    0x0, 0x0, 0x3, 0xff, 0xd0, 0x0, 0x1, 0x11,
    0x0, 0xc, 0xff, 0x10, 0x0, 0x0, 0x0, 0xdf,
    0xf3, 0x0, 0x0, 0x0, 0x0, 0x1, 0xff, 0xd0,
    0x0, 0x0, 0x0, 0x8f, 0xf7, 0x0, 0x0, 0x0,
    0x0, 0x0, 0xcf, 0xf5, 0x0, 0x0, 0x0, 0x3f,
    0xfc, 0x0, 0x0, 0x0, 0x0, 0x1, 0xcf, 0xf8,
    0x0, 0x0, 0x0, 0xd, 0xff, 0x20, 0x0, 0x0,
    0x0, 0x1, 0xdf, 0xf9, 0x0, 0x0, 0x0, 0x8,
    0xff, 0x70, 0x0, 0x0, 0x0, 0x1, 0xdf, 0xf9,
    0x0, 0x0, 0x0, 0x3, 0xff, 0xc0, 0x0, 0x0,
    0x0, 0x2, 0xef, 0xff, 0x88, 0x88, 0x20, 0x0,
    0xdf, 0xf2, 0x0, 0x0, 0x0, 0x0, 0x7f, 0xff,
    0xff, 0xff, 0xf5, 0x0, 0x8f, 0xf7, 0x0, 0x0,
    0x0, 0x0, 0x7, 0xff, 0xff, 0xff, 0xff, 0x50,

    /* U+00BE "¾" */
    0x0, 0x7d, 0xff, 0xb4, 0x0, 0x0, 0x0, 0x0,
    0x0, 0x1e, 0xfe, 0x10, 0x0, 0xc, 0xff, 0xff,
    0xff, 0x60, 0x0, 0x0, 0x0, 0x0, 0xaf, 0xf5,
    0x0, 0x0, 0x7f, 0xfd, 0x89, 0xff, 0xe0, 0x0,
    0x0, 0x0, 0x5, 0xff, 0xb0, 0x0, 0x0, 0x47,
    0x71, 0x0, 0xdf, 0xf1, 0x0, 0x0, 0x0, 0x1e,
    0xfe, 0x10, 0x0, 0x0, 0x0, 0x0, 0x4, 0xff,
    0xd0, 0x0, 0x0, 0x0, 0xaf, 0xf5, 0x0, 0x0,
    0x0, 0x0, 0xb, 0xff, 0xfb, 0x20, 0x0, 0x0,
    0x5, 0xff, 0xb0, 0x0, 0x0, 0x0, 0x0, 0xb,
    0xff, 0xfb, 0x40, 0x0, 0x0, 0x1e, 0xfe, 0x10,
    0x0, 0x0, 0x0, 0x0, 0x2, 0x36, 0xff, 0xf3,
    0x0, 0x0, 0xaf, 0xf5, 0x0, 0x0, 0x0, 0x0,
    0x0, 0x0, 0x0, 0xaf, 0xf8, 0x0, 0x5, 0xff,
    0xb0, 0x0, 0x0, 0x0, 0x0, 0x56, 0x61, 0x0,
    0xbf, 0xf9, 0x0, 0x1e, 0xfe, 0x10, 0x0, 0x0,
    0x0, 0x0, 0xbf, 0xfe, 0x9b, 0xff, 0xf5, 0x0,
    0xaf, 0xf5, 0x0, 0x0, 0x68, 0x88, 0x10, 0x2e,
    0xff, 0xff, 0xff, 0xa0, 0x5, 0xff, 0xb0, 0x0,
    0x2, 0xff, 0xff, 0x30, 0x1, 0x9d, 0xff, 0xc6,
    0x0, 0x1e, 0xfe, 0x10, 0x0, 0xb, 0xff, 0xff,
    0x30, 0x0, 0x0, 0x0, 0x0, 0x0, 0xaf, 0xf5,
    0x0, 0x0, 0x4f, 0xff, 0xff, 0x30, 0x0, 0x0,
    0x0, 0x0, 0x5, 0xff, 0xb0, 0x0, 0x0, 0xdf,
    0xe9, 0xff, 0x30, 0x0, 0x0, 0x0, 0x0, 0x1e,
    0xfe, 0x10, 0x0, 0x7, 0xff, 0x68, 0xff, 0x30,
    0x0, 0x0, 0x0, 0x0, 0xaf, 0xf5, 0x0, 0x0,
    0x1f, 0xfd, 0x8, 0xff, 0x30, 0x0, 0x0, 0x0,
    0x5, 0xff, 0xb0, 0x0, 0x0, 0x9f, 0xf5, 0x8,
    0xff, 0x30, 0x0, 0x0, 0x0, 0x1e, 0xfe, 0x10,
    0x0, 0x2, 0xff, 0xf7, 0x7b, 0xff, 0x84, 0x0,
    0x0, 0x0, 0xaf, 0xf5, 0x0, 0x0, 0x4, 0xff,
    0xff, 0xff, 0xff, 0xfa, 0x0, 0x0, 0x5, 0xff,
    0xb0, 0x0, 0x0, 0x4, 0xff, 0xff, 0xff, 0xff,
    0xfa, 0x0, 0x0, 0x1e, 0xfe, 0x10, 0x0, 0x0,
    0x0, 0x0, 0x0, 0x9, 0xff, 0x30, 0x0, 0x0,
    0x48, 0x84, 0x0, 0x0, 0x0, 0x0, 0x0, 0x0,
    0x4, 0x88, 0x10,

    /* U+00BF "¿" */
    0x0, 0x0, 0x0, 0x7e, 0xe9, 0x0, 0x0, 0x0,
    0x0, 0x0, 0x4f, 0xff, 0xf6, 0x0, 0x0, 0x0,
    0x0, 0x7, 0xff, 0xff, 0xa0, 0x0, 0x0, 0x0,
    0x0, 0x4f, 0xff, 0xf7, 0x0, 0x0, 0x0, 0x0,
    0x0, 0x8f, 0xfa, 0x0, 0x0, 0x0, 0x0, 0x0,
    0x0, 0x0, 0x0, 0x0, 0x0, 0x0, 0x0, 0x0,
    0x0, 0x0, 0x0, 0x0, 0x0, 0x0, 0x0, 0xb,
    0xdd, 0xd0, 0x0, 0x0, 0x0, 0x0, 0x0, 0xef,
    0xff, 0x0, 0x0, 0x0, 0x0, 0x0, 0x3f, 0xff,
    0xf0, 0x0, 0x0, 0x0, 0x0, 0x1d, 0xff, 0xfb,
    0x0, 0x0, 0x0, 0x0, 0x5e, 0xff, 0xff, 0x50,
    0x0, 0x0, 0x0, 0x8f, 0xff, 0xff, 0x80, 0x0,
    0x0, 0x0, 0x7f, 0xff, 0xff, 0x50, 0x0, 0x0,
    0x0, 0x1f, 0xff, 0xfe, 0x20, 0x0, 0x0, 0x0,
    0x6, 0xff, 0xff, 0x40, 0x0, 0x0, 0x0, 0x0,
    0x8f, 0xff, 0xf0, 0x0, 0x0, 0x46, 0x66, 0x48,
    0xff, 0xff, 0x0, 0x0, 0xc, 0xff, 0xf8, 0x5f,
    0xff, 0xf9, 0x0, 0x6, 0xff, 0xff, 0x50, 0xff,
    0xff, 0xfd, 0xac, 0xff, 0xff, 0xe0, 0x6, 0xff,
    0xff, 0xff, 0xff, 0xff, 0xf5, 0x0, 0x6, 0xff,
    0xff, 0xff, 0xff, 0xf5, 0x0, 0x0, 0x1, 0x7c,
    0xef, 0xec, 0x71, 0x0, 0x0,

    /* U+00C0 "À" */
    0x0, 0x0, 0x0, 0x1e, 0xff, 0xe0, 0x0, 0x0,
    0x0, 0x0, 0x0, 0x0, 0x0, 0x0, 0x6, 0xff,
    0xf5, 0x0, 0x0, 0x0, 0x0, 0x0, 0x0, 0x0,
    0x0, 0x0, 0xbf, 0xfc, 0x0, 0x0, 0x0, 0x0,
    0x0, 0x0, 0x0, 0x0, 0x0, 0x2f, 0xff, 0x30,
    0x0, 0x0, 0x0, 0x0, 0x0, 0x0, 0x0, 0x0,
    0x6, 0xaa, 0x60, 0x0, 0x0, 0x0, 0x0, 0x0,
    0x0, 0x0, 0x0, 0x0, 0x0, 0x0, 0x0, 0x0,
    0x0, 0x0, 0x0, 0x0, 0x0, 0x0, 0x0, 0x0,
    0x0, 0x0, 0x0, 0x0, 0x0, 0x0, 0x0, 0x0,
    0x0, 0xff, 0xff, 0xff, 0x30, 0x0, 0x0, 0x0,
    0x0, 0x0, 0x0, 0x5, 0xff, 0xff, 0xff, 0x80,
    0x0, 0x0, 0x0, 0x0, 0x0, 0x0, 0xa, 0xff,
    0xff, 0xff, 0xe0, 0x0, 0x0, 0x0, 0x0, 0x0,
    0x0, 0xf, 0xff, 0xff, 0xff, 0xf3, 0x0, 0x0,
    0x0, 0x0, 0x0, 0x0, 0x5f, 0xff, 0xdb, 0xff,
    0xf9, 0x0, 0x0, 0x0, 0x0, 0x0, 0x0, 0xbf,
    0xff, 0x96, 0xff, 0xfe, 0x0, 0x0, 0x0, 0x0,
    0x0, 0x0, 0xff, 0xff, 0x52, 0xff, 0xff, 0x40,
    0x0, 0x0, 0x0, 0x0, 0x5, 0xff, 0xff, 0x10,
    0xef, 0xff, 0xa0, 0x0, 0x0, 0x0, 0x0, 0xb,
    0xff, 0xfd, 0x0, 0xaf, 0xff, 0xf0, 0x0, 0x0,
    0x0, 0x0, 0x1f, 0xff, 0xf9, 0x0, 0x5f, 0xff,
    0xf5, 0x0, 0x0, 0x0, 0x0, 0x6f, 0xff, 0xf4,
    0x0, 0x1f, 0xff, 0xfa, 0x0, 0x0, 0x0, 0x0,
    0xbf, 0xff, 0xf0, 0x0, 0xc, 0xff, 0xff, 0x0,
    0x0, 0x0, 0x1, 0xff, 0xff, 0xa0, 0x0, 0x6,
    0xff, 0xff, 0x60, 0x0, 0x0, 0x6, 0xff, 0xff,
    0xc9, 0x99, 0x9a, 0xff, 0xff, 0xb0, 0x0, 0x0,
    0xb, 0xff, 0xff, 0xff, 0xff, 0xff, 0xff, 0xff,
    0xf1, 0x0, 0x0, 0x1f, 0xff, 0xff, 0xff, 0xff,
    0xff, 0xff, 0xff, 0xf6, 0x0, 0x0, 0x6f, 0xff,
    0xff, 0xff, 0xff, 0xff, 0xff, 0xff, 0xfc, 0x0,
    0x0, 0xcf, 0xff, 0xf1, 0x0, 0x0, 0x0, 0xc,
    0xff, 0xff, 0x10, 0x1, 0xff, 0xff, 0xc0, 0x0,
    0x0, 0x0, 0x7, 0xff, 0xff, 0x70, 0x6, 0xff,
    0xff, 0x70, 0x0, 0x0, 0x0, 0x2, 0xff, 0xff,
    0xd0, 0xc, 0xff, 0xff, 0x20, 0x0, 0x0, 0x0,
    0x0, 0xcf, 0xff, 0xf2, 0x1f, 0xff, 0xfd, 0x0,
    0x0, 0x0, 0x0, 0x0, 0x7f, 0xff, 0xf8,

    /* U+00C1 "Á" */
    0x0, 0x0, 0x0, 0x0, 0x0, 0x9, 0xff, 0xf5,
    0x0, 0x0, 0x0, 0x0, 0x0, 0x0, 0x0, 0x0,
    0x1f, 0xff, 0xb0, 0x0, 0x0, 0x0, 0x0, 0x0,
    0x0, 0x0, 0x0, 0x7f, 0xff, 0x10, 0x0, 0x0,
    0x0, 0x0, 0x0, 0x0, 0x0, 0x0, 0xef, 0xf6,
    0x0, 0x0, 0x0, 0x0, 0x0, 0x0, 0x0, 0x0,
    0x3, 0xaa, 0x90, 0x0, 0x0, 0x0, 0x0, 0x0,
    0x0, 0x0, 0x0, 0x0, 0x0, 0x0, 0x0, 0x0,
    0x0, 0x0, 0x0, 0x0, 0x0, 0x0, 0x0, 0x0,
    0x0, 0x0, 0x0, 0x0, 0x0, 0x0, 0x0, 0x0,
    0x0, 0xff, 0xff, 0xff, 0x30, 0x0, 0x0, 0x0,
    0x0, 0x0, 0x0, 0x5, 0xff, 0xff, 0xff, 0x80,
    0x0, 0x0, 0x0, 0x0, 0x0, 0x0, 0xa, 0xff,
    0xff, 0xff, 0xe0, 0x0, 0x0, 0x0, 0x0, 0x0,
    0x0, 0xf, 0xff, 0xff, 0xff, 0xf3, 0x0, 0x0,
    0x0, 0x0, 0x0, 0x0, 0x5f, 0xff, 0xdb, 0xff,
    0xf9, 0x0, 0x0, 0x0, 0x0, 0x0, 0x0, 0xbf,
    0xff, 0x96, 0xff, 0xfe, 0x0, 0x0, 0x0, 0x0,
    0x0, 0x0, 0xff, 0xff, 0x52, 0xff, 0xff, 0x40,
    0x0, 0x0, 0x0, 0x0, 0x5, 0xff, 0xff, 0x10,
    0xef, 0xff, 0xa0, 0x0, 0x0, 0x0, 0x0, 0xb,
    0xff, 0xfd, 0x0, 0xaf, 0xff, 0xf0, 0x0, 0x0,
    0x0, 0x0, 0x1f, 0xff, 0xf9, 0x0, 0x5f, 0xff,
    0xf5, 0x0, 0x0, 0x0, 0x0, 0x6f, 0xff, 0xf4,
    0x0, 0x1f, 0xff, 0xfa, 0x0, 0x0, 0x0, 0x0,
    0xbf, 0xff, 0xf0, 0x0, 0xc, 0xff, 0xff, 0x0,
    0x0, 0x0, 0x1, 0xff, 0xff, 0xa0, 0x0, 0x6,
    0xff, 0xff, 0x60, 0x0, 0x0, 0x6, 0xff, 0xff,
    0xc9, 0x99, 0x9a, 0xff, 0xff, 0xb0, 0x0, 0x0,
    0xb, 0xff, 0xff, 0xff, 0xff, 0xff, 0xff, 0xff,
    0xf1, 0x0, 0x0, 0x1f, 0xff, 0xff, 0xff, 0xff,
    0xff, 0xff, 0xff, 0xf6, 0x0, 0x0, 0x6f, 0xff,
    0xff, 0xff, 0xff, 0xff, 0xff, 0xff, 0xfc, 0x0,
    0x0, 0xcf, 0xff, 0xf1, 0x0, 0x0, 0x0, 0xc,
    0xff, 0xff, 0x10, 0x1, 0xff, 0xff, 0xc0, 0x0,
    0x0, 0x0, 0x7, 0xff, 0xff, 0x70, 0x6, 0xff,
    0xff, 0x70, 0x0, 0x0, 0x0, 0x2, 0xff, 0xff,
    0xd0, 0xc, 0xff, 0xff, 0x20, 0x0, 0x0, 0x0,
    0x0, 0xcf, 0xff, 0xf2, 0x1f, 0xff, 0xfd, 0x0,
    0x0, 0x0, 0x0, 0x0, 0x7f, 0xff, 0xf8,

    /* U+00C2 "Â" */
    0x0, 0x0, 0x0, 0x0, 0x1e, 0xff, 0xf5, 0x0,
    0x0, 0x0, 0x0, 0x0, 0x0, 0x0, 0x1, 0xdf,
    0xff, 0xff, 0x40, 0x0, 0x0, 0x0, 0x0, 0x0,
    0x0, 0x1d, 0xff, 0xb6, 0xff, 0xf3, 0x0, 0x0,
    0x0, 0x0, 0x0, 0x1, 0xcf, 0xfd, 0x0, 0x9f,
    0xff, 0x30, 0x0, 0x0, 0x0, 0x0, 0x4, 0x88,
    0x82, 0x0, 0x7, 0x88, 0x60, 0x0, 0x0, 0x0,
    0x0, 0x0, 0x0, 0x0, 0x0, 0x0, 0x0, 0x0,
    0x0, 0x0, 0x0, 0x0, 0x0, 0x0, 0x0, 0x0,
    0x0, 0x0, 0x0, 0x0, 0x0, 0x0, 0x0, 0x0,
    0x0, 0xff, 0xff, 0xff, 0x30, 0x0, 0x0, 0x0,
    0x0, 0x0, 0x0, 0x5, 0xff, 0xff, 0xff, 0x80,
    0x0, 0x0, 0x0, 0x0, 0x0, 0x0, 0xa, 0xff,
    0xff, 0xff, 0xe0, 0x0, 0x0, 0x0, 0x0, 0x0,
    0x0, 0xf, 0xff, 0xff, 0xff, 0xf3, 0x0, 0x0,
    0x0, 0x0, 0x0, 0x0, 0x5f, 0xff, 0xdb, 0xff,
    0xf9, 0x0, 0x0, 0x0, 0x0, 0x0, 0x0, 0xbf,
    0xff, 0x96, 0xff, 0xfe, 0x0, 0x0, 0x0, 0x0,
    0x0, 0x0, 0xff, 0xff, 0x52, 0xff, 0xff, 0x40,
    0x0, 0x0, 0x0, 0x0, 0x5, 0xff, 0xff, 0x10,
    0xef, 0xff, 0xa0, 0x0, 0x0, 0x0, 0x0, 0xb,
    0xff, 0xfd, 0x0, 0xaf, 0xff, 0xf0, 0x0, 0x0,
    0x0, 0x0, 0x1f, 0xff, 0xf9, 0x0, 0x5f, 0xff,
    0xf5, 0x0, 0x0, 0x0, 0x0, 0x6f, 0xff, 0xf4,
    0x0, 0x1f, 0xff, 0xfa, 0x0, 0x0, 0x0, 0x0,
    0xbf, 0xff, 0xf0, 0x0, 0xc, 0xff, 0xff, 0x0,
    0x0, 0x0, 0x1, 0xff, 0xff, 0xa0, 0x0, 0x6,
    0xff, 0xff, 0x60, 0x0, 0x0, 0x6, 0xff, 0xff,
    0xc9, 0x99, 0x9a, 0xff, 0xff, 0xb0, 0x0, 0x0,
    0xb, 0xff, 0xff, 0xff, 0xff, 0xff, 0xff, 0xff,
    0xf1, 0x0, 0x0, 0x1f, 0xff, 0xff, 0xff, 0xff,
    0xff, 0xff, 0xff, 0xf6, 0x0, 0x0, 0x6f, 0xff,
    0xff, 0xff, 0xff, 0xff, 0xff, 0xff, 0xfc, 0x0,
    0x0, 0xcf, 0xff, 0xf1, 0x0, 0x0, 0x0, 0xc,
    0xff, 0xff, 0x10, 0x1, 0xff, 0xff, 0xc0, 0x0,
    0x0, 0x0, 0x7, 0xff, 0xff, 0x70, 0x6, 0xff,
    0xff, 0x70, 0x0, 0x0, 0x0, 0x2, 0xff, 0xff,
    0xd0, 0xc, 0xff, 0xff, 0x20, 0x0, 0x0, 0x0,
    0x0, 0xcf, 0xff, 0xf2, 0x1f, 0xff, 0xfd, 0x0,
    0x0, 0x0, 0x0, 0x0, 0x7f, 0xff, 0xf8,

    /* U+00C3 "Ã" */
    0x0, 0x0, 0x0, 0x7, 0xee, 0xa2, 0x3, 0xff,
    0x30, 0x0, 0x0, 0x0, 0x0, 0x0, 0x4f, 0xff,
    0xff, 0xac, 0xff, 0x0, 0x0, 0x0, 0x0, 0x0,
    0x0, 0xbf, 0xf9, 0xef, 0xff, 0xf9, 0x0, 0x0,
    0x0, 0x0, 0x0, 0x0, 0xdf, 0x90, 0x18, 0xef,
    0xa0, 0x0, 0x0, 0x0, 0x0, 0x0, 0x0, 0x0,
    0x0, 0x0, 0x0, 0x0, 0x0, 0x0, 0x0, 0x0,
    0x0, 0x0, 0x0, 0x0, 0x0, 0x0, 0x0, 0x0,
    0x0, 0x0, 0x0, 0x0, 0x0, 0x0, 0x0, 0x0,
    0x0, 0x0, 0x0, 0x0, 0x0, 0x0, 0x0, 0x0,
    0x0, 0xff, 0xff, 0xff, 0x30, 0x0, 0x0, 0x0,
    0x0, 0x0, 0x0, 0x5, 0xff, 0xff, 0xff, 0x80,
    0x0, 0x0, 0x0, 0x0, 0x0, 0x0, 0xa, 0xff,
    0xff, 0xff, 0xe0, 0x0, 0x0, 0x0, 0x0, 0x0,
    0x0, 0xf, 0xff, 0xff, 0xff, 0xf3, 0x0, 0x0,
    0x0, 0x0, 0x0, 0x0, 0x5f, 0xff, 0xdb, 0xff,
    0xf9, 0x0, 0x0, 0x0, 0x0, 0x0, 0x0, 0xbf,
    0xff, 0x96, 0xff, 0xfe, 0x0, 0x0, 0x0, 0x0,
    0x0, 0x0, 0xff, 0xff, 0x52, 0xff, 0xff, 0x40,
    0x0, 0x0, 0x0, 0x0, 0x5, 0xff, 0xff, 0x10,
    0xef, 0xff, 0xa0, 0x0, 0x0, 0x0, 0x0, 0xb,
    0xff, 0xfd, 0x0, 0xaf, 0xff, 0xf0, 0x0, 0x0,
    0x0, 0x0, 0x1f, 0xff, 0xf9, 0x0, 0x5f, 0xff,
    0xf5, 0x0, 0x0, 0x0, 0x0, 0x6f, 0xff, 0xf4,
    0x0, 0x1f, 0xff, 0xfa, 0x0, 0x0, 0x0, 0x0,
    0xbf, 0xff, 0xf0, 0x0, 0xc, 0xff, 0xff, 0x0,
    0x0, 0x0, 0x1, 0xff, 0xff, 0xa0, 0x0, 0x6,
    0xff, 0xff, 0x60, 0x0, 0x0, 0x6, 0xff, 0xff,
    0xc9, 0x99, 0x9a, 0xff, 0xff, 0xb0, 0x0, 0x0,
    0xb, 0xff, 0xff, 0xff, 0xff, 0xff, 0xff, 0xff,
    0xf1, 0x0, 0x0, 0x1f, 0xff, 0xff, 0xff, 0xff,
    0xff, 0xff, 0xff, 0xf6, 0x0, 0x0, 0x6f, 0xff,
    0xff, 0xff, 0xff, 0xff, 0xff, 0xff, 0xfc, 0x0,
    0x0, 0xcf, 0xff, 0xf1, 0x0, 0x0, 0x0, 0xc,
    0xff, 0xff, 0x10, 0x1, 0xff, 0xff, 0xc0, 0x0,
    0x0, 0x0, 0x7, 0xff, 0xff, 0x70, 0x6, 0xff,
    0xff, 0x70, 0x0, 0x0, 0x0, 0x2, 0xff, 0xff,
    0xd0, 0xc, 0xff, 0xff, 0x20, 0x0, 0x0, 0x0,
    0x0, 0xcf, 0xff, 0xf2, 0x1f, 0xff, 0xfd, 0x0,
    0x0, 0x0, 0x0, 0x0, 0x7f, 0xff, 0xf8,

    /* U+00C4 "Ä" */
    0x0, 0x0, 0x0, 0x6e, 0xe4, 0x0, 0x1b, 0xfa,
    0x0, 0x0, 0x0, 0x0, 0x0, 0x1, 0xff, 0xfe,
    0x0, 0xaf, 0xff, 0x70, 0x0, 0x0, 0x0, 0x0,
    0x3, 0xff, 0xff, 0x0, 0xbf, 0xff, 0x80, 0x0,
    0x0, 0x0, 0x0, 0x0, 0xbf, 0xf9, 0x0, 0x4f,
    0xff, 0x20, 0x0, 0x0, 0x0, 0x0, 0x0, 0x4,
    0x40, 0x0, 0x2, 0x51, 0x0, 0x0, 0x0, 0x0,
    0x0, 0x0, 0x0, 0x0, 0x0, 0x0, 0x0, 0x0,
    0x0, 0x0, 0x0, 0x0, 0x0, 0x0, 0x0, 0x0,
    0x0, 0x0, 0x0, 0x0, 0x0, 0x0, 0x0, 0x0,
    0x0, 0xff, 0xff, 0xff, 0x30, 0x0, 0x0, 0x0,
    0x0, 0x0, 0x0, 0x5, 0xff, 0xff, 0xff, 0x80,
    0x0, 0x0, 0x0, 0x0, 0x0, 0x0, 0xa, 0xff,
    0xff, 0xff, 0xe0, 0x0, 0x0, 0x0, 0x0, 0x0,
    0x0, 0xf, 0xff, 0xff, 0xff, 0xf3, 0x0, 0x0,
    0x0, 0x0, 0x0, 0x0, 0x5f, 0xff, 0xdb, 0xff,
    0xf9, 0x0, 0x0, 0x0, 0x0, 0x0, 0x0, 0xbf,
    0xff, 0x96, 0xff, 0xfe, 0x0, 0x0, 0x0, 0x0,
    0x0, 0x0, 0xff, 0xff, 0x52, 0xff, 0xff, 0x40,
    0x0, 0x0, 0x0, 0x0, 0x5, 0xff, 0xff, 0x10,
    0xef, 0xff, 0xa0, 0x0, 0x0, 0x0, 0x0, 0xb,
    0xff, 0xfd, 0x0, 0xaf, 0xff, 0xf0, 0x0, 0x0,
    0x0, 0x0, 0x1f, 0xff, 0xf9, 0x0, 0x5f, 0xff,
    0xf5, 0x0, 0x0, 0x0, 0x0, 0x6f, 0xff, 0xf4,
    0x0, 0x1f, 0xff, 0xfa, 0x0, 0x0, 0x0, 0x0,
    0xbf, 0xff, 0xf0, 0x0, 0xc, 0xff, 0xff, 0x0,
    0x0, 0x0, 0x1, 0xff, 0xff, 0xa0, 0x0, 0x6,
    0xff, 0xff, 0x60, 0x0, 0x0, 0x6, 0xff, 0xff,
    0xc9, 0x99, 0x9a, 0xff, 0xff, 0xb0, 0x0, 0x0,
    0xb, 0xff, 0xff, 0xff, 0xff, 0xff, 0xff, 0xff,
    0xf1, 0x0, 0x0, 0x1f, 0xff, 0xff, 0xff, 0xff,
    0xff, 0xff, 0xff, 0xf6, 0x0, 0x0, 0x6f, 0xff,
    0xff, 0xff, 0xff, 0xff, 0xff, 0xff, 0xfc, 0x0,
    0x0, 0xcf, 0xff, 0xf1, 0x0, 0x0, 0x0, 0xc,
    0xff, 0xff, 0x10, 0x1, 0xff, 0xff, 0xc0, 0x0,
    0x0, 0x0, 0x7, 0xff, 0xff, 0x70, 0x6, 0xff,
    0xff, 0x70, 0x0, 0x0, 0x0, 0x2, 0xff, 0xff,
    0xd0, 0xc, 0xff, 0xff, 0x20, 0x0, 0x0, 0x0,
    0x0, 0xcf, 0xff, 0xf2, 0x1f, 0xff, 0xfd, 0x0,
    0x0, 0x0, 0x0, 0x0, 0x7f, 0xff, 0xf8,

    /* U+00C5 "Å" */
    0x0, 0x0, 0x0, 0x0, 0x19, 0xee, 0xb4, 0x0,
    0x0, 0x0, 0x0, 0x0, 0x0, 0x0, 0x1, 0xef,
    0xff, 0xff, 0x50, 0x0, 0x0, 0x0, 0x0, 0x0,
    0x0, 0x8, 0xfe, 0x31, 0xbf, 0xe0, 0x0, 0x0,
    0x0, 0x0, 0x0, 0x0, 0xc, 0xf8, 0x0, 0x2f,
    0xf2, 0x0, 0x0, 0x0, 0x0, 0x0, 0x0, 0xc,
    0xf8, 0x0, 0x2f, 0xf1, 0x0, 0x0, 0x0, 0x0,
    0x0, 0x0, 0x8, 0xfe, 0x31, 0xbf, 0xd0, 0x0,
    0x0, 0x0, 0x0, 0x0, 0x0, 0x1, 0xef, 0xff,
    0xff, 0x50, 0x0, 0x0, 0x0, 0x0, 0x0, 0x0,
    0x0, 0x1a, 0xef, 0xc4, 0x0, 0x0, 0x0, 0x0,
    0x0, 0x0, 0x0, 0x0, 0x0, 0x0, 0x0, 0x0,
    0x0, 0x0, 0x0, 0x0, 0x0, 0x0, 0x0, 0xff,
    0xff, 0xff, 0x30, 0x0, 0x0, 0x0, 0x0, 0x0,
    0x0, 0x5, 0xff, 0xff, 0xff, 0x80, 0x0, 0x0,
    0x0, 0x0, 0x0, 0x0, 0xa, 0xff, 0xff, 0xff,
    0xe0, 0x0, 0x0, 0x0, 0x0, 0x0, 0x0, 0xf,
    0xff, 0xff, 0xff, 0xf3, 0x0, 0x0, 0x0, 0x0,
    0x0, 0x0, 0x5f, 0xff, 0xdb, 0xff, 0xf9, 0x0,
    0x0, 0x0, 0x0, 0x0, 0x0, 0xbf, 0xff, 0x96,
    0xff, 0xfe, 0x0, 0x0, 0x0, 0x0, 0x0, 0x0,
    0xff, 0xff, 0x52, 0xff, 0xff, 0x40, 0x0, 0x0,
    0x0, 0x0, 0x5, 0xff, 0xff, 0x10, 0xef, 0xff,
    0xa0, 0x0, 0x0, 0x0, 0x0, 0xb, 0xff, 0xfd,
    0x0, 0xaf, 0xff, 0xf0, 0x0, 0x0, 0x0, 0x0,
    0x1f, 0xff, 0xf9, 0x0, 0x5f, 0xff, 0xf5, 0x0,
    0x0, 0x0, 0x0, 0x6f, 0xff, 0xf4, 0x0, 0x1f,
    0xff, 0xfa, 0x0, 0x0, 0x0, 0x0, 0xbf, 0xff,
    0xf0, 0x0, 0xc, 0xff, 0xff, 0x0, 0x0, 0x0,
    0x1, 0xff, 0xff, 0xa0, 0x0, 0x6, 0xff, 0xff,
    0x60, 0x0, 0x0, 0x6, 0xff, 0xff, 0xc9, 0x99,
    0x9a, 0xff, 0xff, 0xb0, 0x0, 0x0, 0xb, 0xff,
    0xff, 0xff, 0xff, 0xff, 0xff, 0xff, 0xf1, 0x0,
    0x0, 0x1f, 0xff, 0xff, 0xff, 0xff, 0xff, 0xff,
    0xff, 0xf6, 0x0, 0x0, 0x6f, 0xff, 0xff, 0xff,
    0xff, 0xff, 0xff, 0xff, 0xfc, 0x0, 0x0, 0xcf,
    0xff, 0xf1, 0x0, 0x0, 0x0, 0xc, 0xff, 0xff,
    0x10, 0x1, 0xff, 0xff, 0xc0, 0x0, 0x0, 0x0,
    0x7, 0xff, 0xff, 0x70, 0x6, 0xff, 0xff, 0x70,
    0x0, 0x0, 0x0, 0x2, 0xff, 0xff, 0xd0, 0xc,
    0xff, 0xff, 0x20, 0x0, 0x0, 0x0, 0x0, 0xcf,
    0xff, 0xf2, 0x1f, 0xff, 0xfd, 0x0, 0x0, 0x0,
    0x0, 0x0, 0x7f, 0xff, 0xf8,

    /* U+00C6 "Æ" */
    0x0, 0x0, 0x0, 0x0, 0x1, 0xff, 0xff, 0xff,
    0xff, 0xff, 0xff, 0xff, 0xff, 0xff, 0xf0, 0x0,
    0x0, 0x0, 0x0, 0x8, 0xff, 0xff, 0xff, 0xff,
    0xff, 0xff, 0xff, 0xff, 0xff, 0xf0, 0x0, 0x0,
    0x0, 0x0, 0xe, 0xff, 0xff, 0xff, 0xff, 0xff,
    0xff, 0xff, 0xff, 0xff, 0xf0, 0x0, 0x0, 0x0,
    0x0, 0x5f, 0xff, 0xf4, 0x6f, 0xff, 0xfc, 0xcc,
    0xcc, 0xcc, 0xcc, 0xc0, 0x0, 0x0, 0x0, 0x0,
    0xcf, 0xff, 0xd0, 0x6f, 0xff, 0xe0, 0x0, 0x0,
    0x0, 0x0, 0x0, 0x0, 0x0, 0x0, 0x3, 0xff,
    0xff, 0x70, 0x6f, 0xff, 0xe0, 0x0, 0x0, 0x0,
    0x0, 0x0, 0x0, 0x0, 0x0, 0xa, 0xff, 0xff,
    0x10, 0x6f, 0xff, 0xe0, 0x0, 0x0, 0x0, 0x0,
    0x0, 0x0, 0x0, 0x0, 0x1f, 0xff, 0xfa, 0x0,
    0x6f, 0xff, 0xe0, 0x0, 0x0, 0x0, 0x0, 0x0,
    0x0, 0x0, 0x0, 0x8f, 0xff, 0xf3, 0x0, 0x6f,
    0xff, 0xe0, 0x0, 0x0, 0x0, 0x0, 0x0, 0x0,
    0x0, 0x0, 0xef, 0xff, 0xd0, 0x0, 0x6f, 0xff,
    0xff, 0xff, 0xff, 0xff, 0xff, 0x40, 0x0, 0x0,
    0x5, 0xff, 0xff, 0x60, 0x0, 0x6f, 0xff, 0xff,
    0xff, 0xff, 0xff, 0xff, 0x40, 0x0, 0x0, 0xc,
    0xff, 0xff, 0x0, 0x0, 0x6f, 0xff, 0xff, 0xff,
    0xff, 0xff, 0xff, 0x40, 0x0, 0x0, 0x3f, 0xff,
    0xf9, 0x0, 0x0, 0x6f, 0xff, 0xfb, 0xbb, 0xbb,
    0xbb, 0xbb, 0x30, 0x0, 0x0, 0xaf, 0xff, 0xf7,
    0x44, 0x44, 0x9f, 0xff, 0xe0, 0x0, 0x0, 0x0,
    0x0, 0x0, 0x0, 0x1, 0xff, 0xff, 0xff, 0xff,
    0xff, 0xff, 0xff, 0xe0, 0x0, 0x0, 0x0, 0x0,
    0x0, 0x0, 0x8, 0xff, 0xff, 0xff, 0xff, 0xff,
    0xff, 0xff, 0xe0, 0x0, 0x0, 0x0, 0x0, 0x0,
    0x0, 0xe, 0xff, 0xff, 0xff, 0xff, 0xff, 0xff,
    0xff, 0xe0, 0x0, 0x0, 0x0, 0x0, 0x0, 0x0,
    0x5f, 0xff, 0xf9, 0x0, 0x0, 0x0, 0x6f, 0xff,
    0xe0, 0x0, 0x0, 0x0, 0x0, 0x0, 0x0, 0xcf,
    0xff, 0xf2, 0x0, 0x0, 0x0, 0x6f, 0xff, 0xfc,
    0xcc, 0xcc, 0xcc, 0xcc, 0xc0, 0x3, 0xff, 0xff,
    0xb0, 0x0, 0x0, 0x0, 0x6f, 0xff, 0xff, 0xff,
    0xff, 0xff, 0xff, 0xf1, 0xa, 0xff, 0xff, 0x40,
    0x0, 0x0, 0x0, 0x6f, 0xff, 0xff, 0xff, 0xff,
    0xff, 0xff, 0xf1, 0x1f, 0xff, 0xfd, 0x0, 0x0,
    0x0, 0x0, 0x6f, 0xff, 0xff, 0xff, 0xff, 0xff,
    0xff, 0xf1,

    /* U+00C7 "Ç" */
    0x0, 0x0, 0x0, 0x39, 0xcf, 0xfe, 0xc9, 0x30,
    0x0, 0x0, 0x0, 0x0, 0x2c, 0xff, 0xff, 0xff,
    0xff, 0xfc, 0x30, 0x0, 0x0, 0x4, 0xff, 0xff,
    0xff, 0xff, 0xff, 0xff, 0xf5, 0x0, 0x0, 0x3f,
    0xff, 0xff, 0xff, 0xff, 0xff, 0xff, 0xff, 0x30,
    0x0, 0xef, 0xff, 0xfe, 0x83, 0x13, 0x6e, 0xff,
    0xff, 0xd0, 0x7, 0xff, 0xff, 0xd1, 0x0, 0x0,
    0x0, 0xcf, 0xff, 0xf4, 0xe, 0xff, 0xff, 0x20,
    0x0, 0x0, 0x0, 0x1f, 0xff, 0xfa, 0x3f, 0xff,
    0xf9, 0x0, 0x0, 0x0, 0x0, 0x8, 0xbb, 0xb9,
    0x6f, 0xff, 0xf3, 0x0, 0x0, 0x0, 0x0, 0x0,
    0x0, 0x0, 0x8f, 0xff, 0xf0, 0x0, 0x0, 0x0,
    0x0, 0x0, 0x0, 0x0, 0x9f, 0xff, 0xf0, 0x0,
    0x0, 0x0, 0x0, 0x0, 0x0, 0x0, 0x9f, 0xff,
    0xf0, 0x0, 0x0, 0x0, 0x0, 0x0, 0x0, 0x0,
    0x8f, 0xff, 0xf0, 0x0, 0x0, 0x0, 0x0, 0x0,
    0x0, 0x0, 0x6f, 0xff, 0xf3, 0x0, 0x0, 0x0,
    0x0, 0x0, 0x0, 0x0, 0x3f, 0xff, 0xf8, 0x0,
    0x0, 0x0, 0x0, 0x7, 0xaa, 0xa8, 0xe, 0xff,
    0xfe, 0x10, 0x0, 0x0, 0x0, 0xf, 0xff, 0xfa,
    0x8, 0xff, 0xff, 0xc0, 0x0, 0x0, 0x0, 0xbf,
    0xff, 0xf5, 0x1, 0xef, 0xff, 0xfd, 0x62, 0x2,
    0x5d, 0xff, 0xff, 0xd0, 0x0, 0x4f, 0xff, 0xff,
    0xff, 0xff, 0xff, 0xff, 0xff, 0x30, 0x0, 0x6,
    0xff, 0xff, 0xff, 0xff, 0xff, 0xff, 0xf5, 0x0,
    0x0, 0x0, 0x3d, 0xff, 0xff, 0xff, 0xff, 0xfd,
    0x30, 0x0, 0x0, 0x0, 0x0, 0x4a, 0xdf, 0xff,
    0xeb, 0x50, 0x0, 0x0, 0x0, 0x0, 0x0, 0x0,
    0x9, 0xf4, 0x0, 0x0, 0x0, 0x0, 0x0, 0x0,
    0x0, 0x0, 0xc, 0xfe, 0xa2, 0x0, 0x0, 0x0,
    0x0, 0x0, 0x0, 0x0, 0x6, 0x7c, 0xfe, 0x0,
    0x0, 0x0, 0x0, 0x0, 0x0, 0x0, 0x0, 0x5,
    0xff, 0x10, 0x0, 0x0, 0x0, 0x0, 0x0, 0x0,
    0x5c, 0xcf, 0xfe, 0x0, 0x0, 0x0, 0x0, 0x0,
    0x0, 0x0, 0x7f, 0xff, 0xc3, 0x0, 0x0, 0x0,

    /* U+00C8 "È" */
    0x0, 0x0, 0xdf, 0xff, 0x10, 0x0, 0x0, 0x0,
    0x0, 0x0, 0x3f, 0xff, 0x80, 0x0, 0x0, 0x0,
    0x0, 0x0, 0x9, 0xff, 0xe0, 0x0, 0x0, 0x0,
    0x0, 0x0, 0x0, 0xef, 0xf6, 0x0, 0x0, 0x0,
    0x0, 0x0, 0x0, 0x4a, 0xa8, 0x0, 0x0, 0x0,
    0x0, 0x0, 0x0, 0x0, 0x0, 0x0, 0x0, 0x0,
    0x0, 0x0, 0x0, 0x0, 0x0, 0x0, 0x0, 0x0,
    0xf, 0xff, 0xff, 0xff, 0xff, 0xff, 0xff, 0xf9,
    0xf, 0xff, 0xff, 0xff, 0xff, 0xff, 0xff, 0xf9,
    0xf, 0xff, 0xff, 0xff, 0xff, 0xff, 0xff, 0xf9,
    0xf, 0xff, 0xfe, 0xcc, 0xcc, 0xcc, 0xcc, 0xc7,
    0xf, 0xff, 0xf7, 0x0, 0x0, 0x0, 0x0, 0x0,
    0xf, 0xff, 0xf7, 0x0, 0x0, 0x0, 0x0, 0x0,
    0xf, 0xff, 0xf7, 0x0, 0x0, 0x0, 0x0, 0x0,
    0xf, 0xff, 0xf7, 0x0, 0x0, 0x0, 0x0, 0x0,
    0xf, 0xff, 0xf7, 0x0, 0x0, 0x0, 0x0, 0x0,
    0xf, 0xff, 0xff, 0xff, 0xff, 0xff, 0xff, 0xd0,
    0xf, 0xff, 0xff, 0xff, 0xff, 0xff, 0xff, 0xd0,
    0xf, 0xff, 0xff, 0xff, 0xff, 0xff, 0xff, 0xd0,
    0xf, 0xff, 0xfd, 0xbb, 0xbb, 0xbb, 0xbb, 0x90,
    0xf, 0xff, 0xf7, 0x0, 0x0, 0x0, 0x0, 0x0,
    0xf, 0xff, 0xf7, 0x0, 0x0, 0x0, 0x0, 0x0,
    0xf, 0xff, 0xf7, 0x0, 0x0, 0x0, 0x0, 0x0,
    0xf, 0xff, 0xf7, 0x0, 0x0, 0x0, 0x0, 0x0,
    0xf, 0xff, 0xf7, 0x0, 0x0, 0x0, 0x0, 0x0,
    0xf, 0xff, 0xfe, 0xcc, 0xcc, 0xcc, 0xcc, 0xc7,
    0xf, 0xff, 0xff, 0xff, 0xff, 0xff, 0xff, 0xf9,
    0xf, 0xff, 0xff, 0xff, 0xff, 0xff, 0xff, 0xf9,
    0xf, 0xff, 0xff, 0xff, 0xff, 0xff, 0xff, 0xf9,

    /* U+00C9 "É" */
    0x0, 0x0, 0x0, 0x0, 0x7f, 0xff, 0x80, 0x0,
    0x0, 0x0, 0x0, 0x0, 0xef, 0xfd, 0x0, 0x0,
    0x0, 0x0, 0x0, 0x5, 0xff, 0xf3, 0x0, 0x0,
    0x0, 0x0, 0x0, 0xc, 0xff, 0x80, 0x0, 0x0,
    0x0, 0x0, 0x0, 0x1a, 0xaa, 0x0, 0x0, 0x0,
    0x0, 0x0, 0x0, 0x0, 0x0, 0x0, 0x0, 0x0,
    0x0, 0x0, 0x0, 0x0, 0x0, 0x0, 0x0, 0x0,
    0xf, 0xff, 0xff, 0xff, 0xff, 0xff, 0xff, 0xf9,
    0xf, 0xff, 0xff, 0xff, 0xff, 0xff, 0xff, 0xf9,
    0xf, 0xff, 0xff, 0xff, 0xff, 0xff, 0xff, 0xf9,
    0xf, 0xff, 0xfe, 0xcc, 0xcc, 0xcc, 0xcc, 0xc7,
    0xf, 0xff, 0xf7, 0x0, 0x0, 0x0, 0x0, 0x0,
    0xf, 0xff, 0xf7, 0x0, 0x0, 0x0, 0x0, 0x0,
    0xf, 0xff, 0xf7, 0x0, 0x0, 0x0, 0x0, 0x0,
    0xf, 0xff, 0xf7, 0x0, 0x0, 0x0, 0x0, 0x0,
    0xf, 0xff, 0xf7, 0x0, 0x0, 0x0, 0x0, 0x0,
    0xf, 0xff, 0xff, 0xff, 0xff, 0xff, 0xff, 0xd0,
    0xf, 0xff, 0xff, 0xff, 0xff, 0xff, 0xff, 0xd0,
    0xf, 0xff, 0xff, 0xff, 0xff, 0xff, 0xff, 0xd0,
    0xf, 0xff, 0xfd, 0xbb, 0xbb, 0xbb, 0xbb, 0x90,
    0xf, 0xff, 0xf7, 0x0, 0x0, 0x0, 0x0, 0x0,
    0xf, 0xff, 0xf7, 0x0, 0x0, 0x0, 0x0, 0x0,
    0xf, 0xff, 0xf7, 0x0, 0x0, 0x0, 0x0, 0x0,
    0xf, 0xff, 0xf7, 0x0, 0x0, 0x0, 0x0, 0x0,
    0xf, 0xff, 0xf7, 0x0, 0x0, 0x0, 0x0, 0x0,
    0xf, 0xff, 0xfe, 0xcc, 0xcc, 0xcc, 0xcc, 0xc7,
    0xf, 0xff, 0xff, 0xff, 0xff, 0xff, 0xff, 0xf9,
    0xf, 0xff, 0xff, 0xff, 0xff, 0xff, 0xff, 0xf9,
    0xf, 0xff, 0xff, 0xff, 0xff, 0xff, 0xff, 0xf9,

    /* U+00CA "Ê" */
    0x0, 0x0, 0x0, 0xcf, 0xff, 0x70, 0x0, 0x0,
    0x0, 0x0, 0xc, 0xff, 0xff, 0xf6, 0x0, 0x0,
    0x0, 0x0, 0xbf, 0xfd, 0x5f, 0xff, 0x50, 0x0,
    0x0, 0xb, 0xff, 0xe2, 0x6, 0xff, 0xf4, 0x0,
    0x0, 0x38, 0x88, 0x30, 0x0, 0x68, 0x87, 0x0,
    0x0, 0x0, 0x0, 0x0, 0x0, 0x0, 0x0, 0x0,
    0x0, 0x0, 0x0, 0x0, 0x0, 0x0, 0x0, 0x0,
    0xf, 0xff, 0xff, 0xff, 0xff, 0xff, 0xff, 0xf9,
    0xf, 0xff, 0xff, 0xff, 0xff, 0xff, 0xff, 0xf9,
    0xf, 0xff, 0xff, 0xff, 0xff, 0xff, 0xff, 0xf9,
    0xf, 0xff, 0xfe, 0xcc, 0xcc, 0xcc, 0xcc, 0xc7,
    0xf, 0xff, 0xf7, 0x0, 0x0, 0x0, 0x0, 0x0,
    0xf, 0xff, 0xf7, 0x0, 0x0, 0x0, 0x0, 0x0,
    0xf, 0xff, 0xf7, 0x0, 0x0, 0x0, 0x0, 0x0,
    0xf, 0xff, 0xf7, 0x0, 0x0, 0x0, 0x0, 0x0,
    0xf, 0xff, 0xf7, 0x0, 0x0, 0x0, 0x0, 0x0,
    0xf, 0xff, 0xff, 0xff, 0xff, 0xff, 0xff, 0xd0,
    0xf, 0xff, 0xff, 0xff, 0xff, 0xff, 0xff, 0xd0,
    0xf, 0xff, 0xff, 0xff, 0xff, 0xff, 0xff, 0xd0,
    0xf, 0xff, 0xfd, 0xbb, 0xbb, 0xbb, 0xbb, 0x90,
    0xf, 0xff, 0xf7, 0x0, 0x0, 0x0, 0x0, 0x0,
    0xf, 0xff, 0xf7, 0x0, 0x0, 0x0, 0x0, 0x0,
    0xf, 0xff, 0xf7, 0x0, 0x0, 0x0, 0x0, 0x0,
    0xf, 0xff, 0xf7, 0x0, 0x0, 0x0, 0x0, 0x0,
    0xf, 0xff, 0xf7, 0x0, 0x0, 0x0, 0x0, 0x0,
    0xf, 0xff, 0xfe, 0xcc, 0xcc, 0xcc, 0xcc, 0xc7,
    0xf, 0xff, 0xff, 0xff, 0xff, 0xff, 0xff, 0xf9,
    0xf, 0xff, 0xff, 0xff, 0xff, 0xff, 0xff, 0xf9,
    0xf, 0xff, 0xff, 0xff, 0xff, 0xff, 0xff, 0xf9,

    /* U+00CB "Ë" */
    0x0, 0x4, 0xee, 0x60, 0x0, 0xaf, 0xb1, 0x0,
    0x0, 0xf, 0xff, 0xf1, 0x7, 0xff, 0xf9, 0x0,
    0x0, 0xf, 0xff, 0xf2, 0x9, 0xff, 0xfa, 0x0,
    0x0, 0x9, 0xff, 0xb0, 0x2, 0xff, 0xf4, 0x0,
    0x0, 0x0, 0x44, 0x0, 0x0, 0x15, 0x20, 0x0,
    0x0, 0x0, 0x0, 0x0, 0x0, 0x0, 0x0, 0x0,
    0x0, 0x0, 0x0, 0x0, 0x0, 0x0, 0x0, 0x0,
    0xf, 0xff, 0xff, 0xff, 0xff, 0xff, 0xff, 0xf9,
    0xf, 0xff, 0xff, 0xff, 0xff, 0xff, 0xff, 0xf9,
    0xf, 0xff, 0xff, 0xff, 0xff, 0xff, 0xff, 0xf9,
    0xf, 0xff, 0xfe, 0xcc, 0xcc, 0xcc, 0xcc, 0xc7,
    0xf, 0xff, 0xf7, 0x0, 0x0, 0x0, 0x0, 0x0,
    0xf, 0xff, 0xf7, 0x0, 0x0, 0x0, 0x0, 0x0,
    0xf, 0xff, 0xf7, 0x0, 0x0, 0x0, 0x0, 0x0,
    0xf, 0xff, 0xf7, 0x0, 0x0, 0x0, 0x0, 0x0,
    0xf, 0xff, 0xf7, 0x0, 0x0, 0x0, 0x0, 0x0,
    0xf, 0xff, 0xff, 0xff, 0xff, 0xff, 0xff, 0xd0,
    0xf, 0xff, 0xff, 0xff, 0xff, 0xff, 0xff, 0xd0,
    0xf, 0xff, 0xff, 0xff, 0xff, 0xff, 0xff, 0xd0,
    0xf, 0xff, 0xfd, 0xbb, 0xbb, 0xbb, 0xbb, 0x90,
    0xf, 0xff, 0xf7, 0x0, 0x0, 0x0, 0x0, 0x0,
    0xf, 0xff, 0xf7, 0x0, 0x0, 0x0, 0x0, 0x0,
    0xf, 0xff, 0xf7, 0x0, 0x0, 0x0, 0x0, 0x0,
    0xf, 0xff, 0xf7, 0x0, 0x0, 0x0, 0x0, 0x0,
    0xf, 0xff, 0xf7, 0x0, 0x0, 0x0, 0x0, 0x0,
    0xf, 0xff, 0xfe, 0xcc, 0xcc, 0xcc, 0xcc, 0xc7,
    0xf, 0xff, 0xff, 0xff, 0xff, 0xff, 0xff, 0xf9,
    0xf, 0xff, 0xff, 0xff, 0xff, 0xff, 0xff, 0xf9,
    0xf, 0xff, 0xff, 0xff, 0xff, 0xff, 0xff, 0xf9,

    /* U+00CC "Ì" */
    0x1e, 0xff, 0xe0, 0x0, 0x5, 0xff, 0xf6, 0x0,
    0x0, 0xbf, 0xfd, 0x0, 0x0, 0x1f, 0xff, 0x40,
    0x0, 0x5, 0xaa, 0x60, 0x0, 0x0, 0x0, 0x0,
    0x0, 0x0, 0x0, 0x0, 0x0, 0xf, 0xff, 0xf7,
    0x0, 0xf, 0xff, 0xf7, 0x0, 0xf, 0xff, 0xf7,
    0x0, 0xf, 0xff, 0xf7, 0x0, 0xf, 0xff, 0xf7,
    0x0, 0xf, 0xff, 0xf7, 0x0, 0xf, 0xff, 0xf7,
    0x0, 0xf, 0xff, 0xf7, 0x0, 0xf, 0xff, 0xf7,
    0x0, 0xf, 0xff, 0xf7, 0x0, 0xf, 0xff, 0xf7,
    0x0, 0xf, 0xff, 0xf7, 0x0, 0xf, 0xff, 0xf7,
    0x0, 0xf, 0xff, 0xf7, 0x0, 0xf, 0xff, 0xf7,
    0x0, 0xf, 0xff, 0xf7, 0x0, 0xf, 0xff, 0xf7,
    0x0, 0xf, 0xff, 0xf7, 0x0, 0xf, 0xff, 0xf7,
    0x0, 0xf, 0xff, 0xf7, 0x0, 0xf, 0xff, 0xf7,
    0x0, 0xf, 0xff, 0xf7,

    /* U+00CD "Í" */
    0x0, 0x8, 0xff, 0xf6, 0x0, 0xe, 0xff, 0xc0,
    0x0, 0x6f, 0xff, 0x20, 0x0, 0xdf, 0xf7, 0x0,
    0x2, 0xaa, 0x90, 0x0, 0x0, 0x0, 0x0, 0x0,
    0x0, 0x0, 0x0, 0x0, 0xf, 0xff, 0xf7, 0x0,
    0xf, 0xff, 0xf7, 0x0, 0xf, 0xff, 0xf7, 0x0,
    0xf, 0xff, 0xf7, 0x0, 0xf, 0xff, 0xf7, 0x0,
    0xf, 0xff, 0xf7, 0x0, 0xf, 0xff, 0xf7, 0x0,
    0xf, 0xff, 0xf7, 0x0, 0xf, 0xff, 0xf7, 0x0,
    0xf, 0xff, 0xf7, 0x0, 0xf, 0xff, 0xf7, 0x0,
    0xf, 0xff, 0xf7, 0x0, 0xf, 0xff, 0xf7, 0x0,
    0xf, 0xff, 0xf7, 0x0, 0xf, 0xff, 0xf7, 0x0,
    0xf, 0xff, 0xf7, 0x0, 0xf, 0xff, 0xf7, 0x0,
    0xf, 0xff, 0xf7, 0x0, 0xf, 0xff, 0xf7, 0x0,
    0xf, 0xff, 0xf7, 0x0, 0xf, 0xff, 0xf7, 0x0,
    0xf, 0xff, 0xf7, 0x0,

    /* U+00CE "Î" */
    0x0, 0x1, 0xdf, 0xff, 0x60, 0x0, 0x0, 0x1,
    0xdf, 0xff, 0xff, 0x50, 0x0, 0x1, 0xcf, 0xfc,
    0x5f, 0xff, 0x40, 0x0, 0xcf, 0xfd, 0x10, 0x8f,
    0xff, 0x30, 0x48, 0x88, 0x20, 0x0, 0x78, 0x87,
    0x0, 0x0, 0x0, 0x0, 0x0, 0x0, 0x0, 0x0,
    0x0, 0x0, 0x0, 0x0, 0x0, 0x0, 0x0, 0xf,
    0xff, 0xf7, 0x0, 0x0, 0x0, 0x0, 0xff, 0xff,
    0x70, 0x0, 0x0, 0x0, 0xf, 0xff, 0xf7, 0x0,
    0x0, 0x0, 0x0, 0xff, 0xff, 0x70, 0x0, 0x0,
    0x0, 0xf, 0xff, 0xf7, 0x0, 0x0, 0x0, 0x0,
    0xff, 0xff, 0x70, 0x0, 0x0, 0x0, 0xf, 0xff,
    0xf7, 0x0, 0x0, 0x0, 0x0, 0xff, 0xff, 0x70,
    0x0, 0x0, 0x0, 0xf, 0xff, 0xf7, 0x0, 0x0,
    0x0, 0x0, 0xff, 0xff, 0x70, 0x0, 0x0, 0x0,
    0xf, 0xff, 0xf7, 0x0, 0x0, 0x0, 0x0, 0xff,
    0xff, 0x70, 0x0, 0x0, 0x0, 0xf, 0xff, 0xf7,
    0x0, 0x0, 0x0, 0x0, 0xff, 0xff, 0x70, 0x0,
    0x0, 0x0, 0xf, 0xff, 0xf7, 0x0, 0x0, 0x0,
    0x0, 0xff, 0xff, 0x70, 0x0, 0x0, 0x0, 0xf,
    0xff, 0xf7, 0x0, 0x0, 0x0, 0x0, 0xff, 0xff,
    0x70, 0x0, 0x0, 0x0, 0xf, 0xff, 0xf7, 0x0,
    0x0, 0x0, 0x0, 0xff, 0xff, 0x70, 0x0, 0x0,
    0x0, 0xf, 0xff, 0xf7, 0x0, 0x0, 0x0, 0x0,
    0xff, 0xff, 0x70, 0x0, 0x0,

    /* U+00CF "Ï" */
    0x5, 0xee, 0x50, 0x1, 0xbf, 0xa0, 0x1f, 0xff,
    0xf0, 0x9, 0xff, 0xf8, 0x2f, 0xff, 0xf1, 0xa,
    0xff, 0xf9, 0xb, 0xff, 0xa0, 0x3, 0xff, 0xf3,
    0x0, 0x44, 0x0, 0x0, 0x25, 0x10, 0x0, 0x0,
    0x0, 0x0, 0x0, 0x0, 0x0, 0x0, 0x0, 0x0,
    0x0, 0x0, 0x0, 0x0, 0xff, 0xff, 0x70, 0x0,
    0x0, 0x0, 0xff, 0xff, 0x70, 0x0, 0x0, 0x0,
    0xff, 0xff, 0x70, 0x0, 0x0, 0x0, 0xff, 0xff,
    0x70, 0x0, 0x0, 0x0, 0xff, 0xff, 0x70, 0x0,
    0x0, 0x0, 0xff, 0xff, 0x70, 0x0, 0x0, 0x0,
    0xff, 0xff, 0x70, 0x0, 0x0, 0x0, 0xff, 0xff,
    0x70, 0x0, 0x0, 0x0, 0xff, 0xff, 0x70, 0x0,
    0x0, 0x0, 0xff, 0xff, 0x70, 0x0, 0x0, 0x0,
    0xff, 0xff, 0x70, 0x0, 0x0, 0x0, 0xff, 0xff,
    0x70, 0x0, 0x0, 0x0, 0xff, 0xff, 0x70, 0x0,
    0x0, 0x0, 0xff, 0xff, 0x70, 0x0, 0x0, 0x0,
    0xff, 0xff, 0x70, 0x0, 0x0, 0x0, 0xff, 0xff,
    0x70, 0x0, 0x0, 0x0, 0xff, 0xff, 0x70, 0x0,
    0x0, 0x0, 0xff, 0xff, 0x70, 0x0, 0x0, 0x0,
    0xff, 0xff, 0x70, 0x0, 0x0, 0x0, 0xff, 0xff,
    0x70, 0x0, 0x0, 0x0, 0xff, 0xff, 0x70, 0x0,
    0x0, 0x0, 0xff, 0xff, 0x70, 0x0,

    /* U+00D0 "Ð" */
    0x0, 0xe, 0xff, 0xff, 0xff, 0xff, 0xeb, 0x72,
    0x0, 0x0, 0x0, 0x0, 0xe, 0xff, 0xff, 0xff,
    0xff, 0xff, 0xff, 0xa1, 0x0, 0x0, 0x0, 0xe,
    0xff, 0xff, 0xff, 0xff, 0xff, 0xff, 0xfe, 0x30,
    0x0, 0x0, 0xe, 0xff, 0xff, 0xff, 0xff, 0xff,
    0xff, 0xff, 0xe2, 0x0, 0x0, 0xe, 0xff, 0xf9,
    0x0, 0x0, 0x27, 0xef, 0xff, 0xfc, 0x0, 0x0,
    0xe, 0xff, 0xf9, 0x0, 0x0, 0x0, 0x1c, 0xff,
    0xff, 0x40, 0x0, 0xe, 0xff, 0xf9, 0x0, 0x0,
    0x0, 0x2, 0xff, 0xff, 0xb0, 0x0, 0xe, 0xff,
    0xf9, 0x0, 0x0, 0x0, 0x0, 0x9f, 0xff, 0xf0,
    0x0, 0xe, 0xff, 0xf9, 0x0, 0x0, 0x0, 0x0,
    0x4f, 0xff, 0xf3, 0xbf, 0xff, 0xff, 0xff, 0xff,
    0xff, 0x30, 0x0, 0x2f, 0xff, 0xf5, 0xbf, 0xff,
    0xff, 0xff, 0xff, 0xff, 0x30, 0x0, 0x1f, 0xff,
    0xf6, 0xbf, 0xff, 0xff, 0xff, 0xff, 0xff, 0x30,
    0x0, 0x1f, 0xff, 0xf6, 0x1, 0x1e, 0xff, 0xf9,
    0x11, 0x11, 0x0, 0x0, 0x2f, 0xff, 0xf5, 0x0,
    0xe, 0xff, 0xf9, 0x0, 0x0, 0x0, 0x0, 0x4f,
    0xff, 0xf3, 0x0, 0xe, 0xff, 0xf9, 0x0, 0x0,
    0x0, 0x0, 0x9f, 0xff, 0xf0, 0x0, 0xe, 0xff,
    0xf9, 0x0, 0x0, 0x0, 0x2, 0xff, 0xff, 0xb0,
    0x0, 0xe, 0xff, 0xf9, 0x0, 0x0, 0x0, 0x1c,
    0xff, 0xff, 0x40, 0x0, 0xe, 0xff, 0xf9, 0x0,
    0x0, 0x27, 0xef, 0xff, 0xfc, 0x0, 0x0, 0xe,
    0xff, 0xff, 0xff, 0xff, 0xff, 0xff, 0xff, 0xe2,
    0x0, 0x0, 0xe, 0xff, 0xff, 0xff, 0xff, 0xff,
    0xff, 0xfe, 0x30, 0x0, 0x0, 0xe, 0xff, 0xff,
    0xff, 0xff, 0xff, 0xff, 0xa1, 0x0, 0x0, 0x0,
    0xe, 0xff, 0xff, 0xff, 0xff, 0xeb, 0x72, 0x0,
    0x0, 0x0,

    /* U+00D1 "Ñ" */
    0x0, 0x0, 0x0, 0x4d, 0xfc, 0x40, 0xe, 0xf7,
    0x0, 0x0, 0x0, 0x0, 0x1, 0xff, 0xff, 0xfc,
    0xaf, 0xf4, 0x0, 0x0, 0x0, 0x0, 0x6, 0xff,
    0xad, 0xff, 0xff, 0xd0, 0x0, 0x0, 0x0, 0x0,
    0x9, 0xfe, 0x0, 0x6d, 0xfc, 0x20, 0x0, 0x0,
    0x0, 0x0, 0x0, 0x0, 0x0, 0x0, 0x0, 0x0,
    0x0, 0x0, 0x0, 0x0, 0x0, 0x0, 0x0, 0x0,
    0x0, 0x0, 0x0, 0x0, 0x0, 0x0, 0x0, 0x0,
    0x0, 0x0, 0x0, 0x0, 0x0, 0x0, 0xf, 0xff,
    0xff, 0x40, 0x0, 0x0, 0x0, 0xb, 0xff, 0xfe,
    0xf, 0xff, 0xff, 0xd0, 0x0, 0x0, 0x0, 0xb,
    0xff, 0xfe, 0xf, 0xff, 0xff, 0xf8, 0x0, 0x0,
    0x0, 0xb, 0xff, 0xfe, 0xf, 0xff, 0xff, 0xff,
    0x20, 0x0, 0x0, 0xb, 0xff, 0xfe, 0xf, 0xff,
    0xff, 0xff, 0xb0, 0x0, 0x0, 0xb, 0xff, 0xfe,
    0xf, 0xff, 0xff, 0xff, 0xf5, 0x0, 0x0, 0xb,
    0xff, 0xfe, 0xf, 0xff, 0xf9, 0xff, 0xfe, 0x10,
    0x0, 0xb, 0xff, 0xfe, 0xf, 0xff, 0xf5, 0xcf,
    0xff, 0x90, 0x0, 0xb, 0xff, 0xfe, 0xf, 0xff,
    0xf6, 0x4f, 0xff, 0xf3, 0x0, 0xb, 0xff, 0xfe,
    0xf, 0xff, 0xf7, 0xb, 0xff, 0xfd, 0x0, 0xb,
    0xff, 0xfe, 0xf, 0xff, 0xf8, 0x3, 0xff, 0xff,
    0x70, 0xa, 0xff, 0xfe, 0xf, 0xff, 0xf8, 0x0,
    0x9f, 0xff, 0xf1, 0xa, 0xff, 0xfe, 0xf, 0xff,
    0xf8, 0x0, 0x1e, 0xff, 0xfa, 0xa, 0xff, 0xfe,
    0xf, 0xff, 0xf8, 0x0, 0x6, 0xff, 0xff, 0x29,
    0xff, 0xfe, 0xf, 0xff, 0xf8, 0x0, 0x0, 0xcf,
    0xff, 0xa8, 0xff, 0xfe, 0xf, 0xff, 0xf8, 0x0,
    0x0, 0x2f, 0xff, 0xfa, 0xff, 0xfe, 0xf, 0xff,
    0xf8, 0x0, 0x0, 0x8, 0xff, 0xff, 0xff, 0xfe,
    0xf, 0xff, 0xf8, 0x0, 0x0, 0x0, 0xdf, 0xff,
    0xff, 0xfe, 0xf, 0xff, 0xf8, 0x0, 0x0, 0x0,
    0x4f, 0xff, 0xff, 0xfe, 0xf, 0xff, 0xf8, 0x0,
    0x0, 0x0, 0xa, 0xff, 0xff, 0xfe, 0xf, 0xff,
    0xf8, 0x0, 0x0, 0x0, 0x1, 0xff, 0xff, 0xfe,
    0xf, 0xff, 0xf8, 0x0, 0x0, 0x0, 0x0, 0x6f,
    0xff, 0xfe,

    /* U+00D2 "Ò" */
    0x0, 0x0, 0x0, 0x8a, 0xaa, 0x20, 0x0, 0x0,
    0x0, 0x0, 0x0, 0x0, 0x0, 0x3, 0xff, 0xf9,
    0x0, 0x0, 0x0, 0x0, 0x0, 0x0, 0x0, 0x0,
    0x9, 0xff, 0xf1, 0x0, 0x0, 0x0, 0x0, 0x0,
    0x0, 0x0, 0x0, 0xe, 0xff, 0x70, 0x0, 0x0,
    0x0, 0x0, 0x0, 0x0, 0x0, 0x0, 0x4f, 0xfe,
    0x0, 0x0, 0x0, 0x0, 0x0, 0x0, 0x0, 0x0,
    0x0, 0x0, 0x0, 0x0, 0x0, 0x0, 0x0, 0x0,
    0x0, 0x0, 0x0, 0x0, 0x0, 0x0, 0x0, 0x0,
    0x0, 0x0, 0x0, 0x0, 0x0, 0x0, 0x0, 0x0,
    0x0, 0x0, 0x0, 0x0, 0x0, 0x0, 0x0, 0x39,
    0xce, 0xff, 0xd9, 0x40, 0x0, 0x0, 0x0, 0x0,
    0x2, 0xcf, 0xff, 0xff, 0xff, 0xff, 0xc3, 0x0,
    0x0, 0x0, 0x4, 0xff, 0xff, 0xff, 0xff, 0xff,
    0xff, 0xf6, 0x0, 0x0, 0x3, 0xff, 0xff, 0xff,
    0xff, 0xff, 0xff, 0xff, 0xf5, 0x0, 0x0, 0xef,
    0xff, 0xfe, 0x73, 0x13, 0x6d, 0xff, 0xff, 0xf1,
    0x0, 0x7f, 0xff, 0xfc, 0x10, 0x0, 0x0, 0xb,
    0xff, 0xff, 0x90, 0xe, 0xff, 0xff, 0x10, 0x0,
    0x0, 0x0, 0xe, 0xff, 0xff, 0x3, 0xff, 0xff,
    0x80, 0x0, 0x0, 0x0, 0x0, 0x6f, 0xff, 0xf4,
    0x6f, 0xff, 0xf3, 0x0, 0x0, 0x0, 0x0, 0x1,
    0xff, 0xff, 0x88, 0xff, 0xff, 0x0, 0x0, 0x0,
    0x0, 0x0, 0xe, 0xff, 0xfa, 0x9f, 0xff, 0xf0,
    0x0, 0x0, 0x0, 0x0, 0x0, 0xdf, 0xff, 0xb9,
    0xff, 0xff, 0x0, 0x0, 0x0, 0x0, 0x0, 0xd,
    0xff, 0xfb, 0x8f, 0xff, 0xf0, 0x0, 0x0, 0x0,
    0x0, 0x0, 0xef, 0xff, 0xa6, 0xff, 0xff, 0x30,
    0x0, 0x0, 0x0, 0x0, 0x1f, 0xff, 0xf8, 0x3f,
    0xff, 0xf8, 0x0, 0x0, 0x0, 0x0, 0x6, 0xff,
    0xff, 0x50, 0xef, 0xff, 0xf1, 0x0, 0x0, 0x0,
    0x0, 0xef, 0xff, 0xf0, 0x7, 0xff, 0xff, 0xc1,
    0x0, 0x0, 0x0, 0xbf, 0xff, 0xf9, 0x0, 0xe,
    0xff, 0xff, 0xe7, 0x31, 0x26, 0xdf, 0xff, 0xff,
    0x10, 0x0, 0x3f, 0xff, 0xff, 0xff, 0xff, 0xff,
    0xff, 0xff, 0x50, 0x0, 0x0, 0x4f, 0xff, 0xff,
    0xff, 0xff, 0xff, 0xff, 0x60, 0x0, 0x0, 0x0,
    0x2c, 0xff, 0xff, 0xff, 0xff, 0xfd, 0x30, 0x0,
    0x0, 0x0, 0x0, 0x3, 0x9c, 0xff, 0xfd, 0x94,
    0x0, 0x0, 0x0,

    /* U+00D3 "Ó" */
    0x0, 0x0, 0x0, 0x0, 0x0, 0x1a, 0xaa, 0x90,
    0x0, 0x0, 0x0, 0x0, 0x0, 0x0, 0x0, 0x8,
    0xff, 0xf5, 0x0, 0x0, 0x0, 0x0, 0x0, 0x0,
    0x0, 0x0, 0xef, 0xfa, 0x0, 0x0, 0x0, 0x0,
    0x0, 0x0, 0x0, 0x0, 0x6f, 0xfe, 0x10, 0x0,
    0x0, 0x0, 0x0, 0x0, 0x0, 0x0, 0xc, 0xff,
    0x50, 0x0, 0x0, 0x0, 0x0, 0x0, 0x0, 0x0,
    0x0, 0x0, 0x0, 0x0, 0x0, 0x0, 0x0, 0x0,
    0x0, 0x0, 0x0, 0x0, 0x0, 0x0, 0x0, 0x0,
    0x0, 0x0, 0x0, 0x0, 0x0, 0x0, 0x0, 0x0,
    0x0, 0x0, 0x0, 0x0, 0x0, 0x0, 0x0, 0x39,
    0xce, 0xff, 0xd9, 0x40, 0x0, 0x0, 0x0, 0x0,
    0x2, 0xcf, 0xff, 0xff, 0xff, 0xff, 0xc3, 0x0,
    0x0, 0x0, 0x4, 0xff, 0xff, 0xff, 0xff, 0xff,
    0xff, 0xf6, 0x0, 0x0, 0x3, 0xff, 0xff, 0xff,
    0xff, 0xff, 0xff, 0xff, 0xf5, 0x0, 0x0, 0xef,
    0xff, 0xfe, 0x73, 0x13, 0x6d, 0xff, 0xff, 0xf1,
    0x0, 0x7f, 0xff, 0xfc, 0x10, 0x0, 0x0, 0xb,
    0xff, 0xff, 0x90, 0xe, 0xff, 0xff, 0x10, 0x0,
    0x0, 0x0, 0xe, 0xff, 0xff, 0x3, 0xff, 0xff,
    0x80, 0x0, 0x0, 0x0, 0x0, 0x6f, 0xff, 0xf4,
    0x6f, 0xff, 0xf3, 0x0, 0x0, 0x0, 0x0, 0x1,
    0xff, 0xff, 0x88, 0xff, 0xff, 0x0, 0x0, 0x0,
    0x0, 0x0, 0xe, 0xff, 0xfa, 0x9f, 0xff, 0xf0,
    0x0, 0x0, 0x0, 0x0, 0x0, 0xdf, 0xff, 0xb9,
    0xff, 0xff, 0x0, 0x0, 0x0, 0x0, 0x0, 0xd,
    0xff, 0xfb, 0x8f, 0xff, 0xf0, 0x0, 0x0, 0x0,
    0x0, 0x0, 0xef, 0xff, 0xa6, 0xff, 0xff, 0x30,
    0x0, 0x0, 0x0, 0x0, 0x1f, 0xff, 0xf8, 0x3f,
    0xff, 0xf8, 0x0, 0x0, 0x0, 0x0, 0x6, 0xff,
    0xff, 0x50, 0xef, 0xff, 0xf1, 0x0, 0x0, 0x0,
    0x0, 0xef, 0xff, 0xf0, 0x7, 0xff, 0xff, 0xc1,
    0x0, 0x0, 0x0, 0xbf, 0xff, 0xf9, 0x0, 0xe,
    0xff, 0xff, 0xe7, 0x31, 0x26, 0xdf, 0xff, 0xff,
    0x10, 0x0, 0x3f, 0xff, 0xff, 0xff, 0xff, 0xff,
    0xff, 0xff, 0x50, 0x0, 0x0, 0x4f, 0xff, 0xff,
    0xff, 0xff, 0xff, 0xff, 0x60, 0x0, 0x0, 0x0,
    0x2c, 0xff, 0xff, 0xff, 0xff, 0xfd, 0x30, 0x0,
    0x0, 0x0, 0x0, 0x3, 0x9c, 0xff, 0xfd, 0x94,
    0x0, 0x0, 0x0,

    /* U+00D4 "Ô" */
    0x0, 0x0, 0x0, 0x0, 0x28, 0x88, 0x30, 0x0,
    0x0, 0x0, 0x0, 0x0, 0x0, 0x0, 0x2e, 0xff,
    0xff, 0x30, 0x0, 0x0, 0x0, 0x0, 0x0, 0x0,
    0x2e, 0xff, 0xcf, 0xfe, 0x20, 0x0, 0x0, 0x0,
    0x0, 0x0, 0x1e, 0xff, 0xb0, 0x9f, 0xfe, 0x20,
    0x0, 0x0, 0x0, 0x0, 0x1d, 0xff, 0xd0, 0x0,
    0xcf, 0xfe, 0x10, 0x0, 0x0, 0x0, 0x0, 0x0,
    0x0, 0x0, 0x0, 0x0, 0x0, 0x0, 0x0, 0x0,
    0x0, 0x0, 0x0, 0x0, 0x0, 0x0, 0x0, 0x0,
    0x0, 0x0, 0x0, 0x0, 0x0, 0x0, 0x0, 0x0,
    0x0, 0x0, 0x0, 0x0, 0x0, 0x0, 0x0, 0x39,
    0xce, 0xff, 0xd9, 0x40, 0x0, 0x0, 0x0, 0x0,
    0x2, 0xcf, 0xff, 0xff, 0xff, 0xff, 0xc3, 0x0,
    0x0, 0x0, 0x4, 0xff, 0xff, 0xff, 0xff, 0xff,
    0xff, 0xf6, 0x0, 0x0, 0x3, 0xff, 0xff, 0xff,
    0xff, 0xff, 0xff, 0xff, 0xf5, 0x0, 0x0, 0xef,
    0xff, 0xfe, 0x73, 0x13, 0x6d, 0xff, 0xff, 0xf1,
    0x0, 0x7f, 0xff, 0xfc, 0x10, 0x0, 0x0, 0xb,
    0xff, 0xff, 0x90, 0xe, 0xff, 0xff, 0x10, 0x0,
    0x0, 0x0, 0xe, 0xff, 0xff, 0x3, 0xff, 0xff,
    0x80, 0x0, 0x0, 0x0, 0x0, 0x6f, 0xff, 0xf4,
    0x6f, 0xff, 0xf3, 0x0, 0x0, 0x0, 0x0, 0x1,
    0xff, 0xff, 0x88, 0xff, 0xff, 0x0, 0x0, 0x0,
    0x0, 0x0, 0xe, 0xff, 0xfa, 0x9f, 0xff, 0xf0,
    0x0, 0x0, 0x0, 0x0, 0x0, 0xdf, 0xff, 0xb9,
    0xff, 0xff, 0x0, 0x0, 0x0, 0x0, 0x0, 0xd,
    0xff, 0xfb, 0x8f, 0xff, 0xf0, 0x0, 0x0, 0x0,
    0x0, 0x0, 0xef, 0xff, 0xa6, 0xff, 0xff, 0x30,
    0x0, 0x0, 0x0, 0x0, 0x1f, 0xff, 0xf8, 0x3f,
    0xff, 0xf8, 0x0, 0x0, 0x0, 0x0, 0x6, 0xff,
    0xff, 0x50, 0xef, 0xff, 0xf1, 0x0, 0x0, 0x0,
    0x0, 0xef, 0xff, 0xf0, 0x7, 0xff, 0xff, 0xc1,
    0x0, 0x0, 0x0, 0xbf, 0xff, 0xf9, 0x0, 0xe,
    0xff, 0xff, 0xe7, 0x31, 0x26, 0xdf, 0xff, 0xff,
    0x10, 0x0, 0x3f, 0xff, 0xff, 0xff, 0xff, 0xff,
    0xff, 0xff, 0x50, 0x0, 0x0, 0x4f, 0xff, 0xff,
    0xff, 0xff, 0xff, 0xff, 0x60, 0x0, 0x0, 0x0,
    0x2c, 0xff, 0xff, 0xff, 0xff, 0xfd, 0x30, 0x0,
    0x0, 0x0, 0x0, 0x3, 0x9c, 0xff, 0xfd, 0x94,
    0x0, 0x0, 0x0,

    /* U+00D5 "Õ" */
    0x0, 0x0, 0x0, 0x2c, 0xfd, 0x60, 0xd, 0xf9,
    0x0, 0x0, 0x0, 0x0, 0x0, 0xd, 0xff, 0xff,
    0xca, 0xff, 0x60, 0x0, 0x0, 0x0, 0x0, 0x4,
    0xff, 0xbc, 0xff, 0xff, 0xe1, 0x0, 0x0, 0x0,
    0x0, 0x0, 0x7f, 0xf0, 0x5, 0xcf, 0xd3, 0x0,
    0x0, 0x0, 0x0, 0x0, 0x0, 0x0, 0x0, 0x0,
    0x0, 0x0, 0x0, 0x0, 0x0, 0x0, 0x0, 0x0,
    0x0, 0x0, 0x0, 0x0, 0x0, 0x0, 0x0, 0x0,
    0x0, 0x0, 0x0, 0x0, 0x0, 0x0, 0x0, 0x0,
    0x0, 0x0, 0x0, 0x0, 0x3, 0x9c, 0xef, 0xfd,
    0x94, 0x0, 0x0, 0x0, 0x0, 0x0, 0x2c, 0xff,
    0xff, 0xff, 0xff, 0xfc, 0x30, 0x0, 0x0, 0x0,
    0x4f, 0xff, 0xff, 0xff, 0xff, 0xff, 0xff, 0x60,
    0x0, 0x0, 0x3f, 0xff, 0xff, 0xff, 0xff, 0xff,
    0xff, 0xff, 0x50, 0x0, 0xe, 0xff, 0xff, 0xe7,
    0x31, 0x36, 0xdf, 0xff, 0xff, 0x10, 0x7, 0xff,
    0xff, 0xc1, 0x0, 0x0, 0x0, 0xbf, 0xff, 0xf9,
    0x0, 0xef, 0xff, 0xf1, 0x0, 0x0, 0x0, 0x0,
    0xef, 0xff, 0xf0, 0x3f, 0xff, 0xf8, 0x0, 0x0,
    0x0, 0x0, 0x6, 0xff, 0xff, 0x46, 0xff, 0xff,
    0x30, 0x0, 0x0, 0x0, 0x0, 0x1f, 0xff, 0xf8,
    0x8f, 0xff, 0xf0, 0x0, 0x0, 0x0, 0x0, 0x0,
    0xef, 0xff, 0xa9, 0xff, 0xff, 0x0, 0x0, 0x0,
    0x0, 0x0, 0xd, 0xff, 0xfb, 0x9f, 0xff, 0xf0,
    0x0, 0x0, 0x0, 0x0, 0x0, 0xdf, 0xff, 0xb8,
    0xff, 0xff, 0x0, 0x0, 0x0, 0x0, 0x0, 0xe,
    0xff, 0xfa, 0x6f, 0xff, 0xf3, 0x0, 0x0, 0x0,
    0x0, 0x1, 0xff, 0xff, 0x83, 0xff, 0xff, 0x80,
    0x0, 0x0, 0x0, 0x0, 0x6f, 0xff, 0xf5, 0xe,
    0xff, 0xff, 0x10, 0x0, 0x0, 0x0, 0xe, 0xff,
    0xff, 0x0, 0x7f, 0xff, 0xfc, 0x10, 0x0, 0x0,
    0xb, 0xff, 0xff, 0x90, 0x0, 0xef, 0xff, 0xfe,
    0x73, 0x12, 0x6d, 0xff, 0xff, 0xf1, 0x0, 0x3,
    0xff, 0xff, 0xff, 0xff, 0xff, 0xff, 0xff, 0xf5,
    0x0, 0x0, 0x4, 0xff, 0xff, 0xff, 0xff, 0xff,
    0xff, 0xf6, 0x0, 0x0, 0x0, 0x2, 0xcf, 0xff,
    0xff, 0xff, 0xff, 0xd3, 0x0, 0x0, 0x0, 0x0,
    0x0, 0x39, 0xcf, 0xff, 0xd9, 0x40, 0x0, 0x0,
    0x0,

    /* U+00D6 "Ö" */
    0x0, 0x0, 0x0, 0x25, 0x10, 0x0, 0x4, 0x30,
    0x0, 0x0, 0x0, 0x0, 0x0, 0x6f, 0xfe, 0x10,
    0xd, 0xff, 0x70, 0x0, 0x0, 0x0, 0x0, 0xc,
    0xff, 0xf6, 0x5, 0xff, 0xfe, 0x0, 0x0, 0x0,
    0x0, 0x0, 0xbf, 0xff, 0x50, 0x3f, 0xff, 0xd0,
    0x0, 0x0, 0x0, 0x0, 0x2, 0xcf, 0x90, 0x0,
    0x8e, 0xd3, 0x0, 0x0, 0x0, 0x0, 0x0, 0x0,
    0x0, 0x0, 0x0, 0x0, 0x0, 0x0, 0x0, 0x0,
    0x0, 0x0, 0x0, 0x0, 0x0, 0x0, 0x0, 0x0,
    0x0, 0x0, 0x0, 0x0, 0x0, 0x0, 0x0, 0x0,
    0x0, 0x0, 0x0, 0x0, 0x0, 0x0, 0x0, 0x39,
    0xce, 0xff, 0xd9, 0x40, 0x0, 0x0, 0x0, 0x0,
    0x2, 0xcf, 0xff, 0xff, 0xff, 0xff, 0xc3, 0x0,
    0x0, 0x0, 0x4, 0xff, 0xff, 0xff, 0xff, 0xff,
    0xff, 0xf6, 0x0, 0x0, 0x3, 0xff, 0xff, 0xff,
    0xff, 0xff, 0xff, 0xff, 0xf5, 0x0, 0x0, 0xef,
    0xff, 0xfe, 0x73, 0x13, 0x6d, 0xff, 0xff, 0xf1,
    0x0, 0x7f, 0xff, 0xfc, 0x10, 0x0, 0x0, 0xb,
    0xff, 0xff, 0x90, 0xe, 0xff, 0xff, 0x10, 0x0,
    0x0, 0x0, 0xe, 0xff, 0xff, 0x3, 0xff, 0xff,
    0x80, 0x0, 0x0, 0x0, 0x0, 0x6f, 0xff, 0xf4,
    0x6f, 0xff, 0xf3, 0x0, 0x0, 0x0, 0x0, 0x1,
    0xff, 0xff, 0x88, 0xff, 0xff, 0x0, 0x0, 0x0,
    0x0, 0x0, 0xe, 0xff, 0xfa, 0x9f, 0xff, 0xf0,
    0x0, 0x0, 0x0, 0x0, 0x0, 0xdf, 0xff, 0xb9,
    0xff, 0xff, 0x0, 0x0, 0x0, 0x0, 0x0, 0xd,
    0xff, 0xfb, 0x8f, 0xff, 0xf0, 0x0, 0x0, 0x0,
    0x0, 0x0, 0xef, 0xff, 0xa6, 0xff, 0xff, 0x30,
    0x0, 0x0, 0x0, 0x0, 0x1f, 0xff, 0xf8, 0x3f,
    0xff, 0xf8, 0x0, 0x0, 0x0, 0x0, 0x6, 0xff,
    0xff, 0x50, 0xef, 0xff, 0xf1, 0x0, 0x0, 0x0,
    0x0, 0xef, 0xff, 0xf0, 0x7, 0xff, 0xff, 0xc1,
    0x0, 0x0, 0x0, 0xbf, 0xff, 0xf9, 0x0, 0xe,
    0xff, 0xff, 0xe7, 0x31, 0x26, 0xdf, 0xff, 0xff,
    0x10, 0x0, 0x3f, 0xff, 0xff, 0xff, 0xff, 0xff,
    0xff, 0xff, 0x50, 0x0, 0x0, 0x4f, 0xff, 0xff,
    0xff, 0xff, 0xff, 0xff, 0x60, 0x0, 0x0, 0x0,
    0x2c, 0xff, 0xff, 0xff, 0xff, 0xfd, 0x30, 0x0,
    0x0, 0x0, 0x0, 0x3, 0x9c, 0xff, 0xfd, 0x94,
    0x0, 0x0, 0x0,

    /* U+00D7 "×" */
    0x0, 0x28, 0x0, 0x0, 0x0, 0x0, 0x37, 0x0,
    0x2, 0xef, 0x80, 0x0, 0x0, 0x3, 0xef, 0x70,
    0x2e, 0xff, 0xf8, 0x0, 0x0, 0x2e, 0xff, 0xf7,
    0x1e, 0xff, 0xff, 0x70, 0x2, 0xef, 0xff, 0xf6,
    0x2, 0xef, 0xff, 0xf7, 0x2e, 0xff, 0xff, 0x60,
    0x0, 0x2e, 0xff, 0xff, 0xef, 0xff, 0xf7, 0x0,
    0x0, 0x2, 0xef, 0xff, 0xff, 0xff, 0x70, 0x0,
    0x0, 0x0, 0x2e, 0xff, 0xff, 0xf8, 0x0, 0x0,
    0x0, 0x0, 0x1d, 0xff, 0xff, 0xf5, 0x0, 0x0,
    0x0, 0x1, 0xdf, 0xff, 0xff, 0xff, 0x50, 0x0,
    0x0, 0x1c, 0xff, 0xff, 0xff, 0xff, 0xf4, 0x0,
    0x0, 0xcf, 0xff, 0xf9, 0x3f, 0xff, 0xff, 0x40,
    0xc, 0xff, 0xff, 0x90, 0x3, 0xff, 0xff, 0xf4,
    0x3f, 0xff, 0xfa, 0x0, 0x0, 0x4f, 0xff, 0xf9,
    0x4, 0xff, 0xa0, 0x0, 0x0, 0x4, 0xff, 0x90,
    0x0, 0x4a, 0x0, 0x0, 0x0, 0x0, 0x49, 0x0,

    /* U+00D8 "Ø" */
    0x0, 0x0, 0x0, 0x0, 0x0, 0x0, 0x0, 0x0,
    0x6, 0x0, 0x0, 0x0, 0x0, 0x3, 0x9c, 0xef,
    0xfc, 0x93, 0x7, 0xfc, 0x10, 0x0, 0x0, 0x2c,
    0xff, 0xff, 0xff, 0xff, 0xfc, 0xff, 0xe1, 0x0,
    0x0, 0x5f, 0xff, 0xff, 0xff, 0xff, 0xff, 0xff,
    0xf5, 0x0, 0x0, 0x4f, 0xff, 0xff, 0xff, 0xff,
    0xff, 0xff, 0xff, 0x30, 0x0, 0xe, 0xff, 0xff,
    0xe7, 0x31, 0x36, 0xef, 0xff, 0xfd, 0x0, 0x8,
    0xff, 0xff, 0xc1, 0x0, 0x0, 0x1e, 0xff, 0xff,
    0xf8, 0x0, 0xef, 0xff, 0xf1, 0x0, 0x0, 0xb,
    0xff, 0xff, 0xff, 0xf0, 0x3f, 0xff, 0xf8, 0x0,
    0x0, 0x7, 0xff, 0xc6, 0xff, 0xff, 0x46, 0xff,
    0xff, 0x30, 0x0, 0x3, 0xff, 0xe1, 0x1f, 0xff,
    0xf7, 0x8f, 0xff, 0xf0, 0x0, 0x0, 0xdf, 0xf4,
    0x0, 0xef, 0xff, 0xa9, 0xff, 0xff, 0x0, 0x0,
    0xaf, 0xf8, 0x0, 0xd, 0xff, 0xfb, 0x9f, 0xff,
    0xf0, 0x0, 0x6f, 0xfc, 0x0, 0x0, 0xdf, 0xff,
    0xb8, 0xff, 0xff, 0x0, 0x2f, 0xff, 0x20, 0x0,
    0xe, 0xff, 0xfa, 0x6f, 0xff, 0xf3, 0xd, 0xff,
    0x50, 0x0, 0x1, 0xff, 0xff, 0x82, 0xff, 0xff,
    0x89, 0xff, 0x90, 0x0, 0x0, 0x6f, 0xff, 0xf5,
    0xd, 0xff, 0xff, 0xff, 0xd0, 0x0, 0x0, 0xe,
    0xff, 0xff, 0x0, 0x6f, 0xff, 0xff, 0xf2, 0x0,
    0x0, 0xb, 0xff, 0xff, 0x90, 0x0, 0xdf, 0xff,
    0xfe, 0x73, 0x12, 0x6d, 0xff, 0xff, 0xf1, 0x0,
    0x2, 0xff, 0xff, 0xff, 0xff, 0xff, 0xff, 0xff,
    0xf5, 0x0, 0x0, 0x3f, 0xff, 0xff, 0xff, 0xff,
    0xff, 0xff, 0xf6, 0x0, 0x0, 0xd, 0xff, 0xcf,
    0xff, 0xff, 0xff, 0xff, 0xd3, 0x0, 0x0, 0x1,
    0xbf, 0xa0, 0x38, 0xce, 0xff, 0xd9, 0x40, 0x0,
    0x0, 0x0, 0x0, 0x60, 0x0, 0x0, 0x0, 0x0,
    0x0, 0x0, 0x0, 0x0,

    /* U+00D9 "Ù" */
    0x0, 0x0, 0x3, 0xaa, 0xa7, 0x0, 0x0, 0x0,
    0x0, 0x0, 0x0, 0x0, 0xc, 0xff, 0xf1, 0x0,
    0x0, 0x0, 0x0, 0x0, 0x0, 0x0, 0x2f, 0xff,
    0x70, 0x0, 0x0, 0x0, 0x0, 0x0, 0x0, 0x0,
    0x8f, 0xfe, 0x0, 0x0, 0x0, 0x0, 0x0, 0x0,
    0x0, 0x0, 0xdf, 0xf5, 0x0, 0x0, 0x0, 0x0,
    0x0, 0x0, 0x0, 0x0, 0x0, 0x0, 0x0, 0x0,
    0x0, 0x0, 0x0, 0x0, 0x0, 0x0, 0x0, 0x0,
    0x0, 0x0, 0x0, 0x0, 0x0, 0x0, 0x0, 0x0,
    0x0, 0x0, 0x0, 0x0, 0xf, 0xff, 0xf7, 0x0,
    0x0, 0x0, 0x0, 0x7f, 0xff, 0xf0, 0xff, 0xff,
    0x70, 0x0, 0x0, 0x0, 0x7, 0xff, 0xff, 0xf,
    0xff, 0xf7, 0x0, 0x0, 0x0, 0x0, 0x7f, 0xff,
    0xf0, 0xff, 0xff, 0x70, 0x0, 0x0, 0x0, 0x7,
    0xff, 0xff, 0xf, 0xff, 0xf7, 0x0, 0x0, 0x0,
    0x0, 0x7f, 0xff, 0xf0, 0xff, 0xff, 0x70, 0x0,
    0x0, 0x0, 0x7, 0xff, 0xff, 0xf, 0xff, 0xf7,
    0x0, 0x0, 0x0, 0x0, 0x7f, 0xff, 0xf0, 0xff,
    0xff, 0x70, 0x0, 0x0, 0x0, 0x7, 0xff, 0xff,
    0xf, 0xff, 0xf7, 0x0, 0x0, 0x0, 0x0, 0x7f,
    0xff, 0xf0, 0xff, 0xff, 0x70, 0x0, 0x0, 0x0,
    0x7, 0xff, 0xff, 0xf, 0xff, 0xf7, 0x0, 0x0,
    0x0, 0x0, 0x7f, 0xff, 0xf0, 0xff, 0xff, 0x70,
    0x0, 0x0, 0x0, 0x7, 0xff, 0xff, 0xf, 0xff,
    0xf7, 0x0, 0x0, 0x0, 0x0, 0x7f, 0xff, 0xf0,
    0xff, 0xff, 0x70, 0x0, 0x0, 0x0, 0x7, 0xff,
    0xff, 0xf, 0xff, 0xf8, 0x0, 0x0, 0x0, 0x0,
    0x9f, 0xff, 0xf0, 0xef, 0xff, 0xd0, 0x0, 0x0,
    0x0, 0xe, 0xff, 0xfd, 0xa, 0xff, 0xff, 0x80,
    0x0, 0x0, 0x8, 0xff, 0xff, 0xa0, 0x4f, 0xff,
    0xff, 0xb4, 0x11, 0x4b, 0xff, 0xff, 0xf3, 0x0,
    0xaf, 0xff, 0xff, 0xff, 0xff, 0xff, 0xff, 0xf9,
    0x0, 0x0, 0xcf, 0xff, 0xff, 0xff, 0xff, 0xff,
    0xfb, 0x0, 0x0, 0x0, 0x8f, 0xff, 0xff, 0xff,
    0xff, 0xf7, 0x0, 0x0, 0x0, 0x0, 0x16, 0xbd,
    0xff, 0xdb, 0x61, 0x0, 0x0,

    /* U+00DA "Ú" */
    0x0, 0x0, 0x0, 0x0, 0x0, 0x7a, 0xaa, 0x30,
    0x0, 0x0, 0x0, 0x0, 0x0, 0x0, 0x1f, 0xff,
    0xb0, 0x0, 0x0, 0x0, 0x0, 0x0, 0x0, 0x8,
    0xff, 0xf2, 0x0, 0x0, 0x0, 0x0, 0x0, 0x0,
    0x0, 0xef, 0xf7, 0x0, 0x0, 0x0, 0x0, 0x0,
    0x0, 0x0, 0x6f, 0xfc, 0x0, 0x0, 0x0, 0x0,
    0x0, 0x0, 0x0, 0x0, 0x0, 0x0, 0x0, 0x0,
    0x0, 0x0, 0x0, 0x0, 0x0, 0x0, 0x0, 0x0,
    0x0, 0x0, 0x0, 0x0, 0x0, 0x0, 0x0, 0x0,
    0x0, 0x0, 0x0, 0x0, 0xf, 0xff, 0xf7, 0x0,
    0x0, 0x0, 0x0, 0x7f, 0xff, 0xf0, 0xff, 0xff,
    0x70, 0x0, 0x0, 0x0, 0x7, 0xff, 0xff, 0xf,
    0xff, 0xf7, 0x0, 0x0, 0x0, 0x0, 0x7f, 0xff,
    0xf0, 0xff, 0xff, 0x70, 0x0, 0x0, 0x0, 0x7,
    0xff, 0xff, 0xf, 0xff, 0xf7, 0x0, 0x0, 0x0,
    0x0, 0x7f, 0xff, 0xf0, 0xff, 0xff, 0x70, 0x0,
    0x0, 0x0, 0x7, 0xff, 0xff, 0xf, 0xff, 0xf7,
    0x0, 0x0, 0x0, 0x0, 0x7f, 0xff, 0xf0, 0xff,
    0xff, 0x70, 0x0, 0x0, 0x0, 0x7, 0xff, 0xff,
    0xf, 0xff, 0xf7, 0x0, 0x0, 0x0, 0x0, 0x7f,
    0xff, 0xf0, 0xff, 0xff, 0x70, 0x0, 0x0, 0x0,
    0x7, 0xff, 0xff, 0xf, 0xff, 0xf7, 0x0, 0x0,
    0x0, 0x0, 0x7f, 0xff, 0xf0, 0xff, 0xff, 0x70,
    0x0, 0x0, 0x0, 0x7, 0xff, 0xff, 0xf, 0xff,
    0xf7, 0x0, 0x0, 0x0, 0x0, 0x7f, 0xff, 0xf0,
    0xff, 0xff, 0x70, 0x0, 0x0, 0x0, 0x7, 0xff,
    0xff, 0xf, 0xff, 0xf8, 0x0, 0x0, 0x0, 0x0,
    0x9f, 0xff, 0xf0, 0xef, 0xff, 0xd0, 0x0, 0x0,
    0x0, 0xe, 0xff, 0xfd, 0xa, 0xff, 0xff, 0x80,
    0x0, 0x0, 0x8, 0xff, 0xff, 0xa0, 0x4f, 0xff,
    0xff, 0xb4, 0x11, 0x4b, 0xff, 0xff, 0xf3, 0x0,
    0xaf, 0xff, 0xff, 0xff, 0xff, 0xff, 0xff, 0xf9,
    0x0, 0x0, 0xcf, 0xff, 0xff, 0xff, 0xff, 0xff,
    0xfb, 0x0, 0x0, 0x0, 0x8f, 0xff, 0xff, 0xff,
    0xff, 0xf7, 0x0, 0x0, 0x0, 0x0, 0x16, 0xbd,
    0xff, 0xdb, 0x61, 0x0, 0x0,

    /* U+00DB "Û" */
    0x0, 0x0, 0x0, 0x0, 0x78, 0x86, 0x0, 0x0,
    0x0, 0x0, 0x0, 0x0, 0x0, 0xaf, 0xff, 0xf9,
    0x0, 0x0, 0x0, 0x0, 0x0, 0x0, 0xaf, 0xfd,
    0xef, 0xf8, 0x0, 0x0, 0x0, 0x0, 0x0, 0x9f,
    0xff, 0x23, 0xff, 0xf7, 0x0, 0x0, 0x0, 0x0,
    0x8f, 0xff, 0x40, 0x5, 0xff, 0xf6, 0x0, 0x0,
    0x0, 0x0, 0x0, 0x0, 0x0, 0x0, 0x0, 0x0,
    0x0, 0x0, 0x0, 0x0, 0x0, 0x0, 0x0, 0x0,
    0x0, 0x0, 0x0, 0x0, 0x0, 0x0, 0x0, 0x0,
    0x0, 0x0, 0x0, 0x0, 0xf, 0xff, 0xf7, 0x0,
    0x0, 0x0, 0x0, 0x7f, 0xff, 0xf0, 0xff, 0xff,
    0x70, 0x0, 0x0, 0x0, 0x7, 0xff, 0xff, 0xf,
    0xff, 0xf7, 0x0, 0x0, 0x0, 0x0, 0x7f, 0xff,
    0xf0, 0xff, 0xff, 0x70, 0x0, 0x0, 0x0, 0x7,
    0xff, 0xff, 0xf, 0xff, 0xf7, 0x0, 0x0, 0x0,
    0x0, 0x7f, 0xff, 0xf0, 0xff, 0xff, 0x70, 0x0,
    0x0, 0x0, 0x7, 0xff, 0xff, 0xf, 0xff, 0xf7,
    0x0, 0x0, 0x0, 0x0, 0x7f, 0xff, 0xf0, 0xff,
    0xff, 0x70, 0x0, 0x0, 0x0, 0x7, 0xff, 0xff,
    0xf, 0xff, 0xf7, 0x0, 0x0, 0x0, 0x0, 0x7f,
    0xff, 0xf0, 0xff, 0xff, 0x70, 0x0, 0x0, 0x0,
    0x7, 0xff, 0xff, 0xf, 0xff, 0xf7, 0x0, 0x0,
    0x0, 0x0, 0x7f, 0xff, 0xf0, 0xff, 0xff, 0x70,
    0x0, 0x0, 0x0, 0x7, 0xff, 0xff, 0xf, 0xff,
    0xf7, 0x0, 0x0, 0x0, 0x0, 0x7f, 0xff, 0xf0,
    0xff, 0xff, 0x70, 0x0, 0x0, 0x0, 0x7, 0xff,
    0xff, 0xf, 0xff, 0xf8, 0x0, 0x0, 0x0, 0x0,
    0x9f, 0xff, 0xf0, 0xef, 0xff, 0xd0, 0x0, 0x0,
    0x0, 0xe, 0xff, 0xfd, 0xa, 0xff, 0xff, 0x80,
    0x0, 0x0, 0x8, 0xff, 0xff, 0xa0, 0x4f, 0xff,
    0xff, 0xb4, 0x11, 0x4b, 0xff, 0xff, 0xf3, 0x0,
    0xaf, 0xff, 0xff, 0xff, 0xff, 0xff, 0xff, 0xf9,
    0x0, 0x0, 0xcf, 0xff, 0xff, 0xff, 0xff, 0xff,
    0xfb, 0x0, 0x0, 0x0, 0x8f, 0xff, 0xff, 0xff,
    0xff, 0xf7, 0x0, 0x0, 0x0, 0x0, 0x16, 0xbd,
    0xff, 0xdb, 0x61, 0x0, 0x0,

    /* U+00DC "Ü" */
    0x0, 0x0, 0x0, 0x53, 0x0, 0x0, 0x34, 0x0,
    0x0, 0x0, 0x0, 0x1, 0xef, 0xf6, 0x0, 0x7f,
    0xfd, 0x0, 0x0, 0x0, 0x0, 0x6f, 0xff, 0xd0,
    0xe, 0xff, 0xf5, 0x0, 0x0, 0x0, 0x4, 0xff,
    0xfc, 0x0, 0xcf, 0xff, 0x40, 0x0, 0x0, 0x0,
    0x9, 0xfc, 0x20, 0x3, 0xdf, 0x80, 0x0, 0x0,
    0x0, 0x0, 0x0, 0x0, 0x0, 0x0, 0x0, 0x0,
    0x0, 0x0, 0x0, 0x0, 0x0, 0x0, 0x0, 0x0,
    0x0, 0x0, 0x0, 0x0, 0x0, 0x0, 0x0, 0x0,
    0x0, 0x0, 0x0, 0x0, 0xf, 0xff, 0xf7, 0x0,
    0x0, 0x0, 0x0, 0x7f, 0xff, 0xf0, 0xff, 0xff,
    0x70, 0x0, 0x0, 0x0, 0x7, 0xff, 0xff, 0xf,
    0xff, 0xf7, 0x0, 0x0, 0x0, 0x0, 0x7f, 0xff,
    0xf0, 0xff, 0xff, 0x70, 0x0, 0x0, 0x0, 0x7,
    0xff, 0xff, 0xf, 0xff, 0xf7, 0x0, 0x0, 0x0,
    0x0, 0x7f, 0xff, 0xf0, 0xff, 0xff, 0x70, 0x0,
    0x0, 0x0, 0x7, 0xff, 0xff, 0xf, 0xff, 0xf7,
    0x0, 0x0, 0x0, 0x0, 0x7f, 0xff, 0xf0, 0xff,
    0xff, 0x70, 0x0, 0x0, 0x0, 0x7, 0xff, 0xff,
    0xf, 0xff, 0xf7, 0x0, 0x0, 0x0, 0x0, 0x7f,
    0xff, 0xf0, 0xff, 0xff, 0x70, 0x0, 0x0, 0x0,
    0x7, 0xff, 0xff, 0xf, 0xff, 0xf7, 0x0, 0x0,
    0x0, 0x0, 0x7f, 0xff, 0xf0, 0xff, 0xff, 0x70,
    0x0, 0x0, 0x0, 0x7, 0xff, 0xff, 0xf, 0xff,
    0xf7, 0x0, 0x0, 0x0, 0x0, 0x7f, 0xff, 0xf0,
    0xff, 0xff, 0x70, 0x0, 0x0, 0x0, 0x7, 0xff,
    0xff, 0xf, 0xff, 0xf8, 0x0, 0x0, 0x0, 0x0,
    0x9f, 0xff, 0xf0, 0xef, 0xff, 0xd0, 0x0, 0x0,
    0x0, 0xe, 0xff, 0xfd, 0xa, 0xff, 0xff, 0x80,
    0x0, 0x0, 0x8, 0xff, 0xff, 0xa0, 0x4f, 0xff,
    0xff, 0xb4, 0x11, 0x4b, 0xff, 0xff, 0xf3, 0x0,
    0xaf, 0xff, 0xff, 0xff, 0xff, 0xff, 0xff, 0xf9,
    0x0, 0x0, 0xcf, 0xff, 0xff, 0xff, 0xff, 0xff,
    0xfb, 0x0, 0x0, 0x0, 0x8f, 0xff, 0xff, 0xff,
    0xff, 0xf7, 0x0, 0x0, 0x0, 0x0, 0x16, 0xbd,
    0xff, 0xdb, 0x61, 0x0, 0x0,

    /* U+00DD "Ý" */
    0x0, 0x0, 0x0, 0x0, 0x0, 0xc, 0xff, 0xf2,
    0x0, 0x0, 0x0, 0x0, 0x0, 0x0, 0x0, 0x0,
    0x3f, 0xff, 0x80, 0x0, 0x0, 0x0, 0x0, 0x0,
    0x0, 0x0, 0x0, 0xaf, 0xfd, 0x0, 0x0, 0x0,
    0x0, 0x0, 0x0, 0x0, 0x0, 0x2, 0xff, 0xf3,
    0x0, 0x0, 0x0, 0x0, 0x0, 0x0, 0x0, 0x0,
    0x5, 0xaa, 0x70, 0x0, 0x0, 0x0, 0x0, 0x0,
    0x0, 0x0, 0x0, 0x0, 0x0, 0x0, 0x0, 0x0,
    0x0, 0x0, 0x0, 0x0, 0x0, 0x0, 0x0, 0x0,
    0x0, 0x0, 0x0, 0x0, 0x0, 0x1e, 0xff, 0xff,
    0x30, 0x0, 0x0, 0x0, 0x4, 0xff, 0xff, 0xe0,
    0x6, 0xff, 0xff, 0xc0, 0x0, 0x0, 0x0, 0xc,
    0xff, 0xff, 0x50, 0x0, 0xcf, 0xff, 0xf4, 0x0,
    0x0, 0x0, 0x4f, 0xff, 0xfc, 0x0, 0x0, 0x3f,
    0xff, 0xfd, 0x0, 0x0, 0x0, 0xdf, 0xff, 0xf3,
    0x0, 0x0, 0xa, 0xff, 0xff, 0x60, 0x0, 0x5,
    0xff, 0xff, 0x90, 0x0, 0x0, 0x1, 0xff, 0xff,
    0xe0, 0x0, 0xd, 0xff, 0xff, 0x10, 0x0, 0x0,
    0x0, 0x7f, 0xff, 0xf7, 0x0, 0x6f, 0xff, 0xf7,
    0x0, 0x0, 0x0, 0x0, 0xd, 0xff, 0xfe, 0x0,
    0xdf, 0xff, 0xd0, 0x0, 0x0, 0x0, 0x0, 0x4,
    0xff, 0xff, 0x75, 0xff, 0xff, 0x40, 0x0, 0x0,
    0x0, 0x0, 0x0, 0xbf, 0xff, 0xec, 0xff, 0xfb,
    0x0, 0x0, 0x0, 0x0, 0x0, 0x0, 0x2f, 0xff,
    0xff, 0xff, 0xf2, 0x0, 0x0, 0x0, 0x0, 0x0,
    0x0, 0x8, 0xff, 0xff, 0xff, 0x80, 0x0, 0x0,
    0x0, 0x0, 0x0, 0x0, 0x0, 0xef, 0xff, 0xfe,
    0x0, 0x0, 0x0, 0x0, 0x0, 0x0, 0x0, 0x0,
    0x5f, 0xff, 0xf6, 0x0, 0x0, 0x0, 0x0, 0x0,
    0x0, 0x0, 0x0, 0x3f, 0xff, 0xf4, 0x0, 0x0,
    0x0, 0x0, 0x0, 0x0, 0x0, 0x0, 0x3f, 0xff,
    0xf4, 0x0, 0x0, 0x0, 0x0, 0x0, 0x0, 0x0,
    0x0, 0x3f, 0xff, 0xf4, 0x0, 0x0, 0x0, 0x0,
    0x0, 0x0, 0x0, 0x0, 0x3f, 0xff, 0xf4, 0x0,
    0x0, 0x0, 0x0, 0x0, 0x0, 0x0, 0x0, 0x3f,
    0xff, 0xf4, 0x0, 0x0, 0x0, 0x0, 0x0, 0x0,
    0x0, 0x0, 0x3f, 0xff, 0xf4, 0x0, 0x0, 0x0,
    0x0, 0x0, 0x0, 0x0, 0x0, 0x3f, 0xff, 0xf4,
    0x0, 0x0, 0x0, 0x0, 0x0, 0x0, 0x0, 0x0,
    0x3f, 0xff, 0xf4, 0x0, 0x0, 0x0, 0x0,

    /* U+00DE "Þ" */
    0x1f, 0xff, 0xf6, 0x0, 0x0, 0x0, 0x0, 0x0,
    0x1, 0xff, 0xff, 0x60, 0x0, 0x0, 0x0, 0x0,
    0x0, 0x1f, 0xff, 0xf6, 0x0, 0x0, 0x0, 0x0,
    0x0, 0x1, 0xff, 0xff, 0x60, 0x0, 0x0, 0x0,
    0x0, 0x0, 0x1f, 0xff, 0xff, 0xff, 0xfe, 0xda,
    0x40, 0x0, 0x1, 0xff, 0xff, 0xff, 0xff, 0xff,
    0xff, 0xc3, 0x0, 0x1f, 0xff, 0xff, 0xff, 0xff,
    0xff, 0xff, 0xf2, 0x1, 0xff, 0xff, 0xc9, 0x99,
    0xae, 0xff, 0xff, 0xd0, 0x1f, 0xff, 0xf6, 0x0,
    0x0, 0x8, 0xff, 0xff, 0x41, 0xff, 0xff, 0x60,
    0x0, 0x0, 0xd, 0xff, 0xf9, 0x1f, 0xff, 0xf6,
    0x0, 0x0, 0x0, 0x8f, 0xff, 0xb1, 0xff, 0xff,
    0x60, 0x0, 0x0, 0x9, 0xff, 0xfa, 0x1f, 0xff,
    0xf6, 0x0, 0x0, 0x1, 0xef, 0xff, 0x71, 0xff,
    0xff, 0x60, 0x0, 0x15, 0xdf, 0xff, 0xf2, 0x1f,
    0xff, 0xff, 0xff, 0xff, 0xff, 0xff, 0xf9, 0x1,
    0xff, 0xff, 0xff, 0xff, 0xff, 0xff, 0xfb, 0x0,
    0x1f, 0xff, 0xff, 0xff, 0xff, 0xff, 0xd6, 0x0,
    0x1, 0xff, 0xff, 0xb8, 0x88, 0x76, 0x30, 0x0,
    0x0, 0x1f, 0xff, 0xf6, 0x0, 0x0, 0x0, 0x0,
    0x0, 0x1, 0xff, 0xff, 0x60, 0x0, 0x0, 0x0,
    0x0, 0x0, 0x1f, 0xff, 0xf6, 0x0, 0x0, 0x0,
    0x0, 0x0, 0x1, 0xff, 0xff, 0x60, 0x0, 0x0,
    0x0, 0x0, 0x0,

    /* U+00DF "ß" */
    0x0, 0x0, 0x39, 0xde, 0xfe, 0xc8, 0x30, 0x0,
    0x0, 0x0, 0x1a, 0xff, 0xff, 0xff, 0xff, 0xfb,
    0x10, 0x0, 0x0, 0xcf, 0xff, 0xff, 0xff, 0xff,
    0xff, 0xd1, 0x0, 0x6, 0xff, 0xff, 0xff, 0xdf,
    0xff, 0xff, 0xf9, 0x0, 0xc, 0xff, 0xff, 0x70,
    0x0, 0x6f, 0xff, 0xff, 0x0, 0xf, 0xff, 0xfa,
    0x0, 0x0, 0xa, 0xff, 0xff, 0x10, 0xf, 0xff,
    0xf6, 0x0, 0x0, 0x7, 0xff, 0xff, 0x0, 0xf,
    0xff, 0xf6, 0x0, 0x0, 0xa, 0xff, 0xfb, 0x0,
    0xf, 0xff, 0xf6, 0x0, 0x1, 0x8f, 0xff, 0xf3,
    0x0, 0xf, 0xff, 0xf6, 0x2, 0xff, 0xff, 0xfd,
    0x40, 0x0, 0xf, 0xff, 0xf6, 0x2, 0xff, 0xff,
    0xf9, 0x40, 0x0, 0xf, 0xff, 0xf6, 0x2, 0xff,
    0xff, 0xff, 0xfb, 0x0, 0xf, 0xff, 0xf6, 0x1,
    0x88, 0xae, 0xff, 0xff, 0x90, 0xf, 0xff, 0xf6,
    0x0, 0x0, 0x1, 0xbf, 0xff, 0xf2, 0xf, 0xff,
    0xf6, 0x0, 0x0, 0x0, 0x1f, 0xff, 0xf6, 0xf,
    0xff, 0xf6, 0x0, 0x0, 0x0, 0xf, 0xff, 0xf8,
    0xf, 0xff, 0xf6, 0x0, 0x0, 0x0, 0x1f, 0xff,
    0xf7, 0xf, 0xff, 0xf6, 0x0, 0x0, 0x1, 0xcf,
    0xff, 0xf5, 0xf, 0xff, 0xf6, 0x2, 0xbb, 0xcf,
    0xff, 0xff, 0xe0, 0xf, 0xff, 0xf6, 0x4, 0xff,
    0xff, 0xff, 0xff, 0x60, 0xf, 0xff, 0xf6, 0x4,
    0xff, 0xff, 0xff, 0xf7, 0x0, 0xf, 0xff, 0xf6,
    0x4, 0xff, 0xfe, 0xc8, 0x20, 0x0,

    /* U+00E0 "à" */
    0x0, 0x9, 0xff, 0xf6, 0x0, 0x0, 0x0, 0x0,
    0x0, 0xe, 0xff, 0xd0, 0x0, 0x0, 0x0, 0x0,
    0x0, 0x4f, 0xff, 0x40, 0x0, 0x0, 0x0, 0x0,
    0x0, 0xaf, 0xfb, 0x0, 0x0, 0x0, 0x0, 0x0,
    0x1, 0xaa, 0xa0, 0x0, 0x0, 0x0, 0x0, 0x0,
    0x0, 0x0, 0x0, 0x0, 0x0, 0x0, 0x0, 0x0,
    0x0, 0x0, 0x0, 0x0, 0x0, 0x0, 0x18, 0xce,
    0xff, 0xc8, 0x20, 0x0, 0x0, 0x6f, 0xff, 0xff,
    0xff, 0xff, 0x80, 0x0, 0x7f, 0xff, 0xff, 0xff,
    0xff, 0xff, 0x80, 0x1f, 0xff, 0xfe, 0x75, 0x7e,
    0xff, 0xff, 0x14, 0xbe, 0xfe, 0x10, 0x0, 0x2f,
    0xff, 0xf6, 0x0, 0x0, 0x10, 0x0, 0x0, 0xef,
    0xff, 0x80, 0x0, 0x0, 0x0, 0x13, 0x8f, 0xff,
    0xf8, 0x0, 0x16, 0xad, 0xff, 0xff, 0xff, 0xff,
    0x80, 0x5f, 0xff, 0xff, 0xff, 0xff, 0xff, 0xf8,
    0x4f, 0xff, 0xff, 0xda, 0x84, 0xdf, 0xff, 0x8b,
    0xff, 0xfc, 0x20, 0x0, 0xd, 0xff, 0xf8, 0xff,
    0xff, 0x40, 0x0, 0x0, 0xff, 0xff, 0x8f, 0xff,
    0xf5, 0x0, 0x0, 0x6f, 0xff, 0xf8, 0xcf, 0xff,
    0xe6, 0x34, 0x9f, 0xff, 0xff, 0x86, 0xff, 0xff,
    0xff, 0xff, 0xfd, 0xff, 0xf8, 0xa, 0xff, 0xff,
    0xff, 0xf6, 0xaf, 0xff, 0x80, 0x5, 0xbe, 0xfe,
    0xa3, 0xa, 0xff, 0xf8,

    /* U+00E1 "á" */
    0x0, 0x0, 0x0, 0x2, 0xff, 0xfc, 0x0, 0x0,
    0x0, 0x0, 0x0, 0x9f, 0xff, 0x30, 0x0, 0x0,
    0x0, 0x0, 0xf, 0xff, 0x80, 0x0, 0x0, 0x0,
    0x0, 0x7, 0xff, 0xd0, 0x0, 0x0, 0x0, 0x0,
    0x0, 0x8a, 0xa3, 0x0, 0x0, 0x0, 0x0, 0x0,
    0x0, 0x0, 0x0, 0x0, 0x0, 0x0, 0x0, 0x0,
    0x0, 0x0, 0x0, 0x0, 0x0, 0x0, 0x18, 0xce,
    0xff, 0xc8, 0x20, 0x0, 0x0, 0x6f, 0xff, 0xff,
    0xff, 0xff, 0x80, 0x0, 0x7f, 0xff, 0xff, 0xff,
    0xff, 0xff, 0x80, 0x1f, 0xff, 0xfe, 0x75, 0x7e,
    0xff, 0xff, 0x14, 0xbe, 0xfe, 0x10, 0x0, 0x2f,
    0xff, 0xf6, 0x0, 0x0, 0x10, 0x0, 0x0, 0xef,
    0xff, 0x80, 0x0, 0x0, 0x0, 0x13, 0x8f, 0xff,
    0xf8, 0x0, 0x16, 0xad, 0xff, 0xff, 0xff, 0xff,
    0x80, 0x5f, 0xff, 0xff, 0xff, 0xff, 0xff, 0xf8,
    0x4f, 0xff, 0xff, 0xda, 0x84, 0xdf, 0xff, 0x8b,
    0xff, 0xfc, 0x20, 0x0, 0xd, 0xff, 0xf8, 0xff,
    0xff, 0x40, 0x0, 0x0, 0xff, 0xff, 0x8f, 0xff,
    0xf5, 0x0, 0x0, 0x6f, 0xff, 0xf8, 0xcf, 0xff,
    0xe6, 0x34, 0x9f, 0xff, 0xff, 0x86, 0xff, 0xff,
    0xff, 0xff, 0xfd, 0xff, 0xf8, 0xa, 0xff, 0xff,
    0xff, 0xf6, 0xaf, 0xff, 0x80, 0x5, 0xbe, 0xfe,
    0xa3, 0xa, 0xff, 0xf8,

    /* U+00E2 "â" */
    0x0, 0x0, 0x8, 0xff, 0xfb, 0x0, 0x0, 0x0,
    0x0, 0x8, 0xff, 0xff, 0xfb, 0x0, 0x0, 0x0,
    0x7, 0xff, 0xf4, 0xdf, 0xfa, 0x0, 0x0, 0x7,
    0xff, 0xf5, 0x2, 0xff, 0xf9, 0x0, 0x1, 0x78,
    0x85, 0x0, 0x4, 0x88, 0x82, 0x0, 0x0, 0x0,
    0x0, 0x0, 0x0, 0x0, 0x0, 0x0, 0x0, 0x0,
    0x0, 0x0, 0x0, 0x0, 0x0, 0x0, 0x18, 0xce,
    0xff, 0xc8, 0x20, 0x0, 0x0, 0x6f, 0xff, 0xff,
    0xff, 0xff, 0x80, 0x0, 0x7f, 0xff, 0xff, 0xff,
    0xff, 0xff, 0x80, 0x1f, 0xff, 0xfe, 0x75, 0x7e,
    0xff, 0xff, 0x14, 0xbe, 0xfe, 0x10, 0x0, 0x2f,
    0xff, 0xf6, 0x0, 0x0, 0x10, 0x0, 0x0, 0xef,
    0xff, 0x80, 0x0, 0x0, 0x0, 0x13, 0x8f, 0xff,
    0xf8, 0x0, 0x16, 0xad, 0xff, 0xff, 0xff, 0xff,
    0x80, 0x5f, 0xff, 0xff, 0xff, 0xff, 0xff, 0xf8,
    0x4f, 0xff, 0xff, 0xda, 0x84, 0xdf, 0xff, 0x8b,
    0xff, 0xfc, 0x20, 0x0, 0xd, 0xff, 0xf8, 0xff,
    0xff, 0x40, 0x0, 0x0, 0xff, 0xff, 0x8f, 0xff,
    0xf5, 0x0, 0x0, 0x6f, 0xff, 0xf8, 0xcf, 0xff,
    0xe6, 0x34, 0x9f, 0xff, 0xff, 0x86, 0xff, 0xff,
    0xff, 0xff, 0xfd, 0xff, 0xf8, 0xa, 0xff, 0xff,
    0xff, 0xf6, 0xaf, 0xff, 0x80, 0x5, 0xbe, 0xfe,
    0xa3, 0xa, 0xff, 0xf8,

    /* U+00E3 "ã" */
    0x0, 0x0, 0x47, 0x50, 0x0, 0x58, 0x50, 0x0,
    0x0, 0x7f, 0xff, 0xe5, 0x1e, 0xf9, 0x0, 0x0,
    0x1f, 0xff, 0xff, 0xff, 0xff, 0x50, 0x0, 0x4,
    0xff, 0x43, 0xcf, 0xff, 0xc0, 0x0, 0x0, 0x38,
    0x80, 0x0, 0x47, 0x60, 0x0, 0x0, 0x0, 0x0,
    0x0, 0x0, 0x0, 0x0, 0x0, 0x0, 0x0, 0x0,
    0x0, 0x0, 0x0, 0x0, 0x0, 0x0, 0x18, 0xce,
    0xff, 0xc8, 0x20, 0x0, 0x0, 0x6f, 0xff, 0xff,
    0xff, 0xff, 0x80, 0x0, 0x7f, 0xff, 0xff, 0xff,
    0xff, 0xff, 0x80, 0x1f, 0xff, 0xfe, 0x75, 0x7e,
    0xff, 0xff, 0x14, 0xbe, 0xfe, 0x10, 0x0, 0x2f,
    0xff, 0xf6, 0x0, 0x0, 0x10, 0x0, 0x0, 0xef,
    0xff, 0x80, 0x0, 0x0, 0x0, 0x13, 0x8f, 0xff,
    0xf8, 0x0, 0x16, 0xad, 0xff, 0xff, 0xff, 0xff,
    0x80, 0x5f, 0xff, 0xff, 0xff, 0xff, 0xff, 0xf8,
    0x4f, 0xff, 0xff, 0xda, 0x84, 0xdf, 0xff, 0x8b,
    0xff, 0xfc, 0x20, 0x0, 0xd, 0xff, 0xf8, 0xff,
    0xff, 0x40, 0x0, 0x0, 0xff, 0xff, 0x8f, 0xff,
    0xf5, 0x0, 0x0, 0x6f, 0xff, 0xf8, 0xcf, 0xff,
    0xe6, 0x34, 0x9f, 0xff, 0xff, 0x86, 0xff, 0xff,
    0xff, 0xff, 0xfd, 0xff, 0xf8, 0xa, 0xff, 0xff,
    0xff, 0xf6, 0xaf, 0xff, 0x80, 0x5, 0xbe, 0xfe,
    0xa3, 0xa, 0xff, 0xf8,

    /* U+00E4 "ä" */
    0x0, 0x1c, 0xfa, 0x0, 0x7, 0xed, 0x40, 0x0,
    0xa, 0xff, 0xf6, 0x2, 0xff, 0xfe, 0x0, 0x0,
    0xbf, 0xff, 0x80, 0x3f, 0xff, 0xf0, 0x0, 0x5,
    0xff, 0xe2, 0x0, 0xcf, 0xf8, 0x0, 0x0, 0x2,
    0x51, 0x0, 0x0, 0x43, 0x0, 0x0, 0x0, 0x0,
    0x0, 0x0, 0x0, 0x0, 0x0, 0x0, 0x0, 0x0,
    0x0, 0x0, 0x0, 0x0, 0x0, 0x0, 0x18, 0xce,
    0xff, 0xc8, 0x20, 0x0, 0x0, 0x6f, 0xff, 0xff,
    0xff, 0xff, 0x80, 0x0, 0x7f, 0xff, 0xff, 0xff,
    0xff, 0xff, 0x80, 0x1f, 0xff, 0xfe, 0x75, 0x7e,
    0xff, 0xff, 0x14, 0xbe, 0xfe, 0x10, 0x0, 0x2f,
    0xff, 0xf6, 0x0, 0x0, 0x10, 0x0, 0x0, 0xef,
    0xff, 0x80, 0x0, 0x0, 0x0, 0x13, 0x8f, 0xff,
    0xf8, 0x0, 0x16, 0xad, 0xff, 0xff, 0xff, 0xff,
    0x80, 0x5f, 0xff, 0xff, 0xff, 0xff, 0xff, 0xf8,
    0x4f, 0xff, 0xff, 0xda, 0x84, 0xdf, 0xff, 0x8b,
    0xff, 0xfc, 0x20, 0x0, 0xd, 0xff, 0xf8, 0xff,
    0xff, 0x40, 0x0, 0x0, 0xff, 0xff, 0x8f, 0xff,
    0xf5, 0x0, 0x0, 0x6f, 0xff, 0xf8, 0xcf, 0xff,
    0xe6, 0x34, 0x9f, 0xff, 0xff, 0x86, 0xff, 0xff,
    0xff, 0xff, 0xfd, 0xff, 0xf8, 0xa, 0xff, 0xff,
    0xff, 0xf6, 0xaf, 0xff, 0x80, 0x5, 0xbe, 0xfe,
    0xa3, 0xa, 0xff, 0xf8,

    /* U+00E5 "å" */
    0x0, 0x0, 0x5, 0xcf, 0xd7, 0x0, 0x0, 0x0,
    0x0, 0x7, 0xff, 0xff, 0xfb, 0x0, 0x0, 0x0,
    0x1, 0xff, 0x92, 0x6f, 0xf5, 0x0, 0x0, 0x0,
    0x5f, 0xf0, 0x0, 0xbf, 0x90, 0x0, 0x0, 0x5,
    0xff, 0x0, 0xb, 0xf9, 0x0, 0x0, 0x0, 0x1f,
    0xf9, 0x26, 0xff, 0x50, 0x0, 0x0, 0x0, 0x7f,
    0xff, 0xff, 0xb0, 0x0, 0x0, 0x0, 0x0, 0x5c,
    0xfe, 0x80, 0x0, 0x0, 0x0, 0x0, 0x0, 0x0,
    0x0, 0x0, 0x0, 0x0, 0x0, 0x18, 0xce, 0xff,
    0xc8, 0x20, 0x0, 0x0, 0x6f, 0xff, 0xff, 0xff,
    0xff, 0x80, 0x0, 0x7f, 0xff, 0xff, 0xff, 0xff,
    0xff, 0x80, 0x1f, 0xff, 0xfe, 0x75, 0x7e, 0xff,
    0xff, 0x14, 0xbe, 0xfe, 0x10, 0x0, 0x2f, 0xff,
    0xf6, 0x0, 0x0, 0x10, 0x0, 0x0, 0xef, 0xff,
    0x80, 0x0, 0x0, 0x0, 0x13, 0x8f, 0xff, 0xf8,
    0x0, 0x16, 0xad, 0xff, 0xff, 0xff, 0xff, 0x80,
    0x5f, 0xff, 0xff, 0xff, 0xff, 0xff, 0xf8, 0x4f,
    0xff, 0xff, 0xda, 0x84, 0xdf, 0xff, 0x8b, 0xff,
    0xfc, 0x20, 0x0, 0xd, 0xff, 0xf8, 0xff, 0xff,
    0x40, 0x0, 0x0, 0xff, 0xff, 0x8f, 0xff, 0xf5,
    0x0, 0x0, 0x6f, 0xff, 0xf8, 0xcf, 0xff, 0xe6,
    0x34, 0x9f, 0xff, 0xff, 0x86, 0xff, 0xff, 0xff,
    0xff, 0xfd, 0xff, 0xf8, 0xa, 0xff, 0xff, 0xff,
    0xf6, 0xaf, 0xff, 0x80, 0x5, 0xbe, 0xfe, 0xa3,
    0xa, 0xff, 0xf8,

    /* U+00E6 "æ" */
    0x0, 0x1, 0x7c, 0xef, 0xec, 0x70, 0x0, 0x6b,
    0xef, 0xeb, 0x70, 0x0, 0x0, 0x0, 0x6f, 0xff,
    0xff, 0xff, 0xfd, 0x4d, 0xff, 0xff, 0xff, 0xfe,
    0x40, 0x0, 0x6, 0xff, 0xff, 0xff, 0xff, 0xff,
    0xff, 0xff, 0xff, 0xff, 0xff, 0xf4, 0x0, 0x1f,
    0xff, 0xfe, 0x75, 0x7e, 0xff, 0xff, 0xfe, 0x85,
    0x7e, 0xff, 0xfe, 0x0, 0x4c, 0xff, 0xe1, 0x0,
    0x2, 0xff, 0xff, 0xe1, 0x0, 0x1, 0xdf, 0xff,
    0x70, 0x0, 0x2, 0x20, 0x0, 0x0, 0xdf, 0xff,
    0x60, 0x0, 0x0, 0x6f, 0xff, 0xc0, 0x0, 0x0,
    0x0, 0x0, 0x0, 0xdf, 0xff, 0x10, 0x0, 0x0,
    0x2f, 0xff, 0xf0, 0x0, 0x6, 0xad, 0xff, 0xff,
    0xff, 0xff, 0xff, 0xff, 0xff, 0xff, 0xff, 0xf1,
    0x3, 0xef, 0xff, 0xff, 0xff, 0xff, 0xff, 0xff,
    0xff, 0xff, 0xff, 0xff, 0xf2, 0x3f, 0xff, 0xff,
    0xed, 0xdd, 0xff, 0xff, 0xdd, 0xdd, 0xdd, 0xdd,
    0xdd, 0xd2, 0xbf, 0xff, 0xd3, 0x0, 0x0, 0xdf,
    0xff, 0x0, 0x0, 0x0, 0x0, 0x0, 0x0, 0xef,
    0xff, 0x40, 0x0, 0x0, 0xff, 0xff, 0x50, 0x0,
    0x0, 0x2, 0x10, 0x0, 0xff, 0xff, 0x60, 0x0,
    0x8, 0xff, 0xff, 0xe1, 0x0, 0x0, 0x9f, 0xff,
    0xd0, 0xdf, 0xff, 0xf9, 0x67, 0xcf, 0xff, 0xff,
    0xfe, 0x96, 0x7c, 0xff, 0xff, 0x70, 0x6f, 0xff,
    0xff, 0xff, 0xff, 0xfa, 0xff, 0xff, 0xff, 0xff,
    0xff, 0xfc, 0x0, 0xa, 0xff, 0xff, 0xff, 0xff,
    0x70, 0x3e, 0xff, 0xff, 0xff, 0xff, 0xb0, 0x0,
    0x0, 0x5b, 0xef, 0xec, 0x82, 0x0, 0x0, 0x6b,
    0xef, 0xfd, 0x93, 0x0, 0x0,

    /* U+00E7 "ç" */
    0x0, 0x0, 0x39, 0xdf, 0xfe, 0xb5, 0x0, 0x0,
    0x0, 0x9, 0xff, 0xff, 0xff, 0xff, 0xd3, 0x0,
    0x0, 0xcf, 0xff, 0xff, 0xff, 0xff, 0xff, 0x20,
    0x8, 0xff, 0xff, 0xfa, 0x9d, 0xff, 0xff, 0xc0,
    0x1f, 0xff, 0xfd, 0x10, 0x0, 0x8f, 0xff, 0xf3,
    0x6f, 0xff, 0xf3, 0x0, 0x0, 0xd, 0xfd, 0xa3,
    0xaf, 0xff, 0xe0, 0x0, 0x0, 0x1, 0x0, 0x0,
    0xbf, 0xff, 0xb0, 0x0, 0x0, 0x0, 0x0, 0x0,
    0xcf, 0xff, 0xb0, 0x0, 0x0, 0x0, 0x0, 0x0,
    0xbf, 0xff, 0xc0, 0x0, 0x0, 0x0, 0x0, 0x0,
    0x9f, 0xff, 0xf0, 0x0, 0x0, 0x6, 0x63, 0x10,
    0x4f, 0xff, 0xf6, 0x0, 0x0, 0x1e, 0xff, 0xf5,
    0xe, 0xff, 0xff, 0x60, 0x2, 0xcf, 0xff, 0xf1,
    0x4, 0xff, 0xff, 0xff, 0xef, 0xff, 0xff, 0x90,
    0x0, 0x7f, 0xff, 0xff, 0xff, 0xff, 0xfc, 0x0,
    0x0, 0x4, 0xdf, 0xff, 0xff, 0xff, 0x80, 0x0,
    0x0, 0x0, 0x4, 0x7e, 0xf9, 0x51, 0x0, 0x0,
    0x0, 0x0, 0x0, 0xe, 0xf4, 0x10, 0x0, 0x0,
    0x0, 0x0, 0x0, 0x1f, 0xff, 0xf4, 0x0, 0x0,
    0x0, 0x0, 0x0, 0x0, 0xb, 0xfb, 0x0, 0x0,
    0x0, 0x0, 0x0, 0x0, 0xa, 0xfc, 0x0, 0x0,
    0x0, 0x0, 0x0, 0x8c, 0xdf, 0xf9, 0x0, 0x0,
    0x0, 0x0, 0x0, 0xbf, 0xfe, 0x90, 0x0, 0x0,

    /* U+00E8 "è" */
    0x0, 0x3, 0xff, 0xfb, 0x0, 0x0, 0x0, 0x0,
    0x0, 0x0, 0x9f, 0xff, 0x20, 0x0, 0x0, 0x0,
    0x0, 0x0, 0xe, 0xff, 0x90, 0x0, 0x0, 0x0,
    0x0, 0x0, 0x4, 0xff, 0xf1, 0x0, 0x0, 0x0,
    0x0, 0x0, 0x0, 0x8a, 0xa4, 0x0, 0x0, 0x0,
    0x0, 0x0, 0x0, 0x0, 0x0, 0x0, 0x0, 0x0,
    0x0, 0x0, 0x0, 0x0, 0x0, 0x0, 0x0, 0x0,
    0x0, 0x0, 0x39, 0xdf, 0xfd, 0x93, 0x0, 0x0,
    0x0, 0x9, 0xff, 0xff, 0xff, 0xff, 0xa0, 0x0,
    0x0, 0xbf, 0xff, 0xff, 0xff, 0xff, 0xfc, 0x0,
    0x7, 0xff, 0xff, 0xc7, 0x7b, 0xff, 0xff, 0x80,
    0xf, 0xff, 0xf9, 0x0, 0x0, 0x7f, 0xff, 0xf1,
    0x5f, 0xff, 0xe0, 0x0, 0x0, 0xd, 0xff, 0xf5,
    0x9f, 0xff, 0xa0, 0x0, 0x0, 0x9, 0xff, 0xf9,
    0xbf, 0xff, 0xff, 0xff, 0xff, 0xff, 0xff, 0xfa,
    0xcf, 0xff, 0xff, 0xff, 0xff, 0xff, 0xff, 0xfb,
    0xbf, 0xff, 0xed, 0xdd, 0xdd, 0xdd, 0xdd, 0xd9,
    0x9f, 0xff, 0x90, 0x0, 0x0, 0x0, 0x0, 0x0,
    0x6f, 0xff, 0xe0, 0x0, 0x0, 0x1, 0x0, 0x0,
    0x1f, 0xff, 0xf9, 0x0, 0x0, 0x1e, 0xfd, 0xa3,
    0x8, 0xff, 0xff, 0xc7, 0x69, 0xff, 0xff, 0xf1,
    0x0, 0xcf, 0xff, 0xff, 0xff, 0xff, 0xff, 0x60,
    0x0, 0xa, 0xff, 0xff, 0xff, 0xff, 0xf6, 0x0,
    0x0, 0x0, 0x39, 0xdf, 0xfe, 0xc7, 0x10, 0x0,

    /* U+00E9 "é" */
    0x0, 0x0, 0x0, 0x0, 0xcf, 0xff, 0x20, 0x0,
    0x0, 0x0, 0x0, 0x3, 0xff, 0xf8, 0x0, 0x0,
    0x0, 0x0, 0x0, 0xa, 0xff, 0xd0, 0x0, 0x0,
    0x0, 0x0, 0x0, 0x1f, 0xff, 0x30, 0x0, 0x0,
    0x0, 0x0, 0x0, 0x4a, 0xa7, 0x0, 0x0, 0x0,
    0x0, 0x0, 0x0, 0x0, 0x0, 0x0, 0x0, 0x0,
    0x0, 0x0, 0x0, 0x0, 0x0, 0x0, 0x0, 0x0,
    0x0, 0x0, 0x39, 0xdf, 0xfd, 0x93, 0x0, 0x0,
    0x0, 0x9, 0xff, 0xff, 0xff, 0xff, 0xa0, 0x0,
    0x0, 0xbf, 0xff, 0xff, 0xff, 0xff, 0xfc, 0x0,
    0x7, 0xff, 0xff, 0xc7, 0x7b, 0xff, 0xff, 0x80,
    0xf, 0xff, 0xf9, 0x0, 0x0, 0x7f, 0xff, 0xf1,
    0x5f, 0xff, 0xe0, 0x0, 0x0, 0xd, 0xff, 0xf5,
    0x9f, 0xff, 0xa0, 0x0, 0x0, 0x9, 0xff, 0xf9,
    0xbf, 0xff, 0xff, 0xff, 0xff, 0xff, 0xff, 0xfa,
    0xcf, 0xff, 0xff, 0xff, 0xff, 0xff, 0xff, 0xfb,
    0xbf, 0xff, 0xed, 0xdd, 0xdd, 0xdd, 0xdd, 0xd9,
    0x9f, 0xff, 0x90, 0x0, 0x0, 0x0, 0x0, 0x0,
    0x6f, 0xff, 0xe0, 0x0, 0x0, 0x1, 0x0, 0x0,
    0x1f, 0xff, 0xf9, 0x0, 0x0, 0x1e, 0xfd, 0xa3,
    0x8, 0xff, 0xff, 0xc7, 0x69, 0xff, 0xff, 0xf1,
    0x0, 0xcf, 0xff, 0xff, 0xff, 0xff, 0xff, 0x60,
    0x0, 0xa, 0xff, 0xff, 0xff, 0xff, 0xf6, 0x0,
    0x0, 0x0, 0x39, 0xdf, 0xfe, 0xc7, 0x10, 0x0,

    /* U+00EA "ê" */
    0x0, 0x0, 0x3, 0xff, 0xff, 0x30, 0x0, 0x0,
    0x0, 0x0, 0x3f, 0xff, 0xff, 0xe2, 0x0, 0x0,
    0x0, 0x2, 0xef, 0xf8, 0x9f, 0xfe, 0x10, 0x0,
    0x0, 0x2e, 0xff, 0xb0, 0xb, 0xff, 0xd1, 0x0,
    0x0, 0x68, 0x87, 0x0, 0x1, 0x78, 0x85, 0x0,
    0x0, 0x0, 0x0, 0x0, 0x0, 0x0, 0x0, 0x0,
    0x0, 0x0, 0x0, 0x0, 0x0, 0x0, 0x0, 0x0,
    0x0, 0x0, 0x39, 0xdf, 0xfd, 0x93, 0x0, 0x0,
    0x0, 0x9, 0xff, 0xff, 0xff, 0xff, 0xa0, 0x0,
    0x0, 0xbf, 0xff, 0xff, 0xff, 0xff, 0xfc, 0x0,
    0x7, 0xff, 0xff, 0xc7, 0x7b, 0xff, 0xff, 0x80,
    0xf, 0xff, 0xf9, 0x0, 0x0, 0x7f, 0xff, 0xf1,
    0x5f, 0xff, 0xe0, 0x0, 0x0, 0xd, 0xff, 0xf5,
    0x9f, 0xff, 0xa0, 0x0, 0x0, 0x9, 0xff, 0xf9,
    0xbf, 0xff, 0xff, 0xff, 0xff, 0xff, 0xff, 0xfa,
    0xcf, 0xff, 0xff, 0xff, 0xff, 0xff, 0xff, 0xfb,
    0xbf, 0xff, 0xed, 0xdd, 0xdd, 0xdd, 0xdd, 0xd9,
    0x9f, 0xff, 0x90, 0x0, 0x0, 0x0, 0x0, 0x0,
    0x6f, 0xff, 0xe0, 0x0, 0x0, 0x1, 0x0, 0x0,
    0x1f, 0xff, 0xf9, 0x0, 0x0, 0x1e, 0xfd, 0xa3,
    0x8, 0xff, 0xff, 0xc7, 0x69, 0xff, 0xff, 0xf1,
    0x0, 0xcf, 0xff, 0xff, 0xff, 0xff, 0xff, 0x60,
    0x0, 0xa, 0xff, 0xff, 0xff, 0xff, 0xf6, 0x0,
    0x0, 0x0, 0x39, 0xdf, 0xfe, 0xc7, 0x10, 0x0,

    /* U+00EB "ë" */
    0x0, 0x8, 0xfc, 0x20, 0x3, 0xde, 0x80, 0x0,
    0x0, 0x4f, 0xff, 0xc0, 0xc, 0xff, 0xf4, 0x0,
    0x0, 0x6f, 0xff, 0xd0, 0xe, 0xff, 0xf5, 0x0,
    0x0, 0x1d, 0xff, 0x60, 0x7, 0xff, 0xd0, 0x0,
    0x0, 0x0, 0x53, 0x0, 0x0, 0x35, 0x0, 0x0,
    0x0, 0x0, 0x0, 0x0, 0x0, 0x0, 0x0, 0x0,
    0x0, 0x0, 0x0, 0x0, 0x0, 0x0, 0x0, 0x0,
    0x0, 0x0, 0x39, 0xdf, 0xfd, 0x93, 0x0, 0x0,
    0x0, 0x9, 0xff, 0xff, 0xff, 0xff, 0xa0, 0x0,
    0x0, 0xbf, 0xff, 0xff, 0xff, 0xff, 0xfc, 0x0,
    0x7, 0xff, 0xff, 0xc7, 0x7b, 0xff, 0xff, 0x80,
    0xf, 0xff, 0xf9, 0x0, 0x0, 0x7f, 0xff, 0xf1,
    0x5f, 0xff, 0xe0, 0x0, 0x0, 0xd, 0xff, 0xf5,
    0x9f, 0xff, 0xa0, 0x0, 0x0, 0x9, 0xff, 0xf9,
    0xbf, 0xff, 0xff, 0xff, 0xff, 0xff, 0xff, 0xfa,
    0xcf, 0xff, 0xff, 0xff, 0xff, 0xff, 0xff, 0xfb,
    0xbf, 0xff, 0xed, 0xdd, 0xdd, 0xdd, 0xdd, 0xd9,
    0x9f, 0xff, 0x90, 0x0, 0x0, 0x0, 0x0, 0x0,
    0x6f, 0xff, 0xe0, 0x0, 0x0, 0x1, 0x0, 0x0,
    0x1f, 0xff, 0xf9, 0x0, 0x0, 0x1e, 0xfd, 0xa3,
    0x8, 0xff, 0xff, 0xc7, 0x69, 0xff, 0xff, 0xf1,
    0x0, 0xcf, 0xff, 0xff, 0xff, 0xff, 0xff, 0x60,
    0x0, 0xa, 0xff, 0xff, 0xff, 0xff, 0xf6, 0x0,
    0x0, 0x0, 0x39, 0xdf, 0xfe, 0xc7, 0x10, 0x0,

    /* U+00EC "ì" */
    0x2a, 0xaa, 0x80, 0x0, 0xb, 0xff, 0xf2, 0x0,
    0x1, 0xff, 0xf8, 0x0, 0x0, 0x6f, 0xff, 0x0,
    0x0, 0xc, 0xff, 0x60, 0x0, 0x0, 0x0, 0x0,
    0x0, 0x0, 0x0, 0x0, 0x0, 0x2f, 0xff, 0xf4,
    0x0, 0x2f, 0xff, 0xf4, 0x0, 0x2f, 0xff, 0xf4,
    0x0, 0x2f, 0xff, 0xf4, 0x0, 0x2f, 0xff, 0xf4,
    0x0, 0x2f, 0xff, 0xf4, 0x0, 0x2f, 0xff, 0xf4,
    0x0, 0x2f, 0xff, 0xf4, 0x0, 0x2f, 0xff, 0xf4,
    0x0, 0x2f, 0xff, 0xf4, 0x0, 0x2f, 0xff, 0xf4,
    0x0, 0x2f, 0xff, 0xf4, 0x0, 0x2f, 0xff, 0xf4,
    0x0, 0x2f, 0xff, 0xf4, 0x0, 0x2f, 0xff, 0xf4,
    0x0, 0x2f, 0xff, 0xf4, 0x0, 0x2f, 0xff, 0xf4,

    /* U+00ED "í" */
    0x0, 0x6, 0xaa, 0xa3, 0x0, 0xf, 0xff, 0xc0,
    0x0, 0x7f, 0xff, 0x20, 0x0, 0xdf, 0xf8, 0x0,
    0x5, 0xff, 0xd0, 0x0, 0x0, 0x0, 0x0, 0x0,
    0x0, 0x0, 0x0, 0x0, 0x2f, 0xff, 0xf4, 0x0,
    0x2f, 0xff, 0xf4, 0x0, 0x2f, 0xff, 0xf4, 0x0,
    0x2f, 0xff, 0xf4, 0x0, 0x2f, 0xff, 0xf4, 0x0,
    0x2f, 0xff, 0xf4, 0x0, 0x2f, 0xff, 0xf4, 0x0,
    0x2f, 0xff, 0xf4, 0x0, 0x2f, 0xff, 0xf4, 0x0,
    0x2f, 0xff, 0xf4, 0x0, 0x2f, 0xff, 0xf4, 0x0,
    0x2f, 0xff, 0xf4, 0x0, 0x2f, 0xff, 0xf4, 0x0,
    0x2f, 0xff, 0xf4, 0x0, 0x2f, 0xff, 0xf4, 0x0,
    0x2f, 0xff, 0xf4, 0x0, 0x2f, 0xff, 0xf4, 0x0,

    /* U+00EE "î" */
    0x0, 0x0, 0x68, 0x87, 0x0, 0x0, 0x0, 0x9,
    0xff, 0xff, 0xa0, 0x0, 0x0, 0x8f, 0xfe, 0xdf,
    0xf9, 0x0, 0x8, 0xff, 0xf3, 0x2e, 0xff, 0x90,
    0x7f, 0xff, 0x60, 0x4, 0xff, 0xf8, 0x0, 0x0,
    0x0, 0x0, 0x0, 0x0, 0x0, 0x0, 0x0, 0x0,
    0x0, 0x0, 0x0, 0x2, 0xff, 0xff, 0x40, 0x0,
    0x0, 0x2, 0xff, 0xff, 0x40, 0x0, 0x0, 0x2,
    0xff, 0xff, 0x40, 0x0, 0x0, 0x2, 0xff, 0xff,
    0x40, 0x0, 0x0, 0x2, 0xff, 0xff, 0x40, 0x0,
    0x0, 0x2, 0xff, 0xff, 0x40, 0x0, 0x0, 0x2,
    0xff, 0xff, 0x40, 0x0, 0x0, 0x2, 0xff, 0xff,
    0x40, 0x0, 0x0, 0x2, 0xff, 0xff, 0x40, 0x0,
    0x0, 0x2, 0xff, 0xff, 0x40, 0x0, 0x0, 0x2,
    0xff, 0xff, 0x40, 0x0, 0x0, 0x2, 0xff, 0xff,
    0x40, 0x0, 0x0, 0x2, 0xff, 0xff, 0x40, 0x0,
    0x0, 0x2, 0xff, 0xff, 0x40, 0x0, 0x0, 0x2,
    0xff, 0xff, 0x40, 0x0, 0x0, 0x2, 0xff, 0xff,
    0x40, 0x0, 0x0, 0x2, 0xff, 0xff, 0x40, 0x0,

    /* U+00EF "ï" */
    0x0, 0x43, 0x0, 0x0, 0x25, 0x10, 0xd, 0xff,
    0x70, 0x6, 0xff, 0xe1, 0x4f, 0xff, 0xe0, 0xd,
    0xff, 0xf6, 0x3f, 0xff, 0xd0, 0xb, 0xff, 0xf5,
    0x7, 0xed, 0x30, 0x2, 0xcf, 0x90, 0x0, 0x0,
    0x0, 0x0, 0x0, 0x0, 0x0, 0x0, 0x0, 0x0,
    0x0, 0x0, 0x0, 0x2, 0xff, 0xff, 0x40, 0x0,
    0x0, 0x2, 0xff, 0xff, 0x40, 0x0, 0x0, 0x2,
    0xff, 0xff, 0x40, 0x0, 0x0, 0x2, 0xff, 0xff,
    0x40, 0x0, 0x0, 0x2, 0xff, 0xff, 0x40, 0x0,
    0x0, 0x2, 0xff, 0xff, 0x40, 0x0, 0x0, 0x2,
    0xff, 0xff, 0x40, 0x0, 0x0, 0x2, 0xff, 0xff,
    0x40, 0x0, 0x0, 0x2, 0xff, 0xff, 0x40, 0x0,
    0x0, 0x2, 0xff, 0xff, 0x40, 0x0, 0x0, 0x2,
    0xff, 0xff, 0x40, 0x0, 0x0, 0x2, 0xff, 0xff,
    0x40, 0x0, 0x0, 0x2, 0xff, 0xff, 0x40, 0x0,
    0x0, 0x2, 0xff, 0xff, 0x40, 0x0, 0x0, 0x2,
    0xff, 0xff, 0x40, 0x0, 0x0, 0x2, 0xff, 0xff,
    0x40, 0x0, 0x0, 0x2, 0xff, 0xff, 0x40, 0x0,

    /* U+00F0 "ð" */
    0x0, 0xa, 0x82, 0x0, 0x0, 0x0, 0x30, 0x0,
    0x0, 0xf, 0xff, 0xb3, 0x0, 0x6d, 0xc0, 0x0,
    0x0, 0x1d, 0xff, 0xff, 0xad, 0xff, 0xc0, 0x0,
    0x0, 0x0, 0x6e, 0xff, 0xff, 0xe5, 0x0, 0x0,
    0x0, 0x0, 0x4c, 0xff, 0xff, 0xf3, 0x0, 0x0,
    0x0, 0x1b, 0xff, 0xe9, 0xff, 0xff, 0x20, 0x0,
    0x0, 0x1f, 0xf7, 0x0, 0x5f, 0xff, 0xd0, 0x0,
    0x0, 0x8, 0x10, 0x0, 0x5, 0xff, 0xf9, 0x0,
    0x0, 0x0, 0x6b, 0xdd, 0x92, 0x9f, 0xff, 0x20,
    0x0, 0x2d, 0xff, 0xff, 0xff, 0x7f, 0xff, 0xa0,
    0x1, 0xef, 0xff, 0xff, 0xff, 0xff, 0xff, 0xf1,
    0xa, 0xff, 0xfe, 0x51, 0x15, 0xef, 0xff, 0xf5,
    0x2f, 0xff, 0xf4, 0x0, 0x0, 0x3f, 0xff, 0xf8,
    0x7f, 0xff, 0xc0, 0x0, 0x0, 0xb, 0xff, 0xfb,
    0xaf, 0xff, 0x80, 0x0, 0x0, 0x7, 0xff, 0xfc,
    0xcf, 0xff, 0x60, 0x0, 0x0, 0x5, 0xff, 0xfb,
    0xcf, 0xff, 0x70, 0x0, 0x0, 0x5, 0xff, 0xfa,
    0xaf, 0xff, 0xa0, 0x0, 0x0, 0x8, 0xff, 0xf8,
    0x7f, 0xff, 0xe0, 0x0, 0x0, 0xd, 0xff, 0xf4,
    0x1f, 0xff, 0xfa, 0x0, 0x0, 0x9f, 0xff, 0xe0,
    0x9, 0xff, 0xff, 0xd8, 0x8d, 0xff, 0xff, 0x60,
    0x0, 0xdf, 0xff, 0xff, 0xff, 0xff, 0xfb, 0x0,
    0x0, 0xb, 0xff, 0xff, 0xff, 0xff, 0x90, 0x0,
    0x0, 0x0, 0x4a, 0xef, 0xfd, 0x93, 0x0, 0x0,

    /* U+00F1 "ñ" */
    0x0, 0x0, 0x6, 0x74, 0x0, 0x8, 0x83, 0x0,
    0x0, 0x0, 0xcf, 0xff, 0xb2, 0x3f, 0xf4, 0x0,
    0x0, 0x5, 0xff, 0xff, 0xff, 0xff, 0xf1, 0x0,
    0x0, 0x9, 0xfe, 0x15, 0xef, 0xff, 0x70, 0x0,
    0x0, 0x6, 0x85, 0x0, 0x5, 0x74, 0x0, 0x0,
    0x0, 0x0, 0x0, 0x0, 0x0, 0x0, 0x0, 0x0,
    0x0, 0x0, 0x0, 0x0, 0x0, 0x0, 0x0, 0x0,
    0x2f, 0xff, 0xf0, 0x5, 0xcf, 0xfd, 0x81, 0x0,
    0x2f, 0xff, 0xf0, 0x9f, 0xff, 0xff, 0xfd, 0x20,
    0x2f, 0xff, 0xf7, 0xff, 0xff, 0xff, 0xff, 0xc0,
    0x2f, 0xff, 0xfe, 0xfb, 0x9c, 0xff, 0xff, 0xf4,
    0x2f, 0xff, 0xff, 0x40, 0x0, 0x7f, 0xff, 0xf9,
    0x2f, 0xff, 0xf9, 0x0, 0x0, 0xd, 0xff, 0xfb,
    0x2f, 0xff, 0xf5, 0x0, 0x0, 0xa, 0xff, 0xfc,
    0x2f, 0xff, 0xf4, 0x0, 0x0, 0x9, 0xff, 0xfc,
    0x2f, 0xff, 0xf4, 0x0, 0x0, 0x9, 0xff, 0xfc,
    0x2f, 0xff, 0xf4, 0x0, 0x0, 0x9, 0xff, 0xfc,
    0x2f, 0xff, 0xf4, 0x0, 0x0, 0x9, 0xff, 0xfc,
    0x2f, 0xff, 0xf4, 0x0, 0x0, 0x9, 0xff, 0xfc,
    0x2f, 0xff, 0xf4, 0x0, 0x0, 0x9, 0xff, 0xfc,
    0x2f, 0xff, 0xf4, 0x0, 0x0, 0x9, 0xff, 0xfc,
    0x2f, 0xff, 0xf4, 0x0, 0x0, 0x9, 0xff, 0xfc,
    0x2f, 0xff, 0xf4, 0x0, 0x0, 0x9, 0xff, 0xfc,
    0x2f, 0xff, 0xf4, 0x0, 0x0, 0x9, 0xff, 0xfc,

    /* U+00F2 "ò" */
    0x0, 0x1, 0xef, 0xfe, 0x0, 0x0, 0x0, 0x0,
    0x0, 0x0, 0x6, 0xff, 0xf6, 0x0, 0x0, 0x0,
    0x0, 0x0, 0x0, 0xb, 0xff, 0xd0, 0x0, 0x0,
    0x0, 0x0, 0x0, 0x0, 0x2f, 0xff, 0x40, 0x0,
    0x0, 0x0, 0x0, 0x0, 0x0, 0x5a, 0xa6, 0x0,
    0x0, 0x0, 0x0, 0x0, 0x0, 0x0, 0x0, 0x0,
    0x0, 0x0, 0x0, 0x0, 0x0, 0x0, 0x0, 0x0,
    0x0, 0x0, 0x0, 0x0, 0x0, 0x3, 0x9d, 0xff,
    0xeb, 0x60, 0x0, 0x0, 0x0, 0x9, 0xff, 0xff,
    0xff, 0xff, 0xd2, 0x0, 0x0, 0xb, 0xff, 0xff,
    0xff, 0xff, 0xff, 0xf3, 0x0, 0x7, 0xff, 0xff,
    0xfa, 0x9d, 0xff, 0xff, 0xd0, 0x0, 0xff, 0xff,
    0xd1, 0x0, 0x8, 0xff, 0xff, 0x60, 0x5f, 0xff,
    0xf4, 0x0, 0x0, 0xd, 0xff, 0xfc, 0x9, 0xff,
    0xfe, 0x0, 0x0, 0x0, 0x8f, 0xff, 0xf0, 0xbf,
    0xff, 0xb0, 0x0, 0x0, 0x5, 0xff, 0xff, 0x1c,
    0xff, 0xfb, 0x0, 0x0, 0x0, 0x4f, 0xff, 0xf3,
    0xbf, 0xff, 0xb0, 0x0, 0x0, 0x5, 0xff, 0xff,
    0x19, 0xff, 0xfe, 0x0, 0x0, 0x0, 0x8f, 0xff,
    0xf0, 0x5f, 0xff, 0xf4, 0x0, 0x0, 0xd, 0xff,
    0xfc, 0x0, 0xff, 0xff, 0xd1, 0x0, 0x9, 0xff,
    0xff, 0x60, 0x7, 0xff, 0xff, 0xfa, 0x9d, 0xff,
    0xff, 0xd0, 0x0, 0xb, 0xff, 0xff, 0xff, 0xff,
    0xff, 0xf3, 0x0, 0x0, 0x9, 0xff, 0xff, 0xff,
    0xff, 0xd2, 0x0, 0x0, 0x0, 0x3, 0x9d, 0xff,
    0xeb, 0x60, 0x0, 0x0,

    /* U+00F3 "ó" */
    0x0, 0x0, 0x0, 0x0, 0x9f, 0xff, 0x60, 0x0,
    0x0, 0x0, 0x0, 0x0, 0xf, 0xff, 0xb0, 0x0,
    0x0, 0x0, 0x0, 0x0, 0x7, 0xff, 0xf2, 0x0,
    0x0, 0x0, 0x0, 0x0, 0x0, 0xdf, 0xf6, 0x0,
    0x0, 0x0, 0x0, 0x0, 0x0, 0x2a, 0xa9, 0x0,
    0x0, 0x0, 0x0, 0x0, 0x0, 0x0, 0x0, 0x0,
    0x0, 0x0, 0x0, 0x0, 0x0, 0x0, 0x0, 0x0,
    0x0, 0x0, 0x0, 0x0, 0x0, 0x3, 0x9d, 0xff,
    0xeb, 0x60, 0x0, 0x0, 0x0, 0x9, 0xff, 0xff,
    0xff, 0xff, 0xd2, 0x0, 0x0, 0xb, 0xff, 0xff,
    0xff, 0xff, 0xff, 0xf3, 0x0, 0x7, 0xff, 0xff,
    0xfa, 0x9d, 0xff, 0xff, 0xd0, 0x0, 0xff, 0xff,
    0xd1, 0x0, 0x8, 0xff, 0xff, 0x60, 0x5f, 0xff,
    0xf4, 0x0, 0x0, 0xd, 0xff, 0xfc, 0x9, 0xff,
    0xfe, 0x0, 0x0, 0x0, 0x8f, 0xff, 0xf0, 0xbf,
    0xff, 0xb0, 0x0, 0x0, 0x5, 0xff, 0xff, 0x1c,
    0xff, 0xfb, 0x0, 0x0, 0x0, 0x4f, 0xff, 0xf3,
    0xbf, 0xff, 0xb0, 0x0, 0x0, 0x5, 0xff, 0xff,
    0x19, 0xff, 0xfe, 0x0, 0x0, 0x0, 0x8f, 0xff,
    0xf0, 0x5f, 0xff, 0xf4, 0x0, 0x0, 0xd, 0xff,
    0xfc, 0x0, 0xff, 0xff, 0xd1, 0x0, 0x9, 0xff,
    0xff, 0x60, 0x7, 0xff, 0xff, 0xfa, 0x9d, 0xff,
    0xff, 0xd0, 0x0, 0xb, 0xff, 0xff, 0xff, 0xff,
    0xff, 0xf3, 0x0, 0x0, 0x9, 0xff, 0xff, 0xff,
    0xff, 0xd2, 0x0, 0x0, 0x0, 0x3, 0x9d, 0xff,
    0xeb, 0x60, 0x0, 0x0,

    /* U+00F4 "ô" */
    0x0, 0x0, 0x1, 0xdf, 0xff, 0x50, 0x0, 0x0,
    0x0, 0x0, 0x1, 0xdf, 0xff, 0xff, 0x50, 0x0,
    0x0, 0x0, 0x1, 0xdf, 0xfb, 0x6f, 0xff, 0x40,
    0x0, 0x0, 0x0, 0xcf, 0xfd, 0x10, 0x8f, 0xff,
    0x30, 0x0, 0x0, 0x48, 0x88, 0x20, 0x0, 0x78,
    0x86, 0x0, 0x0, 0x0, 0x0, 0x0, 0x0, 0x0,
    0x0, 0x0, 0x0, 0x0, 0x0, 0x0, 0x0, 0x0,
    0x0, 0x0, 0x0, 0x0, 0x0, 0x3, 0x9d, 0xff,
    0xeb, 0x60, 0x0, 0x0, 0x0, 0x9, 0xff, 0xff,
    0xff, 0xff, 0xd2, 0x0, 0x0, 0xb, 0xff, 0xff,
    0xff, 0xff, 0xff, 0xf3, 0x0, 0x7, 0xff, 0xff,
    0xfa, 0x9d, 0xff, 0xff, 0xd0, 0x0, 0xff, 0xff,
    0xd1, 0x0, 0x8, 0xff, 0xff, 0x60, 0x5f, 0xff,
    0xf4, 0x0, 0x0, 0xd, 0xff, 0xfc, 0x9, 0xff,
    0xfe, 0x0, 0x0, 0x0, 0x8f, 0xff, 0xf0, 0xbf,
    0xff, 0xb0, 0x0, 0x0, 0x5, 0xff, 0xff, 0x1c,
    0xff, 0xfb, 0x0, 0x0, 0x0, 0x4f, 0xff, 0xf3,
    0xbf, 0xff, 0xb0, 0x0, 0x0, 0x5, 0xff, 0xff,
    0x19, 0xff, 0xfe, 0x0, 0x0, 0x0, 0x8f, 0xff,
    0xf0, 0x5f, 0xff, 0xf4, 0x0, 0x0, 0xd, 0xff,
    0xfc, 0x0, 0xff, 0xff, 0xd1, 0x0, 0x9, 0xff,
    0xff, 0x60, 0x7, 0xff, 0xff, 0xfa, 0x9d, 0xff,
    0xff, 0xd0, 0x0, 0xb, 0xff, 0xff, 0xff, 0xff,
    0xff, 0xf3, 0x0, 0x0, 0x9, 0xff, 0xff, 0xff,
    0xff, 0xd2, 0x0, 0x0, 0x0, 0x3, 0x9d, 0xff,
    0xeb, 0x60, 0x0, 0x0,

    /* U+00F5 "õ" */
    0x0, 0x0, 0x16, 0x73, 0x0, 0x18, 0x82, 0x0,
    0x0, 0x0, 0x1e, 0xff, 0xfa, 0x26, 0xff, 0x20,
    0x0, 0x0, 0x8, 0xff, 0xff, 0xff, 0xff, 0xd0,
    0x0, 0x0, 0x0, 0xcf, 0xc1, 0x7f, 0xff, 0xf5,
    0x0, 0x0, 0x0, 0x7, 0x84, 0x0, 0x16, 0x73,
    0x0, 0x0, 0x0, 0x0, 0x0, 0x0, 0x0, 0x0,
    0x0, 0x0, 0x0, 0x0, 0x0, 0x0, 0x0, 0x0,
    0x0, 0x0, 0x0, 0x0, 0x0, 0x3, 0x9d, 0xff,
    0xeb, 0x60, 0x0, 0x0, 0x0, 0x9, 0xff, 0xff,
    0xff, 0xff, 0xd2, 0x0, 0x0, 0xb, 0xff, 0xff,
    0xff, 0xff, 0xff, 0xf3, 0x0, 0x7, 0xff, 0xff,
    0xfa, 0x9d, 0xff, 0xff, 0xd0, 0x0, 0xff, 0xff,
    0xd1, 0x0, 0x8, 0xff, 0xff, 0x60, 0x5f, 0xff,
    0xf4, 0x0, 0x0, 0xd, 0xff, 0xfc, 0x9, 0xff,
    0xfe, 0x0, 0x0, 0x0, 0x8f, 0xff, 0xf0, 0xbf,
    0xff, 0xb0, 0x0, 0x0, 0x5, 0xff, 0xff, 0x1c,
    0xff, 0xfb, 0x0, 0x0, 0x0, 0x4f, 0xff, 0xf3,
    0xbf, 0xff, 0xb0, 0x0, 0x0, 0x5, 0xff, 0xff,
    0x19, 0xff, 0xfe, 0x0, 0x0, 0x0, 0x8f, 0xff,
    0xf0, 0x5f, 0xff, 0xf4, 0x0, 0x0, 0xd, 0xff,
    0xfc, 0x0, 0xff, 0xff, 0xd1, 0x0, 0x9, 0xff,
    0xff, 0x60, 0x7, 0xff, 0xff, 0xfa, 0x9d, 0xff,
    0xff, 0xd0, 0x0, 0xb, 0xff, 0xff, 0xff, 0xff,
    0xff, 0xf3, 0x0, 0x0, 0x9, 0xff, 0xff, 0xff,
    0xff, 0xd2, 0x0, 0x0, 0x0, 0x3, 0x9d, 0xff,
    0xeb, 0x60, 0x0, 0x0,

    /* U+00F6 "ö" */
    0x0, 0x6, 0xee, 0x40, 0x1, 0xbf, 0xa0, 0x0,
    0x0, 0x1, 0xff, 0xff, 0x0, 0x9f, 0xff, 0x70,
    0x0, 0x0, 0x2f, 0xff, 0xf0, 0xb, 0xff, 0xf9,
    0x0, 0x0, 0x0, 0xbf, 0xf9, 0x0, 0x4f, 0xff,
    0x20, 0x0, 0x0, 0x0, 0x44, 0x0, 0x0, 0x25,
    0x10, 0x0, 0x0, 0x0, 0x0, 0x0, 0x0, 0x0,
    0x0, 0x0, 0x0, 0x0, 0x0, 0x0, 0x0, 0x0,
    0x0, 0x0, 0x0, 0x0, 0x0, 0x3, 0x9d, 0xff,
    0xeb, 0x60, 0x0, 0x0, 0x0, 0x9, 0xff, 0xff,
    0xff, 0xff, 0xd2, 0x0, 0x0, 0xb, 0xff, 0xff,
    0xff, 0xff, 0xff, 0xf3, 0x0, 0x7, 0xff, 0xff,
    0xfa, 0x9d, 0xff, 0xff, 0xd0, 0x0, 0xff, 0xff,
    0xd1, 0x0, 0x8, 0xff, 0xff, 0x60, 0x5f, 0xff,
    0xf4, 0x0, 0x0, 0xd, 0xff, 0xfc, 0x9, 0xff,
    0xfe, 0x0, 0x0, 0x0, 0x8f, 0xff, 0xf0, 0xbf,
    0xff, 0xb0, 0x0, 0x0, 0x5, 0xff, 0xff, 0x1c,
    0xff, 0xfb, 0x0, 0x0, 0x0, 0x4f, 0xff, 0xf3,
    0xbf, 0xff, 0xb0, 0x0, 0x0, 0x5, 0xff, 0xff,
    0x19, 0xff, 0xfe, 0x0, 0x0, 0x0, 0x8f, 0xff,
    0xf0, 0x5f, 0xff, 0xf4, 0x0, 0x0, 0xd, 0xff,
    0xfc, 0x0, 0xff, 0xff, 0xd1, 0x0, 0x9, 0xff,
    0xff, 0x60, 0x7, 0xff, 0xff, 0xfa, 0x9d, 0xff,
    0xff, 0xd0, 0x0, 0xb, 0xff, 0xff, 0xff, 0xff,
    0xff, 0xf3, 0x0, 0x0, 0x9, 0xff, 0xff, 0xff,
    0xff, 0xd2, 0x0, 0x0, 0x0, 0x3, 0x9d, 0xff,
    0xeb, 0x60, 0x0, 0x0,

    /* U+00F7 "÷" */
    0x0, 0x0, 0x0, 0x0, 0x10, 0x0, 0x0, 0x0,
    0x0, 0x0, 0x0, 0x7f, 0xfb, 0x0, 0x0, 0x0,
    0x0, 0x0, 0x2, 0xff, 0xff, 0x70, 0x0, 0x0,
    0x0, 0x0, 0x4, 0xff, 0xff, 0xa0, 0x0, 0x0,
    0x0, 0x0, 0x1, 0xff, 0xff, 0x60, 0x0, 0x0,
    0x0, 0x0, 0x0, 0x4d, 0xe8, 0x0, 0x0, 0x0,
    0x0, 0x0, 0x0, 0x0, 0x0, 0x0, 0x0, 0x0,
    0x2a, 0xaa, 0xaa, 0xaa, 0xaa, 0xaa, 0xaa, 0xa6,
    0x3f, 0xff, 0xff, 0xff, 0xff, 0xff, 0xff, 0xf9,
    0x3f, 0xff, 0xff, 0xff, 0xff, 0xff, 0xff, 0xf9,
    0x3f, 0xff, 0xff, 0xff, 0xff, 0xff, 0xff, 0xf9,
    0x0, 0x0, 0x0, 0x0, 0x0, 0x0, 0x0, 0x0,
    0x0, 0x0, 0x0, 0x0, 0x10, 0x0, 0x0, 0x0,
    0x0, 0x0, 0x0, 0x7f, 0xfb, 0x0, 0x0, 0x0,
    0x0, 0x0, 0x2, 0xff, 0xff, 0x70, 0x0, 0x0,
    0x0, 0x0, 0x4, 0xff, 0xff, 0xa0, 0x0, 0x0,
    0x0, 0x0, 0x1, 0xff, 0xff, 0x60, 0x0, 0x0,
    0x0, 0x0, 0x0, 0x4d, 0xe8, 0x0, 0x0, 0x0,

    /* U+00F8 "ø" */
    0x0, 0x0, 0x0, 0x0, 0x0, 0x0, 0x0, 0x30,
    0x0, 0x0, 0x3, 0x9d, 0xff, 0xeb, 0x60, 0x3f,
    0xb0, 0x0, 0x9, 0xff, 0xff, 0xff, 0xff, 0xde,
    0xfa, 0x0, 0xb, 0xff, 0xff, 0xff, 0xff, 0xff,
    0xfc, 0x0, 0x7, 0xff, 0xff, 0xfa, 0x9d, 0xff,
    0xff, 0xd0, 0x0, 0xff, 0xff, 0xd1, 0x0, 0xd,
    0xff, 0xff, 0x60, 0x5f, 0xff, 0xf4, 0x0, 0x8,
    0xff, 0xff, 0xfb, 0x9, 0xff, 0xfe, 0x0, 0x5,
    0xff, 0xcf, 0xff, 0xf0, 0xbf, 0xff, 0xc0, 0x3,
    0xff, 0x65, 0xff, 0xff, 0x1c, 0xff, 0xfb, 0x2,
    0xef, 0x80, 0x4f, 0xff, 0xf3, 0xbf, 0xff, 0xb1,
    0xdf, 0x90, 0x5, 0xff, 0xff, 0x19, 0xff, 0xfe,
    0xcf, 0xb0, 0x0, 0x8f, 0xff, 0xf0, 0x5f, 0xff,
    0xff, 0xc0, 0x0, 0xd, 0xff, 0xfc, 0x0, 0xff,
    0xff, 0xf3, 0x0, 0x9, 0xff, 0xff, 0x60, 0x7,
    0xff, 0xff, 0xfa, 0x9d, 0xff, 0xff, 0xd0, 0x0,
    0x8f, 0xff, 0xff, 0xff, 0xff, 0xff, 0xf3, 0x0,
    0x6f, 0xfb, 0xff, 0xff, 0xff, 0xff, 0xd2, 0x0,
    0x4, 0xf7, 0x3, 0x9d, 0xff, 0xeb, 0x60, 0x0,
    0x0, 0x2, 0x0, 0x0, 0x0, 0x0, 0x0, 0x0,
    0x0, 0x0,

    /* U+00F9 "ù" */
    0x0, 0x0, 0x9a, 0xaa, 0x0, 0x0, 0x0, 0x0,
    0x0, 0x0, 0x6f, 0xff, 0x60, 0x0, 0x0, 0x0,
    0x0, 0x0, 0xc, 0xff, 0xd0, 0x0, 0x0, 0x0,
    0x0, 0x0, 0x2, 0xff, 0xf4, 0x0, 0x0, 0x0,
    0x0, 0x0, 0x0, 0x7f, 0xfb, 0x0, 0x0, 0x0,
    0x0, 0x0, 0x0, 0x0, 0x0, 0x0, 0x0, 0x0,
    0x0, 0x0, 0x0, 0x0, 0x0, 0x0, 0x0, 0x0,
    0x2f, 0xff, 0xf4, 0x0, 0x0, 0x9, 0xff, 0xfd,
    0x2f, 0xff, 0xf4, 0x0, 0x0, 0x9, 0xff, 0xfd,
    0x2f, 0xff, 0xf4, 0x0, 0x0, 0x9, 0xff, 0xfd,
    0x2f, 0xff, 0xf4, 0x0, 0x0, 0x9, 0xff, 0xfd,
    0x2f, 0xff, 0xf4, 0x0, 0x0, 0x9, 0xff, 0xfd,
    0x2f, 0xff, 0xf4, 0x0, 0x0, 0x9, 0xff, 0xfd,
    0x2f, 0xff, 0xf4, 0x0, 0x0, 0x9, 0xff, 0xfd,
    0x2f, 0xff, 0xf4, 0x0, 0x0, 0x9, 0xff, 0xfd,
    0x2f, 0xff, 0xf4, 0x0, 0x0, 0x9, 0xff, 0xfd,
    0x2f, 0xff, 0xf4, 0x0, 0x0, 0x9, 0xff, 0xfd,
    0x1f, 0xff, 0xf5, 0x0, 0x0, 0xa, 0xff, 0xfd,
    0xf, 0xff, 0xf9, 0x0, 0x0, 0xe, 0xff, 0xfd,
    0xe, 0xff, 0xff, 0x50, 0x0, 0xaf, 0xff, 0xfd,
    0xa, 0xff, 0xff, 0xfe, 0xcf, 0xfd, 0xff, 0xfd,
    0x2, 0xff, 0xff, 0xff, 0xff, 0xe7, 0xff, 0xfd,
    0x0, 0x5f, 0xff, 0xff, 0xff, 0x35, 0xff, 0xfd,
    0x0, 0x3, 0xae, 0xfe, 0xa2, 0x5, 0xff, 0xfd,

    /* U+00FA "ú" */
    0x0, 0x0, 0x0, 0x0, 0x3a, 0xaa, 0x60, 0x0,
    0x0, 0x0, 0x0, 0x0, 0xbf, 0xff, 0x20, 0x0,
    0x0, 0x0, 0x0, 0x2, 0xff, 0xf7, 0x0, 0x0,
    0x0, 0x0, 0x0, 0x9, 0xff, 0xc0, 0x0, 0x0,
    0x0, 0x0, 0x0, 0x1f, 0xff, 0x20, 0x0, 0x0,
    0x0, 0x0, 0x0, 0x0, 0x0, 0x0, 0x0, 0x0,
    0x0, 0x0, 0x0, 0x0, 0x0, 0x0, 0x0, 0x0,
    0x2f, 0xff, 0xf4, 0x0, 0x0, 0x9, 0xff, 0xfd,
    0x2f, 0xff, 0xf4, 0x0, 0x0, 0x9, 0xff, 0xfd,
    0x2f, 0xff, 0xf4, 0x0, 0x0, 0x9, 0xff, 0xfd,
    0x2f, 0xff, 0xf4, 0x0, 0x0, 0x9, 0xff, 0xfd,
    0x2f, 0xff, 0xf4, 0x0, 0x0, 0x9, 0xff, 0xfd,
    0x2f, 0xff, 0xf4, 0x0, 0x0, 0x9, 0xff, 0xfd,
    0x2f, 0xff, 0xf4, 0x0, 0x0, 0x9, 0xff, 0xfd,
    0x2f, 0xff, 0xf4, 0x0, 0x0, 0x9, 0xff, 0xfd,
    0x2f, 0xff, 0xf4, 0x0, 0x0, 0x9, 0xff, 0xfd,
    0x2f, 0xff, 0xf4, 0x0, 0x0, 0x9, 0xff, 0xfd,
    0x1f, 0xff, 0xf5, 0x0, 0x0, 0xa, 0xff, 0xfd,
    0xf, 0xff, 0xf9, 0x0, 0x0, 0xe, 0xff, 0xfd,
    0xe, 0xff, 0xff, 0x50, 0x0, 0xaf, 0xff, 0xfd,
    0xa, 0xff, 0xff, 0xfe, 0xcf, 0xfd, 0xff, 0xfd,
    0x2, 0xff, 0xff, 0xff, 0xff, 0xe7, 0xff, 0xfd,
    0x0, 0x5f, 0xff, 0xff, 0xff, 0x35, 0xff, 0xfd,
    0x0, 0x3, 0xae, 0xfe, 0xa2, 0x5, 0xff, 0xfd,

    /* U+00FB "û" */
    0x0, 0x0, 0x0, 0xcf, 0xff, 0x70, 0x0, 0x0,
    0x0, 0x0, 0xc, 0xff, 0xff, 0xf7, 0x0, 0x0,
    0x0, 0x0, 0xbf, 0xfd, 0x4f, 0xff, 0x60, 0x0,
    0x0, 0xb, 0xff, 0xe2, 0x6, 0xff, 0xf5, 0x0,
    0x0, 0x38, 0x88, 0x30, 0x0, 0x68, 0x87, 0x0,
    0x0, 0x0, 0x0, 0x0, 0x0, 0x0, 0x0, 0x0,
    0x0, 0x0, 0x0, 0x0, 0x0, 0x0, 0x0, 0x0,
    0x2f, 0xff, 0xf4, 0x0, 0x0, 0x9, 0xff, 0xfd,
    0x2f, 0xff, 0xf4, 0x0, 0x0, 0x9, 0xff, 0xfd,
    0x2f, 0xff, 0xf4, 0x0, 0x0, 0x9, 0xff, 0xfd,
    0x2f, 0xff, 0xf4, 0x0, 0x0, 0x9, 0xff, 0xfd,
    0x2f, 0xff, 0xf4, 0x0, 0x0, 0x9, 0xff, 0xfd,
    0x2f, 0xff, 0xf4, 0x0, 0x0, 0x9, 0xff, 0xfd,
    0x2f, 0xff, 0xf4, 0x0, 0x0, 0x9, 0xff, 0xfd,
    0x2f, 0xff, 0xf4, 0x0, 0x0, 0x9, 0xff, 0xfd,
    0x2f, 0xff, 0xf4, 0x0, 0x0, 0x9, 0xff, 0xfd,
    0x2f, 0xff, 0xf4, 0x0, 0x0, 0x9, 0xff, 0xfd,
    0x1f, 0xff, 0xf5, 0x0, 0x0, 0xa, 0xff, 0xfd,
    0xf, 0xff, 0xf9, 0x0, 0x0, 0xe, 0xff, 0xfd,
    0xe, 0xff, 0xff, 0x50, 0x0, 0xaf, 0xff, 0xfd,
    0xa, 0xff, 0xff, 0xfe, 0xcf, 0xfd, 0xff, 0xfd,
    0x2, 0xff, 0xff, 0xff, 0xff, 0xe7, 0xff, 0xfd,
    0x0, 0x5f, 0xff, 0xff, 0xff, 0x35, 0xff, 0xfd,
    0x0, 0x3, 0xae, 0xfe, 0xa2, 0x5, 0xff, 0xfd,

    /* U+00FC "ü" */
    0x0, 0x4, 0xde, 0x60, 0x0, 0xaf, 0xb1, 0x0,
    0x0, 0xe, 0xff, 0xf2, 0x6, 0xff, 0xfa, 0x0,
    0x0, 0xf, 0xff, 0xf3, 0x8, 0xff, 0xfb, 0x0,
    0x0, 0x9, 0xff, 0xc0, 0x2, 0xef, 0xf4, 0x0,
    0x0, 0x0, 0x34, 0x0, 0x0, 0x15, 0x20, 0x0,
    0x0, 0x0, 0x0, 0x0, 0x0, 0x0, 0x0, 0x0,
    0x0, 0x0, 0x0, 0x0, 0x0, 0x0, 0x0, 0x0,
    0x2f, 0xff, 0xf4, 0x0, 0x0, 0x9, 0xff, 0xfd,
    0x2f, 0xff, 0xf4, 0x0, 0x0, 0x9, 0xff, 0xfd,
    0x2f, 0xff, 0xf4, 0x0, 0x0, 0x9, 0xff, 0xfd,
    0x2f, 0xff, 0xf4, 0x0, 0x0, 0x9, 0xff, 0xfd,
    0x2f, 0xff, 0xf4, 0x0, 0x0, 0x9, 0xff, 0xfd,
    0x2f, 0xff, 0xf4, 0x0, 0x0, 0x9, 0xff, 0xfd,
    0x2f, 0xff, 0xf4, 0x0, 0x0, 0x9, 0xff, 0xfd,
    0x2f, 0xff, 0xf4, 0x0, 0x0, 0x9, 0xff, 0xfd,
    0x2f, 0xff, 0xf4, 0x0, 0x0, 0x9, 0xff, 0xfd,
    0x2f, 0xff, 0xf4, 0x0, 0x0, 0x9, 0xff, 0xfd,
    0x1f, 0xff, 0xf5, 0x0, 0x0, 0xa, 0xff, 0xfd,
    0xf, 0xff, 0xf9, 0x0, 0x0, 0xe, 0xff, 0xfd,
    0xe, 0xff, 0xff, 0x50, 0x0, 0xaf, 0xff, 0xfd,
    0xa, 0xff, 0xff, 0xfe, 0xcf, 0xfd, 0xff, 0xfd,
    0x2, 0xff, 0xff, 0xff, 0xff, 0xe7, 0xff, 0xfd,
    0x0, 0x5f, 0xff, 0xff, 0xff, 0x35, 0xff, 0xfd,
    0x0, 0x3, 0xae, 0xfe, 0xa2, 0x5, 0xff, 0xfd,

    /* U+00FD "ý" */
    0x0, 0x0, 0x0, 0x0, 0xb, 0xff, 0xf4, 0x0,
    0x0, 0x0, 0x0, 0x0, 0x0, 0x2f, 0xff, 0x90,
    0x0, 0x0, 0x0, 0x0, 0x0, 0x0, 0x9f, 0xfe,
    0x0, 0x0, 0x0, 0x0, 0x0, 0x0, 0x1, 0xff,
    0xf4, 0x0, 0x0, 0x0, 0x0, 0x0, 0x0, 0x4,
    0xaa, 0x80, 0x0, 0x0, 0x0, 0x0, 0x0, 0x0,
    0x0, 0x0, 0x0, 0x0, 0x0, 0x0, 0x0, 0x0,
    0x0, 0x0, 0x0, 0x0, 0x0, 0x0, 0x0, 0x5f,
    0xff, 0xf4, 0x0, 0x0, 0x0, 0x2f, 0xff, 0xf6,
    0xf, 0xff, 0xf9, 0x0, 0x0, 0x0, 0x8f, 0xff,
    0xf1, 0xa, 0xff, 0xfe, 0x0, 0x0, 0x0, 0xdf,
    0xff, 0xa0, 0x4, 0xff, 0xff, 0x30, 0x0, 0x2,
    0xff, 0xff, 0x40, 0x0, 0xef, 0xff, 0x80, 0x0,
    0x8, 0xff, 0xfe, 0x0, 0x0, 0x8f, 0xff, 0xd0,
    0x0, 0xd, 0xff, 0xf8, 0x0, 0x0, 0x2f, 0xff,
    0xf3, 0x0, 0x2f, 0xff, 0xf2, 0x0, 0x0, 0xc,
    0xff, 0xf8, 0x0, 0x8f, 0xff, 0xc0, 0x0, 0x0,
    0x6, 0xff, 0xfd, 0x0, 0xdf, 0xff, 0x60, 0x0,
    0x0, 0x1, 0xff, 0xff, 0x12, 0xff, 0xff, 0x10,
    0x0, 0x0, 0x0, 0xaf, 0xff, 0x56, 0xff, 0xfa,
    0x0, 0x0, 0x0, 0x0, 0x4f, 0xff, 0x9b, 0xff,
    0xf4, 0x0, 0x0, 0x0, 0x0, 0xe, 0xff, 0xdf,
    0xff, 0xe0, 0x0, 0x0, 0x0, 0x0, 0x9, 0xff,
    0xff, 0xff, 0x80, 0x0, 0x0, 0x0, 0x0, 0x3,
    0xff, 0xff, 0xff, 0x20, 0x0, 0x0, 0x0, 0x0,
    0x0, 0xdf, 0xff, 0xfc, 0x0, 0x0, 0x0, 0x0,
    0x0, 0x0, 0x7f, 0xff, 0xf6, 0x0, 0x0, 0x0,
    0x0, 0x0, 0x0, 0x8f, 0xff, 0xf1, 0x0, 0x0,
    0x0, 0x0, 0x0, 0x0, 0xcf, 0xff, 0xa0, 0x0,
    0x0, 0x0, 0x0, 0x4a, 0x8c, 0xff, 0xff, 0x30,
    0x0, 0x0, 0x0, 0x0, 0xaf, 0xff, 0xff, 0xfa,
    0x0, 0x0, 0x0, 0x0, 0x0, 0xef, 0xff, 0xff,
    0xb0, 0x0, 0x0, 0x0, 0x0, 0x1, 0xce, 0xfe,
    0xc6, 0x0, 0x0, 0x0, 0x0, 0x0,

    /* U+00FE "þ" */
    0x2f, 0xff, 0xf4, 0x0, 0x0, 0x0, 0x0, 0x0,
    0x2, 0xff, 0xff, 0x40, 0x0, 0x0, 0x0, 0x0,
    0x0, 0x2f, 0xff, 0xf4, 0x0, 0x0, 0x0, 0x0,
    0x0, 0x2, 0xff, 0xff, 0x40, 0x0, 0x0, 0x0,
    0x0, 0x0, 0x2f, 0xff, 0xf4, 0x0, 0x0, 0x0,
    0x0, 0x0, 0x2, 0xff, 0xff, 0x40, 0x5c, 0xff,
    0xc7, 0x0, 0x0, 0x2f, 0xff, 0xf4, 0x8f, 0xff,
    0xff, 0xfd, 0x20, 0x2, 0xff, 0xff, 0x8f, 0xff,
    0xff, 0xff, 0xfe, 0x10, 0x2f, 0xff, 0xff, 0xfd,
    0xab, 0xff, 0xff, 0xf9, 0x2, 0xff, 0xff, 0xf8,
    0x0, 0x3, 0xff, 0xff, 0xf0, 0x2f, 0xff, 0xfc,
    0x0, 0x0, 0x6, 0xff, 0xff, 0x52, 0xff, 0xff,
    0x60, 0x0, 0x0, 0xf, 0xff, 0xf8, 0x2f, 0xff,
    0xf3, 0x0, 0x0, 0x0, 0xdf, 0xff, 0x92, 0xff,
    0xff, 0x30, 0x0, 0x0, 0xc, 0xff, 0xfa, 0x2f,
    0xff, 0xf3, 0x0, 0x0, 0x0, 0xdf, 0xff, 0x92,
    0xff, 0xff, 0x60, 0x0, 0x0, 0x1f, 0xff, 0xf8,
    0x2f, 0xff, 0xfc, 0x0, 0x0, 0x6, 0xff, 0xff,
    0x52, 0xff, 0xff, 0xf8, 0x0, 0x3, 0xff, 0xff,
    0xf0, 0x2f, 0xff, 0xff, 0xfd, 0xab, 0xff, 0xff,
    0xf9, 0x2, 0xff, 0xff, 0x9f, 0xff, 0xff, 0xff,
    0xfe, 0x10, 0x2f, 0xff, 0xf4, 0x9f, 0xff, 0xff,
    0xfd, 0x20, 0x2, 0xff, 0xff, 0x40, 0x5c, 0xff,
    0xc7, 0x0, 0x0, 0x2f, 0xff, 0xf4, 0x0, 0x0,
    0x0, 0x0, 0x0, 0x2, 0xff, 0xff, 0x40, 0x0,
    0x0, 0x0, 0x0, 0x0, 0x2f, 0xff, 0xf4, 0x0,
    0x0, 0x0, 0x0, 0x0, 0x2, 0xff, 0xff, 0x40,
    0x0, 0x0, 0x0, 0x0, 0x0, 0x2f, 0xff, 0xf4,
    0x0, 0x0, 0x0, 0x0, 0x0, 0x2, 0xff, 0xff,
    0x40, 0x0, 0x0, 0x0, 0x0, 0x0,

    /* U+00FF "ÿ" */
    0x0, 0x0, 0x7e, 0xd3, 0x0, 0x2c, 0xf9, 0x0,
    0x0, 0x0, 0x3, 0xff, 0xfd, 0x0, 0xbf, 0xff,
    0x50, 0x0, 0x0, 0x4, 0xff, 0xfe, 0x0, 0xdf,
    0xff, 0x60, 0x0, 0x0, 0x0, 0xdf, 0xf7, 0x0,
    0x6f, 0xfe, 0x10, 0x0, 0x0, 0x0, 0x4, 0x30,
    0x0, 0x2, 0x51, 0x0, 0x0, 0x0, 0x0, 0x0,
    0x0, 0x0, 0x0, 0x0, 0x0, 0x0, 0x0, 0x0,
    0x0, 0x0, 0x0, 0x0, 0x0, 0x0, 0x0, 0x5f,
    0xff, 0xf4, 0x0, 0x0, 0x0, 0x2f, 0xff, 0xf6,
    0xf, 0xff, 0xf9, 0x0, 0x0, 0x0, 0x8f, 0xff,
    0xf1, 0xa, 0xff, 0xfe, 0x0, 0x0, 0x0, 0xdf,
    0xff, 0xa0, 0x4, 0xff, 0xff, 0x30, 0x0, 0x2,
    0xff, 0xff, 0x40, 0x0, 0xef, 0xff, 0x80, 0x0,
    0x8, 0xff, 0xfe, 0x0, 0x0, 0x8f, 0xff, 0xd0,
    0x0, 0xd, 0xff, 0xf8, 0x0, 0x0, 0x2f, 0xff,
    0xf3, 0x0, 0x2f, 0xff, 0xf2, 0x0, 0x0, 0xc,
    0xff, 0xf8, 0x0, 0x8f, 0xff, 0xc0, 0x0, 0x0,
    0x6, 0xff, 0xfd, 0x0, 0xdf, 0xff, 0x60, 0x0,
    0x0, 0x1, 0xff, 0xff, 0x12, 0xff, 0xff, 0x10,
    0x0, 0x0, 0x0, 0xaf, 0xff, 0x56, 0xff, 0xfa,
    0x0, 0x0, 0x0, 0x0, 0x4f, 0xff, 0x9b, 0xff,
    0xf4, 0x0, 0x0, 0x0, 0x0, 0xe, 0xff, 0xdf,
    0xff, 0xe0, 0x0, 0x0, 0x0, 0x0, 0x9, 0xff,
    0xff, 0xff, 0x80, 0x0, 0x0, 0x0, 0x0, 0x3,
    0xff, 0xff, 0xff, 0x20, 0x0, 0x0, 0x0, 0x0,
    0x0, 0xdf, 0xff, 0xfc, 0x0, 0x0, 0x0, 0x0,
    0x0, 0x0, 0x7f, 0xff, 0xf6, 0x0, 0x0, 0x0,
    0x0, 0x0, 0x0, 0x8f, 0xff, 0xf1, 0x0, 0x0,
    0x0, 0x0, 0x0, 0x0, 0xcf, 0xff, 0xa0, 0x0,
    0x0, 0x0, 0x0, 0x4a, 0x8c, 0xff, 0xff, 0x30,
    0x0, 0x0, 0x0, 0x0, 0xaf, 0xff, 0xff, 0xfa,
    0x0, 0x0, 0x0, 0x0, 0x0, 0xef, 0xff, 0xff,
    0xb0, 0x0, 0x0, 0x0, 0x0, 0x1, 0xce, 0xfe,
    0xc6, 0x0, 0x0, 0x0, 0x0, 0x0,

    /* U+0102 "Ă" */
    0x0, 0x0, 0x0, 0x56, 0x40, 0x0, 0x2, 0x66,
    0x10, 0x0, 0x0, 0x0, 0x0, 0x0, 0xcf, 0xe0,
    0x0, 0xa, 0xff, 0x10, 0x0, 0x0, 0x0, 0x0,
    0x0, 0x6f, 0xfc, 0x54, 0x9f, 0xfb, 0x0, 0x0,
    0x0, 0x0, 0x0, 0x0, 0xb, 0xff, 0xff, 0xff,
    0xe2, 0x0, 0x0, 0x0, 0x0, 0x0, 0x0, 0x0,
    0x7e, 0xff, 0xf9, 0x10, 0x0, 0x0, 0x0, 0x0,
    0x0, 0x0, 0x0, 0x0, 0x11, 0x0, 0x0, 0x0,
    0x0, 0x0, 0x0, 0x0, 0x0, 0x0, 0x0, 0x0,
    0x0, 0x0, 0x0, 0x0, 0x0, 0x0, 0x0, 0x0,
    0x0, 0xcd, 0xdd, 0xdd, 0x20, 0x0, 0x0, 0x0,
    0x0, 0x0, 0x0, 0x4, 0xff, 0xff, 0xff, 0x70,
    0x0, 0x0, 0x0, 0x0, 0x0, 0x0, 0xa, 0xff,
    0xff, 0xff, 0xd0, 0x0, 0x0, 0x0, 0x0, 0x0,
    0x0, 0xf, 0xff, 0xff, 0xff, 0xf3, 0x0, 0x0,
    0x0, 0x0, 0x0, 0x0, 0x4f, 0xff, 0xdb, 0xff,
    0xf8, 0x0, 0x0, 0x0, 0x0, 0x0, 0x0, 0xaf,
    0xff, 0x97, 0xff, 0xfe, 0x0, 0x0, 0x0, 0x0,
    0x0, 0x0, 0xff, 0xff, 0x53, 0xff, 0xff, 0x40,
    0x0, 0x0, 0x0, 0x0, 0x5, 0xff, 0xff, 0x10,
    0xef, 0xff, 0x90, 0x0, 0x0, 0x0, 0x0, 0xa,
    0xff, 0xfd, 0x0, 0xaf, 0xff, 0xe0, 0x0, 0x0,
    0x0, 0x0, 0xf, 0xff, 0xf9, 0x0, 0x5f, 0xff,
    0xf4, 0x0, 0x0, 0x0, 0x0, 0x5f, 0xff, 0xf4,
    0x0, 0x1f, 0xff, 0xfa, 0x0, 0x0, 0x0, 0x0,
    0xbf, 0xff, 0xf0, 0x0, 0xc, 0xff, 0xff, 0x0,
    0x0, 0x0, 0x1, 0xff, 0xff, 0xb0, 0x0, 0x7,
    0xff, 0xff, 0x50, 0x0, 0x0, 0x6, 0xff, 0xff,
    0xc9, 0x99, 0x9a, 0xff, 0xff, 0xb0, 0x0, 0x0,
    0xb, 0xff, 0xff, 0xff, 0xff, 0xff, 0xff, 0xff,
    0xf1, 0x0, 0x0, 0x1f, 0xff, 0xff, 0xff, 0xff,
    0xff, 0xff, 0xff, 0xf6, 0x0, 0x0, 0x6f, 0xff,
    0xff, 0xff, 0xff, 0xff, 0xff, 0xff, 0xfc, 0x0,
    0x0, 0xbf, 0xff, 0xf1, 0x0, 0x0, 0x0, 0xc,
    0xff, 0xff, 0x10, 0x1, 0xff, 0xff, 0xc0, 0x0,
    0x0, 0x0, 0x7, 0xff, 0xff, 0x70, 0x6, 0xff,
    0xff, 0x70, 0x0, 0x0, 0x0, 0x1, 0xff, 0xff,
    0xc0, 0xc, 0xff, 0xff, 0x20, 0x0, 0x0, 0x0,
    0x0, 0xcf, 0xff, 0xf2, 0x1f, 0xff, 0xfd, 0x0,
    0x0, 0x0, 0x0, 0x0, 0x7f, 0xff, 0xf8,

    /* U+0103 "ă" */
    0x0, 0x5f, 0xf3, 0x0, 0x0, 0xef, 0x90, 0x0,
    0x2, 0xff, 0xc1, 0x0, 0x9f, 0xf6, 0x0, 0x0,
    0x9, 0xff, 0xfd, 0xff, 0xfd, 0x0, 0x0, 0x0,
    0x9, 0xff, 0xff, 0xfc, 0x10, 0x0, 0x0, 0x0,
    0x2, 0x79, 0x74, 0x0, 0x0, 0x0, 0x0, 0x0,
    0x0, 0x0, 0x0, 0x0, 0x0, 0x0, 0x0, 0x15,
    0x78, 0x86, 0x20, 0x0, 0x0, 0x1, 0xaf, 0xff,
    0xff, 0xff, 0xc3, 0x0, 0x2, 0xef, 0xff, 0xff,
    0xff, 0xff, 0xf4, 0x0, 0xdf, 0xff, 0xfd, 0xbc,
    0xff, 0xff, 0xe0, 0x5f, 0xff, 0xf5, 0x0, 0x5,
    0xff, 0xff, 0x50, 0x13, 0x65, 0x0, 0x0, 0xe,
    0xff, 0xf7, 0x0, 0x0, 0x0, 0x0, 0x3, 0xff,
    0xff, 0x80, 0x0, 0x15, 0x7a, 0xce, 0xff, 0xff,
    0xf8, 0x1, 0xaf, 0xff, 0xff, 0xff, 0xff, 0xff,
    0x81, 0xef, 0xff, 0xff, 0xfe, 0xae, 0xff, 0xf8,
    0xaf, 0xff, 0xf8, 0x30, 0x0, 0xdf, 0xff, 0x8e,
    0xff, 0xf6, 0x0, 0x0, 0xe, 0xff, 0xf8, 0xff,
    0xff, 0x40, 0x0, 0x3, 0xff, 0xff, 0x8d, 0xff,
    0xfb, 0x0, 0x3, 0xdf, 0xff, 0xf8, 0x9f, 0xff,
    0xff, 0xcd, 0xff, 0xff, 0xff, 0x81, 0xef, 0xff,
    0xff, 0xff, 0xaa, 0xff, 0xf8, 0x1, 0xaf, 0xff,
    0xff, 0x80, 0xaf, 0xff, 0x80, 0x0, 0x13, 0x43,
    0x0, 0x0, 0x0, 0x0,

    /* U+0110 "Đ" */
    0x0, 0xb, 0xdd, 0xdd, 0xdd, 0xdc, 0xb9, 0x50,
    0x0, 0x0, 0x0, 0x0, 0xe, 0xff, 0xff, 0xff,
    0xff, 0xff, 0xfe, 0x70, 0x0, 0x0, 0x0, 0xe,
    0xff, 0xff, 0xff, 0xff, 0xff, 0xff, 0xfd, 0x10,
    0x0, 0x0, 0xe, 0xff, 0xff, 0xff, 0xff, 0xff,
    0xff, 0xff, 0xd1, 0x0, 0x0, 0xe, 0xff, 0xf9,
    0x0, 0x1, 0x39, 0xff, 0xff, 0xfb, 0x0, 0x0,
    0xe, 0xff, 0xf9, 0x0, 0x0, 0x0, 0x2d, 0xff,
    0xff, 0x40, 0x0, 0xe, 0xff, 0xf9, 0x0, 0x0,
    0x0, 0x2, 0xff, 0xff, 0xa0, 0x0, 0xe, 0xff,
    0xf9, 0x0, 0x0, 0x0, 0x0, 0xaf, 0xff, 0xf0,
    0x0, 0xe, 0xff, 0xf9, 0x0, 0x0, 0x0, 0x0,
    0x5f, 0xff, 0xf3, 0x46, 0x6e, 0xff, 0xfb, 0x66,
    0x66, 0x10, 0x0, 0x2f, 0xff, 0xf5, 0xbf, 0xff,
    0xff, 0xff, 0xff, 0xff, 0x30, 0x0, 0x1f, 0xff,
    0xf6, 0xbf, 0xff, 0xff, 0xff, 0xff, 0xff, 0x30,
    0x0, 0x1f, 0xff, 0xf6, 0x69, 0x9f, 0xff, 0xfd,
    0x99, 0x99, 0x20, 0x0, 0x2f, 0xff, 0xf5, 0x0,
    0xe, 0xff, 0xf9, 0x0, 0x0, 0x0, 0x0, 0x4f,
    0xff, 0xf3, 0x0, 0xe, 0xff, 0xf9, 0x0, 0x0,
    0x0, 0x0, 0x9f, 0xff, 0xf0, 0x0, 0xe, 0xff,
    0xf9, 0x0, 0x0, 0x0, 0x1, 0xef, 0xff, 0xb0,
    0x0, 0xe, 0xff, 0xf9, 0x0, 0x0, 0x0, 0xb,
    0xff, 0xff, 0x50, 0x0, 0xe, 0xff, 0xf9, 0x0,
    0x0, 0x16, 0xdf, 0xff, 0xfc, 0x0, 0x0, 0xe,
    0xff, 0xff, 0xdd, 0xdf, 0xff, 0xff, 0xff, 0xe2,
    0x0, 0x0, 0xe, 0xff, 0xff, 0xff, 0xff, 0xff,
    0xff, 0xfe, 0x30, 0x0, 0x0, 0xe, 0xff, 0xff,
    0xff, 0xff, 0xff, 0xff, 0xa1, 0x0, 0x0, 0x0,
    0xe, 0xff, 0xff, 0xff, 0xff, 0xeb, 0x72, 0x0,
    0x0, 0x0,

    /* U+0111 "đ" */
    0x0, 0x0, 0x0, 0x0, 0x0, 0x4, 0xdd, 0xdd,
    0x0, 0x0, 0x0, 0x0, 0x4, 0x66, 0x6a, 0xff,
    0xff, 0x75, 0x0, 0x0, 0x0, 0xa, 0xff, 0xff,
    0xff, 0xff, 0xfe, 0x0, 0x0, 0x0, 0xa, 0xff,
    0xff, 0xff, 0xff, 0xfe, 0x0, 0x0, 0x0, 0x2,
    0x33, 0x37, 0xff, 0xff, 0x33, 0x0, 0x0, 0x16,
    0x88, 0x50, 0x5, 0xff, 0xff, 0x0, 0x0, 0x9,
    0xff, 0xff, 0xfd, 0x25, 0xff, 0xff, 0x0, 0x0,
    0xbf, 0xff, 0xff, 0xff, 0xe6, 0xff, 0xff, 0x0,
    0x7, 0xff, 0xff, 0xff, 0xff, 0xfe, 0xff, 0xff,
    0x0, 0xf, 0xff, 0xff, 0x70, 0x3, 0xdf, 0xff,
    0xff, 0x0, 0x5f, 0xff, 0xf8, 0x0, 0x0, 0x1f,
    0xff, 0xff, 0x0, 0x9f, 0xff, 0xf1, 0x0, 0x0,
    0x9, 0xff, 0xff, 0x0, 0xbf, 0xff, 0xd0, 0x0,
    0x0, 0x6, 0xff, 0xff, 0x0, 0xcf, 0xff, 0xb0,
    0x0, 0x0, 0x4, 0xff, 0xff, 0x0, 0xcf, 0xff,
    0xc0, 0x0, 0x0, 0x5, 0xff, 0xff, 0x0, 0xaf,
    0xff, 0xe0, 0x0, 0x0, 0x7, 0xff, 0xff, 0x0,
    0x8f, 0xff, 0xf2, 0x0, 0x0, 0xc, 0xff, 0xff,
    0x0, 0x3f, 0xff, 0xfb, 0x0, 0x0, 0x5f, 0xff,
    0xff, 0x0, 0xd, 0xff, 0xff, 0xc5, 0x48, 0xff,
    0xff, 0xff, 0x0, 0x4, 0xff, 0xff, 0xff, 0xff,
    0xfc, 0xff, 0xff, 0x0, 0x0, 0x7f, 0xff, 0xff,
    0xff, 0xb4, 0xff, 0xff, 0x0, 0x0, 0x4, 0xcf,
    0xff, 0xf9, 0x4, 0xff, 0xff, 0x0, 0x0, 0x0,
    0x1, 0x33, 0x0, 0x0, 0x0, 0x0, 0x0,

    /* U+01A0 "Ơ" */
    0x0, 0x0, 0x0, 0x0, 0x0, 0x0, 0x0, 0x0,
    0xe, 0xee, 0xc0, 0x0, 0x0, 0x0, 0x0, 0x0,
    0x0, 0x0, 0x0, 0xff, 0xfd, 0x0, 0x0, 0x0,
    0x0, 0x0, 0x11, 0x0, 0x0, 0xf, 0xff, 0xd0,
    0x0, 0x0, 0x5, 0xae, 0xff, 0xff, 0xed, 0xdd,
    0xff, 0xfc, 0x0, 0x0, 0x3d, 0xff, 0xff, 0xff,
    0xff, 0xff, 0xff, 0xff, 0x70, 0x0, 0x5f, 0xff,
    0xff, 0xff, 0xff, 0xff, 0xff, 0xfc, 0x70, 0x0,
    0x4f, 0xff, 0xff, 0xff, 0xef, 0xff, 0xff, 0xff,
    0x60, 0x0, 0xe, 0xff, 0xff, 0xc4, 0x0, 0x3,
    0xbf, 0xff, 0xff, 0x20, 0x7, 0xff, 0xff, 0xb0,
    0x0, 0x0, 0x0, 0x9f, 0xff, 0xf9, 0x0, 0xef,
    0xff, 0xe1, 0x0, 0x0, 0x0, 0x0, 0xdf, 0xff,
    0xf0, 0x3f, 0xff, 0xf8, 0x0, 0x0, 0x0, 0x0,
    0x6, 0xff, 0xff, 0x56, 0xff, 0xff, 0x30, 0x0,
    0x0, 0x0, 0x0, 0x1f, 0xff, 0xf8, 0x8f, 0xff,
    0xf0, 0x0, 0x0, 0x0, 0x0, 0x0, 0xef, 0xff,
    0xa9, 0xff, 0xff, 0x0, 0x0, 0x0, 0x0, 0x0,
    0xd, 0xff, 0xfb, 0x9f, 0xff, 0xf0, 0x0, 0x0,
    0x0, 0x0, 0x0, 0xdf, 0xff, 0xb8, 0xff, 0xff,
    0x0, 0x0, 0x0, 0x0, 0x0, 0xe, 0xff, 0xfa,
    0x6f, 0xff, 0xf2, 0x0, 0x0, 0x0, 0x0, 0x0,
    0xff, 0xff, 0x83, 0xff, 0xff, 0x70, 0x0, 0x0,
    0x0, 0x0, 0x5f, 0xff, 0xf5, 0xf, 0xff, 0xfd,
    0x0, 0x0, 0x0, 0x0, 0xc, 0xff, 0xff, 0x10,
    0x9f, 0xff, 0xf8, 0x0, 0x0, 0x0, 0x6, 0xff,
    0xff, 0xa0, 0x1, 0xff, 0xff, 0xf9, 0x10, 0x0,
    0x18, 0xff, 0xff, 0xf3, 0x0, 0x6, 0xff, 0xff,
    0xff, 0xcb, 0xcf, 0xff, 0xff, 0xf8, 0x0, 0x0,
    0x8, 0xff, 0xff, 0xff, 0xff, 0xff, 0xff, 0xfa,
    0x0, 0x0, 0x0, 0x6, 0xff, 0xff, 0xff, 0xff,
    0xff, 0xf7, 0x0, 0x0, 0x0, 0x0, 0x1, 0x8d,
    0xff, 0xff, 0xfe, 0x91, 0x0, 0x0, 0x0, 0x0,
    0x0, 0x0, 0x1, 0x34, 0x31, 0x0, 0x0, 0x0,
    0x0,

    /* U+01A1 "ơ" */
    0x0, 0x0, 0x0, 0x0, 0x0, 0x0, 0x0, 0x0,
    0x0, 0x0, 0x0, 0x0, 0x0, 0x0, 0x0, 0x7,
    0xff, 0xf1, 0x0, 0x0, 0x0, 0x0, 0x0, 0x0,
    0x7, 0xff, 0xf1, 0x0, 0x0, 0x0, 0x0, 0x0,
    0x0, 0x7, 0xff, 0xf0, 0x0, 0x0, 0x2, 0x68,
    0x98, 0x76, 0x6c, 0xff, 0xe0, 0x0, 0x3, 0xcf,
    0xff, 0xff, 0xff, 0xff, 0xff, 0x60, 0x0, 0x5f,
    0xff, 0xff, 0xff, 0xff, 0xff, 0xa4, 0x0, 0x3,
    0xff, 0xff, 0xff, 0xef, 0xff, 0xff, 0x90, 0x0,
    0xd, 0xff, 0xff, 0x60, 0x2, 0xcf, 0xff, 0xf3,
    0x0, 0x3f, 0xff, 0xf7, 0x0, 0x0, 0x1f, 0xff,
    0xf9, 0x0, 0x8f, 0xff, 0xf0, 0x0, 0x0, 0x9,
    0xff, 0xff, 0x0, 0xaf, 0xff, 0xc0, 0x0, 0x0,
    0x6, 0xff, 0xff, 0x10, 0xcf, 0xff, 0xb0, 0x0,
    0x0, 0x4, 0xff, 0xff, 0x20, 0xcf, 0xff, 0xb0,
    0x0, 0x0, 0x4, 0xff, 0xff, 0x20, 0xaf, 0xff,
    0xd0, 0x0, 0x0, 0x6, 0xff, 0xff, 0x0, 0x7f,
    0xff, 0xf1, 0x0, 0x0, 0xb, 0xff, 0xfe, 0x0,
    0x2f, 0xff, 0xfa, 0x0, 0x0, 0x3f, 0xff, 0xf8,
    0x0, 0xb, 0xff, 0xff, 0xa3, 0x36, 0xff, 0xff,
    0xf2, 0x0, 0x1, 0xef, 0xff, 0xff, 0xff, 0xff,
    0xff, 0x60, 0x0, 0x0, 0x2d, 0xff, 0xff, 0xff,
    0xff, 0xf7, 0x0, 0x0, 0x0, 0x0, 0x8e, 0xff,
    0xff, 0xfb, 0x30, 0x0, 0x0, 0x0, 0x0, 0x0,
    0x24, 0x43, 0x0, 0x0, 0x0, 0x0,

    /* U+01AF "Ư" */
    0x0, 0x0, 0x0, 0x0, 0x0, 0x0, 0x0, 0x0,
    0x5, 0xee, 0xe7, 0x0, 0x0, 0x0, 0x0, 0x0,
    0x0, 0x0, 0x0, 0x5, 0xff, 0xf8, 0x0, 0x0,
    0x0, 0x0, 0x0, 0x0, 0x0, 0x0, 0x5, 0xff,
    0xf8, 0xd, 0xdd, 0xd6, 0x0, 0x0, 0x0, 0x0,
    0x6d, 0xde, 0xff, 0xf7, 0xf, 0xff, 0xf7, 0x0,
    0x0, 0x0, 0x0, 0x7f, 0xff, 0xff, 0xf3, 0xf,
    0xff, 0xf7, 0x0, 0x0, 0x0, 0x0, 0x7f, 0xff,
    0xfd, 0x50, 0xf, 0xff, 0xf7, 0x0, 0x0, 0x0,
    0x0, 0x7f, 0xff, 0xf0, 0x0, 0xf, 0xff, 0xf7,
    0x0, 0x0, 0x0, 0x0, 0x7f, 0xff, 0xf0, 0x0,
    0xf, 0xff, 0xf7, 0x0, 0x0, 0x0, 0x0, 0x7f,
    0xff, 0xf0, 0x0, 0xf, 0xff, 0xf7, 0x0, 0x0,
    0x0, 0x0, 0x7f, 0xff, 0xf0, 0x0, 0xf, 0xff,
    0xf7, 0x0, 0x0, 0x0, 0x0, 0x7f, 0xff, 0xf0,
    0x0, 0xf, 0xff, 0xf7, 0x0, 0x0, 0x0, 0x0,
    0x7f, 0xff, 0xf0, 0x0, 0xf, 0xff, 0xf7, 0x0,
    0x0, 0x0, 0x0, 0x7f, 0xff, 0xf0, 0x0, 0xf,
    0xff, 0xf7, 0x0, 0x0, 0x0, 0x0, 0x7f, 0xff,
    0xf0, 0x0, 0xf, 0xff, 0xf7, 0x0, 0x0, 0x0,
    0x0, 0x7f, 0xff, 0xf0, 0x0, 0xf, 0xff, 0xf7,
    0x0, 0x0, 0x0, 0x0, 0x7f, 0xff, 0xf0, 0x0,
    0xf, 0xff, 0xf7, 0x0, 0x0, 0x0, 0x0, 0x7f,
    0xff, 0xf0, 0x0, 0xf, 0xff, 0xf8, 0x0, 0x0,
    0x0, 0x0, 0x8f, 0xff, 0xf0, 0x0, 0xe, 0xff,
    0xfb, 0x0, 0x0, 0x0, 0x0, 0xcf, 0xff, 0xe0,
    0x0, 0xb, 0xff, 0xff, 0x30, 0x0, 0x0, 0x4,
    0xff, 0xff, 0xb0, 0x0, 0x6, 0xff, 0xff, 0xe4,
    0x0, 0x0, 0x5e, 0xff, 0xff, 0x50, 0x0, 0x0,
    0xdf, 0xff, 0xff, 0xdb, 0xbe, 0xff, 0xff, 0xfd,
    0x0, 0x0, 0x0, 0x2e, 0xff, 0xff, 0xff, 0xff,
    0xff, 0xff, 0xe1, 0x0, 0x0, 0x0, 0x2, 0xcf,
    0xff, 0xff, 0xff, 0xff, 0xfc, 0x20, 0x0, 0x0,
    0x0, 0x0, 0x6, 0xbf, 0xff, 0xff, 0xfb, 0x50,
    0x0, 0x0, 0x0, 0x0, 0x0, 0x0, 0x0, 0x24,
    0x42, 0x0, 0x0, 0x0, 0x0, 0x0,

    /* U+01B0 "ư" */
    0x0, 0x0, 0x0, 0x0, 0x0, 0x0, 0x0, 0x0,
    0x0, 0x0, 0x0, 0x0, 0x0, 0x0, 0x0, 0x0,
    0x3, 0xff, 0xf4, 0x0, 0x0, 0x0, 0x0, 0x0,
    0x0, 0x0, 0x3f, 0xff, 0x40, 0x0, 0x0, 0x0,
    0x0, 0x0, 0x0, 0x3, 0xff, 0xf4, 0x6, 0x66,
    0x61, 0x0, 0x0, 0x3, 0x66, 0x8f, 0xff, 0x32,
    0xff, 0xff, 0x40, 0x0, 0x0, 0x9f, 0xff, 0xff,
    0xf0, 0x2f, 0xff, 0xf4, 0x0, 0x0, 0x9, 0xff,
    0xff, 0xf6, 0x2, 0xff, 0xff, 0x40, 0x0, 0x0,
    0x9f, 0xff, 0xd1, 0x0, 0x2f, 0xff, 0xf4, 0x0,
    0x0, 0x9, 0xff, 0xfd, 0x0, 0x2, 0xff, 0xff,
    0x40, 0x0, 0x0, 0x9f, 0xff, 0xd0, 0x0, 0x2f,
    0xff, 0xf4, 0x0, 0x0, 0x9, 0xff, 0xfd, 0x0,
    0x2, 0xff, 0xff, 0x40, 0x0, 0x0, 0x9f, 0xff,
    0xd0, 0x0, 0x2f, 0xff, 0xf4, 0x0, 0x0, 0x9,
    0xff, 0xfd, 0x0, 0x2, 0xff, 0xff, 0x40, 0x0,
    0x0, 0x9f, 0xff, 0xd0, 0x0, 0x2f, 0xff, 0xf4,
    0x0, 0x0, 0xa, 0xff, 0xfd, 0x0, 0x1, 0xff,
    0xff, 0x70, 0x0, 0x0, 0xdf, 0xff, 0xd0, 0x0,
    0xf, 0xff, 0xfe, 0x10, 0x0, 0x6f, 0xff, 0xfd,
    0x0, 0x0, 0xbf, 0xff, 0xfe, 0x98, 0xbf, 0xff,
    0xff, 0xd0, 0x0, 0x4, 0xff, 0xff, 0xff, 0xff,
    0xf8, 0xff, 0xfd, 0x0, 0x0, 0x9, 0xff, 0xff,
    0xff, 0xf6, 0x5f, 0xff, 0xd0, 0x0, 0x0, 0x6,
    0xdf, 0xff, 0xd5, 0x5, 0xff, 0xfd, 0x0, 0x0,
    0x0, 0x0, 0x12, 0x10, 0x0, 0x0, 0x0, 0x0,
    0x0,

    /* U+1EA0 "Ạ" */
    0x0, 0x0, 0x0, 0x0, 0xcd, 0xdd, 0xdd, 0x20,
    0x0, 0x0, 0x0, 0x0, 0x0, 0x0, 0x4, 0xff,
    0xff, 0xff, 0x70, 0x0, 0x0, 0x0, 0x0, 0x0,
    0x0, 0xa, 0xff, 0xff, 0xff, 0xd0, 0x0, 0x0,
    0x0, 0x0, 0x0, 0x0, 0xf, 0xff, 0xff, 0xff,
    0xf3, 0x0, 0x0, 0x0, 0x0, 0x0, 0x0, 0x4f,
    0xff, 0xdb, 0xff, 0xf8, 0x0, 0x0, 0x0, 0x0,
    0x0, 0x0, 0xaf, 0xff, 0x97, 0xff, 0xfe, 0x0,
    0x0, 0x0, 0x0, 0x0, 0x0, 0xff, 0xff, 0x53,
    0xff, 0xff, 0x40, 0x0, 0x0, 0x0, 0x0, 0x5,
    0xff, 0xff, 0x10, 0xef, 0xff, 0x90, 0x0, 0x0,
    0x0, 0x0, 0xa, 0xff, 0xfd, 0x0, 0xaf, 0xff,
    0xe0, 0x0, 0x0, 0x0, 0x0, 0xf, 0xff, 0xf9,
    0x0, 0x5f, 0xff, 0xf4, 0x0, 0x0, 0x0, 0x0,
    0x5f, 0xff, 0xf4, 0x0, 0x1f, 0xff, 0xfa, 0x0,
    0x0, 0x0, 0x0, 0xbf, 0xff, 0xf0, 0x0, 0xc,
    0xff, 0xff, 0x0, 0x0, 0x0, 0x1, 0xff, 0xff,
    0xb0, 0x0, 0x7, 0xff, 0xff, 0x50, 0x0, 0x0,
    0x6, 0xff, 0xff, 0xc9, 0x99, 0x9a, 0xff, 0xff,
    0xb0, 0x0, 0x0, 0xb, 0xff, 0xff, 0xff, 0xff,
    0xff, 0xff, 0xff, 0xf1, 0x0, 0x0, 0x1f, 0xff,
    0xff, 0xff, 0xff, 0xff, 0xff, 0xff, 0xf6, 0x0,
    0x0, 0x6f, 0xff, 0xff, 0xff, 0xff, 0xff, 0xff,
    0xff, 0xfc, 0x0, 0x0, 0xbf, 0xff, 0xf1, 0x0,
    0x0, 0x0, 0xc, 0xff, 0xff, 0x10, 0x1, 0xff,
    0xff, 0xc0, 0x0, 0x0, 0x0, 0x7, 0xff, 0xff,
    0x70, 0x6, 0xff, 0xff, 0x70, 0x0, 0x0, 0x0,
    0x1, 0xff, 0xff, 0xc0, 0xc, 0xff, 0xff, 0x20,
    0x0, 0x0, 0x0, 0x0, 0xcf, 0xff, 0xf2, 0x1f,
    0xff, 0xfd, 0x0, 0x0, 0x0, 0x0, 0x0, 0x7f,
    0xff, 0xf8, 0x0, 0x0, 0x0, 0x0, 0x0, 0x0,
    0x0, 0x0, 0x0, 0x0, 0x0, 0x0, 0x0, 0x0,
    0x0, 0x0, 0x0, 0x0, 0x0, 0x0, 0x0, 0x0,
    0x0, 0x0, 0x0, 0x0, 0x3, 0xbc, 0x70, 0x0,
    0x0, 0x0, 0x0, 0x0, 0x0, 0x0, 0x0, 0xe,
    0xff, 0xf5, 0x0, 0x0, 0x0, 0x0, 0x0, 0x0,
    0x0, 0x0, 0x2f, 0xff, 0xf8, 0x0, 0x0, 0x0,
    0x0, 0x0, 0x0, 0x0, 0x0, 0xd, 0xff, 0xf3,
    0x0, 0x0, 0x0, 0x0, 0x0, 0x0, 0x0, 0x0,
    0x1, 0x89, 0x30, 0x0, 0x0, 0x0, 0x0,

    /* U+1EA1 "ạ" */
    0x0, 0x0, 0x15, 0x78, 0x86, 0x20, 0x0, 0x0,
    0x1, 0xaf, 0xff, 0xff, 0xff, 0xc3, 0x0, 0x2,
    0xef, 0xff, 0xff, 0xff, 0xff, 0xf4, 0x0, 0xdf,
    0xff, 0xfd, 0xbc, 0xff, 0xff, 0xe0, 0x5f, 0xff,
    0xf5, 0x0, 0x5, 0xff, 0xff, 0x50, 0x13, 0x65,
    0x0, 0x0, 0xe, 0xff, 0xf7, 0x0, 0x0, 0x0,
    0x0, 0x3, 0xff, 0xff, 0x80, 0x0, 0x15, 0x7a,
    0xce, 0xff, 0xff, 0xf8, 0x1, 0xaf, 0xff, 0xff,
    0xff, 0xff, 0xff, 0x81, 0xef, 0xff, 0xff, 0xfe,
    0xae, 0xff, 0xf8, 0xaf, 0xff, 0xf8, 0x30, 0x0,
    0xdf, 0xff, 0x8e, 0xff, 0xf6, 0x0, 0x0, 0xe,
    0xff, 0xf8, 0xff, 0xff, 0x40, 0x0, 0x3, 0xff,
    0xff, 0x8d, 0xff, 0xfb, 0x0, 0x3, 0xdf, 0xff,
    0xf8, 0x9f, 0xff, 0xff, 0xcd, 0xff, 0xff, 0xff,
    0x81, 0xef, 0xff, 0xff, 0xff, 0xaa, 0xff, 0xf8,
    0x1, 0xaf, 0xff, 0xff, 0x80, 0xaf, 0xff, 0x80,
    0x0, 0x13, 0x43, 0x0, 0x0, 0x0, 0x0, 0x0,
    0x0, 0x0, 0x0, 0x0, 0x0, 0x0, 0x0, 0x0,
    0x0, 0x9, 0xd9, 0x10, 0x0, 0x0, 0x0, 0x0,
    0x9, 0xff, 0xfb, 0x0, 0x0, 0x0, 0x0, 0x0,
    0xcf, 0xff, 0xe0, 0x0, 0x0, 0x0, 0x0, 0x7,
    0xff, 0xf9, 0x0, 0x0, 0x0, 0x0, 0x0, 0x6,
    0x96, 0x0, 0x0, 0x0,

    /* U+1EA2 "Ả" */
    0x0, 0x0, 0x0, 0x0, 0x47, 0x76, 0x20, 0x0,
    0x0, 0x0, 0x0, 0x0, 0x0, 0x0, 0x0, 0xaf,
    0xff, 0xf6, 0x0, 0x0, 0x0, 0x0, 0x0, 0x0,
    0x0, 0x0, 0x8c, 0xcf, 0xfb, 0x0, 0x0, 0x0,
    0x0, 0x0, 0x0, 0x0, 0x0, 0x0, 0x5f, 0xf7,
    0x0, 0x0, 0x0, 0x0, 0x0, 0x0, 0x0, 0x0,
    0x0, 0xef, 0xc0, 0x0, 0x0, 0x0, 0x0, 0x0,
    0x0, 0x0, 0x0, 0x0, 0x11, 0x0, 0x0, 0x0,
    0x0, 0x0, 0x0, 0x0, 0x0, 0x0, 0x0, 0x0,
    0x0, 0x0, 0x0, 0x0, 0x0, 0x0, 0x0, 0x0,
    0x0, 0xcd, 0xdd, 0xdd, 0x20, 0x0, 0x0, 0x0,
    0x0, 0x0, 0x0, 0x4, 0xff, 0xff, 0xff, 0x70,
    0x0, 0x0, 0x0, 0x0, 0x0, 0x0, 0xa, 0xff,
    0xff, 0xff, 0xd0, 0x0, 0x0, 0x0, 0x0, 0x0,
    0x0, 0xf, 0xff, 0xff, 0xff, 0xf3, 0x0, 0x0,
    0x0, 0x0, 0x0, 0x0, 0x4f, 0xff, 0xdb, 0xff,
    0xf8, 0x0, 0x0, 0x0, 0x0, 0x0, 0x0, 0xaf,
    0xff, 0x97, 0xff, 0xfe, 0x0, 0x0, 0x0, 0x0,
    0x0, 0x0, 0xff, 0xff, 0x53, 0xff, 0xff, 0x40,
    0x0, 0x0, 0x0, 0x0, 0x5, 0xff, 0xff, 0x10,
    0xef, 0xff, 0x90, 0x0, 0x0, 0x0, 0x0, 0xa,
    0xff, 0xfd, 0x0, 0xaf, 0xff, 0xe0, 0x0, 0x0,
    0x0, 0x0, 0xf, 0xff, 0xf9, 0x0, 0x5f, 0xff,
    0xf4, 0x0, 0x0, 0x0, 0x0, 0x5f, 0xff, 0xf4,
    0x0, 0x1f, 0xff, 0xfa, 0x0, 0x0, 0x0, 0x0,
    0xbf, 0xff, 0xf0, 0x0, 0xc, 0xff, 0xff, 0x0,
    0x0, 0x0, 0x1, 0xff, 0xff, 0xb0, 0x0, 0x7,
    0xff, 0xff, 0x50, 0x0, 0x0, 0x6, 0xff, 0xff,
    0xc9, 0x99, 0x9a, 0xff, 0xff, 0xb0, 0x0, 0x0,
    0xb, 0xff, 0xff, 0xff, 0xff, 0xff, 0xff, 0xff,
    0xf1, 0x0, 0x0, 0x1f, 0xff, 0xff, 0xff, 0xff,
    0xff, 0xff, 0xff, 0xf6, 0x0, 0x0, 0x6f, 0xff,
    0xff, 0xff, 0xff, 0xff, 0xff, 0xff, 0xfc, 0x0,
    0x0, 0xbf, 0xff, 0xf1, 0x0, 0x0, 0x0, 0xc,
    0xff, 0xff, 0x10, 0x1, 0xff, 0xff, 0xc0, 0x0,
    0x0, 0x0, 0x7, 0xff, 0xff, 0x70, 0x6, 0xff,
    0xff, 0x70, 0x0, 0x0, 0x0, 0x1, 0xff, 0xff,
    0xc0, 0xc, 0xff, 0xff, 0x20, 0x0, 0x0, 0x0,
    0x0, 0xcf, 0xff, 0xf2, 0x1f, 0xff, 0xfd, 0x0,
    0x0, 0x0, 0x0, 0x0, 0x7f, 0xff, 0xf8,

    /* U+1EA3 "ả" */
    0x0, 0x0, 0x0, 0x0, 0x0, 0x0, 0x0, 0x0,
    0x0, 0x3, 0xff, 0xfd, 0x60, 0x0, 0x0, 0x0,
    0x0, 0x3f, 0xff, 0xff, 0x20, 0x0, 0x0, 0x0,
    0x0, 0x33, 0xcf, 0xf1, 0x0, 0x0, 0x0, 0x0,
    0x0, 0x3f, 0xf9, 0x0, 0x0, 0x0, 0x0, 0x0,
    0x5, 0x88, 0x0, 0x0, 0x0, 0x0, 0x0, 0x0,
    0x0, 0x0, 0x0, 0x0, 0x0, 0x0, 0x1, 0x57,
    0x88, 0x62, 0x0, 0x0, 0x0, 0x1a, 0xff, 0xff,
    0xff, 0xfc, 0x30, 0x0, 0x2e, 0xff, 0xff, 0xff,
    0xff, 0xff, 0x40, 0xd, 0xff, 0xff, 0xdb, 0xcf,
    0xff, 0xfe, 0x5, 0xff, 0xff, 0x50, 0x0, 0x5f,
    0xff, 0xf5, 0x1, 0x36, 0x50, 0x0, 0x0, 0xef,
    0xff, 0x70, 0x0, 0x0, 0x0, 0x0, 0x3f, 0xff,
    0xf8, 0x0, 0x1, 0x57, 0xac, 0xef, 0xff, 0xff,
    0x80, 0x1a, 0xff, 0xff, 0xff, 0xff, 0xff, 0xf8,
    0x1e, 0xff, 0xff, 0xff, 0xea, 0xef, 0xff, 0x8a,
    0xff, 0xff, 0x83, 0x0, 0xd, 0xff, 0xf8, 0xef,
    0xff, 0x60, 0x0, 0x0, 0xef, 0xff, 0x8f, 0xff,
    0xf4, 0x0, 0x0, 0x3f, 0xff, 0xf8, 0xdf, 0xff,
    0xb0, 0x0, 0x3d, 0xff, 0xff, 0x89, 0xff, 0xff,
    0xfc, 0xdf, 0xff, 0xff, 0xf8, 0x1e, 0xff, 0xff,
    0xff, 0xfa, 0xaf, 0xff, 0x80, 0x1a, 0xff, 0xff,
    0xf8, 0xa, 0xff, 0xf8, 0x0, 0x1, 0x34, 0x30,
    0x0, 0x0, 0x0, 0x0,

    /* U+1EA4 "Ấ" */
    0x0, 0x0, 0x0, 0x0, 0x0, 0x0, 0x0, 0x2,
    0x22, 0x10, 0x0, 0x0, 0x0, 0x0, 0x0, 0x0,
    0x0, 0x0, 0x1f, 0xff, 0x50, 0x0, 0x0, 0x0,
    0x0, 0x0, 0x0, 0x0, 0x0, 0x8f, 0xfa, 0x0,
    0x0, 0x0, 0x0, 0x0, 0x0, 0x0, 0x0, 0x0,
    0xef, 0xe0, 0x0, 0x0, 0x0, 0x0, 0x0, 0x0,
    0x0, 0x0, 0x4, 0xcc, 0x40, 0x0, 0x0, 0x0,
    0x0, 0x0, 0x0, 0x0, 0x11, 0x0, 0x0, 0x0,
    0x0, 0x0, 0x0, 0x0, 0x0, 0x0, 0x2e, 0xff,
    0xf7, 0x0, 0x0, 0x0, 0x0, 0x0, 0x0, 0x0,
    0x2, 0xef, 0xff, 0xff, 0x60, 0x0, 0x0, 0x0,
    0x0, 0x0, 0x0, 0x1d, 0xff, 0xa4, 0xff, 0xf6,
    0x0, 0x0, 0x0, 0x0, 0x0, 0x1, 0xdf, 0xfc,
    0x0, 0x7f, 0xff, 0x60, 0x0, 0x0, 0x0, 0x0,
    0x3, 0x66, 0x61, 0x0, 0x5, 0x66, 0x60, 0x0,
    0x0, 0x0, 0x0, 0x0, 0x0, 0x0, 0x0, 0x0,
    0x0, 0x0, 0x0, 0x0, 0x0, 0x0, 0x0, 0x0,
    0xcd, 0xdd, 0xdd, 0x20, 0x0, 0x0, 0x0, 0x0,
    0x0, 0x0, 0x4, 0xff, 0xff, 0xff, 0x70, 0x0,
    0x0, 0x0, 0x0, 0x0, 0x0, 0xa, 0xff, 0xff,
    0xff, 0xd0, 0x0, 0x0, 0x0, 0x0, 0x0, 0x0,
    0xf, 0xff, 0xff, 0xff, 0xf3, 0x0, 0x0, 0x0,
    0x0, 0x0, 0x0, 0x4f, 0xff, 0xdb, 0xff, 0xf8,
    0x0, 0x0, 0x0, 0x0, 0x0, 0x0, 0xaf, 0xff,
    0x97, 0xff, 0xfe, 0x0, 0x0, 0x0, 0x0, 0x0,
    0x0, 0xff, 0xff, 0x53, 0xff, 0xff, 0x40, 0x0,
    0x0, 0x0, 0x0, 0x5, 0xff, 0xff, 0x10, 0xef,
    0xff, 0x90, 0x0, 0x0, 0x0, 0x0, 0xa, 0xff,
    0xfd, 0x0, 0xaf, 0xff, 0xe0, 0x0, 0x0, 0x0,
    0x0, 0xf, 0xff, 0xf9, 0x0, 0x5f, 0xff, 0xf4,
    0x0, 0x0, 0x0, 0x0, 0x5f, 0xff, 0xf4, 0x0,
    0x1f, 0xff, 0xfa, 0x0, 0x0, 0x0, 0x0, 0xbf,
    0xff, 0xf0, 0x0, 0xc, 0xff, 0xff, 0x0, 0x0,
    0x0, 0x1, 0xff, 0xff, 0xb0, 0x0, 0x7, 0xff,
    0xff, 0x50, 0x0, 0x0, 0x6, 0xff, 0xff, 0xc9,
    0x99, 0x9a, 0xff, 0xff, 0xb0, 0x0, 0x0, 0xb,
    0xff, 0xff, 0xff, 0xff, 0xff, 0xff, 0xff, 0xf1,
    0x0, 0x0, 0x1f, 0xff, 0xff, 0xff, 0xff, 0xff,
    0xff, 0xff, 0xf6, 0x0, 0x0, 0x6f, 0xff, 0xff,
    0xff, 0xff, 0xff, 0xff, 0xff, 0xfc, 0x0, 0x0,
    0xbf, 0xff, 0xf1, 0x0, 0x0, 0x0, 0xc, 0xff,
    0xff, 0x10, 0x1, 0xff, 0xff, 0xc0, 0x0, 0x0,
    0x0, 0x7, 0xff, 0xff, 0x70, 0x6, 0xff, 0xff,
    0x70, 0x0, 0x0, 0x0, 0x1, 0xff, 0xff, 0xc0,
    0xc, 0xff, 0xff, 0x20, 0x0, 0x0, 0x0, 0x0,
    0xcf, 0xff, 0xf2, 0x1f, 0xff, 0xfd, 0x0, 0x0,
    0x0, 0x0, 0x0, 0x7f, 0xff, 0xf8,

    /* U+1EA5 "ấ" */
    0x0, 0x0, 0x0, 0x0, 0x0, 0x5, 0xbb, 0xa0,
    0x0, 0x0, 0x0, 0x0, 0x0, 0xd, 0xff, 0x60,
    0x0, 0x0, 0x0, 0x0, 0x0, 0x4f, 0xfb, 0x0,
    0x0, 0x0, 0x0, 0x0, 0x0, 0xcf, 0xe1, 0x0,
    0x0, 0x0, 0x0, 0x0, 0x0, 0x33, 0x10, 0x0,
    0x0, 0x0, 0x3, 0xaa, 0xa6, 0x0, 0x0, 0x0,
    0x0, 0x0, 0x2e, 0xff, 0xff, 0x70, 0x0, 0x0,
    0x0, 0x2, 0xef, 0xfa, 0xff, 0xf6, 0x0, 0x0,
    0x0, 0x2e, 0xff, 0xa0, 0x5f, 0xff, 0x60, 0x0,
    0x0, 0xbd, 0xdb, 0x0, 0x7, 0xdd, 0xd3, 0x0,
    0x0, 0x0, 0x0, 0x0, 0x0, 0x0, 0x0, 0x0,
    0x0, 0x0, 0x15, 0x78, 0x86, 0x20, 0x0, 0x0,
    0x0, 0x1a, 0xff, 0xff, 0xff, 0xfc, 0x30, 0x0,
    0x2, 0xef, 0xff, 0xff, 0xff, 0xff, 0xf4, 0x0,
    0xd, 0xff, 0xff, 0xdb, 0xcf, 0xff, 0xfe, 0x0,
    0x5f, 0xff, 0xf5, 0x0, 0x5, 0xff, 0xff, 0x50,
    0x1, 0x36, 0x50, 0x0, 0x0, 0xef, 0xff, 0x70,
    0x0, 0x0, 0x0, 0x0, 0x3, 0xff, 0xff, 0x80,
    0x0, 0x1, 0x57, 0xac, 0xef, 0xff, 0xff, 0x80,
    0x1, 0xaf, 0xff, 0xff, 0xff, 0xff, 0xff, 0x80,
    0x1e, 0xff, 0xff, 0xff, 0xea, 0xef, 0xff, 0x80,
    0xaf, 0xff, 0xf8, 0x30, 0x0, 0xdf, 0xff, 0x80,
    0xef, 0xff, 0x60, 0x0, 0x0, 0xef, 0xff, 0x80,
    0xff, 0xff, 0x40, 0x0, 0x3, 0xff, 0xff, 0x80,
    0xdf, 0xff, 0xb0, 0x0, 0x3d, 0xff, 0xff, 0x80,
    0x9f, 0xff, 0xff, 0xcd, 0xff, 0xff, 0xff, 0x80,
    0x1e, 0xff, 0xff, 0xff, 0xfa, 0xaf, 0xff, 0x80,
    0x1, 0xaf, 0xff, 0xff, 0x80, 0xaf, 0xff, 0x80,
    0x0, 0x1, 0x34, 0x30, 0x0, 0x0, 0x0, 0x0,

    /* U+1EA6 "Ầ" */
    0x0, 0x0, 0x0, 0x0, 0x0, 0x0, 0x22, 0x21,
    0x0, 0x0, 0x0, 0x0, 0x0, 0x0, 0x0, 0x0,
    0x0, 0x8f, 0xfd, 0x0, 0x0, 0x0, 0x0, 0x0,
    0x0, 0x0, 0x0, 0x0, 0xc, 0xff, 0x50, 0x0,
    0x0, 0x0, 0x0, 0x0, 0x0, 0x0, 0x0, 0x2,
    0xff, 0xc0, 0x0, 0x0, 0x0, 0x0, 0x0, 0x0,
    0x0, 0x0, 0x0, 0x6c, 0xc2, 0x0, 0x0, 0x0,
    0x0, 0x0, 0x0, 0x0, 0x11, 0x0, 0x0, 0x0,
    0x0, 0x0, 0x0, 0x0, 0x0, 0x0, 0x2e, 0xff,
    0xf7, 0x0, 0x0, 0x0, 0x0, 0x0, 0x0, 0x0,
    0x2, 0xef, 0xff, 0xff, 0x60, 0x0, 0x0, 0x0,
    0x0, 0x0, 0x0, 0x1d, 0xff, 0xa4, 0xff, 0xf6,
    0x0, 0x0, 0x0, 0x0, 0x0, 0x1, 0xdf, 0xfc,
    0x0, 0x7f, 0xff, 0x60, 0x0, 0x0, 0x0, 0x0,
    0x3, 0x66, 0x61, 0x0, 0x5, 0x66, 0x60, 0x0,
    0x0, 0x0, 0x0, 0x0, 0x0, 0x0, 0x0, 0x0,
    0x0, 0x0, 0x0, 0x0, 0x0, 0x0, 0x0, 0x0,
    0xcd, 0xdd, 0xdd, 0x20, 0x0, 0x0, 0x0, 0x0,
    0x0, 0x0, 0x4, 0xff, 0xff, 0xff, 0x70, 0x0,
    0x0, 0x0, 0x0, 0x0, 0x0, 0xa, 0xff, 0xff,
    0xff, 0xd0, 0x0, 0x0, 0x0, 0x0, 0x0, 0x0,
    0xf, 0xff, 0xff, 0xff, 0xf3, 0x0, 0x0, 0x0,
    0x0, 0x0, 0x0, 0x4f, 0xff, 0xdb, 0xff, 0xf8,
    0x0, 0x0, 0x0, 0x0, 0x0, 0x0, 0xaf, 0xff,
    0x97, 0xff, 0xfe, 0x0, 0x0, 0x0, 0x0, 0x0,
    0x0, 0xff, 0xff, 0x53, 0xff, 0xff, 0x40, 0x0,
    0x0, 0x0, 0x0, 0x5, 0xff, 0xff, 0x10, 0xef,
    0xff, 0x90, 0x0, 0x0, 0x0, 0x0, 0xa, 0xff,
    0xfd, 0x0, 0xaf, 0xff, 0xe0, 0x0, 0x0, 0x0,
    0x0, 0xf, 0xff, 0xf9, 0x0, 0x5f, 0xff, 0xf4,
    0x0, 0x0, 0x0, 0x0, 0x5f, 0xff, 0xf4, 0x0,
    0x1f, 0xff, 0xfa, 0x0, 0x0, 0x0, 0x0, 0xbf,
    0xff, 0xf0, 0x0, 0xc, 0xff, 0xff, 0x0, 0x0,
    0x0, 0x1, 0xff, 0xff, 0xb0, 0x0, 0x7, 0xff,
    0xff, 0x50, 0x0, 0x0, 0x6, 0xff, 0xff, 0xc9,
    0x99, 0x9a, 0xff, 0xff, 0xb0, 0x0, 0x0, 0xb,
    0xff, 0xff, 0xff, 0xff, 0xff, 0xff, 0xff, 0xf1,
    0x0, 0x0, 0x1f, 0xff, 0xff, 0xff, 0xff, 0xff,
    0xff, 0xff, 0xf6, 0x0, 0x0, 0x6f, 0xff, 0xff,
    0xff, 0xff, 0xff, 0xff, 0xff, 0xfc, 0x0, 0x0,
    0xbf, 0xff, 0xf1, 0x0, 0x0, 0x0, 0xc, 0xff,
    0xff, 0x10, 0x1, 0xff, 0xff, 0xc0, 0x0, 0x0,
    0x0, 0x7, 0xff, 0xff, 0x70, 0x6, 0xff, 0xff,
    0x70, 0x0, 0x0, 0x0, 0x1, 0xff, 0xff, 0xc0,
    0xc, 0xff, 0xff, 0x20, 0x0, 0x0, 0x0, 0x0,
    0xcf, 0xff, 0xf2, 0x1f, 0xff, 0xfd, 0x0, 0x0,
    0x0, 0x0, 0x0, 0x7f, 0xff, 0xf8,

    /* U+1EA7 "ầ" */
    0x0, 0x0, 0x0, 0x0, 0x2b, 0xbb, 0x20, 0x0,
    0x0, 0x0, 0x0, 0x0, 0xaf, 0xf9, 0x0, 0x0,
    0x0, 0x0, 0x0, 0x1, 0xef, 0xf1, 0x0, 0x0,
    0x0, 0x0, 0x0, 0x4, 0xff, 0x80, 0x0, 0x0,
    0x0, 0x0, 0x0, 0x2, 0x32, 0x0, 0x0, 0x0,
    0x3a, 0xaa, 0x60, 0x0, 0x0, 0x0, 0x0, 0x2e,
    0xff, 0xff, 0x70, 0x0, 0x0, 0x0, 0x2e, 0xff,
    0xaf, 0xff, 0x60, 0x0, 0x0, 0x2e, 0xff, 0xa0,
    0x5f, 0xff, 0x60, 0x0, 0xb, 0xdd, 0xb0, 0x0,
    0x7d, 0xdd, 0x30, 0x0, 0x0, 0x0, 0x0, 0x0,
    0x0, 0x0, 0x0, 0x0, 0x1, 0x57, 0x88, 0x62,
    0x0, 0x0, 0x0, 0x1a, 0xff, 0xff, 0xff, 0xfc,
    0x30, 0x0, 0x2e, 0xff, 0xff, 0xff, 0xff, 0xff,
    0x40, 0xd, 0xff, 0xff, 0xdb, 0xcf, 0xff, 0xfe,
    0x5, 0xff, 0xff, 0x50, 0x0, 0x5f, 0xff, 0xf5,
    0x1, 0x36, 0x50, 0x0, 0x0, 0xef, 0xff, 0x70,
    0x0, 0x0, 0x0, 0x0, 0x3f, 0xff, 0xf8, 0x0,
    0x1, 0x57, 0xac, 0xef, 0xff, 0xff, 0x80, 0x1a,
    0xff, 0xff, 0xff, 0xff, 0xff, 0xf8, 0x1e, 0xff,
    0xff, 0xff, 0xea, 0xef, 0xff, 0x8a, 0xff, 0xff,
    0x83, 0x0, 0xd, 0xff, 0xf8, 0xef, 0xff, 0x60,
    0x0, 0x0, 0xef, 0xff, 0x8f, 0xff, 0xf4, 0x0,
    0x0, 0x3f, 0xff, 0xf8, 0xdf, 0xff, 0xb0, 0x0,
    0x3d, 0xff, 0xff, 0x89, 0xff, 0xff, 0xfc, 0xdf,
    0xff, 0xff, 0xf8, 0x1e, 0xff, 0xff, 0xff, 0xfa,
    0xaf, 0xff, 0x80, 0x1a, 0xff, 0xff, 0xf8, 0xa,
    0xff, 0xf8, 0x0, 0x1, 0x34, 0x30, 0x0, 0x0,
    0x0, 0x0,

    /* U+1EA8 "Ẩ" */
    0x0, 0x0, 0x0, 0x0, 0x0, 0x0, 0x22, 0x20,
    0x0, 0x0, 0x0, 0x0, 0x0, 0x0, 0x0, 0x0,
    0x0, 0xef, 0xff, 0x60, 0x0, 0x0, 0x0, 0x0,
    0x0, 0x0, 0x0, 0x0, 0xbc, 0xef, 0xd0, 0x0,
    0x0, 0x0, 0x0, 0x0, 0x0, 0x0, 0x0, 0x0,
    0xdf, 0x90, 0x0, 0x0, 0x0, 0x0, 0x0, 0x0,
    0x0, 0x0, 0x4, 0xcb, 0x0, 0x0, 0x0, 0x0,
    0x0, 0x0, 0x0, 0x0, 0x11, 0x0, 0x0, 0x0,
    0x0, 0x0, 0x0, 0x0, 0x0, 0x0, 0x2e, 0xff,
    0xf7, 0x0, 0x0, 0x0, 0x0, 0x0, 0x0, 0x0,
    0x2, 0xef, 0xff, 0xff, 0x60, 0x0, 0x0, 0x0,
    0x0, 0x0, 0x0, 0x1d, 0xff, 0xa4, 0xff, 0xf6,
    0x0, 0x0, 0x0, 0x0, 0x0, 0x1, 0xdf, 0xfc,
    0x0, 0x7f, 0xff, 0x60, 0x0, 0x0, 0x0, 0x0,
    0x3, 0x66, 0x61, 0x0, 0x5, 0x66, 0x60, 0x0,
    0x0, 0x0, 0x0, 0x0, 0x0, 0x0, 0x0, 0x0,
    0x0, 0x0, 0x0, 0x0, 0x0, 0x0, 0x0, 0x0,
    0xcd, 0xdd, 0xdd, 0x20, 0x0, 0x0, 0x0, 0x0,
    0x0, 0x0, 0x4, 0xff, 0xff, 0xff, 0x70, 0x0,
    0x0, 0x0, 0x0, 0x0, 0x0, 0xa, 0xff, 0xff,
    0xff, 0xd0, 0x0, 0x0, 0x0, 0x0, 0x0, 0x0,
    0xf, 0xff, 0xff, 0xff, 0xf3, 0x0, 0x0, 0x0,
    0x0, 0x0, 0x0, 0x4f, 0xff, 0xdb, 0xff, 0xf8,
    0x0, 0x0, 0x0, 0x0, 0x0, 0x0, 0xaf, 0xff,
    0x97, 0xff, 0xfe, 0x0, 0x0, 0x0, 0x0, 0x0,
    0x0, 0xff, 0xff, 0x53, 0xff, 0xff, 0x40, 0x0,
    0x0, 0x0, 0x0, 0x5, 0xff, 0xff, 0x10, 0xef,
    0xff, 0x90, 0x0, 0x0, 0x0, 0x0, 0xa, 0xff,
    0xfd, 0x0, 0xaf, 0xff, 0xe0, 0x0, 0x0, 0x0,
    0x0, 0xf, 0xff, 0xf9, 0x0, 0x5f, 0xff, 0xf4,
    0x0, 0x0, 0x0, 0x0, 0x5f, 0xff, 0xf4, 0x0,
    0x1f, 0xff, 0xfa, 0x0, 0x0, 0x0, 0x0, 0xbf,
    0xff, 0xf0, 0x0, 0xc, 0xff, 0xff, 0x0, 0x0,
    0x0, 0x1, 0xff, 0xff, 0xb0, 0x0, 0x7, 0xff,
    0xff, 0x50, 0x0, 0x0, 0x6, 0xff, 0xff, 0xc9,
    0x99, 0x9a, 0xff, 0xff, 0xb0, 0x0, 0x0, 0xb,
    0xff, 0xff, 0xff, 0xff, 0xff, 0xff, 0xff, 0xf1,
    0x0, 0x0, 0x1f, 0xff, 0xff, 0xff, 0xff, 0xff,
    0xff, 0xff, 0xf6, 0x0, 0x0, 0x6f, 0xff, 0xff,
    0xff, 0xff, 0xff, 0xff, 0xff, 0xfc, 0x0, 0x0,
    0xbf, 0xff, 0xf1, 0x0, 0x0, 0x0, 0xc, 0xff,
    0xff, 0x10, 0x1, 0xff, 0xff, 0xc0, 0x0, 0x0,
    0x0, 0x7, 0xff, 0xff, 0x70, 0x6, 0xff, 0xff,
    0x70, 0x0, 0x0, 0x0, 0x1, 0xff, 0xff, 0xc0,
    0xc, 0xff, 0xff, 0x20, 0x0, 0x0, 0x0, 0x0,
    0xcf, 0xff, 0xf2, 0x1f, 0xff, 0xfd, 0x0, 0x0,
    0x0, 0x0, 0x0, 0x7f, 0xff, 0xf8,

    /* U+1EA9 "ẩ" */
    0x0, 0x0, 0x0, 0x0, 0x4b, 0xba, 0x40, 0x0,
    0x0, 0x0, 0x0, 0x6, 0xff, 0xff, 0x30, 0x0,
    0x0, 0x0, 0x0, 0x14, 0x7f, 0xf3, 0x0, 0x0,
    0x0, 0x0, 0x0, 0xb, 0xfb, 0x0, 0x0, 0x0,
    0x0, 0x0, 0x0, 0x33, 0x0, 0x0, 0x0, 0x0,
    0x3a, 0xaa, 0x60, 0x0, 0x0, 0x0, 0x0, 0x2e,
    0xff, 0xff, 0x70, 0x0, 0x0, 0x0, 0x2e, 0xff,
    0xaf, 0xff, 0x60, 0x0, 0x0, 0x2e, 0xff, 0xa0,
    0x5f, 0xff, 0x60, 0x0, 0xb, 0xdd, 0xb0, 0x0,
    0x7d, 0xdd, 0x30, 0x0, 0x0, 0x0, 0x0, 0x0,
    0x0, 0x0, 0x0, 0x0, 0x1, 0x57, 0x88, 0x62,
    0x0, 0x0, 0x0, 0x1a, 0xff, 0xff, 0xff, 0xfc,
    0x30, 0x0, 0x2e, 0xff, 0xff, 0xff, 0xff, 0xff,
    0x40, 0xd, 0xff, 0xff, 0xdb, 0xcf, 0xff, 0xfe,
    0x5, 0xff, 0xff, 0x50, 0x0, 0x5f, 0xff, 0xf5,
    0x1, 0x36, 0x50, 0x0, 0x0, 0xef, 0xff, 0x70,
    0x0, 0x0, 0x0, 0x0, 0x3f, 0xff, 0xf8, 0x0,
    0x1, 0x57, 0xac, 0xef, 0xff, 0xff, 0x80, 0x1a,
    0xff, 0xff, 0xff, 0xff, 0xff, 0xf8, 0x1e, 0xff,
    0xff, 0xff, 0xea, 0xef, 0xff, 0x8a, 0xff, 0xff,
    0x83, 0x0, 0xd, 0xff, 0xf8, 0xef, 0xff, 0x60,
    0x0, 0x0, 0xef, 0xff, 0x8f, 0xff, 0xf4, 0x0,
    0x0, 0x3f, 0xff, 0xf8, 0xdf, 0xff, 0xb0, 0x0,
    0x3d, 0xff, 0xff, 0x89, 0xff, 0xff, 0xfc, 0xdf,
    0xff, 0xff, 0xf8, 0x1e, 0xff, 0xff, 0xff, 0xfa,
    0xaf, 0xff, 0x80, 0x1a, 0xff, 0xff, 0xf8, 0xa,
    0xff, 0xf8, 0x0, 0x1, 0x34, 0x30, 0x0, 0x0,
    0x0, 0x0,

    /* U+1EAA "Ẫ" */
    0x0, 0x0, 0x0, 0x5, 0xcd, 0x92, 0x2, 0xdd,
    0x20, 0x0, 0x0, 0x0, 0x0, 0x0, 0x5f, 0xff,
    0xff, 0xac, 0xff, 0x10, 0x0, 0x0, 0x0, 0x0,
    0x0, 0xbf, 0xe5, 0xaf, 0xff, 0xf7, 0x0, 0x0,
    0x0, 0x0, 0x0, 0x0, 0x79, 0x50, 0x3, 0x89,
    0x40, 0x0, 0x0, 0x0, 0x0, 0x0, 0x0, 0x0,
    0x0, 0x11, 0x0, 0x0, 0x0, 0x0, 0x0, 0x0,
    0x0, 0x0, 0x0, 0x2e, 0xff, 0xf7, 0x0, 0x0,
    0x0, 0x0, 0x0, 0x0, 0x0, 0x2, 0xef, 0xff,
    0xff, 0x60, 0x0, 0x0, 0x0, 0x0, 0x0, 0x0,
    0x1d, 0xff, 0xa4, 0xff, 0xf6, 0x0, 0x0, 0x0,
    0x0, 0x0, 0x1, 0xdf, 0xfc, 0x0, 0x7f, 0xff,
    0x60, 0x0, 0x0, 0x0, 0x0, 0x3, 0x66, 0x61,
    0x0, 0x5, 0x66, 0x60, 0x0, 0x0, 0x0, 0x0,
    0x0, 0x0, 0x0, 0x0, 0x0, 0x0, 0x0, 0x0,
    0x0, 0x0, 0x0, 0x0, 0x0, 0xcd, 0xdd, 0xdd,
    0x20, 0x0, 0x0, 0x0, 0x0, 0x0, 0x0, 0x4,
    0xff, 0xff, 0xff, 0x70, 0x0, 0x0, 0x0, 0x0,
    0x0, 0x0, 0xa, 0xff, 0xff, 0xff, 0xd0, 0x0,
    0x0, 0x0, 0x0, 0x0, 0x0, 0xf, 0xff, 0xff,
    0xff, 0xf3, 0x0, 0x0, 0x0, 0x0, 0x0, 0x0,
    0x4f, 0xff, 0xdb, 0xff, 0xf8, 0x0, 0x0, 0x0,
    0x0, 0x0, 0x0, 0xaf, 0xff, 0x97, 0xff, 0xfe,
    0x0, 0x0, 0x0, 0x0, 0x0, 0x0, 0xff, 0xff,
    0x53, 0xff, 0xff, 0x40, 0x0, 0x0, 0x0, 0x0,
    0x5, 0xff, 0xff, 0x10, 0xef, 0xff, 0x90, 0x0,
    0x0, 0x0, 0x0, 0xa, 0xff, 0xfd, 0x0, 0xaf,
    0xff, 0xe0, 0x0, 0x0, 0x0, 0x0, 0xf, 0xff,
    0xf9, 0x0, 0x5f, 0xff, 0xf4, 0x0, 0x0, 0x0,
    0x0, 0x5f, 0xff, 0xf4, 0x0, 0x1f, 0xff, 0xfa,
    0x0, 0x0, 0x0, 0x0, 0xbf, 0xff, 0xf0, 0x0,
    0xc, 0xff, 0xff, 0x0, 0x0, 0x0, 0x1, 0xff,
    0xff, 0xb0, 0x0, 0x7, 0xff, 0xff, 0x50, 0x0,
    0x0, 0x6, 0xff, 0xff, 0xc9, 0x99, 0x9a, 0xff,
    0xff, 0xb0, 0x0, 0x0, 0xb, 0xff, 0xff, 0xff,
    0xff, 0xff, 0xff, 0xff, 0xf1, 0x0, 0x0, 0x1f,
    0xff, 0xff, 0xff, 0xff, 0xff, 0xff, 0xff, 0xf6,
    0x0, 0x0, 0x6f, 0xff, 0xff, 0xff, 0xff, 0xff,
    0xff, 0xff, 0xfc, 0x0, 0x0, 0xbf, 0xff, 0xf1,
    0x0, 0x0, 0x0, 0xc, 0xff, 0xff, 0x10, 0x1,
    0xff, 0xff, 0xc0, 0x0, 0x0, 0x0, 0x7, 0xff,
    0xff, 0x70, 0x6, 0xff, 0xff, 0x70, 0x0, 0x0,
    0x0, 0x1, 0xff, 0xff, 0xc0, 0xc, 0xff, 0xff,
    0x20, 0x0, 0x0, 0x0, 0x0, 0xcf, 0xff, 0xf2,
    0x1f, 0xff, 0xfd, 0x0, 0x0, 0x0, 0x0, 0x0,
    0x7f, 0xff, 0xf8,

    /* U+1EAB "ẫ" */
    0x0, 0x0, 0x36, 0x40, 0x0, 0x36, 0x40, 0x0,
    0x0, 0x8f, 0xff, 0xe6, 0x2d, 0xf9, 0x0, 0x0,
    0x2f, 0xfe, 0xef, 0xff, 0xff, 0x40, 0x0, 0x5,
    0xff, 0x20, 0x6d, 0xfe, 0x60, 0x0, 0x0, 0x0,
    0x0, 0x0, 0x0, 0x0, 0x0, 0x0, 0x0, 0x0,
    0x3a, 0xaa, 0x60, 0x0, 0x0, 0x0, 0x0, 0x2e,
    0xff, 0xff, 0x70, 0x0, 0x0, 0x0, 0x2e, 0xff,
    0xaf, 0xff, 0x60, 0x0, 0x0, 0x2e, 0xff, 0xa0,
    0x5f, 0xff, 0x60, 0x0, 0xb, 0xdd, 0xb0, 0x0,
    0x7d, 0xdd, 0x30, 0x0, 0x0, 0x0, 0x0, 0x0,
    0x0, 0x0, 0x0, 0x0, 0x1, 0x57, 0x88, 0x62,
    0x0, 0x0, 0x0, 0x1a, 0xff, 0xff, 0xff, 0xfc,
    0x30, 0x0, 0x2e, 0xff, 0xff, 0xff, 0xff, 0xff,
    0x40, 0xd, 0xff, 0xff, 0xdb, 0xcf, 0xff, 0xfe,
    0x5, 0xff, 0xff, 0x50, 0x0, 0x5f, 0xff, 0xf5,
    0x1, 0x36, 0x50, 0x0, 0x0, 0xef, 0xff, 0x70,
    0x0, 0x0, 0x0, 0x0, 0x3f, 0xff, 0xf8, 0x0,
    0x1, 0x57, 0xac, 0xef, 0xff, 0xff, 0x80, 0x1a,
    0xff, 0xff, 0xff, 0xff, 0xff, 0xf8, 0x1e, 0xff,
    0xff, 0xff, 0xea, 0xef, 0xff, 0x8a, 0xff, 0xff,
    0x83, 0x0, 0xd, 0xff, 0xf8, 0xef, 0xff, 0x60,
    0x0, 0x0, 0xef, 0xff, 0x8f, 0xff, 0xf4, 0x0,
    0x0, 0x3f, 0xff, 0xf8, 0xdf, 0xff, 0xb0, 0x0,
    0x3d, 0xff, 0xff, 0x89, 0xff, 0xff, 0xfc, 0xdf,
    0xff, 0xff, 0xf8, 0x1e, 0xff, 0xff, 0xff, 0xfa,
    0xaf, 0xff, 0x80, 0x1a, 0xff, 0xff, 0xf8, 0xa,
    0xff, 0xf8, 0x0, 0x1, 0x34, 0x30, 0x0, 0x0,
    0x0, 0x0,

    /* U+1EAC "Ậ" */
    0x0, 0x0, 0x0, 0x0, 0x5, 0x77, 0x70, 0x0,
    0x0, 0x0, 0x0, 0x0, 0x0, 0x0, 0x0, 0x7f,
    0xff, 0xfb, 0x0, 0x0, 0x0, 0x0, 0x0, 0x0,
    0x0, 0x7, 0xff, 0xfd, 0xff, 0xb0, 0x0, 0x0,
    0x0, 0x0, 0x0, 0x0, 0x6f, 0xff, 0x41, 0xef,
    0xfb, 0x0, 0x0, 0x0, 0x0, 0x0, 0x5, 0xff,
    0xf7, 0x0, 0x3e, 0xff, 0xa0, 0x0, 0x0, 0x0,
    0x0, 0x0, 0x0, 0x0, 0x0, 0x0, 0x0, 0x0,
    0x0, 0x0, 0x0, 0x0, 0x0, 0x0, 0x0, 0x0,
    0x0, 0x0, 0x0, 0x0, 0x0, 0x0, 0x0, 0x0,
    0x0, 0xcd, 0xdd, 0xdd, 0x20, 0x0, 0x0, 0x0,
    0x0, 0x0, 0x0, 0x4, 0xff, 0xff, 0xff, 0x70,
    0x0, 0x0, 0x0, 0x0, 0x0, 0x0, 0xa, 0xff,
    0xff, 0xff, 0xd0, 0x0, 0x0, 0x0, 0x0, 0x0,
    0x0, 0xf, 0xff, 0xff, 0xff, 0xf3, 0x0, 0x0,
    0x0, 0x0, 0x0, 0x0, 0x4f, 0xff, 0xdb, 0xff,
    0xf8, 0x0, 0x0, 0x0, 0x0, 0x0, 0x0, 0xaf,
    0xff, 0x97, 0xff, 0xfe, 0x0, 0x0, 0x0, 0x0,
    0x0, 0x0, 0xff, 0xff, 0x53, 0xff, 0xff, 0x40,
    0x0, 0x0, 0x0, 0x0, 0x5, 0xff, 0xff, 0x10,
    0xef, 0xff, 0x90, 0x0, 0x0, 0x0, 0x0, 0xa,
    0xff, 0xfd, 0x0, 0xaf, 0xff, 0xe0, 0x0, 0x0,
    0x0, 0x0, 0xf, 0xff, 0xf9, 0x0, 0x5f, 0xff,
    0xf4, 0x0, 0x0, 0x0, 0x0, 0x5f, 0xff, 0xf4,
    0x0, 0x1f, 0xff, 0xfa, 0x0, 0x0, 0x0, 0x0,
    0xbf, 0xff, 0xf0, 0x0, 0xc, 0xff, 0xff, 0x0,
    0x0, 0x0, 0x1, 0xff, 0xff, 0xb0, 0x0, 0x7,
    0xff, 0xff, 0x50, 0x0, 0x0, 0x6, 0xff, 0xff,
    0xc9, 0x99, 0x9a, 0xff, 0xff, 0xb0, 0x0, 0x0,
    0xb, 0xff, 0xff, 0xff, 0xff, 0xff, 0xff, 0xff,
    0xf1, 0x0, 0x0, 0x1f, 0xff, 0xff, 0xff, 0xff,
    0xff, 0xff, 0xff, 0xf6, 0x0, 0x0, 0x6f, 0xff,
    0xff, 0xff, 0xff, 0xff, 0xff, 0xff, 0xfc, 0x0,
    0x0, 0xbf, 0xff, 0xf1, 0x0, 0x0, 0x0, 0xc,
    0xff, 0xff, 0x10, 0x1, 0xff, 0xff, 0xc0, 0x0,
    0x0, 0x0, 0x7, 0xff, 0xff, 0x70, 0x6, 0xff,
    0xff, 0x70, 0x0, 0x0, 0x0, 0x1, 0xff, 0xff,
    0xc0, 0xc, 0xff, 0xff, 0x20, 0x0, 0x0, 0x0,
    0x0, 0xcf, 0xff, 0xf2, 0x1f, 0xff, 0xfd, 0x0,
    0x0, 0x0, 0x0, 0x0, 0x7f, 0xff, 0xf8, 0x0,
    0x0, 0x0, 0x0, 0x0, 0x0, 0x0, 0x0, 0x0,
    0x0, 0x0, 0x0, 0x0, 0x0, 0x0, 0x0, 0x0,
    0x0, 0x0, 0x0, 0x0, 0x0, 0x0, 0x0, 0x0,
    0x0, 0x3, 0xbc, 0x70, 0x0, 0x0, 0x0, 0x0,
    0x0, 0x0, 0x0, 0x0, 0xe, 0xff, 0xf5, 0x0,
    0x0, 0x0, 0x0, 0x0, 0x0, 0x0, 0x0, 0x2f,
    0xff, 0xf8, 0x0, 0x0, 0x0, 0x0, 0x0, 0x0,
    0x0, 0x0, 0xd, 0xff, 0xf3, 0x0, 0x0, 0x0,
    0x0, 0x0, 0x0, 0x0, 0x0, 0x1, 0x89, 0x30,
    0x0, 0x0, 0x0, 0x0,

    /* U+1EAD "ậ" */
    0x0, 0x0, 0x0, 0x0, 0x0, 0x0, 0x0, 0x0,
    0x0, 0x0, 0x8f, 0xff, 0xc0, 0x0, 0x0, 0x0,
    0x0, 0x8f, 0xff, 0xff, 0xb0, 0x0, 0x0, 0x0,
    0x8f, 0xff, 0x4d, 0xff, 0xb0, 0x0, 0x0, 0x7f,
    0xff, 0x50, 0x2e, 0xff, 0xb0, 0x0, 0x16, 0x66,
    0x40, 0x0, 0x36, 0x66, 0x20, 0x0, 0x0, 0x0,
    0x0, 0x0, 0x0, 0x0, 0x0, 0x0, 0x1, 0x57,
    0x88, 0x62, 0x0, 0x0, 0x0, 0x1a, 0xff, 0xff,
    0xff, 0xfc, 0x30, 0x0, 0x2e, 0xff, 0xff, 0xff,
    0xff, 0xff, 0x40, 0xd, 0xff, 0xff, 0xdb, 0xcf,
    0xff, 0xfe, 0x5, 0xff, 0xff, 0x50, 0x0, 0x5f,
    0xff, 0xf5, 0x1, 0x36, 0x50, 0x0, 0x0, 0xef,
    0xff, 0x70, 0x0, 0x0, 0x0, 0x0, 0x3f, 0xff,
    0xf8, 0x0, 0x1, 0x57, 0xac, 0xef, 0xff, 0xff,
    0x80, 0x1a, 0xff, 0xff, 0xff, 0xff, 0xff, 0xf8,
    0x1e, 0xff, 0xff, 0xff, 0xea, 0xef, 0xff, 0x8a,
    0xff, 0xff, 0x83, 0x0, 0xd, 0xff, 0xf8, 0xef,
    0xff, 0x60, 0x0, 0x0, 0xef, 0xff, 0x8f, 0xff,
    0xf4, 0x0, 0x0, 0x3f, 0xff, 0xf8, 0xdf, 0xff,
    0xb0, 0x0, 0x3d, 0xff, 0xff, 0x89, 0xff, 0xff,
    0xfc, 0xdf, 0xff, 0xff, 0xf8, 0x1e, 0xff, 0xff,
    0xff, 0xfa, 0xaf, 0xff, 0x80, 0x1a, 0xff, 0xff,
    0xf8, 0xa, 0xff, 0xf8, 0x0, 0x1, 0x34, 0x30,
    0x0, 0x0, 0x0, 0x0, 0x0, 0x0, 0x0, 0x0,
    0x0, 0x0, 0x0, 0x0, 0x0, 0x0, 0x9d, 0x91,
    0x0, 0x0, 0x0, 0x0, 0x0, 0x9f, 0xff, 0xb0,
    0x0, 0x0, 0x0, 0x0, 0xc, 0xff, 0xfe, 0x0,
    0x0, 0x0, 0x0, 0x0, 0x7f, 0xff, 0x90, 0x0,
    0x0, 0x0, 0x0, 0x0, 0x69, 0x60, 0x0, 0x0,
    0x0,

    /* U+1EAE "Ắ" */
    0x0, 0x0, 0x0, 0x0, 0x0, 0x1, 0x22, 0x20,
    0x0, 0x0, 0x0, 0x0, 0x0, 0x0, 0x0, 0x0,
    0xa, 0xff, 0xb0, 0x0, 0x0, 0x0, 0x0, 0x0,
    0x0, 0x0, 0x0, 0x2f, 0xfe, 0x10, 0x0, 0x0,
    0x0, 0x0, 0x0, 0x0, 0x0, 0x0, 0x9f, 0xf5,
    0x0, 0x0, 0x0, 0x0, 0x0, 0x0, 0x0, 0x0,
    0x0, 0xbc, 0x90, 0x0, 0x0, 0x0, 0x0, 0x0,
    0x0, 0x0, 0x0, 0x0, 0x0, 0x0, 0x0, 0x0,
    0x0, 0x0, 0x0, 0x0, 0x0, 0xcf, 0xc0, 0x0,
    0x7, 0xff, 0x20, 0x0, 0x0, 0x0, 0x0, 0x0,
    0x8f, 0xf7, 0x0, 0x3e, 0xfe, 0x0, 0x0, 0x0,
    0x0, 0x0, 0x0, 0x1e, 0xff, 0xfe, 0xff, 0xf6,
    0x0, 0x0, 0x0, 0x0, 0x0, 0x0, 0x2, 0xdf,
    0xff, 0xff, 0x60, 0x0, 0x0, 0x0, 0x0, 0x0,
    0x0, 0x0, 0x4, 0x78, 0x51, 0x0, 0x0, 0x0,
    0x0, 0x0, 0x0, 0x0, 0x0, 0x0, 0x0, 0x0,
    0x0, 0x0, 0x0, 0x0, 0x0, 0x0, 0x0, 0x0,
    0xcd, 0xdd, 0xdd, 0x20, 0x0, 0x0, 0x0, 0x0,
    0x0, 0x0, 0x4, 0xff, 0xff, 0xff, 0x70, 0x0,
    0x0, 0x0, 0x0, 0x0, 0x0, 0xa, 0xff, 0xff,
    0xff, 0xd0, 0x0, 0x0, 0x0, 0x0, 0x0, 0x0,
    0xf, 0xff, 0xff, 0xff, 0xf3, 0x0, 0x0, 0x0,
    0x0, 0x0, 0x0, 0x4f, 0xff, 0xdb, 0xff, 0xf8,
    0x0, 0x0, 0x0, 0x0, 0x0, 0x0, 0xaf, 0xff,
    0x97, 0xff, 0xfe, 0x0, 0x0, 0x0, 0x0, 0x0,
    0x0, 0xff, 0xff, 0x53, 0xff, 0xff, 0x40, 0x0,
    0x0, 0x0, 0x0, 0x5, 0xff, 0xff, 0x10, 0xef,
    0xff, 0x90, 0x0, 0x0, 0x0, 0x0, 0xa, 0xff,
    0xfd, 0x0, 0xaf, 0xff, 0xe0, 0x0, 0x0, 0x0,
    0x0, 0xf, 0xff, 0xf9, 0x0, 0x5f, 0xff, 0xf4,
    0x0, 0x0, 0x0, 0x0, 0x5f, 0xff, 0xf4, 0x0,
    0x1f, 0xff, 0xfa, 0x0, 0x0, 0x0, 0x0, 0xbf,
    0xff, 0xf0, 0x0, 0xc, 0xff, 0xff, 0x0, 0x0,
    0x0, 0x1, 0xff, 0xff, 0xb0, 0x0, 0x7, 0xff,
    0xff, 0x50, 0x0, 0x0, 0x6, 0xff, 0xff, 0xc9,
    0x99, 0x9a, 0xff, 0xff, 0xb0, 0x0, 0x0, 0xb,
    0xff, 0xff, 0xff, 0xff, 0xff, 0xff, 0xff, 0xf1,
    0x0, 0x0, 0x1f, 0xff, 0xff, 0xff, 0xff, 0xff,
    0xff, 0xff, 0xf6, 0x0, 0x0, 0x6f, 0xff, 0xff,
    0xff, 0xff, 0xff, 0xff, 0xff, 0xfc, 0x0, 0x0,
    0xbf, 0xff, 0xf1, 0x0, 0x0, 0x0, 0xc, 0xff,
    0xff, 0x10, 0x1, 0xff, 0xff, 0xc0, 0x0, 0x0,
    0x0, 0x7, 0xff, 0xff, 0x70, 0x6, 0xff, 0xff,
    0x70, 0x0, 0x0, 0x0, 0x1, 0xff, 0xff, 0xc0,
    0xc, 0xff, 0xff, 0x20, 0x0, 0x0, 0x0, 0x0,
    0xcf, 0xff, 0xf2, 0x1f, 0xff, 0xfd, 0x0, 0x0,
    0x0, 0x0, 0x0, 0x7f, 0xff, 0xf8,

    /* U+1EAF "ắ" */
    0x0, 0x0, 0x0, 0x0, 0xbb, 0xb4, 0x0, 0x0,
    0x0, 0x0, 0x0, 0x7f, 0xfc, 0x0, 0x0, 0x0,
    0x0, 0x0, 0xe, 0xff, 0x20, 0x0, 0x0, 0x0,
    0x0, 0x5, 0xff, 0x70, 0x0, 0x0, 0x0, 0x0,
    0x0, 0x23, 0x30, 0x0, 0x0, 0x0, 0x3, 0x88,
    0x10, 0x0, 0x8, 0x85, 0x0, 0x0, 0x3f, 0xf8,
    0x0, 0x3, 0xff, 0x80, 0x0, 0x0, 0xdf, 0xfa,
    0x79, 0xff, 0xf2, 0x0, 0x0, 0x2, 0xef, 0xff,
    0xff, 0xf6, 0x0, 0x0, 0x0, 0x1, 0x8d, 0xfe,
    0xa3, 0x0, 0x0, 0x0, 0x0, 0x0, 0x0, 0x0,
    0x0, 0x0, 0x0, 0x0, 0x1, 0x57, 0x88, 0x62,
    0x0, 0x0, 0x0, 0x1a, 0xff, 0xff, 0xff, 0xfc,
    0x30, 0x0, 0x2e, 0xff, 0xff, 0xff, 0xff, 0xff,
    0x40, 0xd, 0xff, 0xff, 0xdb, 0xcf, 0xff, 0xfe,
    0x5, 0xff, 0xff, 0x50, 0x0, 0x5f, 0xff, 0xf5,
    0x1, 0x36, 0x50, 0x0, 0x0, 0xef, 0xff, 0x70,
    0x0, 0x0, 0x0, 0x0, 0x3f, 0xff, 0xf8, 0x0,
    0x1, 0x57, 0xac, 0xef, 0xff, 0xff, 0x80, 0x1a,
    0xff, 0xff, 0xff, 0xff, 0xff, 0xf8, 0x1e, 0xff,
    0xff, 0xff, 0xea, 0xef, 0xff, 0x8a, 0xff, 0xff,
    0x83, 0x0, 0xd, 0xff, 0xf8, 0xef, 0xff, 0x60,
    0x0, 0x0, 0xef, 0xff, 0x8f, 0xff, 0xf4, 0x0,
    0x0, 0x3f, 0xff, 0xf8, 0xdf, 0xff, 0xb0, 0x0,
    0x3d, 0xff, 0xff, 0x89, 0xff, 0xff, 0xfc, 0xdf,
    0xff, 0xff, 0xf8, 0x1e, 0xff, 0xff, 0xff, 0xfa,
    0xaf, 0xff, 0x80, 0x1a, 0xff, 0xff, 0xf8, 0xa,
    0xff, 0xf8, 0x0, 0x1, 0x34, 0x30, 0x0, 0x0,
    0x0, 0x0,

    /* U+1EB0 "Ằ" */
    0x0, 0x0, 0x0, 0x2, 0x22, 0x10, 0x0, 0x0,
    0x0, 0x0, 0x0, 0x0, 0x0, 0x0, 0x6, 0xff,
    0xe0, 0x0, 0x0, 0x0, 0x0, 0x0, 0x0, 0x0,
    0x0, 0x0, 0xbf, 0xf7, 0x0, 0x0, 0x0, 0x0,
    0x0, 0x0, 0x0, 0x0, 0x0, 0x1f, 0xfe, 0x0,
    0x0, 0x0, 0x0, 0x0, 0x0, 0x0, 0x0, 0x0,
    0x5, 0xcc, 0x30, 0x0, 0x0, 0x0, 0x0, 0x0,
    0x0, 0x0, 0x0, 0x0, 0x0, 0x0, 0x0, 0x0,
    0x0, 0x0, 0x0, 0x0, 0x0, 0xdf, 0xc0, 0x0,
    0x8, 0xff, 0x10, 0x0, 0x0, 0x0, 0x0, 0x0,
    0xaf, 0xf6, 0x0, 0x3f, 0xfd, 0x0, 0x0, 0x0,
    0x0, 0x0, 0x0, 0x2e, 0xff, 0xfe, 0xff, 0xf5,
    0x0, 0x0, 0x0, 0x0, 0x0, 0x0, 0x3, 0xdf,
    0xff, 0xff, 0x60, 0x0, 0x0, 0x0, 0x0, 0x0,
    0x0, 0x0, 0x4, 0x78, 0x50, 0x0, 0x0, 0x0,
    0x0, 0x0, 0x0, 0x0, 0x0, 0x0, 0x0, 0x0,
    0x0, 0x0, 0x0, 0x0, 0x0, 0x0, 0x0, 0x0,
    0xcd, 0xdd, 0xdd, 0x20, 0x0, 0x0, 0x0, 0x0,
    0x0, 0x0, 0x4, 0xff, 0xff, 0xff, 0x70, 0x0,
    0x0, 0x0, 0x0, 0x0, 0x0, 0xa, 0xff, 0xff,
    0xff, 0xd0, 0x0, 0x0, 0x0, 0x0, 0x0, 0x0,
    0xf, 0xff, 0xff, 0xff, 0xf3, 0x0, 0x0, 0x0,
    0x0, 0x0, 0x0, 0x4f, 0xff, 0xdb, 0xff, 0xf8,
    0x0, 0x0, 0x0, 0x0, 0x0, 0x0, 0xaf, 0xff,
    0x97, 0xff, 0xfe, 0x0, 0x0, 0x0, 0x0, 0x0,
    0x0, 0xff, 0xff, 0x53, 0xff, 0xff, 0x40, 0x0,
    0x0, 0x0, 0x0, 0x5, 0xff, 0xff, 0x10, 0xef,
    0xff, 0x90, 0x0, 0x0, 0x0, 0x0, 0xa, 0xff,
    0xfd, 0x0, 0xaf, 0xff, 0xe0, 0x0, 0x0, 0x0,
    0x0, 0xf, 0xff, 0xf9, 0x0, 0x5f, 0xff, 0xf4,
    0x0, 0x0, 0x0, 0x0, 0x5f, 0xff, 0xf4, 0x0,
    0x1f, 0xff, 0xfa, 0x0, 0x0, 0x0, 0x0, 0xbf,
    0xff, 0xf0, 0x0, 0xc, 0xff, 0xff, 0x0, 0x0,
    0x0, 0x1, 0xff, 0xff, 0xb0, 0x0, 0x7, 0xff,
    0xff, 0x50, 0x0, 0x0, 0x6, 0xff, 0xff, 0xc9,
    0x99, 0x9a, 0xff, 0xff, 0xb0, 0x0, 0x0, 0xb,
    0xff, 0xff, 0xff, 0xff, 0xff, 0xff, 0xff, 0xf1,
    0x0, 0x0, 0x1f, 0xff, 0xff, 0xff, 0xff, 0xff,
    0xff, 0xff, 0xf6, 0x0, 0x0, 0x6f, 0xff, 0xff,
    0xff, 0xff, 0xff, 0xff, 0xff, 0xfc, 0x0, 0x0,
    0xbf, 0xff, 0xf1, 0x0, 0x0, 0x0, 0xc, 0xff,
    0xff, 0x10, 0x1, 0xff, 0xff, 0xc0, 0x0, 0x0,
    0x0, 0x7, 0xff, 0xff, 0x70, 0x6, 0xff, 0xff,
    0x70, 0x0, 0x0, 0x0, 0x1, 0xff, 0xff, 0xc0,
    0xc, 0xff, 0xff, 0x20, 0x0, 0x0, 0x0, 0x0,
    0xcf, 0xff, 0xf2, 0x1f, 0xff, 0xfd, 0x0, 0x0,
    0x0, 0x0, 0x0, 0x7f, 0xff, 0xf8,

    /* U+1EB1 "ằ" */
    0x0, 0x1, 0xbb, 0xb3, 0x0, 0x0, 0x0, 0x0,
    0x0, 0x9, 0xff, 0xb0, 0x0, 0x0, 0x0, 0x0,
    0x0, 0xd, 0xff, 0x20, 0x0, 0x0, 0x0, 0x0,
    0x0, 0x3f, 0xf9, 0x0, 0x0, 0x0, 0x0, 0x0,
    0x0, 0x23, 0x20, 0x0, 0x0, 0x0, 0x3, 0x88,
    0x10, 0x0, 0x8, 0x85, 0x0, 0x0, 0x4f, 0xf7,
    0x0, 0x4, 0xff, 0x70, 0x0, 0x0, 0xef, 0xfa,
    0x79, 0xff, 0xf1, 0x0, 0x0, 0x3, 0xef, 0xff,
    0xff, 0xf5, 0x0, 0x0, 0x0, 0x1, 0x9d, 0xfe,
    0xa2, 0x0, 0x0, 0x0, 0x0, 0x0, 0x0, 0x0,
    0x0, 0x0, 0x0, 0x0, 0x1, 0x57, 0x88, 0x62,
    0x0, 0x0, 0x0, 0x1a, 0xff, 0xff, 0xff, 0xfc,
    0x30, 0x0, 0x2e, 0xff, 0xff, 0xff, 0xff, 0xff,
    0x40, 0xd, 0xff, 0xff, 0xdb, 0xcf, 0xff, 0xfe,
    0x5, 0xff, 0xff, 0x50, 0x0, 0x5f, 0xff, 0xf5,
    0x1, 0x36, 0x50, 0x0, 0x0, 0xef, 0xff, 0x70,
    0x0, 0x0, 0x0, 0x0, 0x3f, 0xff, 0xf8, 0x0,
    0x1, 0x57, 0xac, 0xef, 0xff, 0xff, 0x80, 0x1a,
    0xff, 0xff, 0xff, 0xff, 0xff, 0xf8, 0x1e, 0xff,
    0xff, 0xff, 0xea, 0xef, 0xff, 0x8a, 0xff, 0xff,
    0x83, 0x0, 0xd, 0xff, 0xf8, 0xef, 0xff, 0x60,
    0x0, 0x0, 0xef, 0xff, 0x8f, 0xff, 0xf4, 0x0,
    0x0, 0x3f, 0xff, 0xf8, 0xdf, 0xff, 0xb0, 0x0,
    0x3d, 0xff, 0xff, 0x89, 0xff, 0xff, 0xfc, 0xdf,
    0xff, 0xff, 0xf8, 0x1e, 0xff, 0xff, 0xff, 0xfa,
    0xaf, 0xff, 0x80, 0x1a, 0xff, 0xff, 0xf8, 0xa,
    0xff, 0xf8, 0x0, 0x1, 0x34, 0x30, 0x0, 0x0,
    0x0, 0x0,

    /* U+1EB2 "Ẳ" */
    0x0, 0x0, 0x0, 0x0, 0x2, 0x21, 0x0, 0x0,
    0x0, 0x0, 0x0, 0x0, 0x0, 0x0, 0x0, 0x3f,
    0xff, 0xd2, 0x0, 0x0, 0x0, 0x0, 0x0, 0x0,
    0x0, 0x0, 0x2c, 0xcf, 0xf7, 0x0, 0x0, 0x0,
    0x0, 0x0, 0x0, 0x0, 0x0, 0x0, 0x3f, 0xf3,
    0x0, 0x0, 0x0, 0x0, 0x0, 0x0, 0x0, 0x0,
    0x0, 0x9c, 0x70, 0x0, 0x0, 0x0, 0x0, 0x0,
    0x0, 0x0, 0x0, 0x0, 0x0, 0x0, 0x0, 0x0,
    0x0, 0x0, 0x0, 0x0, 0x0, 0xcf, 0xc0, 0x0,
    0x7, 0xff, 0x20, 0x0, 0x0, 0x0, 0x0, 0x0,
    0x8f, 0xf7, 0x0, 0x3e, 0xfe, 0x0, 0x0, 0x0,
    0x0, 0x0, 0x0, 0x1e, 0xff, 0xfe, 0xff, 0xf6,
    0x0, 0x0, 0x0, 0x0, 0x0, 0x0, 0x2, 0xdf,
    0xff, 0xff, 0x60, 0x0, 0x0, 0x0, 0x0, 0x0,
    0x0, 0x0, 0x4, 0x78, 0x51, 0x0, 0x0, 0x0,
    0x0, 0x0, 0x0, 0x0, 0x0, 0x0, 0x0, 0x0,
    0x0, 0x0, 0x0, 0x0, 0x0, 0x0, 0x0, 0x0,
    0xcd, 0xdd, 0xdd, 0x20, 0x0, 0x0, 0x0, 0x0,
    0x0, 0x0, 0x4, 0xff, 0xff, 0xff, 0x70, 0x0,
    0x0, 0x0, 0x0, 0x0, 0x0, 0xa, 0xff, 0xff,
    0xff, 0xd0, 0x0, 0x0, 0x0, 0x0, 0x0, 0x0,
    0xf, 0xff, 0xff, 0xff, 0xf3, 0x0, 0x0, 0x0,
    0x0, 0x0, 0x0, 0x4f, 0xff, 0xdb, 0xff, 0xf8,
    0x0, 0x0, 0x0, 0x0, 0x0, 0x0, 0xaf, 0xff,
    0x97, 0xff, 0xfe, 0x0, 0x0, 0x0, 0x0, 0x0,
    0x0, 0xff, 0xff, 0x53, 0xff, 0xff, 0x40, 0x0,
    0x0, 0x0, 0x0, 0x5, 0xff, 0xff, 0x10, 0xef,
    0xff, 0x90, 0x0, 0x0, 0x0, 0x0, 0xa, 0xff,
    0xfd, 0x0, 0xaf, 0xff, 0xe0, 0x0, 0x0, 0x0,
    0x0, 0xf, 0xff, 0xf9, 0x0, 0x5f, 0xff, 0xf4,
    0x0, 0x0, 0x0, 0x0, 0x5f, 0xff, 0xf4, 0x0,
    0x1f, 0xff, 0xfa, 0x0, 0x0, 0x0, 0x0, 0xbf,
    0xff, 0xf0, 0x0, 0xc, 0xff, 0xff, 0x0, 0x0,
    0x0, 0x1, 0xff, 0xff, 0xb0, 0x0, 0x7, 0xff,
    0xff, 0x50, 0x0, 0x0, 0x6, 0xff, 0xff, 0xc9,
    0x99, 0x9a, 0xff, 0xff, 0xb0, 0x0, 0x0, 0xb,
    0xff, 0xff, 0xff, 0xff, 0xff, 0xff, 0xff, 0xf1,
    0x0, 0x0, 0x1f, 0xff, 0xff, 0xff, 0xff, 0xff,
    0xff, 0xff, 0xf6, 0x0, 0x0, 0x6f, 0xff, 0xff,
    0xff, 0xff, 0xff, 0xff, 0xff, 0xfc, 0x0, 0x0,
    0xbf, 0xff, 0xf1, 0x0, 0x0, 0x0, 0xc, 0xff,
    0xff, 0x10, 0x1, 0xff, 0xff, 0xc0, 0x0, 0x0,
    0x0, 0x7, 0xff, 0xff, 0x70, 0x6, 0xff, 0xff,
    0x70, 0x0, 0x0, 0x0, 0x1, 0xff, 0xff, 0xc0,
    0xc, 0xff, 0xff, 0x20, 0x0, 0x0, 0x0, 0x0,
    0xcf, 0xff, 0xf2, 0x1f, 0xff, 0xfd, 0x0, 0x0,
    0x0, 0x0, 0x0, 0x7f, 0xff, 0xf8,

    /* U+1EB3 "ẳ" */
    0x0, 0x0, 0x8, 0xbb, 0x82, 0x0, 0x0, 0x0,
    0x0, 0x0, 0xcf, 0xff, 0xd0, 0x0, 0x0, 0x0,
    0x0, 0x3, 0x4b, 0xfd, 0x0, 0x0, 0x0, 0x0,
    0x0, 0x1, 0xff, 0x50, 0x0, 0x0, 0x0, 0x0,
    0x0, 0x13, 0x20, 0x0, 0x0, 0x0, 0x3, 0x88,
    0x10, 0x0, 0x8, 0x85, 0x0, 0x0, 0x3f, 0xf8,
    0x0, 0x3, 0xff, 0x80, 0x0, 0x0, 0xdf, 0xfa,
    0x79, 0xff, 0xf2, 0x0, 0x0, 0x2, 0xef, 0xff,
    0xff, 0xf6, 0x0, 0x0, 0x0, 0x1, 0x8d, 0xfe,
    0xa3, 0x0, 0x0, 0x0, 0x0, 0x0, 0x0, 0x0,
    0x0, 0x0, 0x0, 0x0, 0x1, 0x57, 0x88, 0x62,
    0x0, 0x0, 0x0, 0x1a, 0xff, 0xff, 0xff, 0xfc,
    0x30, 0x0, 0x2e, 0xff, 0xff, 0xff, 0xff, 0xff,
    0x40, 0xd, 0xff, 0xff, 0xdb, 0xcf, 0xff, 0xfe,
    0x5, 0xff, 0xff, 0x50, 0x0, 0x5f, 0xff, 0xf5,
    0x1, 0x36, 0x50, 0x0, 0x0, 0xef, 0xff, 0x70,
    0x0, 0x0, 0x0, 0x0, 0x3f, 0xff, 0xf8, 0x0,
    0x1, 0x57, 0xac, 0xef, 0xff, 0xff, 0x80, 0x1a,
    0xff, 0xff, 0xff, 0xff, 0xff, 0xf8, 0x1e, 0xff,
    0xff, 0xff, 0xea, 0xef, 0xff, 0x8a, 0xff, 0xff,
    0x83, 0x0, 0xd, 0xff, 0xf8, 0xef, 0xff, 0x60,
    0x0, 0x0, 0xef, 0xff, 0x8f, 0xff, 0xf4, 0x0,
    0x0, 0x3f, 0xff, 0xf8, 0xdf, 0xff, 0xb0, 0x0,
    0x3d, 0xff, 0xff, 0x89, 0xff, 0xff, 0xfc, 0xdf,
    0xff, 0xff, 0xf8, 0x1e, 0xff, 0xff, 0xff, 0xfa,
    0xaf, 0xff, 0x80, 0x1a, 0xff, 0xff, 0xf8, 0xa,
    0xff, 0xf8, 0x0, 0x1, 0x34, 0x30, 0x0, 0x0,
    0x0, 0x0,

    /* U+1EB4 "Ẵ" */
    0x0, 0x0, 0x0, 0x4, 0xbd, 0xa3, 0x0, 0xdd,
    0x40, 0x0, 0x0, 0x0, 0x0, 0x0, 0x3f, 0xff,
    0xff, 0xbb, 0xff, 0x20, 0x0, 0x0, 0x0, 0x0,
    0x0, 0x9f, 0xf5, 0xaf, 0xff, 0xf9, 0x0, 0x0,
    0x0, 0x0, 0x0, 0x0, 0x69, 0x60, 0x2, 0x89,
    0x50, 0x0, 0x0, 0x0, 0x0, 0x0, 0x0, 0x0,
    0x0, 0x0, 0x0, 0x0, 0x0, 0x0, 0x0, 0x0,
    0x0, 0x0, 0xcf, 0xc0, 0x0, 0x8, 0xff, 0x10,
    0x0, 0x0, 0x0, 0x0, 0x0, 0x8f, 0xf7, 0x0,
    0x4f, 0xfd, 0x0, 0x0, 0x0, 0x0, 0x0, 0x0,
    0x1e, 0xff, 0xff, 0xff, 0xf4, 0x0, 0x0, 0x0,
    0x0, 0x0, 0x0, 0x2, 0xcf, 0xff, 0xfe, 0x50,
    0x0, 0x0, 0x0, 0x0, 0x0, 0x0, 0x0, 0x3,
    0x66, 0x40, 0x0, 0x0, 0x0, 0x0, 0x0, 0x0,
    0x0, 0x0, 0x0, 0x0, 0x0, 0x0, 0x0, 0x0,
    0x0, 0x0, 0x0, 0x0, 0x0, 0xcd, 0xdd, 0xdd,
    0x20, 0x0, 0x0, 0x0, 0x0, 0x0, 0x0, 0x4,
    0xff, 0xff, 0xff, 0x70, 0x0, 0x0, 0x0, 0x0,
    0x0, 0x0, 0xa, 0xff, 0xff, 0xff, 0xd0, 0x0,
    0x0, 0x0, 0x0, 0x0, 0x0, 0xf, 0xff, 0xff,
    0xff, 0xf3, 0x0, 0x0, 0x0, 0x0, 0x0, 0x0,
    0x4f, 0xff, 0xdb, 0xff, 0xf8, 0x0, 0x0, 0x0,
    0x0, 0x0, 0x0, 0xaf, 0xff, 0x97, 0xff, 0xfe,
    0x0, 0x0, 0x0, 0x0, 0x0, 0x0, 0xff, 0xff,
    0x53, 0xff, 0xff, 0x40, 0x0, 0x0, 0x0, 0x0,
    0x5, 0xff, 0xff, 0x10, 0xef, 0xff, 0x90, 0x0,
    0x0, 0x0, 0x0, 0xa, 0xff, 0xfd, 0x0, 0xaf,
    0xff, 0xe0, 0x0, 0x0, 0x0, 0x0, 0xf, 0xff,
    0xf9, 0x0, 0x5f, 0xff, 0xf4, 0x0, 0x0, 0x0,
    0x0, 0x5f, 0xff, 0xf4, 0x0, 0x1f, 0xff, 0xfa,
    0x0, 0x0, 0x0, 0x0, 0xbf, 0xff, 0xf0, 0x0,
    0xc, 0xff, 0xff, 0x0, 0x0, 0x0, 0x1, 0xff,
    0xff, 0xb0, 0x0, 0x7, 0xff, 0xff, 0x50, 0x0,
    0x0, 0x6, 0xff, 0xff, 0xc9, 0x99, 0x9a, 0xff,
    0xff, 0xb0, 0x0, 0x0, 0xb, 0xff, 0xff, 0xff,
    0xff, 0xff, 0xff, 0xff, 0xf1, 0x0, 0x0, 0x1f,
    0xff, 0xff, 0xff, 0xff, 0xff, 0xff, 0xff, 0xf6,
    0x0, 0x0, 0x6f, 0xff, 0xff, 0xff, 0xff, 0xff,
    0xff, 0xff, 0xfc, 0x0, 0x0, 0xbf, 0xff, 0xf1,
    0x0, 0x0, 0x0, 0xc, 0xff, 0xff, 0x10, 0x1,
    0xff, 0xff, 0xc0, 0x0, 0x0, 0x0, 0x7, 0xff,
    0xff, 0x70, 0x6, 0xff, 0xff, 0x70, 0x0, 0x0,
    0x0, 0x1, 0xff, 0xff, 0xc0, 0xc, 0xff, 0xff,
    0x20, 0x0, 0x0, 0x0, 0x0, 0xcf, 0xff, 0xf2,
    0x1f, 0xff, 0xfd, 0x0, 0x0, 0x0, 0x0, 0x0,
    0x7f, 0xff, 0xf8,

    /* U+1EB5 "ẵ" */
    0x0, 0x0, 0x26, 0x40, 0x0, 0x36, 0x50, 0x0,
    0x0, 0x6f, 0xff, 0xe7, 0x2c, 0xfb, 0x0, 0x0,
    0x1f, 0xfe, 0xef, 0xff, 0xff, 0x60, 0x0, 0x3,
    0xff, 0x30, 0x5d, 0xff, 0x80, 0x0, 0x0, 0x0,
    0x0, 0x0, 0x0, 0x0, 0x0, 0x0, 0x3, 0x99,
    0x10, 0x0, 0x9, 0x95, 0x0, 0x0, 0x3f, 0xf8,
    0x0, 0x4, 0xff, 0x70, 0x0, 0x0, 0xcf, 0xfb,
    0x79, 0xff, 0xf1, 0x0, 0x0, 0x2, 0xdf, 0xff,
    0xff, 0xf4, 0x0, 0x0, 0x0, 0x0, 0x7c, 0xed,
    0x92, 0x0, 0x0, 0x0, 0x0, 0x0, 0x0, 0x0,
    0x0, 0x0, 0x0, 0x0, 0x1, 0x57, 0x88, 0x62,
    0x0, 0x0, 0x0, 0x1a, 0xff, 0xff, 0xff, 0xfc,
    0x30, 0x0, 0x2e, 0xff, 0xff, 0xff, 0xff, 0xff,
    0x40, 0xd, 0xff, 0xff, 0xdb, 0xcf, 0xff, 0xfe,
    0x5, 0xff, 0xff, 0x50, 0x0, 0x5f, 0xff, 0xf5,
    0x1, 0x36, 0x50, 0x0, 0x0, 0xef, 0xff, 0x70,
    0x0, 0x0, 0x0, 0x0, 0x3f, 0xff, 0xf8, 0x0,
    0x1, 0x57, 0xac, 0xef, 0xff, 0xff, 0x80, 0x1a,
    0xff, 0xff, 0xff, 0xff, 0xff, 0xf8, 0x1e, 0xff,
    0xff, 0xff, 0xea, 0xef, 0xff, 0x8a, 0xff, 0xff,
    0x83, 0x0, 0xd, 0xff, 0xf8, 0xef, 0xff, 0x60,
    0x0, 0x0, 0xef, 0xff, 0x8f, 0xff, 0xf4, 0x0,
    0x0, 0x3f, 0xff, 0xf8, 0xdf, 0xff, 0xb0, 0x0,
    0x3d, 0xff, 0xff, 0x89, 0xff, 0xff, 0xfc, 0xdf,
    0xff, 0xff, 0xf8, 0x1e, 0xff, 0xff, 0xff, 0xfa,
    0xaf, 0xff, 0x80, 0x1a, 0xff, 0xff, 0xf8, 0xa,
    0xff, 0xf8, 0x0, 0x1, 0x34, 0x30, 0x0, 0x0,
    0x0, 0x0,

    /* U+1EB6 "Ặ" */
    0x0, 0x0, 0x0, 0x56, 0x40, 0x0, 0x2, 0x66,
    0x10, 0x0, 0x0, 0x0, 0x0, 0x0, 0xcf, 0xe0,
    0x0, 0xa, 0xff, 0x10, 0x0, 0x0, 0x0, 0x0,
    0x0, 0x6f, 0xfc, 0x54, 0x9f, 0xfb, 0x0, 0x0,
    0x0, 0x0, 0x0, 0x0, 0xb, 0xff, 0xff, 0xff,
    0xe2, 0x0, 0x0, 0x0, 0x0, 0x0, 0x0, 0x0,
    0x7e, 0xff, 0xf9, 0x10, 0x0, 0x0, 0x0, 0x0,
    0x0, 0x0, 0x0, 0x0, 0x11, 0x0, 0x0, 0x0,
    0x0, 0x0, 0x0, 0x0, 0x0, 0x0, 0x0, 0x0,
    0x0, 0x0, 0x0, 0x0, 0x0, 0x0, 0x0, 0x0,
    0x0, 0xcd, 0xdd, 0xdd, 0x20, 0x0, 0x0, 0x0,
    0x0, 0x0, 0x0, 0x4, 0xff, 0xff, 0xff, 0x70,
    0x0, 0x0, 0x0, 0x0, 0x0, 0x0, 0xa, 0xff,
    0xff, 0xff, 0xd0, 0x0, 0x0, 0x0, 0x0, 0x0,
    0x0, 0xf, 0xff, 0xff, 0xff, 0xf3, 0x0, 0x0,
    0x0, 0x0, 0x0, 0x0, 0x4f, 0xff, 0xdb, 0xff,
    0xf8, 0x0, 0x0, 0x0, 0x0, 0x0, 0x0, 0xaf,
    0xff, 0x97, 0xff, 0xfe, 0x0, 0x0, 0x0, 0x0,
    0x0, 0x0, 0xff, 0xff, 0x53, 0xff, 0xff, 0x40,
    0x0, 0x0, 0x0, 0x0, 0x5, 0xff, 0xff, 0x10,
    0xef, 0xff, 0x90, 0x0, 0x0, 0x0, 0x0, 0xa,
    0xff, 0xfd, 0x0, 0xaf, 0xff, 0xe0, 0x0, 0x0,
    0x0, 0x0, 0xf, 0xff, 0xf9, 0x0, 0x5f, 0xff,
    0xf4, 0x0, 0x0, 0x0, 0x0, 0x5f, 0xff, 0xf4,
    0x0, 0x1f, 0xff, 0xfa, 0x0, 0x0, 0x0, 0x0,
    0xbf, 0xff, 0xf0, 0x0, 0xc, 0xff, 0xff, 0x0,
    0x0, 0x0, 0x1, 0xff, 0xff, 0xb0, 0x0, 0x7,
    0xff, 0xff, 0x50, 0x0, 0x0, 0x6, 0xff, 0xff,
    0xc9, 0x99, 0x9a, 0xff, 0xff, 0xb0, 0x0, 0x0,
    0xb, 0xff, 0xff, 0xff, 0xff, 0xff, 0xff, 0xff,
    0xf1, 0x0, 0x0, 0x1f, 0xff, 0xff, 0xff, 0xff,
    0xff, 0xff, 0xff, 0xf6, 0x0, 0x0, 0x6f, 0xff,
    0xff, 0xff, 0xff, 0xff, 0xff, 0xff, 0xfc, 0x0,
    0x0, 0xbf, 0xff, 0xf1, 0x0, 0x0, 0x0, 0xc,
    0xff, 0xff, 0x10, 0x1, 0xff, 0xff, 0xc0, 0x0,
    0x0, 0x0, 0x7, 0xff, 0xff, 0x70, 0x6, 0xff,
    0xff, 0x70, 0x0, 0x0, 0x0, 0x1, 0xff, 0xff,
    0xc0, 0xc, 0xff, 0xff, 0x20, 0x0, 0x0, 0x0,
    0x0, 0xcf, 0xff, 0xf2, 0x1f, 0xff, 0xfd, 0x0,
    0x0, 0x0, 0x0, 0x0, 0x7f, 0xff, 0xf8, 0x0,
    0x0, 0x0, 0x0, 0x0, 0x0, 0x0, 0x0, 0x0,
    0x0, 0x0, 0x0, 0x0, 0x0, 0x0, 0x0, 0x0,
    0x0, 0x0, 0x0, 0x0, 0x0, 0x0, 0x0, 0x0,
    0x0, 0x3, 0xbc, 0x70, 0x0, 0x0, 0x0, 0x0,
    0x0, 0x0, 0x0, 0x0, 0xe, 0xff, 0xf5, 0x0,
    0x0, 0x0, 0x0, 0x0, 0x0, 0x0, 0x0, 0x2f,
    0xff, 0xf8, 0x0, 0x0, 0x0, 0x0, 0x0, 0x0,
    0x0, 0x0, 0xd, 0xff, 0xf3, 0x0, 0x0, 0x0,
    0x0, 0x0, 0x0, 0x0, 0x0, 0x1, 0x89, 0x30,
    0x0, 0x0, 0x0, 0x0,

    /* U+1EB7 "ặ" */
    0x0, 0x5f, 0xf3, 0x0, 0x0, 0xef, 0x90, 0x0,
    0x2, 0xff, 0xc1, 0x0, 0x9f, 0xf6, 0x0, 0x0,
    0x9, 0xff, 0xfd, 0xff, 0xfd, 0x0, 0x0, 0x0,
    0x9, 0xff, 0xff, 0xfc, 0x10, 0x0, 0x0, 0x0,
    0x2, 0x79, 0x74, 0x0, 0x0, 0x0, 0x0, 0x0,
    0x0, 0x0, 0x0, 0x0, 0x0, 0x0, 0x0, 0x15,
    0x78, 0x86, 0x20, 0x0, 0x0, 0x1, 0xaf, 0xff,
    0xff, 0xff, 0xc3, 0x0, 0x2, 0xef, 0xff, 0xff,
    0xff, 0xff, 0xf4, 0x0, 0xdf, 0xff, 0xfd, 0xbc,
    0xff, 0xff, 0xe0, 0x5f, 0xff, 0xf5, 0x0, 0x5,
    0xff, 0xff, 0x50, 0x13, 0x65, 0x0, 0x0, 0xe,
    0xff, 0xf7, 0x0, 0x0, 0x0, 0x0, 0x3, 0xff,
    0xff, 0x80, 0x0, 0x15, 0x7a, 0xce, 0xff, 0xff,
    0xf8, 0x1, 0xaf, 0xff, 0xff, 0xff, 0xff, 0xff,
    0x81, 0xef, 0xff, 0xff, 0xfe, 0xae, 0xff, 0xf8,
    0xaf, 0xff, 0xf8, 0x30, 0x0, 0xdf, 0xff, 0x8e,
    0xff, 0xf6, 0x0, 0x0, 0xe, 0xff, 0xf8, 0xff,
    0xff, 0x40, 0x0, 0x3, 0xff, 0xff, 0x8d, 0xff,
    0xfb, 0x0, 0x3, 0xdf, 0xff, 0xf8, 0x9f, 0xff,
    0xff, 0xcd, 0xff, 0xff, 0xff, 0x81, 0xef, 0xff,
    0xff, 0xff, 0xaa, 0xff, 0xf8, 0x1, 0xaf, 0xff,
    0xff, 0x80, 0xaf, 0xff, 0x80, 0x0, 0x13, 0x43,
    0x0, 0x0, 0x0, 0x0, 0x0, 0x0, 0x0, 0x0,
    0x0, 0x0, 0x0, 0x0, 0x0, 0x0, 0x9, 0xd9,
    0x10, 0x0, 0x0, 0x0, 0x0, 0x9, 0xff, 0xfb,
    0x0, 0x0, 0x0, 0x0, 0x0, 0xcf, 0xff, 0xe0,
    0x0, 0x0, 0x0, 0x0, 0x7, 0xff, 0xf9, 0x0,
    0x0, 0x0, 0x0, 0x0, 0x6, 0x96, 0x0, 0x0,
    0x0,

    /* U+1EB8 "Ẹ" */
    0xd, 0xdd, 0xdd, 0xdd, 0xdd, 0xdd, 0xdd, 0xd7,
    0xf, 0xff, 0xff, 0xff, 0xff, 0xff, 0xff, 0xf9,
    0xf, 0xff, 0xff, 0xff, 0xff, 0xff, 0xff, 0xf9,
    0xf, 0xff, 0xfe, 0xee, 0xee, 0xee, 0xee, 0xe8,
    0xf, 0xff, 0xf7, 0x0, 0x0, 0x0, 0x0, 0x0,
    0xf, 0xff, 0xf7, 0x0, 0x0, 0x0, 0x0, 0x0,
    0xf, 0xff, 0xf7, 0x0, 0x0, 0x0, 0x0, 0x0,
    0xf, 0xff, 0xf7, 0x0, 0x0, 0x0, 0x0, 0x0,
    0xf, 0xff, 0xf7, 0x0, 0x0, 0x0, 0x0, 0x0,
    0xf, 0xff, 0xfe, 0xdd, 0xdd, 0xdd, 0xdd, 0xb0,
    0xf, 0xff, 0xff, 0xff, 0xff, 0xff, 0xff, 0xd0,
    0xf, 0xff, 0xff, 0xff, 0xff, 0xff, 0xff, 0xd0,
    0xf, 0xff, 0xfe, 0xcc, 0xcc, 0xcc, 0xcc, 0xa0,
    0xf, 0xff, 0xf7, 0x0, 0x0, 0x0, 0x0, 0x0,
    0xf, 0xff, 0xf7, 0x0, 0x0, 0x0, 0x0, 0x0,
    0xf, 0xff, 0xf7, 0x0, 0x0, 0x0, 0x0, 0x0,
    0xf, 0xff, 0xf7, 0x0, 0x0, 0x0, 0x0, 0x0,
    0xf, 0xff, 0xf7, 0x0, 0x0, 0x0, 0x0, 0x0,
    0xf, 0xff, 0xfd, 0xbb, 0xbb, 0xbb, 0xbb, 0xb6,
    0xf, 0xff, 0xff, 0xff, 0xff, 0xff, 0xff, 0xf9,
    0xf, 0xff, 0xff, 0xff, 0xff, 0xff, 0xff, 0xf9,
    0xf, 0xff, 0xff, 0xff, 0xff, 0xff, 0xff, 0xf9,
    0x0, 0x0, 0x0, 0x0, 0x0, 0x0, 0x0, 0x0,
    0x0, 0x0, 0x0, 0x0, 0x0, 0x0, 0x0, 0x0,
    0x0, 0x0, 0x0, 0x2a, 0xc8, 0x0, 0x0, 0x0,
    0x0, 0x0, 0x0, 0xdf, 0xff, 0x70, 0x0, 0x0,
    0x0, 0x0, 0x0, 0xff, 0xff, 0xb0, 0x0, 0x0,
    0x0, 0x0, 0x0, 0xbf, 0xff, 0x60, 0x0, 0x0,
    0x0, 0x0, 0x0, 0x7, 0x95, 0x0, 0x0, 0x0,

    /* U+1EB9 "ẹ" */
    0x0, 0x0, 0x3, 0x68, 0x87, 0x30, 0x0, 0x0,
    0x0, 0x3, 0xcf, 0xff, 0xff, 0xfd, 0x40, 0x0,
    0x0, 0x5f, 0xff, 0xff, 0xff, 0xff, 0xf7, 0x0,
    0x3, 0xff, 0xff, 0xfc, 0xcf, 0xff, 0xff, 0x40,
    0xd, 0xff, 0xfc, 0x20, 0x1, 0xbf, 0xff, 0xd0,
    0x3f, 0xff, 0xf1, 0x0, 0x0, 0xe, 0xff, 0xf4,
    0x8f, 0xff, 0xb0, 0x0, 0x0, 0xa, 0xff, 0xf8,
    0xaf, 0xff, 0xec, 0xcc, 0xcc, 0xce, 0xff, 0xfa,
    0xcf, 0xff, 0xff, 0xff, 0xff, 0xff, 0xff, 0xfb,
    0xcf, 0xff, 0xff, 0xff, 0xff, 0xff, 0xff, 0xfb,
    0xaf, 0xff, 0x90, 0x0, 0x0, 0x0, 0x0, 0x0,
    0x7f, 0xff, 0xc0, 0x0, 0x0, 0x0, 0x0, 0x0,
    0x2f, 0xff, 0xf4, 0x0, 0x0, 0xb, 0xb8, 0x51,
    0xb, 0xff, 0xff, 0x61, 0x2, 0xaf, 0xff, 0xf3,
    0x1, 0xef, 0xff, 0xff, 0xff, 0xff, 0xff, 0xa0,
    0x0, 0x3d, 0xff, 0xff, 0xff, 0xff, 0xfa, 0x0,
    0x0, 0x1, 0x8e, 0xff, 0xff, 0xfc, 0x50, 0x0,
    0x0, 0x0, 0x0, 0x24, 0x43, 0x10, 0x0, 0x0,
    0x0, 0x0, 0x0, 0x0, 0x0, 0x0, 0x0, 0x0,
    0x0, 0x0, 0x0, 0x4c, 0xc5, 0x0, 0x0, 0x0,
    0x0, 0x0, 0x2, 0xff, 0xff, 0x20, 0x0, 0x0,
    0x0, 0x0, 0x5, 0xff, 0xff, 0x50, 0x0, 0x0,
    0x0, 0x0, 0x1, 0xef, 0xff, 0x10, 0x0, 0x0,
    0x0, 0x0, 0x0, 0x29, 0x92, 0x0, 0x0, 0x0,

    /* U+1EBA "Ẻ" */
    0x0, 0x0, 0x3, 0x77, 0x63, 0x0, 0x0, 0x0,
    0x0, 0x0, 0x8, 0xff, 0xff, 0x80, 0x0, 0x0,
    0x0, 0x0, 0x6, 0xcc, 0xff, 0xe0, 0x0, 0x0,
    0x0, 0x0, 0x0, 0x3, 0xff, 0x90, 0x0, 0x0,
    0x0, 0x0, 0x0, 0xc, 0xfd, 0x10, 0x0, 0x0,
    0x0, 0x0, 0x0, 0x1, 0x10, 0x0, 0x0, 0x0,
    0x0, 0x0, 0x0, 0x0, 0x0, 0x0, 0x0, 0x0,
    0xd, 0xdd, 0xdd, 0xdd, 0xdd, 0xdd, 0xdd, 0xd7,
    0xf, 0xff, 0xff, 0xff, 0xff, 0xff, 0xff, 0xf9,
    0xf, 0xff, 0xff, 0xff, 0xff, 0xff, 0xff, 0xf9,
    0xf, 0xff, 0xfe, 0xee, 0xee, 0xee, 0xee, 0xe8,
    0xf, 0xff, 0xf7, 0x0, 0x0, 0x0, 0x0, 0x0,
    0xf, 0xff, 0xf7, 0x0, 0x0, 0x0, 0x0, 0x0,
    0xf, 0xff, 0xf7, 0x0, 0x0, 0x0, 0x0, 0x0,
    0xf, 0xff, 0xf7, 0x0, 0x0, 0x0, 0x0, 0x0,
    0xf, 0xff, 0xf7, 0x0, 0x0, 0x0, 0x0, 0x0,
    0xf, 0xff, 0xfe, 0xdd, 0xdd, 0xdd, 0xdd, 0xb0,
    0xf, 0xff, 0xff, 0xff, 0xff, 0xff, 0xff, 0xd0,
    0xf, 0xff, 0xff, 0xff, 0xff, 0xff, 0xff, 0xd0,
    0xf, 0xff, 0xfe, 0xcc, 0xcc, 0xcc, 0xcc, 0xa0,
    0xf, 0xff, 0xf7, 0x0, 0x0, 0x0, 0x0, 0x0,
    0xf, 0xff, 0xf7, 0x0, 0x0, 0x0, 0x0, 0x0,
    0xf, 0xff, 0xf7, 0x0, 0x0, 0x0, 0x0, 0x0,
    0xf, 0xff, 0xf7, 0x0, 0x0, 0x0, 0x0, 0x0,
    0xf, 0xff, 0xf7, 0x0, 0x0, 0x0, 0x0, 0x0,
    0xf, 0xff, 0xfd, 0xbb, 0xbb, 0xbb, 0xbb, 0xb6,
    0xf, 0xff, 0xff, 0xff, 0xff, 0xff, 0xff, 0xf9,
    0xf, 0xff, 0xff, 0xff, 0xff, 0xff, 0xff, 0xf9,
    0xf, 0xff, 0xff, 0xff, 0xff, 0xff, 0xff, 0xf9,

    /* U+1EBB "ẻ" */
    0x0, 0x0, 0x0, 0x0, 0x0, 0x0, 0x0, 0x0,
    0x0, 0x0, 0xd, 0xff, 0xe9, 0x0, 0x0, 0x0,
    0x0, 0x0, 0xd, 0xff, 0xff, 0x70, 0x0, 0x0,
    0x0, 0x0, 0x3, 0x38, 0xff, 0x70, 0x0, 0x0,
    0x0, 0x0, 0x0, 0xd, 0xfe, 0x0, 0x0, 0x0,
    0x0, 0x0, 0x0, 0x28, 0x83, 0x0, 0x0, 0x0,
    0x0, 0x0, 0x0, 0x0, 0x0, 0x0, 0x0, 0x0,
    0x0, 0x0, 0x3, 0x68, 0x87, 0x30, 0x0, 0x0,
    0x0, 0x3, 0xcf, 0xff, 0xff, 0xfd, 0x40, 0x0,
    0x0, 0x5f, 0xff, 0xff, 0xff, 0xff, 0xf7, 0x0,
    0x3, 0xff, 0xff, 0xfc, 0xcf, 0xff, 0xff, 0x40,
    0xd, 0xff, 0xfc, 0x20, 0x1, 0xbf, 0xff, 0xd0,
    0x3f, 0xff, 0xf1, 0x0, 0x0, 0xe, 0xff, 0xf4,
    0x8f, 0xff, 0xb0, 0x0, 0x0, 0xa, 0xff, 0xf8,
    0xaf, 0xff, 0xec, 0xcc, 0xcc, 0xce, 0xff, 0xfa,
    0xcf, 0xff, 0xff, 0xff, 0xff, 0xff, 0xff, 0xfb,
    0xcf, 0xff, 0xff, 0xff, 0xff, 0xff, 0xff, 0xfb,
    0xaf, 0xff, 0x90, 0x0, 0x0, 0x0, 0x0, 0x0,
    0x7f, 0xff, 0xc0, 0x0, 0x0, 0x0, 0x0, 0x0,
    0x2f, 0xff, 0xf4, 0x0, 0x0, 0xb, 0xb8, 0x51,
    0xb, 0xff, 0xff, 0x61, 0x2, 0xaf, 0xff, 0xf3,
    0x1, 0xef, 0xff, 0xff, 0xff, 0xff, 0xff, 0xa0,
    0x0, 0x3d, 0xff, 0xff, 0xff, 0xff, 0xfa, 0x0,
    0x0, 0x1, 0x8e, 0xff, 0xff, 0xfc, 0x50, 0x0,
    0x0, 0x0, 0x0, 0x24, 0x43, 0x10, 0x0, 0x0,

    /* U+1EBC "Ẽ" */
    0x0, 0x0, 0x1, 0x20, 0x0, 0x1, 0x10, 0x0,
    0x0, 0x0, 0x8f, 0xfe, 0x60, 0x1f, 0xf5, 0x0,
    0x0, 0x4, 0xff, 0xff, 0xfd, 0xdf, 0xf2, 0x0,
    0x0, 0x9, 0xff, 0x5a, 0xff, 0xff, 0xa0, 0x0,
    0x0, 0x8, 0xb7, 0x0, 0x39, 0xb8, 0x0, 0x0,
    0x0, 0x0, 0x0, 0x0, 0x0, 0x0, 0x0, 0x0,
    0x0, 0x0, 0x0, 0x0, 0x0, 0x0, 0x0, 0x0,
    0xd, 0xdd, 0xdd, 0xdd, 0xdd, 0xdd, 0xdd, 0xd7,
    0xf, 0xff, 0xff, 0xff, 0xff, 0xff, 0xff, 0xf9,
    0xf, 0xff, 0xff, 0xff, 0xff, 0xff, 0xff, 0xf9,
    0xf, 0xff, 0xfe, 0xee, 0xee, 0xee, 0xee, 0xe8,
    0xf, 0xff, 0xf7, 0x0, 0x0, 0x0, 0x0, 0x0,
    0xf, 0xff, 0xf7, 0x0, 0x0, 0x0, 0x0, 0x0,
    0xf, 0xff, 0xf7, 0x0, 0x0, 0x0, 0x0, 0x0,
    0xf, 0xff, 0xf7, 0x0, 0x0, 0x0, 0x0, 0x0,
    0xf, 0xff, 0xf7, 0x0, 0x0, 0x0, 0x0, 0x0,
    0xf, 0xff, 0xfe, 0xdd, 0xdd, 0xdd, 0xdd, 0xb0,
    0xf, 0xff, 0xff, 0xff, 0xff, 0xff, 0xff, 0xd0,
    0xf, 0xff, 0xff, 0xff, 0xff, 0xff, 0xff, 0xd0,
    0xf, 0xff, 0xfe, 0xcc, 0xcc, 0xcc, 0xcc, 0xa0,
    0xf, 0xff, 0xf7, 0x0, 0x0, 0x0, 0x0, 0x0,
    0xf, 0xff, 0xf7, 0x0, 0x0, 0x0, 0x0, 0x0,
    0xf, 0xff, 0xf7, 0x0, 0x0, 0x0, 0x0, 0x0,
    0xf, 0xff, 0xf7, 0x0, 0x0, 0x0, 0x0, 0x0,
    0xf, 0xff, 0xf7, 0x0, 0x0, 0x0, 0x0, 0x0,
    0xf, 0xff, 0xfd, 0xbb, 0xbb, 0xbb, 0xbb, 0xb6,
    0xf, 0xff, 0xff, 0xff, 0xff, 0xff, 0xff, 0xf9,
    0xf, 0xff, 0xff, 0xff, 0xff, 0xff, 0xff, 0xf9,
    0xf, 0xff, 0xff, 0xff, 0xff, 0xff, 0xff, 0xf9,

    /* U+1EBD "ẽ" */
    0x0, 0x0, 0x5b, 0xa5, 0x0, 0x3a, 0xa0, 0x0,
    0x0, 0x5, 0xff, 0xff, 0xb5, 0xbf, 0xe0, 0x0,
    0x0, 0xd, 0xff, 0xdf, 0xff, 0xff, 0x80, 0x0,
    0x0, 0xf, 0xf7, 0x4, 0xdf, 0xfc, 0x10, 0x0,
    0x0, 0x2, 0x20, 0x0, 0x2, 0x20, 0x0, 0x0,
    0x0, 0x0, 0x0, 0x0, 0x0, 0x0, 0x0, 0x0,
    0x0, 0x0, 0x3, 0x68, 0x87, 0x30, 0x0, 0x0,
    0x0, 0x3, 0xcf, 0xff, 0xff, 0xfd, 0x40, 0x0,
    0x0, 0x5f, 0xff, 0xff, 0xff, 0xff, 0xf7, 0x0,
    0x3, 0xff, 0xff, 0xfc, 0xcf, 0xff, 0xff, 0x40,
    0xd, 0xff, 0xfc, 0x20, 0x1, 0xbf, 0xff, 0xd0,
    0x3f, 0xff, 0xf1, 0x0, 0x0, 0xe, 0xff, 0xf4,
    0x8f, 0xff, 0xb0, 0x0, 0x0, 0xa, 0xff, 0xf8,
    0xaf, 0xff, 0xec, 0xcc, 0xcc, 0xce, 0xff, 0xfa,
    0xcf, 0xff, 0xff, 0xff, 0xff, 0xff, 0xff, 0xfb,
    0xcf, 0xff, 0xff, 0xff, 0xff, 0xff, 0xff, 0xfb,
    0xaf, 0xff, 0x90, 0x0, 0x0, 0x0, 0x0, 0x0,
    0x7f, 0xff, 0xc0, 0x0, 0x0, 0x0, 0x0, 0x0,
    0x2f, 0xff, 0xf4, 0x0, 0x0, 0xb, 0xb8, 0x51,
    0xb, 0xff, 0xff, 0x61, 0x2, 0xaf, 0xff, 0xf3,
    0x1, 0xef, 0xff, 0xff, 0xff, 0xff, 0xff, 0xa0,
    0x0, 0x3d, 0xff, 0xff, 0xff, 0xff, 0xfa, 0x0,
    0x0, 0x1, 0x8e, 0xff, 0xff, 0xfc, 0x50, 0x0,
    0x0, 0x0, 0x0, 0x24, 0x43, 0x10, 0x0, 0x0,

    /* U+1EBE "Ế" */
    0x0, 0x0, 0x0, 0x0, 0x0, 0x0, 0x12, 0x22,
    0x0, 0x0, 0x0, 0x0, 0x0, 0x0, 0xef, 0xf7,
    0x0, 0x0, 0x0, 0x0, 0x0, 0x5, 0xff, 0xc0,
    0x0, 0x0, 0x0, 0x0, 0x0, 0xd, 0xff, 0x20,
    0x0, 0x0, 0x0, 0x0, 0x0, 0x2c, 0xc6, 0x0,
    0x0, 0x0, 0x0, 0x1, 0x11, 0x0, 0x0, 0x0,
    0x0, 0x0, 0x1, 0xcf, 0xff, 0x90, 0x0, 0x0,
    0x0, 0x0, 0xc, 0xff, 0xff, 0xf9, 0x0, 0x0,
    0x0, 0x0, 0xcf, 0xfc, 0x3f, 0xff, 0x80, 0x0,
    0x0, 0xc, 0xff, 0xe1, 0x4, 0xff, 0xf8, 0x0,
    0x0, 0x26, 0x66, 0x20, 0x0, 0x46, 0x66, 0x10,
    0x0, 0x0, 0x0, 0x0, 0x0, 0x0, 0x0, 0x0,
    0xd, 0xdd, 0xdd, 0xdd, 0xdd, 0xdd, 0xdd, 0xd7,
    0xf, 0xff, 0xff, 0xff, 0xff, 0xff, 0xff, 0xf9,
    0xf, 0xff, 0xff, 0xff, 0xff, 0xff, 0xff, 0xf9,
    0xf, 0xff, 0xfe, 0xee, 0xee, 0xee, 0xee, 0xe8,
    0xf, 0xff, 0xf7, 0x0, 0x0, 0x0, 0x0, 0x0,
    0xf, 0xff, 0xf7, 0x0, 0x0, 0x0, 0x0, 0x0,
    0xf, 0xff, 0xf7, 0x0, 0x0, 0x0, 0x0, 0x0,
    0xf, 0xff, 0xf7, 0x0, 0x0, 0x0, 0x0, 0x0,
    0xf, 0xff, 0xf7, 0x0, 0x0, 0x0, 0x0, 0x0,
    0xf, 0xff, 0xfe, 0xdd, 0xdd, 0xdd, 0xdd, 0xb0,
    0xf, 0xff, 0xff, 0xff, 0xff, 0xff, 0xff, 0xd0,
    0xf, 0xff, 0xff, 0xff, 0xff, 0xff, 0xff, 0xd0,
    0xf, 0xff, 0xfe, 0xcc, 0xcc, 0xcc, 0xcc, 0xa0,
    0xf, 0xff, 0xf7, 0x0, 0x0, 0x0, 0x0, 0x0,
    0xf, 0xff, 0xf7, 0x0, 0x0, 0x0, 0x0, 0x0,
    0xf, 0xff, 0xf7, 0x0, 0x0, 0x0, 0x0, 0x0,
    0xf, 0xff, 0xf7, 0x0, 0x0, 0x0, 0x0, 0x0,
    0xf, 0xff, 0xf7, 0x0, 0x0, 0x0, 0x0, 0x0,
    0xf, 0xff, 0xfd, 0xbb, 0xbb, 0xbb, 0xbb, 0xb6,
    0xf, 0xff, 0xff, 0xff, 0xff, 0xff, 0xff, 0xf9,
    0xf, 0xff, 0xff, 0xff, 0xff, 0xff, 0xff, 0xf9,
    0xf, 0xff, 0xff, 0xff, 0xff, 0xff, 0xff, 0xf9,

    /* U+1EBF "ế" */
    0x0, 0x0, 0x0, 0x0, 0x0, 0x1, 0xbb, 0xb3,
    0x0, 0x0, 0x0, 0x0, 0x0, 0x8, 0xff, 0xc0,
    0x0, 0x0, 0x0, 0x0, 0x0, 0xe, 0xff, 0x20,
    0x0, 0x0, 0x0, 0x0, 0x0, 0x6f, 0xf6, 0x0,
    0x0, 0x0, 0x0, 0x0, 0x0, 0x23, 0x30, 0x0,
    0x0, 0x0, 0x0, 0x9a, 0xa9, 0x0, 0x0, 0x0,
    0x0, 0x0, 0xb, 0xff, 0xff, 0xc0, 0x0, 0x0,
    0x0, 0x0, 0xbf, 0xfd, 0xcf, 0xfb, 0x0, 0x0,
    0x0, 0xa, 0xff, 0xe2, 0x1e, 0xff, 0xb0, 0x0,
    0x0, 0x7d, 0xdd, 0x30, 0x3, 0xdd, 0xd8, 0x0,
    0x0, 0x0, 0x0, 0x0, 0x0, 0x0, 0x0, 0x0,
    0x0, 0x0, 0x3, 0x68, 0x87, 0x30, 0x0, 0x0,
    0x0, 0x3, 0xcf, 0xff, 0xff, 0xfd, 0x40, 0x0,
    0x0, 0x5f, 0xff, 0xff, 0xff, 0xff, 0xf7, 0x0,
    0x3, 0xff, 0xff, 0xfc, 0xcf, 0xff, 0xff, 0x40,
    0xd, 0xff, 0xfc, 0x20, 0x1, 0xbf, 0xff, 0xd0,
    0x3f, 0xff, 0xf1, 0x0, 0x0, 0xe, 0xff, 0xf4,
    0x8f, 0xff, 0xb0, 0x0, 0x0, 0xa, 0xff, 0xf8,
    0xaf, 0xff, 0xec, 0xcc, 0xcc, 0xce, 0xff, 0xfa,
    0xcf, 0xff, 0xff, 0xff, 0xff, 0xff, 0xff, 0xfb,
    0xcf, 0xff, 0xff, 0xff, 0xff, 0xff, 0xff, 0xfb,
    0xaf, 0xff, 0x90, 0x0, 0x0, 0x0, 0x0, 0x0,
    0x7f, 0xff, 0xc0, 0x0, 0x0, 0x0, 0x0, 0x0,
    0x2f, 0xff, 0xf4, 0x0, 0x0, 0xb, 0xb8, 0x51,
    0xb, 0xff, 0xff, 0x61, 0x2, 0xaf, 0xff, 0xf3,
    0x1, 0xef, 0xff, 0xff, 0xff, 0xff, 0xff, 0xa0,
    0x0, 0x3d, 0xff, 0xff, 0xff, 0xff, 0xfa, 0x0,
    0x0, 0x1, 0x8e, 0xff, 0xff, 0xfc, 0x50, 0x0,
    0x0, 0x0, 0x0, 0x24, 0x43, 0x10, 0x0, 0x0,

    /* U+1EC0 "Ề" */
    0x0, 0x0, 0x0, 0x0, 0x2, 0x22, 0x20, 0x0,
    0x0, 0x0, 0x0, 0x0, 0x5, 0xff, 0xf1, 0x0,
    0x0, 0x0, 0x0, 0x0, 0x0, 0xaf, 0xf7, 0x0,
    0x0, 0x0, 0x0, 0x0, 0x0, 0x1e, 0xfe, 0x0,
    0x0, 0x0, 0x0, 0x0, 0x0, 0x4, 0xcc, 0x40,
    0x0, 0x0, 0x0, 0x1, 0x11, 0x0, 0x0, 0x0,
    0x0, 0x0, 0x1, 0xcf, 0xff, 0x90, 0x0, 0x0,
    0x0, 0x0, 0xc, 0xff, 0xff, 0xf9, 0x0, 0x0,
    0x0, 0x0, 0xcf, 0xfc, 0x3f, 0xff, 0x80, 0x0,
    0x0, 0xc, 0xff, 0xe1, 0x4, 0xff, 0xf8, 0x0,
    0x0, 0x26, 0x66, 0x20, 0x0, 0x46, 0x66, 0x10,
    0x0, 0x0, 0x0, 0x0, 0x0, 0x0, 0x0, 0x0,
    0xd, 0xdd, 0xdd, 0xdd, 0xdd, 0xdd, 0xdd, 0xd7,
    0xf, 0xff, 0xff, 0xff, 0xff, 0xff, 0xff, 0xf9,
    0xf, 0xff, 0xff, 0xff, 0xff, 0xff, 0xff, 0xf9,
    0xf, 0xff, 0xfe, 0xee, 0xee, 0xee, 0xee, 0xe8,
    0xf, 0xff, 0xf7, 0x0, 0x0, 0x0, 0x0, 0x0,
    0xf, 0xff, 0xf7, 0x0, 0x0, 0x0, 0x0, 0x0,
    0xf, 0xff, 0xf7, 0x0, 0x0, 0x0, 0x0, 0x0,
    0xf, 0xff, 0xf7, 0x0, 0x0, 0x0, 0x0, 0x0,
    0xf, 0xff, 0xf7, 0x0, 0x0, 0x0, 0x0, 0x0,
    0xf, 0xff, 0xfe, 0xdd, 0xdd, 0xdd, 0xdd, 0xb0,
    0xf, 0xff, 0xff, 0xff, 0xff, 0xff, 0xff, 0xd0,
    0xf, 0xff, 0xff, 0xff, 0xff, 0xff, 0xff, 0xd0,
    0xf, 0xff, 0xfe, 0xcc, 0xcc, 0xcc, 0xcc, 0xa0,
    0xf, 0xff, 0xf7, 0x0, 0x0, 0x0, 0x0, 0x0,
    0xf, 0xff, 0xf7, 0x0, 0x0, 0x0, 0x0, 0x0,
    0xf, 0xff, 0xf7, 0x0, 0x0, 0x0, 0x0, 0x0,
    0xf, 0xff, 0xf7, 0x0, 0x0, 0x0, 0x0, 0x0,
    0xf, 0xff, 0xf7, 0x0, 0x0, 0x0, 0x0, 0x0,
    0xf, 0xff, 0xfd, 0xbb, 0xbb, 0xbb, 0xbb, 0xb6,
    0xf, 0xff, 0xff, 0xff, 0xff, 0xff, 0xff, 0xf9,
    0xf, 0xff, 0xff, 0xff, 0xff, 0xff, 0xff, 0xf9,
    0xf, 0xff, 0xff, 0xff, 0xff, 0xff, 0xff, 0xf9,

    /* U+1EC1 "ề" */
    0x0, 0x0, 0x0, 0x0, 0xa, 0xbb, 0x60, 0x0,
    0x0, 0x0, 0x0, 0x0, 0x4, 0xff, 0xe0, 0x0,
    0x0, 0x0, 0x0, 0x0, 0x0, 0x9f, 0xf6, 0x0,
    0x0, 0x0, 0x0, 0x0, 0x0, 0xe, 0xfd, 0x0,
    0x0, 0x0, 0x0, 0x0, 0x0, 0x1, 0x33, 0x0,
    0x0, 0x0, 0x0, 0x9a, 0xa9, 0x0, 0x0, 0x0,
    0x0, 0x0, 0xb, 0xff, 0xff, 0xc0, 0x0, 0x0,
    0x0, 0x0, 0xbf, 0xfd, 0xcf, 0xfb, 0x0, 0x0,
    0x0, 0xa, 0xff, 0xe2, 0x1e, 0xff, 0xb0, 0x0,
    0x0, 0x7d, 0xdd, 0x30, 0x3, 0xdd, 0xd8, 0x0,
    0x0, 0x0, 0x0, 0x0, 0x0, 0x0, 0x0, 0x0,
    0x0, 0x0, 0x3, 0x68, 0x87, 0x30, 0x0, 0x0,
    0x0, 0x3, 0xcf, 0xff, 0xff, 0xfd, 0x40, 0x0,
    0x0, 0x5f, 0xff, 0xff, 0xff, 0xff, 0xf7, 0x0,
    0x3, 0xff, 0xff, 0xfc, 0xcf, 0xff, 0xff, 0x40,
    0xd, 0xff, 0xfc, 0x20, 0x1, 0xbf, 0xff, 0xd0,
    0x3f, 0xff, 0xf1, 0x0, 0x0, 0xe, 0xff, 0xf4,
    0x8f, 0xff, 0xb0, 0x0, 0x0, 0xa, 0xff, 0xf8,
    0xaf, 0xff, 0xec, 0xcc, 0xcc, 0xce, 0xff, 0xfa,
    0xcf, 0xff, 0xff, 0xff, 0xff, 0xff, 0xff, 0xfb,
    0xcf, 0xff, 0xff, 0xff, 0xff, 0xff, 0xff, 0xfb,
    0xaf, 0xff, 0x90, 0x0, 0x0, 0x0, 0x0, 0x0,
    0x7f, 0xff, 0xc0, 0x0, 0x0, 0x0, 0x0, 0x0,
    0x2f, 0xff, 0xf4, 0x0, 0x0, 0xb, 0xb8, 0x51,
    0xb, 0xff, 0xff, 0x61, 0x2, 0xaf, 0xff, 0xf3,
    0x1, 0xef, 0xff, 0xff, 0xff, 0xff, 0xff, 0xa0,
    0x0, 0x3d, 0xff, 0xff, 0xff, 0xff, 0xfa, 0x0,
    0x0, 0x1, 0x8e, 0xff, 0xff, 0xfc, 0x50, 0x0,
    0x0, 0x0, 0x0, 0x24, 0x43, 0x10, 0x0, 0x0,

    /* U+1EC2 "Ể" */
    0x0, 0x0, 0x0, 0x0, 0x1, 0x22, 0x0, 0x0,
    0x0, 0x0, 0x0, 0x0, 0xb, 0xff, 0xf8, 0x0,
    0x0, 0x0, 0x0, 0x0, 0x9, 0xce, 0xff, 0x0,
    0x0, 0x0, 0x0, 0x0, 0x0, 0xb, 0xfb, 0x0,
    0x0, 0x0, 0x0, 0x0, 0x0, 0x2c, 0xb1, 0x0,
    0x0, 0x0, 0x0, 0x1, 0x11, 0x0, 0x0, 0x0,
    0x0, 0x0, 0x1, 0xcf, 0xff, 0x90, 0x0, 0x0,
    0x0, 0x0, 0xc, 0xff, 0xff, 0xf9, 0x0, 0x0,
    0x0, 0x0, 0xcf, 0xfc, 0x3f, 0xff, 0x80, 0x0,
    0x0, 0xc, 0xff, 0xe1, 0x4, 0xff, 0xf8, 0x0,
    0x0, 0x26, 0x66, 0x20, 0x0, 0x46, 0x66, 0x10,
    0x0, 0x0, 0x0, 0x0, 0x0, 0x0, 0x0, 0x0,
    0xd, 0xdd, 0xdd, 0xdd, 0xdd, 0xdd, 0xdd, 0xd7,
    0xf, 0xff, 0xff, 0xff, 0xff, 0xff, 0xff, 0xf9,
    0xf, 0xff, 0xff, 0xff, 0xff, 0xff, 0xff, 0xf9,
    0xf, 0xff, 0xfe, 0xee, 0xee, 0xee, 0xee, 0xe8,
    0xf, 0xff, 0xf7, 0x0, 0x0, 0x0, 0x0, 0x0,
    0xf, 0xff, 0xf7, 0x0, 0x0, 0x0, 0x0, 0x0,
    0xf, 0xff, 0xf7, 0x0, 0x0, 0x0, 0x0, 0x0,
    0xf, 0xff, 0xf7, 0x0, 0x0, 0x0, 0x0, 0x0,
    0xf, 0xff, 0xf7, 0x0, 0x0, 0x0, 0x0, 0x0,
    0xf, 0xff, 0xfe, 0xdd, 0xdd, 0xdd, 0xdd, 0xb0,
    0xf, 0xff, 0xff, 0xff, 0xff, 0xff, 0xff, 0xd0,
    0xf, 0xff, 0xff, 0xff, 0xff, 0xff, 0xff, 0xd0,
    0xf, 0xff, 0xfe, 0xcc, 0xcc, 0xcc, 0xcc, 0xa0,
    0xf, 0xff, 0xf7, 0x0, 0x0, 0x0, 0x0, 0x0,
    0xf, 0xff, 0xf7, 0x0, 0x0, 0x0, 0x0, 0x0,
    0xf, 0xff, 0xf7, 0x0, 0x0, 0x0, 0x0, 0x0,
    0xf, 0xff, 0xf7, 0x0, 0x0, 0x0, 0x0, 0x0,
    0xf, 0xff, 0xf7, 0x0, 0x0, 0x0, 0x0, 0x0,
    0xf, 0xff, 0xfd, 0xbb, 0xbb, 0xbb, 0xbb, 0xb6,
    0xf, 0xff, 0xff, 0xff, 0xff, 0xff, 0xff, 0xf9,
    0xf, 0xff, 0xff, 0xff, 0xff, 0xff, 0xff, 0xf9,
    0xf, 0xff, 0xff, 0xff, 0xff, 0xff, 0xff, 0xf9,

    /* U+1EC3 "ể" */
    0x0, 0x0, 0x0, 0x0, 0xb, 0xba, 0x70, 0x0,
    0x0, 0x0, 0x0, 0x0, 0xf, 0xff, 0xf9, 0x0,
    0x0, 0x0, 0x0, 0x0, 0x4, 0x4e, 0xf9, 0x0,
    0x0, 0x0, 0x0, 0x0, 0x0, 0x5f, 0xe1, 0x0,
    0x0, 0x0, 0x0, 0x0, 0x0, 0x23, 0x10, 0x0,
    0x0, 0x0, 0x0, 0x9a, 0xa9, 0x0, 0x0, 0x0,
    0x0, 0x0, 0xb, 0xff, 0xff, 0xc0, 0x0, 0x0,
    0x0, 0x0, 0xbf, 0xfd, 0xcf, 0xfb, 0x0, 0x0,
    0x0, 0xa, 0xff, 0xe2, 0x1e, 0xff, 0xb0, 0x0,
    0x0, 0x7d, 0xdd, 0x30, 0x3, 0xdd, 0xd8, 0x0,
    0x0, 0x0, 0x0, 0x0, 0x0, 0x0, 0x0, 0x0,
    0x0, 0x0, 0x3, 0x68, 0x87, 0x30, 0x0, 0x0,
    0x0, 0x3, 0xcf, 0xff, 0xff, 0xfd, 0x40, 0x0,
    0x0, 0x5f, 0xff, 0xff, 0xff, 0xff, 0xf7, 0x0,
    0x3, 0xff, 0xff, 0xfc, 0xcf, 0xff, 0xff, 0x40,
    0xd, 0xff, 0xfc, 0x20, 0x1, 0xbf, 0xff, 0xd0,
    0x3f, 0xff, 0xf1, 0x0, 0x0, 0xe, 0xff, 0xf4,
    0x8f, 0xff, 0xb0, 0x0, 0x0, 0xa, 0xff, 0xf8,
    0xaf, 0xff, 0xec, 0xcc, 0xcc, 0xce, 0xff, 0xfa,
    0xcf, 0xff, 0xff, 0xff, 0xff, 0xff, 0xff, 0xfb,
    0xcf, 0xff, 0xff, 0xff, 0xff, 0xff, 0xff, 0xfb,
    0xaf, 0xff, 0x90, 0x0, 0x0, 0x0, 0x0, 0x0,
    0x7f, 0xff, 0xc0, 0x0, 0x0, 0x0, 0x0, 0x0,
    0x2f, 0xff, 0xf4, 0x0, 0x0, 0xb, 0xb8, 0x51,
    0xb, 0xff, 0xff, 0x61, 0x2, 0xaf, 0xff, 0xf3,
    0x1, 0xef, 0xff, 0xff, 0xff, 0xff, 0xff, 0xa0,
    0x0, 0x3d, 0xff, 0xff, 0xff, 0xff, 0xfa, 0x0,
    0x0, 0x1, 0x8e, 0xff, 0xff, 0xfc, 0x50, 0x0,
    0x0, 0x0, 0x0, 0x24, 0x43, 0x10, 0x0, 0x0,

    /* U+1EC4 "Ễ" */
    0x0, 0x0, 0x4c, 0xda, 0x30, 0xd, 0xd4, 0x0,
    0x0, 0x2, 0xff, 0xff, 0xfb, 0xbf, 0xf3, 0x0,
    0x0, 0x9, 0xff, 0x59, 0xff, 0xff, 0xa0, 0x0,
    0x0, 0x6, 0x96, 0x0, 0x27, 0x95, 0x0, 0x0,
    0x0, 0x0, 0x0, 0x1, 0x11, 0x0, 0x0, 0x0,
    0x0, 0x0, 0x1, 0xcf, 0xff, 0x90, 0x0, 0x0,
    0x0, 0x0, 0xc, 0xff, 0xff, 0xf9, 0x0, 0x0,
    0x0, 0x0, 0xcf, 0xfc, 0x3f, 0xff, 0x80, 0x0,
    0x0, 0xc, 0xff, 0xe1, 0x4, 0xff, 0xf8, 0x0,
    0x0, 0x26, 0x66, 0x20, 0x0, 0x46, 0x66, 0x10,
    0x0, 0x0, 0x0, 0x0, 0x0, 0x0, 0x0, 0x0,
    0xd, 0xdd, 0xdd, 0xdd, 0xdd, 0xdd, 0xdd, 0xd7,
    0xf, 0xff, 0xff, 0xff, 0xff, 0xff, 0xff, 0xf9,
    0xf, 0xff, 0xff, 0xff, 0xff, 0xff, 0xff, 0xf9,
    0xf, 0xff, 0xfe, 0xee, 0xee, 0xee, 0xee, 0xe8,
    0xf, 0xff, 0xf7, 0x0, 0x0, 0x0, 0x0, 0x0,
    0xf, 0xff, 0xf7, 0x0, 0x0, 0x0, 0x0, 0x0,
    0xf, 0xff, 0xf7, 0x0, 0x0, 0x0, 0x0, 0x0,
    0xf, 0xff, 0xf7, 0x0, 0x0, 0x0, 0x0, 0x0,
    0xf, 0xff, 0xf7, 0x0, 0x0, 0x0, 0x0, 0x0,
    0xf, 0xff, 0xfe, 0xdd, 0xdd, 0xdd, 0xdd, 0xb0,
    0xf, 0xff, 0xff, 0xff, 0xff, 0xff, 0xff, 0xd0,
    0xf, 0xff, 0xff, 0xff, 0xff, 0xff, 0xff, 0xd0,
    0xf, 0xff, 0xfe, 0xcc, 0xcc, 0xcc, 0xcc, 0xa0,
    0xf, 0xff, 0xf7, 0x0, 0x0, 0x0, 0x0, 0x0,
    0xf, 0xff, 0xf7, 0x0, 0x0, 0x0, 0x0, 0x0,
    0xf, 0xff, 0xf7, 0x0, 0x0, 0x0, 0x0, 0x0,
    0xf, 0xff, 0xf7, 0x0, 0x0, 0x0, 0x0, 0x0,
    0xf, 0xff, 0xf7, 0x0, 0x0, 0x0, 0x0, 0x0,
    0xf, 0xff, 0xfd, 0xbb, 0xbb, 0xbb, 0xbb, 0xb6,
    0xf, 0xff, 0xff, 0xff, 0xff, 0xff, 0xff, 0xf9,
    0xf, 0xff, 0xff, 0xff, 0xff, 0xff, 0xff, 0xf9,
    0xf, 0xff, 0xff, 0xff, 0xff, 0xff, 0xff, 0xf9,

    /* U+1EC5 "ễ" */
    0x0, 0x0, 0x15, 0x51, 0x0, 0x16, 0x60, 0x0,
    0x0, 0x3, 0xef, 0xff, 0x92, 0x9f, 0xf0, 0x0,
    0x0, 0xc, 0xff, 0xdf, 0xff, 0xff, 0x90, 0x0,
    0x0, 0xf, 0xf7, 0x3, 0xbf, 0xfa, 0x0, 0x0,
    0x0, 0x0, 0x0, 0x0, 0x0, 0x0, 0x0, 0x0,
    0x0, 0x0, 0x0, 0x9a, 0xa9, 0x0, 0x0, 0x0,
    0x0, 0x0, 0xb, 0xff, 0xff, 0xc0, 0x0, 0x0,
    0x0, 0x0, 0xbf, 0xfd, 0xcf, 0xfb, 0x0, 0x0,
    0x0, 0xa, 0xff, 0xe2, 0x1e, 0xff, 0xb0, 0x0,
    0x0, 0x7d, 0xdd, 0x30, 0x3, 0xdd, 0xd8, 0x0,
    0x0, 0x0, 0x0, 0x0, 0x0, 0x0, 0x0, 0x0,
    0x0, 0x0, 0x3, 0x68, 0x87, 0x30, 0x0, 0x0,
    0x0, 0x3, 0xcf, 0xff, 0xff, 0xfd, 0x40, 0x0,
    0x0, 0x5f, 0xff, 0xff, 0xff, 0xff, 0xf7, 0x0,
    0x3, 0xff, 0xff, 0xfc, 0xcf, 0xff, 0xff, 0x40,
    0xd, 0xff, 0xfc, 0x20, 0x1, 0xbf, 0xff, 0xd0,
    0x3f, 0xff, 0xf1, 0x0, 0x0, 0xe, 0xff, 0xf4,
    0x8f, 0xff, 0xb0, 0x0, 0x0, 0xa, 0xff, 0xf8,
    0xaf, 0xff, 0xec, 0xcc, 0xcc, 0xce, 0xff, 0xfa,
    0xcf, 0xff, 0xff, 0xff, 0xff, 0xff, 0xff, 0xfb,
    0xcf, 0xff, 0xff, 0xff, 0xff, 0xff, 0xff, 0xfb,
    0xaf, 0xff, 0x90, 0x0, 0x0, 0x0, 0x0, 0x0,
    0x7f, 0xff, 0xc0, 0x0, 0x0, 0x0, 0x0, 0x0,
    0x2f, 0xff, 0xf4, 0x0, 0x0, 0xb, 0xb8, 0x51,
    0xb, 0xff, 0xff, 0x61, 0x2, 0xaf, 0xff, 0xf3,
    0x1, 0xef, 0xff, 0xff, 0xff, 0xff, 0xff, 0xa0,
    0x0, 0x3d, 0xff, 0xff, 0xff, 0xff, 0xfa, 0x0,
    0x0, 0x1, 0x8e, 0xff, 0xff, 0xfc, 0x50, 0x0,
    0x0, 0x0, 0x0, 0x24, 0x43, 0x10, 0x0, 0x0,

    /* U+1EC6 "Ệ" */
    0x0, 0x0, 0x0, 0x47, 0x77, 0x10, 0x0, 0x0,
    0x0, 0x0, 0x5, 0xff, 0xff, 0xd1, 0x0, 0x0,
    0x0, 0x0, 0x4f, 0xff, 0xcf, 0xfd, 0x10, 0x0,
    0x0, 0x4, 0xff, 0xf7, 0xc, 0xff, 0xd1, 0x0,
    0x0, 0x3e, 0xff, 0x90, 0x1, 0xef, 0xfc, 0x0,
    0x0, 0x0, 0x0, 0x0, 0x0, 0x0, 0x0, 0x0,
    0x0, 0x0, 0x0, 0x0, 0x0, 0x0, 0x0, 0x0,
    0xd, 0xdd, 0xdd, 0xdd, 0xdd, 0xdd, 0xdd, 0xd7,
    0xf, 0xff, 0xff, 0xff, 0xff, 0xff, 0xff, 0xf9,
    0xf, 0xff, 0xff, 0xff, 0xff, 0xff, 0xff, 0xf9,
    0xf, 0xff, 0xfe, 0xee, 0xee, 0xee, 0xee, 0xe8,
    0xf, 0xff, 0xf7, 0x0, 0x0, 0x0, 0x0, 0x0,
    0xf, 0xff, 0xf7, 0x0, 0x0, 0x0, 0x0, 0x0,
    0xf, 0xff, 0xf7, 0x0, 0x0, 0x0, 0x0, 0x0,
    0xf, 0xff, 0xf7, 0x0, 0x0, 0x0, 0x0, 0x0,
    0xf, 0xff, 0xf7, 0x0, 0x0, 0x0, 0x0, 0x0,
    0xf, 0xff, 0xfe, 0xdd, 0xdd, 0xdd, 0xdd, 0xb0,
    0xf, 0xff, 0xff, 0xff, 0xff, 0xff, 0xff, 0xd0,
    0xf, 0xff, 0xff, 0xff, 0xff, 0xff, 0xff, 0xd0,
    0xf, 0xff, 0xfe, 0xcc, 0xcc, 0xcc, 0xcc, 0xa0,
    0xf, 0xff, 0xf7, 0x0, 0x0, 0x0, 0x0, 0x0,
    0xf, 0xff, 0xf7, 0x0, 0x0, 0x0, 0x0, 0x0,
    0xf, 0xff, 0xf7, 0x0, 0x0, 0x0, 0x0, 0x0,
    0xf, 0xff, 0xf7, 0x0, 0x0, 0x0, 0x0, 0x0,
    0xf, 0xff, 0xf7, 0x0, 0x0, 0x0, 0x0, 0x0,
    0xf, 0xff, 0xfd, 0xbb, 0xbb, 0xbb, 0xbb, 0xb6,
    0xf, 0xff, 0xff, 0xff, 0xff, 0xff, 0xff, 0xf9,
    0xf, 0xff, 0xff, 0xff, 0xff, 0xff, 0xff, 0xf9,
    0xf, 0xff, 0xff, 0xff, 0xff, 0xff, 0xff, 0xf9,
    0x0, 0x0, 0x0, 0x0, 0x0, 0x0, 0x0, 0x0,
    0x0, 0x0, 0x0, 0x0, 0x0, 0x0, 0x0, 0x0,
    0x0, 0x0, 0x0, 0x2a, 0xc8, 0x0, 0x0, 0x0,
    0x0, 0x0, 0x0, 0xdf, 0xff, 0x70, 0x0, 0x0,
    0x0, 0x0, 0x0, 0xff, 0xff, 0xb0, 0x0, 0x0,
    0x0, 0x0, 0x0, 0xbf, 0xff, 0x60, 0x0, 0x0,
    0x0, 0x0, 0x0, 0x7, 0x95, 0x0, 0x0, 0x0,

    /* U+1EC7 "ệ" */
    0x0, 0x0, 0x0, 0x0, 0x0, 0x0, 0x0, 0x0,
    0x0, 0x0, 0x3, 0xff, 0xff, 0x30, 0x0, 0x0,
    0x0, 0x0, 0x3f, 0xff, 0xff, 0xf3, 0x0, 0x0,
    0x0, 0x3, 0xff, 0xf8, 0x8f, 0xfe, 0x20, 0x0,
    0x0, 0x3e, 0xff, 0xa0, 0xb, 0xff, 0xe2, 0x0,
    0x0, 0x56, 0x66, 0x0, 0x0, 0x66, 0x65, 0x0,
    0x0, 0x0, 0x0, 0x0, 0x0, 0x0, 0x0, 0x0,
    0x0, 0x0, 0x3, 0x68, 0x87, 0x30, 0x0, 0x0,
    0x0, 0x3, 0xcf, 0xff, 0xff, 0xfd, 0x40, 0x0,
    0x0, 0x5f, 0xff, 0xff, 0xff, 0xff, 0xf7, 0x0,
    0x3, 0xff, 0xff, 0xfc, 0xcf, 0xff, 0xff, 0x40,
    0xd, 0xff, 0xfc, 0x20, 0x1, 0xbf, 0xff, 0xd0,
    0x3f, 0xff, 0xf1, 0x0, 0x0, 0xe, 0xff, 0xf4,
    0x8f, 0xff, 0xb0, 0x0, 0x0, 0xa, 0xff, 0xf8,
    0xaf, 0xff, 0xec, 0xcc, 0xcc, 0xce, 0xff, 0xfa,
    0xcf, 0xff, 0xff, 0xff, 0xff, 0xff, 0xff, 0xfb,
    0xcf, 0xff, 0xff, 0xff, 0xff, 0xff, 0xff, 0xfb,
    0xaf, 0xff, 0x90, 0x0, 0x0, 0x0, 0x0, 0x0,
    0x7f, 0xff, 0xc0, 0x0, 0x0, 0x0, 0x0, 0x0,
    0x2f, 0xff, 0xf4, 0x0, 0x0, 0xb, 0xb8, 0x51,
    0xb, 0xff, 0xff, 0x61, 0x2, 0xaf, 0xff, 0xf3,
    0x1, 0xef, 0xff, 0xff, 0xff, 0xff, 0xff, 0xa0,
    0x0, 0x3d, 0xff, 0xff, 0xff, 0xff, 0xfa, 0x0,
    0x0, 0x1, 0x8e, 0xff, 0xff, 0xfc, 0x50, 0x0,
    0x0, 0x0, 0x0, 0x24, 0x43, 0x10, 0x0, 0x0,
    0x0, 0x0, 0x0, 0x0, 0x0, 0x0, 0x0, 0x0,
    0x0, 0x0, 0x0, 0x4c, 0xc5, 0x0, 0x0, 0x0,
    0x0, 0x0, 0x2, 0xff, 0xff, 0x20, 0x0, 0x0,
    0x0, 0x0, 0x5, 0xff, 0xff, 0x50, 0x0, 0x0,
    0x0, 0x0, 0x1, 0xef, 0xff, 0x10, 0x0, 0x0,
    0x0, 0x0, 0x0, 0x29, 0x92, 0x0, 0x0, 0x0,

    /* U+1EC8 "Ỉ" */
    0x47, 0x76, 0x20, 0x9f, 0xff, 0xf7, 0x7c, 0xcf,
    0xfc, 0x0, 0x4f, 0xf8, 0x0, 0xdf, 0xd0, 0x0,
    0x11, 0x0, 0x0, 0x0, 0x0, 0xd, 0xdd, 0xd6,
    0xf, 0xff, 0xf7, 0xf, 0xff, 0xf7, 0xf, 0xff,
    0xf7, 0xf, 0xff, 0xf7, 0xf, 0xff, 0xf7, 0xf,
    0xff, 0xf7, 0xf, 0xff, 0xf7, 0xf, 0xff, 0xf7,
    0xf, 0xff, 0xf7, 0xf, 0xff, 0xf7, 0xf, 0xff,
    0xf7, 0xf, 0xff, 0xf7, 0xf, 0xff, 0xf7, 0xf,
    0xff, 0xf7, 0xf, 0xff, 0xf7, 0xf, 0xff, 0xf7,
    0xf, 0xff, 0xf7, 0xf, 0xff, 0xf7, 0xf, 0xff,
    0xf7, 0xf, 0xff, 0xf7, 0xf, 0xff, 0xf7,

    /* U+1EC9 "ỉ" */
    0x0, 0x0, 0x0, 0xcf, 0xfe, 0xa1, 0xcf, 0xff,
    0xf9, 0x23, 0x7f, 0xf8, 0x0, 0xcf, 0xe1, 0x1,
    0x88, 0x30, 0x0, 0x0, 0x0, 0x6, 0x66, 0x61,
    0x2f, 0xff, 0xf4, 0x2f, 0xff, 0xf4, 0x2f, 0xff,
    0xf4, 0x2f, 0xff, 0xf4, 0x2f, 0xff, 0xf4, 0x2f,
    0xff, 0xf4, 0x2f, 0xff, 0xf4, 0x2f, 0xff, 0xf4,
    0x2f, 0xff, 0xf4, 0x2f, 0xff, 0xf4, 0x2f, 0xff,
    0xf4, 0x2f, 0xff, 0xf4, 0x2f, 0xff, 0xf4, 0x2f,
    0xff, 0xf4, 0x2f, 0xff, 0xf4, 0x2f, 0xff, 0xf4,

    /* U+1ECA "Ị" */
    0xd, 0xdd, 0xd6, 0xf, 0xff, 0xf7, 0xf, 0xff,
    0xf7, 0xf, 0xff, 0xf7, 0xf, 0xff, 0xf7, 0xf,
    0xff, 0xf7, 0xf, 0xff, 0xf7, 0xf, 0xff, 0xf7,
    0xf, 0xff, 0xf7, 0xf, 0xff, 0xf7, 0xf, 0xff,
    0xf7, 0xf, 0xff, 0xf7, 0xf, 0xff, 0xf7, 0xf,
    0xff, 0xf7, 0xf, 0xff, 0xf7, 0xf, 0xff, 0xf7,
    0xf, 0xff, 0xf7, 0xf, 0xff, 0xf7, 0xf, 0xff,
    0xf7, 0xf, 0xff, 0xf7, 0xf, 0xff, 0xf7, 0xf,
    0xff, 0xf7, 0x0, 0x0, 0x0, 0x0, 0x0, 0x0,
    0x2, 0xbc, 0x70, 0xe, 0xff, 0xf6, 0x2f, 0xff,
    0xf9, 0xd, 0xff, 0xf4, 0x1, 0x89, 0x40,

    /* U+1ECB "ị" */
    0x0, 0x0, 0x0, 0x6, 0xef, 0x80, 0x2f, 0xff,
    0xf4, 0x4f, 0xff, 0xf6, 0xd, 0xff, 0xe1, 0x0,
    0x66, 0x10, 0x0, 0x0, 0x0, 0x6, 0x66, 0x61,
    0x2f, 0xff, 0xf4, 0x2f, 0xff, 0xf4, 0x2f, 0xff,
    0xf4, 0x2f, 0xff, 0xf4, 0x2f, 0xff, 0xf4, 0x2f,
    0xff, 0xf4, 0x2f, 0xff, 0xf4, 0x2f, 0xff, 0xf4,
    0x2f, 0xff, 0xf4, 0x2f, 0xff, 0xf4, 0x2f, 0xff,
    0xf4, 0x2f, 0xff, 0xf4, 0x2f, 0xff, 0xf4, 0x2f,
    0xff, 0xf4, 0x2f, 0xff, 0xf4, 0x2f, 0xff, 0xf4,
    0x0, 0x0, 0x0, 0x0, 0x0, 0x0, 0x3, 0xbc,
    0x60, 0x1f, 0xff, 0xf4, 0x3f, 0xff, 0xf7, 0xe,
    0xff, 0xf2, 0x1, 0x89, 0x30,

    /* U+1ECC "Ọ" */
    0x0, 0x0, 0x0, 0x0, 0x0, 0x11, 0x0, 0x0,
    0x0, 0x0, 0x0, 0x0, 0x0, 0x5, 0xae, 0xff,
    0xff, 0xb6, 0x0, 0x0, 0x0, 0x0, 0x0, 0x3d,
    0xff, 0xff, 0xff, 0xff, 0xfe, 0x40, 0x0, 0x0,
    0x0, 0x5f, 0xff, 0xff, 0xff, 0xff, 0xff, 0xff,
    0x70, 0x0, 0x0, 0x4f, 0xff, 0xff, 0xff, 0xef,
    0xff, 0xff, 0xff, 0x50, 0x0, 0xe, 0xff, 0xff,
    0xc4, 0x0, 0x3, 0xbf, 0xff, 0xff, 0x10, 0x7,
    0xff, 0xff, 0xb0, 0x0, 0x0, 0x0, 0x9f, 0xff,
    0xf9, 0x0, 0xef, 0xff, 0xe1, 0x0, 0x0, 0x0,
    0x0, 0xdf, 0xff, 0xf0, 0x3f, 0xff, 0xf8, 0x0,
    0x0, 0x0, 0x0, 0x6, 0xff, 0xff, 0x46, 0xff,
    0xff, 0x30, 0x0, 0x0, 0x0, 0x0, 0x1f, 0xff,
    0xf8, 0x8f, 0xff, 0xf0, 0x0, 0x0, 0x0, 0x0,
    0x0, 0xef, 0xff, 0xa9, 0xff, 0xff, 0x0, 0x0,
    0x0, 0x0, 0x0, 0xd, 0xff, 0xfb, 0x9f, 0xff,
    0xf0, 0x0, 0x0, 0x0, 0x0, 0x0, 0xdf, 0xff,
    0xb8, 0xff, 0xff, 0x0, 0x0, 0x0, 0x0, 0x0,
    0xe, 0xff, 0xfa, 0x6f, 0xff, 0xf2, 0x0, 0x0,
    0x0, 0x0, 0x0, 0xff, 0xff, 0x83, 0xff, 0xff,
    0x70, 0x0, 0x0, 0x0, 0x0, 0x5f, 0xff, 0xf5,
    0xf, 0xff, 0xfd, 0x0, 0x0, 0x0, 0x0, 0xc,
    0xff, 0xff, 0x10, 0x9f, 0xff, 0xf8, 0x0, 0x0,
    0x0, 0x6, 0xff, 0xff, 0xa0, 0x1, 0xff, 0xff,
    0xf9, 0x10, 0x0, 0x18, 0xff, 0xff, 0xf3, 0x0,
    0x6, 0xff, 0xff, 0xff, 0xcb, 0xcf, 0xff, 0xff,
    0xf8, 0x0, 0x0, 0x8, 0xff, 0xff, 0xff, 0xff,
    0xff, 0xff, 0xfa, 0x0, 0x0, 0x0, 0x6, 0xff,
    0xff, 0xff, 0xff, 0xff, 0xf7, 0x0, 0x0, 0x0,
    0x0, 0x1, 0x8d, 0xff, 0xff, 0xfe, 0x91, 0x0,
    0x0, 0x0, 0x0, 0x0, 0x0, 0x1, 0x34, 0x31,
    0x0, 0x0, 0x0, 0x0, 0x0, 0x0, 0x0, 0x0,
    0x0, 0x0, 0x0, 0x0, 0x0, 0x0, 0x0, 0x0,
    0x0, 0x0, 0x0, 0x9d, 0xa1, 0x0, 0x0, 0x0,
    0x0, 0x0, 0x0, 0x0, 0x0, 0x8f, 0xff, 0xb0,
    0x0, 0x0, 0x0, 0x0, 0x0, 0x0, 0x0, 0xc,
    0xff, 0xff, 0x0, 0x0, 0x0, 0x0, 0x0, 0x0,
    0x0, 0x0, 0x7f, 0xff, 0xa0, 0x0, 0x0, 0x0,
    0x0, 0x0, 0x0, 0x0, 0x0, 0x59, 0x70, 0x0,
    0x0, 0x0, 0x0,

    /* U+1ECD "ọ" */
    0x0, 0x0, 0x2, 0x68, 0x87, 0x40, 0x0, 0x0,
    0x0, 0x0, 0x3c, 0xff, 0xff, 0xff, 0xe7, 0x0,
    0x0, 0x0, 0x5f, 0xff, 0xff, 0xff, 0xff, 0xfa,
    0x0, 0x0, 0x3f, 0xff, 0xff, 0xfe, 0xff, 0xff,
    0xf9, 0x0, 0xd, 0xff, 0xff, 0x60, 0x2, 0xcf,
    0xff, 0xf3, 0x3, 0xff, 0xff, 0x70, 0x0, 0x1,
    0xff, 0xff, 0x90, 0x8f, 0xff, 0xf0, 0x0, 0x0,
    0x9, 0xff, 0xff, 0xa, 0xff, 0xfc, 0x0, 0x0,
    0x0, 0x6f, 0xff, 0xf1, 0xcf, 0xff, 0xb0, 0x0,
    0x0, 0x4, 0xff, 0xff, 0x2c, 0xff, 0xfb, 0x0,
    0x0, 0x0, 0x4f, 0xff, 0xf2, 0xaf, 0xff, 0xd0,
    0x0, 0x0, 0x6, 0xff, 0xff, 0x7, 0xff, 0xff,
    0x10, 0x0, 0x0, 0xbf, 0xff, 0xe0, 0x2f, 0xff,
    0xfa, 0x0, 0x0, 0x3f, 0xff, 0xf8, 0x0, 0xbf,
    0xff, 0xfa, 0x33, 0x6f, 0xff, 0xff, 0x20, 0x1,
    0xef, 0xff, 0xff, 0xff, 0xff, 0xff, 0x60, 0x0,
    0x2, 0xdf, 0xff, 0xff, 0xff, 0xff, 0x70, 0x0,
    0x0, 0x0, 0x8e, 0xff, 0xff, 0xfb, 0x30, 0x0,
    0x0, 0x0, 0x0, 0x2, 0x44, 0x30, 0x0, 0x0,
    0x0, 0x0, 0x0, 0x0, 0x0, 0x0, 0x0, 0x0,
    0x0, 0x0, 0x0, 0x0, 0x2, 0xbc, 0x70, 0x0,
    0x0, 0x0, 0x0, 0x0, 0x0, 0xef, 0xff, 0x50,
    0x0, 0x0, 0x0, 0x0, 0x0, 0x2f, 0xff, 0xf9,
    0x0, 0x0, 0x0, 0x0, 0x0, 0x0, 0xdf, 0xff,
    0x40, 0x0, 0x0, 0x0, 0x0, 0x0, 0x1, 0x89,
    0x40, 0x0, 0x0, 0x0,

    /* U+1ECE "Ỏ" */
    0x0, 0x0, 0x0, 0x1, 0x77, 0x64, 0x0, 0x0,
    0x0, 0x0, 0x0, 0x0, 0x0, 0x0, 0x4f, 0xff,
    0xfc, 0x0, 0x0, 0x0, 0x0, 0x0, 0x0, 0x0,
    0x3, 0xcc, 0xff, 0xf2, 0x0, 0x0, 0x0, 0x0,
    0x0, 0x0, 0x0, 0x0, 0xe, 0xfd, 0x0, 0x0,
    0x0, 0x0, 0x0, 0x0, 0x0, 0x0, 0x8, 0xff,
    0x30, 0x0, 0x0, 0x0, 0x0, 0x0, 0x0, 0x0,
    0x0, 0x11, 0x10, 0x0, 0x0, 0x0, 0x0, 0x0,
    0x0, 0x0, 0x0, 0x0, 0x11, 0x0, 0x0, 0x0,
    0x0, 0x0, 0x0, 0x0, 0x5, 0xae, 0xff, 0xff,
    0xb6, 0x0, 0x0, 0x0, 0x0, 0x0, 0x3d, 0xff,
    0xff, 0xff, 0xff, 0xfe, 0x40, 0x0, 0x0, 0x0,
    0x5f, 0xff, 0xff, 0xff, 0xff, 0xff, 0xff, 0x70,
    0x0, 0x0, 0x4f, 0xff, 0xff, 0xff, 0xef, 0xff,
    0xff, 0xff, 0x50, 0x0, 0xe, 0xff, 0xff, 0xc4,
    0x0, 0x3, 0xbf, 0xff, 0xff, 0x10, 0x7, 0xff,
    0xff, 0xb0, 0x0, 0x0, 0x0, 0x9f, 0xff, 0xf9,
    0x0, 0xef, 0xff, 0xe1, 0x0, 0x0, 0x0, 0x0,
    0xdf, 0xff, 0xf0, 0x3f, 0xff, 0xf8, 0x0, 0x0,
    0x0, 0x0, 0x6, 0xff, 0xff, 0x46, 0xff, 0xff,
    0x30, 0x0, 0x0, 0x0, 0x0, 0x1f, 0xff, 0xf8,
    0x8f, 0xff, 0xf0, 0x0, 0x0, 0x0, 0x0, 0x0,
    0xef, 0xff, 0xa9, 0xff, 0xff, 0x0, 0x0, 0x0,
    0x0, 0x0, 0xd, 0xff, 0xfb, 0x9f, 0xff, 0xf0,
    0x0, 0x0, 0x0, 0x0, 0x0, 0xdf, 0xff, 0xb8,
    0xff, 0xff, 0x0, 0x0, 0x0, 0x0, 0x0, 0xe,
    0xff, 0xfa, 0x6f, 0xff, 0xf2, 0x0, 0x0, 0x0,
    0x0, 0x0, 0xff, 0xff, 0x83, 0xff, 0xff, 0x70,
    0x0, 0x0, 0x0, 0x0, 0x5f, 0xff, 0xf5, 0xf,
    0xff, 0xfd, 0x0, 0x0, 0x0, 0x0, 0xc, 0xff,
    0xff, 0x10, 0x9f, 0xff, 0xf8, 0x0, 0x0, 0x0,
    0x6, 0xff, 0xff, 0xa0, 0x1, 0xff, 0xff, 0xf9,
    0x10, 0x0, 0x18, 0xff, 0xff, 0xf3, 0x0, 0x6,
    0xff, 0xff, 0xff, 0xcb, 0xcf, 0xff, 0xff, 0xf8,
    0x0, 0x0, 0x8, 0xff, 0xff, 0xff, 0xff, 0xff,
    0xff, 0xfa, 0x0, 0x0, 0x0, 0x6, 0xff, 0xff,
    0xff, 0xff, 0xff, 0xf7, 0x0, 0x0, 0x0, 0x0,
    0x1, 0x8d, 0xff, 0xff, 0xfe, 0x91, 0x0, 0x0,
    0x0, 0x0, 0x0, 0x0, 0x1, 0x34, 0x31, 0x0,
    0x0, 0x0, 0x0,

    /* U+1ECF "ỏ" */
    0x0, 0x0, 0x0, 0x0, 0x0, 0x0, 0x0, 0x0,
    0x0, 0x0, 0x0, 0xaf, 0xff, 0xb2, 0x0, 0x0,
    0x0, 0x0, 0x0, 0xa, 0xff, 0xff, 0xb0, 0x0,
    0x0, 0x0, 0x0, 0x0, 0x23, 0x6f, 0xfa, 0x0,
    0x0, 0x0, 0x0, 0x0, 0x0, 0xa, 0xff, 0x20,
    0x0, 0x0, 0x0, 0x0, 0x0, 0x0, 0x88, 0x50,
    0x0, 0x0, 0x0, 0x0, 0x0, 0x0, 0x0, 0x0,
    0x0, 0x0, 0x0, 0x0, 0x0, 0x0, 0x26, 0x88,
    0x74, 0x0, 0x0, 0x0, 0x0, 0x3, 0xcf, 0xff,
    0xff, 0xfe, 0x70, 0x0, 0x0, 0x5, 0xff, 0xff,
    0xff, 0xff, 0xff, 0xa0, 0x0, 0x3, 0xff, 0xff,
    0xff, 0xef, 0xff, 0xff, 0x90, 0x0, 0xdf, 0xff,
    0xf6, 0x0, 0x2c, 0xff, 0xff, 0x30, 0x3f, 0xff,
    0xf7, 0x0, 0x0, 0x1f, 0xff, 0xf9, 0x8, 0xff,
    0xff, 0x0, 0x0, 0x0, 0x9f, 0xff, 0xf0, 0xaf,
    0xff, 0xc0, 0x0, 0x0, 0x6, 0xff, 0xff, 0x1c,
    0xff, 0xfb, 0x0, 0x0, 0x0, 0x4f, 0xff, 0xf2,
    0xcf, 0xff, 0xb0, 0x0, 0x0, 0x4, 0xff, 0xff,
    0x2a, 0xff, 0xfd, 0x0, 0x0, 0x0, 0x6f, 0xff,
    0xf0, 0x7f, 0xff, 0xf1, 0x0, 0x0, 0xb, 0xff,
    0xfe, 0x2, 0xff, 0xff, 0xa0, 0x0, 0x3, 0xff,
    0xff, 0x80, 0xb, 0xff, 0xff, 0xa3, 0x36, 0xff,
    0xff, 0xf2, 0x0, 0x1e, 0xff, 0xff, 0xff, 0xff,
    0xff, 0xf6, 0x0, 0x0, 0x2d, 0xff, 0xff, 0xff,
    0xff, 0xf7, 0x0, 0x0, 0x0, 0x8, 0xef, 0xff,
    0xff, 0xb3, 0x0, 0x0, 0x0, 0x0, 0x0, 0x24,
    0x43, 0x0, 0x0, 0x0, 0x0,

    /* U+1ED0 "Ố" */
    0x0, 0x0, 0x0, 0x0, 0x0, 0x0, 0x0, 0x12,
    0x22, 0x0, 0x0, 0x0, 0x0, 0x0, 0x0, 0x0,
    0x0, 0xa, 0xff, 0xb0, 0x0, 0x0, 0x0, 0x0,
    0x0, 0x0, 0x0, 0x2, 0xff, 0xe1, 0x0, 0x0,
    0x0, 0x0, 0x0, 0x0, 0x0, 0x0, 0x9f, 0xf5,
    0x0, 0x0, 0x0, 0x0, 0x0, 0x0, 0x0, 0x0,
    0xb, 0xc9, 0x0, 0x0, 0x0, 0x0, 0x0, 0x0,
    0x0, 0x11, 0x10, 0x0, 0x0, 0x0, 0x0, 0x0,
    0x0, 0x0, 0x0, 0x9f, 0xff, 0xc0, 0x0, 0x0,
    0x0, 0x0, 0x0, 0x0, 0x0, 0x9f, 0xff, 0xff,
    0xc0, 0x0, 0x0, 0x0, 0x0, 0x0, 0x0, 0x9f,
    0xfe, 0x3d, 0xff, 0xc0, 0x0, 0x0, 0x0, 0x0,
    0x0, 0x8f, 0xff, 0x40, 0x1e, 0xff, 0xb0, 0x0,
    0x0, 0x0, 0x0, 0x16, 0x66, 0x40, 0x0, 0x26,
    0x66, 0x20, 0x0, 0x0, 0x0, 0x0, 0x0, 0x0,
    0x1, 0x10, 0x0, 0x0, 0x0, 0x0, 0x0, 0x0,
    0x0, 0x5a, 0xef, 0xff, 0xfb, 0x60, 0x0, 0x0,
    0x0, 0x0, 0x3, 0xdf, 0xff, 0xff, 0xff, 0xff,
    0xe4, 0x0, 0x0, 0x0, 0x5, 0xff, 0xff, 0xff,
    0xff, 0xff, 0xff, 0xf7, 0x0, 0x0, 0x4, 0xff,
    0xff, 0xff, 0xfe, 0xff, 0xff, 0xff, 0xf5, 0x0,
    0x0, 0xef, 0xff, 0xfc, 0x40, 0x0, 0x3b, 0xff,
    0xff, 0xf1, 0x0, 0x7f, 0xff, 0xfb, 0x0, 0x0,
    0x0, 0x9, 0xff, 0xff, 0x90, 0xe, 0xff, 0xfe,
    0x10, 0x0, 0x0, 0x0, 0xd, 0xff, 0xff, 0x3,
    0xff, 0xff, 0x80, 0x0, 0x0, 0x0, 0x0, 0x6f,
    0xff, 0xf4, 0x6f, 0xff, 0xf3, 0x0, 0x0, 0x0,
    0x0, 0x1, 0xff, 0xff, 0x88, 0xff, 0xff, 0x0,
    0x0, 0x0, 0x0, 0x0, 0xe, 0xff, 0xfa, 0x9f,
    0xff, 0xf0, 0x0, 0x0, 0x0, 0x0, 0x0, 0xdf,
    0xff, 0xb9, 0xff, 0xff, 0x0, 0x0, 0x0, 0x0,
    0x0, 0xd, 0xff, 0xfb, 0x8f, 0xff, 0xf0, 0x0,
    0x0, 0x0, 0x0, 0x0, 0xef, 0xff, 0xa6, 0xff,
    0xff, 0x20, 0x0, 0x0, 0x0, 0x0, 0xf, 0xff,
    0xf8, 0x3f, 0xff, 0xf7, 0x0, 0x0, 0x0, 0x0,
    0x5, 0xff, 0xff, 0x50, 0xff, 0xff, 0xd0, 0x0,
    0x0, 0x0, 0x0, 0xcf, 0xff, 0xf1, 0x9, 0xff,
    0xff, 0x80, 0x0, 0x0, 0x0, 0x6f, 0xff, 0xfa,
    0x0, 0x1f, 0xff, 0xff, 0x91, 0x0, 0x1, 0x8f,
    0xff, 0xff, 0x30, 0x0, 0x6f, 0xff, 0xff, 0xfc,
    0xbc, 0xff, 0xff, 0xff, 0x80, 0x0, 0x0, 0x8f,
    0xff, 0xff, 0xff, 0xff, 0xff, 0xff, 0xa0, 0x0,
    0x0, 0x0, 0x6f, 0xff, 0xff, 0xff, 0xff, 0xff,
    0x70, 0x0, 0x0, 0x0, 0x0, 0x18, 0xdf, 0xff,
    0xff, 0xe9, 0x10, 0x0, 0x0, 0x0, 0x0, 0x0,
    0x0, 0x13, 0x43, 0x10, 0x0, 0x0, 0x0, 0x0,

    /* U+1ED1 "ố" */
    0x0, 0x0, 0x0, 0x0, 0x0, 0x0, 0xab, 0xb6,
    0x0, 0x0, 0x0, 0x0, 0x0, 0x0, 0x4f, 0xfe,
    0x10, 0x0, 0x0, 0x0, 0x0, 0x0, 0xb, 0xff,
    0x40, 0x0, 0x0, 0x0, 0x0, 0x0, 0x3, 0xff,
    0x90, 0x0, 0x0, 0x0, 0x0, 0x0, 0x0, 0x13,
    0x30, 0x0, 0x0, 0x0, 0x0, 0x7, 0xaa, 0x92,
    0x0, 0x0, 0x0, 0x0, 0x0, 0x8, 0xff, 0xff,
    0xe2, 0x0, 0x0, 0x0, 0x0, 0x8, 0xff, 0xfa,
    0xff, 0xd1, 0x0, 0x0, 0x0, 0x7, 0xff, 0xf4,
    0xc, 0xff, 0xd1, 0x0, 0x0, 0x4, 0xdd, 0xd6,
    0x0, 0x1c, 0xdd, 0xa0, 0x0, 0x0, 0x0, 0x0,
    0x0, 0x0, 0x0, 0x0, 0x0, 0x0, 0x0, 0x0,
    0x26, 0x88, 0x74, 0x0, 0x0, 0x0, 0x0, 0x3,
    0xcf, 0xff, 0xff, 0xfe, 0x70, 0x0, 0x0, 0x5,
    0xff, 0xff, 0xff, 0xff, 0xff, 0xa0, 0x0, 0x3,
    0xff, 0xff, 0xff, 0xef, 0xff, 0xff, 0x90, 0x0,
    0xdf, 0xff, 0xf6, 0x0, 0x2c, 0xff, 0xff, 0x30,
    0x3f, 0xff, 0xf7, 0x0, 0x0, 0x1f, 0xff, 0xf9,
    0x8, 0xff, 0xff, 0x0, 0x0, 0x0, 0x9f, 0xff,
    0xf0, 0xaf, 0xff, 0xc0, 0x0, 0x0, 0x6, 0xff,
    0xff, 0x1c, 0xff, 0xfb, 0x0, 0x0, 0x0, 0x4f,
    0xff, 0xf2, 0xcf, 0xff, 0xb0, 0x0, 0x0, 0x4,
    0xff, 0xff, 0x2a, 0xff, 0xfd, 0x0, 0x0, 0x0,
    0x6f, 0xff, 0xf0, 0x7f, 0xff, 0xf1, 0x0, 0x0,
    0xb, 0xff, 0xfe, 0x2, 0xff, 0xff, 0xa0, 0x0,
    0x3, 0xff, 0xff, 0x80, 0xb, 0xff, 0xff, 0xa3,
    0x36, 0xff, 0xff, 0xf2, 0x0, 0x1e, 0xff, 0xff,
    0xff, 0xff, 0xff, 0xf6, 0x0, 0x0, 0x2d, 0xff,
    0xff, 0xff, 0xff, 0xf7, 0x0, 0x0, 0x0, 0x8,
    0xef, 0xff, 0xff, 0xb3, 0x0, 0x0, 0x0, 0x0,
    0x0, 0x24, 0x43, 0x0, 0x0, 0x0, 0x0,

    /* U+1ED2 "Ồ" */
    0x0, 0x0, 0x0, 0x0, 0x0, 0x1, 0x22, 0x20,
    0x0, 0x0, 0x0, 0x0, 0x0, 0x0, 0x0, 0x0,
    0x2f, 0xff, 0x40, 0x0, 0x0, 0x0, 0x0, 0x0,
    0x0, 0x0, 0x0, 0x6f, 0xfc, 0x0, 0x0, 0x0,
    0x0, 0x0, 0x0, 0x0, 0x0, 0x0, 0xbf, 0xf3,
    0x0, 0x0, 0x0, 0x0, 0x0, 0x0, 0x0, 0x0,
    0x1, 0xcc, 0x70, 0x0, 0x0, 0x0, 0x0, 0x0,
    0x0, 0x11, 0x10, 0x0, 0x0, 0x0, 0x0, 0x0,
    0x0, 0x0, 0x0, 0x9f, 0xff, 0xc0, 0x0, 0x0,
    0x0, 0x0, 0x0, 0x0, 0x0, 0x9f, 0xff, 0xff,
    0xc0, 0x0, 0x0, 0x0, 0x0, 0x0, 0x0, 0x9f,
    0xfe, 0x3d, 0xff, 0xc0, 0x0, 0x0, 0x0, 0x0,
    0x0, 0x8f, 0xff, 0x40, 0x1e, 0xff, 0xb0, 0x0,
    0x0, 0x0, 0x0, 0x16, 0x66, 0x40, 0x0, 0x26,
    0x66, 0x20, 0x0, 0x0, 0x0, 0x0, 0x0, 0x0,
    0x1, 0x10, 0x0, 0x0, 0x0, 0x0, 0x0, 0x0,
    0x0, 0x5a, 0xef, 0xff, 0xfb, 0x60, 0x0, 0x0,
    0x0, 0x0, 0x3, 0xdf, 0xff, 0xff, 0xff, 0xff,
    0xe4, 0x0, 0x0, 0x0, 0x5, 0xff, 0xff, 0xff,
    0xff, 0xff, 0xff, 0xf7, 0x0, 0x0, 0x4, 0xff,
    0xff, 0xff, 0xfe, 0xff, 0xff, 0xff, 0xf5, 0x0,
    0x0, 0xef, 0xff, 0xfc, 0x40, 0x0, 0x3b, 0xff,
    0xff, 0xf1, 0x0, 0x7f, 0xff, 0xfb, 0x0, 0x0,
    0x0, 0x9, 0xff, 0xff, 0x90, 0xe, 0xff, 0xfe,
    0x10, 0x0, 0x0, 0x0, 0xd, 0xff, 0xff, 0x3,
    0xff, 0xff, 0x80, 0x0, 0x0, 0x0, 0x0, 0x6f,
    0xff, 0xf4, 0x6f, 0xff, 0xf3, 0x0, 0x0, 0x0,
    0x0, 0x1, 0xff, 0xff, 0x88, 0xff, 0xff, 0x0,
    0x0, 0x0, 0x0, 0x0, 0xe, 0xff, 0xfa, 0x9f,
    0xff, 0xf0, 0x0, 0x0, 0x0, 0x0, 0x0, 0xdf,
    0xff, 0xb9, 0xff, 0xff, 0x0, 0x0, 0x0, 0x0,
    0x0, 0xd, 0xff, 0xfb, 0x8f, 0xff, 0xf0, 0x0,
    0x0, 0x0, 0x0, 0x0, 0xef, 0xff, 0xa6, 0xff,
    0xff, 0x20, 0x0, 0x0, 0x0, 0x0, 0xf, 0xff,
    0xf8, 0x3f, 0xff, 0xf7, 0x0, 0x0, 0x0, 0x0,
    0x5, 0xff, 0xff, 0x50, 0xff, 0xff, 0xd0, 0x0,
    0x0, 0x0, 0x0, 0xcf, 0xff, 0xf1, 0x9, 0xff,
    0xff, 0x80, 0x0, 0x0, 0x0, 0x6f, 0xff, 0xfa,
    0x0, 0x1f, 0xff, 0xff, 0x91, 0x0, 0x1, 0x8f,
    0xff, 0xff, 0x30, 0x0, 0x6f, 0xff, 0xff, 0xfc,
    0xbc, 0xff, 0xff, 0xff, 0x80, 0x0, 0x0, 0x8f,
    0xff, 0xff, 0xff, 0xff, 0xff, 0xff, 0xa0, 0x0,
    0x0, 0x0, 0x6f, 0xff, 0xff, 0xff, 0xff, 0xff,
    0x70, 0x0, 0x0, 0x0, 0x0, 0x18, 0xdf, 0xff,
    0xff, 0xe9, 0x10, 0x0, 0x0, 0x0, 0x0, 0x0,
    0x0, 0x13, 0x43, 0x10, 0x0, 0x0, 0x0, 0x0,

    /* U+1ED3 "ồ" */
    0x0, 0x0, 0x0, 0x0, 0x7, 0xbb, 0x80, 0x0,
    0x0, 0x0, 0x0, 0x0, 0x0, 0x2f, 0xff, 0x20,
    0x0, 0x0, 0x0, 0x0, 0x0, 0x0, 0x6f, 0xfa,
    0x0, 0x0, 0x0, 0x0, 0x0, 0x0, 0x0, 0xbf,
    0xf1, 0x0, 0x0, 0x0, 0x0, 0x0, 0x0, 0x0,
    0x33, 0x10, 0x0, 0x0, 0x0, 0x7, 0xaa, 0x92,
    0x0, 0x0, 0x0, 0x0, 0x0, 0x8, 0xff, 0xff,
    0xe2, 0x0, 0x0, 0x0, 0x0, 0x8, 0xff, 0xfa,
    0xff, 0xd1, 0x0, 0x0, 0x0, 0x7, 0xff, 0xf4,
    0xc, 0xff, 0xd1, 0x0, 0x0, 0x4, 0xdd, 0xd6,
    0x0, 0x1c, 0xdd, 0xa0, 0x0, 0x0, 0x0, 0x0,
    0x0, 0x0, 0x0, 0x0, 0x0, 0x0, 0x0, 0x0,
    0x26, 0x88, 0x74, 0x0, 0x0, 0x0, 0x0, 0x3,
    0xcf, 0xff, 0xff, 0xfe, 0x70, 0x0, 0x0, 0x5,
    0xff, 0xff, 0xff, 0xff, 0xff, 0xa0, 0x0, 0x3,
    0xff, 0xff, 0xff, 0xef, 0xff, 0xff, 0x90, 0x0,
    0xdf, 0xff, 0xf6, 0x0, 0x2c, 0xff, 0xff, 0x30,
    0x3f, 0xff, 0xf7, 0x0, 0x0, 0x1f, 0xff, 0xf9,
    0x8, 0xff, 0xff, 0x0, 0x0, 0x0, 0x9f, 0xff,
    0xf0, 0xaf, 0xff, 0xc0, 0x0, 0x0, 0x6, 0xff,
    0xff, 0x1c, 0xff, 0xfb, 0x0, 0x0, 0x0, 0x4f,
    0xff, 0xf2, 0xcf, 0xff, 0xb0, 0x0, 0x0, 0x4,
    0xff, 0xff, 0x2a, 0xff, 0xfd, 0x0, 0x0, 0x0,
    0x6f, 0xff, 0xf0, 0x7f, 0xff, 0xf1, 0x0, 0x0,
    0xb, 0xff, 0xfe, 0x2, 0xff, 0xff, 0xa0, 0x0,
    0x3, 0xff, 0xff, 0x80, 0xb, 0xff, 0xff, 0xa3,
    0x36, 0xff, 0xff, 0xf2, 0x0, 0x1e, 0xff, 0xff,
    0xff, 0xff, 0xff, 0xf6, 0x0, 0x0, 0x2d, 0xff,
    0xff, 0xff, 0xff, 0xf7, 0x0, 0x0, 0x0, 0x8,
    0xef, 0xff, 0xff, 0xb3, 0x0, 0x0, 0x0, 0x0,
    0x0, 0x24, 0x43, 0x0, 0x0, 0x0, 0x0,

    /* U+1ED4 "Ổ" */
    0x0, 0x0, 0x0, 0x0, 0x0, 0x1, 0x22, 0x10,
    0x0, 0x0, 0x0, 0x0, 0x0, 0x0, 0x0, 0x0,
    0x7f, 0xff, 0xb0, 0x0, 0x0, 0x0, 0x0, 0x0,
    0x0, 0x0, 0x5, 0xcd, 0xff, 0x30, 0x0, 0x0,
    0x0, 0x0, 0x0, 0x0, 0x0, 0x0, 0x7f, 0xe0,
    0x0, 0x0, 0x0, 0x0, 0x0, 0x0, 0x0, 0x0,
    0xb, 0xc4, 0x0, 0x0, 0x0, 0x0, 0x0, 0x0,
    0x0, 0x11, 0x10, 0x0, 0x0, 0x0, 0x0, 0x0,
    0x0, 0x0, 0x0, 0x9f, 0xff, 0xc0, 0x0, 0x0,
    0x0, 0x0, 0x0, 0x0, 0x0, 0x9f, 0xff, 0xff,
    0xc0, 0x0, 0x0, 0x0, 0x0, 0x0, 0x0, 0x9f,
    0xfe, 0x3d, 0xff, 0xc0, 0x0, 0x0, 0x0, 0x0,
    0x0, 0x8f, 0xff, 0x40, 0x1e, 0xff, 0xb0, 0x0,
    0x0, 0x0, 0x0, 0x16, 0x66, 0x40, 0x0, 0x26,
    0x66, 0x20, 0x0, 0x0, 0x0, 0x0, 0x0, 0x0,
    0x1, 0x10, 0x0, 0x0, 0x0, 0x0, 0x0, 0x0,
    0x0, 0x5a, 0xef, 0xff, 0xfb, 0x60, 0x0, 0x0,
    0x0, 0x0, 0x3, 0xdf, 0xff, 0xff, 0xff, 0xff,
    0xe4, 0x0, 0x0, 0x0, 0x5, 0xff, 0xff, 0xff,
    0xff, 0xff, 0xff, 0xf7, 0x0, 0x0, 0x4, 0xff,
    0xff, 0xff, 0xfe, 0xff, 0xff, 0xff, 0xf5, 0x0,
    0x0, 0xef, 0xff, 0xfc, 0x40, 0x0, 0x3b, 0xff,
    0xff, 0xf1, 0x0, 0x7f, 0xff, 0xfb, 0x0, 0x0,
    0x0, 0x9, 0xff, 0xff, 0x90, 0xe, 0xff, 0xfe,
    0x10, 0x0, 0x0, 0x0, 0xd, 0xff, 0xff, 0x3,
    0xff, 0xff, 0x80, 0x0, 0x0, 0x0, 0x0, 0x6f,
    0xff, 0xf4, 0x6f, 0xff, 0xf3, 0x0, 0x0, 0x0,
    0x0, 0x1, 0xff, 0xff, 0x88, 0xff, 0xff, 0x0,
    0x0, 0x0, 0x0, 0x0, 0xe, 0xff, 0xfa, 0x9f,
    0xff, 0xf0, 0x0, 0x0, 0x0, 0x0, 0x0, 0xdf,
    0xff, 0xb9, 0xff, 0xff, 0x0, 0x0, 0x0, 0x0,
    0x0, 0xd, 0xff, 0xfb, 0x8f, 0xff, 0xf0, 0x0,
    0x0, 0x0, 0x0, 0x0, 0xef, 0xff, 0xa6, 0xff,
    0xff, 0x20, 0x0, 0x0, 0x0, 0x0, 0xf, 0xff,
    0xf8, 0x3f, 0xff, 0xf7, 0x0, 0x0, 0x0, 0x0,
    0x5, 0xff, 0xff, 0x50, 0xff, 0xff, 0xd0, 0x0,
    0x0, 0x0, 0x0, 0xcf, 0xff, 0xf1, 0x9, 0xff,
    0xff, 0x80, 0x0, 0x0, 0x0, 0x6f, 0xff, 0xfa,
    0x0, 0x1f, 0xff, 0xff, 0x91, 0x0, 0x1, 0x8f,
    0xff, 0xff, 0x30, 0x0, 0x6f, 0xff, 0xff, 0xfc,
    0xbc, 0xff, 0xff, 0xff, 0x80, 0x0, 0x0, 0x8f,
    0xff, 0xff, 0xff, 0xff, 0xff, 0xff, 0xa0, 0x0,
    0x0, 0x0, 0x6f, 0xff, 0xff, 0xff, 0xff, 0xff,
    0x70, 0x0, 0x0, 0x0, 0x0, 0x18, 0xdf, 0xff,
    0xff, 0xe9, 0x10, 0x0, 0x0, 0x0, 0x0, 0x0,
    0x0, 0x13, 0x43, 0x10, 0x0, 0x0, 0x0, 0x0,

    /* U+1ED5 "ổ" */
    0x0, 0x0, 0x0, 0x0, 0x9, 0xbb, 0x81, 0x0,
    0x0, 0x0, 0x0, 0x0, 0x0, 0xdf, 0xff, 0xc0,
    0x0, 0x0, 0x0, 0x0, 0x0, 0x3, 0x4c, 0xfc,
    0x0, 0x0, 0x0, 0x0, 0x0, 0x0, 0x2, 0xff,
    0x40, 0x0, 0x0, 0x0, 0x0, 0x0, 0x0, 0x13,
    0x20, 0x0, 0x0, 0x0, 0x0, 0x7, 0xaa, 0x92,
    0x0, 0x0, 0x0, 0x0, 0x0, 0x8, 0xff, 0xff,
    0xe2, 0x0, 0x0, 0x0, 0x0, 0x8, 0xff, 0xfa,
    0xff, 0xd1, 0x0, 0x0, 0x0, 0x7, 0xff, 0xf4,
    0xc, 0xff, 0xd1, 0x0, 0x0, 0x4, 0xdd, 0xd6,
    0x0, 0x1c, 0xdd, 0xa0, 0x0, 0x0, 0x0, 0x0,
    0x0, 0x0, 0x0, 0x0, 0x0, 0x0, 0x0, 0x0,
    0x26, 0x88, 0x74, 0x0, 0x0, 0x0, 0x0, 0x3,
    0xcf, 0xff, 0xff, 0xfe, 0x70, 0x0, 0x0, 0x5,
    0xff, 0xff, 0xff, 0xff, 0xff, 0xa0, 0x0, 0x3,
    0xff, 0xff, 0xff, 0xef, 0xff, 0xff, 0x90, 0x0,
    0xdf, 0xff, 0xf6, 0x0, 0x2c, 0xff, 0xff, 0x30,
    0x3f, 0xff, 0xf7, 0x0, 0x0, 0x1f, 0xff, 0xf9,
    0x8, 0xff, 0xff, 0x0, 0x0, 0x0, 0x9f, 0xff,
    0xf0, 0xaf, 0xff, 0xc0, 0x0, 0x0, 0x6, 0xff,
    0xff, 0x1c, 0xff, 0xfb, 0x0, 0x0, 0x0, 0x4f,
    0xff, 0xf2, 0xcf, 0xff, 0xb0, 0x0, 0x0, 0x4,
    0xff, 0xff, 0x2a, 0xff, 0xfd, 0x0, 0x0, 0x0,
    0x6f, 0xff, 0xf0, 0x7f, 0xff, 0xf1, 0x0, 0x0,
    0xb, 0xff, 0xfe, 0x2, 0xff, 0xff, 0xa0, 0x0,
    0x3, 0xff, 0xff, 0x80, 0xb, 0xff, 0xff, 0xa3,
    0x36, 0xff, 0xff, 0xf2, 0x0, 0x1e, 0xff, 0xff,
    0xff, 0xff, 0xff, 0xf6, 0x0, 0x0, 0x2d, 0xff,
    0xff, 0xff, 0xff, 0xf7, 0x0, 0x0, 0x0, 0x8,
    0xef, 0xff, 0xff, 0xb3, 0x0, 0x0, 0x0, 0x0,
    0x0, 0x24, 0x43, 0x0, 0x0, 0x0, 0x0,

    /* U+1ED6 "Ỗ" */
    0x0, 0x0, 0x0, 0x2a, 0xdb, 0x50, 0xa, 0xd8,
    0x0, 0x0, 0x0, 0x0, 0x0, 0xe, 0xff, 0xff,
    0xd9, 0xff, 0x70, 0x0, 0x0, 0x0, 0x0, 0x5,
    0xff, 0x77, 0xef, 0xff, 0xd0, 0x0, 0x0, 0x0,
    0x0, 0x0, 0x49, 0x80, 0x0, 0x69, 0x70, 0x0,
    0x0, 0x0, 0x0, 0x0, 0x0, 0x0, 0x1, 0x11,
    0x0, 0x0, 0x0, 0x0, 0x0, 0x0, 0x0, 0x0,
    0x9, 0xff, 0xfc, 0x0, 0x0, 0x0, 0x0, 0x0,
    0x0, 0x0, 0x9, 0xff, 0xff, 0xfc, 0x0, 0x0,
    0x0, 0x0, 0x0, 0x0, 0x9, 0xff, 0xe3, 0xdf,
    0xfc, 0x0, 0x0, 0x0, 0x0, 0x0, 0x8, 0xff,
    0xf4, 0x1, 0xef, 0xfb, 0x0, 0x0, 0x0, 0x0,
    0x1, 0x66, 0x64, 0x0, 0x2, 0x66, 0x62, 0x0,
    0x0, 0x0, 0x0, 0x0, 0x0, 0x0, 0x11, 0x0,
    0x0, 0x0, 0x0, 0x0, 0x0, 0x0, 0x5, 0xae,
    0xff, 0xff, 0xb6, 0x0, 0x0, 0x0, 0x0, 0x0,
    0x3d, 0xff, 0xff, 0xff, 0xff, 0xfe, 0x40, 0x0,
    0x0, 0x0, 0x5f, 0xff, 0xff, 0xff, 0xff, 0xff,
    0xff, 0x70, 0x0, 0x0, 0x4f, 0xff, 0xff, 0xff,
    0xef, 0xff, 0xff, 0xff, 0x50, 0x0, 0xe, 0xff,
    0xff, 0xc4, 0x0, 0x3, 0xbf, 0xff, 0xff, 0x10,
    0x7, 0xff, 0xff, 0xb0, 0x0, 0x0, 0x0, 0x9f,
    0xff, 0xf9, 0x0, 0xef, 0xff, 0xe1, 0x0, 0x0,
    0x0, 0x0, 0xdf, 0xff, 0xf0, 0x3f, 0xff, 0xf8,
    0x0, 0x0, 0x0, 0x0, 0x6, 0xff, 0xff, 0x46,
    0xff, 0xff, 0x30, 0x0, 0x0, 0x0, 0x0, 0x1f,
    0xff, 0xf8, 0x8f, 0xff, 0xf0, 0x0, 0x0, 0x0,
    0x0, 0x0, 0xef, 0xff, 0xa9, 0xff, 0xff, 0x0,
    0x0, 0x0, 0x0, 0x0, 0xd, 0xff, 0xfb, 0x9f,
    0xff, 0xf0, 0x0, 0x0, 0x0, 0x0, 0x0, 0xdf,
    0xff, 0xb8, 0xff, 0xff, 0x0, 0x0, 0x0, 0x0,
    0x0, 0xe, 0xff, 0xfa, 0x6f, 0xff, 0xf2, 0x0,
    0x0, 0x0, 0x0, 0x0, 0xff, 0xff, 0x83, 0xff,
    0xff, 0x70, 0x0, 0x0, 0x0, 0x0, 0x5f, 0xff,
    0xf5, 0xf, 0xff, 0xfd, 0x0, 0x0, 0x0, 0x0,
    0xc, 0xff, 0xff, 0x10, 0x9f, 0xff, 0xf8, 0x0,
    0x0, 0x0, 0x6, 0xff, 0xff, 0xa0, 0x1, 0xff,
    0xff, 0xf9, 0x10, 0x0, 0x18, 0xff, 0xff, 0xf3,
    0x0, 0x6, 0xff, 0xff, 0xff, 0xcb, 0xcf, 0xff,
    0xff, 0xf8, 0x0, 0x0, 0x8, 0xff, 0xff, 0xff,
    0xff, 0xff, 0xff, 0xfa, 0x0, 0x0, 0x0, 0x6,
    0xff, 0xff, 0xff, 0xff, 0xff, 0xf7, 0x0, 0x0,
    0x0, 0x0, 0x1, 0x8d, 0xff, 0xff, 0xfe, 0x91,
    0x0, 0x0, 0x0, 0x0, 0x0, 0x0, 0x1, 0x34,
    0x31, 0x0, 0x0, 0x0, 0x0,

    /* U+1ED7 "ỗ" */
    0x0, 0x0, 0x5, 0x63, 0x0, 0x6, 0x61, 0x0,
    0x0, 0x0, 0x1d, 0xff, 0xfb, 0x36, 0xff, 0x20,
    0x0, 0x0, 0x9, 0xff, 0xcf, 0xff, 0xff, 0xd0,
    0x0, 0x0, 0x0, 0xcf, 0xb0, 0x2a, 0xff, 0xc2,
    0x0, 0x0, 0x0, 0x0, 0x0, 0x0, 0x0, 0x0,
    0x0, 0x0, 0x0, 0x0, 0x0, 0x7, 0xaa, 0x92,
    0x0, 0x0, 0x0, 0x0, 0x0, 0x8, 0xff, 0xff,
    0xe2, 0x0, 0x0, 0x0, 0x0, 0x8, 0xff, 0xfa,
    0xff, 0xd1, 0x0, 0x0, 0x0, 0x7, 0xff, 0xf4,
    0xc, 0xff, 0xd1, 0x0, 0x0, 0x4, 0xdd, 0xd6,
    0x0, 0x1c, 0xdd, 0xa0, 0x0, 0x0, 0x0, 0x0,
    0x0, 0x0, 0x0, 0x0, 0x0, 0x0, 0x0, 0x0,
    0x26, 0x88, 0x74, 0x0, 0x0, 0x0, 0x0, 0x3,
    0xcf, 0xff, 0xff, 0xfe, 0x70, 0x0, 0x0, 0x5,
    0xff, 0xff, 0xff, 0xff, 0xff, 0xa0, 0x0, 0x3,
    0xff, 0xff, 0xff, 0xef, 0xff, 0xff, 0x90, 0x0,
    0xdf, 0xff, 0xf6, 0x0, 0x2c, 0xff, 0xff, 0x30,
    0x3f, 0xff, 0xf7, 0x0, 0x0, 0x1f, 0xff, 0xf9,
    0x8, 0xff, 0xff, 0x0, 0x0, 0x0, 0x9f, 0xff,
    0xf0, 0xaf, 0xff, 0xc0, 0x0, 0x0, 0x6, 0xff,
    0xff, 0x1c, 0xff, 0xfb, 0x0, 0x0, 0x0, 0x4f,
    0xff, 0xf2, 0xcf, 0xff, 0xb0, 0x0, 0x0, 0x4,
    0xff, 0xff, 0x2a, 0xff, 0xfd, 0x0, 0x0, 0x0,
    0x6f, 0xff, 0xf0, 0x7f, 0xff, 0xf1, 0x0, 0x0,
    0xb, 0xff, 0xfe, 0x2, 0xff, 0xff, 0xa0, 0x0,
    0x3, 0xff, 0xff, 0x80, 0xb, 0xff, 0xff, 0xa3,
    0x36, 0xff, 0xff, 0xf2, 0x0, 0x1e, 0xff, 0xff,
    0xff, 0xff, 0xff, 0xf6, 0x0, 0x0, 0x2d, 0xff,
    0xff, 0xff, 0xff, 0xf7, 0x0, 0x0, 0x0, 0x8,
    0xef, 0xff, 0xff, 0xb3, 0x0, 0x0, 0x0, 0x0,
    0x0, 0x24, 0x43, 0x0, 0x0, 0x0, 0x0,

    /* U+1ED8 "Ộ" */
    0x0, 0x0, 0x0, 0x0, 0x27, 0x77, 0x30, 0x0,
    0x0, 0x0, 0x0, 0x0, 0x0, 0x0, 0x2e, 0xff,
    0xff, 0x30, 0x0, 0x0, 0x0, 0x0, 0x0, 0x0,
    0x2e, 0xff, 0xcf, 0xff, 0x30, 0x0, 0x0, 0x0,
    0x0, 0x0, 0x2e, 0xff, 0xb0, 0x9f, 0xfe, 0x30,
    0x0, 0x0, 0x0, 0x0, 0x1d, 0xff, 0xc0, 0x0,
    0xbf, 0xfe, 0x20, 0x0, 0x0, 0x0, 0x0, 0x0,
    0x0, 0x0, 0x0, 0x0, 0x0, 0x0, 0x0, 0x0,
    0x0, 0x0, 0x0, 0x0, 0x11, 0x0, 0x0, 0x0,
    0x0, 0x0, 0x0, 0x0, 0x5, 0xae, 0xff, 0xff,
    0xb6, 0x0, 0x0, 0x0, 0x0, 0x0, 0x3d, 0xff,
    0xff, 0xff, 0xff, 0xfe, 0x40, 0x0, 0x0, 0x0,
    0x5f, 0xff, 0xff, 0xff, 0xff, 0xff, 0xff, 0x70,
    0x0, 0x0, 0x4f, 0xff, 0xff, 0xff, 0xef, 0xff,
    0xff, 0xff, 0x50, 0x0, 0xe, 0xff, 0xff, 0xc4,
    0x0, 0x3, 0xbf, 0xff, 0xff, 0x10, 0x7, 0xff,
    0xff, 0xb0, 0x0, 0x0, 0x0, 0x9f, 0xff, 0xf9,
    0x0, 0xef, 0xff, 0xe1, 0x0, 0x0, 0x0, 0x0,
    0xdf, 0xff, 0xf0, 0x3f, 0xff, 0xf8, 0x0, 0x0,
    0x0, 0x0, 0x6, 0xff, 0xff, 0x46, 0xff, 0xff,
    0x30, 0x0, 0x0, 0x0, 0x0, 0x1f, 0xff, 0xf8,
    0x8f, 0xff, 0xf0, 0x0, 0x0, 0x0, 0x0, 0x0,
    0xef, 0xff, 0xa9, 0xff, 0xff, 0x0, 0x0, 0x0,
    0x0, 0x0, 0xd, 0xff, 0xfb, 0x9f, 0xff, 0xf0,
    0x0, 0x0, 0x0, 0x0, 0x0, 0xdf, 0xff, 0xb8,
    0xff, 0xff, 0x0, 0x0, 0x0, 0x0, 0x0, 0xe,
    0xff, 0xfa, 0x6f, 0xff, 0xf2, 0x0, 0x0, 0x0,
    0x0, 0x0, 0xff, 0xff, 0x83, 0xff, 0xff, 0x70,
    0x0, 0x0, 0x0, 0x0, 0x5f, 0xff, 0xf5, 0xf,
    0xff, 0xfd, 0x0, 0x0, 0x0, 0x0, 0xc, 0xff,
    0xff, 0x10, 0x9f, 0xff, 0xf8, 0x0, 0x0, 0x0,
    0x6, 0xff, 0xff, 0xa0, 0x1, 0xff, 0xff, 0xf9,
    0x10, 0x0, 0x18, 0xff, 0xff, 0xf3, 0x0, 0x6,
    0xff, 0xff, 0xff, 0xcb, 0xcf, 0xff, 0xff, 0xf8,
    0x0, 0x0, 0x8, 0xff, 0xff, 0xff, 0xff, 0xff,
    0xff, 0xfa, 0x0, 0x0, 0x0, 0x6, 0xff, 0xff,
    0xff, 0xff, 0xff, 0xf7, 0x0, 0x0, 0x0, 0x0,
    0x1, 0x8d, 0xff, 0xff, 0xfe, 0x91, 0x0, 0x0,
    0x0, 0x0, 0x0, 0x0, 0x1, 0x34, 0x31, 0x0,
    0x0, 0x0, 0x0, 0x0, 0x0, 0x0, 0x0, 0x0,
    0x0, 0x0, 0x0, 0x0, 0x0, 0x0, 0x0, 0x0,
    0x0, 0x0, 0x9d, 0xa1, 0x0, 0x0, 0x0, 0x0,
    0x0, 0x0, 0x0, 0x0, 0x8f, 0xff, 0xb0, 0x0,
    0x0, 0x0, 0x0, 0x0, 0x0, 0x0, 0xc, 0xff,
    0xff, 0x0, 0x0, 0x0, 0x0, 0x0, 0x0, 0x0,
    0x0, 0x7f, 0xff, 0xa0, 0x0, 0x0, 0x0, 0x0,
    0x0, 0x0, 0x0, 0x0, 0x59, 0x70, 0x0, 0x0,
    0x0, 0x0,

    /* U+1ED9 "ộ" */
    0x0, 0x0, 0x0, 0x0, 0x0, 0x0, 0x0, 0x0,
    0x0, 0x0, 0x0, 0x1d, 0xff, 0xf6, 0x0, 0x0,
    0x0, 0x0, 0x0, 0x1d, 0xff, 0xff, 0xf5, 0x0,
    0x0, 0x0, 0x0, 0x1d, 0xff, 0xb5, 0xff, 0xf5,
    0x0, 0x0, 0x0, 0x1d, 0xff, 0xd0, 0x7, 0xff,
    0xf5, 0x0, 0x0, 0x4, 0x66, 0x61, 0x0, 0x5,
    0x66, 0x60, 0x0, 0x0, 0x0, 0x0, 0x0, 0x0,
    0x0, 0x0, 0x0, 0x0, 0x0, 0x0, 0x26, 0x88,
    0x74, 0x0, 0x0, 0x0, 0x0, 0x3, 0xcf, 0xff,
    0xff, 0xfe, 0x70, 0x0, 0x0, 0x5, 0xff, 0xff,
    0xff, 0xff, 0xff, 0xa0, 0x0, 0x3, 0xff, 0xff,
    0xff, 0xef, 0xff, 0xff, 0x90, 0x0, 0xdf, 0xff,
    0xf6, 0x0, 0x2c, 0xff, 0xff, 0x30, 0x3f, 0xff,
    0xf7, 0x0, 0x0, 0x1f, 0xff, 0xf9, 0x8, 0xff,
    0xff, 0x0, 0x0, 0x0, 0x9f, 0xff, 0xf0, 0xaf,
    0xff, 0xc0, 0x0, 0x0, 0x6, 0xff, 0xff, 0x1c,
    0xff, 0xfb, 0x0, 0x0, 0x0, 0x4f, 0xff, 0xf2,
    0xcf, 0xff, 0xb0, 0x0, 0x0, 0x4, 0xff, 0xff,
    0x2a, 0xff, 0xfd, 0x0, 0x0, 0x0, 0x6f, 0xff,
    0xf0, 0x7f, 0xff, 0xf1, 0x0, 0x0, 0xb, 0xff,
    0xfe, 0x2, 0xff, 0xff, 0xa0, 0x0, 0x3, 0xff,
    0xff, 0x80, 0xb, 0xff, 0xff, 0xa3, 0x36, 0xff,
    0xff, 0xf2, 0x0, 0x1e, 0xff, 0xff, 0xff, 0xff,
    0xff, 0xf6, 0x0, 0x0, 0x2d, 0xff, 0xff, 0xff,
    0xff, 0xf7, 0x0, 0x0, 0x0, 0x8, 0xef, 0xff,
    0xff, 0xb3, 0x0, 0x0, 0x0, 0x0, 0x0, 0x24,
    0x43, 0x0, 0x0, 0x0, 0x0, 0x0, 0x0, 0x0,
    0x0, 0x0, 0x0, 0x0, 0x0, 0x0, 0x0, 0x0,
    0x2b, 0xc7, 0x0, 0x0, 0x0, 0x0, 0x0, 0x0,
    0xe, 0xff, 0xf5, 0x0, 0x0, 0x0, 0x0, 0x0,
    0x2, 0xff, 0xff, 0x90, 0x0, 0x0, 0x0, 0x0,
    0x0, 0xd, 0xff, 0xf4, 0x0, 0x0, 0x0, 0x0,
    0x0, 0x0, 0x18, 0x94, 0x0, 0x0, 0x0, 0x0,

    /* U+1EDA "Ớ" */
    0x0, 0x0, 0x0, 0x0, 0x0, 0x7, 0x77, 0x60,
    0x0, 0x0, 0x0, 0x0, 0x0, 0x0, 0x0, 0x6,
    0xff, 0xf6, 0x0, 0x0, 0x0, 0x0, 0x0, 0x0,
    0x0, 0x0, 0xdf, 0xfc, 0x0, 0x0, 0x0, 0x0,
    0x0, 0x0, 0x0, 0x0, 0x5f, 0xff, 0x20, 0x0,
    0x0, 0x0, 0x0, 0x0, 0x0, 0x0, 0xc, 0xff,
    0x70, 0x0, 0xe, 0xee, 0xc0, 0x0, 0x0, 0x0,
    0x0, 0x11, 0x10, 0x0, 0x0, 0xff, 0xfd, 0x0,
    0x0, 0x0, 0x0, 0x0, 0x11, 0x0, 0x0, 0xf,
    0xff, 0xd0, 0x0, 0x0, 0x5, 0xae, 0xff, 0xff,
    0xed, 0xdd, 0xff, 0xfc, 0x0, 0x0, 0x3d, 0xff,
    0xff, 0xff, 0xff, 0xff, 0xff, 0xff, 0x70, 0x0,
    0x5f, 0xff, 0xff, 0xff, 0xff, 0xff, 0xff, 0xfc,
    0x70, 0x0, 0x4f, 0xff, 0xff, 0xff, 0xef, 0xff,
    0xff, 0xff, 0x60, 0x0, 0xe, 0xff, 0xff, 0xc4,
    0x0, 0x3, 0xbf, 0xff, 0xff, 0x20, 0x7, 0xff,
    0xff, 0xb0, 0x0, 0x0, 0x0, 0x9f, 0xff, 0xf9,
    0x0, 0xef, 0xff, 0xe1, 0x0, 0x0, 0x0, 0x0,
    0xdf, 0xff, 0xf0, 0x3f, 0xff, 0xf8, 0x0, 0x0,
    0x0, 0x0, 0x6, 0xff, 0xff, 0x56, 0xff, 0xff,
    0x30, 0x0, 0x0, 0x0, 0x0, 0x1f, 0xff, 0xf8,
    0x8f, 0xff, 0xf0, 0x0, 0x0, 0x0, 0x0, 0x0,
    0xef, 0xff, 0xa9, 0xff, 0xff, 0x0, 0x0, 0x0,
    0x0, 0x0, 0xd, 0xff, 0xfb, 0x9f, 0xff, 0xf0,
    0x0, 0x0, 0x0, 0x0, 0x0, 0xdf, 0xff, 0xb8,
    0xff, 0xff, 0x0, 0x0, 0x0, 0x0, 0x0, 0xe,
    0xff, 0xfa, 0x6f, 0xff, 0xf2, 0x0, 0x0, 0x0,
    0x0, 0x0, 0xff, 0xff, 0x83, 0xff, 0xff, 0x70,
    0x0, 0x0, 0x0, 0x0, 0x5f, 0xff, 0xf5, 0xf,
    0xff, 0xfd, 0x0, 0x0, 0x0, 0x0, 0xc, 0xff,
    0xff, 0x10, 0x9f, 0xff, 0xf8, 0x0, 0x0, 0x0,
    0x6, 0xff, 0xff, 0xa0, 0x1, 0xff, 0xff, 0xf9,
    0x10, 0x0, 0x18, 0xff, 0xff, 0xf3, 0x0, 0x6,
    0xff, 0xff, 0xff, 0xcb, 0xcf, 0xff, 0xff, 0xf8,
    0x0, 0x0, 0x8, 0xff, 0xff, 0xff, 0xff, 0xff,
    0xff, 0xfa, 0x0, 0x0, 0x0, 0x6, 0xff, 0xff,
    0xff, 0xff, 0xff, 0xf7, 0x0, 0x0, 0x0, 0x0,
    0x1, 0x8d, 0xff, 0xff, 0xfe, 0x91, 0x0, 0x0,
    0x0, 0x0, 0x0, 0x0, 0x1, 0x34, 0x31, 0x0,
    0x0, 0x0, 0x0,

    /* U+1EDB "ớ" */
    0x0, 0x0, 0x0, 0x0, 0x0, 0x0, 0x0, 0x0,
    0x0, 0x0, 0x0, 0x0, 0x0, 0x9f, 0xff, 0x50,
    0x0, 0x0, 0x0, 0x0, 0x0, 0x1, 0xff, 0xfb,
    0x0, 0x0, 0x0, 0x0, 0x0, 0x0, 0x7, 0xff,
    0xe1, 0x0, 0x0, 0x0, 0x0, 0x0, 0x0, 0xe,
    0xff, 0x50, 0x7, 0xff, 0xf1, 0x0, 0x0, 0x0,
    0x28, 0x87, 0x0, 0x7, 0xff, 0xf1, 0x0, 0x0,
    0x0, 0x0, 0x0, 0x0, 0x7, 0xff, 0xf0, 0x0,
    0x0, 0x2, 0x68, 0x98, 0x76, 0x6c, 0xff, 0xe0,
    0x0, 0x3, 0xcf, 0xff, 0xff, 0xff, 0xff, 0xff,
    0x60, 0x0, 0x5f, 0xff, 0xff, 0xff, 0xff, 0xff,
    0xa4, 0x0, 0x3, 0xff, 0xff, 0xff, 0xef, 0xff,
    0xff, 0x90, 0x0, 0xd, 0xff, 0xff, 0x60, 0x2,
    0xcf, 0xff, 0xf3, 0x0, 0x3f, 0xff, 0xf7, 0x0,
    0x0, 0x1f, 0xff, 0xf9, 0x0, 0x8f, 0xff, 0xf0,
    0x0, 0x0, 0x9, 0xff, 0xff, 0x0, 0xaf, 0xff,
    0xc0, 0x0, 0x0, 0x6, 0xff, 0xff, 0x10, 0xcf,
    0xff, 0xb0, 0x0, 0x0, 0x4, 0xff, 0xff, 0x20,
    0xcf, 0xff, 0xb0, 0x0, 0x0, 0x4, 0xff, 0xff,
    0x20, 0xaf, 0xff, 0xd0, 0x0, 0x0, 0x6, 0xff,
    0xff, 0x0, 0x7f, 0xff, 0xf1, 0x0, 0x0, 0xb,
    0xff, 0xfe, 0x0, 0x2f, 0xff, 0xfa, 0x0, 0x0,
    0x3f, 0xff, 0xf8, 0x0, 0xb, 0xff, 0xff, 0xa3,
    0x36, 0xff, 0xff, 0xf2, 0x0, 0x1, 0xef, 0xff,
    0xff, 0xff, 0xff, 0xff, 0x60, 0x0, 0x0, 0x2d,
    0xff, 0xff, 0xff, 0xff, 0xf7, 0x0, 0x0, 0x0,
    0x0, 0x8e, 0xff, 0xff, 0xfb, 0x30, 0x0, 0x0,
    0x0, 0x0, 0x0, 0x24, 0x43, 0x0, 0x0, 0x0,
    0x0,

    /* U+1EDC "Ờ" */
    0x0, 0x0, 0x0, 0x67, 0x77, 0x10, 0x0, 0x0,
    0x0, 0x0, 0x0, 0x0, 0x0, 0x5, 0xff, 0xf8,
    0x0, 0x0, 0x0, 0x0, 0x0, 0x0, 0x0, 0x0,
    0xa, 0xff, 0xe0, 0x0, 0x0, 0x0, 0x0, 0x0,
    0x0, 0x0, 0x0, 0x1e, 0xff, 0x60, 0x0, 0x0,
    0x0, 0x0, 0x0, 0x0, 0x0, 0x0, 0x5f, 0xfd,
    0x0, 0x0, 0xe, 0xee, 0xc0, 0x0, 0x0, 0x0,
    0x0, 0x11, 0x10, 0x0, 0x0, 0xff, 0xfd, 0x0,
    0x0, 0x0, 0x0, 0x0, 0x11, 0x0, 0x0, 0xf,
    0xff, 0xd0, 0x0, 0x0, 0x5, 0xae, 0xff, 0xff,
    0xed, 0xdd, 0xff, 0xfc, 0x0, 0x0, 0x3d, 0xff,
    0xff, 0xff, 0xff, 0xff, 0xff, 0xff, 0x70, 0x0,
    0x5f, 0xff, 0xff, 0xff, 0xff, 0xff, 0xff, 0xfc,
    0x70, 0x0, 0x4f, 0xff, 0xff, 0xff, 0xef, 0xff,
    0xff, 0xff, 0x60, 0x0, 0xe, 0xff, 0xff, 0xc4,
    0x0, 0x3, 0xbf, 0xff, 0xff, 0x20, 0x7, 0xff,
    0xff, 0xb0, 0x0, 0x0, 0x0, 0x9f, 0xff, 0xf9,
    0x0, 0xef, 0xff, 0xe1, 0x0, 0x0, 0x0, 0x0,
    0xdf, 0xff, 0xf0, 0x3f, 0xff, 0xf8, 0x0, 0x0,
    0x0, 0x0, 0x6, 0xff, 0xff, 0x56, 0xff, 0xff,
    0x30, 0x0, 0x0, 0x0, 0x0, 0x1f, 0xff, 0xf8,
    0x8f, 0xff, 0xf0, 0x0, 0x0, 0x0, 0x0, 0x0,
    0xef, 0xff, 0xa9, 0xff, 0xff, 0x0, 0x0, 0x0,
    0x0, 0x0, 0xd, 0xff, 0xfb, 0x9f, 0xff, 0xf0,
    0x0, 0x0, 0x0, 0x0, 0x0, 0xdf, 0xff, 0xb8,
    0xff, 0xff, 0x0, 0x0, 0x0, 0x0, 0x0, 0xe,
    0xff, 0xfa, 0x6f, 0xff, 0xf2, 0x0, 0x0, 0x0,
    0x0, 0x0, 0xff, 0xff, 0x83, 0xff, 0xff, 0x70,
    0x0, 0x0, 0x0, 0x0, 0x5f, 0xff, 0xf5, 0xf,
    0xff, 0xfd, 0x0, 0x0, 0x0, 0x0, 0xc, 0xff,
    0xff, 0x10, 0x9f, 0xff, 0xf8, 0x0, 0x0, 0x0,
    0x6, 0xff, 0xff, 0xa0, 0x1, 0xff, 0xff, 0xf9,
    0x10, 0x0, 0x18, 0xff, 0xff, 0xf3, 0x0, 0x6,
    0xff, 0xff, 0xff, 0xcb, 0xcf, 0xff, 0xff, 0xf8,
    0x0, 0x0, 0x8, 0xff, 0xff, 0xff, 0xff, 0xff,
    0xff, 0xfa, 0x0, 0x0, 0x0, 0x6, 0xff, 0xff,
    0xff, 0xff, 0xff, 0xf7, 0x0, 0x0, 0x0, 0x0,
    0x1, 0x8d, 0xff, 0xff, 0xfe, 0x91, 0x0, 0x0,
    0x0, 0x0, 0x0, 0x0, 0x1, 0x34, 0x31, 0x0,
    0x0, 0x0, 0x0,

    /* U+1EDD "ờ" */
    0x0, 0x0, 0x0, 0x0, 0x0, 0x0, 0x0, 0x0,
    0x0, 0x0, 0x1, 0xef, 0xfe, 0x0, 0x0, 0x0,
    0x0, 0x0, 0x0, 0x0, 0x5f, 0xff, 0x60, 0x0,
    0x0, 0x0, 0x0, 0x0, 0x0, 0xa, 0xff, 0xd0,
    0x0, 0x0, 0x0, 0x0, 0x0, 0x0, 0x1, 0xef,
    0xf4, 0x0, 0x7, 0xff, 0xf1, 0x0, 0x0, 0x0,
    0x48, 0x85, 0x0, 0x7, 0xff, 0xf1, 0x0, 0x0,
    0x0, 0x0, 0x0, 0x0, 0x7, 0xff, 0xf0, 0x0,
    0x0, 0x2, 0x68, 0x98, 0x76, 0x6c, 0xff, 0xe0,
    0x0, 0x3, 0xcf, 0xff, 0xff, 0xff, 0xff, 0xff,
    0x60, 0x0, 0x5f, 0xff, 0xff, 0xff, 0xff, 0xff,
    0xa4, 0x0, 0x3, 0xff, 0xff, 0xff, 0xef, 0xff,
    0xff, 0x90, 0x0, 0xd, 0xff, 0xff, 0x60, 0x2,
    0xcf, 0xff, 0xf3, 0x0, 0x3f, 0xff, 0xf7, 0x0,
    0x0, 0x1f, 0xff, 0xf9, 0x0, 0x8f, 0xff, 0xf0,
    0x0, 0x0, 0x9, 0xff, 0xff, 0x0, 0xaf, 0xff,
    0xc0, 0x0, 0x0, 0x6, 0xff, 0xff, 0x10, 0xcf,
    0xff, 0xb0, 0x0, 0x0, 0x4, 0xff, 0xff, 0x20,
    0xcf, 0xff, 0xb0, 0x0, 0x0, 0x4, 0xff, 0xff,
    0x20, 0xaf, 0xff, 0xd0, 0x0, 0x0, 0x6, 0xff,
    0xff, 0x0, 0x7f, 0xff, 0xf1, 0x0, 0x0, 0xb,
    0xff, 0xfe, 0x0, 0x2f, 0xff, 0xfa, 0x0, 0x0,
    0x3f, 0xff, 0xf8, 0x0, 0xb, 0xff, 0xff, 0xa3,
    0x36, 0xff, 0xff, 0xf2, 0x0, 0x1, 0xef, 0xff,
    0xff, 0xff, 0xff, 0xff, 0x60, 0x0, 0x0, 0x2d,
    0xff, 0xff, 0xff, 0xff, 0xf7, 0x0, 0x0, 0x0,
    0x0, 0x8e, 0xff, 0xff, 0xfb, 0x30, 0x0, 0x0,
    0x0, 0x0, 0x0, 0x24, 0x43, 0x0, 0x0, 0x0,
    0x0,

    /* U+1EDE "Ở" */
    0x0, 0x0, 0x0, 0x1, 0x77, 0x64, 0x0, 0x0,
    0x0, 0x0, 0x0, 0x0, 0x0, 0x0, 0x4f, 0xff,
    0xfc, 0x0, 0x0, 0x0, 0x0, 0x0, 0x0, 0x0,
    0x3, 0xcc, 0xff, 0xf2, 0x0, 0x0, 0x0, 0x0,
    0x0, 0x0, 0x0, 0x0, 0xe, 0xfd, 0x0, 0x0,
    0x0, 0x0, 0x0, 0x0, 0x0, 0x0, 0x8, 0xff,
    0x30, 0x0, 0xe, 0xee, 0xc0, 0x0, 0x0, 0x0,
    0x0, 0x11, 0x10, 0x0, 0x0, 0xff, 0xfd, 0x0,
    0x0, 0x0, 0x0, 0x0, 0x11, 0x0, 0x0, 0xf,
    0xff, 0xd0, 0x0, 0x0, 0x5, 0xae, 0xff, 0xff,
    0xed, 0xdd, 0xff, 0xfc, 0x0, 0x0, 0x3d, 0xff,
    0xff, 0xff, 0xff, 0xff, 0xff, 0xff, 0x70, 0x0,
    0x5f, 0xff, 0xff, 0xff, 0xff, 0xff, 0xff, 0xfc,
    0x70, 0x0, 0x4f, 0xff, 0xff, 0xff, 0xef, 0xff,
    0xff, 0xff, 0x60, 0x0, 0xe, 0xff, 0xff, 0xc4,
    0x0, 0x3, 0xbf, 0xff, 0xff, 0x20, 0x7, 0xff,
    0xff, 0xb0, 0x0, 0x0, 0x0, 0x9f, 0xff, 0xf9,
    0x0, 0xef, 0xff, 0xe1, 0x0, 0x0, 0x0, 0x0,
    0xdf, 0xff, 0xf0, 0x3f, 0xff, 0xf8, 0x0, 0x0,
    0x0, 0x0, 0x6, 0xff, 0xff, 0x56, 0xff, 0xff,
    0x30, 0x0, 0x0, 0x0, 0x0, 0x1f, 0xff, 0xf8,
    0x8f, 0xff, 0xf0, 0x0, 0x0, 0x0, 0x0, 0x0,
    0xef, 0xff, 0xa9, 0xff, 0xff, 0x0, 0x0, 0x0,
    0x0, 0x0, 0xd, 0xff, 0xfb, 0x9f, 0xff, 0xf0,
    0x0, 0x0, 0x0, 0x0, 0x0, 0xdf, 0xff, 0xb8,
    0xff, 0xff, 0x0, 0x0, 0x0, 0x0, 0x0, 0xe,
    0xff, 0xfa, 0x6f, 0xff, 0xf2, 0x0, 0x0, 0x0,
    0x0, 0x0, 0xff, 0xff, 0x83, 0xff, 0xff, 0x70,
    0x0, 0x0, 0x0, 0x0, 0x5f, 0xff, 0xf5, 0xf,
    0xff, 0xfd, 0x0, 0x0, 0x0, 0x0, 0xc, 0xff,
    0xff, 0x10, 0x9f, 0xff, 0xf8, 0x0, 0x0, 0x0,
    0x6, 0xff, 0xff, 0xa0, 0x1, 0xff, 0xff, 0xf9,
    0x10, 0x0, 0x18, 0xff, 0xff, 0xf3, 0x0, 0x6,
    0xff, 0xff, 0xff, 0xcb, 0xcf, 0xff, 0xff, 0xf8,
    0x0, 0x0, 0x8, 0xff, 0xff, 0xff, 0xff, 0xff,
    0xff, 0xfa, 0x0, 0x0, 0x0, 0x6, 0xff, 0xff,
    0xff, 0xff, 0xff, 0xf7, 0x0, 0x0, 0x0, 0x0,
    0x1, 0x8d, 0xff, 0xff, 0xfe, 0x91, 0x0, 0x0,
    0x0, 0x0, 0x0, 0x0, 0x1, 0x34, 0x31, 0x0,
    0x0, 0x0, 0x0,

    /* U+1EDF "ở" */
    0x0, 0x0, 0x0, 0x0, 0x0, 0x0, 0x0, 0x0,
    0x0, 0x0, 0x0, 0xa, 0xff, 0xfb, 0x20, 0x0,
    0x0, 0x0, 0x0, 0x0, 0xa, 0xff, 0xff, 0xb0,
    0x0, 0x0, 0x0, 0x0, 0x0, 0x2, 0x36, 0xff,
    0xa0, 0x0, 0x0, 0x0, 0x0, 0x0, 0x0, 0xa,
    0xff, 0x20, 0x7, 0xff, 0xf1, 0x0, 0x0, 0x0,
    0x8, 0x85, 0x0, 0x7, 0xff, 0xf1, 0x0, 0x0,
    0x0, 0x0, 0x0, 0x0, 0x7, 0xff, 0xf0, 0x0,
    0x0, 0x2, 0x68, 0x98, 0x76, 0x6c, 0xff, 0xe0,
    0x0, 0x3, 0xcf, 0xff, 0xff, 0xff, 0xff, 0xff,
    0x60, 0x0, 0x5f, 0xff, 0xff, 0xff, 0xff, 0xff,
    0xa4, 0x0, 0x3, 0xff, 0xff, 0xff, 0xef, 0xff,
    0xff, 0x90, 0x0, 0xd, 0xff, 0xff, 0x60, 0x2,
    0xcf, 0xff, 0xf3, 0x0, 0x3f, 0xff, 0xf7, 0x0,
    0x0, 0x1f, 0xff, 0xf9, 0x0, 0x8f, 0xff, 0xf0,
    0x0, 0x0, 0x9, 0xff, 0xff, 0x0, 0xaf, 0xff,
    0xc0, 0x0, 0x0, 0x6, 0xff, 0xff, 0x10, 0xcf,
    0xff, 0xb0, 0x0, 0x0, 0x4, 0xff, 0xff, 0x20,
    0xcf, 0xff, 0xb0, 0x0, 0x0, 0x4, 0xff, 0xff,
    0x20, 0xaf, 0xff, 0xd0, 0x0, 0x0, 0x6, 0xff,
    0xff, 0x0, 0x7f, 0xff, 0xf1, 0x0, 0x0, 0xb,
    0xff, 0xfe, 0x0, 0x2f, 0xff, 0xfa, 0x0, 0x0,
    0x3f, 0xff, 0xf8, 0x0, 0xb, 0xff, 0xff, 0xa3,
    0x36, 0xff, 0xff, 0xf2, 0x0, 0x1, 0xef, 0xff,
    0xff, 0xff, 0xff, 0xff, 0x60, 0x0, 0x0, 0x2d,
    0xff, 0xff, 0xff, 0xff, 0xf7, 0x0, 0x0, 0x0,
    0x0, 0x8e, 0xff, 0xff, 0xfb, 0x30, 0x0, 0x0,
    0x0, 0x0, 0x0, 0x24, 0x43, 0x0, 0x0, 0x0,
    0x0,

    /* U+1EE0 "Ỡ" */
    0x0, 0x0, 0x0, 0x0, 0x20, 0x0, 0x1, 0x11,
    0x0, 0x0, 0x0, 0x0, 0x0, 0x5, 0xff, 0xf8,
    0x0, 0xdf, 0x90, 0x0, 0x0, 0x0, 0x0, 0x1,
    0xff, 0xff, 0xfe, 0xcf, 0xf6, 0x0, 0x0, 0x0,
    0x0, 0x0, 0x5f, 0xf7, 0x8f, 0xff, 0xfd, 0x0,
    0x0, 0x0, 0x0, 0x0, 0x5, 0xba, 0x0, 0x18,
    0xb9, 0x10, 0xe, 0xee, 0xc0, 0x0, 0x0, 0x0,
    0x0, 0x0, 0x0, 0x0, 0x0, 0xff, 0xfd, 0x0,
    0x0, 0x0, 0x0, 0x0, 0x11, 0x0, 0x0, 0xf,
    0xff, 0xd0, 0x0, 0x0, 0x5, 0xae, 0xff, 0xff,
    0xed, 0xdd, 0xff, 0xfc, 0x0, 0x0, 0x3d, 0xff,
    0xff, 0xff, 0xff, 0xff, 0xff, 0xff, 0x70, 0x0,
    0x5f, 0xff, 0xff, 0xff, 0xff, 0xff, 0xff, 0xfc,
    0x70, 0x0, 0x4f, 0xff, 0xff, 0xff, 0xef, 0xff,
    0xff, 0xff, 0x60, 0x0, 0xe, 0xff, 0xff, 0xc4,
    0x0, 0x3, 0xbf, 0xff, 0xff, 0x20, 0x7, 0xff,
    0xff, 0xb0, 0x0, 0x0, 0x0, 0x9f, 0xff, 0xf9,
    0x0, 0xef, 0xff, 0xe1, 0x0, 0x0, 0x0, 0x0,
    0xdf, 0xff, 0xf0, 0x3f, 0xff, 0xf8, 0x0, 0x0,
    0x0, 0x0, 0x6, 0xff, 0xff, 0x56, 0xff, 0xff,
    0x30, 0x0, 0x0, 0x0, 0x0, 0x1f, 0xff, 0xf8,
    0x8f, 0xff, 0xf0, 0x0, 0x0, 0x0, 0x0, 0x0,
    0xef, 0xff, 0xa9, 0xff, 0xff, 0x0, 0x0, 0x0,
    0x0, 0x0, 0xd, 0xff, 0xfb, 0x9f, 0xff, 0xf0,
    0x0, 0x0, 0x0, 0x0, 0x0, 0xdf, 0xff, 0xb8,
    0xff, 0xff, 0x0, 0x0, 0x0, 0x0, 0x0, 0xe,
    0xff, 0xfa, 0x6f, 0xff, 0xf2, 0x0, 0x0, 0x0,
    0x0, 0x0, 0xff, 0xff, 0x83, 0xff, 0xff, 0x70,
    0x0, 0x0, 0x0, 0x0, 0x5f, 0xff, 0xf5, 0xf,
    0xff, 0xfd, 0x0, 0x0, 0x0, 0x0, 0xc, 0xff,
    0xff, 0x10, 0x9f, 0xff, 0xf8, 0x0, 0x0, 0x0,
    0x6, 0xff, 0xff, 0xa0, 0x1, 0xff, 0xff, 0xf9,
    0x10, 0x0, 0x18, 0xff, 0xff, 0xf3, 0x0, 0x6,
    0xff, 0xff, 0xff, 0xcb, 0xcf, 0xff, 0xff, 0xf8,
    0x0, 0x0, 0x8, 0xff, 0xff, 0xff, 0xff, 0xff,
    0xff, 0xfa, 0x0, 0x0, 0x0, 0x6, 0xff, 0xff,
    0xff, 0xff, 0xff, 0xf7, 0x0, 0x0, 0x0, 0x0,
    0x1, 0x8d, 0xff, 0xff, 0xfe, 0x91, 0x0, 0x0,
    0x0, 0x0, 0x0, 0x0, 0x1, 0x34, 0x31, 0x0,
    0x0, 0x0, 0x0,

    /* U+1EE1 "ỡ" */
    0x0, 0x0, 0x1, 0x52, 0x0, 0x35, 0x10, 0x0,
    0x0, 0x0, 0x0, 0x3f, 0xff, 0x93, 0xdf, 0x20,
    0x0, 0x0, 0x0, 0x0, 0xbf, 0xce, 0xff, 0xfd,
    0x0, 0x0, 0x0, 0x0, 0x0, 0xac, 0x10, 0x7c,
    0xb2, 0x7, 0xff, 0xf1, 0x0, 0x0, 0x0, 0x0,
    0x0, 0x0, 0x7, 0xff, 0xf1, 0x0, 0x0, 0x0,
    0x0, 0x0, 0x0, 0x7, 0xff, 0xf0, 0x0, 0x0,
    0x2, 0x68, 0x98, 0x76, 0x6c, 0xff, 0xe0, 0x0,
    0x3, 0xcf, 0xff, 0xff, 0xff, 0xff, 0xff, 0x60,
    0x0, 0x5f, 0xff, 0xff, 0xff, 0xff, 0xff, 0xa4,
    0x0, 0x3, 0xff, 0xff, 0xff, 0xef, 0xff, 0xff,
    0x90, 0x0, 0xd, 0xff, 0xff, 0x60, 0x2, 0xcf,
    0xff, 0xf3, 0x0, 0x3f, 0xff, 0xf7, 0x0, 0x0,
    0x1f, 0xff, 0xf9, 0x0, 0x8f, 0xff, 0xf0, 0x0,
    0x0, 0x9, 0xff, 0xff, 0x0, 0xaf, 0xff, 0xc0,
    0x0, 0x0, 0x6, 0xff, 0xff, 0x10, 0xcf, 0xff,
    0xb0, 0x0, 0x0, 0x4, 0xff, 0xff, 0x20, 0xcf,
    0xff, 0xb0, 0x0, 0x0, 0x4, 0xff, 0xff, 0x20,
    0xaf, 0xff, 0xd0, 0x0, 0x0, 0x6, 0xff, 0xff,
    0x0, 0x7f, 0xff, 0xf1, 0x0, 0x0, 0xb, 0xff,
    0xfe, 0x0, 0x2f, 0xff, 0xfa, 0x0, 0x0, 0x3f,
    0xff, 0xf8, 0x0, 0xb, 0xff, 0xff, 0xa3, 0x36,
    0xff, 0xff, 0xf2, 0x0, 0x1, 0xef, 0xff, 0xff,
    0xff, 0xff, 0xff, 0x60, 0x0, 0x0, 0x2d, 0xff,
    0xff, 0xff, 0xff, 0xf7, 0x0, 0x0, 0x0, 0x0,
    0x8e, 0xff, 0xff, 0xfb, 0x30, 0x0, 0x0, 0x0,
    0x0, 0x0, 0x24, 0x43, 0x0, 0x0, 0x0, 0x0,

    /* U+1EE2 "Ợ" */
    0x0, 0x0, 0x0, 0x0, 0x0, 0x0, 0x0, 0x0,
    0xe, 0xee, 0xc0, 0x0, 0x0, 0x0, 0x0, 0x0,
    0x0, 0x0, 0x0, 0xff, 0xfd, 0x0, 0x0, 0x0,
    0x0, 0x0, 0x11, 0x0, 0x0, 0xf, 0xff, 0xd0,
    0x0, 0x0, 0x5, 0xae, 0xff, 0xff, 0xed, 0xdd,
    0xff, 0xfc, 0x0, 0x0, 0x3d, 0xff, 0xff, 0xff,
    0xff, 0xff, 0xff, 0xff, 0x70, 0x0, 0x5f, 0xff,
    0xff, 0xff, 0xff, 0xff, 0xff, 0xfc, 0x70, 0x0,
    0x4f, 0xff, 0xff, 0xff, 0xef, 0xff, 0xff, 0xff,
    0x60, 0x0, 0xe, 0xff, 0xff, 0xc4, 0x0, 0x3,
    0xbf, 0xff, 0xff, 0x20, 0x7, 0xff, 0xff, 0xb0,
    0x0, 0x0, 0x0, 0x9f, 0xff, 0xf9, 0x0, 0xef,
    0xff, 0xe1, 0x0, 0x0, 0x0, 0x0, 0xdf, 0xff,
    0xf0, 0x3f, 0xff, 0xf8, 0x0, 0x0, 0x0, 0x0,
    0x6, 0xff, 0xff, 0x56, 0xff, 0xff, 0x30, 0x0,
    0x0, 0x0, 0x0, 0x1f, 0xff, 0xf8, 0x8f, 0xff,
    0xf0, 0x0, 0x0, 0x0, 0x0, 0x0, 0xef, 0xff,
    0xa9, 0xff, 0xff, 0x0, 0x0, 0x0, 0x0, 0x0,
    0xd, 0xff, 0xfb, 0x9f, 0xff, 0xf0, 0x0, 0x0,
    0x0, 0x0, 0x0, 0xdf, 0xff, 0xb8, 0xff, 0xff,
    0x0, 0x0, 0x0, 0x0, 0x0, 0xe, 0xff, 0xfa,
    0x6f, 0xff, 0xf2, 0x0, 0x0, 0x0, 0x0, 0x0,
    0xff, 0xff, 0x83, 0xff, 0xff, 0x70, 0x0, 0x0,
    0x0, 0x0, 0x5f, 0xff, 0xf5, 0xf, 0xff, 0xfd,
    0x0, 0x0, 0x0, 0x0, 0xc, 0xff, 0xff, 0x10,
    0x9f, 0xff, 0xf8, 0x0, 0x0, 0x0, 0x6, 0xff,
    0xff, 0xa0, 0x1, 0xff, 0xff, 0xf9, 0x10, 0x0,
    0x18, 0xff, 0xff, 0xf3, 0x0, 0x6, 0xff, 0xff,
    0xff, 0xcb, 0xcf, 0xff, 0xff, 0xf8, 0x0, 0x0,
    0x8, 0xff, 0xff, 0xff, 0xff, 0xff, 0xff, 0xfa,
    0x0, 0x0, 0x0, 0x6, 0xff, 0xff, 0xff, 0xff,
    0xff, 0xf7, 0x0, 0x0, 0x0, 0x0, 0x1, 0x8d,
    0xff, 0xff, 0xfe, 0x91, 0x0, 0x0, 0x0, 0x0,
    0x0, 0x0, 0x1, 0x34, 0x31, 0x0, 0x0, 0x0,
    0x0, 0x0, 0x0, 0x0, 0x0, 0x0, 0x0, 0x0,
    0x0, 0x0, 0x0, 0x0, 0x0, 0x0, 0x0, 0x0,
    0x9d, 0xa1, 0x0, 0x0, 0x0, 0x0, 0x0, 0x0,
    0x0, 0x0, 0x8f, 0xff, 0xb0, 0x0, 0x0, 0x0,
    0x0, 0x0, 0x0, 0x0, 0xc, 0xff, 0xff, 0x0,
    0x0, 0x0, 0x0, 0x0, 0x0, 0x0, 0x0, 0x7f,
    0xff, 0xa0, 0x0, 0x0, 0x0, 0x0, 0x0, 0x0,
    0x0, 0x0, 0x59, 0x70, 0x0, 0x0, 0x0, 0x0,

    /* U+1EE3 "ợ" */
    0x0, 0x0, 0x0, 0x0, 0x0, 0x0, 0x0, 0x0,
    0x0, 0x0, 0x0, 0x0, 0x0, 0x0, 0x0, 0x7,
    0xff, 0xf1, 0x0, 0x0, 0x0, 0x0, 0x0, 0x0,
    0x7, 0xff, 0xf1, 0x0, 0x0, 0x0, 0x0, 0x0,
    0x0, 0x7, 0xff, 0xf0, 0x0, 0x0, 0x2, 0x68,
    0x98, 0x76, 0x6c, 0xff, 0xe0, 0x0, 0x3, 0xcf,
    0xff, 0xff, 0xff, 0xff, 0xff, 0x60, 0x0, 0x5f,
    0xff, 0xff, 0xff, 0xff, 0xff, 0xa4, 0x0, 0x3,
    0xff, 0xff, 0xff, 0xef, 0xff, 0xff, 0x90, 0x0,
    0xd, 0xff, 0xff, 0x60, 0x2, 0xcf, 0xff, 0xf3,
    0x0, 0x3f, 0xff, 0xf7, 0x0, 0x0, 0x1f, 0xff,
    0xf9, 0x0, 0x8f, 0xff, 0xf0, 0x0, 0x0, 0x9,
    0xff, 0xff, 0x0, 0xaf, 0xff, 0xc0, 0x0, 0x0,
    0x6, 0xff, 0xff, 0x10, 0xcf, 0xff, 0xb0, 0x0,
    0x0, 0x4, 0xff, 0xff, 0x20, 0xcf, 0xff, 0xb0,
    0x0, 0x0, 0x4, 0xff, 0xff, 0x20, 0xaf, 0xff,
    0xd0, 0x0, 0x0, 0x6, 0xff, 0xff, 0x0, 0x7f,
    0xff, 0xf1, 0x0, 0x0, 0xb, 0xff, 0xfe, 0x0,
    0x2f, 0xff, 0xfa, 0x0, 0x0, 0x3f, 0xff, 0xf8,
    0x0, 0xb, 0xff, 0xff, 0xa3, 0x36, 0xff, 0xff,
    0xf2, 0x0, 0x1, 0xef, 0xff, 0xff, 0xff, 0xff,
    0xff, 0x60, 0x0, 0x0, 0x2d, 0xff, 0xff, 0xff,
    0xff, 0xf7, 0x0, 0x0, 0x0, 0x0, 0x8e, 0xff,
    0xff, 0xfb, 0x30, 0x0, 0x0, 0x0, 0x0, 0x0,
    0x24, 0x43, 0x0, 0x0, 0x0, 0x0, 0x0, 0x0,
    0x0, 0x0, 0x0, 0x0, 0x0, 0x0, 0x0, 0x0,
    0x0, 0x0, 0x2b, 0xc7, 0x0, 0x0, 0x0, 0x0,
    0x0, 0x0, 0x0, 0xef, 0xff, 0x50, 0x0, 0x0,
    0x0, 0x0, 0x0, 0x2, 0xff, 0xff, 0x90, 0x0,
    0x0, 0x0, 0x0, 0x0, 0x0, 0xdf, 0xff, 0x40,
    0x0, 0x0, 0x0, 0x0, 0x0, 0x0, 0x18, 0x94,
    0x0, 0x0, 0x0, 0x0,

    /* U+1EE4 "Ụ" */
    0xd, 0xdd, 0xd6, 0x0, 0x0, 0x0, 0x0, 0x6d,
    0xdd, 0xd0, 0xff, 0xff, 0x70, 0x0, 0x0, 0x0,
    0x7, 0xff, 0xff, 0xf, 0xff, 0xf7, 0x0, 0x0,
    0x0, 0x0, 0x7f, 0xff, 0xf0, 0xff, 0xff, 0x70,
    0x0, 0x0, 0x0, 0x7, 0xff, 0xff, 0xf, 0xff,
    0xf7, 0x0, 0x0, 0x0, 0x0, 0x7f, 0xff, 0xf0,
    0xff, 0xff, 0x70, 0x0, 0x0, 0x0, 0x7, 0xff,
    0xff, 0xf, 0xff, 0xf7, 0x0, 0x0, 0x0, 0x0,
    0x7f, 0xff, 0xf0, 0xff, 0xff, 0x70, 0x0, 0x0,
    0x0, 0x7, 0xff, 0xff, 0xf, 0xff, 0xf7, 0x0,
    0x0, 0x0, 0x0, 0x7f, 0xff, 0xf0, 0xff, 0xff,
    0x70, 0x0, 0x0, 0x0, 0x7, 0xff, 0xff, 0xf,
    0xff, 0xf7, 0x0, 0x0, 0x0, 0x0, 0x7f, 0xff,
    0xf0, 0xff, 0xff, 0x70, 0x0, 0x0, 0x0, 0x7,
    0xff, 0xff, 0xf, 0xff, 0xf7, 0x0, 0x0, 0x0,
    0x0, 0x7f, 0xff, 0xf0, 0xff, 0xff, 0x70, 0x0,
    0x0, 0x0, 0x7, 0xff, 0xff, 0xf, 0xff, 0xf8,
    0x0, 0x0, 0x0, 0x0, 0x8f, 0xff, 0xf0, 0xef,
    0xff, 0xb0, 0x0, 0x0, 0x0, 0xc, 0xff, 0xfe,
    0xb, 0xff, 0xff, 0x30, 0x0, 0x0, 0x4, 0xff,
    0xff, 0xb0, 0x6f, 0xff, 0xfe, 0x40, 0x0, 0x5,
    0xef, 0xff, 0xf5, 0x0, 0xdf, 0xff, 0xff, 0xdb,
    0xbe, 0xff, 0xff, 0xfd, 0x0, 0x2, 0xef, 0xff,
    0xff, 0xff, 0xff, 0xff, 0xfe, 0x10, 0x0, 0x2,
    0xcf, 0xff, 0xff, 0xff, 0xff, 0xfc, 0x20, 0x0,
    0x0, 0x0, 0x6b, 0xff, 0xff, 0xff, 0xb5, 0x0,
    0x0, 0x0, 0x0, 0x0, 0x0, 0x24, 0x42, 0x0,
    0x0, 0x0, 0x0, 0x0, 0x0, 0x0, 0x0, 0x0,
    0x0, 0x0, 0x0, 0x0, 0x0, 0x0, 0x0, 0x0,
    0x5c, 0xc5, 0x0, 0x0, 0x0, 0x0, 0x0, 0x0,
    0x0, 0x2f, 0xff, 0xf2, 0x0, 0x0, 0x0, 0x0,
    0x0, 0x0, 0x5, 0xff, 0xff, 0x50, 0x0, 0x0,
    0x0, 0x0, 0x0, 0x0, 0x1f, 0xff, 0xf1, 0x0,
    0x0, 0x0, 0x0, 0x0, 0x0, 0x0, 0x29, 0x92,
    0x0, 0x0, 0x0, 0x0,

    /* U+1EE5 "ụ" */
    0x6, 0x66, 0x61, 0x0, 0x0, 0x3, 0x66, 0x64,
    0x2f, 0xff, 0xf4, 0x0, 0x0, 0x9, 0xff, 0xfd,
    0x2f, 0xff, 0xf4, 0x0, 0x0, 0x9, 0xff, 0xfd,
    0x2f, 0xff, 0xf4, 0x0, 0x0, 0x9, 0xff, 0xfd,
    0x2f, 0xff, 0xf4, 0x0, 0x0, 0x9, 0xff, 0xfd,
    0x2f, 0xff, 0xf4, 0x0, 0x0, 0x9, 0xff, 0xfd,
    0x2f, 0xff, 0xf4, 0x0, 0x0, 0x9, 0xff, 0xfd,
    0x2f, 0xff, 0xf4, 0x0, 0x0, 0x9, 0xff, 0xfd,
    0x2f, 0xff, 0xf4, 0x0, 0x0, 0x9, 0xff, 0xfd,
    0x2f, 0xff, 0xf4, 0x0, 0x0, 0x9, 0xff, 0xfd,
    0x2f, 0xff, 0xf4, 0x0, 0x0, 0xa, 0xff, 0xfd,
    0x1f, 0xff, 0xf7, 0x0, 0x0, 0xd, 0xff, 0xfd,
    0xf, 0xff, 0xfe, 0x10, 0x0, 0x6f, 0xff, 0xfd,
    0xb, 0xff, 0xff, 0xe9, 0x8b, 0xff, 0xff, 0xfd,
    0x4, 0xff, 0xff, 0xff, 0xff, 0xf8, 0xff, 0xfd,
    0x0, 0x9f, 0xff, 0xff, 0xff, 0x65, 0xff, 0xfd,
    0x0, 0x6, 0xdf, 0xff, 0xd5, 0x5, 0xff, 0xfd,
    0x0, 0x0, 0x1, 0x21, 0x0, 0x0, 0x0, 0x0,
    0x0, 0x0, 0x0, 0x0, 0x0, 0x0, 0x0, 0x0,
    0x0, 0x0, 0x0, 0x19, 0xd9, 0x10, 0x0, 0x0,
    0x0, 0x0, 0x0, 0xaf, 0xff, 0xa0, 0x0, 0x0,
    0x0, 0x0, 0x0, 0xdf, 0xff, 0xd0, 0x0, 0x0,
    0x0, 0x0, 0x0, 0x8f, 0xff, 0x80, 0x0, 0x0,
    0x0, 0x0, 0x0, 0x6, 0x96, 0x0, 0x0, 0x0,

    /* U+1EE6 "Ủ" */
    0x0, 0x0, 0x0, 0x6, 0x77, 0x61, 0x0, 0x0,
    0x0, 0x0, 0x0, 0x0, 0x0, 0xdf, 0xff, 0xf3,
    0x0, 0x0, 0x0, 0x0, 0x0, 0x0, 0xa, 0xcd,
    0xff, 0x80, 0x0, 0x0, 0x0, 0x0, 0x0, 0x0,
    0x0, 0x8f, 0xf4, 0x0, 0x0, 0x0, 0x0, 0x0,
    0x0, 0x0, 0x2f, 0xf9, 0x0, 0x0, 0x0, 0x0,
    0x0, 0x0, 0x0, 0x0, 0x11, 0x0, 0x0, 0x0,
    0x0, 0x0, 0x0, 0x0, 0x0, 0x0, 0x0, 0x0,
    0x0, 0x0, 0x0, 0xdd, 0xdd, 0x60, 0x0, 0x0,
    0x0, 0x6, 0xdd, 0xdd, 0xf, 0xff, 0xf7, 0x0,
    0x0, 0x0, 0x0, 0x7f, 0xff, 0xf0, 0xff, 0xff,
    0x70, 0x0, 0x0, 0x0, 0x7, 0xff, 0xff, 0xf,
    0xff, 0xf7, 0x0, 0x0, 0x0, 0x0, 0x7f, 0xff,
    0xf0, 0xff, 0xff, 0x70, 0x0, 0x0, 0x0, 0x7,
    0xff, 0xff, 0xf, 0xff, 0xf7, 0x0, 0x0, 0x0,
    0x0, 0x7f, 0xff, 0xf0, 0xff, 0xff, 0x70, 0x0,
    0x0, 0x0, 0x7, 0xff, 0xff, 0xf, 0xff, 0xf7,
    0x0, 0x0, 0x0, 0x0, 0x7f, 0xff, 0xf0, 0xff,
    0xff, 0x70, 0x0, 0x0, 0x0, 0x7, 0xff, 0xff,
    0xf, 0xff, 0xf7, 0x0, 0x0, 0x0, 0x0, 0x7f,
    0xff, 0xf0, 0xff, 0xff, 0x70, 0x0, 0x0, 0x0,
    0x7, 0xff, 0xff, 0xf, 0xff, 0xf7, 0x0, 0x0,
    0x0, 0x0, 0x7f, 0xff, 0xf0, 0xff, 0xff, 0x70,
    0x0, 0x0, 0x0, 0x7, 0xff, 0xff, 0xf, 0xff,
    0xf7, 0x0, 0x0, 0x0, 0x0, 0x7f, 0xff, 0xf0,
    0xff, 0xff, 0x80, 0x0, 0x0, 0x0, 0x8, 0xff,
    0xff, 0xe, 0xff, 0xfb, 0x0, 0x0, 0x0, 0x0,
    0xcf, 0xff, 0xe0, 0xbf, 0xff, 0xf3, 0x0, 0x0,
    0x0, 0x4f, 0xff, 0xfb, 0x6, 0xff, 0xff, 0xe4,
    0x0, 0x0, 0x5e, 0xff, 0xff, 0x50, 0xd, 0xff,
    0xff, 0xfd, 0xbb, 0xef, 0xff, 0xff, 0xd0, 0x0,
    0x2e, 0xff, 0xff, 0xff, 0xff, 0xff, 0xff, 0xe1,
    0x0, 0x0, 0x2c, 0xff, 0xff, 0xff, 0xff, 0xff,
    0xc2, 0x0, 0x0, 0x0, 0x6, 0xbf, 0xff, 0xff,
    0xfb, 0x50, 0x0, 0x0, 0x0, 0x0, 0x0, 0x2,
    0x44, 0x20, 0x0, 0x0, 0x0,

    /* U+1EE7 "ủ" */
    0x0, 0x0, 0x0, 0x0, 0x0, 0x0, 0x0, 0x0,
    0x0, 0x0, 0x7, 0xff, 0xfc, 0x30, 0x0, 0x0,
    0x0, 0x0, 0x7, 0xff, 0xff, 0xd0, 0x0, 0x0,
    0x0, 0x0, 0x1, 0x34, 0xff, 0xd0, 0x0, 0x0,
    0x0, 0x0, 0x0, 0x7, 0xff, 0x40, 0x0, 0x0,
    0x0, 0x0, 0x0, 0x8, 0x86, 0x0, 0x0, 0x0,
    0x0, 0x0, 0x0, 0x0, 0x0, 0x0, 0x0, 0x0,
    0x6, 0x66, 0x61, 0x0, 0x0, 0x3, 0x66, 0x64,
    0x2f, 0xff, 0xf4, 0x0, 0x0, 0x9, 0xff, 0xfd,
    0x2f, 0xff, 0xf4, 0x0, 0x0, 0x9, 0xff, 0xfd,
    0x2f, 0xff, 0xf4, 0x0, 0x0, 0x9, 0xff, 0xfd,
    0x2f, 0xff, 0xf4, 0x0, 0x0, 0x9, 0xff, 0xfd,
    0x2f, 0xff, 0xf4, 0x0, 0x0, 0x9, 0xff, 0xfd,
    0x2f, 0xff, 0xf4, 0x0, 0x0, 0x9, 0xff, 0xfd,
    0x2f, 0xff, 0xf4, 0x0, 0x0, 0x9, 0xff, 0xfd,
    0x2f, 0xff, 0xf4, 0x0, 0x0, 0x9, 0xff, 0xfd,
    0x2f, 0xff, 0xf4, 0x0, 0x0, 0x9, 0xff, 0xfd,
    0x2f, 0xff, 0xf4, 0x0, 0x0, 0xa, 0xff, 0xfd,
    0x1f, 0xff, 0xf7, 0x0, 0x0, 0xd, 0xff, 0xfd,
    0xf, 0xff, 0xfe, 0x10, 0x0, 0x6f, 0xff, 0xfd,
    0xb, 0xff, 0xff, 0xe9, 0x8b, 0xff, 0xff, 0xfd,
    0x4, 0xff, 0xff, 0xff, 0xff, 0xf8, 0xff, 0xfd,
    0x0, 0x9f, 0xff, 0xff, 0xff, 0x65, 0xff, 0xfd,
    0x0, 0x6, 0xdf, 0xff, 0xd5, 0x5, 0xff, 0xfd,
    0x0, 0x0, 0x1, 0x21, 0x0, 0x0, 0x0, 0x0,

    /* U+1EE8 "Ứ" */
    0x0, 0x0, 0x0, 0x0, 0x0, 0x57, 0x77, 0x20,
    0x0, 0x0, 0x0, 0x0, 0x0, 0x0, 0x0, 0x0,
    0xff, 0xfd, 0x0, 0x0, 0x0, 0x0, 0x0, 0x0,
    0x0, 0x0, 0x7, 0xff, 0xf3, 0x0, 0x0, 0x0,
    0x0, 0x0, 0x0, 0x0, 0x0, 0xe, 0xff, 0x80,
    0x0, 0x0, 0x0, 0x0, 0x0, 0x0, 0x0, 0x0,
    0x5f, 0xfd, 0x0, 0x0, 0x5, 0xee, 0xe7, 0x0,
    0x0, 0x0, 0x0, 0x1, 0x10, 0x0, 0x0, 0x5,
    0xff, 0xf8, 0x0, 0x0, 0x0, 0x0, 0x0, 0x0,
    0x0, 0x0, 0x5, 0xff, 0xf8, 0xd, 0xdd, 0xd6,
    0x0, 0x0, 0x0, 0x0, 0x6d, 0xde, 0xff, 0xf7,
    0xf, 0xff, 0xf7, 0x0, 0x0, 0x0, 0x0, 0x7f,
    0xff, 0xff, 0xf3, 0xf, 0xff, 0xf7, 0x0, 0x0,
    0x0, 0x0, 0x7f, 0xff, 0xfd, 0x50, 0xf, 0xff,
    0xf7, 0x0, 0x0, 0x0, 0x0, 0x7f, 0xff, 0xf0,
    0x0, 0xf, 0xff, 0xf7, 0x0, 0x0, 0x0, 0x0,
    0x7f, 0xff, 0xf0, 0x0, 0xf, 0xff, 0xf7, 0x0,
    0x0, 0x0, 0x0, 0x7f, 0xff, 0xf0, 0x0, 0xf,
    0xff, 0xf7, 0x0, 0x0, 0x0, 0x0, 0x7f, 0xff,
    0xf0, 0x0, 0xf, 0xff, 0xf7, 0x0, 0x0, 0x0,
    0x0, 0x7f, 0xff, 0xf0, 0x0, 0xf, 0xff, 0xf7,
    0x0, 0x0, 0x0, 0x0, 0x7f, 0xff, 0xf0, 0x0,
    0xf, 0xff, 0xf7, 0x0, 0x0, 0x0, 0x0, 0x7f,
    0xff, 0xf0, 0x0, 0xf, 0xff, 0xf7, 0x0, 0x0,
    0x0, 0x0, 0x7f, 0xff, 0xf0, 0x0, 0xf, 0xff,
    0xf7, 0x0, 0x0, 0x0, 0x0, 0x7f, 0xff, 0xf0,
    0x0, 0xf, 0xff, 0xf7, 0x0, 0x0, 0x0, 0x0,
    0x7f, 0xff, 0xf0, 0x0, 0xf, 0xff, 0xf7, 0x0,
    0x0, 0x0, 0x0, 0x7f, 0xff, 0xf0, 0x0, 0xf,
    0xff, 0xf8, 0x0, 0x0, 0x0, 0x0, 0x8f, 0xff,
    0xf0, 0x0, 0xe, 0xff, 0xfb, 0x0, 0x0, 0x0,
    0x0, 0xcf, 0xff, 0xe0, 0x0, 0xb, 0xff, 0xff,
    0x30, 0x0, 0x0, 0x4, 0xff, 0xff, 0xb0, 0x0,
    0x6, 0xff, 0xff, 0xe4, 0x0, 0x0, 0x5e, 0xff,
    0xff, 0x50, 0x0, 0x0, 0xdf, 0xff, 0xff, 0xdb,
    0xbe, 0xff, 0xff, 0xfd, 0x0, 0x0, 0x0, 0x2e,
    0xff, 0xff, 0xff, 0xff, 0xff, 0xff, 0xe1, 0x0,
    0x0, 0x0, 0x2, 0xcf, 0xff, 0xff, 0xff, 0xff,
    0xfc, 0x20, 0x0, 0x0, 0x0, 0x0, 0x6, 0xbf,
    0xff, 0xff, 0xfb, 0x50, 0x0, 0x0, 0x0, 0x0,
    0x0, 0x0, 0x0, 0x24, 0x42, 0x0, 0x0, 0x0,
    0x0, 0x0,

    /* U+1EE9 "ứ" */
    0x0, 0x0, 0x0, 0x0, 0x0, 0x0, 0x0, 0x0,
    0x0, 0x0, 0x0, 0x0, 0x0, 0x7, 0xff, 0xf8,
    0x0, 0x0, 0x0, 0x0, 0x0, 0x0, 0x0, 0xef,
    0xfd, 0x0, 0x0, 0x0, 0x0, 0x0, 0x0, 0x0,
    0x5f, 0xff, 0x30, 0x0, 0x0, 0x0, 0x0, 0x0,
    0x0, 0xc, 0xff, 0x80, 0x0, 0x3f, 0xff, 0x40,
    0x0, 0x0, 0x1, 0x88, 0x80, 0x0, 0x3, 0xff,
    0xf4, 0x0, 0x0, 0x0, 0x0, 0x0, 0x0, 0x0,
    0x3f, 0xff, 0x40, 0x66, 0x66, 0x10, 0x0, 0x0,
    0x36, 0x68, 0xff, 0xf3, 0x2f, 0xff, 0xf4, 0x0,
    0x0, 0x9, 0xff, 0xff, 0xff, 0x2, 0xff, 0xff,
    0x40, 0x0, 0x0, 0x9f, 0xff, 0xff, 0x60, 0x2f,
    0xff, 0xf4, 0x0, 0x0, 0x9, 0xff, 0xfd, 0x10,
    0x2, 0xff, 0xff, 0x40, 0x0, 0x0, 0x9f, 0xff,
    0xd0, 0x0, 0x2f, 0xff, 0xf4, 0x0, 0x0, 0x9,
    0xff, 0xfd, 0x0, 0x2, 0xff, 0xff, 0x40, 0x0,
    0x0, 0x9f, 0xff, 0xd0, 0x0, 0x2f, 0xff, 0xf4,
    0x0, 0x0, 0x9, 0xff, 0xfd, 0x0, 0x2, 0xff,
    0xff, 0x40, 0x0, 0x0, 0x9f, 0xff, 0xd0, 0x0,
    0x2f, 0xff, 0xf4, 0x0, 0x0, 0x9, 0xff, 0xfd,
    0x0, 0x2, 0xff, 0xff, 0x40, 0x0, 0x0, 0xaf,
    0xff, 0xd0, 0x0, 0x1f, 0xff, 0xf7, 0x0, 0x0,
    0xd, 0xff, 0xfd, 0x0, 0x0, 0xff, 0xff, 0xe1,
    0x0, 0x6, 0xff, 0xff, 0xd0, 0x0, 0xb, 0xff,
    0xff, 0xe9, 0x8b, 0xff, 0xff, 0xfd, 0x0, 0x0,
    0x4f, 0xff, 0xff, 0xff, 0xff, 0x8f, 0xff, 0xd0,
    0x0, 0x0, 0x9f, 0xff, 0xff, 0xff, 0x65, 0xff,
    0xfd, 0x0, 0x0, 0x0, 0x6d, 0xff, 0xfd, 0x50,
    0x5f, 0xff, 0xd0, 0x0, 0x0, 0x0, 0x1, 0x21,
    0x0, 0x0, 0x0, 0x0, 0x0, 0x0,

    /* U+1EEA "Ừ" */
    0x0, 0x0, 0x2, 0x77, 0x74, 0x0, 0x0, 0x0,
    0x0, 0x0, 0x0, 0x0, 0x0, 0x0, 0xdf, 0xfe,
    0x0, 0x0, 0x0, 0x0, 0x0, 0x0, 0x0, 0x0,
    0x0, 0x4f, 0xff, 0x60, 0x0, 0x0, 0x0, 0x0,
    0x0, 0x0, 0x0, 0x0, 0x9, 0xff, 0xd0, 0x0,
    0x0, 0x0, 0x0, 0x0, 0x0, 0x0, 0x0, 0x0,
    0xef, 0xf4, 0x0, 0x0, 0x5, 0xee, 0xe7, 0x0,
    0x0, 0x0, 0x0, 0x1, 0x10, 0x0, 0x0, 0x5,
    0xff, 0xf8, 0x0, 0x0, 0x0, 0x0, 0x0, 0x0,
    0x0, 0x0, 0x5, 0xff, 0xf8, 0xd, 0xdd, 0xd6,
    0x0, 0x0, 0x0, 0x0, 0x6d, 0xde, 0xff, 0xf7,
    0xf, 0xff, 0xf7, 0x0, 0x0, 0x0, 0x0, 0x7f,
    0xff, 0xff, 0xf3, 0xf, 0xff, 0xf7, 0x0, 0x0,
    0x0, 0x0, 0x7f, 0xff, 0xfd, 0x50, 0xf, 0xff,
    0xf7, 0x0, 0x0, 0x0, 0x0, 0x7f, 0xff, 0xf0,
    0x0, 0xf, 0xff, 0xf7, 0x0, 0x0, 0x0, 0x0,
    0x7f, 0xff, 0xf0, 0x0, 0xf, 0xff, 0xf7, 0x0,
    0x0, 0x0, 0x0, 0x7f, 0xff, 0xf0, 0x0, 0xf,
    0xff, 0xf7, 0x0, 0x0, 0x0, 0x0, 0x7f, 0xff,
    0xf0, 0x0, 0xf, 0xff, 0xf7, 0x0, 0x0, 0x0,
    0x0, 0x7f, 0xff, 0xf0, 0x0, 0xf, 0xff, 0xf7,
    0x0, 0x0, 0x0, 0x0, 0x7f, 0xff, 0xf0, 0x0,
    0xf, 0xff, 0xf7, 0x0, 0x0, 0x0, 0x0, 0x7f,
    0xff, 0xf0, 0x0, 0xf, 0xff, 0xf7, 0x0, 0x0,
    0x0, 0x0, 0x7f, 0xff, 0xf0, 0x0, 0xf, 0xff,
    0xf7, 0x0, 0x0, 0x0, 0x0, 0x7f, 0xff, 0xf0,
    0x0, 0xf, 0xff, 0xf7, 0x0, 0x0, 0x0, 0x0,
    0x7f, 0xff, 0xf0, 0x0, 0xf, 0xff, 0xf7, 0x0,
    0x0, 0x0, 0x0, 0x7f, 0xff, 0xf0, 0x0, 0xf,
    0xff, 0xf8, 0x0, 0x0, 0x0, 0x0, 0x8f, 0xff,
    0xf0, 0x0, 0xe, 0xff, 0xfb, 0x0, 0x0, 0x0,
    0x0, 0xcf, 0xff, 0xe0, 0x0, 0xb, 0xff, 0xff,
    0x30, 0x0, 0x0, 0x4, 0xff, 0xff, 0xb0, 0x0,
    0x6, 0xff, 0xff, 0xe4, 0x0, 0x0, 0x5e, 0xff,
    0xff, 0x50, 0x0, 0x0, 0xdf, 0xff, 0xff, 0xdb,
    0xbe, 0xff, 0xff, 0xfd, 0x0, 0x0, 0x0, 0x2e,
    0xff, 0xff, 0xff, 0xff, 0xff, 0xff, 0xe1, 0x0,
    0x0, 0x0, 0x2, 0xcf, 0xff, 0xff, 0xff, 0xff,
    0xfc, 0x20, 0x0, 0x0, 0x0, 0x0, 0x6, 0xbf,
    0xff, 0xff, 0xfb, 0x50, 0x0, 0x0, 0x0, 0x0,
    0x0, 0x0, 0x0, 0x24, 0x42, 0x0, 0x0, 0x0,
    0x0, 0x0,

    /* U+1EEB "ừ" */
    0x0, 0x0, 0x0, 0x0, 0x0, 0x0, 0x0, 0x0,
    0x0, 0x0, 0x0, 0xd, 0xff, 0xf2, 0x0, 0x0,
    0x0, 0x0, 0x0, 0x0, 0x0, 0x3f, 0xff, 0x90,
    0x0, 0x0, 0x0, 0x0, 0x0, 0x0, 0x0, 0x8f,
    0xff, 0x0, 0x0, 0x0, 0x0, 0x0, 0x0, 0x0,
    0x0, 0xdf, 0xf7, 0x0, 0x0, 0x3f, 0xff, 0x40,
    0x0, 0x0, 0x2, 0x88, 0x60, 0x0, 0x3, 0xff,
    0xf4, 0x0, 0x0, 0x0, 0x0, 0x0, 0x0, 0x0,
    0x3f, 0xff, 0x40, 0x66, 0x66, 0x10, 0x0, 0x0,
    0x36, 0x68, 0xff, 0xf3, 0x2f, 0xff, 0xf4, 0x0,
    0x0, 0x9, 0xff, 0xff, 0xff, 0x2, 0xff, 0xff,
    0x40, 0x0, 0x0, 0x9f, 0xff, 0xff, 0x60, 0x2f,
    0xff, 0xf4, 0x0, 0x0, 0x9, 0xff, 0xfd, 0x10,
    0x2, 0xff, 0xff, 0x40, 0x0, 0x0, 0x9f, 0xff,
    0xd0, 0x0, 0x2f, 0xff, 0xf4, 0x0, 0x0, 0x9,
    0xff, 0xfd, 0x0, 0x2, 0xff, 0xff, 0x40, 0x0,
    0x0, 0x9f, 0xff, 0xd0, 0x0, 0x2f, 0xff, 0xf4,
    0x0, 0x0, 0x9, 0xff, 0xfd, 0x0, 0x2, 0xff,
    0xff, 0x40, 0x0, 0x0, 0x9f, 0xff, 0xd0, 0x0,
    0x2f, 0xff, 0xf4, 0x0, 0x0, 0x9, 0xff, 0xfd,
    0x0, 0x2, 0xff, 0xff, 0x40, 0x0, 0x0, 0xaf,
    0xff, 0xd0, 0x0, 0x1f, 0xff, 0xf7, 0x0, 0x0,
    0xd, 0xff, 0xfd, 0x0, 0x0, 0xff, 0xff, 0xe1,
    0x0, 0x6, 0xff, 0xff, 0xd0, 0x0, 0xb, 0xff,
    0xff, 0xe9, 0x8b, 0xff, 0xff, 0xfd, 0x0, 0x0,
    0x4f, 0xff, 0xff, 0xff, 0xff, 0x8f, 0xff, 0xd0,
    0x0, 0x0, 0x9f, 0xff, 0xff, 0xff, 0x65, 0xff,
    0xfd, 0x0, 0x0, 0x0, 0x6d, 0xff, 0xfd, 0x50,
    0x5f, 0xff, 0xd0, 0x0, 0x0, 0x0, 0x1, 0x21,
    0x0, 0x0, 0x0, 0x0, 0x0, 0x0,

    /* U+1EEC "Ử" */
    0x0, 0x0, 0x0, 0x6, 0x77, 0x61, 0x0, 0x0,
    0x0, 0x0, 0x0, 0x0, 0x0, 0x0, 0xd, 0xff,
    0xff, 0x30, 0x0, 0x0, 0x0, 0x0, 0x0, 0x0,
    0x0, 0xa, 0xcd, 0xff, 0x80, 0x0, 0x0, 0x0,
    0x0, 0x0, 0x0, 0x0, 0x0, 0x8, 0xff, 0x40,
    0x0, 0x0, 0x0, 0x0, 0x0, 0x0, 0x0, 0x0,
    0x2f, 0xf9, 0x0, 0x0, 0x5, 0xee, 0xe7, 0x0,
    0x0, 0x0, 0x0, 0x1, 0x10, 0x0, 0x0, 0x5,
    0xff, 0xf8, 0x0, 0x0, 0x0, 0x0, 0x0, 0x0,
    0x0, 0x0, 0x5, 0xff, 0xf8, 0xd, 0xdd, 0xd6,
    0x0, 0x0, 0x0, 0x0, 0x6d, 0xde, 0xff, 0xf7,
    0xf, 0xff, 0xf7, 0x0, 0x0, 0x0, 0x0, 0x7f,
    0xff, 0xff, 0xf3, 0xf, 0xff, 0xf7, 0x0, 0x0,
    0x0, 0x0, 0x7f, 0xff, 0xfd, 0x50, 0xf, 0xff,
    0xf7, 0x0, 0x0, 0x0, 0x0, 0x7f, 0xff, 0xf0,
    0x0, 0xf, 0xff, 0xf7, 0x0, 0x0, 0x0, 0x0,
    0x7f, 0xff, 0xf0, 0x0, 0xf, 0xff, 0xf7, 0x0,
    0x0, 0x0, 0x0, 0x7f, 0xff, 0xf0, 0x0, 0xf,
    0xff, 0xf7, 0x0, 0x0, 0x0, 0x0, 0x7f, 0xff,
    0xf0, 0x0, 0xf, 0xff, 0xf7, 0x0, 0x0, 0x0,
    0x0, 0x7f, 0xff, 0xf0, 0x0, 0xf, 0xff, 0xf7,
    0x0, 0x0, 0x0, 0x0, 0x7f, 0xff, 0xf0, 0x0,
    0xf, 0xff, 0xf7, 0x0, 0x0, 0x0, 0x0, 0x7f,
    0xff, 0xf0, 0x0, 0xf, 0xff, 0xf7, 0x0, 0x0,
    0x0, 0x0, 0x7f, 0xff, 0xf0, 0x0, 0xf, 0xff,
    0xf7, 0x0, 0x0, 0x0, 0x0, 0x7f, 0xff, 0xf0,
    0x0, 0xf, 0xff, 0xf7, 0x0, 0x0, 0x0, 0x0,
    0x7f, 0xff, 0xf0, 0x0, 0xf, 0xff, 0xf7, 0x0,
    0x0, 0x0, 0x0, 0x7f, 0xff, 0xf0, 0x0, 0xf,
    0xff, 0xf8, 0x0, 0x0, 0x0, 0x0, 0x8f, 0xff,
    0xf0, 0x0, 0xe, 0xff, 0xfb, 0x0, 0x0, 0x0,
    0x0, 0xcf, 0xff, 0xe0, 0x0, 0xb, 0xff, 0xff,
    0x30, 0x0, 0x0, 0x4, 0xff, 0xff, 0xb0, 0x0,
    0x6, 0xff, 0xff, 0xe4, 0x0, 0x0, 0x5e, 0xff,
    0xff, 0x50, 0x0, 0x0, 0xdf, 0xff, 0xff, 0xdb,
    0xbe, 0xff, 0xff, 0xfd, 0x0, 0x0, 0x0, 0x2e,
    0xff, 0xff, 0xff, 0xff, 0xff, 0xff, 0xe1, 0x0,
    0x0, 0x0, 0x2, 0xcf, 0xff, 0xff, 0xff, 0xff,
    0xfc, 0x20, 0x0, 0x0, 0x0, 0x0, 0x6, 0xbf,
    0xff, 0xff, 0xfb, 0x50, 0x0, 0x0, 0x0, 0x0,
    0x0, 0x0, 0x0, 0x24, 0x42, 0x0, 0x0, 0x0,
    0x0, 0x0,

    /* U+1EED "ử" */
    0x0, 0x0, 0x0, 0x0, 0x0, 0x0, 0x0, 0x0,
    0x0, 0x0, 0x0, 0x0, 0x7f, 0xff, 0xc3, 0x0,
    0x0, 0x0, 0x0, 0x0, 0x0, 0x7, 0xff, 0xff,
    0xd0, 0x0, 0x0, 0x0, 0x0, 0x0, 0x0, 0x13,
    0x4f, 0xfd, 0x0, 0x0, 0x0, 0x0, 0x0, 0x0,
    0x0, 0x7, 0xff, 0x40, 0x0, 0x3f, 0xff, 0x40,
    0x0, 0x0, 0x0, 0x88, 0x60, 0x0, 0x3, 0xff,
    0xf4, 0x0, 0x0, 0x0, 0x0, 0x0, 0x0, 0x0,
    0x3f, 0xff, 0x40, 0x66, 0x66, 0x10, 0x0, 0x0,
    0x36, 0x68, 0xff, 0xf3, 0x2f, 0xff, 0xf4, 0x0,
    0x0, 0x9, 0xff, 0xff, 0xff, 0x2, 0xff, 0xff,
    0x40, 0x0, 0x0, 0x9f, 0xff, 0xff, 0x60, 0x2f,
    0xff, 0xf4, 0x0, 0x0, 0x9, 0xff, 0xfd, 0x10,
    0x2, 0xff, 0xff, 0x40, 0x0, 0x0, 0x9f, 0xff,
    0xd0, 0x0, 0x2f, 0xff, 0xf4, 0x0, 0x0, 0x9,
    0xff, 0xfd, 0x0, 0x2, 0xff, 0xff, 0x40, 0x0,
    0x0, 0x9f, 0xff, 0xd0, 0x0, 0x2f, 0xff, 0xf4,
    0x0, 0x0, 0x9, 0xff, 0xfd, 0x0, 0x2, 0xff,
    0xff, 0x40, 0x0, 0x0, 0x9f, 0xff, 0xd0, 0x0,
    0x2f, 0xff, 0xf4, 0x0, 0x0, 0x9, 0xff, 0xfd,
    0x0, 0x2, 0xff, 0xff, 0x40, 0x0, 0x0, 0xaf,
    0xff, 0xd0, 0x0, 0x1f, 0xff, 0xf7, 0x0, 0x0,
    0xd, 0xff, 0xfd, 0x0, 0x0, 0xff, 0xff, 0xe1,
    0x0, 0x6, 0xff, 0xff, 0xd0, 0x0, 0xb, 0xff,
    0xff, 0xe9, 0x8b, 0xff, 0xff, 0xfd, 0x0, 0x0,
    0x4f, 0xff, 0xff, 0xff, 0xff, 0x8f, 0xff, 0xd0,
    0x0, 0x0, 0x9f, 0xff, 0xff, 0xff, 0x65, 0xff,
    0xfd, 0x0, 0x0, 0x0, 0x6d, 0xff, 0xfd, 0x50,
    0x5f, 0xff, 0xd0, 0x0, 0x0, 0x0, 0x1, 0x21,
    0x0, 0x0, 0x0, 0x0, 0x0, 0x0,

    /* U+1EEE "Ữ" */
    0x0, 0x0, 0x0, 0x2, 0x10, 0x0, 0x1, 0x10,
    0x0, 0x0, 0x0, 0x0, 0x0, 0x1, 0xcf, 0xfc,
    0x30, 0x6f, 0xf0, 0x0, 0x0, 0x0, 0x0, 0x0,
    0x9, 0xff, 0xff, 0xfc, 0xff, 0xc0, 0x0, 0x0,
    0x0, 0x0, 0x0, 0xe, 0xfb, 0x5d, 0xff, 0xff,
    0x40, 0x0, 0x0, 0x0, 0x0, 0x0, 0xb, 0xb4,
    0x0, 0x6a, 0xb5, 0x0, 0x5, 0xee, 0xe7, 0x0,
    0x0, 0x0, 0x0, 0x0, 0x0, 0x0, 0x0, 0x5,
    0xff, 0xf8, 0x0, 0x0, 0x0, 0x0, 0x0, 0x0,
    0x0, 0x0, 0x5, 0xff, 0xf8, 0xd, 0xdd, 0xd6,
    0x0, 0x0, 0x0, 0x0, 0x6d, 0xde, 0xff, 0xf7,
    0xf, 0xff, 0xf7, 0x0, 0x0, 0x0, 0x0, 0x7f,
    0xff, 0xff, 0xf3, 0xf, 0xff, 0xf7, 0x0, 0x0,
    0x0, 0x0, 0x7f, 0xff, 0xfd, 0x50, 0xf, 0xff,
    0xf7, 0x0, 0x0, 0x0, 0x0, 0x7f, 0xff, 0xf0,
    0x0, 0xf, 0xff, 0xf7, 0x0, 0x0, 0x0, 0x0,
    0x7f, 0xff, 0xf0, 0x0, 0xf, 0xff, 0xf7, 0x0,
    0x0, 0x0, 0x0, 0x7f, 0xff, 0xf0, 0x0, 0xf,
    0xff, 0xf7, 0x0, 0x0, 0x0, 0x0, 0x7f, 0xff,
    0xf0, 0x0, 0xf, 0xff, 0xf7, 0x0, 0x0, 0x0,
    0x0, 0x7f, 0xff, 0xf0, 0x0, 0xf, 0xff, 0xf7,
    0x0, 0x0, 0x0, 0x0, 0x7f, 0xff, 0xf0, 0x0,
    0xf, 0xff, 0xf7, 0x0, 0x0, 0x0, 0x0, 0x7f,
    0xff, 0xf0, 0x0, 0xf, 0xff, 0xf7, 0x0, 0x0,
    0x0, 0x0, 0x7f, 0xff, 0xf0, 0x0, 0xf, 0xff,
    0xf7, 0x0, 0x0, 0x0, 0x0, 0x7f, 0xff, 0xf0,
    0x0, 0xf, 0xff, 0xf7, 0x0, 0x0, 0x0, 0x0,
    0x7f, 0xff, 0xf0, 0x0, 0xf, 0xff, 0xf7, 0x0,
    0x0, 0x0, 0x0, 0x7f, 0xff, 0xf0, 0x0, 0xf,
    0xff, 0xf8, 0x0, 0x0, 0x0, 0x0, 0x8f, 0xff,
    0xf0, 0x0, 0xe, 0xff, 0xfb, 0x0, 0x0, 0x0,
    0x0, 0xcf, 0xff, 0xe0, 0x0, 0xb, 0xff, 0xff,
    0x30, 0x0, 0x0, 0x4, 0xff, 0xff, 0xb0, 0x0,
    0x6, 0xff, 0xff, 0xe4, 0x0, 0x0, 0x5e, 0xff,
    0xff, 0x50, 0x0, 0x0, 0xdf, 0xff, 0xff, 0xdb,
    0xbe, 0xff, 0xff, 0xfd, 0x0, 0x0, 0x0, 0x2e,
    0xff, 0xff, 0xff, 0xff, 0xff, 0xff, 0xe1, 0x0,
    0x0, 0x0, 0x2, 0xcf, 0xff, 0xff, 0xff, 0xff,
    0xfc, 0x20, 0x0, 0x0, 0x0, 0x0, 0x6, 0xbf,
    0xff, 0xff, 0xfb, 0x50, 0x0, 0x0, 0x0, 0x0,
    0x0, 0x0, 0x0, 0x24, 0x42, 0x0, 0x0, 0x0,
    0x0, 0x0,

    /* U+1EEF "ữ" */
    0x0, 0x0, 0x29, 0xb7, 0x10, 0xa, 0xa4, 0x0,
    0x0, 0x0, 0x0, 0xe, 0xff, 0xfe, 0x67, 0xff,
    0x40, 0x0, 0x0, 0x0, 0x7, 0xff, 0xcf, 0xff,
    0xff, 0xe0, 0x0, 0x0, 0x0, 0x0, 0xaf, 0xd0,
    0x1a, 0xff, 0xe4, 0x3, 0xff, 0xf4, 0x0, 0x1,
    0x21, 0x0, 0x1, 0x30, 0x0, 0x3f, 0xff, 0x40,
    0x0, 0x0, 0x0, 0x0, 0x0, 0x0, 0x3, 0xff,
    0xf4, 0x6, 0x66, 0x61, 0x0, 0x0, 0x3, 0x66,
    0x8f, 0xff, 0x32, 0xff, 0xff, 0x40, 0x0, 0x0,
    0x9f, 0xff, 0xff, 0xf0, 0x2f, 0xff, 0xf4, 0x0,
    0x0, 0x9, 0xff, 0xff, 0xf6, 0x2, 0xff, 0xff,
    0x40, 0x0, 0x0, 0x9f, 0xff, 0xd1, 0x0, 0x2f,
    0xff, 0xf4, 0x0, 0x0, 0x9, 0xff, 0xfd, 0x0,
    0x2, 0xff, 0xff, 0x40, 0x0, 0x0, 0x9f, 0xff,
    0xd0, 0x0, 0x2f, 0xff, 0xf4, 0x0, 0x0, 0x9,
    0xff, 0xfd, 0x0, 0x2, 0xff, 0xff, 0x40, 0x0,
    0x0, 0x9f, 0xff, 0xd0, 0x0, 0x2f, 0xff, 0xf4,
    0x0, 0x0, 0x9, 0xff, 0xfd, 0x0, 0x2, 0xff,
    0xff, 0x40, 0x0, 0x0, 0x9f, 0xff, 0xd0, 0x0,
    0x2f, 0xff, 0xf4, 0x0, 0x0, 0xa, 0xff, 0xfd,
    0x0, 0x1, 0xff, 0xff, 0x70, 0x0, 0x0, 0xdf,
    0xff, 0xd0, 0x0, 0xf, 0xff, 0xfe, 0x10, 0x0,
    0x6f, 0xff, 0xfd, 0x0, 0x0, 0xbf, 0xff, 0xfe,
    0x98, 0xbf, 0xff, 0xff, 0xd0, 0x0, 0x4, 0xff,
    0xff, 0xff, 0xff, 0xf8, 0xff, 0xfd, 0x0, 0x0,
    0x9, 0xff, 0xff, 0xff, 0xf6, 0x5f, 0xff, 0xd0,
    0x0, 0x0, 0x6, 0xdf, 0xff, 0xd5, 0x5, 0xff,
    0xfd, 0x0, 0x0, 0x0, 0x0, 0x12, 0x10, 0x0,
    0x0, 0x0, 0x0, 0x0,

    /* U+1EF0 "Ự" */
    0x0, 0x0, 0x0, 0x0, 0x0, 0x0, 0x0, 0x0,
    0x5, 0xee, 0xe7, 0x0, 0x0, 0x0, 0x0, 0x0,
    0x0, 0x0, 0x0, 0x5, 0xff, 0xf8, 0x0, 0x0,
    0x0, 0x0, 0x0, 0x0, 0x0, 0x0, 0x5, 0xff,
    0xf8, 0xd, 0xdd, 0xd6, 0x0, 0x0, 0x0, 0x0,
    0x6d, 0xde, 0xff, 0xf7, 0xf, 0xff, 0xf7, 0x0,
    0x0, 0x0, 0x0, 0x7f, 0xff, 0xff, 0xf3, 0xf,
    0xff, 0xf7, 0x0, 0x0, 0x0, 0x0, 0x7f, 0xff,
    0xfd, 0x50, 0xf, 0xff, 0xf7, 0x0, 0x0, 0x0,
    0x0, 0x7f, 0xff, 0xf0, 0x0, 0xf, 0xff, 0xf7,
    0x0, 0x0, 0x0, 0x0, 0x7f, 0xff, 0xf0, 0x0,
    0xf, 0xff, 0xf7, 0x0, 0x0, 0x0, 0x0, 0x7f,
    0xff, 0xf0, 0x0, 0xf, 0xff, 0xf7, 0x0, 0x0,
    0x0, 0x0, 0x7f, 0xff, 0xf0, 0x0, 0xf, 0xff,
    0xf7, 0x0, 0x0, 0x0, 0x0, 0x7f, 0xff, 0xf0,
    0x0, 0xf, 0xff, 0xf7, 0x0, 0x0, 0x0, 0x0,
    0x7f, 0xff, 0xf0, 0x0, 0xf, 0xff, 0xf7, 0x0,
    0x0, 0x0, 0x0, 0x7f, 0xff, 0xf0, 0x0, 0xf,
    0xff, 0xf7, 0x0, 0x0, 0x0, 0x0, 0x7f, 0xff,
    0xf0, 0x0, 0xf, 0xff, 0xf7, 0x0, 0x0, 0x0,
    0x0, 0x7f, 0xff, 0xf0, 0x0, 0xf, 0xff, 0xf7,
    0x0, 0x0, 0x0, 0x0, 0x7f, 0xff, 0xf0, 0x0,
    0xf, 0xff, 0xf7, 0x0, 0x0, 0x0, 0x0, 0x7f,
    0xff, 0xf0, 0x0, 0xf, 0xff, 0xf8, 0x0, 0x0,
    0x0, 0x0, 0x8f, 0xff, 0xf0, 0x0, 0xe, 0xff,
    0xfb, 0x0, 0x0, 0x0, 0x0, 0xcf, 0xff, 0xe0,
    0x0, 0xb, 0xff, 0xff, 0x30, 0x0, 0x0, 0x4,
    0xff, 0xff, 0xb0, 0x0, 0x6, 0xff, 0xff, 0xe4,
    0x0, 0x0, 0x5e, 0xff, 0xff, 0x50, 0x0, 0x0,
    0xdf, 0xff, 0xff, 0xdb, 0xbe, 0xff, 0xff, 0xfd,
    0x0, 0x0, 0x0, 0x2e, 0xff, 0xff, 0xff, 0xff,
    0xff, 0xff, 0xe1, 0x0, 0x0, 0x0, 0x2, 0xcf,
    0xff, 0xff, 0xff, 0xff, 0xfc, 0x20, 0x0, 0x0,
    0x0, 0x0, 0x6, 0xbf, 0xff, 0xff, 0xfb, 0x50,
    0x0, 0x0, 0x0, 0x0, 0x0, 0x0, 0x0, 0x24,
    0x42, 0x0, 0x0, 0x0, 0x0, 0x0, 0x0, 0x0,
    0x0, 0x0, 0x0, 0x0, 0x0, 0x0, 0x0, 0x0,
    0x0, 0x0, 0x0, 0x0, 0x0, 0x5c, 0xc5, 0x0,
    0x0, 0x0, 0x0, 0x0, 0x0, 0x0, 0x0, 0x2,
    0xff, 0xff, 0x20, 0x0, 0x0, 0x0, 0x0, 0x0,
    0x0, 0x0, 0x5, 0xff, 0xff, 0x50, 0x0, 0x0,
    0x0, 0x0, 0x0, 0x0, 0x0, 0x1, 0xff, 0xff,
    0x10, 0x0, 0x0, 0x0, 0x0, 0x0, 0x0, 0x0,
    0x0, 0x29, 0x92, 0x0, 0x0, 0x0, 0x0, 0x0,

    /* U+1EF1 "ự" */
    0x0, 0x0, 0x0, 0x0, 0x0, 0x0, 0x0, 0x0,
    0x0, 0x0, 0x0, 0x0, 0x0, 0x0, 0x0, 0x0,
    0x3, 0xff, 0xf4, 0x0, 0x0, 0x0, 0x0, 0x0,
    0x0, 0x0, 0x3f, 0xff, 0x40, 0x0, 0x0, 0x0,
    0x0, 0x0, 0x0, 0x3, 0xff, 0xf4, 0x6, 0x66,
    0x61, 0x0, 0x0, 0x3, 0x66, 0x8f, 0xff, 0x32,
    0xff, 0xff, 0x40, 0x0, 0x0, 0x9f, 0xff, 0xff,
    0xf0, 0x2f, 0xff, 0xf4, 0x0, 0x0, 0x9, 0xff,
    0xff, 0xf6, 0x2, 0xff, 0xff, 0x40, 0x0, 0x0,
    0x9f, 0xff, 0xd1, 0x0, 0x2f, 0xff, 0xf4, 0x0,
    0x0, 0x9, 0xff, 0xfd, 0x0, 0x2, 0xff, 0xff,
    0x40, 0x0, 0x0, 0x9f, 0xff, 0xd0, 0x0, 0x2f,
    0xff, 0xf4, 0x0, 0x0, 0x9, 0xff, 0xfd, 0x0,
    0x2, 0xff, 0xff, 0x40, 0x0, 0x0, 0x9f, 0xff,
    0xd0, 0x0, 0x2f, 0xff, 0xf4, 0x0, 0x0, 0x9,
    0xff, 0xfd, 0x0, 0x2, 0xff, 0xff, 0x40, 0x0,
    0x0, 0x9f, 0xff, 0xd0, 0x0, 0x2f, 0xff, 0xf4,
    0x0, 0x0, 0xa, 0xff, 0xfd, 0x0, 0x1, 0xff,
    0xff, 0x70, 0x0, 0x0, 0xdf, 0xff, 0xd0, 0x0,
    0xf, 0xff, 0xfe, 0x10, 0x0, 0x6f, 0xff, 0xfd,
    0x0, 0x0, 0xbf, 0xff, 0xfe, 0x98, 0xbf, 0xff,
    0xff, 0xd0, 0x0, 0x4, 0xff, 0xff, 0xff, 0xff,
    0xf8, 0xff, 0xfd, 0x0, 0x0, 0x9, 0xff, 0xff,
    0xff, 0xf6, 0x5f, 0xff, 0xd0, 0x0, 0x0, 0x6,
    0xdf, 0xff, 0xd5, 0x5, 0xff, 0xfd, 0x0, 0x0,
    0x0, 0x0, 0x12, 0x10, 0x0, 0x0, 0x0, 0x0,
    0x0, 0x0, 0x0, 0x0, 0x0, 0x0, 0x0, 0x0,
    0x0, 0x0, 0x0, 0x0, 0x0, 0x1, 0x9d, 0x91,
    0x0, 0x0, 0x0, 0x0, 0x0, 0x0, 0x0, 0xaf,
    0xff, 0xa0, 0x0, 0x0, 0x0, 0x0, 0x0, 0x0,
    0xd, 0xff, 0xfd, 0x0, 0x0, 0x0, 0x0, 0x0,
    0x0, 0x0, 0x8f, 0xff, 0x80, 0x0, 0x0, 0x0,
    0x0, 0x0, 0x0, 0x0, 0x69, 0x60, 0x0, 0x0,
    0x0, 0x0,

    /* U+1EF2 "Ỳ" */
    0x0, 0x0, 0x0, 0x37, 0x77, 0x40, 0x0, 0x0,
    0x0, 0x0, 0x0, 0x0, 0x0, 0x0, 0xd, 0xff,
    0xe0, 0x0, 0x0, 0x0, 0x0, 0x0, 0x0, 0x0,
    0x0, 0x4, 0xff, 0xf6, 0x0, 0x0, 0x0, 0x0,
    0x0, 0x0, 0x0, 0x0, 0x0, 0x9f, 0xfd, 0x0,
    0x0, 0x0, 0x0, 0x0, 0x0, 0x0, 0x0, 0x0,
    0xe, 0xff, 0x40, 0x0, 0x0, 0x0, 0x0, 0x0,
    0x0, 0x0, 0x0, 0x0, 0x11, 0x0, 0x0, 0x0,
    0x0, 0x0, 0x0, 0x0, 0x0, 0x0, 0x0, 0x0,
    0x0, 0x0, 0x0, 0x0, 0x0, 0x1c, 0xdd, 0xdd,
    0x20, 0x0, 0x0, 0x0, 0x2, 0xdd, 0xdd, 0xc0,
    0x7, 0xff, 0xff, 0xa0, 0x0, 0x0, 0x0, 0xb,
    0xff, 0xff, 0x70, 0x0, 0xdf, 0xff, 0xf3, 0x0,
    0x0, 0x0, 0x3f, 0xff, 0xfd, 0x0, 0x0, 0x4f,
    0xff, 0xfc, 0x0, 0x0, 0x0, 0xcf, 0xff, 0xf4,
    0x0, 0x0, 0xb, 0xff, 0xff, 0x40, 0x0, 0x4,
    0xff, 0xff, 0xa0, 0x0, 0x0, 0x2, 0xff, 0xff,
    0xd0, 0x0, 0xc, 0xff, 0xff, 0x20, 0x0, 0x0,
    0x0, 0x8f, 0xff, 0xf6, 0x0, 0x5f, 0xff, 0xf8,
    0x0, 0x0, 0x0, 0x0, 0xe, 0xff, 0xfe, 0x0,
    0xdf, 0xff, 0xe0, 0x0, 0x0, 0x0, 0x0, 0x5,
    0xff, 0xff, 0x65, 0xff, 0xff, 0x50, 0x0, 0x0,
    0x0, 0x0, 0x0, 0xcf, 0xff, 0xdb, 0xff, 0xfc,
    0x0, 0x0, 0x0, 0x0, 0x0, 0x0, 0x2f, 0xff,
    0xff, 0xff, 0xf3, 0x0, 0x0, 0x0, 0x0, 0x0,
    0x0, 0x9, 0xff, 0xff, 0xff, 0x90, 0x0, 0x0,
    0x0, 0x0, 0x0, 0x0, 0x0, 0xef, 0xff, 0xfe,
    0x10, 0x0, 0x0, 0x0, 0x0, 0x0, 0x0, 0x0,
    0x6f, 0xff, 0xf6, 0x0, 0x0, 0x0, 0x0, 0x0,
    0x0, 0x0, 0x0, 0x3f, 0xff, 0xf4, 0x0, 0x0,
    0x0, 0x0, 0x0, 0x0, 0x0, 0x0, 0x3f, 0xff,
    0xf4, 0x0, 0x0, 0x0, 0x0, 0x0, 0x0, 0x0,
    0x0, 0x3f, 0xff, 0xf4, 0x0, 0x0, 0x0, 0x0,
    0x0, 0x0, 0x0, 0x0, 0x3f, 0xff, 0xf4, 0x0,
    0x0, 0x0, 0x0, 0x0, 0x0, 0x0, 0x0, 0x3f,
    0xff, 0xf4, 0x0, 0x0, 0x0, 0x0, 0x0, 0x0,
    0x0, 0x0, 0x3f, 0xff, 0xf4, 0x0, 0x0, 0x0,
    0x0, 0x0, 0x0, 0x0, 0x0, 0x3f, 0xff, 0xf4,
    0x0, 0x0, 0x0, 0x0, 0x0, 0x0, 0x0, 0x0,
    0x3f, 0xff, 0xf4, 0x0, 0x0, 0x0, 0x0,

    /* U+1EF3 "ỳ" */
    0x0, 0x0, 0x0, 0x0, 0x0, 0x0, 0x0, 0x0,
    0x0, 0x0, 0x0, 0x2f, 0xff, 0xd0, 0x0, 0x0,
    0x0, 0x0, 0x0, 0x0, 0x7, 0xff, 0xf4, 0x0,
    0x0, 0x0, 0x0, 0x0, 0x0, 0x0, 0xcf, 0xfb,
    0x0, 0x0, 0x0, 0x0, 0x0, 0x0, 0x0, 0x2f,
    0xff, 0x20, 0x0, 0x0, 0x0, 0x0, 0x0, 0x0,
    0x5, 0x88, 0x40, 0x0, 0x0, 0x0, 0x0, 0x0,
    0x0, 0x0, 0x0, 0x0, 0x0, 0x0, 0x0, 0x26,
    0x66, 0x61, 0x0, 0x0, 0x0, 0x6, 0x66, 0x63,
    0x3f, 0xff, 0xf6, 0x0, 0x0, 0x0, 0x5f, 0xff,
    0xf4, 0xd, 0xff, 0xfb, 0x0, 0x0, 0x0, 0xaf,
    0xff, 0xe0, 0x7, 0xff, 0xff, 0x10, 0x0, 0x0,
    0xff, 0xff, 0x80, 0x1, 0xff, 0xff, 0x60, 0x0,
    0x5, 0xff, 0xff, 0x20, 0x0, 0xbf, 0xff, 0xb0,
    0x0, 0xa, 0xff, 0xfb, 0x0, 0x0, 0x5f, 0xff,
    0xf0, 0x0, 0xf, 0xff, 0xf5, 0x0, 0x0, 0xf,
    0xff, 0xf5, 0x0, 0x5f, 0xff, 0xf0, 0x0, 0x0,
    0x9, 0xff, 0xfa, 0x0, 0xaf, 0xff, 0x90, 0x0,
    0x0, 0x3, 0xff, 0xff, 0x0, 0xff, 0xff, 0x30,
    0x0, 0x0, 0x0, 0xdf, 0xff, 0x34, 0xff, 0xfd,
    0x0, 0x0, 0x0, 0x0, 0x7f, 0xff, 0x79, 0xff,
    0xf7, 0x0, 0x0, 0x0, 0x0, 0x1f, 0xff, 0xbd,
    0xff, 0xf1, 0x0, 0x0, 0x0, 0x0, 0xb, 0xff,
    0xff, 0xff, 0xb0, 0x0, 0x0, 0x0, 0x0, 0x5,
    0xff, 0xff, 0xff, 0x50, 0x0, 0x0, 0x0, 0x0,
    0x0, 0xff, 0xff, 0xfe, 0x0, 0x0, 0x0, 0x0,
    0x0, 0x0, 0x9f, 0xff, 0xf9, 0x0, 0x0, 0x0,
    0x0, 0x0, 0x0, 0x7f, 0xff, 0xf2, 0x0, 0x0,
    0x0, 0x0, 0x0, 0x0, 0xaf, 0xff, 0xc0, 0x0,
    0x0, 0x0, 0x0, 0x25, 0x37, 0xff, 0xff, 0x60,
    0x0, 0x0, 0x0, 0x0, 0x8f, 0xff, 0xff, 0xfd,
    0x0, 0x0, 0x0, 0x0, 0x0, 0xdf, 0xff, 0xff,
    0xe2, 0x0, 0x0, 0x0, 0x0, 0x1, 0xff, 0xff,
    0xfa, 0x10, 0x0, 0x0, 0x0, 0x0, 0x0, 0x2,
    0x32, 0x0, 0x0, 0x0, 0x0, 0x0, 0x0,

    /* U+1EF4 "Ỵ" */
    0x1c, 0xdd, 0xdd, 0x20, 0x0, 0x0, 0x0, 0x2,
    0xdd, 0xdd, 0xc0, 0x7, 0xff, 0xff, 0xa0, 0x0,
    0x0, 0x0, 0xb, 0xff, 0xff, 0x70, 0x0, 0xdf,
    0xff, 0xf3, 0x0, 0x0, 0x0, 0x3f, 0xff, 0xfd,
    0x0, 0x0, 0x4f, 0xff, 0xfc, 0x0, 0x0, 0x0,
    0xcf, 0xff, 0xf4, 0x0, 0x0, 0xb, 0xff, 0xff,
    0x40, 0x0, 0x4, 0xff, 0xff, 0xa0, 0x0, 0x0,
    0x2, 0xff, 0xff, 0xd0, 0x0, 0xc, 0xff, 0xff,
    0x20, 0x0, 0x0, 0x0, 0x8f, 0xff, 0xf6, 0x0,
    0x5f, 0xff, 0xf8, 0x0, 0x0, 0x0, 0x0, 0xe,
    0xff, 0xfe, 0x0, 0xdf, 0xff, 0xe0, 0x0, 0x0,
    0x0, 0x0, 0x5, 0xff, 0xff, 0x65, 0xff, 0xff,
    0x50, 0x0, 0x0, 0x0, 0x0, 0x0, 0xcf, 0xff,
    0xdb, 0xff, 0xfc, 0x0, 0x0, 0x0, 0x0, 0x0,
    0x0, 0x2f, 0xff, 0xff, 0xff, 0xf3, 0x0, 0x0,
    0x0, 0x0, 0x0, 0x0, 0x9, 0xff, 0xff, 0xff,
    0x90, 0x0, 0x0, 0x0, 0x0, 0x0, 0x0, 0x0,
    0xef, 0xff, 0xfe, 0x10, 0x0, 0x0, 0x0, 0x0,
    0x0, 0x0, 0x0, 0x6f, 0xff, 0xf6, 0x0, 0x0,
    0x0, 0x0, 0x0, 0x0, 0x0, 0x0, 0x3f, 0xff,
    0xf4, 0x0, 0x0, 0x0, 0x0, 0x0, 0x0, 0x0,
    0x0, 0x3f, 0xff, 0xf4, 0x0, 0x0, 0x0, 0x0,
    0x0, 0x0, 0x0, 0x0, 0x3f, 0xff, 0xf4, 0x0,
    0x0, 0x0, 0x0, 0x0, 0x0, 0x0, 0x0, 0x3f,
    0xff, 0xf4, 0x0, 0x0, 0x0, 0x0, 0x0, 0x0,
    0x0, 0x0, 0x3f, 0xff, 0xf4, 0x0, 0x0, 0x0,
    0x0, 0x0, 0x0, 0x0, 0x0, 0x3f, 0xff, 0xf4,
    0x0, 0x0, 0x0, 0x0, 0x0, 0x0, 0x0, 0x0,
    0x3f, 0xff, 0xf4, 0x0, 0x0, 0x0, 0x0, 0x0,
    0x0, 0x0, 0x0, 0x3f, 0xff, 0xf4, 0x0, 0x0,
    0x0, 0x0, 0x0, 0x0, 0x0, 0x0, 0x0, 0x0,
    0x0, 0x0, 0x0, 0x0, 0x0, 0x0, 0x0, 0x0,
    0x0, 0x0, 0x0, 0x0, 0x0, 0x0, 0x0, 0x0,
    0x0, 0x0, 0x0, 0x0, 0x4, 0xcc, 0x50, 0x0,
    0x0, 0x0, 0x0, 0x0, 0x0, 0x0, 0x0, 0x2f,
    0xff, 0xf3, 0x0, 0x0, 0x0, 0x0, 0x0, 0x0,
    0x0, 0x0, 0x5f, 0xff, 0xf6, 0x0, 0x0, 0x0,
    0x0, 0x0, 0x0, 0x0, 0x0, 0x1e, 0xff, 0xf2,
    0x0, 0x0, 0x0, 0x0, 0x0, 0x0, 0x0, 0x0,
    0x2, 0x89, 0x20, 0x0, 0x0, 0x0, 0x0,

    /* U+1EF5 "ỵ" */
    0x26, 0x66, 0x61, 0x0, 0x0, 0x0, 0x6, 0x66,
    0x63, 0x3f, 0xff, 0xf6, 0x0, 0x0, 0x0, 0x5f,
    0xff, 0xf4, 0xd, 0xff, 0xfb, 0x0, 0x0, 0x0,
    0xaf, 0xff, 0xe0, 0x7, 0xff, 0xff, 0x10, 0x0,
    0x0, 0xff, 0xff, 0x80, 0x1, 0xff, 0xff, 0x60,
    0x0, 0x5, 0xff, 0xff, 0x20, 0x0, 0xbf, 0xff,
    0xb0, 0x0, 0xa, 0xff, 0xfb, 0x0, 0x0, 0x5f,
    0xff, 0xf0, 0x0, 0xf, 0xff, 0xf5, 0x0, 0x0,
    0xf, 0xff, 0xf5, 0x0, 0x5f, 0xff, 0xf0, 0x0,
    0x0, 0x9, 0xff, 0xfa, 0x0, 0xaf, 0xff, 0x90,
    0x0, 0x0, 0x3, 0xff, 0xff, 0x0, 0xff, 0xff,
    0x30, 0x0, 0x0, 0x0, 0xdf, 0xff, 0x34, 0xff,
    0xfd, 0x0, 0x0, 0x0, 0x0, 0x7f, 0xff, 0x79,
    0xff, 0xf7, 0x0, 0x0, 0x0, 0x0, 0x1f, 0xff,
    0xbd, 0xff, 0xf1, 0x0, 0x0, 0x0, 0x0, 0xb,
    0xff, 0xff, 0xff, 0xb0, 0x0, 0x0, 0x0, 0x0,
    0x5, 0xff, 0xff, 0xff, 0x50, 0x0, 0x0, 0x0,
    0x0, 0x0, 0xff, 0xff, 0xfe, 0x0, 0x0, 0x0,
    0x0, 0x0, 0x0, 0x9f, 0xff, 0xf9, 0x0, 0x0,
    0x0, 0x0, 0x0, 0x0, 0x7f, 0xff, 0xf2, 0x0,
    0x0, 0x0, 0x0, 0x0, 0x0, 0xaf, 0xff, 0xc0,
    0x0, 0x0, 0x0, 0x0, 0x25, 0x37, 0xff, 0xff,
    0x60, 0x5c, 0xc4, 0x0, 0x0, 0x8f, 0xff, 0xff,
    0xfd, 0x2, 0xff, 0xff, 0x20, 0x0, 0xdf, 0xff,
    0xff, 0xe2, 0x5, 0xff, 0xff, 0x50, 0x1, 0xff,
    0xff, 0xfa, 0x10, 0x1, 0xff, 0xfe, 0x10, 0x0,
    0x2, 0x32, 0x0, 0x0, 0x0, 0x29, 0x82, 0x0,

    /* U+1EF6 "Ỷ" */
    0x0, 0x0, 0x0, 0x0, 0x67, 0x75, 0x10, 0x0,
    0x0, 0x0, 0x0, 0x0, 0x0, 0x0, 0x0, 0xdf,
    0xff, 0xf3, 0x0, 0x0, 0x0, 0x0, 0x0, 0x0,
    0x0, 0x0, 0xac, 0xdf, 0xf8, 0x0, 0x0, 0x0,
    0x0, 0x0, 0x0, 0x0, 0x0, 0x0, 0x9f, 0xf4,
    0x0, 0x0, 0x0, 0x0, 0x0, 0x0, 0x0, 0x0,
    0x2, 0xff, 0x90, 0x0, 0x0, 0x0, 0x0, 0x0,
    0x0, 0x0, 0x0, 0x0, 0x11, 0x0, 0x0, 0x0,
    0x0, 0x0, 0x0, 0x0, 0x0, 0x0, 0x0, 0x0,
    0x0, 0x0, 0x0, 0x0, 0x0, 0x1c, 0xdd, 0xdd,
    0x20, 0x0, 0x0, 0x0, 0x2, 0xdd, 0xdd, 0xc0,
    0x7, 0xff, 0xff, 0xa0, 0x0, 0x0, 0x0, 0xb,
    0xff, 0xff, 0x70, 0x0, 0xdf, 0xff, 0xf3, 0x0,
    0x0, 0x0, 0x3f, 0xff, 0xfd, 0x0, 0x0, 0x4f,
    0xff, 0xfc, 0x0, 0x0, 0x0, 0xcf, 0xff, 0xf4,
    0x0, 0x0, 0xb, 0xff, 0xff, 0x40, 0x0, 0x4,
    0xff, 0xff, 0xa0, 0x0, 0x0, 0x2, 0xff, 0xff,
    0xd0, 0x0, 0xc, 0xff, 0xff, 0x20, 0x0, 0x0,
    0x0, 0x8f, 0xff, 0xf6, 0x0, 0x5f, 0xff, 0xf8,
    0x0, 0x0, 0x0, 0x0, 0xe, 0xff, 0xfe, 0x0,
    0xdf, 0xff, 0xe0, 0x0, 0x0, 0x0, 0x0, 0x5,
    0xff, 0xff, 0x65, 0xff, 0xff, 0x50, 0x0, 0x0,
    0x0, 0x0, 0x0, 0xcf, 0xff, 0xdb, 0xff, 0xfc,
    0x0, 0x0, 0x0, 0x0, 0x0, 0x0, 0x2f, 0xff,
    0xff, 0xff, 0xf3, 0x0, 0x0, 0x0, 0x0, 0x0,
    0x0, 0x9, 0xff, 0xff, 0xff, 0x90, 0x0, 0x0,
    0x0, 0x0, 0x0, 0x0, 0x0, 0xef, 0xff, 0xfe,
    0x10, 0x0, 0x0, 0x0, 0x0, 0x0, 0x0, 0x0,
    0x6f, 0xff, 0xf6, 0x0, 0x0, 0x0, 0x0, 0x0,
    0x0, 0x0, 0x0, 0x3f, 0xff, 0xf4, 0x0, 0x0,
    0x0, 0x0, 0x0, 0x0, 0x0, 0x0, 0x3f, 0xff,
    0xf4, 0x0, 0x0, 0x0, 0x0, 0x0, 0x0, 0x0,
    0x0, 0x3f, 0xff, 0xf4, 0x0, 0x0, 0x0, 0x0,
    0x0, 0x0, 0x0, 0x0, 0x3f, 0xff, 0xf4, 0x0,
    0x0, 0x0, 0x0, 0x0, 0x0, 0x0, 0x0, 0x3f,
    0xff, 0xf4, 0x0, 0x0, 0x0, 0x0, 0x0, 0x0,
    0x0, 0x0, 0x3f, 0xff, 0xf4, 0x0, 0x0, 0x0,
    0x0, 0x0, 0x0, 0x0, 0x0, 0x3f, 0xff, 0xf4,
    0x0, 0x0, 0x0, 0x0, 0x0, 0x0, 0x0, 0x0,
    0x3f, 0xff, 0xf4, 0x0, 0x0, 0x0, 0x0,

    /* U+1EF7 "ỷ" */
    0x0, 0x0, 0x0, 0x0, 0x0, 0x0, 0x0, 0x0,
    0x0, 0x0, 0x0, 0x0, 0xcf, 0xfe, 0xa1, 0x0,
    0x0, 0x0, 0x0, 0x0, 0x0, 0xcf, 0xff, 0xf9,
    0x0, 0x0, 0x0, 0x0, 0x0, 0x0, 0x23, 0x7f,
    0xf8, 0x0, 0x0, 0x0, 0x0, 0x0, 0x0, 0x0,
    0xcf, 0xe1, 0x0, 0x0, 0x0, 0x0, 0x0, 0x0,
    0x1, 0x88, 0x30, 0x0, 0x0, 0x0, 0x0, 0x0,
    0x0, 0x0, 0x0, 0x0, 0x0, 0x0, 0x0, 0x26,
    0x66, 0x61, 0x0, 0x0, 0x0, 0x6, 0x66, 0x63,
    0x3f, 0xff, 0xf6, 0x0, 0x0, 0x0, 0x5f, 0xff,
    0xf4, 0xd, 0xff, 0xfb, 0x0, 0x0, 0x0, 0xaf,
    0xff, 0xe0, 0x7, 0xff, 0xff, 0x10, 0x0, 0x0,
    0xff, 0xff, 0x80, 0x1, 0xff, 0xff, 0x60, 0x0,
    0x5, 0xff, 0xff, 0x20, 0x0, 0xbf, 0xff, 0xb0,
    0x0, 0xa, 0xff, 0xfb, 0x0, 0x0, 0x5f, 0xff,
    0xf0, 0x0, 0xf, 0xff, 0xf5, 0x0, 0x0, 0xf,
    0xff, 0xf5, 0x0, 0x5f, 0xff, 0xf0, 0x0, 0x0,
    0x9, 0xff, 0xfa, 0x0, 0xaf, 0xff, 0x90, 0x0,
    0x0, 0x3, 0xff, 0xff, 0x0, 0xff, 0xff, 0x30,
    0x0, 0x0, 0x0, 0xdf, 0xff, 0x34, 0xff, 0xfd,
    0x0, 0x0, 0x0, 0x0, 0x7f, 0xff, 0x79, 0xff,
    0xf7, 0x0, 0x0, 0x0, 0x0, 0x1f, 0xff, 0xbd,
    0xff, 0xf1, 0x0, 0x0, 0x0, 0x0, 0xb, 0xff,
    0xff, 0xff, 0xb0, 0x0, 0x0, 0x0, 0x0, 0x5,
    0xff, 0xff, 0xff, 0x50, 0x0, 0x0, 0x0, 0x0,
    0x0, 0xff, 0xff, 0xfe, 0x0, 0x0, 0x0, 0x0,
    0x0, 0x0, 0x9f, 0xff, 0xf9, 0x0, 0x0, 0x0,
    0x0, 0x0, 0x0, 0x7f, 0xff, 0xf2, 0x0, 0x0,
    0x0, 0x0, 0x0, 0x0, 0xaf, 0xff, 0xc0, 0x0,
    0x0, 0x0, 0x0, 0x25, 0x37, 0xff, 0xff, 0x60,
    0x0, 0x0, 0x0, 0x0, 0x8f, 0xff, 0xff, 0xfd,
    0x0, 0x0, 0x0, 0x0, 0x0, 0xdf, 0xff, 0xff,
    0xe2, 0x0, 0x0, 0x0, 0x0, 0x1, 0xff, 0xff,
    0xfa, 0x10, 0x0, 0x0, 0x0, 0x0, 0x0, 0x2,
    0x32, 0x0, 0x0, 0x0, 0x0, 0x0, 0x0,

    /* U+1EF8 "Ỹ" */
    0x0, 0x0, 0x0, 0x0, 0x21, 0x0, 0x0, 0x11,
    0x0, 0x0, 0x0, 0x0, 0x0, 0x0, 0x1c, 0xff,
    0xc3, 0x7, 0xff, 0x0, 0x0, 0x0, 0x0, 0x0,
    0x0, 0x9f, 0xff, 0xff, 0xcf, 0xfc, 0x0, 0x0,
    0x0, 0x0, 0x0, 0x0, 0xff, 0xb5, 0xdf, 0xff,
    0xf4, 0x0, 0x0, 0x0, 0x0, 0x0, 0x0, 0xbb,
    0x40, 0x6, 0xab, 0x50, 0x0, 0x0, 0x0, 0x0,
    0x0, 0x0, 0x0, 0x0, 0x0, 0x0, 0x0, 0x0,
    0x0, 0x0, 0x0, 0x0, 0x0, 0x0, 0x0, 0x0,
    0x0, 0x0, 0x0, 0x0, 0x0, 0x1c, 0xdd, 0xdd,
    0x20, 0x0, 0x0, 0x0, 0x2, 0xdd, 0xdd, 0xc0,
    0x7, 0xff, 0xff, 0xa0, 0x0, 0x0, 0x0, 0xb,
    0xff, 0xff, 0x70, 0x0, 0xdf, 0xff, 0xf3, 0x0,
    0x0, 0x0, 0x3f, 0xff, 0xfd, 0x0, 0x0, 0x4f,
    0xff, 0xfc, 0x0, 0x0, 0x0, 0xcf, 0xff, 0xf4,
    0x0, 0x0, 0xb, 0xff, 0xff, 0x40, 0x0, 0x4,
    0xff, 0xff, 0xa0, 0x0, 0x0, 0x2, 0xff, 0xff,
    0xd0, 0x0, 0xc, 0xff, 0xff, 0x20, 0x0, 0x0,
    0x0, 0x8f, 0xff, 0xf6, 0x0, 0x5f, 0xff, 0xf8,
    0x0, 0x0, 0x0, 0x0, 0xe, 0xff, 0xfe, 0x0,
    0xdf, 0xff, 0xe0, 0x0, 0x0, 0x0, 0x0, 0x5,
    0xff, 0xff, 0x65, 0xff, 0xff, 0x50, 0x0, 0x0,
    0x0, 0x0, 0x0, 0xcf, 0xff, 0xdb, 0xff, 0xfc,
    0x0, 0x0, 0x0, 0x0, 0x0, 0x0, 0x2f, 0xff,
    0xff, 0xff, 0xf3, 0x0, 0x0, 0x0, 0x0, 0x0,
    0x0, 0x9, 0xff, 0xff, 0xff, 0x90, 0x0, 0x0,
    0x0, 0x0, 0x0, 0x0, 0x0, 0xef, 0xff, 0xfe,
    0x10, 0x0, 0x0, 0x0, 0x0, 0x0, 0x0, 0x0,
    0x6f, 0xff, 0xf6, 0x0, 0x0, 0x0, 0x0, 0x0,
    0x0, 0x0, 0x0, 0x3f, 0xff, 0xf4, 0x0, 0x0,
    0x0, 0x0, 0x0, 0x0, 0x0, 0x0, 0x3f, 0xff,
    0xf4, 0x0, 0x0, 0x0, 0x0, 0x0, 0x0, 0x0,
    0x0, 0x3f, 0xff, 0xf4, 0x0, 0x0, 0x0, 0x0,
    0x0, 0x0, 0x0, 0x0, 0x3f, 0xff, 0xf4, 0x0,
    0x0, 0x0, 0x0, 0x0, 0x0, 0x0, 0x0, 0x3f,
    0xff, 0xf4, 0x0, 0x0, 0x0, 0x0, 0x0, 0x0,
    0x0, 0x0, 0x3f, 0xff, 0xf4, 0x0, 0x0, 0x0,
    0x0, 0x0, 0x0, 0x0, 0x0, 0x3f, 0xff, 0xf4,
    0x0, 0x0, 0x0, 0x0, 0x0, 0x0, 0x0, 0x0,
    0x3f, 0xff, 0xf4, 0x0, 0x0, 0x0, 0x0,

    /* U+1EF9 "ỹ" */
    0x0, 0x0, 0x4, 0xaa, 0x50, 0x2, 0xaa, 0x10,
    0x0, 0x0, 0x0, 0x4f, 0xff, 0xfc, 0x5a, 0xff,
    0x0, 0x0, 0x0, 0x0, 0xbf, 0xfc, 0xff, 0xff,
    0xfa, 0x0, 0x0, 0x0, 0x0, 0xff, 0x80, 0x3c,
    0xff, 0xd1, 0x0, 0x0, 0x0, 0x0, 0x22, 0x0,
    0x0, 0x12, 0x0, 0x0, 0x0, 0x0, 0x0, 0x0,
    0x0, 0x0, 0x0, 0x0, 0x0, 0x0, 0x26, 0x66,
    0x61, 0x0, 0x0, 0x0, 0x6, 0x66, 0x63, 0x3f,
    0xff, 0xf6, 0x0, 0x0, 0x0, 0x5f, 0xff, 0xf4,
    0xd, 0xff, 0xfb, 0x0, 0x0, 0x0, 0xaf, 0xff,
    0xe0, 0x7, 0xff, 0xff, 0x10, 0x0, 0x0, 0xff,
    0xff, 0x80, 0x1, 0xff, 0xff, 0x60, 0x0, 0x5,
    0xff, 0xff, 0x20, 0x0, 0xbf, 0xff, 0xb0, 0x0,
    0xa, 0xff, 0xfb, 0x0, 0x0, 0x5f, 0xff, 0xf0,
    0x0, 0xf, 0xff, 0xf5, 0x0, 0x0, 0xf, 0xff,
    0xf5, 0x0, 0x5f, 0xff, 0xf0, 0x0, 0x0, 0x9,
    0xff, 0xfa, 0x0, 0xaf, 0xff, 0x90, 0x0, 0x0,
    0x3, 0xff, 0xff, 0x0, 0xff, 0xff, 0x30, 0x0,
    0x0, 0x0, 0xdf, 0xff, 0x34, 0xff, 0xfd, 0x0,
    0x0, 0x0, 0x0, 0x7f, 0xff, 0x79, 0xff, 0xf7,
    0x0, 0x0, 0x0, 0x0, 0x1f, 0xff, 0xbd, 0xff,
    0xf1, 0x0, 0x0, 0x0, 0x0, 0xb, 0xff, 0xff,
    0xff, 0xb0, 0x0, 0x0, 0x0, 0x0, 0x5, 0xff,
    0xff, 0xff, 0x50, 0x0, 0x0, 0x0, 0x0, 0x0,
    0xff, 0xff, 0xfe, 0x0, 0x0, 0x0, 0x0, 0x0,
    0x0, 0x9f, 0xff, 0xf9, 0x0, 0x0, 0x0, 0x0,
    0x0, 0x0, 0x7f, 0xff, 0xf2, 0x0, 0x0, 0x0,
    0x0, 0x0, 0x0, 0xaf, 0xff, 0xc0, 0x0, 0x0,
    0x0, 0x0, 0x25, 0x37, 0xff, 0xff, 0x60, 0x0,
    0x0, 0x0, 0x0, 0x8f, 0xff, 0xff, 0xfd, 0x0,
    0x0, 0x0, 0x0, 0x0, 0xdf, 0xff, 0xff, 0xe2,
    0x0, 0x0, 0x0, 0x0, 0x1, 0xff, 0xff, 0xfa,
    0x10, 0x0, 0x0, 0x0, 0x0, 0x0, 0x2, 0x32,
    0x0, 0x0, 0x0, 0x0, 0x0, 0x0,

    /* U+2013 "–" */
    0x99, 0x99, 0x99, 0x99, 0x99, 0x99, 0x99, 0x9f,
    0xff, 0xff, 0xff, 0xff, 0xff, 0xff, 0xff, 0xff,
    0xff, 0xff, 0xff, 0xff, 0xff, 0xff, 0xff, 0xff,
    0xff, 0xff, 0xff, 0xff, 0xff, 0xff,

    /* U+2014 "—" */
    0x99, 0x99, 0x99, 0x99, 0x99, 0x99, 0x99, 0x99,
    0x99, 0x99, 0x99, 0x99, 0x99, 0x99, 0x99, 0xff,
    0xff, 0xff, 0xff, 0xff, 0xff, 0xff, 0xff, 0xff,
    0xff, 0xff, 0xff, 0xff, 0xff, 0xff, 0xff, 0xff,
    0xff, 0xff, 0xff, 0xff, 0xff, 0xff, 0xff, 0xff,
    0xff, 0xff, 0xff, 0xff, 0xff, 0xff, 0xff, 0xff,
    0xff, 0xff, 0xff, 0xff, 0xff, 0xff, 0xff, 0xff,
    0xff, 0xff, 0xff, 0xff,

    /* U+2018 "‘" */
    0x0, 0xf, 0xff, 0x0, 0x5, 0xff, 0xe0, 0x0,
    0x9f, 0xfb, 0x0, 0xe, 0xff, 0x90, 0x3, 0xff,
    0xf7, 0x0, 0x7f, 0xff, 0x50, 0xc, 0xff, 0xf3,
    0x1, 0xff, 0xff, 0x0, 0x5f, 0xff, 0xe0, 0x2,
    0x55, 0x54, 0x0,

    /* U+2019 "’" */
    0x1, 0x55, 0x55, 0x0, 0x6f, 0xff, 0xd0, 0x8,
    0xff, 0xf9, 0x0, 0xaf, 0xff, 0x40, 0xd, 0xff,
    0xf0, 0x0, 0xff, 0xfb, 0x0, 0x1f, 0xff, 0x60,
    0x3, 0xff, 0xf2, 0x0, 0x5f, 0xfd, 0x0, 0x8,
    0xff, 0x80, 0x0,

    /* U+201A "‚" */
    0x0, 0x45, 0x55, 0x10, 0x1f, 0xff, 0xf3, 0x3,
    0xff, 0xfe, 0x0, 0x5f, 0xff, 0xa0, 0x7, 0xff,
    0xf5, 0x0, 0x9f, 0xff, 0x10, 0xc, 0xff, 0xc0,
    0x0, 0xef, 0xf7, 0x0, 0xf, 0xff, 0x20, 0x2,
    0xff, 0xe0, 0x0,

    /* U+201C "“" */
    0x0, 0xf, 0xff, 0x0, 0x2, 0xff, 0xe0, 0x5,
    0xff, 0xe0, 0x0, 0x7f, 0xfc, 0x0, 0x9f, 0xfb,
    0x0, 0xb, 0xff, 0xa0, 0xe, 0xff, 0x90, 0x0,
    0xff, 0xf8, 0x3, 0xff, 0xf7, 0x0, 0x4f, 0xff,
    0x50, 0x7f, 0xff, 0x50, 0x9, 0xff, 0xf3, 0xc,
    0xff, 0xf3, 0x0, 0xef, 0xff, 0x11, 0xff, 0xff,
    0x0, 0x2f, 0xff, 0xf0, 0x5f, 0xff, 0xe0, 0x7,
    0xff, 0xfd, 0x2, 0x55, 0x54, 0x0, 0x35, 0x55,
    0x30,

    /* U+201D "”" */
    0x5, 0xff, 0xfe, 0x0, 0xbf, 0xff, 0x90, 0x8f,
    0xff, 0xa0, 0xd, 0xff, 0xf4, 0xa, 0xff, 0xf5,
    0x0, 0xff, 0xff, 0x0, 0xcf, 0xff, 0x10, 0x2f,
    0xff, 0xb0, 0xe, 0xff, 0xc0, 0x4, 0xff, 0xf6,
    0x0, 0xff, 0xf8, 0x0, 0x6f, 0xff, 0x20, 0x3f,
    0xff, 0x30, 0x9, 0xff, 0xd0, 0x5, 0xff, 0xe0,
    0x0, 0xbf, 0xf9, 0x0, 0x7f, 0xfa, 0x0, 0xd,
    0xff, 0x40, 0x2, 0x55, 0x20, 0x0, 0x45, 0x50,
    0x0,

    /* U+201E "„" */
    0x0, 0x45, 0x55, 0x10, 0x15, 0x55, 0x40, 0x1,
    0xff, 0xff, 0x30, 0x6f, 0xff, 0xd0, 0x3, 0xff,
    0xfe, 0x0, 0x9f, 0xff, 0x80, 0x5, 0xff, 0xfa,
    0x0, 0xbf, 0xff, 0x40, 0x7, 0xff, 0xf5, 0x0,
    0xdf, 0xff, 0x0, 0x9, 0xff, 0xf1, 0x0, 0xff,
    0xfa, 0x0, 0xc, 0xff, 0xc0, 0x2, 0xff, 0xf6,
    0x0, 0xe, 0xff, 0x70, 0x4, 0xff, 0xf1, 0x0,
    0xf, 0xff, 0x20, 0x6, 0xff, 0xc0, 0x0, 0x2f,
    0xfe, 0x0, 0x8, 0xff, 0x80, 0x0,

    /* U+2022 "•" */
    0x0, 0x4, 0x89, 0x50, 0x0, 0x1, 0xcf, 0xff,
    0xfd, 0x20, 0xb, 0xff, 0xff, 0xff, 0xe1, 0x4f,
    0xff, 0xff, 0xff, 0xf7, 0x7f, 0xff, 0xff, 0xff,
    0xfb, 0x8f, 0xff, 0xff, 0xff, 0xfc, 0x6f, 0xff,
    0xff, 0xff, 0xf9, 0xe, 0xff, 0xff, 0xff, 0xf3,
    0x4, 0xff, 0xff, 0xff, 0x70, 0x0, 0x3a, 0xef,
    0xc4, 0x0,

    /* U+2026 "…" */
    0x0, 0x1, 0x0, 0x0, 0x0, 0x0, 0x1, 0x0,
    0x0, 0x0, 0x0, 0x1, 0x0, 0x9, 0xff, 0x90,
    0x0, 0x0, 0x9, 0xff, 0x90, 0x0, 0x0, 0x8,
    0xff, 0xa0, 0x5f, 0xff, 0xf5, 0x0, 0x0, 0x4f,
    0xff, 0xf5, 0x0, 0x0, 0x4f, 0xff, 0xf5, 0x7f,
    0xff, 0xf7, 0x0, 0x0, 0x7f, 0xff, 0xf8, 0x0,
    0x0, 0x7f, 0xff, 0xf8, 0x4f, 0xff, 0xf4, 0x0,
    0x0, 0x3f, 0xff, 0xf4, 0x0, 0x0, 0x3f, 0xff,
    0xf4, 0x7, 0xee, 0x70, 0x0, 0x0, 0x6, 0xee,
    0x70, 0x0, 0x0, 0x6, 0xee, 0x70,

    /* U+2032 "′" */
    0x9, 0xff, 0xf6, 0xa, 0xff, 0xf3, 0xb, 0xff,
    0xf0, 0xd, 0xff, 0xc0, 0xe, 0xff, 0x90, 0xf,
    0xff, 0x50, 0x1f, 0xff, 0x20, 0x2f, 0xff, 0x0,
    0x2a, 0xa7, 0x0,

    /* U+2033 "″" */
    0x9, 0xff, 0xf6, 0x0, 0x6, 0xff, 0xf9, 0xa,
    0xff, 0xf3, 0x0, 0x7, 0xff, 0xf6, 0xb, 0xff,
    0xf0, 0x0, 0x8, 0xff, 0xf2, 0xd, 0xff, 0xc0,
    0x0, 0xa, 0xff, 0xf0, 0xe, 0xff, 0x90, 0x0,
    0xb, 0xff, 0xc0, 0xf, 0xff, 0x50, 0x0, 0xd,
    0xff, 0x80, 0x1f, 0xff, 0x20, 0x0, 0xe, 0xff,
    0x50, 0x2f, 0xff, 0x0, 0x0, 0xf, 0xff, 0x20,
    0x2a, 0xa7, 0x0, 0x0, 0xa, 0xa9, 0x0,

    /* U+2039 "‹" */
    0x0, 0x0, 0x4, 0xff, 0xff, 0x60, 0x0, 0x2,
    0xef, 0xff, 0x90, 0x0, 0x0, 0xdf, 0xff, 0xc0,
    0x0, 0x0, 0xbf, 0xff, 0xe1, 0x0, 0x0, 0x8f,
    0xff, 0xf3, 0x0, 0x0, 0x6f, 0xff, 0xf5, 0x0,
    0x0, 0x3f, 0xff, 0xf8, 0x0, 0x0, 0x5, 0xff,
    0xff, 0x60, 0x0, 0x0, 0x8, 0xff, 0xff, 0x30,
    0x0, 0x0, 0xb, 0xff, 0xfe, 0x10, 0x0, 0x0,
    0xd, 0xff, 0xfc, 0x0, 0x0, 0x0, 0x2e, 0xff,
    0xfa, 0x0, 0x0, 0x0, 0x3f, 0xff, 0xf7, 0x0,
    0x0, 0x0, 0x6f, 0xff, 0xf4, 0x0, 0x0, 0x0,
    0x23, 0x33, 0x20,

    /* U+203A "›" */
    0x8f, 0xff, 0xf3, 0x0, 0x0, 0x0, 0xaf, 0xff,
    0xe1, 0x0, 0x0, 0x0, 0xdf, 0xff, 0xc0, 0x0,
    0x0, 0x2, 0xef, 0xff, 0xa0, 0x0, 0x0, 0x4,
    0xff, 0xff, 0x70, 0x0, 0x0, 0x6, 0xff, 0xff,
    0x40, 0x0, 0x0, 0x9, 0xff, 0xff, 0x20, 0x0,
    0x0, 0x7f, 0xff, 0xf4, 0x0, 0x0, 0x4f, 0xff,
    0xf7, 0x0, 0x0, 0x2e, 0xff, 0xfa, 0x0, 0x0,
    0xd, 0xff, 0xfc, 0x0, 0x0, 0xb, 0xff, 0xfe,
    0x10, 0x0, 0x8, 0xff, 0xff, 0x30, 0x0, 0x5,
    0xff, 0xff, 0x50, 0x0, 0x0, 0x23, 0x33, 0x20,
    0x0, 0x0, 0x0
};


/*---------------------
 *  GLYPH DESCRIPTION
 *--------------------*/

static const lv_font_fmt_txt_glyph_dsc_t glyph_dsc[] = {
    {.bitmap_index = 0, .adv_w = 0, .box_w = 0, .box_h = 0, .ofs_x = 0, .ofs_y = 0} /* id = 0 reserved */,
    {.bitmap_index = 0, .adv_w = 114, .box_w = 0, .box_h = 0, .ofs_x = 0, .ofs_y = 0},
    {.bitmap_index = 0, .adv_w = 162, .box_w = 6, .box_h = 22, .ofs_x = 2, .ofs_y = 0},
    {.bitmap_index = 66, .adv_w = 265, .box_w = 12, .box_h = 10, .ofs_x = 2, .ofs_y = 12},
    {.bitmap_index = 126, .adv_w = 311, .box_w = 20, .box_h = 22, .ofs_x = 0, .ofs_y = 0},
    {.bitmap_index = 346, .adv_w = 314, .box_w = 18, .box_h = 29, .ofs_x = 1, .ofs_y = -3},
    {.bitmap_index = 607, .adv_w = 488, .box_w = 26, .box_h = 22, .ofs_x = 2, .ofs_y = 0},
    {.bitmap_index = 893, .adv_w = 323, .box_w = 20, .box_h = 22, .ofs_x = 1, .ofs_y = 0},
    {.bitmap_index = 1113, .adv_w = 163, .box_w = 6, .box_h = 10, .ofs_x = 2, .ofs_y = 12},
    {.bitmap_index = 1143, .adv_w = 181, .box_w = 9, .box_h = 28, .ofs_x = 2, .ofs_y = -4},
    {.bitmap_index = 1269, .adv_w = 181, .box_w = 9, .box_h = 28, .ofs_x = 0, .ofs_y = -4},
    {.bitmap_index = 1395, .adv_w = 268, .box_w = 13, .box_h = 13, .ofs_x = 2, .ofs_y = 9},
    {.bitmap_index = 1480, .adv_w = 326, .box_w = 16, .box_h = 16, .ofs_x = 2, .ofs_y = 1},
    {.bitmap_index = 1608, .adv_w = 160, .box_w = 7, .box_h = 10, .ofs_x = 1, .ofs_y = -6},
    {.bitmap_index = 1643, .adv_w = 225, .box_w = 10, .box_h = 4, .ofs_x = 2, .ofs_y = 7},
    {.bitmap_index = 1663, .adv_w = 160, .box_w = 6, .box_h = 6, .ofs_x = 2, .ofs_y = 0},
    {.bitmap_index = 1681, .adv_w = 186, .box_w = 12, .box_h = 27, .ofs_x = 0, .ofs_y = -3},
    {.bitmap_index = 1843, .adv_w = 324, .box_w = 18, .box_h = 22, .ofs_x = 1, .ofs_y = 0},
    {.bitmap_index = 2041, .adv_w = 207, .box_w = 10, .box_h = 22, .ofs_x = 1, .ofs_y = 0},
    {.bitmap_index = 2151, .adv_w = 302, .box_w = 17, .box_h = 22, .ofs_x = 1, .ofs_y = 0},
    {.bitmap_index = 2338, .adv_w = 310, .box_w = 17, .box_h = 22, .ofs_x = 1, .ofs_y = 0},
    {.bitmap_index = 2525, .adv_w = 325, .box_w = 18, .box_h = 22, .ofs_x = 1, .ofs_y = 0},
    {.bitmap_index = 2723, .adv_w = 299, .box_w = 17, .box_h = 22, .ofs_x = 1, .ofs_y = 0},
    {.bitmap_index = 2910, .adv_w = 312, .box_w = 18, .box_h = 22, .ofs_x = 1, .ofs_y = 0},
    {.bitmap_index = 3108, .adv_w = 279, .box_w = 16, .box_h = 22, .ofs_x = 1, .ofs_y = 0},
    {.bitmap_index = 3284, .adv_w = 312, .box_w = 18, .box_h = 22, .ofs_x = 1, .ofs_y = 0},
    {.bitmap_index = 3482, .adv_w = 312, .box_w = 18, .box_h = 22, .ofs_x = 1, .ofs_y = 0},
    {.bitmap_index = 3680, .adv_w = 160, .box_w = 6, .box_h = 17, .ofs_x = 2, .ofs_y = 0},
    {.bitmap_index = 3731, .adv_w = 165, .box_w = 7, .box_h = 22, .ofs_x = 1, .ofs_y = -6},
    {.bitmap_index = 3808, .adv_w = 326, .box_w = 16, .box_h = 18, .ofs_x = 2, .ofs_y = 0},
    {.bitmap_index = 3952, .adv_w = 326, .box_w = 16, .box_h = 11, .ofs_x = 2, .ofs_y = 3},
    {.bitmap_index = 4040, .adv_w = 326, .box_w = 15, .box_h = 18, .ofs_x = 3, .ofs_y = 0},
    {.bitmap_index = 4175, .adv_w = 269, .box_w = 15, .box_h = 22, .ofs_x = 1, .ofs_y = 0},
    {.bitmap_index = 4340, .adv_w = 488, .box_w = 29, .box_h = 28, .ofs_x = 1, .ofs_y = -6},
    {.bitmap_index = 4746, .adv_w = 358, .box_w = 22, .box_h = 22, .ofs_x = 0, .ofs_y = 0},
    {.bitmap_index = 4988, .adv_w = 318, .box_w = 18, .box_h = 22, .ofs_x = 1, .ofs_y = 0},
    {.bitmap_index = 5186, .adv_w = 355, .box_w = 20, .box_h = 22, .ofs_x = 1, .ofs_y = 0},
    {.bitmap_index = 5406, .adv_w = 347, .box_w = 20, .box_h = 22, .ofs_x = 1, .ofs_y = 0},
    {.bitmap_index = 5626, .adv_w = 292, .box_w = 16, .box_h = 22, .ofs_x = 1, .ofs_y = 0},
    {.bitmap_index = 5802, .adv_w = 282, .box_w = 16, .box_h = 22, .ofs_x = 1, .ofs_y = 0},
    {.bitmap_index = 5978, .adv_w = 360, .box_w = 21, .box_h = 22, .ofs_x = 1, .ofs_y = 0},
    {.bitmap_index = 6209, .adv_w = 359, .box_w = 20, .box_h = 22, .ofs_x = 1, .ofs_y = 0},
    {.bitmap_index = 6429, .adv_w = 135, .box_w = 6, .box_h = 22, .ofs_x = 1, .ofs_y = 0},
    {.bitmap_index = 6495, .adv_w = 281, .box_w = 15, .box_h = 22, .ofs_x = 1, .ofs_y = 0},
    {.bitmap_index = 6660, .adv_w = 345, .box_w = 20, .box_h = 22, .ofs_x = 1, .ofs_y = 0},
    {.bitmap_index = 6880, .adv_w = 271, .box_w = 15, .box_h = 22, .ofs_x = 1, .ofs_y = 0},
    {.bitmap_index = 7045, .adv_w = 447, .box_w = 25, .box_h = 22, .ofs_x = 1, .ofs_y = 0},
    {.bitmap_index = 7320, .adv_w = 366, .box_w = 20, .box_h = 22, .ofs_x = 1, .ofs_y = 0},
    {.bitmap_index = 7540, .adv_w = 370, .box_w = 21, .box_h = 22, .ofs_x = 1, .ofs_y = 0},
    {.bitmap_index = 7771, .adv_w = 311, .box_w = 18, .box_h = 22, .ofs_x = 1, .ofs_y = 0},
    {.bitmap_index = 7969, .adv_w = 373, .box_w = 21, .box_h = 24, .ofs_x = 1, .ofs_y = -2},
    {.bitmap_index = 8221, .adv_w = 315, .box_w = 19, .box_h = 22, .ofs_x = 1, .ofs_y = 0},
    {.bitmap_index = 8430, .adv_w = 314, .box_w = 18, .box_h = 22, .ofs_x = 1, .ofs_y = 0},
    {.bitmap_index = 8628, .adv_w = 320, .box_w = 18, .box_h = 22, .ofs_x = 1, .ofs_y = 0},
    {.bitmap_index = 8826, .adv_w = 351, .box_w = 19, .box_h = 22, .ofs_x = 1, .ofs_y = 0},
    {.bitmap_index = 9035, .adv_w = 358, .box_w = 22, .box_h = 22, .ofs_x = 0, .ofs_y = 0},
    {.bitmap_index = 9277, .adv_w = 498, .box_w = 31, .box_h = 22, .ofs_x = 0, .ofs_y = 0},
    {.bitmap_index = 9618, .adv_w = 354, .box_w = 22, .box_h = 22, .ofs_x = 0, .ofs_y = 0},
    {.bitmap_index = 9860, .adv_w = 351, .box_w = 22, .box_h = 22, .ofs_x = 0, .ofs_y = 0},
    {.bitmap_index = 10102, .adv_w = 319, .box_w = 18, .box_h = 22, .ofs_x = 1, .ofs_y = 0},
    {.bitmap_index = 10300, .adv_w = 181, .box_w = 8, .box_h = 28, .ofs_x = 2, .ofs_y = -4},
    {.bitmap_index = 10412, .adv_w = 186, .box_w = 12, .box_h = 27, .ofs_x = 0, .ofs_y = -3},
    {.bitmap_index = 10574, .adv_w = 181, .box_w = 8, .box_h = 28, .ofs_x = 1, .ofs_y = -4},
    {.bitmap_index = 10686, .adv_w = 234, .box_w = 13, .box_h = 10, .ofs_x = 1, .ofs_y = 12},
    {.bitmap_index = 10751, .adv_w = 229, .box_w = 15, .box_h = 4, .ofs_x = 0, .ofs_y = -3},
    {.bitmap_index = 10781, .adv_w = 175, .box_w = 7, .box_h = 5, .ofs_x = 2, .ofs_y = 19},
    {.bitmap_index = 10799, .adv_w = 279, .box_w = 15, .box_h = 17, .ofs_x = 1, .ofs_y = 0},
    {.bitmap_index = 10927, .adv_w = 303, .box_w = 17, .box_h = 22, .ofs_x = 1, .ofs_y = 0},
    {.bitmap_index = 11114, .adv_w = 282, .box_w = 16, .box_h = 17, .ofs_x = 1, .ofs_y = 0},
    {.bitmap_index = 11250, .adv_w = 303, .box_w = 17, .box_h = 22, .ofs_x = 1, .ofs_y = 0},
    {.bitmap_index = 11437, .adv_w = 286, .box_w = 16, .box_h = 17, .ofs_x = 1, .ofs_y = 0},
    {.bitmap_index = 11573, .adv_w = 191, .box_w = 12, .box_h = 24, .ofs_x = 0, .ofs_y = 0},
    {.bitmap_index = 11717, .adv_w = 303, .box_w = 17, .box_h = 23, .ofs_x = 1, .ofs_y = -6},
    {.bitmap_index = 11913, .adv_w = 299, .box_w = 16, .box_h = 22, .ofs_x = 1, .ofs_y = 0},
    {.bitmap_index = 12089, .adv_w = 130, .box_w = 6, .box_h = 24, .ofs_x = 1, .ofs_y = 0},
    {.bitmap_index = 12161, .adv_w = 130, .box_w = 8, .box_h = 30, .ofs_x = -1, .ofs_y = -6},
    {.bitmap_index = 12281, .adv_w = 278, .box_w = 17, .box_h = 22, .ofs_x = 1, .ofs_y = 0},
    {.bitmap_index = 12468, .adv_w = 130, .box_w = 6, .box_h = 22, .ofs_x = 1, .ofs_y = 0},
    {.bitmap_index = 12534, .adv_w = 438, .box_w = 25, .box_h = 17, .ofs_x = 1, .ofs_y = 0},
    {.bitmap_index = 12747, .adv_w = 299, .box_w = 16, .box_h = 17, .ofs_x = 1, .ofs_y = 0},
    {.bitmap_index = 12883, .adv_w = 294, .box_w = 17, .box_h = 17, .ofs_x = 1, .ofs_y = 0},
    {.bitmap_index = 13028, .adv_w = 303, .box_w = 17, .box_h = 23, .ofs_x = 1, .ofs_y = -6},
    {.bitmap_index = 13224, .adv_w = 303, .box_w = 17, .box_h = 23, .ofs_x = 1, .ofs_y = -6},
    {.bitmap_index = 13420, .adv_w = 195, .box_w = 11, .box_h = 18, .ofs_x = 1, .ofs_y = 0},
    {.bitmap_index = 13519, .adv_w = 269, .box_w = 15, .box_h = 17, .ofs_x = 1, .ofs_y = 0},
    {.bitmap_index = 13647, .adv_w = 176, .box_w = 11, .box_h = 21, .ofs_x = 0, .ofs_y = 0},
    {.bitmap_index = 13763, .adv_w = 299, .box_w = 16, .box_h = 17, .ofs_x = 1, .ofs_y = 0},
    {.bitmap_index = 13899, .adv_w = 288, .box_w = 18, .box_h = 17, .ofs_x = 0, .ofs_y = 0},
    {.bitmap_index = 14052, .adv_w = 408, .box_w = 26, .box_h = 17, .ofs_x = 0, .ofs_y = 0},
    {.bitmap_index = 14273, .adv_w = 278, .box_w = 17, .box_h = 17, .ofs_x = 0, .ofs_y = 0},
    {.bitmap_index = 14418, .adv_w = 289, .box_w = 18, .box_h = 23, .ofs_x = 0, .ofs_y = -6},
    {.bitmap_index = 14625, .adv_w = 275, .box_w = 15, .box_h = 17, .ofs_x = 1, .ofs_y = 0},
    {.bitmap_index = 14753, .adv_w = 225, .box_w = 11, .box_h = 28, .ofs_x = 2, .ofs_y = -4},
    {.bitmap_index = 14907, .adv_w = 178, .box_w = 5, .box_h = 37, .ofs_x = 3, .ofs_y = -7},
    {.bitmap_index = 15000, .adv_w = 225, .box_w = 12, .box_h = 28, .ofs_x = 1, .ofs_y = -4},
    {.bitmap_index = 15168, .adv_w = 326, .box_w = 17, .box_h = 7, .ofs_x = 2, .ofs_y = 6},
    {.bitmap_index = 15228, .adv_w = 114, .box_w = 0, .box_h = 0, .ofs_x = 0, .ofs_y = 0},
    {.bitmap_index = 15228, .adv_w = 162, .box_w = 6, .box_h = 23, .ofs_x = 2, .ofs_y = -6},
    {.bitmap_index = 15297, .adv_w = 282, .box_w = 16, .box_h = 22, .ofs_x = 1, .ofs_y = 0},
    {.bitmap_index = 15473, .adv_w = 307, .box_w = 17, .box_h = 22, .ofs_x = 1, .ofs_y = 0},
    {.bitmap_index = 15660, .adv_w = 366, .box_w = 20, .box_h = 21, .ofs_x = 1, .ofs_y = -1},
    {.bitmap_index = 15870, .adv_w = 274, .box_w = 17, .box_h = 22, .ofs_x = 0, .ofs_y = 0},
    {.bitmap_index = 16057, .adv_w = 163, .box_w = 5, .box_h = 27, .ofs_x = 3, .ofs_y = -5},
    {.bitmap_index = 16125, .adv_w = 273, .box_w = 15, .box_h = 27, .ofs_x = 1, .ofs_y = -5},
    {.bitmap_index = 16328, .adv_w = 299, .box_w = 12, .box_h = 5, .ofs_x = 3, .ofs_y = 19},
    {.bitmap_index = 16358, .adv_w = 439, .box_w = 23, .box_h = 23, .ofs_x = 2, .ofs_y = 0},
    {.bitmap_index = 16623, .adv_w = 223, .box_w = 13, .box_h = 13, .ofs_x = 0, .ofs_y = 10},
    {.bitmap_index = 16708, .adv_w = 317, .box_w = 18, .box_h = 15, .ofs_x = 1, .ofs_y = 2},
    {.bitmap_index = 16843, .adv_w = 326, .box_w = 14, .box_h = 8, .ofs_x = 3, .ofs_y = 4},
    {.bitmap_index = 16899, .adv_w = 318, .box_w = 18, .box_h = 18, .ofs_x = 1, .ofs_y = 5},
    {.bitmap_index = 17061, .adv_w = 211, .box_w = 9, .box_h = 3, .ofs_x = 2, .ofs_y = 20},
    {.bitmap_index = 17075, .adv_w = 221, .box_w = 12, .box_h = 11, .ofs_x = 1, .ofs_y = 12},
    {.bitmap_index = 17141, .adv_w = 326, .box_w = 16, .box_h = 17, .ofs_x = 2, .ofs_y = 1},
    {.bitmap_index = 17277, .adv_w = 221, .box_w = 12, .box_h = 12, .ofs_x = 1, .ofs_y = 13},
    {.bitmap_index = 17349, .adv_w = 226, .box_w = 12, .box_h = 12, .ofs_x = 1, .ofs_y = 13},
    {.bitmap_index = 17421, .adv_w = 175, .box_w = 7, .box_h = 5, .ofs_x = 2, .ofs_y = 19},
    {.bitmap_index = 17439, .adv_w = 301, .box_w = 18, .box_h = 23, .ofs_x = 1, .ofs_y = -6},
    {.bitmap_index = 17646, .adv_w = 287, .box_w = 15, .box_h = 22, .ofs_x = 1, .ofs_y = 0},
    {.bitmap_index = 17811, .adv_w = 160, .box_w = 6, .box_h = 6, .ofs_x = 2, .ofs_y = 8},
    {.bitmap_index = 17829, .adv_w = 175, .box_w = 7, .box_h = 7, .ofs_x = 3, .ofs_y = -6},
    {.bitmap_index = 17854, .adv_w = 160, .box_w = 8, .box_h = 12, .ofs_x = 1, .ofs_y = 13},
    {.bitmap_index = 17902, .adv_w = 235, .box_w = 14, .box_h = 13, .ofs_x = 0, .ofs_y = 10},
    {.bitmap_index = 17993, .adv_w = 317, .box_w = 18, .box_h = 15, .ofs_x = 1, .ofs_y = 2},
    {.bitmap_index = 18128, .adv_w = 406, .box_w = 24, .box_h = 23, .ofs_x = 1, .ofs_y = 0},
    {.bitmap_index = 18404, .adv_w = 423, .box_w = 25, .box_h = 23, .ofs_x = 1, .ofs_y = 0},
    {.bitmap_index = 18692, .adv_w = 442, .box_w = 26, .box_h = 23, .ofs_x = 1, .ofs_y = 0},
    {.bitmap_index = 18991, .adv_w = 269, .box_w = 15, .box_h = 23, .ofs_x = 1, .ofs_y = -6},
    {.bitmap_index = 19164, .adv_w = 358, .box_w = 22, .box_h = 29, .ofs_x = 0, .ofs_y = 0},
    {.bitmap_index = 19483, .adv_w = 358, .box_w = 22, .box_h = 29, .ofs_x = 0, .ofs_y = 0},
    {.bitmap_index = 19802, .adv_w = 358, .box_w = 22, .box_h = 29, .ofs_x = 0, .ofs_y = 0},
    {.bitmap_index = 20121, .adv_w = 358, .box_w = 22, .box_h = 29, .ofs_x = 0, .ofs_y = 0},
    {.bitmap_index = 20440, .adv_w = 358, .box_w = 22, .box_h = 29, .ofs_x = 0, .ofs_y = 0},
    {.bitmap_index = 20759, .adv_w = 358, .box_w = 22, .box_h = 31, .ofs_x = 0, .ofs_y = 0},
    {.bitmap_index = 21100, .adv_w = 491, .box_w = 30, .box_h = 22, .ofs_x = 0, .ofs_y = 0},
    {.bitmap_index = 21430, .adv_w = 355, .box_w = 20, .box_h = 28, .ofs_x = 1, .ofs_y = -6},
    {.bitmap_index = 21710, .adv_w = 292, .box_w = 16, .box_h = 29, .ofs_x = 1, .ofs_y = 0},
    {.bitmap_index = 21942, .adv_w = 292, .box_w = 16, .box_h = 29, .ofs_x = 1, .ofs_y = 0},
    {.bitmap_index = 22174, .adv_w = 292, .box_w = 16, .box_h = 29, .ofs_x = 1, .ofs_y = 0},
    {.bitmap_index = 22406, .adv_w = 292, .box_w = 16, .box_h = 29, .ofs_x = 1, .ofs_y = 0},
    {.bitmap_index = 22638, .adv_w = 135, .box_w = 8, .box_h = 29, .ofs_x = -1, .ofs_y = 0},
    {.bitmap_index = 22754, .adv_w = 135, .box_w = 8, .box_h = 29, .ofs_x = 1, .ofs_y = 0},
    {.bitmap_index = 22870, .adv_w = 135, .box_w = 13, .box_h = 29, .ofs_x = -2, .ofs_y = 0},
    {.bitmap_index = 23059, .adv_w = 135, .box_w = 12, .box_h = 29, .ofs_x = -2, .ofs_y = 0},
    {.bitmap_index = 23233, .adv_w = 365, .box_w = 22, .box_h = 22, .ofs_x = 0, .ofs_y = 0},
    {.bitmap_index = 23475, .adv_w = 366, .box_w = 20, .box_h = 29, .ofs_x = 1, .ofs_y = 0},
    {.bitmap_index = 23765, .adv_w = 370, .box_w = 21, .box_h = 30, .ofs_x = 1, .ofs_y = 0},
    {.bitmap_index = 24080, .adv_w = 370, .box_w = 21, .box_h = 30, .ofs_x = 1, .ofs_y = 0},
    {.bitmap_index = 24395, .adv_w = 370, .box_w = 21, .box_h = 30, .ofs_x = 1, .ofs_y = 0},
    {.bitmap_index = 24710, .adv_w = 370, .box_w = 21, .box_h = 29, .ofs_x = 1, .ofs_y = 0},
    {.bitmap_index = 25015, .adv_w = 370, .box_w = 21, .box_h = 30, .ofs_x = 1, .ofs_y = 0},
    {.bitmap_index = 25330, .adv_w = 326, .box_w = 16, .box_h = 16, .ofs_x = 2, .ofs_y = 1},
    {.bitmap_index = 25458, .adv_w = 370, .box_w = 21, .box_h = 24, .ofs_x = 1, .ofs_y = -1},
    {.bitmap_index = 25710, .adv_w = 351, .box_w = 19, .box_h = 30, .ofs_x = 1, .ofs_y = 0},
    {.bitmap_index = 25995, .adv_w = 351, .box_w = 19, .box_h = 30, .ofs_x = 1, .ofs_y = 0},
    {.bitmap_index = 26280, .adv_w = 351, .box_w = 19, .box_h = 30, .ofs_x = 1, .ofs_y = 0},
    {.bitmap_index = 26565, .adv_w = 351, .box_w = 19, .box_h = 30, .ofs_x = 1, .ofs_y = 0},
    {.bitmap_index = 26850, .adv_w = 351, .box_w = 22, .box_h = 29, .ofs_x = 0, .ofs_y = 0},
    {.bitmap_index = 27169, .adv_w = 321, .box_w = 17, .box_h = 22, .ofs_x = 1, .ofs_y = 0},
    {.bitmap_index = 27356, .adv_w = 315, .box_w = 18, .box_h = 22, .ofs_x = 1, .ofs_y = 0},
    {.bitmap_index = 27554, .adv_w = 279, .box_w = 15, .box_h = 24, .ofs_x = 1, .ofs_y = 0},
    {.bitmap_index = 27734, .adv_w = 279, .box_w = 15, .box_h = 24, .ofs_x = 1, .ofs_y = 0},
    {.bitmap_index = 27914, .adv_w = 279, .box_w = 15, .box_h = 24, .ofs_x = 1, .ofs_y = 0},
    {.bitmap_index = 28094, .adv_w = 279, .box_w = 15, .box_h = 24, .ofs_x = 1, .ofs_y = 0},
    {.bitmap_index = 28274, .adv_w = 279, .box_w = 15, .box_h = 24, .ofs_x = 1, .ofs_y = 0},
    {.bitmap_index = 28454, .adv_w = 279, .box_w = 15, .box_h = 26, .ofs_x = 1, .ofs_y = 0},
    {.bitmap_index = 28649, .adv_w = 437, .box_w = 26, .box_h = 17, .ofs_x = 1, .ofs_y = 0},
    {.bitmap_index = 28870, .adv_w = 282, .box_w = 16, .box_h = 23, .ofs_x = 1, .ofs_y = -6},
    {.bitmap_index = 29054, .adv_w = 286, .box_w = 16, .box_h = 24, .ofs_x = 1, .ofs_y = 0},
    {.bitmap_index = 29246, .adv_w = 286, .box_w = 16, .box_h = 24, .ofs_x = 1, .ofs_y = 0},
    {.bitmap_index = 29438, .adv_w = 286, .box_w = 16, .box_h = 24, .ofs_x = 1, .ofs_y = 0},
    {.bitmap_index = 29630, .adv_w = 286, .box_w = 16, .box_h = 24, .ofs_x = 1, .ofs_y = 0},
    {.bitmap_index = 29822, .adv_w = 130, .box_w = 8, .box_h = 24, .ofs_x = -1, .ofs_y = 0},
    {.bitmap_index = 29918, .adv_w = 130, .box_w = 8, .box_h = 24, .ofs_x = 1, .ofs_y = 0},
    {.bitmap_index = 30014, .adv_w = 130, .box_w = 12, .box_h = 24, .ofs_x = -2, .ofs_y = 0},
    {.bitmap_index = 30158, .adv_w = 130, .box_w = 12, .box_h = 24, .ofs_x = -2, .ofs_y = 0},
    {.bitmap_index = 30302, .adv_w = 288, .box_w = 16, .box_h = 24, .ofs_x = 1, .ofs_y = 0},
    {.bitmap_index = 30494, .adv_w = 299, .box_w = 16, .box_h = 24, .ofs_x = 1, .ofs_y = 0},
    {.bitmap_index = 30686, .adv_w = 294, .box_w = 17, .box_h = 24, .ofs_x = 1, .ofs_y = 0},
    {.bitmap_index = 30890, .adv_w = 294, .box_w = 17, .box_h = 24, .ofs_x = 1, .ofs_y = 0},
    {.bitmap_index = 31094, .adv_w = 294, .box_w = 17, .box_h = 24, .ofs_x = 1, .ofs_y = 0},
    {.bitmap_index = 31298, .adv_w = 294, .box_w = 17, .box_h = 24, .ofs_x = 1, .ofs_y = 0},
    {.bitmap_index = 31502, .adv_w = 294, .box_w = 17, .box_h = 24, .ofs_x = 1, .ofs_y = 0},
    {.bitmap_index = 31706, .adv_w = 326, .box_w = 16, .box_h = 18, .ofs_x = 2, .ofs_y = 0},
    {.bitmap_index = 31850, .adv_w = 294, .box_w = 17, .box_h = 19, .ofs_x = 1, .ofs_y = -1},
    {.bitmap_index = 32012, .adv_w = 299, .box_w = 16, .box_h = 24, .ofs_x = 1, .ofs_y = 0},
    {.bitmap_index = 32204, .adv_w = 299, .box_w = 16, .box_h = 24, .ofs_x = 1, .ofs_y = 0},
    {.bitmap_index = 32396, .adv_w = 299, .box_w = 16, .box_h = 24, .ofs_x = 1, .ofs_y = 0},
    {.bitmap_index = 32588, .adv_w = 299, .box_w = 16, .box_h = 24, .ofs_x = 1, .ofs_y = 0},
    {.bitmap_index = 32780, .adv_w = 289, .box_w = 18, .box_h = 30, .ofs_x = 0, .ofs_y = -6},
    {.bitmap_index = 33050, .adv_w = 303, .box_w = 17, .box_h = 28, .ofs_x = 1, .ofs_y = -6},
    {.bitmap_index = 33288, .adv_w = 289, .box_w = 18, .box_h = 30, .ofs_x = 0, .ofs_y = -6},
    {.bitmap_index = 33558, .adv_w = 358, .box_w = 22, .box_h = 29, .ofs_x = 0, .ofs_y = 0},
    {.bitmap_index = 33877, .adv_w = 279, .box_w = 15, .box_h = 24, .ofs_x = 1, .ofs_y = -1},
    {.bitmap_index = 34057, .adv_w = 365, .box_w = 22, .box_h = 22, .ofs_x = 0, .ofs_y = 0},
    {.bitmap_index = 34299, .adv_w = 303, .box_w = 18, .box_h = 23, .ofs_x = 1, .ofs_y = -1},
    {.bitmap_index = 34506, .adv_w = 374, .box_w = 21, .box_h = 26, .ofs_x = 1, .ofs_y = -1},
    {.bitmap_index = 34779, .adv_w = 294, .box_w = 18, .box_h = 22, .ofs_x = 1, .ofs_y = -1},
    {.bitmap_index = 34977, .adv_w = 351, .box_w = 22, .box_h = 26, .ofs_x = 1, .ofs_y = -1},
    {.bitmap_index = 35263, .adv_w = 317, .box_w = 19, .box_h = 22, .ofs_x = 1, .ofs_y = -1},
    {.bitmap_index = 35472, .adv_w = 358, .box_w = 22, .box_h = 29, .ofs_x = 0, .ofs_y = -7},
    {.bitmap_index = 35791, .adv_w = 279, .box_w = 15, .box_h = 24, .ofs_x = 1, .ofs_y = -7},
    {.bitmap_index = 35971, .adv_w = 358, .box_w = 22, .box_h = 29, .ofs_x = 0, .ofs_y = 0},
    {.bitmap_index = 36290, .adv_w = 279, .box_w = 15, .box_h = 25, .ofs_x = 1, .ofs_y = -1},
    {.bitmap_index = 36478, .adv_w = 358, .box_w = 22, .box_h = 34, .ofs_x = 0, .ofs_y = 0},
    {.bitmap_index = 36852, .adv_w = 279, .box_w = 16, .box_h = 29, .ofs_x = 1, .ofs_y = -1},
    {.bitmap_index = 37084, .adv_w = 358, .box_w = 22, .box_h = 34, .ofs_x = 0, .ofs_y = 0},
    {.bitmap_index = 37458, .adv_w = 279, .box_w = 15, .box_h = 29, .ofs_x = 1, .ofs_y = -1},
    {.bitmap_index = 37676, .adv_w = 358, .box_w = 22, .box_h = 34, .ofs_x = 0, .ofs_y = 0},
    {.bitmap_index = 38050, .adv_w = 279, .box_w = 15, .box_h = 29, .ofs_x = 1, .ofs_y = -1},
    {.bitmap_index = 38268, .adv_w = 358, .box_w = 22, .box_h = 33, .ofs_x = 0, .ofs_y = 0},
    {.bitmap_index = 38631, .adv_w = 279, .box_w = 15, .box_h = 29, .ofs_x = 1, .ofs_y = -1},
    {.bitmap_index = 38849, .adv_w = 358, .box_w = 22, .box_h = 36, .ofs_x = 0, .ofs_y = -7},
    {.bitmap_index = 39245, .adv_w = 279, .box_w = 15, .box_h = 31, .ofs_x = 1, .ofs_y = -7},
    {.bitmap_index = 39478, .adv_w = 358, .box_w = 22, .box_h = 34, .ofs_x = 0, .ofs_y = 0},
    {.bitmap_index = 39852, .adv_w = 279, .box_w = 15, .box_h = 29, .ofs_x = 1, .ofs_y = -1},
    {.bitmap_index = 40070, .adv_w = 358, .box_w = 22, .box_h = 34, .ofs_x = 0, .ofs_y = 0},
    {.bitmap_index = 40444, .adv_w = 279, .box_w = 15, .box_h = 29, .ofs_x = 1, .ofs_y = -1},
    {.bitmap_index = 40662, .adv_w = 358, .box_w = 22, .box_h = 34, .ofs_x = 0, .ofs_y = 0},
    {.bitmap_index = 41036, .adv_w = 279, .box_w = 15, .box_h = 29, .ofs_x = 1, .ofs_y = -1},
    {.bitmap_index = 41254, .adv_w = 358, .box_w = 22, .box_h = 33, .ofs_x = 0, .ofs_y = 0},
    {.bitmap_index = 41617, .adv_w = 279, .box_w = 15, .box_h = 29, .ofs_x = 1, .ofs_y = -1},
    {.bitmap_index = 41835, .adv_w = 358, .box_w = 22, .box_h = 36, .ofs_x = 0, .ofs_y = -7},
    {.bitmap_index = 42231, .adv_w = 279, .box_w = 15, .box_h = 30, .ofs_x = 1, .ofs_y = -7},
    {.bitmap_index = 42456, .adv_w = 292, .box_w = 16, .box_h = 29, .ofs_x = 1, .ofs_y = -7},
    {.bitmap_index = 42688, .adv_w = 286, .box_w = 16, .box_h = 24, .ofs_x = 1, .ofs_y = -7},
    {.bitmap_index = 42880, .adv_w = 292, .box_w = 16, .box_h = 29, .ofs_x = 1, .ofs_y = 0},
    {.bitmap_index = 43112, .adv_w = 286, .box_w = 16, .box_h = 25, .ofs_x = 1, .ofs_y = -1},
    {.bitmap_index = 43312, .adv_w = 292, .box_w = 16, .box_h = 29, .ofs_x = 1, .ofs_y = 0},
    {.bitmap_index = 43544, .adv_w = 286, .box_w = 16, .box_h = 24, .ofs_x = 1, .ofs_y = -1},
    {.bitmap_index = 43736, .adv_w = 292, .box_w = 16, .box_h = 34, .ofs_x = 1, .ofs_y = 0},
    {.bitmap_index = 44008, .adv_w = 286, .box_w = 16, .box_h = 29, .ofs_x = 1, .ofs_y = -1},
    {.bitmap_index = 44240, .adv_w = 292, .box_w = 16, .box_h = 34, .ofs_x = 1, .ofs_y = 0},
    {.bitmap_index = 44512, .adv_w = 286, .box_w = 16, .box_h = 29, .ofs_x = 1, .ofs_y = -1},
    {.bitmap_index = 44744, .adv_w = 292, .box_w = 16, .box_h = 34, .ofs_x = 1, .ofs_y = 0},
    {.bitmap_index = 45016, .adv_w = 286, .box_w = 16, .box_h = 29, .ofs_x = 1, .ofs_y = -1},
    {.bitmap_index = 45248, .adv_w = 292, .box_w = 16, .box_h = 33, .ofs_x = 1, .ofs_y = 0},
    {.bitmap_index = 45512, .adv_w = 286, .box_w = 16, .box_h = 29, .ofs_x = 1, .ofs_y = -1},
    {.bitmap_index = 45744, .adv_w = 292, .box_w = 16, .box_h = 36, .ofs_x = 1, .ofs_y = -7},
    {.bitmap_index = 46032, .adv_w = 286, .box_w = 16, .box_h = 31, .ofs_x = 1, .ofs_y = -7},
    {.bitmap_index = 46280, .adv_w = 135, .box_w = 6, .box_h = 29, .ofs_x = 1, .ofs_y = 0},
    {.bitmap_index = 46367, .adv_w = 130, .box_w = 6, .box_h = 24, .ofs_x = 1, .ofs_y = 0},
    {.bitmap_index = 46439, .adv_w = 135, .box_w = 6, .box_h = 29, .ofs_x = 1, .ofs_y = -7},
    {.bitmap_index = 46526, .adv_w = 130, .box_w = 6, .box_h = 31, .ofs_x = 1, .ofs_y = -7},
    {.bitmap_index = 46619, .adv_w = 370, .box_w = 21, .box_h = 30, .ofs_x = 1, .ofs_y = -7},
    {.bitmap_index = 46934, .adv_w = 294, .box_w = 17, .box_h = 24, .ofs_x = 1, .ofs_y = -7},
    {.bitmap_index = 47138, .adv_w = 370, .box_w = 21, .box_h = 30, .ofs_x = 1, .ofs_y = -1},
    {.bitmap_index = 47453, .adv_w = 294, .box_w = 17, .box_h = 25, .ofs_x = 1, .ofs_y = -1},
    {.bitmap_index = 47666, .adv_w = 370, .box_w = 21, .box_h = 35, .ofs_x = 1, .ofs_y = -1},
    {.bitmap_index = 48034, .adv_w = 294, .box_w = 17, .box_h = 29, .ofs_x = 1, .ofs_y = -1},
    {.bitmap_index = 48281, .adv_w = 370, .box_w = 21, .box_h = 35, .ofs_x = 1, .ofs_y = -1},
    {.bitmap_index = 48649, .adv_w = 294, .box_w = 17, .box_h = 29, .ofs_x = 1, .ofs_y = -1},
    {.bitmap_index = 48896, .adv_w = 370, .box_w = 21, .box_h = 35, .ofs_x = 1, .ofs_y = -1},
    {.bitmap_index = 49264, .adv_w = 294, .box_w = 17, .box_h = 29, .ofs_x = 1, .ofs_y = -1},
    {.bitmap_index = 49511, .adv_w = 370, .box_w = 21, .box_h = 34, .ofs_x = 1, .ofs_y = -1},
    {.bitmap_index = 49868, .adv_w = 294, .box_w = 17, .box_h = 29, .ofs_x = 1, .ofs_y = -1},
    {.bitmap_index = 50115, .adv_w = 370, .box_w = 21, .box_h = 36, .ofs_x = 1, .ofs_y = -7},
    {.bitmap_index = 50493, .adv_w = 294, .box_w = 17, .box_h = 31, .ofs_x = 1, .ofs_y = -7},
    {.bitmap_index = 50757, .adv_w = 374, .box_w = 21, .box_h = 30, .ofs_x = 1, .ofs_y = -1},
    {.bitmap_index = 51072, .adv_w = 294, .box_w = 18, .box_h = 25, .ofs_x = 1, .ofs_y = -1},
    {.bitmap_index = 51297, .adv_w = 374, .box_w = 21, .box_h = 30, .ofs_x = 1, .ofs_y = -1},
    {.bitmap_index = 51612, .adv_w = 294, .box_w = 18, .box_h = 25, .ofs_x = 1, .ofs_y = -1},
    {.bitmap_index = 51837, .adv_w = 374, .box_w = 21, .box_h = 30, .ofs_x = 1, .ofs_y = -1},
    {.bitmap_index = 52152, .adv_w = 294, .box_w = 18, .box_h = 25, .ofs_x = 1, .ofs_y = -1},
    {.bitmap_index = 52377, .adv_w = 374, .box_w = 21, .box_h = 30, .ofs_x = 1, .ofs_y = -1},
    {.bitmap_index = 52692, .adv_w = 294, .box_w = 18, .box_h = 24, .ofs_x = 1, .ofs_y = -1},
    {.bitmap_index = 52908, .adv_w = 374, .box_w = 21, .box_h = 32, .ofs_x = 1, .ofs_y = -7},
    {.bitmap_index = 53244, .adv_w = 294, .box_w = 18, .box_h = 28, .ofs_x = 1, .ofs_y = -7},
    {.bitmap_index = 53496, .adv_w = 351, .box_w = 19, .box_h = 29, .ofs_x = 1, .ofs_y = -7},
    {.bitmap_index = 53772, .adv_w = 299, .box_w = 16, .box_h = 24, .ofs_x = 1, .ofs_y = -7},
    {.bitmap_index = 53964, .adv_w = 351, .box_w = 19, .box_h = 30, .ofs_x = 1, .ofs_y = -1},
    {.bitmap_index = 54249, .adv_w = 299, .box_w = 16, .box_h = 25, .ofs_x = 1, .ofs_y = -1},
    {.bitmap_index = 54449, .adv_w = 351, .box_w = 22, .box_h = 30, .ofs_x = 1, .ofs_y = -1},
    {.bitmap_index = 54779, .adv_w = 317, .box_w = 19, .box_h = 25, .ofs_x = 1, .ofs_y = -1},
    {.bitmap_index = 55017, .adv_w = 351, .box_w = 22, .box_h = 30, .ofs_x = 1, .ofs_y = -1},
    {.bitmap_index = 55347, .adv_w = 317, .box_w = 19, .box_h = 25, .ofs_x = 1, .ofs_y = -1},
    {.bitmap_index = 55585, .adv_w = 351, .box_w = 22, .box_h = 30, .ofs_x = 1, .ofs_y = -1},
    {.bitmap_index = 55915, .adv_w = 317, .box_w = 19, .box_h = 25, .ofs_x = 1, .ofs_y = -1},
    {.bitmap_index = 56153, .adv_w = 351, .box_w = 22, .box_h = 30, .ofs_x = 1, .ofs_y = -1},
    {.bitmap_index = 56483, .adv_w = 317, .box_w = 19, .box_h = 24, .ofs_x = 1, .ofs_y = -1},
    {.bitmap_index = 56711, .adv_w = 351, .box_w = 22, .box_h = 32, .ofs_x = 1, .ofs_y = -7},
    {.bitmap_index = 57063, .adv_w = 317, .box_w = 19, .box_h = 28, .ofs_x = 1, .ofs_y = -7},
    {.bitmap_index = 57329, .adv_w = 351, .box_w = 22, .box_h = 29, .ofs_x = 0, .ofs_y = 0},
    {.bitmap_index = 57648, .adv_w = 289, .box_w = 18, .box_h = 31, .ofs_x = 0, .ofs_y = -7},
    {.bitmap_index = 57927, .adv_w = 351, .box_w = 22, .box_h = 29, .ofs_x = 0, .ofs_y = -7},
    {.bitmap_index = 58246, .adv_w = 289, .box_w = 18, .box_h = 24, .ofs_x = 0, .ofs_y = -7},
    {.bitmap_index = 58462, .adv_w = 351, .box_w = 22, .box_h = 29, .ofs_x = 0, .ofs_y = 0},
    {.bitmap_index = 58781, .adv_w = 289, .box_w = 18, .box_h = 31, .ofs_x = 0, .ofs_y = -7},
    {.bitmap_index = 59060, .adv_w = 351, .box_w = 22, .box_h = 29, .ofs_x = 0, .ofs_y = 0},
    {.bitmap_index = 59379, .adv_w = 289, .box_w = 18, .box_h = 30, .ofs_x = 0, .ofs_y = -7},
    {.bitmap_index = 59649, .adv_w = 240, .box_w = 15, .box_h = 4, .ofs_x = 0, .ofs_y = 7},
    {.bitmap_index = 59679, .adv_w = 480, .box_w = 30, .box_h = 4, .ofs_x = 0, .ofs_y = 7},
    {.bitmap_index = 59739, .adv_w = 149, .box_w = 7, .box_h = 10, .ofs_x = 2, .ofs_y = 12},
    {.bitmap_index = 59774, .adv_w = 149, .box_w = 7, .box_h = 10, .ofs_x = 2, .ofs_y = 13},
    {.bitmap_index = 59809, .adv_w = 139, .box_w = 7, .box_h = 10, .ofs_x = 1, .ofs_y = -6},
    {.bitmap_index = 59844, .adv_w = 259, .box_w = 13, .box_h = 10, .ofs_x = 2, .ofs_y = 12},
    {.bitmap_index = 59909, .adv_w = 255, .box_w = 13, .box_h = 10, .ofs_x = 2, .ofs_y = 12},
    {.bitmap_index = 59974, .adv_w = 245, .box_w = 14, .box_h = 10, .ofs_x = 1, .ofs_y = -6},
    {.bitmap_index = 60044, .adv_w = 228, .box_w = 10, .box_h = 10, .ofs_x = 2, .ofs_y = 4},
    {.bitmap_index = 60094, .adv_w = 481, .box_w = 26, .box_h = 6, .ofs_x = 2, .ofs_y = 0},
    {.bitmap_index = 60172, .adv_w = 132, .box_w = 6, .box_h = 9, .ofs_x = 1, .ofs_y = 13},
    {.bitmap_index = 60199, .adv_w = 263, .box_w = 14, .box_h = 9, .ofs_x = 1, .ofs_y = 13},
    {.bitmap_index = 60262, .adv_w = 207, .box_w = 11, .box_h = 15, .ofs_x = 1, .ofs_y = 2},
    {.bitmap_index = 60345, .adv_w = 207, .box_w = 11, .box_h = 15, .ofs_x = 1, .ofs_y = 2}
};

/*---------------------
 *  CHARACTER MAPPING
 *--------------------*/

static const uint16_t unicode_list_3[] = {
    0x0, 0x1, 0xe, 0xf, 0x9e, 0x9f, 0xad, 0xae
};

static const uint16_t unicode_list_5[] = {
    0x0, 0x1, 0x5, 0x6, 0x7, 0x9, 0xa, 0xb,
    0xf, 0x13, 0x1f, 0x20, 0x26, 0x27
};

/*Collect the unicode lists and glyph_id offsets*/
static const lv_font_fmt_txt_cmap_t cmaps[] =
{
    {
        .range_start = 32, .range_length = 95, .glyph_id_start = 1,
        .unicode_list = NULL, .glyph_id_ofs_list = NULL, .list_length = 0, .type = LV_FONT_FMT_TXT_CMAP_FORMAT0_TINY
    },
    {
        .range_start = 160, .range_length = 13, .glyph_id_start = 96,
        .unicode_list = NULL, .glyph_id_ofs_list = NULL, .list_length = 0, .type = LV_FONT_FMT_TXT_CMAP_FORMAT0_TINY
    },
    {
        .range_start = 174, .range_length = 82, .glyph_id_start = 109,
        .unicode_list = NULL, .glyph_id_ofs_list = NULL, .list_length = 0, .type = LV_FONT_FMT_TXT_CMAP_FORMAT0_TINY
    },
    {
        .range_start = 258, .range_length = 175, .glyph_id_start = 191,
        .unicode_list = unicode_list_3, .glyph_id_ofs_list = NULL, .list_length = 8, .type = LV_FONT_FMT_TXT_CMAP_SPARSE_TINY
    },
    {
        .range_start = 7840, .range_length = 90, .glyph_id_start = 199,
        .unicode_list = NULL, .glyph_id_ofs_list = NULL, .list_length = 0, .type = LV_FONT_FMT_TXT_CMAP_FORMAT0_TINY
    },
    {
        .range_start = 8211, .range_length = 40, .glyph_id_start = 289,
        .unicode_list = unicode_list_5, .glyph_id_ofs_list = NULL, .list_length = 14, .type = LV_FONT_FMT_TXT_CMAP_SPARSE_TINY
    }
};

/*-----------------
 *    KERNING
 *----------------*/


/*Map glyph_ids to kern left classes*/
static const uint8_t kern_left_class_mapping[] =
{
    0, 0, 0, 1, 0, 0, 2, 3,
    1, 4, 5, 6, 7, 8, 7, 8,
    9, 10, 11, 12, 13, 14, 15, 16,
    17, 13, 10, 18, 18, 0, 19, 20,
    0, 21, 0, 0, 0, 0, 0, 0,
    0, 0, 0, 0, 0, 0, 0, 0,
    0, 0, 0, 0, 0, 0, 0, 0,
    0, 0, 0, 0, 4, 22, 5, 6,
    23, 0, 0, 0, 0, 0, 0, 0,
    0, 0, 0, 0, 0, 0, 0, 0,
    0, 0, 0, 0, 0, 0, 0, 0,
    0, 0, 0, 0, 4, 11, 5, 7,
    0, 24, 25, 0, 0, 0, 0, 0,
    0, 21, 0, 0, 0, 26, 0, 6,
    19, 0, 0, 0, 27, 11, 28, 0,
    0, 0, 29, 0, 0, 0, 30, 0,
    0, 0, 0, 0, 0, 0, 0, 0,
    0, 0, 0, 0, 0, 0, 0, 0,
    0, 0, 0, 0, 0, 0, 31, 0,
    0, 0, 0, 0, 0, 0, 0, 0,
    0, 0, 0, 0, 0, 0, 0, 0,
    0, 0, 0, 0, 0, 0, 0, 0,
    0, 0, 0, 0, 0, 0, 7, 0,
    0, 0, 0, 0, 0, 0, 0, 0,
    0, 0, 0, 0, 0, 0, 0, 0,
    0, 0, 0, 0, 0, 0, 0, 0,
    0, 0, 0, 0, 0, 0, 0, 0,
    0, 0, 0, 0, 0, 0, 0, 0,
    0, 0, 0, 0, 0, 0, 0, 0,
    0, 0, 0, 0, 0, 0, 0, 0,
    0, 0, 0, 0, 0, 0, 0, 0,
    0, 0, 0, 0, 0, 0, 0, 0,
    0, 0, 0, 0, 0, 0, 0, 0,
    0, 0, 0, 0, 0, 0, 0, 0,
    0, 0, 0, 0, 0, 0, 0, 0,
    0, 0, 0, 0, 0, 0, 0, 0,
    0, 0, 0, 32, 33, 34, 32, 33,
    34, 31, 8, 0, 0, 0, 29
};

/*Map glyph_ids to kern right classes*/
static const uint8_t kern_right_class_mapping[] =
{
    0, 1, 2, 3, 4, 5, 0, 6,
    3, 0, 7, 8, 9, 10, 9, 10,
    11, 12, 13, 14, 15, 16, 17, 12,
    18, 19, 20, 21, 21, 22, 23, 0,
    24, 25, 0, 0, 0, 0, 0, 0,
    0, 0, 0, 0, 0, 0, 0, 0,
    0, 0, 0, 0, 0, 0, 0, 0,
    0, 0, 0, 0, 0, 26, 7, 8,
    27, 0, 0, 0, 0, 0, 0, 0,
    0, 0, 0, 0, 0, 0, 0, 0,
    0, 0, 0, 0, 0, 0, 0, 0,
    0, 0, 0, 0, 0, 28, 7, 29,
    0, 0, 30, 0, 0, 0, 0, 0,
    0, 25, 0, 31, 32, 33, 0, 8,
    23, 0, 0, 0, 34, 35, 9, 0,
    0, 0, 36, 0, 0, 0, 37, 0,
    0, 0, 0, 0, 0, 0, 0, 0,
    0, 0, 0, 0, 0, 0, 0, 0,
    0, 0, 0, 0, 0, 0, 36, 0,
    0, 0, 0, 0, 0, 0, 0, 0,
    0, 0, 0, 0, 0, 0, 0, 0,
    0, 0, 0, 0, 0, 0, 0, 0,
    0, 0, 0, 0, 0, 0, 9, 0,
    0, 0, 0, 0, 0, 0, 0, 0,
    0, 0, 0, 0, 0, 0, 0, 0,
    0, 0, 0, 0, 0, 0, 0, 0,
    0, 0, 0, 0, 0, 0, 0, 0,
    0, 0, 0, 0, 0, 0, 0, 0,
    0, 0, 0, 0, 0, 0, 0, 0,
    0, 0, 0, 0, 0, 0, 0, 0,
    0, 0, 0, 0, 0, 0, 0, 0,
    0, 0, 0, 0, 0, 0, 0, 0,
    0, 0, 0, 0, 0, 0, 0, 0,
    0, 0, 0, 0, 0, 0, 0, 0,
    0, 0, 0, 0, 0, 0, 0, 0,
    0, 0, 0, 0, 0, 0, 0, 0,
    0, 0, 0, 38, 39, 40, 38, 39,
    40, 36, 10, 0, 0, 31, 36
};

/*Kern values between classes*/
static const int8_t kern_class_values[] =
{
    0, 0, 0, 0, 0, -16, 0, 0,
    0, -43, 0, 0, 0, 0, 0, -30,
    0, 0, 0, 0, 0, 0, 0, 0,
    0, 0, 0, 0, 0, -10, 0, 0,
    0, 0, 0, 0, 0, 0, 0, 0,
    0, 0, 0, 0, 0, 0, 0, 0,
    0, 0, 0, 0, 0, 0, 0, 0,
    0, 0, 0, 0, 0, 0, 0, 0,
    0, 0, 0, 0, 0, 0, 0, 0,
    0, 0, 0, 0, 0, -30, -33, 0,
    0, 0, -16, 0, 0, 0, 0, 0,
    0, 0, 0, 0, 0, 0, 0, 0,
    0, 0, 0, 0, 0, 0, 0, 0,
    0, -30, 0, 0, 0, 0, 0, 0,
    -11, 0, 0, 0, 0, -44, 0, 0,
    0, 0, 0, 0, 0, 0, 0, 0,
    0, 0, 0, 0, 0, 0, 0, 0,
    0, 0, 0, 0, 0, 0, 0, 0,
    0, 0, 0, 9, 0, -3, 0, 0,
    0, 0, 0, 0, 0, 0, 0, 0,
    0, 0, 0, 0, 0, 0, 0, 0,
    0, 0, 0, 0, 0, 0, 0, 0,
    0, 0, 0, 0, 0, 0, 0, 0,
    0, 0, 0, 0, 0, 0, 0, 0,
    0, 0, 0, 0, 0, -16, 0, 0,
    0, 0, 0, 0, 0, -16, 0, 0,
    0, -65, 0, 0, 0, 0, 0, -22,
    0, 0, 0, 0, 0, 0, 0, 0,
    -8, 0, -33, 0, 0, 0, 0, 0,
    0, 0, 0, 0, 0, 0, 0, 0,
    0, 0, 0, 0, 0, 0, 0, 0,
    0, 0, 0, 0, 0, -10, -3, 0,
    0, -14, 0, 0, 0, 0, 0, 0,
    0, -22, 0, 0, 0, 0, 0, 0,
    0, 0, -4, 0, 0, -14, 0, 0,
    -15, -6, -48, 0, 0, 0, 0, 0,
    0, 0, 0, -14, -43, 0, -11, 0,
    -3, -12, -14, -6, 0, 0, 0, -42,
    -21, 0, 0, 0, 0, 0, 0, 0,
    0, 0, -24, 0, 0, 0, -45, 0,
    0, 0, 0, 0, 0, 0, 0, 0,
    0, -19, 0, 0, 0, 0, 0, 0,
    0, 0, 0, 0, 0, 0, 0, 0,
    0, 4, 0, 0, 0, 0, 0, 0,
    0, 0, 0, 0, 0, 0, 0, 0,
    0, 0, 0, 0, 0, 0, 0, 0,
    0, -14, 0, 0, 0, 0, 0, 0,
    0, -9, 0, 0, 0, 0, 0, 0,
    0, -12, -22, 0, 0, 0, 0, 0,
    0, 0, 0, 0, 0, -22, 0, -24,
    0, 0, 0, 0, 0, 0, 9, 0,
    0, 0, 0, 0, 0, 0, 0, 0,
    0, 0, 0, 0, 0, 0, 0, 0,
    0, 0, 9, 0, 0, 0, 0, 0,
    0, 0, 0, 0, 0, 0, 0, 0,
    0, 0, 0, 0, 0, 0, 0, 0,
    0, 0, 0, 0, 0, 0, 0, -7,
    0, 0, 0, 0, 0, 0, 0, 0,
    0, 0, 0, 0, 0, 0, 0, 0,
    0, 0, 0, 0, 0, 0, 0, 0,
    0, 0, 0, 0, 0, 0, 0, -3,
    0, -10, 0, 0, 0, 0, 0, 0,
    0, 0, 0, 0, 0, 0, 0, 0,
    0, 0, 0, 0, 0, 0, -16, 0,
    0, 0, 0, 0, 0, 0, 0, -24,
    0, 0, 0, 0, 0, 0, 0, -17,
    0, -16, 0, 0, -18, 0, 0, 0,
    0, 0, 0, 0, 0, 0, 0, 0,
    0, 0, 0, 0, 0, 0, 0, 0,
    -3, 0, -21, 0, 0, 0, 0, 0,
    0, 0, 0, 0, 0, 0, 0, -3,
    0, -11, 0, 0, 0, 0, 0, 0,
    0, 0, 0, 0, 0, 0, 0, 0,
    0, 0, 0, 0, 0, 0, 0, 0,
    -3, 0, 0, 0, 0, 0, 0, 0,
    0, 0, 0, 0, 0, 0, 0, 0,
    0, -14, 0, 0, 0, 0, 0, 0,
    0, 0, 0, 0, 0, 0, 0, 0,
    0, 0, -22, 0, 0, 0, 0, 0,
    0, 0, 0, 0, 0, 0, 0, -22,
    0, 0, 0, -27, 0, -22, 0, 0,
    0, -60, 0, -7, 0, 0, -8, -28,
    -5, 9, -7, -5, -16, -44, 0, 0,
    0, 0, -76, 0, 0, -24, -30, 0,
    0, 0, 0, 0, 0, 0, 0, -68,
    0, 0, 0, 0, 0, 0, 0, 0,
    0, 0, 0, 0, 0, 0, 0, 0,
    0, 0, 0, 0, 0, 0, 0, 0,
    0, -30, 0, 0, 0, 0, 0, 0,
    0, 0, 0, 0, 0, -22, 0, 0,
    0, 0, 0, 0, 0, 0, 0, 0,
    0, 0, 0, 0, 0, 0, 0, 0,
    0, 0, 0, 0, 0, 0, 0, 0,
    0, -33, 0, 0, 0, 0, 0, 0,
    0, 0, 0, 0, 0, -27, 0, 0,
    0, 0, 0, 0, 0, 0, 0, 0,
    0, 0, 0, 0, 0, 0, 0, 0,
    0, -35, 0, 0, 0, 0, 0, 0,
    0, -35, 0, 0, 0, 0, 0, 0,
    0, 0, 0, 0, 0, -46, 0, 0,
    0, 0, 0, 0, 0, 0, 0, 0,
    0, -21, -19, 0, 0, 0, 0, 0,
    0, 0, 0, 0, 0, 0, 0, 0,
    0, -19, -19, 0, 0, 0, 0, 0,
    -3, 0, 0, 0, 0, -16, 0, -19,
    0, 0, -38, 0, -7, 0, 0, -45,
    -16, 0, 6, 0, -24, 0, 0, 0,
    0, 0, 0, 0, 0, -18, -24, -30,
    -20, -23, 0, 0, -16, -11, -16, -16,
    -34, 0, -25, -16, 0, -20, -27, 0,
    0, 0, 0, 0, 0, 0, 0, -33,
    0, 0, 0, -22, -52, 0, -22, -27,
    -22, 0, -22, -22, 0, 0, 0, 0,
    -19, -38, 0, 16, 0, 0, 0, 0,
    0, 0, -22, 0, 0, -19, 0, 0,
    0, 0, 0, 0, 0, 0, 0, 0,
    0, 0, 0, 0, 0, 0, 0, 0,
    0, 0, 0, 0, 0, 0, 0, 0,
    0, -16, 0, 0, 0, 0, 0, 0,
    0, 0, 0, 0, 0, -16, 0, 0,
    0, 0, -10, 0, 0, 0, -6, 0,
    0, 0, 0, 0, -16, 0, 0, 0,
    0, 0, 0, 0, 0, 0, 0, 0,
    0, -29, 0, 0, 0, 0, 0, 0,
    -5, 0, 0, 0, 0, -30, -11, 0,
    0, 0, 0, 0, 0, -16, 0, 0,
    0, 0, 0, 0, 0, 0, 0, -24,
    0, 0, 0, 0, 0, 0, 0, 0,
    -3, 0, 0, 0, 0, -14, 0, 0,
    0, 0, 0, 0, 0, 0, 0, 0,
    0, 0, 0, 0, 0, 0, 0, 0,
    -18, 0, -16, 0, 0, 0, 0, 0,
    0, 0, 0, 0, 0, -19, 0, 0,
    0, 0, -16, 0, -18, 0, 0, -16,
    0, 0, 0, 0, 0, -24, 7, 0,
    0, 0, 0, 0, 0, 0, 0, 0,
    0, 0, 0, 0, 0, -10, -3, 0,
    0, -14, 0, 0, 0, 0, 0, 0,
    0, -19, 0, 0, 0, 0, 0, 0,
    0, 0, -4, 0, 0, -14, 0, 0,
    0, 0, 0, 0, 0, 0, 0, 0,
    0, 0, 0, 0, -19, -24, -22, 0,
    0, -24, -16, 0, 0, 0, 0, 0,
    0, -30, 0, 0, 0, 0, 0, 0,
    0, 0, 0, 0, 0, -41, 0, 0,
    0, 0, 0, 0, 0, 0, 0, 0,
    0, 0, 0, 0, 0, 0, 0, 0,
    0, 0, 0, 0, 0, 0, 0, 0,
    0, -56, 0, 0, 0, 0, 0, 0,
    0, 0, 0, 0, 0, -30, -16, 0,
    0, 0, 0, 0, 0, 0, 0, 0,
    0, 0, 0, 0, 0, 0, 0, 0,
    0, 0, 0, 0, 0, 0, 0, 0,
    0, -19, 0, 0, 0, 0, 0, 0,
    0, 0, 0, 0, 0, 0, 0, 0,
    0, 0, 0, 0, 0, -30, 0, 0,
    0, -51, -46, 0, 0, 0, 0, -30,
    0, 0, 0, 0, 0, 0, 0, 0,
    0, 0, 0, 0, 0, -19, 0, 0,
    0, 0, 0, 0, -30, 0, 0, -46,
    0, 0, 0, -60, 0, -33, 0, 0,
    -26, -62, -68, -22, 0, 0, 0, -46,
    0, -30, -19, 0, -27, -46, -27, 0,
    -27, 0, -19, 0, -22, -30, -41, -26,
    0, -22, -5, 0, -33, 0, 0, 0,
    0, 0, 0, 0, 0, 0, 0, 0,
    0, 0, 0, 0, -33, 0, 0, 0,
    0, 0, 0, 0, 0, 0, 0, 0,
    0, -44, 0, 0, 0, 0, 0, 0,
    0, 0, 0, 0, 0, -60, -46, 0
};


/*Collect the kern class' data in one place*/
static const lv_font_fmt_txt_kern_classes_t kern_classes =
{
    .class_pair_values   = kern_class_values,
    .left_class_mapping  = kern_left_class_mapping,
    .right_class_mapping = kern_right_class_mapping,
    .left_class_cnt      = 34,
    .right_class_cnt     = 40,
};

/*--------------------
 *  ALL CUSTOM DATA
 *--------------------*/

#if LVGL_VERSION_MAJOR == 8
/*Store all the custom data of the font*/
static  lv_font_fmt_txt_glyph_cache_t cache;
#endif

#if LVGL_VERSION_MAJOR >= 8
static const lv_font_fmt_txt_dsc_t font_dsc = {
#else
static lv_font_fmt_txt_dsc_t font_dsc = {
#endif
    .glyph_bitmap = glyph_bitmap,
    .glyph_dsc = glyph_dsc,
    .cmaps = cmaps,
    .kern_dsc = &kern_classes,
    .kern_scale = 16,
    .cmap_num = 6,
    .bpp = 4,
    .kern_classes = 1,
    .bitmap_format = 0,
#if LVGL_VERSION_MAJOR == 8
    .cache = &cache
#endif
};



/*-----------------
 *  PUBLIC FONT
 *----------------*/

/*Initialize a public general font descriptor*/
#if LVGL_VERSION_MAJOR >= 8
const lv_font_t font_inter_bold_30 = {
#else
lv_font_t font_inter_bold_30 = {
#endif
    .get_glyph_dsc = lv_font_get_glyph_dsc_fmt_txt,    /*Function pointer to get glyph's data*/
    .get_glyph_bitmap = lv_font_get_bitmap_fmt_txt,    /*Function pointer to get glyph's bitmap*/
    .line_height = 41,          /*The maximum line height required by the font*/
    .base_line = 7,             /*Baseline measured from the bottom of the line*/
#if !(LVGL_VERSION_MAJOR == 6 && LVGL_VERSION_MINOR == 0)
    .subpx = LV_FONT_SUBPX_NONE,
#endif
#if LV_VERSION_CHECK(7, 4, 0) || LVGL_VERSION_MAJOR >= 8
    .underline_position = -5,
    .underline_thickness = 3,
#endif
    .dsc = &font_dsc,          /*The custom font data. Will be accessed by `get_glyph_bitmap/dsc` */
#if LV_VERSION_CHECK(8, 2, 0) || LVGL_VERSION_MAJOR >= 9
    .fallback = NULL,
#endif
    .user_data = NULL,
};



#endif /*#if FONT_INTER_BOLD_30*/

