/*******************************************************************************
 * Size: 14 px
 * Bpp: 4
 * Opts: --font node_modules/@fontsource/inter/files/inter-latin-400-normal.woff -r 0x20-0x7E,0xA0-0xFF,0x2010-0x2043 --symbols ‹› --font node_modules/@fontsource/inter/files/inter-vietnamese-400-normal.woff -r 0x0102-0x0103,0x0110-0x0111,0x01A0-0x01A1,0x01AF-0x01B0,0x1EA0-0x1EF9 --size 14 --bpp 4 --no-compress --format lvgl --lv-font-name font_inter_14 -o out/font_inter_14.c
 ******************************************************************************/

#ifdef LV_LVGL_H_INCLUDE_SIMPLE
#include "lvgl.h"
#else
#include "lvgl/lvgl.h"
#endif

#ifndef FONT_INTER_14
#define FONT_INTER_14 1
#endif

#if FONT_INTER_14

/*-----------------
 *    BITMAPS
 *----------------*/

/*Store the image of the glyphs*/
static LV_ATTRIBUTE_LARGE_CONST const uint8_t glyph_bitmap[] = {
    /* U+0020 " " */

    /* U+0021 "!" */
    0xab, 0xaa, 0xaa, 0xaa, 0xaa, 0xaa, 0x9a, 0x11,
    0x0, 0x9a, 0xbb,

    /* U+0022 "\"" */
    0x8b, 0x3f, 0x18, 0xb2, 0xf0, 0x7a, 0x2f, 0x6,
    0xa1, 0xf0,

    /* U+0023 "#" */
    0x0, 0x2e, 0x0, 0x87, 0x0, 0x4, 0xc0, 0xb,
    0x50, 0x0, 0x69, 0x0, 0xd2, 0x1, 0xff, 0xff,
    0xff, 0xf8, 0x1, 0xc5, 0x13, 0xe1, 0x0, 0xd,
    0x20, 0x4c, 0x0, 0x0, 0xf0, 0x6, 0x90, 0xa,
    0xff, 0xff, 0xff, 0xe0, 0x16, 0xb2, 0x2c, 0x61,
    0x0, 0x79, 0x0, 0xe2, 0x0, 0xa, 0x60, 0xf,
    0x0, 0x0,

    /* U+0024 "$" */
    0x0, 0x0, 0xd0, 0x0, 0x0, 0x7, 0xdf, 0xe8,
    0x0, 0x7, 0xf6, 0xd5, 0xe9, 0x0, 0xd7, 0xd,
    0x4, 0xc0, 0xd, 0x80, 0xd0, 0x0, 0x0, 0x6f,
    0xad, 0x0, 0x0, 0x0, 0x4b, 0xff, 0x80, 0x0,
    0x0, 0xd, 0x6e, 0xb0, 0x0, 0x0, 0xd0, 0x2f,
    0x21, 0xf4, 0xd, 0x3, 0xf1, 0xb, 0xe5, 0xd5,
    0xeb, 0x0, 0x19, 0xef, 0xe9, 0x10, 0x0, 0x0,
    0xd0, 0x0, 0x0, 0x0, 0x6, 0x0, 0x0,

    /* U+0025 "%" */
    0xa, 0xfb, 0x0, 0x0, 0x89, 0x0, 0x4d, 0xa,
    0x60, 0x3, 0xe1, 0x0, 0x6a, 0x7, 0x80, 0xc,
    0x50, 0x0, 0x4d, 0xb, 0x60, 0x7b, 0x0, 0x0,
    0x9, 0xea, 0x2, 0xe1, 0x0, 0x0, 0x0, 0x0,
    0xb, 0x60, 0x0, 0x0, 0x0, 0x0, 0x5c, 0x1,
    0xce, 0x50, 0x0, 0x1, 0xe2, 0xa, 0x71, 0xf0,
    0x0, 0xa, 0x80, 0xc, 0x30, 0xe2, 0x0, 0x4d,
    0x0, 0xa, 0x61, 0xf0, 0x0, 0xd3, 0x0, 0x2,
    0xde, 0x60,

    /* U+0026 "&" */
    0x0, 0x7e, 0xe8, 0x0, 0x0, 0x4f, 0x43, 0xe5,
    0x0, 0x6, 0xd0, 0xc, 0x70, 0x0, 0x3f, 0x36,
    0xf2, 0x0, 0x0, 0xbf, 0xf6, 0x0, 0x0, 0xb,
    0xfa, 0x0, 0x0, 0xb, 0xd5, 0xf5, 0xc, 0x23,
    0xf2, 0x6, 0xf5, 0xf1, 0x3f, 0x10, 0x9, 0xfb,
    0x0, 0xda, 0x33, 0xaf, 0xb0, 0x2, 0xbf, 0xfa,
    0x3e, 0x60,

    /* U+0027 "'" */
    0x8b, 0x8b, 0x7a, 0x6a,

    /* U+0028 "(" */
    0x1, 0xf3, 0x7, 0xd0, 0xc, 0x70, 0xf, 0x30,
    0x4f, 0x0, 0x6d, 0x0, 0x7c, 0x0, 0x7c, 0x0,
    0x5e, 0x0, 0x2f, 0x20, 0xd, 0x60, 0x7, 0xd0,
    0x0, 0xe3,

    /* U+0029 ")" */
    0x2f, 0x20, 0xc, 0x80, 0x6, 0xe0, 0x2, 0xf2,
    0x0, 0xe6, 0x0, 0xc7, 0x0, 0xa9, 0x0, 0xb8,
    0x0, 0xc7, 0x0, 0xf3, 0x5, 0xe0, 0xb, 0x90,
    0x2f, 0x20,

    /* U+002A "*" */
    0x0, 0xf, 0x0, 0x0, 0xb2, 0xd2, 0xb0, 0x5,
    0xdf, 0xd5, 0x0, 0x6d, 0xfd, 0x60, 0xa, 0x2e,
    0x1a, 0x0, 0x0, 0xd0, 0x0,

    /* U+002B "+" */
    0x0, 0xc, 0x20, 0x0, 0x0, 0xf3, 0x0, 0x0,
    0xf, 0x30, 0xa, 0xff, 0xff, 0xfe, 0x12, 0x2f,
    0x52, 0x20, 0x0, 0xf3, 0x0, 0x0, 0xf, 0x30,
    0x0,

    /* U+002C "," */
    0x9, 0xc0, 0xb7, 0xe, 0x30, 0xe0,

    /* U+002D "-" */
    0xf, 0xff, 0xf7, 0x2, 0x22, 0x21,

    /* U+002E "." */
    0x9a, 0xbb,

    /* U+002F "/" */
    0x0, 0x3, 0x50, 0x0, 0xa7, 0x0, 0xe, 0x30,
    0x3, 0xe0, 0x0, 0x7a, 0x0, 0xb, 0x60, 0x0,
    0xf2, 0x0, 0x3e, 0x0, 0x8, 0xa0, 0x0, 0xc5,
    0x0, 0xf, 0x10, 0x4, 0xd0, 0x0, 0x89, 0x0,
    0x0,

    /* U+0030 "0" */
    0x0, 0x4d, 0xfc, 0x30, 0x3, 0xf7, 0x39, 0xe1,
    0xb, 0x90, 0x0, 0xc8, 0xf, 0x40, 0x0, 0x7c,
    0x1f, 0x20, 0x0, 0x4e, 0x2f, 0x10, 0x0, 0x4f,
    0x1f, 0x20, 0x0, 0x4e, 0xf, 0x40, 0x0, 0x7c,
    0xb, 0x90, 0x0, 0xc8, 0x3, 0xf7, 0x39, 0xf1,
    0x0, 0x5d, 0xfc, 0x30,

    /* U+0031 "1" */
    0x0, 0xbf, 0x72, 0xdc, 0xd7, 0x59, 0xd, 0x70,
    0x0, 0xd7, 0x0, 0xd, 0x70, 0x0, 0xd7, 0x0,
    0xd, 0x70, 0x0, 0xd7, 0x0, 0xd, 0x70, 0x0,
    0xd7, 0x0, 0xd, 0x70,

    /* U+0032 "2" */
    0x7, 0xef, 0xb2, 0x7, 0xf5, 0x3a, 0xe0, 0xd7,
    0x0, 0xf, 0x42, 0x10, 0x0, 0xf4, 0x0, 0x0,
    0x5f, 0x10, 0x0, 0x2e, 0x70, 0x0, 0x1d, 0xa0,
    0x0, 0xb, 0xc0, 0x0, 0xa, 0xd1, 0x0, 0x7,
    0xf6, 0x33, 0x31, 0xff, 0xff, 0xff, 0x80,

    /* U+0033 "3" */
    0x0, 0x7d, 0xfc, 0x30, 0x7, 0xf6, 0x3a, 0xe1,
    0xc, 0x60, 0x0, 0xf5, 0x0, 0x0, 0x0, 0xe5,
    0x0, 0x0, 0x18, 0xe1, 0x0, 0xa, 0xff, 0x30,
    0x0, 0x1, 0x38, 0xf4, 0x0, 0x0, 0x0, 0x9b,
    0xc, 0x30, 0x0, 0x9b, 0xb, 0xd5, 0x38, 0xf5,
    0x1, 0x9e, 0xfd, 0x50,

    /* U+0034 "4" */
    0x0, 0x0, 0x1e, 0xd0, 0x0, 0x0, 0x8, 0xfd,
    0x0, 0x0, 0x2, 0xf9, 0xd0, 0x0, 0x0, 0xaa,
    0x6d, 0x0, 0x0, 0x3f, 0x26, 0xd0, 0x0, 0xc,
    0x80, 0x6d, 0x0, 0x4, 0xf1, 0x6, 0xd0, 0x0,
    0xd7, 0x0, 0x6d, 0x0, 0x2f, 0xff, 0xff, 0xff,
    0x30, 0x33, 0x33, 0x8e, 0x30, 0x0, 0x0, 0x6,
    0xd0, 0x0,

    /* U+0035 "5" */
    0x6, 0xff, 0xff, 0xf0, 0x8, 0xb2, 0x22, 0x20,
    0xa, 0x90, 0x0, 0x0, 0xb, 0x70, 0x0, 0x0,
    0xd, 0xbd, 0xfa, 0x10, 0x9, 0x94, 0x4c, 0xd0,
    0x0, 0x0, 0x1, 0xf4, 0x0, 0x0, 0x0, 0xd6,
    0xc, 0x30, 0x1, 0xf5, 0xb, 0xd5, 0x4c, 0xd0,
    0x1, 0x9e, 0xfa, 0x10,

    /* U+0036 "6" */
    0x0, 0x3c, 0xfd, 0x50, 0x2, 0xf8, 0x37, 0xf3,
    0x9, 0xa0, 0x0, 0xa9, 0xe, 0x40, 0x0, 0x0,
    0x1f, 0x3b, 0xfd, 0x50, 0x2f, 0xd7, 0x38, 0xf4,
    0x2f, 0x80, 0x0, 0xab, 0xf, 0x40, 0x0, 0x6d,
    0xc, 0x80, 0x0, 0xaa, 0x4, 0xf7, 0x39, 0xf3,
    0x0, 0x5d, 0xfd, 0x40,

    /* U+0037 "7" */
    0x5f, 0xff, 0xff, 0xf4, 0x13, 0x33, 0x37, 0xf2,
    0x0, 0x0, 0xb, 0xa0, 0x0, 0x0, 0x2f, 0x30,
    0x0, 0x0, 0xab, 0x0, 0x0, 0x1, 0xf4, 0x0,
    0x0, 0x8, 0xd0, 0x0, 0x0, 0x1f, 0x50, 0x0,
    0x0, 0x7e, 0x0, 0x0, 0x0, 0xe6, 0x0, 0x0,
    0x6, 0xe0, 0x0, 0x0,

    /* U+0038 "8" */
    0x0, 0x6d, 0xfc, 0x30, 0x5, 0xf6, 0x3a, 0xe1,
    0xb, 0x90, 0x0, 0xe5, 0xb, 0x90, 0x0, 0xe5,
    0x5, 0xe3, 0x7, 0xe1, 0x0, 0x9f, 0xff, 0x40,
    0x8, 0xe5, 0x38, 0xf3, 0x1f, 0x30, 0x0, 0x9b,
    0x1f, 0x30, 0x0, 0x9c, 0xc, 0xd5, 0x37, 0xf6,
    0x1, 0x9e, 0xfd, 0x60,

    /* U+0039 "9" */
    0x0, 0x7e, 0xfb, 0x20, 0x8, 0xf6, 0x3a, 0xe1,
    0xf, 0x60, 0x0, 0xd7, 0x2f, 0x20, 0x0, 0x9b,
    0x1f, 0x40, 0x0, 0xcc, 0xa, 0xd2, 0x8, 0xfd,
    0x1, 0xbf, 0xfb, 0x7c, 0x0, 0x1, 0x10, 0x99,
    0xc, 0x40, 0x0, 0xe4, 0x9, 0xe5, 0x4b, 0xc0,
    0x0, 0x9e, 0xfa, 0x10,

    /* U+003A ":" */
    0x9a, 0xbb, 0x0, 0x0, 0x0, 0x0, 0x9a, 0xbb,

    /* U+003B ";" */
    0x8, 0xe0, 0x7, 0xc0, 0x0, 0x0, 0x0, 0x0,
    0x0, 0x0, 0x0, 0x0, 0x9, 0xc0, 0xb, 0x70,
    0xe, 0x30, 0xe, 0x0,

    /* U+003C "<" */
    0x0, 0x0, 0x5, 0x70, 0x0, 0x4c, 0xf6, 0x3,
    0xcf, 0x81, 0xa, 0xf7, 0x0, 0x0, 0x7f, 0xb3,
    0x0, 0x0, 0x18, 0xfb, 0x30, 0x0, 0x1, 0x9f,
    0x80, 0x0, 0x0, 0x15,

    /* U+003D "=" */
    0x7f, 0xff, 0xff, 0xb1, 0x33, 0x33, 0x32, 0x0,
    0x0, 0x0, 0x7, 0xff, 0xff, 0xfb, 0x12, 0x22,
    0x22, 0x10,

    /* U+003E ">" */
    0x57, 0x0, 0x0, 0x0, 0x3d, 0xe6, 0x0, 0x0,
    0x0, 0x6d, 0xe6, 0x0, 0x0, 0x0, 0x5d, 0xd0,
    0x0, 0x1, 0x9f, 0xa0, 0x2, 0x9f, 0xa2, 0x0,
    0x4f, 0xb3, 0x0, 0x0, 0x33, 0x0, 0x0, 0x0,

    /* U+003F "?" */
    0x4, 0xcf, 0xd5, 0x1, 0xf9, 0x27, 0xf2, 0x4c,
    0x0, 0xe, 0x60, 0x0, 0x0, 0xe5, 0x0, 0x1,
    0xbe, 0x10, 0x0, 0xdd, 0x20, 0x0, 0x4f, 0x10,
    0x0, 0x3, 0x90, 0x0, 0x0, 0x0, 0x0, 0x0,
    0x6, 0xc0, 0x0, 0x0, 0x7e, 0x10, 0x0,

    /* U+0040 "@" */
    0x0, 0x0, 0x7b, 0xdd, 0xb6, 0x0, 0x0, 0x3,
    0xea, 0x42, 0x25, 0xcc, 0x10, 0x1, 0xe6, 0x0,
    0x0, 0x0, 0x9b, 0x0, 0x9a, 0x1, 0xae, 0xbb,
    0x70, 0xe3, 0xe, 0x30, 0xba, 0x25, 0xf7, 0x9,
    0x81, 0xf0, 0x1f, 0x0, 0xa, 0x70, 0x6a, 0x2f,
    0x3, 0xd0, 0x0, 0x97, 0x6, 0xa1, 0xf0, 0x1f,
    0x0, 0xb, 0x70, 0x88, 0xf, 0x30, 0xc8, 0x3,
    0xfa, 0xc, 0x40, 0xa9, 0x2, 0xcf, 0xc3, 0xdf,
    0x90, 0x2, 0xf4, 0x0, 0x0, 0x0, 0x0, 0x0,
    0x5, 0xf9, 0x31, 0x3, 0x60, 0x0, 0x0, 0x2,
    0x9d, 0xff, 0xd9, 0x0, 0x0,

    /* U+0041 "A" */
    0x0, 0x1, 0xfb, 0x0, 0x0, 0x0, 0x7, 0xdf,
    0x10, 0x0, 0x0, 0xc, 0x7d, 0x60, 0x0, 0x0,
    0x2f, 0x29, 0xb0, 0x0, 0x0, 0x7e, 0x4, 0xf1,
    0x0, 0x0, 0xc9, 0x0, 0xf6, 0x0, 0x2, 0xf4,
    0x0, 0xac, 0x0, 0x7, 0xff, 0xff, 0xff, 0x10,
    0xc, 0xa2, 0x22, 0x2e, 0x70, 0x2f, 0x40, 0x0,
    0x9, 0xc0, 0x7e, 0x0, 0x0, 0x3, 0xf2,

    /* U+0042 "B" */
    0xcf, 0xff, 0xe9, 0x0, 0xc9, 0x33, 0x5e, 0x90,
    0xc8, 0x0, 0x5, 0xe0, 0xc8, 0x0, 0x5, 0xe0,
    0xc8, 0x0, 0x2d, 0x80, 0xcf, 0xff, 0xfb, 0x10,
    0xc9, 0x22, 0x3c, 0xd0, 0xc8, 0x0, 0x1, 0xf4,
    0xc8, 0x0, 0x0, 0xf5, 0xc9, 0x33, 0x4a, 0xf1,
    0xcf, 0xff, 0xfc, 0x30,

    /* U+0043 "C" */
    0x0, 0x8, 0xef, 0xc6, 0x0, 0x0, 0xdd, 0x64,
    0x7f, 0x80, 0x8, 0xe1, 0x0, 0x4, 0xf1, 0xe,
    0x60, 0x0, 0x0, 0x73, 0x1f, 0x20, 0x0, 0x0,
    0x0, 0x2f, 0x10, 0x0, 0x0, 0x0, 0x1f, 0x20,
    0x0, 0x0, 0x0, 0xe, 0x60, 0x0, 0x0, 0x73,
    0x8, 0xe1, 0x0, 0x4, 0xf1, 0x0, 0xdd, 0x64,
    0x8f, 0x80, 0x0, 0x8, 0xef, 0xc6, 0x0,

    /* U+0044 "D" */
    0xcf, 0xff, 0xe9, 0x10, 0xc, 0x93, 0x35, 0xce,
    0x10, 0xc8, 0x0, 0x0, 0xca, 0xc, 0x80, 0x0,
    0x4, 0xf0, 0xc8, 0x0, 0x0, 0x1f, 0x2c, 0x80,
    0x0, 0x0, 0xf3, 0xc8, 0x0, 0x0, 0x1f, 0x2c,
    0x80, 0x0, 0x5, 0xf0, 0xc8, 0x0, 0x0, 0xca,
    0xc, 0x93, 0x35, 0xcd, 0x10, 0xcf, 0xff, 0xd9,
    0x10, 0x0,

    /* U+0045 "E" */
    0xcf, 0xff, 0xff, 0x7c, 0x93, 0x33, 0x31, 0xc8,
    0x0, 0x0, 0xc, 0x80, 0x0, 0x0, 0xc8, 0x0,
    0x0, 0xc, 0xff, 0xff, 0xf1, 0xc9, 0x33, 0x33,
    0xc, 0x80, 0x0, 0x0, 0xc8, 0x0, 0x0, 0xc,
    0x93, 0x33, 0x31, 0xcf, 0xff, 0xff, 0x80,

    /* U+0046 "F" */
    0xcf, 0xff, 0xff, 0x6c, 0x93, 0x33, 0x31, 0xc8,
    0x0, 0x0, 0xc, 0x80, 0x0, 0x0, 0xc8, 0x0,
    0x0, 0xc, 0xff, 0xff, 0xe0, 0xc9, 0x33, 0x32,
    0xc, 0x80, 0x0, 0x0, 0xc8, 0x0, 0x0, 0xc,
    0x80, 0x0, 0x0, 0xc8, 0x0, 0x0, 0x0,

    /* U+0047 "G" */
    0x0, 0x19, 0xef, 0xd4, 0x0, 0x0, 0xdd, 0x64,
    0x9f, 0x60, 0x8, 0xe1, 0x0, 0x7, 0xf1, 0xe,
    0x60, 0x0, 0x0, 0xc4, 0x1f, 0x20, 0x0, 0x0,
    0x0, 0x2f, 0x10, 0x0, 0x0, 0x0, 0x1f, 0x20,
    0x5, 0xff, 0xf9, 0xe, 0x60, 0x0, 0x22, 0xc8,
    0x8, 0xe1, 0x0, 0x2, 0xf4, 0x0, 0xdd, 0x64,
    0x6e, 0xb0, 0x0, 0x19, 0xef, 0xd8, 0x0,

    /* U+0048 "H" */
    0xc8, 0x0, 0x0, 0x2f, 0x2c, 0x80, 0x0, 0x2,
    0xf2, 0xc8, 0x0, 0x0, 0x2f, 0x2c, 0x80, 0x0,
    0x2, 0xf2, 0xc8, 0x0, 0x0, 0x2f, 0x2c, 0xff,
    0xff, 0xff, 0xf2, 0xc9, 0x33, 0x33, 0x4f, 0x2c,
    0x80, 0x0, 0x2, 0xf2, 0xc8, 0x0, 0x0, 0x2f,
    0x2c, 0x80, 0x0, 0x2, 0xf2, 0xc8, 0x0, 0x0,
    0x2f, 0x20,

    /* U+0049 "I" */
    0xc8, 0xc8, 0xc8, 0xc8, 0xc8, 0xc8, 0xc8, 0xc8,
    0xc8, 0xc8, 0xc8,

    /* U+004A "J" */
    0x0, 0x0, 0x8, 0xc0, 0x0, 0x0, 0x8c, 0x0,
    0x0, 0x8, 0xc0, 0x0, 0x0, 0x8c, 0x0, 0x0,
    0x8, 0xc0, 0x0, 0x0, 0x8c, 0x0, 0x0, 0x8,
    0xc3, 0xc0, 0x0, 0x8c, 0x3f, 0x10, 0xa, 0xa0,
    0xdb, 0x36, 0xf5, 0x2, 0xbf, 0xd6, 0x0,

    /* U+004B "K" */
    0xc8, 0x0, 0x2, 0xf9, 0xc, 0x80, 0x1, 0xeb,
    0x0, 0xc8, 0x0, 0xcc, 0x0, 0xc, 0x80, 0xbe,
    0x10, 0x0, 0xc8, 0x8f, 0x20, 0x0, 0xc, 0xcf,
    0xf6, 0x0, 0x0, 0xcf, 0x57, 0xe1, 0x0, 0xc,
    0x90, 0xc, 0xb0, 0x0, 0xc8, 0x0, 0x2f, 0x50,
    0xc, 0x80, 0x0, 0x8e, 0x10, 0xc8, 0x0, 0x0,
    0xda, 0x0,

    /* U+004C "L" */
    0xc8, 0x0, 0x0, 0xc, 0x80, 0x0, 0x0, 0xc8,
    0x0, 0x0, 0xc, 0x80, 0x0, 0x0, 0xc8, 0x0,
    0x0, 0xc, 0x80, 0x0, 0x0, 0xc8, 0x0, 0x0,
    0xc, 0x80, 0x0, 0x0, 0xc8, 0x0, 0x0, 0xc,
    0x93, 0x33, 0x30, 0xcf, 0xff, 0xff, 0x40,

    /* U+004D "M" */
    0xcf, 0x40, 0x0, 0x0, 0x9f, 0x6c, 0xf9, 0x0,
    0x0, 0xf, 0xf6, 0xcb, 0xf0, 0x0, 0x5, 0xed,
    0x6c, 0x7f, 0x50, 0x0, 0xa9, 0xd6, 0xc7, 0x9b,
    0x0, 0x1f, 0x3d, 0x6c, 0x74, 0xf1, 0x6, 0xd0,
    0xd6, 0xc7, 0xe, 0x60, 0xc8, 0xd, 0x6c, 0x70,
    0x8c, 0x1f, 0x20, 0xd6, 0xc7, 0x2, 0xf7, 0xc0,
    0xd, 0x6c, 0x70, 0xc, 0xf6, 0x0, 0xd6, 0xc7,
    0x0, 0x6f, 0x10, 0xd, 0x60,

    /* U+004E "N" */
    0xcf, 0x10, 0x0, 0xf, 0x5c, 0xfa, 0x0, 0x0,
    0xf5, 0xc9, 0xf3, 0x0, 0xf, 0x5c, 0x79, 0xd0,
    0x0, 0xf5, 0xc8, 0x1f, 0x60, 0xf, 0x5c, 0x80,
    0x7e, 0x10, 0xf5, 0xc8, 0x0, 0xd9, 0xf, 0x5c,
    0x80, 0x4, 0xf2, 0xf5, 0xc8, 0x0, 0xb, 0xbf,
    0x5c, 0x80, 0x0, 0x2f, 0xf5, 0xc8, 0x0, 0x0,
    0x8f, 0x50,

    /* U+004F "O" */
    0x0, 0x8, 0xef, 0xd6, 0x0, 0x0, 0xcd, 0x64,
    0x7f, 0x80, 0x8, 0xe1, 0x0, 0x4, 0xf3, 0xe,
    0x60, 0x0, 0x0, 0xb9, 0x1f, 0x20, 0x0, 0x0,
    0x7c, 0x2f, 0x10, 0x0, 0x0, 0x6d, 0x1f, 0x20,
    0x0, 0x0, 0x7c, 0xe, 0x60, 0x0, 0x0, 0xb9,
    0x8, 0xe1, 0x0, 0x4, 0xf3, 0x0, 0xcd, 0x64,
    0x8f, 0x80, 0x0, 0x8, 0xef, 0xd6, 0x0,

    /* U+0050 "P" */
    0xcf, 0xff, 0xe9, 0x0, 0xc9, 0x22, 0x5e, 0xa0,
    0xc8, 0x0, 0x5, 0xf0, 0xc8, 0x0, 0x2, 0xf2,
    0xc8, 0x0, 0x4, 0xf1, 0xc8, 0x0, 0x2c, 0xb0,
    0xcf, 0xff, 0xfb, 0x10, 0xc9, 0x22, 0x10, 0x0,
    0xc8, 0x0, 0x0, 0x0, 0xc8, 0x0, 0x0, 0x0,
    0xc8, 0x0, 0x0, 0x0,

    /* U+0051 "Q" */
    0x0, 0x8, 0xef, 0xd6, 0x0, 0x0, 0xcd, 0x64,
    0x7f, 0x80, 0x8, 0xe1, 0x0, 0x4, 0xf3, 0xe,
    0x60, 0x0, 0x0, 0xb9, 0x1f, 0x20, 0x0, 0x0,
    0x7c, 0x2f, 0x10, 0x0, 0x0, 0x6d, 0x1f, 0x20,
    0x0, 0x0, 0x7c, 0xe, 0x60, 0x6, 0x30, 0xb9,
    0x8, 0xe1, 0x5, 0xe6, 0xf3, 0x0, 0xcd, 0x64,
    0xdf, 0x90, 0x0, 0x8, 0xef, 0xde, 0x60, 0x0,
    0x0, 0x0, 0x4, 0xf1,

    /* U+0052 "R" */
    0xcf, 0xff, 0xe9, 0x0, 0xc9, 0x22, 0x5d, 0x90,
    0xc8, 0x0, 0x5, 0xf0, 0xc8, 0x0, 0x2, 0xf2,
    0xc8, 0x0, 0x4, 0xf1, 0xc8, 0x0, 0x2c, 0xc0,
    0xcf, 0xff, 0xfd, 0x20, 0xc9, 0x33, 0xd9, 0x0,
    0xc8, 0x0, 0x4f, 0x20, 0xc8, 0x0, 0xc, 0xb0,
    0xc8, 0x0, 0x3, 0xf4,

    /* U+0053 "S" */
    0x0, 0x6d, 0xfe, 0x80, 0x0, 0x7f, 0x63, 0x6e,
    0x90, 0xd, 0x70, 0x0, 0x4c, 0x0, 0xd8, 0x0,
    0x0, 0x0, 0x6, 0xfa, 0x40, 0x0, 0x0, 0x4,
    0xbf, 0xf9, 0x0, 0x0, 0x0, 0x6, 0xeb, 0x0,
    0x0, 0x0, 0x2, 0xf2, 0x1f, 0x40, 0x0, 0x3f,
    0x10, 0xbe, 0x63, 0x6e, 0xa0, 0x0, 0x9e, 0xfe,
    0x80, 0x0,

    /* U+0054 "T" */
    0x5f, 0xff, 0xff, 0xff, 0x60, 0x33, 0x4f, 0x53,
    0x31, 0x0, 0x2, 0xf2, 0x0, 0x0, 0x0, 0x2f,
    0x20, 0x0, 0x0, 0x2, 0xf2, 0x0, 0x0, 0x0,
    0x2f, 0x20, 0x0, 0x0, 0x2, 0xf2, 0x0, 0x0,
    0x0, 0x2f, 0x20, 0x0, 0x0, 0x2, 0xf2, 0x0,
    0x0, 0x0, 0x2f, 0x20, 0x0, 0x0, 0x2, 0xf2,
    0x0, 0x0,

    /* U+0055 "U" */
    0xc8, 0x0, 0x0, 0x1f, 0x3c, 0x80, 0x0, 0x1,
    0xf3, 0xc8, 0x0, 0x0, 0x1f, 0x3c, 0x80, 0x0,
    0x1, 0xf3, 0xc8, 0x0, 0x0, 0x1f, 0x3c, 0x80,
    0x0, 0x1, 0xf3, 0xc8, 0x0, 0x0, 0x1f, 0x3b,
    0x90, 0x0, 0x2, 0xf2, 0x8d, 0x0, 0x0, 0x8e,
    0x1, 0xec, 0x54, 0x8f, 0x60, 0x1, 0xae, 0xfc,
    0x50, 0x0,

    /* U+0056 "V" */
    0x7e, 0x0, 0x0, 0x3, 0xf2, 0x2f, 0x30, 0x0,
    0x9, 0xc0, 0xc, 0x80, 0x0, 0xe, 0x70, 0x7,
    0xd0, 0x0, 0x3f, 0x10, 0x1, 0xf3, 0x0, 0x8c,
    0x0, 0x0, 0xc8, 0x0, 0xd7, 0x0, 0x0, 0x6d,
    0x2, 0xf1, 0x0, 0x0, 0x1f, 0x27, 0xc0, 0x0,
    0x0, 0xb, 0x7c, 0x60, 0x0, 0x0, 0x6, 0xcf,
    0x10, 0x0, 0x0, 0x1, 0xfc, 0x0, 0x0,

    /* U+0057 "W" */
    0x8c, 0x0, 0x0, 0xfc, 0x0, 0x0, 0xf4, 0x4f,
    0x0, 0x3, 0xff, 0x0, 0x4, 0xf1, 0xf, 0x40,
    0x7, 0xbf, 0x30, 0x8, 0xc0, 0xc, 0x80, 0xb,
    0x8b, 0x70, 0xb, 0x80, 0x8, 0xc0, 0xe, 0x47,
    0xb0, 0xf, 0x40, 0x4, 0xf0, 0x2f, 0x3, 0xf0,
    0x3f, 0x0, 0x0, 0xf3, 0x6c, 0x0, 0xf3, 0x7c,
    0x0, 0x0, 0xc7, 0xa8, 0x0, 0xb6, 0xa8, 0x0,
    0x0, 0x8a, 0xe4, 0x0, 0x7a, 0xe4, 0x0, 0x0,
    0x4e, 0xf0, 0x0, 0x3e, 0xf0, 0x0, 0x0, 0xf,
    0xc0, 0x0, 0xf, 0xc0, 0x0,

    /* U+0058 "X" */
    0x1f, 0x70, 0x0, 0xc, 0xa0, 0x6, 0xf1, 0x0,
    0x7e, 0x10, 0x0, 0xcb, 0x2, 0xf5, 0x0, 0x0,
    0x2f, 0x4b, 0xb0, 0x0, 0x0, 0x8, 0xef, 0x10,
    0x0, 0x0, 0x2, 0xfb, 0x0, 0x0, 0x0, 0xb,
    0xcf, 0x40, 0x0, 0x0, 0x5f, 0x29, 0xe0, 0x0,
    0x1, 0xe7, 0x0, 0xe9, 0x0, 0xa, 0xd0, 0x0,
    0x4f, 0x30, 0x4f, 0x30, 0x0, 0xa, 0xd0,

    /* U+0059 "Y" */
    0x5f, 0x20, 0x0, 0xa, 0xd0, 0xc, 0xb0, 0x0,
    0x3f, 0x40, 0x3, 0xf4, 0x0, 0xcb, 0x0, 0x0,
    0x9d, 0x5, 0xf2, 0x0, 0x0, 0x1f, 0x6d, 0x80,
    0x0, 0x0, 0x7, 0xfe, 0x0, 0x0, 0x0, 0x0,
    0xe7, 0x0, 0x0, 0x0, 0x0, 0xe6, 0x0, 0x0,
    0x0, 0x0, 0xe6, 0x0, 0x0, 0x0, 0x0, 0xe6,
    0x0, 0x0, 0x0, 0x0, 0xe6, 0x0, 0x0,

    /* U+005A "Z" */
    0x2f, 0xff, 0xff, 0xfe, 0x2, 0x22, 0x22, 0xd9,
    0x0, 0x0, 0x7, 0xe0, 0x0, 0x0, 0x1f, 0x50,
    0x0, 0x0, 0xab, 0x0, 0x0, 0x4, 0xf2, 0x0,
    0x0, 0xe, 0x70, 0x0, 0x0, 0x8d, 0x0, 0x0,
    0x2, 0xf4, 0x0, 0x0, 0xc, 0xb2, 0x22, 0x22,
    0x1f, 0xff, 0xff, 0xff,

    /* U+005B "[" */
    0x6f, 0xf3, 0x7c, 0x20, 0x7b, 0x0, 0x7b, 0x0,
    0x7b, 0x0, 0x7b, 0x0, 0x7b, 0x0, 0x7b, 0x0,
    0x7b, 0x0, 0x7b, 0x0, 0x7b, 0x0, 0x7b, 0x0,
    0x7f, 0xf4, 0x2, 0x20,

    /* U+005C "\\" */
    0x44, 0x0, 0x6, 0xb0, 0x0, 0x2f, 0x0, 0x0,
    0xe3, 0x0, 0xa, 0x80, 0x0, 0x6c, 0x0, 0x1,
    0xf0, 0x0, 0xd, 0x40, 0x0, 0x98, 0x0, 0x5,
    0xd0, 0x0, 0x1f, 0x10, 0x0, 0xc5, 0x0, 0x8,
    0x90,

    /* U+005D "]" */
    0x2f, 0xf8, 0x2, 0xa9, 0x0, 0x99, 0x0, 0x99,
    0x0, 0x99, 0x0, 0x99, 0x0, 0x99, 0x0, 0x99,
    0x0, 0x99, 0x0, 0x99, 0x0, 0x99, 0x0, 0x99,
    0x2f, 0xf9, 0x2, 0x21,

    /* U+005E "^" */
    0x0, 0x37, 0x0, 0x0, 0xd, 0xe7, 0x0, 0x4,
    0xd4, 0xe0, 0x0, 0xc6, 0xd, 0x50, 0x3f, 0x0,
    0x6c, 0x0,

    /* U+005F "_" */
    0xff, 0xff, 0xff, 0x62, 0x22, 0x22, 0x21,

    /* U+0060 "`" */
    0x10, 0x9, 0xa0, 0x1e, 0x20,

    /* U+0061 "a" */
    0x2, 0xbf, 0xe9, 0x0, 0xea, 0x33, 0xd8, 0x1,
    0x0, 0x8, 0xc0, 0x16, 0x9c, 0xfc, 0x1e, 0xb6,
    0x48, 0xc5, 0xe0, 0x0, 0x9c, 0x3f, 0x62, 0x6e,
    0xc0, 0x6e, 0xfa, 0x7c,

    /* U+0062 "b" */
    0xe5, 0x0, 0x0, 0xe, 0x50, 0x0, 0x0, 0xe5,
    0x0, 0x0, 0xe, 0x6b, 0xfd, 0x50, 0xee, 0x62,
    0x7f, 0x3e, 0x90, 0x0, 0xba, 0xe5, 0x0, 0x7,
    0xde, 0x60, 0x0, 0x7d, 0xe9, 0x0, 0xb, 0xae,
    0xd6, 0x27, 0xf3, 0xe5, 0xbf, 0xd5, 0x0,

    /* U+0063 "c" */
    0x0, 0x8e, 0xfb, 0x20, 0x9, 0xd4, 0x3a, 0xe0,
    0x1f, 0x40, 0x0, 0x50, 0x3f, 0x0, 0x0, 0x0,
    0x3f, 0x0, 0x0, 0x0, 0x1f, 0x40, 0x0, 0x61,
    0x9, 0xd4, 0x39, 0xe0, 0x0, 0x8e, 0xfb, 0x20,

    /* U+0064 "d" */
    0x0, 0x0, 0x0, 0xb8, 0x0, 0x0, 0x0, 0xb8,
    0x0, 0x0, 0x0, 0xb8, 0x0, 0x9f, 0xe6, 0xb8,
    0xa, 0xd4, 0x3b, 0xe8, 0x1f, 0x40, 0x0, 0xf8,
    0x3f, 0x0, 0x0, 0xc8, 0x3f, 0x0, 0x0, 0xc8,
    0x1f, 0x40, 0x0, 0xf8, 0xa, 0xd4, 0x3b, 0xe8,
    0x0, 0x9f, 0xe6, 0xb8,

    /* U+0065 "e" */
    0x0, 0x8e, 0xfb, 0x20, 0x9, 0xd3, 0x2a, 0xe0,
    0x1f, 0x20, 0x0, 0xe5, 0x3f, 0xff, 0xff, 0xf7,
    0x3f, 0x22, 0x22, 0x20, 0x1f, 0x40, 0x0, 0x40,
    0x9, 0xe4, 0x39, 0xf1, 0x0, 0x8e, 0xfc, 0x30,

    /* U+0066 "f" */
    0x0, 0x8e, 0xc0, 0x4f, 0x52, 0x5, 0xe0, 0xd,
    0xff, 0xfa, 0x16, 0xe1, 0x0, 0x5e, 0x0, 0x5,
    0xe0, 0x0, 0x5e, 0x0, 0x5, 0xe0, 0x0, 0x5e,
    0x0, 0x5, 0xe0, 0x0,

    /* U+0067 "g" */
    0x0, 0x9e, 0xe6, 0xb8, 0x9, 0xd4, 0x3b, 0xe8,
    0x1f, 0x40, 0x0, 0xf8, 0x3f, 0x0, 0x0, 0xc8,
    0x3f, 0x0, 0x0, 0xc8, 0x1f, 0x30, 0x0, 0xf8,
    0xa, 0xd4, 0x3a, 0xe8, 0x0, 0xaf, 0xe7, 0xb8,
    0x0, 0x0, 0x0, 0xc7, 0xa, 0xa3, 0x27, 0xf2,
    0x1, 0xae, 0xfc, 0x40,

    /* U+0068 "h" */
    0xe5, 0x0, 0x0, 0xe, 0x50, 0x0, 0x0, 0xe5,
    0x0, 0x0, 0xe, 0x6b, 0xfd, 0x30, 0xee, 0x53,
    0xbe, 0xe, 0x70, 0x2, 0xf2, 0xe5, 0x0, 0xf,
    0x3e, 0x50, 0x0, 0xf3, 0xe5, 0x0, 0xf, 0x3e,
    0x50, 0x0, 0xf3, 0xe5, 0x0, 0xf, 0x30,

    /* U+0069 "i" */
    0xd, 0x50, 0x83, 0x0, 0x0, 0xe5, 0xe, 0x50,
    0xe5, 0xe, 0x50, 0xe5, 0xe, 0x50, 0xe5, 0xe,
    0x50,

    /* U+006A "j" */
    0x0, 0xd6, 0x0, 0x83, 0x0, 0x0, 0x0, 0xe5,
    0x0, 0xe5, 0x0, 0xe5, 0x0, 0xe5, 0x0, 0xe5,
    0x0, 0xe5, 0x0, 0xe5, 0x0, 0xe5, 0x0, 0xe4,
    0x5, 0xf2, 0x2f, 0x80,

    /* U+006B "k" */
    0xe5, 0x0, 0x0, 0xe, 0x50, 0x0, 0x0, 0xe5,
    0x0, 0x0, 0xe, 0x50, 0xb, 0xc0, 0xe5, 0xa,
    0xc0, 0xe, 0x59, 0xd1, 0x0, 0xec, 0xf4, 0x0,
    0xe, 0xcb, 0xd0, 0x0, 0xe5, 0x1e, 0x90, 0xe,
    0x50, 0x3f, 0x50, 0xe5, 0x0, 0x7f, 0x20,

    /* U+006C "l" */
    0xe5, 0xe5, 0xe5, 0xe5, 0xe5, 0xe5, 0xe5, 0xe5,
    0xe5, 0xe5, 0xe5,

    /* U+006D "m" */
    0xe6, 0xbf, 0xa1, 0xaf, 0xd4, 0xe, 0xc2, 0x2d,
    0xd5, 0x18, 0xe0, 0xe6, 0x0, 0x8d, 0x0, 0x1f,
    0x2e, 0x50, 0x7, 0xc0, 0x0, 0xf3, 0xe5, 0x0,
    0x7c, 0x0, 0xf, 0x3e, 0x50, 0x7, 0xc0, 0x0,
    0xf3, 0xe5, 0x0, 0x7c, 0x0, 0xf, 0x3e, 0x50,
    0x7, 0xc0, 0x0, 0xf3,

    /* U+006E "n" */
    0xe6, 0xcf, 0xd3, 0xe, 0xd4, 0x1a, 0xe0, 0xe7,
    0x0, 0x1f, 0x2e, 0x50, 0x0, 0xf3, 0xe5, 0x0,
    0xf, 0x3e, 0x50, 0x0, 0xf3, 0xe5, 0x0, 0xf,
    0x3e, 0x50, 0x0, 0xf3,

    /* U+006F "o" */
    0x0, 0x8e, 0xfb, 0x20, 0x9, 0xd4, 0x3a, 0xe1,
    0x1f, 0x40, 0x0, 0xd7, 0x3f, 0x0, 0x0, 0xaa,
    0x3f, 0x0, 0x0, 0xaa, 0x1f, 0x40, 0x0, 0xd7,
    0x9, 0xd4, 0x39, 0xe1, 0x0, 0x8e, 0xfb, 0x20,

    /* U+0070 "p" */
    0xe5, 0xbf, 0xd5, 0xe, 0xe4, 0x16, 0xf3, 0xe8,
    0x0, 0xa, 0xae, 0x50, 0x0, 0x7d, 0xe6, 0x0,
    0x7, 0xde, 0x90, 0x0, 0xba, 0xee, 0x62, 0x7f,
    0x3e, 0x6b, 0xfd, 0x50, 0xe5, 0x0, 0x0, 0xe,
    0x50, 0x0, 0x0, 0xe5, 0x0, 0x0, 0x0,

    /* U+0071 "q" */
    0x0, 0x9f, 0xe6, 0xb8, 0xa, 0xd4, 0x3b, 0xe8,
    0x1f, 0x40, 0x0, 0xf8, 0x3f, 0x0, 0x0, 0xc8,
    0x3f, 0x0, 0x0, 0xc8, 0x1f, 0x40, 0x0, 0xf8,
    0xa, 0xd4, 0x3b, 0xe8, 0x0, 0x9f, 0xe6, 0xb8,
    0x0, 0x0, 0x0, 0xb8, 0x0, 0x0, 0x0, 0xb8,
    0x0, 0x0, 0x0, 0xb8,

    /* U+0072 "r" */
    0xe7, 0xdf, 0xee, 0x52, 0xe6, 0x0, 0xe5, 0x0,
    0xe5, 0x0, 0xe5, 0x0, 0xe5, 0x0, 0xe5, 0x0,

    /* U+0073 "s" */
    0x2, 0xbf, 0xd7, 0x0, 0xda, 0x23, 0xe4, 0xf,
    0x50, 0x0, 0x0, 0x8f, 0xb7, 0x10, 0x0, 0x27,
    0xbf, 0x40, 0x30, 0x0, 0xaa, 0xf, 0x82, 0x4e,
    0x70, 0x3c, 0xfe, 0x80,

    /* U+0074 "t" */
    0xb, 0x80, 0x0, 0xb8, 0x0, 0xdf, 0xff, 0x11,
    0xb8, 0x10, 0xb, 0x80, 0x0, 0xb8, 0x0, 0xb,
    0x80, 0x0, 0xb8, 0x0, 0xa, 0xb2, 0x0, 0x2d,
    0xf2,

    /* U+0075 "u" */
    0xe5, 0x0, 0xf, 0x3e, 0x50, 0x0, 0xf3, 0xe5,
    0x0, 0xf, 0x3e, 0x50, 0x0, 0xf3, 0xe5, 0x0,
    0xf, 0x3e, 0x60, 0x2, 0xf3, 0xad, 0x44, 0xbf,
    0x31, 0xbf, 0xd4, 0xf3,

    /* U+0076 "v" */
    0x7e, 0x0, 0x0, 0xf5, 0x1f, 0x30, 0x5, 0xe0,
    0xb, 0x90, 0xb, 0x90, 0x5, 0xe0, 0x1f, 0x30,
    0x0, 0xf4, 0x6d, 0x0, 0x0, 0xa9, 0xb7, 0x0,
    0x0, 0x4d, 0xf2, 0x0, 0x0, 0xe, 0xc0, 0x0,

    /* U+0077 "w" */
    0x6e, 0x0, 0xf, 0x80, 0x7, 0xd1, 0xf2, 0x4,
    0xec, 0x0, 0xb8, 0xc, 0x70, 0x98, 0xf0, 0xf,
    0x40, 0x8b, 0xd, 0x3c, 0x44, 0xf0, 0x3, 0xf1,
    0xf0, 0x88, 0x8a, 0x0, 0xe, 0x8b, 0x3, 0xcb,
    0x60, 0x0, 0xae, 0x60, 0xe, 0xf1, 0x0, 0x5,
    0xf2, 0x0, 0xbc, 0x0,

    /* U+0078 "x" */
    0x1f, 0x50, 0xa, 0xb0, 0x6, 0xe0, 0x4f, 0x20,
    0x0, 0xc8, 0xc7, 0x0, 0x0, 0x2f, 0xc0, 0x0,
    0x0, 0x4f, 0xd0, 0x0, 0x0, 0xe6, 0xb8, 0x0,
    0x9, 0xc0, 0x2f, 0x30, 0x3f, 0x30, 0x8, 0xd0,

    /* U+0079 "y" */
    0x7e, 0x0, 0x0, 0xf5, 0x1f, 0x30, 0x5, 0xe0,
    0xb, 0x90, 0xb, 0x90, 0x5, 0xe0, 0x1f, 0x30,
    0x0, 0xf4, 0x6d, 0x0, 0x0, 0xa9, 0xb7, 0x0,
    0x0, 0x4d, 0xf1, 0x0, 0x0, 0xe, 0xb0, 0x0,
    0x0, 0xe, 0x60, 0x0, 0x2, 0x7e, 0x0, 0x0,
    0xe, 0xd4, 0x0, 0x0,

    /* U+007A "z" */
    0xf, 0xff, 0xff, 0xb0, 0x33, 0x35, 0xf5, 0x0,
    0x0, 0xca, 0x0, 0x0, 0x8e, 0x0, 0x0, 0x4f,
    0x30, 0x0, 0x1e, 0x70, 0x0, 0xb, 0xe3, 0x33,
    0x32, 0xff, 0xff, 0xfe,

    /* U+007B "{" */
    0x0, 0x9, 0xe1, 0x0, 0x5e, 0x30, 0x0, 0x7a,
    0x0, 0x0, 0x89, 0x0, 0x0, 0x89, 0x0, 0x1,
    0xc7, 0x0, 0xf, 0xa0, 0x0, 0x4, 0xe5, 0x0,
    0x0, 0x99, 0x0, 0x0, 0x89, 0x0, 0x0, 0x8a,
    0x0, 0x0, 0x5d, 0x10, 0x0, 0xb, 0xf1, 0x0,
    0x0, 0x0,

    /* U+007C "|" */
    0x16, 0x3d, 0x3d, 0x3d, 0x3d, 0x3d, 0x3d, 0x3d,
    0x3d, 0x3d, 0x3d, 0x3d, 0x3d, 0x3d, 0x3d, 0x3d,
    0x3d, 0x3d,

    /* U+007D "}" */
    0x2e, 0x90, 0x0, 0x3e, 0x40, 0x0, 0xa7, 0x0,
    0xa, 0x70, 0x0, 0xa8, 0x0, 0x7, 0xc1, 0x0,
    0xa, 0xf0, 0x6, 0xd4, 0x0, 0xa8, 0x0, 0xa,
    0x70, 0x0, 0xa7, 0x0, 0x1e, 0x50, 0x2f, 0xb0,
    0x0, 0x0, 0x0,

    /* U+007E "~" */
    0x2d, 0xe4, 0x0, 0xb0, 0xaa, 0x5e, 0x54, 0xf0,
    0xb4, 0x4, 0xff, 0x70, 0x0, 0x0, 0x1, 0x0,

    /* U+00A0 " " */

    /* U+00A1 "¡" */
    0xbb, 0x9a, 0x0, 0x11, 0x9a, 0x9a, 0xaa, 0xaa,
    0xaa, 0xab, 0xab,

    /* U+00A2 "¢" */
    0x0, 0x4, 0x80, 0x0, 0x0, 0x4c, 0xd7, 0x0,
    0x5, 0xfb, 0xcd, 0xb0, 0xe, 0x74, 0x81, 0xc1,
    0x2f, 0x14, 0x80, 0x0, 0x4f, 0x4, 0x80, 0x0,
    0x2f, 0x14, 0x80, 0x0, 0xe, 0x74, 0x81, 0xc1,
    0x5, 0xfb, 0xcd, 0xb0, 0x0, 0x4c, 0xd7, 0x0,
    0x0, 0x4, 0x80, 0x0,

    /* U+00A3 "£" */
    0x0, 0x1b, 0xfe, 0x70, 0x0, 0xcb, 0x35, 0xf5,
    0x2, 0xf1, 0x0, 0x78, 0x4, 0xf0, 0x0, 0x0,
    0x4, 0xf0, 0x0, 0x0, 0x3f, 0xff, 0xff, 0x40,
    0x4, 0xf2, 0x22, 0x0, 0x2, 0xf1, 0x0, 0x0,
    0x2, 0xf0, 0x0, 0x12, 0x8, 0xb3, 0x33, 0x9b,
    0x4f, 0xff, 0xff, 0xe4,

    /* U+00A4 "¤" */
    0x0, 0x0, 0x0, 0x0, 0x0, 0xd, 0x59, 0xee,
    0xa4, 0xd1, 0x8, 0xfb, 0x33, 0xaf, 0xa0, 0x9,
    0xb0, 0x0, 0xa, 0xa0, 0xe, 0x30, 0x0, 0x2,
    0xf0, 0xf, 0x10, 0x0, 0x0, 0xf1, 0xe, 0x30,
    0x0, 0x2, 0xf0, 0x9, 0xb0, 0x0, 0xa, 0xb0,
    0xa, 0xfa, 0x33, 0x9f, 0xc0, 0xa, 0x4a, 0xef,
    0xa3, 0xb1,

    /* U+00A5 "¥" */
    0x9d, 0x0, 0x1, 0xf4, 0x2f, 0x30, 0x8, 0xd0,
    0xb, 0x90, 0xe, 0x70, 0x5, 0xf0, 0x4f, 0x10,
    0x0, 0xe5, 0xa9, 0x0, 0x0, 0x7c, 0xf3, 0x0,
    0xf, 0xff, 0xff, 0xb0, 0x0, 0xc, 0x80, 0x0,
    0xf, 0xff, 0xff, 0xa0, 0x0, 0xc, 0x80, 0x0,
    0x0, 0xc, 0x80, 0x0,

    /* U+00A6 "¦" */
    0xb7, 0xb7, 0xb7, 0xb7, 0x85, 0x0, 0x0, 0x0,
    0xb7, 0xb7, 0xb7, 0xb7, 0x96,

    /* U+00A7 "§" */
    0x0, 0x9e, 0xe8, 0x0, 0x5, 0xe3, 0x2e, 0x50,
    0x7, 0xc0, 0x4, 0x30, 0x1, 0xe7, 0x0, 0x0,
    0x7, 0xef, 0xc3, 0x0, 0x1f, 0x12, 0xaf, 0x50,
    0xf, 0x10, 0x6, 0xe0, 0x7, 0xd3, 0x0, 0xf0,
    0x0, 0x5e, 0xaa, 0x80, 0x0, 0x1, 0xad, 0x10,
    0x2, 0x10, 0xd, 0x60, 0x9, 0xa0, 0x1e, 0x60,
    0x1, 0xcf, 0xfa, 0x0, 0x0, 0x1, 0x10, 0x0,

    /* U+00A8 "¨" */
    0x8, 0x20, 0x81, 0xd, 0x51, 0xe3,

    /* U+00A9 "©" */
    0x0, 0x0, 0x0, 0x0, 0x0, 0x0, 0x1, 0x9e,
    0xfd, 0x80, 0x0, 0x3, 0xeb, 0x53, 0x6d, 0xd1,
    0x0, 0xe9, 0x0, 0x0, 0xc, 0xb0, 0x7d, 0x3,
    0xcf, 0xc1, 0x2f, 0x3b, 0x71, 0xf8, 0x39, 0xe0,
    0xb8, 0xd5, 0x6c, 0x0, 0x6, 0x19, 0xac, 0x77,
    0xc0, 0x0, 0x30, 0xa9, 0x8c, 0x2f, 0x60, 0x8e,
    0x1e, 0x51, 0xf6, 0x5f, 0xfe, 0x3a, 0xd0, 0x5,
    0xf9, 0x33, 0x3b, 0xf3, 0x0, 0x4, 0xcf, 0xff,
    0xb2, 0x0, 0x0, 0x0, 0x12, 0x10, 0x0, 0x0,

    /* U+00AA "ª" */
    0x7, 0xee, 0x90, 0x1a, 0x20, 0xc6, 0x2, 0x79,
    0xe8, 0x5e, 0x74, 0xa8, 0x7b, 0x2, 0xe8, 0x1a,
    0xeb, 0x97,

    /* U+00AB "«" */
    0x0, 0x1e, 0x63, 0xf3, 0x0, 0xc9, 0x1e, 0x60,
    0xa, 0xc1, 0xd9, 0x0, 0x1f, 0x55, 0xf2, 0x0,
    0x5, 0xe2, 0x9d, 0x0, 0x0, 0x8d, 0x1b, 0xa0,
    0x0, 0x9, 0x51, 0xa3,

    /* U+00AC "¬" */
    0x7f, 0xff, 0xff, 0x31, 0x22, 0x22, 0xe4, 0x0,
    0x0, 0xe, 0x40, 0x0, 0x0, 0x20,

    /* U+00AE "®" */
    0x0, 0x4c, 0xfd, 0x70, 0x0, 0x5d, 0x30, 0x2a,
    0xa0, 0xe, 0x19, 0xaa, 0xc, 0x44, 0xb0, 0xb1,
    0xb3, 0x69, 0x4b, 0xb, 0xad, 0x6, 0x90, 0xe1,
    0xa1, 0xa2, 0xc4, 0x5, 0xd4, 0x2, 0xaa, 0x0,
    0x4, 0xcf, 0xd7, 0x0,

    /* U+00AF "¯" */
    0x8e, 0xee, 0x30, 0x11, 0x10,

    /* U+00B0 "°" */
    0x2, 0xce, 0x60, 0xd, 0x73, 0xe3, 0x1f, 0x0,
    0x97, 0xe, 0x41, 0xd4, 0x4, 0xff, 0x90, 0x0,
    0x1, 0x0,

    /* U+00B1 "±" */
    0x0, 0xf, 0x30, 0x0, 0x0, 0xf3, 0x0, 0x9f,
    0xff, 0xff, 0xd1, 0x33, 0xf5, 0x32, 0x0, 0xf,
    0x30, 0x0, 0x0, 0x51, 0x0, 0x9f, 0xff, 0xff,
    0xd1, 0x33, 0x33, 0x32,

    /* U+00B2 "²" */
    0x8, 0xee, 0x80, 0x1c, 0x11, 0xf3, 0x0, 0x3,
    0xf1, 0x0, 0x5e, 0x50, 0x6, 0xe3, 0x0, 0x2f,
    0xff, 0xf7,

    /* U+00B3 "³" */
    0x5, 0xee, 0x80, 0x1f, 0x31, 0xe4, 0x0, 0x1,
    0xe3, 0x0, 0x7f, 0xb0, 0x16, 0x10, 0xd8, 0x9,
    0xef, 0xb2,

    /* U+00B4 "´" */
    0x2f, 0x29, 0x70,

    /* U+00B5 "µ" */
    0xe5, 0x0, 0xf, 0x30, 0xe5, 0x0, 0xf, 0x30,
    0xe5, 0x0, 0xf, 0x30, 0xe5, 0x0, 0xf, 0x30,
    0xe5, 0x0, 0xf, 0x30, 0xe6, 0x0, 0x1f, 0x30,
    0xed, 0x21, 0xaf, 0x50, 0xe8, 0xde, 0x77, 0xf2,
    0xe5, 0x0, 0x0, 0x0, 0xe5, 0x0, 0x0, 0x0,
    0xe5, 0x0, 0x0, 0x0,

    /* U+00B6 "¶" */
    0x1, 0x9e, 0xff, 0xf3, 0xb, 0xff, 0xc3, 0xf3,
    0x1f, 0xff, 0xb1, 0xf3, 0x3f, 0xff, 0xb1, 0xf3,
    0x1f, 0xff, 0xb1, 0xf3, 0xa, 0xff, 0xb1, 0xf3,
    0x0, 0x8d, 0xa1, 0xf3, 0x0, 0x0, 0x1, 0xf3,
    0x0, 0x0, 0x1, 0xf3, 0x0, 0x0, 0x1, 0xf3,
    0x0, 0x0, 0x1, 0xf3,

    /* U+00B7 "·" */
    0x9a, 0xbb,

    /* U+00B8 "¸" */
    0x51, 0xa, 0xa1, 0x9, 0x6b, 0xb2,

    /* U+00B9 "¹" */
    0x9, 0xf6, 0x48, 0xc6, 0x0, 0xc6, 0x0, 0xc6,
    0x0, 0xc6, 0x0, 0xc6,

    /* U+00BA "º" */
    0x5, 0xdf, 0xc2, 0x2, 0xf5, 0x8, 0xd0, 0x6c,
    0x0, 0xf, 0x26, 0xc0, 0x1, 0xf2, 0x2f, 0x50,
    0x8d, 0x0, 0x5d, 0xfc, 0x20,

    /* U+00BB "»" */
    0x2e, 0x54, 0xf2, 0x0, 0x4, 0xf3, 0x7e, 0x10,
    0x0, 0x6e, 0x1a, 0xc0, 0x0, 0xe, 0x73, 0xf3,
    0x0, 0xbb, 0x1d, 0x80, 0x8, 0xd1, 0xba, 0x0,
    0x2a, 0x24, 0xa0, 0x0,

    /* U+00BC "¼" */
    0x9, 0xb0, 0x0, 0x0, 0xa2, 0x7, 0x9f, 0x0,
    0x0, 0x8a, 0x0, 0x1, 0xf0, 0x0, 0x2e, 0x10,
    0x0, 0x1f, 0x0, 0xc, 0x50, 0x0, 0x1, 0xf0,
    0x7, 0xa0, 0x0, 0x0, 0x1f, 0x2, 0xe1, 0xa,
    0xe0, 0x0, 0x0, 0xc5, 0x3, 0xdf, 0x0, 0x0,
    0x6b, 0x0, 0xc5, 0xf0, 0x0, 0x2e, 0x10, 0x5c,
    0x1f, 0x0, 0xb, 0x60, 0x9, 0xff, 0xf9, 0x5,
    0xb0, 0x0, 0x0, 0x1e, 0x0,

    /* U+00BD "½" */
    0x7, 0xa0, 0x0, 0x0, 0x92, 0x0, 0x7a, 0xf0,
    0x0, 0x7, 0xb0, 0x0, 0x11, 0xf0, 0x0, 0x2e,
    0x10, 0x0, 0x1, 0xf0, 0x0, 0xc6, 0x0, 0x0,
    0x1, 0xf0, 0x6, 0xb0, 0x0, 0x0, 0x1, 0xf0,
    0x2e, 0x11, 0xbd, 0x60, 0x0, 0x10, 0xb6, 0x6,
    0x83, 0xf1, 0x0, 0x6, 0xb0, 0x0, 0x3, 0xd0,
    0x0, 0x1e, 0x20, 0x0, 0x2e, 0x30, 0x0, 0xb6,
    0x0, 0x1, 0xd6, 0x0, 0x5, 0xc0, 0x0, 0x8,
    0xff, 0xf3,

    /* U+00BE "¾" */
    0x7, 0xec, 0x10, 0x0, 0xd, 0x30, 0xa, 0x1a,
    0x70, 0x0, 0x8a, 0x0, 0x0, 0xa, 0x60, 0x2,
    0xe1, 0x0, 0x0, 0xde, 0x30, 0xc, 0x50, 0x0,
    0x13, 0x8, 0xb0, 0x7b, 0x0, 0x0, 0xb, 0xed,
    0x42, 0xe1, 0x8, 0xf1, 0x0, 0x0, 0xb, 0x60,
    0x2d, 0xf1, 0x0, 0x0, 0x5c, 0x0, 0xa5, 0xf1,
    0x0, 0x1, 0xe2, 0x3, 0xd0, 0xf1, 0x0, 0xa,
    0x80, 0x7, 0xff, 0xfb, 0x0, 0x4d, 0x0, 0x0,
    0x0, 0xf1,

    /* U+00BF "¿" */
    0x0, 0xc, 0x90, 0x0, 0x0, 0xb8, 0x0, 0x0,
    0x0, 0x0, 0x0, 0x0, 0x75, 0x0, 0x0, 0xe,
    0x70, 0x0, 0x1b, 0xe1, 0x0, 0xc, 0xd2, 0x0,
    0x3, 0xf2, 0x0, 0x0, 0x4f, 0x0, 0xa, 0x70,
    0xe9, 0x27, 0xf3, 0x3, 0xcf, 0xd5, 0x0,

    /* U+00C0 "À" */
    0x0, 0xa, 0x90, 0x0, 0x0, 0x0, 0x1, 0xe1,
    0x0, 0x0, 0x0, 0x0, 0x0, 0x0, 0x0, 0x0,
    0x1, 0xfb, 0x0, 0x0, 0x0, 0x7, 0xdf, 0x10,
    0x0, 0x0, 0xc, 0x7d, 0x60, 0x0, 0x0, 0x2f,
    0x29, 0xb0, 0x0, 0x0, 0x7e, 0x4, 0xf1, 0x0,
    0x0, 0xc9, 0x0, 0xf6, 0x0, 0x2, 0xf4, 0x0,
    0xac, 0x0, 0x7, 0xff, 0xff, 0xff, 0x10, 0xc,
    0xa2, 0x22, 0x2e, 0x70, 0x2f, 0x40, 0x0, 0x9,
    0xc0, 0x7e, 0x0, 0x0, 0x3, 0xf2,

    /* U+00C1 "Á" */
    0x0, 0x0, 0x6, 0x30, 0x0, 0x0, 0x0, 0x3e,
    0x10, 0x0, 0x0, 0x0, 0x43, 0x0, 0x0, 0x0,
    0x1, 0xfb, 0x0, 0x0, 0x0, 0x7, 0xdf, 0x10,
    0x0, 0x0, 0xc, 0x7d, 0x60, 0x0, 0x0, 0x2f,
    0x29, 0xb0, 0x0, 0x0, 0x7e, 0x4, 0xf1, 0x0,
    0x0, 0xc9, 0x0, 0xf6, 0x0, 0x2, 0xf4, 0x0,
    0xac, 0x0, 0x7, 0xff, 0xff, 0xff, 0x10, 0xc,
    0xa2, 0x22, 0x2e, 0x70, 0x2f, 0x40, 0x0, 0x9,
    0xc0, 0x7e, 0x0, 0x0, 0x3, 0xf2,

    /* U+00C2 "Â" */
    0x0, 0x0, 0x74, 0x0, 0x0, 0x0, 0x9, 0xad,
    0x30, 0x0, 0x0, 0x17, 0x3, 0x60, 0x0, 0x0,
    0x1, 0xfb, 0x0, 0x0, 0x0, 0x7, 0xdf, 0x10,
    0x0, 0x0, 0xc, 0x7d, 0x60, 0x0, 0x0, 0x2f,
    0x29, 0xb0, 0x0, 0x0, 0x7e, 0x4, 0xf1, 0x0,
    0x0, 0xc9, 0x0, 0xf6, 0x0, 0x2, 0xf4, 0x0,
    0xac, 0x0, 0x7, 0xff, 0xff, 0xff, 0x10, 0xc,
    0xa2, 0x22, 0x2e, 0x70, 0x2f, 0x40, 0x0, 0x9,
    0xc0, 0x7e, 0x0, 0x0, 0x3, 0xf2,

    /* U+00C3 "Ã" */
    0x0, 0xc, 0xed, 0x80, 0x0, 0x0, 0x0, 0x0,
    0x0, 0x0, 0x0, 0x1, 0xfb, 0x0, 0x0, 0x0,
    0x7, 0xdf, 0x10, 0x0, 0x0, 0xc, 0x7d, 0x60,
    0x0, 0x0, 0x2f, 0x29, 0xb0, 0x0, 0x0, 0x7e,
    0x4, 0xf1, 0x0, 0x0, 0xc9, 0x0, 0xf6, 0x0,
    0x2, 0xf4, 0x0, 0xac, 0x0, 0x7, 0xff, 0xff,
    0xff, 0x10, 0xc, 0xa2, 0x22, 0x2e, 0x70, 0x2f,
    0x40, 0x0, 0x9, 0xc0, 0x7e, 0x0, 0x0, 0x3,
    0xf2,

    /* U+00C4 "Ä" */
    0x0, 0x18, 0x3, 0x80, 0x0, 0x0, 0x3e, 0x15,
    0xd0, 0x0, 0x0, 0x0, 0x0, 0x0, 0x0, 0x0,
    0x1, 0xfb, 0x0, 0x0, 0x0, 0x7, 0xdf, 0x10,
    0x0, 0x0, 0xc, 0x7d, 0x60, 0x0, 0x0, 0x2f,
    0x29, 0xb0, 0x0, 0x0, 0x7e, 0x4, 0xf1, 0x0,
    0x0, 0xc9, 0x0, 0xf6, 0x0, 0x2, 0xf4, 0x0,
    0xac, 0x0, 0x7, 0xff, 0xff, 0xff, 0x10, 0xc,
    0xa2, 0x22, 0x2e, 0x70, 0x2f, 0x40, 0x0, 0x9,
    0xc0, 0x7e, 0x0, 0x0, 0x3, 0xf2,

    /* U+00C5 "Å" */
    0x0, 0x6, 0xdc, 0x20, 0x0, 0x0, 0xe, 0x28,
    0x80, 0x0, 0x0, 0x6, 0xdc, 0x20, 0x0, 0x0,
    0x1, 0xfb, 0x0, 0x0, 0x0, 0x7, 0xdf, 0x10,
    0x0, 0x0, 0xc, 0x7d, 0x60, 0x0, 0x0, 0x2f,
    0x29, 0xb0, 0x0, 0x0, 0x7e, 0x4, 0xf1, 0x0,
    0x0, 0xc9, 0x0, 0xf6, 0x0, 0x2, 0xf4, 0x0,
    0xac, 0x0, 0x7, 0xff, 0xff, 0xff, 0x10, 0xc,
    0xa2, 0x22, 0x2e, 0x70, 0x2f, 0x40, 0x0, 0x9,
    0xc0, 0x7e, 0x0, 0x0, 0x3, 0xf2,

    /* U+00C6 "Æ" */
    0x0, 0x0, 0xe, 0xef, 0xff, 0xff, 0xe0, 0x0,
    0x6, 0xd3, 0xf3, 0x33, 0x32, 0x0, 0x0, 0xd7,
    0x3f, 0x0, 0x0, 0x0, 0x0, 0x4f, 0x13, 0xf0,
    0x0, 0x0, 0x0, 0xc, 0xa0, 0x3f, 0x0, 0x0,
    0x0, 0x3, 0xf3, 0x3, 0xff, 0xff, 0xf9, 0x0,
    0xad, 0x0, 0x3f, 0x33, 0x33, 0x10, 0x1f, 0xff,
    0xff, 0xf0, 0x0, 0x0, 0x8, 0xe2, 0x22, 0x5f,
    0x0, 0x0, 0x0, 0xe7, 0x0, 0x3, 0xf3, 0x33,
    0x33, 0x6f, 0x10, 0x0, 0x3f, 0xff, 0xff, 0xf0,

    /* U+00C7 "Ç" */
    0x0, 0x8, 0xef, 0xc5, 0x0, 0x0, 0xcd, 0x64,
    0x8f, 0x80, 0x8, 0xe1, 0x0, 0x5, 0xf1, 0xe,
    0x60, 0x0, 0x0, 0x73, 0x1f, 0x20, 0x0, 0x0,
    0x0, 0x2f, 0x10, 0x0, 0x0, 0x0, 0x1f, 0x20,
    0x0, 0x0, 0x0, 0xe, 0x60, 0x0, 0x0, 0x62,
    0x8, 0xe1, 0x0, 0x4, 0xf2, 0x1, 0xdd, 0x53,
    0x7f, 0x80, 0x0, 0x1a, 0xef, 0xd6, 0x0, 0x0,
    0x0, 0x1c, 0x20, 0x0, 0x0, 0x0, 0x5, 0xe0,
    0x0, 0x0, 0x0, 0x4c, 0xa0, 0x0,

    /* U+00C8 "È" */
    0x2, 0xf2, 0x0, 0x0, 0x7, 0x90, 0x0, 0x0,
    0x1, 0x0, 0xc, 0xff, 0xff, 0xf7, 0xc9, 0x33,
    0x33, 0x1c, 0x80, 0x0, 0x0, 0xc8, 0x0, 0x0,
    0xc, 0x80, 0x0, 0x0, 0xcf, 0xff, 0xff, 0x1c,
    0x93, 0x33, 0x30, 0xc8, 0x0, 0x0, 0xc, 0x80,
    0x0, 0x0, 0xc9, 0x33, 0x33, 0x1c, 0xff, 0xff,
    0xf8,

    /* U+00C9 "É" */
    0x0, 0x2, 0x70, 0x0, 0x0, 0xb7, 0x0, 0x0,
    0x7, 0x0, 0xc, 0xff, 0xff, 0xf7, 0xc9, 0x33,
    0x33, 0x1c, 0x80, 0x0, 0x0, 0xc8, 0x0, 0x0,
    0xc, 0x80, 0x0, 0x0, 0xcf, 0xff, 0xff, 0x1c,
    0x93, 0x33, 0x30, 0xc8, 0x0, 0x0, 0xc, 0x80,
    0x0, 0x0, 0xc9, 0x33, 0x33, 0x1c, 0xff, 0xff,
    0xf8,

    /* U+00CA "Ê" */
    0x0, 0x37, 0x10, 0x0, 0x2e, 0x9b, 0x0, 0x5,
    0x40, 0x62, 0xc, 0xff, 0xff, 0xf7, 0xc9, 0x33,
    0x33, 0x1c, 0x80, 0x0, 0x0, 0xc8, 0x0, 0x0,
    0xc, 0x80, 0x0, 0x0, 0xcf, 0xff, 0xff, 0x1c,
    0x93, 0x33, 0x30, 0xc8, 0x0, 0x0, 0xc, 0x80,
    0x0, 0x0, 0xc9, 0x33, 0x33, 0x1c, 0xff, 0xff,
    0xf8,

    /* U+00CB "Ë" */
    0x6, 0x40, 0x73, 0x0, 0xa8, 0xc, 0x60, 0x0,
    0x0, 0x0, 0xc, 0xff, 0xff, 0xf7, 0xc9, 0x33,
    0x33, 0x1c, 0x80, 0x0, 0x0, 0xc8, 0x0, 0x0,
    0xc, 0x80, 0x0, 0x0, 0xcf, 0xff, 0xff, 0x1c,
    0x93, 0x33, 0x30, 0xc8, 0x0, 0x0, 0xc, 0x80,
    0x0, 0x0, 0xc9, 0x33, 0x33, 0x1c, 0xff, 0xff,
    0xf8,

    /* U+00CC "Ì" */
    0x9a, 0x1, 0xe2, 0x0, 0x0, 0xc8, 0xc, 0x80,
    0xc8, 0xc, 0x80, 0xc8, 0xc, 0x80, 0xc8, 0xc,
    0x80, 0xc8, 0xc, 0x80, 0xc8,

    /* U+00CD "Í" */
    0x6, 0x42, 0xe1, 0x44, 0xc, 0x80, 0xc8, 0xc,
    0x80, 0xc8, 0xc, 0x80, 0xc8, 0xc, 0x80, 0xc8,
    0xc, 0x80, 0xc8, 0xc, 0x80,

    /* U+00CE "Î" */
    0x0, 0x75, 0x0, 0x8, 0xad, 0x40, 0x17, 0x2,
    0x60, 0x0, 0xc8, 0x0, 0x0, 0xc8, 0x0, 0x0,
    0xc8, 0x0, 0x0, 0xc8, 0x0, 0x0, 0xc8, 0x0,
    0x0, 0xc8, 0x0, 0x0, 0xc8, 0x0, 0x0, 0xc8,
    0x0, 0x0, 0xc8, 0x0, 0x0, 0xc8, 0x0, 0x0,
    0xc8, 0x0,

    /* U+00CF "Ï" */
    0x18, 0x2, 0x80, 0x3e, 0x14, 0xd0, 0x0, 0x0,
    0x0, 0x0, 0xc8, 0x0, 0x0, 0xc8, 0x0, 0x0,
    0xc8, 0x0, 0x0, 0xc8, 0x0, 0x0, 0xc8, 0x0,
    0x0, 0xc8, 0x0, 0x0, 0xc8, 0x0, 0x0, 0xc8,
    0x0, 0x0, 0xc8, 0x0, 0x0, 0xc8, 0x0, 0x0,
    0xc8, 0x0,

    /* U+00D0 "Ð" */
    0x9, 0xff, 0xfe, 0xa2, 0x0, 0x9, 0xc3, 0x34,
    0xbf, 0x30, 0x9, 0xb0, 0x0, 0xa, 0xd0, 0x9,
    0xb0, 0x0, 0x1, 0xf3, 0x9, 0xb0, 0x0, 0x0,
    0xe5, 0xdf, 0xff, 0xf6, 0x0, 0xd6, 0x1a, 0xc2,
    0x20, 0x0, 0xe5, 0x9, 0xb0, 0x0, 0x2, 0xf2,
    0x9, 0xb0, 0x0, 0xa, 0xc0, 0x9, 0xc3, 0x35,
    0xbf, 0x30, 0x9, 0xff, 0xfe, 0xa2, 0x0,

    /* U+00D1 "Ñ" */
    0x0, 0x6e, 0xec, 0x10, 0x0, 0x0, 0x0, 0x0,
    0x0, 0xcf, 0x10, 0x0, 0xf, 0x5c, 0xfa, 0x0,
    0x0, 0xf5, 0xc9, 0xf3, 0x0, 0xf, 0x5c, 0x79,
    0xd0, 0x0, 0xf5, 0xc8, 0x1f, 0x60, 0xf, 0x5c,
    0x80, 0x7e, 0x10, 0xf5, 0xc8, 0x0, 0xd9, 0xf,
    0x5c, 0x80, 0x4, 0xf2, 0xf5, 0xc8, 0x0, 0xb,
    0xbf, 0x5c, 0x80, 0x0, 0x2f, 0xf5, 0xc8, 0x0,
    0x0, 0x8f, 0x50,

    /* U+00D2 "Ò" */
    0x0, 0x2, 0xf2, 0x0, 0x0, 0x0, 0x0, 0x79,
    0x0, 0x0, 0x0, 0x0, 0x1, 0x0, 0x0, 0x0,
    0x8, 0xef, 0xd6, 0x0, 0x0, 0xcd, 0x64, 0x7f,
    0x80, 0x8, 0xe1, 0x0, 0x4, 0xf3, 0xe, 0x60,
    0x0, 0x0, 0xb9, 0x1f, 0x20, 0x0, 0x0, 0x7c,
    0x2f, 0x10, 0x0, 0x0, 0x6d, 0x1f, 0x20, 0x0,
    0x0, 0x7c, 0xe, 0x60, 0x0, 0x0, 0xb9, 0x8,
    0xe1, 0x0, 0x4, 0xf3, 0x0, 0xcd, 0x64, 0x8f,
    0x80, 0x0, 0x8, 0xef, 0xd6, 0x0,

    /* U+00D3 "Ó" */
    0x0, 0x0, 0x6, 0xd0, 0x0, 0x0, 0x0, 0xc,
    0x50, 0x0, 0x0, 0x0, 0x7, 0x0, 0x0, 0x0,
    0x8, 0xef, 0xd6, 0x0, 0x0, 0xcd, 0x64, 0x7f,
    0x80, 0x8, 0xe1, 0x0, 0x4, 0xf3, 0xe, 0x60,
    0x0, 0x0, 0xb9, 0x1f, 0x20, 0x0, 0x0, 0x7c,
    0x2f, 0x10, 0x0, 0x0, 0x6d, 0x1f, 0x20, 0x0,
    0x0, 0x7c, 0xe, 0x60, 0x0, 0x0, 0xb9, 0x8,
    0xe1, 0x0, 0x4, 0xf3, 0x0, 0xcd, 0x64, 0x8f,
    0x80, 0x0, 0x8, 0xef, 0xd6, 0x0,

    /* U+00D4 "Ô" */
    0x0, 0x0, 0xaf, 0x50, 0x0, 0x0, 0x7, 0xb2,
    0xe2, 0x0, 0x0, 0x0, 0x0, 0x0, 0x0, 0x0,
    0x8, 0xef, 0xd6, 0x0, 0x0, 0xcd, 0x64, 0x7f,
    0x80, 0x8, 0xe1, 0x0, 0x4, 0xf3, 0xe, 0x60,
    0x0, 0x0, 0xb9, 0x1f, 0x20, 0x0, 0x0, 0x7c,
    0x2f, 0x10, 0x0, 0x0, 0x6d, 0x1f, 0x20, 0x0,
    0x0, 0x7c, 0xe, 0x60, 0x0, 0x0, 0xb9, 0x8,
    0xe1, 0x0, 0x4, 0xf3, 0x0, 0xcd, 0x64, 0x8f,
    0x80, 0x0, 0x8, 0xef, 0xd6, 0x0,

    /* U+00D5 "Õ" */
    0x0, 0x3, 0xd5, 0x84, 0x0, 0x0, 0x8, 0x59,
    0xc0, 0x0, 0x0, 0x0, 0x0, 0x0, 0x0, 0x0,
    0x8, 0xef, 0xd6, 0x0, 0x0, 0xcd, 0x64, 0x7f,
    0x80, 0x8, 0xe1, 0x0, 0x4, 0xf3, 0xe, 0x60,
    0x0, 0x0, 0xb9, 0x1f, 0x20, 0x0, 0x0, 0x7c,
    0x2f, 0x10, 0x0, 0x0, 0x6d, 0x1f, 0x20, 0x0,
    0x0, 0x7c, 0xe, 0x60, 0x0, 0x0, 0xb9, 0x8,
    0xe1, 0x0, 0x4, 0xf3, 0x0, 0xcd, 0x64, 0x8f,
    0x80, 0x0, 0x8, 0xef, 0xd6, 0x0,

    /* U+00D6 "Ö" */
    0x0, 0x6, 0x40, 0x73, 0x0, 0x0, 0xa, 0x80,
    0xc6, 0x0, 0x0, 0x0, 0x0, 0x0, 0x0, 0x0,
    0x8, 0xef, 0xd6, 0x0, 0x0, 0xcd, 0x64, 0x7f,
    0x80, 0x8, 0xe1, 0x0, 0x4, 0xf3, 0xe, 0x60,
    0x0, 0x0, 0xb9, 0x1f, 0x20, 0x0, 0x0, 0x7c,
    0x2f, 0x10, 0x0, 0x0, 0x6d, 0x1f, 0x20, 0x0,
    0x0, 0x7c, 0xe, 0x60, 0x0, 0x0, 0xb9, 0x8,
    0xe1, 0x0, 0x4, 0xf3, 0x0, 0xcd, 0x64, 0x8f,
    0x80, 0x0, 0x8, 0xef, 0xd6, 0x0,

    /* U+00D7 "×" */
    0x2, 0x0, 0x1, 0x14, 0xf3, 0x0, 0xc9, 0x7,
    0xe3, 0xcb, 0x0, 0x8, 0xfc, 0x0, 0x0, 0xbe,
    0xe2, 0x0, 0xad, 0x19, 0xe1, 0x4d, 0x10, 0x9,
    0x90, 0x0, 0x0, 0x0,

    /* U+00D8 "Ø" */
    0x0, 0x0, 0x0, 0x0, 0x0, 0x0, 0x8, 0xef,
    0xd7, 0xe2, 0x0, 0xcd, 0x64, 0x8f, 0xc0, 0x8,
    0xe1, 0x0, 0x5e, 0xf3, 0xe, 0x60, 0x1, 0xe5,
    0xb9, 0x1f, 0x20, 0xa, 0xa0, 0x7c, 0x2f, 0x10,
    0x5e, 0x10, 0x6d, 0x1f, 0x31, 0xe5, 0x0, 0x7c,
    0xe, 0x7b, 0xb0, 0x0, 0xb9, 0x8, 0xfe, 0x10,
    0x4, 0xf3, 0x1, 0xfe, 0x64, 0x8f, 0x80, 0x6,
    0xb8, 0xef, 0xd6, 0x0, 0x0, 0x0, 0x0, 0x0,
    0x0,

    /* U+00D9 "Ù" */
    0x0, 0x4f, 0x10, 0x0, 0x0, 0x0, 0xa7, 0x0,
    0x0, 0x0, 0x0, 0x0, 0x0, 0xc, 0x80, 0x0,
    0x1, 0xf3, 0xc8, 0x0, 0x0, 0x1f, 0x3c, 0x80,
    0x0, 0x1, 0xf3, 0xc8, 0x0, 0x0, 0x1f, 0x3c,
    0x80, 0x0, 0x1, 0xf3, 0xc8, 0x0, 0x0, 0x1f,
    0x3c, 0x80, 0x0, 0x1, 0xf3, 0xb9, 0x0, 0x0,
    0x2f, 0x28, 0xd0, 0x0, 0x8, 0xe0, 0x1e, 0xc5,
    0x48, 0xf6, 0x0, 0x1a, 0xef, 0xc5, 0x0,

    /* U+00DA "Ú" */
    0x0, 0x0, 0x8b, 0x0, 0x0, 0x0, 0xe, 0x30,
    0x0, 0x0, 0x1, 0x60, 0x0, 0xc, 0x80, 0x0,
    0x1, 0xf3, 0xc8, 0x0, 0x0, 0x1f, 0x3c, 0x80,
    0x0, 0x1, 0xf3, 0xc8, 0x0, 0x0, 0x1f, 0x3c,
    0x80, 0x0, 0x1, 0xf3, 0xc8, 0x0, 0x0, 0x1f,
    0x3c, 0x80, 0x0, 0x1, 0xf3, 0xb9, 0x0, 0x0,
    0x2f, 0x28, 0xd0, 0x0, 0x8, 0xe0, 0x1e, 0xc5,
    0x48, 0xf6, 0x0, 0x1a, 0xef, 0xc5, 0x0,

    /* U+00DB "Û" */
    0x0, 0xc, 0xe3, 0x0, 0x0, 0xa, 0x93, 0xe1,
    0x0, 0x0, 0x0, 0x0, 0x0, 0xc, 0x80, 0x0,
    0x1, 0xf3, 0xc8, 0x0, 0x0, 0x1f, 0x3c, 0x80,
    0x0, 0x1, 0xf3, 0xc8, 0x0, 0x0, 0x1f, 0x3c,
    0x80, 0x0, 0x1, 0xf3, 0xc8, 0x0, 0x0, 0x1f,
    0x3c, 0x80, 0x0, 0x1, 0xf3, 0xb9, 0x0, 0x0,
    0x2f, 0x28, 0xd0, 0x0, 0x8, 0xe0, 0x1e, 0xc5,
    0x48, 0xf6, 0x0, 0x1a, 0xef, 0xc5, 0x0,

    /* U+00DC "Ü" */
    0x0, 0x73, 0x8, 0x20, 0x0, 0xd, 0x60, 0xe4,
    0x0, 0x0, 0x0, 0x0, 0x0, 0xc, 0x80, 0x0,
    0x1, 0xf3, 0xc8, 0x0, 0x0, 0x1f, 0x3c, 0x80,
    0x0, 0x1, 0xf3, 0xc8, 0x0, 0x0, 0x1f, 0x3c,
    0x80, 0x0, 0x1, 0xf3, 0xc8, 0x0, 0x0, 0x1f,
    0x3c, 0x80, 0x0, 0x1, 0xf3, 0xb9, 0x0, 0x0,
    0x2f, 0x28, 0xd0, 0x0, 0x8, 0xe0, 0x1e, 0xc5,
    0x48, 0xf6, 0x0, 0x1a, 0xef, 0xc5, 0x0,

    /* U+00DD "Ý" */
    0x0, 0x0, 0x7, 0x30, 0x0, 0x0, 0x0, 0x4d,
    0x0, 0x0, 0x0, 0x0, 0x53, 0x0, 0x0, 0x5f,
    0x20, 0x0, 0xa, 0xd0, 0xc, 0xb0, 0x0, 0x3f,
    0x40, 0x3, 0xf4, 0x0, 0xcb, 0x0, 0x0, 0x9d,
    0x5, 0xf2, 0x0, 0x0, 0x1f, 0x6d, 0x80, 0x0,
    0x0, 0x7, 0xfe, 0x0, 0x0, 0x0, 0x0, 0xe7,
    0x0, 0x0, 0x0, 0x0, 0xe6, 0x0, 0x0, 0x0,
    0x0, 0xe6, 0x0, 0x0, 0x0, 0x0, 0xe6, 0x0,
    0x0, 0x0, 0x0, 0xe6, 0x0, 0x0,

    /* U+00DE "Þ" */
    0xd7, 0x0, 0x0, 0xd, 0x70, 0x0, 0x0, 0xd7,
    0x0, 0x0, 0xd, 0xff, 0xfd, 0x50, 0xd8, 0x23,
    0x7f, 0x4d, 0x70, 0x0, 0x9b, 0xd7, 0x0, 0x8,
    0xbd, 0x70, 0x4, 0xe6, 0xdf, 0xff, 0xf8, 0xd,
    0x82, 0x20, 0x0, 0xd7, 0x0, 0x0, 0x0,

    /* U+00DF "ß" */
    0x8, 0xef, 0xb2, 0x6, 0xf5, 0x3b, 0xd0, 0xb8,
    0x0, 0x2f, 0x2c, 0x70, 0x1, 0xf1, 0xc7, 0x0,
    0x9a, 0xc, 0x73, 0xfe, 0x40, 0xc7, 0x3, 0x6f,
    0x5c, 0x70, 0x0, 0x8b, 0xc7, 0x0, 0x7, 0xcc,
    0x70, 0x35, 0xe7, 0xc7, 0x4f, 0xe8, 0x0,

    /* U+00E0 "à" */
    0x0, 0x10, 0x0, 0x0, 0x9, 0xa0, 0x0, 0x0,
    0x1e, 0x20, 0x0, 0x0, 0x0, 0x0, 0x2, 0xbf,
    0xe9, 0x0, 0xea, 0x33, 0xd8, 0x1, 0x0, 0x8,
    0xc0, 0x16, 0x9c, 0xfc, 0x1e, 0xb6, 0x48, 0xc5,
    0xe0, 0x0, 0x9c, 0x3f, 0x62, 0x6e, 0xc0, 0x6e,
    0xfa, 0x7c,

    /* U+00E1 "á" */
    0x0, 0x0, 0xf4, 0x0, 0x0, 0x79, 0x0, 0x0,
    0x0, 0x0, 0x0, 0x2b, 0xfe, 0x90, 0xe, 0xa3,
    0x3d, 0x80, 0x10, 0x0, 0x8c, 0x1, 0x69, 0xcf,
    0xc1, 0xeb, 0x64, 0x8c, 0x5e, 0x0, 0x9, 0xc3,
    0xf6, 0x26, 0xec, 0x6, 0xef, 0xa7, 0xc0,

    /* U+00E2 "â" */
    0x0, 0x5c, 0xc1, 0x0, 0x17, 0x3, 0x50, 0x0,
    0x0, 0x0, 0x0, 0x2b, 0xfe, 0x90, 0xe, 0xa3,
    0x3d, 0x80, 0x10, 0x0, 0x8c, 0x1, 0x69, 0xcf,
    0xc1, 0xeb, 0x64, 0x8c, 0x5e, 0x0, 0x9, 0xc3,
    0xf6, 0x26, 0xec, 0x6, 0xef, 0xa7, 0xc0,

    /* U+00E3 "ã" */
    0x0, 0xcb, 0x2b, 0x0, 0x1b, 0x3d, 0x60, 0x0,
    0x0, 0x0, 0x0, 0x2b, 0xfe, 0x90, 0xe, 0xa3,
    0x3d, 0x80, 0x10, 0x0, 0x8c, 0x1, 0x69, 0xcf,
    0xc1, 0xeb, 0x64, 0x8c, 0x5e, 0x0, 0x9, 0xc3,
    0xf6, 0x26, 0xec, 0x6, 0xef, 0xa7, 0xc0,

    /* U+00E4 "ä" */
    0x4, 0xe1, 0x5d, 0x0, 0x28, 0x3, 0x80, 0x0,
    0x0, 0x0, 0x0, 0x2b, 0xfe, 0x90, 0xe, 0xa3,
    0x3d, 0x80, 0x10, 0x0, 0x8c, 0x1, 0x69, 0xcf,
    0xc1, 0xeb, 0x64, 0x8c, 0x5e, 0x0, 0x9, 0xc3,
    0xf6, 0x26, 0xec, 0x6, 0xef, 0xa7, 0xc0,

    /* U+00E5 "å" */
    0x0, 0x6d, 0xc2, 0x0, 0xe, 0x28, 0x80, 0x0,
    0x6d, 0xc2, 0x0, 0x0, 0x0, 0x0, 0x2, 0xbf,
    0xe9, 0x0, 0xea, 0x33, 0xd8, 0x1, 0x0, 0x8,
    0xc0, 0x16, 0x9c, 0xfc, 0x1e, 0xb6, 0x48, 0xc5,
    0xe0, 0x0, 0x9c, 0x3f, 0x62, 0x6e, 0xc0, 0x6e,
    0xfa, 0x7c,

    /* U+00E6 "æ" */
    0x3, 0xbf, 0xe8, 0x1a, 0xee, 0x80, 0x0, 0xd9,
    0x23, 0xdf, 0x92, 0x3c, 0xa0, 0x0, 0x0, 0x7,
    0xc0, 0x0, 0x3f, 0x0, 0x3b, 0xef, 0xff, 0xff,
    0xff, 0xf2, 0x2f, 0x83, 0x28, 0xc2, 0x22, 0x22,
    0x5, 0xe0, 0x0, 0xae, 0x0, 0x2, 0x40, 0x2f,
    0x62, 0x7f, 0xdb, 0x34, 0xcb, 0x0, 0x6e, 0xfb,
    0x31, 0xaf, 0xf9, 0x0,

    /* U+00E7 "ç" */
    0x0, 0x8e, 0xfb, 0x20, 0x8, 0xe4, 0x3a, 0xe0,
    0xf, 0x40, 0x0, 0x60, 0x3f, 0x0, 0x0, 0x0,
    0x3f, 0x0, 0x0, 0x0, 0x1f, 0x40, 0x0, 0x50,
    0xa, 0xd2, 0x8, 0xf1, 0x0, 0xaf, 0xfd, 0x30,
    0x0, 0x4, 0xb2, 0x0, 0x0, 0x1, 0x6c, 0x0,
    0x0, 0x6, 0xc8, 0x0,

    /* U+00E8 "è" */
    0x0, 0x0, 0x0, 0x0, 0x0, 0x5e, 0x0, 0x0,
    0x0, 0xa, 0x60, 0x0, 0x0, 0x0, 0x0, 0x0,
    0x0, 0x8e, 0xfb, 0x20, 0x9, 0xd3, 0x2a, 0xe0,
    0x1f, 0x20, 0x0, 0xe5, 0x3f, 0xff, 0xff, 0xf7,
    0x3f, 0x22, 0x22, 0x20, 0x1f, 0x40, 0x0, 0x40,
    0x9, 0xe4, 0x39, 0xf1, 0x0, 0x8e, 0xfc, 0x30,

    /* U+00E9 "é" */
    0x0, 0x0, 0xb9, 0x0, 0x0, 0x2, 0xd0, 0x0,
    0x0, 0x0, 0x0, 0x0, 0x0, 0x8e, 0xfb, 0x20,
    0x9, 0xd3, 0x2a, 0xe0, 0x1f, 0x20, 0x0, 0xe5,
    0x3f, 0xff, 0xff, 0xf7, 0x3f, 0x22, 0x22, 0x20,
    0x1f, 0x40, 0x0, 0x40, 0x9, 0xe4, 0x39, 0xf1,
    0x0, 0x8e, 0xfc, 0x30,

    /* U+00EA "ê" */
    0x0, 0xd, 0xe2, 0x0, 0x0, 0xb8, 0x4d, 0x0,
    0x0, 0x0, 0x0, 0x0, 0x0, 0x8e, 0xfb, 0x20,
    0x9, 0xd3, 0x2a, 0xe0, 0x1f, 0x20, 0x0, 0xe5,
    0x3f, 0xff, 0xff, 0xf7, 0x3f, 0x22, 0x22, 0x20,
    0x1f, 0x40, 0x0, 0x40, 0x9, 0xe4, 0x39, 0xf1,
    0x0, 0x8e, 0xfc, 0x30,

    /* U+00EB "ë" */
    0x0, 0xd4, 0x1e, 0x30, 0x0, 0x82, 0x9, 0x10,
    0x0, 0x0, 0x0, 0x0, 0x0, 0x8e, 0xfb, 0x20,
    0x9, 0xd3, 0x2a, 0xe0, 0x1f, 0x20, 0x0, 0xe5,
    0x3f, 0xff, 0xff, 0xf7, 0x3f, 0x22, 0x22, 0x20,
    0x1f, 0x40, 0x0, 0x40, 0x9, 0xe4, 0x39, 0xf1,
    0x0, 0x8e, 0xfc, 0x30,

    /* U+00EC "ì" */
    0xc, 0x70, 0x2, 0xe0, 0x0, 0x10, 0x0, 0xe5,
    0x0, 0xe5, 0x0, 0xe5, 0x0, 0xe5, 0x0, 0xe5,
    0x0, 0xe5, 0x0, 0xe5, 0x0, 0xe5,

    /* U+00ED "í" */
    0x2f, 0x29, 0x80, 0x0, 0xe, 0x50, 0xe5, 0xe,
    0x50, 0xe5, 0xe, 0x50, 0xe5, 0xe, 0x50, 0xe5,
    0x0,

    /* U+00EE "î" */
    0x5, 0xfa, 0x2, 0xe2, 0xb7, 0x0, 0x0, 0x0,
    0xe, 0x50, 0x0, 0xe5, 0x0, 0xe, 0x50, 0x0,
    0xe5, 0x0, 0xe, 0x50, 0x0, 0xe5, 0x0, 0xe,
    0x50, 0x0, 0xe5, 0x0,

    /* U+00EF "ï" */
    0x5d, 0x7, 0xb3, 0x80, 0x47, 0x0, 0x0, 0x0,
    0xe, 0x50, 0x0, 0xe5, 0x0, 0xe, 0x50, 0x0,
    0xe5, 0x0, 0xe, 0x50, 0x0, 0xe5, 0x0, 0xe,
    0x50, 0x0, 0xe5, 0x0,

    /* U+00F0 "ð" */
    0x0, 0x43, 0x0, 0x10, 0x0, 0x4e, 0xad, 0x50,
    0x0, 0x5d, 0xd8, 0x0, 0x0, 0x41, 0x1e, 0x30,
    0x0, 0x8d, 0xc9, 0xb0, 0x9, 0xd3, 0x3b, 0xf1,
    0xf, 0x40, 0x2, 0xf5, 0x3f, 0x0, 0x0, 0xd6,
    0x3f, 0x0, 0x0, 0xd6, 0x1f, 0x40, 0x1, 0xf2,
    0x9, 0xd4, 0x3c, 0xb0, 0x0, 0x8e, 0xfa, 0x10,

    /* U+00F1 "ñ" */
    0x7, 0xd3, 0xc1, 0x0, 0xc2, 0xba, 0x0, 0x0,
    0x0, 0x0, 0xe, 0x6c, 0xfd, 0x30, 0xed, 0x41,
    0xae, 0xe, 0x70, 0x1, 0xf2, 0xe5, 0x0, 0xf,
    0x3e, 0x50, 0x0, 0xf3, 0xe5, 0x0, 0xf, 0x3e,
    0x50, 0x0, 0xf3, 0xe5, 0x0, 0xf, 0x30,

    /* U+00F2 "ò" */
    0x0, 0x0, 0x0, 0x0, 0x0, 0x4f, 0x10, 0x0,
    0x0, 0x9, 0x70, 0x0, 0x0, 0x0, 0x0, 0x0,
    0x0, 0x8e, 0xfb, 0x20, 0x9, 0xd4, 0x3a, 0xe1,
    0x1f, 0x40, 0x0, 0xd7, 0x3f, 0x0, 0x0, 0xaa,
    0x3f, 0x0, 0x0, 0xaa, 0x1f, 0x40, 0x0, 0xd7,
    0x9, 0xd4, 0x39, 0xe1, 0x0, 0x8e, 0xfb, 0x20,

    /* U+00F3 "ó" */
    0x0, 0x0, 0xaa, 0x0, 0x0, 0x1, 0xe1, 0x0,
    0x0, 0x0, 0x0, 0x0, 0x0, 0x8e, 0xfb, 0x20,
    0x9, 0xd4, 0x3a, 0xe1, 0x1f, 0x40, 0x0, 0xd7,
    0x3f, 0x0, 0x0, 0xaa, 0x3f, 0x0, 0x0, 0xaa,
    0x1f, 0x40, 0x0, 0xd7, 0x9, 0xd4, 0x39, 0xe1,
    0x0, 0x8e, 0xfb, 0x20,

    /* U+00F4 "ô" */
    0x0, 0xc, 0xe3, 0x0, 0x0, 0xa9, 0x3d, 0x10,
    0x0, 0x0, 0x0, 0x0, 0x0, 0x8e, 0xfb, 0x20,
    0x9, 0xd4, 0x3a, 0xe1, 0x1f, 0x40, 0x0, 0xd7,
    0x3f, 0x0, 0x0, 0xaa, 0x3f, 0x0, 0x0, 0xaa,
    0x1f, 0x40, 0x0, 0xd7, 0x9, 0xd4, 0x39, 0xe1,
    0x0, 0x8e, 0xfb, 0x20,

    /* U+00F5 "õ" */
    0x0, 0x6d, 0x3b, 0x10, 0x0, 0xb3, 0xbb, 0x0,
    0x0, 0x0, 0x0, 0x0, 0x0, 0x8e, 0xfb, 0x20,
    0x9, 0xd4, 0x3a, 0xe1, 0x1f, 0x40, 0x0, 0xd7,
    0x3f, 0x0, 0x0, 0xaa, 0x3f, 0x0, 0x0, 0xaa,
    0x1f, 0x40, 0x0, 0xd7, 0x9, 0xd4, 0x39, 0xe1,
    0x0, 0x8e, 0xfb, 0x20,

    /* U+00F6 "ö" */
    0x0, 0xd5, 0x1e, 0x40, 0x0, 0x83, 0x8, 0x20,
    0x0, 0x0, 0x0, 0x0, 0x0, 0x8e, 0xfb, 0x20,
    0x9, 0xd4, 0x3a, 0xe1, 0x1f, 0x40, 0x0, 0xd7,
    0x3f, 0x0, 0x0, 0xaa, 0x3f, 0x0, 0x0, 0xaa,
    0x1f, 0x40, 0x0, 0xd7, 0x9, 0xd4, 0x39, 0xe1,
    0x0, 0x8e, 0xfb, 0x20,

    /* U+00F7 "÷" */
    0x0, 0x2e, 0x50, 0x0, 0x1, 0xc4, 0x0, 0x0,
    0x0, 0x0, 0x9, 0xff, 0xff, 0xfd, 0x13, 0x33,
    0x33, 0x20, 0x1, 0xc4, 0x0, 0x0, 0x2e, 0x50,
    0x0,

    /* U+00F8 "ø" */
    0x0, 0x0, 0x0, 0x0, 0x0, 0x8e, 0xfb, 0x99,
    0x9, 0xe4, 0x3b, 0xf2, 0x1f, 0x40, 0x3e, 0xe7,
    0x3f, 0x11, 0xd3, 0xaa, 0x3f, 0x1c, 0x50, 0xaa,
    0x1f, 0xc8, 0x0, 0xd7, 0xc, 0xf4, 0x39, 0xe1,
    0x3c, 0x8e, 0xfb, 0x20, 0x0, 0x0, 0x0, 0x0,

    /* U+00F9 "ù" */
    0x0, 0x0, 0x0, 0x0, 0x4e, 0x0, 0x0, 0x0,
    0xa6, 0x0, 0x0, 0x0, 0x0, 0x0, 0xe5, 0x0,
    0xf, 0x3e, 0x50, 0x0, 0xf3, 0xe5, 0x0, 0xf,
    0x3e, 0x50, 0x0, 0xf3, 0xe5, 0x0, 0xf, 0x3e,
    0x60, 0x2, 0xf3, 0xad, 0x44, 0xbf, 0x31, 0xbf,
    0xd4, 0xf3,

    /* U+00FA "ú" */
    0x0, 0xb, 0x90, 0x0, 0x2, 0xd0, 0x0, 0x0,
    0x0, 0x0, 0xe, 0x50, 0x0, 0xf3, 0xe5, 0x0,
    0xf, 0x3e, 0x50, 0x0, 0xf3, 0xe5, 0x0, 0xf,
    0x3e, 0x50, 0x0, 0xf3, 0xe6, 0x0, 0x2f, 0x3a,
    0xd4, 0x4b, 0xf3, 0x1b, 0xfd, 0x4f, 0x30,

    /* U+00FB "û" */
    0x0, 0xde, 0x20, 0x0, 0xb8, 0x4d, 0x10, 0x0,
    0x0, 0x0, 0xe, 0x50, 0x0, 0xf3, 0xe5, 0x0,
    0xf, 0x3e, 0x50, 0x0, 0xf3, 0xe5, 0x0, 0xf,
    0x3e, 0x50, 0x0, 0xf3, 0xe6, 0x0, 0x2f, 0x3a,
    0xd4, 0x4b, 0xf3, 0x1b, 0xfd, 0x4f, 0x30,

    /* U+00FC "ü" */
    0xd, 0x51, 0xe3, 0x0, 0x82, 0x9, 0x10, 0x0,
    0x0, 0x0, 0xe, 0x50, 0x0, 0xf3, 0xe5, 0x0,
    0xf, 0x3e, 0x50, 0x0, 0xf3, 0xe5, 0x0, 0xf,
    0x3e, 0x50, 0x0, 0xf3, 0xe6, 0x0, 0x2f, 0x3a,
    0xd4, 0x4b, 0xf3, 0x1b, 0xfd, 0x4f, 0x30,

    /* U+00FD "ý" */
    0x0, 0x0, 0xd6, 0x0, 0x0, 0x5, 0xb0, 0x0,
    0x0, 0x0, 0x0, 0x0, 0x7e, 0x0, 0x0, 0xf5,
    0x1f, 0x30, 0x5, 0xe0, 0xb, 0x90, 0xb, 0x90,
    0x5, 0xe0, 0x1f, 0x30, 0x0, 0xf4, 0x6d, 0x0,
    0x0, 0xa9, 0xb7, 0x0, 0x0, 0x4d, 0xf1, 0x0,
    0x0, 0xe, 0xb0, 0x0, 0x0, 0xe, 0x60, 0x0,
    0x2, 0x7e, 0x0, 0x0, 0xe, 0xd4, 0x0, 0x0,

    /* U+00FE "þ" */
    0xe5, 0x0, 0x0, 0xe, 0x50, 0x0, 0x0, 0xe5,
    0x0, 0x0, 0xe, 0x6b, 0xfd, 0x50, 0xee, 0x62,
    0x7f, 0x3e, 0x90, 0x0, 0xba, 0xe5, 0x0, 0x7,
    0xde, 0x60, 0x0, 0x7d, 0xe9, 0x0, 0xb, 0xae,
    0xe6, 0x27, 0xf3, 0xe6, 0xbf, 0xd5, 0xe, 0x50,
    0x0, 0x0, 0xe5, 0x0, 0x0, 0xe, 0x50, 0x0,
    0x0,

    /* U+00FF "ÿ" */
    0x2, 0xe2, 0x4e, 0x10, 0x1, 0x91, 0x28, 0x0,
    0x0, 0x0, 0x0, 0x0, 0x7e, 0x0, 0x0, 0xf5,
    0x1f, 0x30, 0x5, 0xe0, 0xb, 0x90, 0xb, 0x90,
    0x5, 0xe0, 0x1f, 0x30, 0x0, 0xf4, 0x6d, 0x0,
    0x0, 0xa9, 0xb7, 0x0, 0x0, 0x4d, 0xf1, 0x0,
    0x0, 0xe, 0xb0, 0x0, 0x0, 0xe, 0x60, 0x0,
    0x2, 0x7e, 0x0, 0x0, 0xe, 0xd4, 0x0, 0x0,

    /* U+0102 "Ă" */
    0x0, 0x2, 0x0, 0x20, 0x0, 0x0, 0xd, 0x37,
    0xa0, 0x0, 0x0, 0x3, 0xa8, 0x0, 0x0, 0x0,
    0x0, 0x21, 0x0, 0x0, 0x0, 0x3, 0xfd, 0x0,
    0x0, 0x0, 0x9, 0xaf, 0x20, 0x0, 0x0, 0xe,
    0x4b, 0x80, 0x0, 0x0, 0x4f, 0x6, 0xe0, 0x0,
    0x0, 0xaa, 0x0, 0xf4, 0x0, 0x0, 0xf4, 0x0,
    0xaa, 0x0, 0x6, 0xff, 0xff, 0xff, 0x0, 0xb,
    0xa2, 0x22, 0x2e, 0x60, 0x1f, 0x40, 0x0, 0x9,
    0xb0, 0x7e, 0x0, 0x0, 0x3, 0xf1,

    /* U+0103 "ă" */
    0x1, 0x80, 0x17, 0x0, 0xb, 0xbd, 0x50, 0x0,
    0x3, 0x10, 0x0, 0x6, 0xaa, 0x50, 0xc, 0xd6,
    0x7f, 0x60, 0x41, 0x0, 0x8b, 0x0, 0x36, 0x8d,
    0xc0, 0xce, 0xa7, 0x9c, 0x5f, 0x0, 0x8, 0xc4,
    0xf2, 0x3, 0xec, 0x9, 0xff, 0xd8, 0xc0, 0x1,
    0x10, 0x0,

    /* U+0110 "Đ" */
    0x1, 0x33, 0x21, 0x0, 0x0, 0x9, 0xff, 0xff,
    0xd6, 0x0, 0x9, 0xb0, 0x1, 0x6f, 0x60, 0x9,
    0xb0, 0x0, 0x6, 0xf0, 0x9, 0xb0, 0x0, 0x0,
    0xf4, 0x8d, 0xea, 0xa4, 0x0, 0xd6, 0x6c, 0xd7,
    0x72, 0x0, 0xd6, 0x9, 0xb0, 0x0, 0x1, 0xf3,
    0x9, 0xb0, 0x0, 0x8, 0xe0, 0x9, 0xc2, 0x24,
    0xaf, 0x40, 0x9, 0xff, 0xfe, 0xa3, 0x0,

    /* U+0111 "đ" */
    0x0, 0x0, 0x0, 0x21, 0x0, 0x0, 0x5, 0x6d,
    0xb3, 0x0, 0x0, 0x89, 0xec, 0x40, 0x5, 0xaa,
    0x3b, 0x80, 0x7, 0xf7, 0x6c, 0xd8, 0x0, 0xf5,
    0x0, 0x1f, 0x80, 0x3f, 0x10, 0x0, 0xd8, 0x4,
    0xf0, 0x0, 0xc, 0x80, 0x1f, 0x30, 0x0, 0xf8,
    0x0, 0xbb, 0x10, 0x8f, 0x80, 0x1, 0xcf, 0xf9,
    0xb8, 0x0, 0x0, 0x11, 0x0, 0x0,

    /* U+01A0 "Ơ" */
    0x0, 0x0, 0x0, 0x0, 0x38, 0x0, 0x0, 0x34,
    0x43, 0x7d, 0x0, 0x4e, 0xfe, 0xff, 0xd6, 0x2,
    0xf8, 0x0, 0x2c, 0xc0, 0xb, 0xa0, 0x0, 0x0,
    0xe6, 0xf, 0x40, 0x0, 0x0, 0x9b, 0x2f, 0x20,
    0x0, 0x0, 0x6d, 0x1f, 0x20, 0x0, 0x0, 0x7d,
    0xf, 0x50, 0x0, 0x0, 0xaa, 0xa, 0xc0, 0x0,
    0x1, 0xf5, 0x1, 0xeb, 0x31, 0x4d, 0xb0, 0x0,
    0x2b, 0xff, 0xf9, 0x0, 0x0, 0x0, 0x1, 0x0,
    0x0,

    /* U+01A1 "ơ" */
    0x0, 0x0, 0x0, 0x14, 0x0, 0x0, 0x0, 0x4e,
    0x0, 0x4a, 0xba, 0xcb, 0x6, 0xf8, 0x6c, 0xc0,
    0xe, 0x60, 0x0, 0xe5, 0x3f, 0x10, 0x0, 0xa9,
    0x4f, 0x0, 0x0, 0x9a, 0x1f, 0x30, 0x0, 0xc8,
    0xb, 0xc1, 0x6, 0xf2, 0x1, 0xbf, 0xfe, 0x40,
    0x0, 0x1, 0x20, 0x0,

    /* U+01AF "Ư" */
    0x0, 0x0, 0x0, 0x0, 0x74, 0x21, 0x0, 0x0,
    0x3, 0xc6, 0xc8, 0x0, 0x0, 0x1f, 0xc2, 0xc8,
    0x0, 0x0, 0x1f, 0x30, 0xc8, 0x0, 0x0, 0x1f,
    0x30, 0xc8, 0x0, 0x0, 0x1f, 0x30, 0xc8, 0x0,
    0x0, 0x1f, 0x30, 0xc8, 0x0, 0x0, 0x1f, 0x30,
    0xc8, 0x0, 0x0, 0x2f, 0x20, 0x9c, 0x0, 0x0,
    0x5f, 0x0, 0x3f, 0x92, 0x15, 0xe9, 0x0, 0x4,
    0xdf, 0xff, 0x80, 0x0, 0x0, 0x1, 0x20, 0x0,
    0x0,

    /* U+01B0 "ư" */
    0x0, 0x0, 0x0, 0x32, 0x0, 0x0, 0x0, 0xb6,
    0x93, 0x0, 0xa, 0xe4, 0xe5, 0x0, 0xf, 0x40,
    0xe5, 0x0, 0xf, 0x30, 0xe5, 0x0, 0xf, 0x30,
    0xe5, 0x0, 0xf, 0x30, 0xe5, 0x0, 0x1f, 0x30,
    0xbc, 0x22, 0xaf, 0x30, 0x2d, 0xfe, 0x5f, 0x30,
    0x0, 0x10, 0x0, 0x0,

    /* U+1EA0 "Ạ" */
    0x0, 0x0, 0x21, 0x0, 0x0, 0x0, 0x3, 0xfd,
    0x0, 0x0, 0x0, 0x9, 0xaf, 0x20, 0x0, 0x0,
    0xe, 0x4b, 0x80, 0x0, 0x0, 0x4f, 0x6, 0xe0,
    0x0, 0x0, 0xaa, 0x0, 0xf4, 0x0, 0x0, 0xf4,
    0x0, 0xaa, 0x0, 0x6, 0xff, 0xff, 0xff, 0x0,
    0xb, 0xa2, 0x22, 0x2e, 0x60, 0x1f, 0x40, 0x0,
    0x9, 0xb0, 0x7e, 0x0, 0x0, 0x3, 0xf1, 0x0,
    0x0, 0x0, 0x0, 0x0, 0x0, 0x0, 0x85, 0x0,
    0x0, 0x0, 0x0, 0xa6, 0x0, 0x0,

    /* U+1EA1 "ạ" */
    0x0, 0x6a, 0xa5, 0x0, 0xcd, 0x67, 0xf6, 0x4,
    0x10, 0x8, 0xb0, 0x3, 0x68, 0xdc, 0xc, 0xea,
    0x79, 0xc5, 0xf0, 0x0, 0x8c, 0x4f, 0x20, 0x3e,
    0xc0, 0x9f, 0xfd, 0x8c, 0x0, 0x11, 0x0, 0x0,
    0x0, 0x95, 0x0, 0x0, 0xb, 0x60, 0x0,

    /* U+1EA2 "Ả" */
    0x0, 0x0, 0x20, 0x0, 0x0, 0x0, 0x3, 0xbb,
    0x0, 0x0, 0x0, 0x0, 0x66, 0x0, 0x0, 0x0,
    0x0, 0x21, 0x0, 0x0, 0x0, 0x3, 0xfd, 0x0,
    0x0, 0x0, 0x9, 0xaf, 0x20, 0x0, 0x0, 0xe,
    0x4b, 0x80, 0x0, 0x0, 0x4f, 0x6, 0xe0, 0x0,
    0x0, 0xaa, 0x0, 0xf4, 0x0, 0x0, 0xf4, 0x0,
    0xaa, 0x0, 0x6, 0xff, 0xff, 0xff, 0x0, 0xb,
    0xa2, 0x22, 0x2e, 0x60, 0x1f, 0x40, 0x0, 0x9,
    0xb0, 0x7e, 0x0, 0x0, 0x3, 0xf1,

    /* U+1EA3 "ả" */
    0x0, 0x3a, 0x50, 0x0, 0x0, 0x6a, 0x0, 0x0,
    0x3, 0x10, 0x0, 0x6, 0xaa, 0x50, 0xc, 0xd6,
    0x7f, 0x60, 0x41, 0x0, 0x8b, 0x0, 0x36, 0x8d,
    0xc0, 0xce, 0xa7, 0x9c, 0x5f, 0x0, 0x8, 0xc4,
    0xf2, 0x3, 0xec, 0x9, 0xff, 0xd8, 0xc0, 0x1,
    0x10, 0x0,

    /* U+1EA4 "Ấ" */
    0x0, 0x0, 0x0, 0x27, 0x0, 0x0, 0x0, 0x0,
    0xb7, 0x0, 0x0, 0x0, 0x0, 0x60, 0x0, 0x0,
    0x3, 0xed, 0x0, 0x0, 0x0, 0x1c, 0x37, 0xa0,
    0x0, 0x0, 0x0, 0x21, 0x0, 0x0, 0x0, 0x3,
    0xfd, 0x0, 0x0, 0x0, 0x9, 0xaf, 0x20, 0x0,
    0x0, 0xe, 0x4b, 0x80, 0x0, 0x0, 0x4f, 0x6,
    0xe0, 0x0, 0x0, 0xaa, 0x0, 0xf4, 0x0, 0x0,
    0xf4, 0x0, 0xaa, 0x0, 0x6, 0xff, 0xff, 0xff,
    0x0, 0xb, 0xa2, 0x22, 0x2e, 0x60, 0x1f, 0x40,
    0x0, 0x9, 0xb0, 0x7e, 0x0, 0x0, 0x3, 0xf1,

    /* U+1EA5 "ấ" */
    0x0, 0x0, 0x7, 0xb0, 0x0, 0x0, 0xd, 0x20,
    0x0, 0x6, 0x40, 0x0, 0x0, 0x9a, 0xd4, 0x0,
    0x1, 0x60, 0x26, 0x0, 0x0, 0x6a, 0xa5, 0x0,
    0xc, 0xd6, 0x7f, 0x60, 0x4, 0x10, 0x8, 0xb0,
    0x0, 0x36, 0x8d, 0xc0, 0xc, 0xea, 0x79, 0xc0,
    0x5f, 0x0, 0x8, 0xc0, 0x4f, 0x20, 0x3e, 0xc0,
    0x9, 0xff, 0xd8, 0xc0, 0x0, 0x11, 0x0, 0x0,

    /* U+1EA6 "Ầ" */
    0x0, 0x0, 0x7, 0x20, 0x0, 0x0, 0x0, 0x8,
    0xa0, 0x0, 0x0, 0x0, 0x0, 0x60, 0x0, 0x0,
    0x3, 0xed, 0x0, 0x0, 0x0, 0x1c, 0x37, 0xa0,
    0x0, 0x0, 0x0, 0x21, 0x0, 0x0, 0x0, 0x3,
    0xfd, 0x0, 0x0, 0x0, 0x9, 0xaf, 0x20, 0x0,
    0x0, 0xe, 0x4b, 0x80, 0x0, 0x0, 0x4f, 0x6,
    0xe0, 0x0, 0x0, 0xaa, 0x0, 0xf4, 0x0, 0x0,
    0xf4, 0x0, 0xaa, 0x0, 0x6, 0xff, 0xff, 0xff,
    0x0, 0xb, 0xa2, 0x22, 0x2e, 0x60, 0x1f, 0x40,
    0x0, 0x9, 0xb0, 0x7e, 0x0, 0x0, 0x3, 0xf1,

    /* U+1EA7 "ầ" */
    0x0, 0x0, 0xc5, 0x0, 0x0, 0x3, 0xd0, 0x0,
    0x6, 0x40, 0x0, 0x9, 0xad, 0x40, 0x1, 0x60,
    0x26, 0x0, 0x6, 0xaa, 0x50, 0xc, 0xd6, 0x7f,
    0x60, 0x41, 0x0, 0x8b, 0x0, 0x36, 0x8d, 0xc0,
    0xce, 0xa7, 0x9c, 0x5f, 0x0, 0x8, 0xc4, 0xf2,
    0x3, 0xec, 0x9, 0xff, 0xd8, 0xc0, 0x1, 0x10,
    0x0,

    /* U+1EA8 "Ẩ" */
    0x0, 0x0, 0x6, 0x60, 0x0, 0x0, 0x0, 0x4,
    0xe2, 0x0, 0x0, 0x0, 0x0, 0x50, 0x0, 0x0,
    0x3, 0xed, 0x0, 0x0, 0x0, 0x1c, 0x37, 0xa0,
    0x0, 0x0, 0x0, 0x21, 0x0, 0x0, 0x0, 0x3,
    0xfd, 0x0, 0x0, 0x0, 0x9, 0xaf, 0x20, 0x0,
    0x0, 0xe, 0x4b, 0x80, 0x0, 0x0, 0x4f, 0x6,
    0xe0, 0x0, 0x0, 0xaa, 0x0, 0xf4, 0x0, 0x0,
    0xf4, 0x0, 0xaa, 0x0, 0x6, 0xff, 0xff, 0xff,
    0x0, 0xb, 0xa2, 0x22, 0x2e, 0x60, 0x1f, 0x40,
    0x0, 0x9, 0xb0, 0x7e, 0x0, 0x0, 0x3, 0xf1,

    /* U+1EA9 "ẩ" */
    0x0, 0x0, 0xbd, 0x10, 0x0, 0x0, 0xd0, 0x0,
    0x6, 0x40, 0x0, 0x9, 0xad, 0x40, 0x1, 0x60,
    0x26, 0x0, 0x6, 0xaa, 0x50, 0xc, 0xd6, 0x7f,
    0x60, 0x41, 0x0, 0x8b, 0x0, 0x36, 0x8d, 0xc0,
    0xce, 0xa7, 0x9c, 0x5f, 0x0, 0x8, 0xc4, 0xf2,
    0x3, 0xec, 0x9, 0xff, 0xd8, 0xc0, 0x1, 0x10,
    0x0,

    /* U+1EAA "Ẫ" */
    0x0, 0x1, 0x10, 0x20, 0x0, 0x0, 0xd, 0xcc,
    0xa0, 0x0, 0x0, 0x2, 0x2, 0x0, 0x0, 0x0,
    0x3, 0xed, 0x0, 0x0, 0x0, 0x1c, 0x37, 0xa0,
    0x0, 0x0, 0x0, 0x21, 0x0, 0x0, 0x0, 0x3,
    0xfd, 0x0, 0x0, 0x0, 0x9, 0xaf, 0x20, 0x0,
    0x0, 0xe, 0x4b, 0x80, 0x0, 0x0, 0x4f, 0x6,
    0xe0, 0x0, 0x0, 0xaa, 0x0, 0xf4, 0x0, 0x0,
    0xf4, 0x0, 0xaa, 0x0, 0x6, 0xff, 0xff, 0xff,
    0x0, 0xb, 0xa2, 0x22, 0x2e, 0x60, 0x1f, 0x40,
    0x0, 0x9, 0xb0, 0x7e, 0x0, 0x0, 0x3, 0xf1,

    /* U+1EAB "ẫ" */
    0x0, 0x78, 0x37, 0x0, 0xa, 0x5b, 0x50, 0x0,
    0x6, 0x40, 0x0, 0x9, 0xad, 0x40, 0x1, 0x60,
    0x26, 0x0, 0x6, 0xaa, 0x50, 0xc, 0xd6, 0x7f,
    0x60, 0x41, 0x0, 0x8b, 0x0, 0x36, 0x8d, 0xc0,
    0xce, 0xa7, 0x9c, 0x5f, 0x0, 0x8, 0xc4, 0xf2,
    0x3, 0xec, 0x9, 0xff, 0xd8, 0xc0, 0x1, 0x10,
    0x0,

    /* U+1EAC "Ậ" */
    0x0, 0x0, 0x21, 0x0, 0x0, 0x0, 0x6, 0xdd,
    0x10, 0x0, 0x0, 0x1a, 0x15, 0x80, 0x0, 0x0,
    0x0, 0x21, 0x0, 0x0, 0x0, 0x3, 0xfd, 0x0,
    0x0, 0x0, 0x9, 0xaf, 0x20, 0x0, 0x0, 0xe,
    0x4b, 0x80, 0x0, 0x0, 0x4f, 0x6, 0xe0, 0x0,
    0x0, 0xaa, 0x0, 0xf4, 0x0, 0x0, 0xf4, 0x0,
    0xaa, 0x0, 0x6, 0xff, 0xff, 0xff, 0x0, 0xb,
    0xa2, 0x22, 0x2e, 0x60, 0x1f, 0x40, 0x0, 0x9,
    0xb0, 0x7e, 0x0, 0x0, 0x3, 0xf1, 0x0, 0x0,
    0x0, 0x0, 0x0, 0x0, 0x0, 0x85, 0x0, 0x0,
    0x0, 0x0, 0xa6, 0x0, 0x0,

    /* U+1EAD "ậ" */
    0x0, 0x19, 0x70, 0x0, 0xc, 0x7c, 0x60, 0x1,
    0x30, 0x13, 0x0, 0x6, 0xaa, 0x50, 0xc, 0xd6,
    0x7f, 0x60, 0x41, 0x0, 0x8b, 0x0, 0x36, 0x8d,
    0xc0, 0xce, 0xa7, 0x9c, 0x5f, 0x0, 0x8, 0xc4,
    0xf2, 0x3, 0xec, 0x9, 0xff, 0xd8, 0xc0, 0x1,
    0x10, 0x0, 0x0, 0x9, 0x50, 0x0, 0x0, 0xb6,
    0x0,

    /* U+1EAE "Ắ" */
    0x0, 0x0, 0x6, 0x30, 0x0, 0x0, 0x0, 0x3e,
    0x10, 0x0, 0x0, 0x0, 0x33, 0x0, 0x0, 0x0,
    0xe, 0x14, 0xb0, 0x0, 0x0, 0x5, 0xdc, 0x20,
    0x0, 0x0, 0x0, 0x21, 0x0, 0x0, 0x0, 0x3,
    0xfd, 0x0, 0x0, 0x0, 0x9, 0xaf, 0x20, 0x0,
    0x0, 0xe, 0x4b, 0x80, 0x0, 0x0, 0x4f, 0x6,
    0xe0, 0x0, 0x0, 0xaa, 0x0, 0xf4, 0x0, 0x0,
    0xf4, 0x0, 0xaa, 0x0, 0x6, 0xff, 0xff, 0xff,
    0x0, 0xb, 0xa2, 0x22, 0x2e, 0x60, 0x1f, 0x40,
    0x0, 0x9, 0xb0, 0x7e, 0x0, 0x0, 0x3, 0xf1,

    /* U+1EAF "ắ" */
    0x0, 0x0, 0xd5, 0x0, 0x0, 0x6a, 0x0, 0x0,
    0x50, 0x5, 0x0, 0xc, 0x8a, 0x80, 0x0, 0x16,
    0x40, 0x0, 0x6, 0xaa, 0x50, 0xc, 0xd6, 0x7f,
    0x60, 0x41, 0x0, 0x8b, 0x0, 0x36, 0x8d, 0xc0,
    0xce, 0xa7, 0x9c, 0x5f, 0x0, 0x8, 0xc4, 0xf2,
    0x3, 0xec, 0x9, 0xff, 0xd8, 0xc0, 0x1, 0x10,
    0x0,

    /* U+1EB0 "Ằ" */
    0x0, 0x6, 0x30, 0x0, 0x0, 0x0, 0x5, 0xd0,
    0x0, 0x0, 0x0, 0x0, 0x51, 0x0, 0x0, 0x0,
    0x1d, 0x5, 0xa0, 0x0, 0x0, 0x6, 0xdb, 0x10,
    0x0, 0x0, 0x0, 0x21, 0x0, 0x0, 0x0, 0x3,
    0xfd, 0x0, 0x0, 0x0, 0x9, 0xaf, 0x20, 0x0,
    0x0, 0xe, 0x4b, 0x80, 0x0, 0x0, 0x4f, 0x6,
    0xe0, 0x0, 0x0, 0xaa, 0x0, 0xf4, 0x0, 0x0,
    0xf4, 0x0, 0xaa, 0x0, 0x6, 0xff, 0xff, 0xff,
    0x0, 0xb, 0xa2, 0x22, 0x2e, 0x60, 0x1f, 0x40,
    0x0, 0x9, 0xb0, 0x7e, 0x0, 0x0, 0x3, 0xf1,

    /* U+1EB1 "ằ" */
    0x0, 0xa8, 0x0, 0x0, 0x1, 0xd1, 0x0, 0x1,
    0x50, 0x15, 0x0, 0xd, 0x7b, 0x70, 0x0, 0x16,
    0x40, 0x0, 0x6, 0xaa, 0x50, 0xc, 0xd6, 0x7f,
    0x60, 0x41, 0x0, 0x8b, 0x0, 0x36, 0x8d, 0xc0,
    0xce, 0xa7, 0x9c, 0x5f, 0x0, 0x8, 0xc4, 0xf2,
    0x3, 0xec, 0x9, 0xff, 0xd8, 0xc0, 0x1, 0x10,
    0x0,

    /* U+1EB2 "Ẳ" */
    0x0, 0x1, 0x73, 0x0, 0x0, 0x0, 0x1, 0x7c,
    0x0, 0x0, 0x0, 0x0, 0x33, 0x0, 0x0, 0x0,
    0xe, 0x14, 0xb0, 0x0, 0x0, 0x5, 0xdc, 0x20,
    0x0, 0x0, 0x0, 0x21, 0x0, 0x0, 0x0, 0x3,
    0xfd, 0x0, 0x0, 0x0, 0x9, 0xaf, 0x20, 0x0,
    0x0, 0xe, 0x4b, 0x80, 0x0, 0x0, 0x4f, 0x6,
    0xe0, 0x0, 0x0, 0xaa, 0x0, 0xf4, 0x0, 0x0,
    0xf4, 0x0, 0xaa, 0x0, 0x6, 0xff, 0xff, 0xff,
    0x0, 0xb, 0xa2, 0x22, 0x2e, 0x60, 0x1f, 0x40,
    0x0, 0x9, 0xb0, 0x7e, 0x0, 0x0, 0x3, 0xf1,

    /* U+1EB3 "ẳ" */
    0x0, 0x3d, 0x90, 0x0, 0x0, 0x59, 0x0, 0x0,
    0x50, 0x5, 0x0, 0xc, 0x8a, 0x80, 0x0, 0x16,
    0x40, 0x0, 0x6, 0xaa, 0x50, 0xc, 0xd6, 0x7f,
    0x60, 0x41, 0x0, 0x8b, 0x0, 0x36, 0x8d, 0xc0,
    0xce, 0xa7, 0x9c, 0x5f, 0x0, 0x8, 0xc4, 0xf2,
    0x3, 0xec, 0x9, 0xff, 0xd8, 0xc0, 0x1, 0x10,
    0x0,

    /* U+1EB4 "Ẵ" */
    0x0, 0x1, 0x10, 0x20, 0x0, 0x0, 0xd, 0xcb,
    0xb0, 0x0, 0x0, 0x2, 0x2, 0x0, 0x0, 0x0,
    0xd, 0x4, 0xa0, 0x0, 0x0, 0x5, 0xcb, 0x10,
    0x0, 0x0, 0x0, 0x21, 0x0, 0x0, 0x0, 0x3,
    0xfd, 0x0, 0x0, 0x0, 0x9, 0xaf, 0x20, 0x0,
    0x0, 0xe, 0x4b, 0x80, 0x0, 0x0, 0x4f, 0x6,
    0xe0, 0x0, 0x0, 0xaa, 0x0, 0xf4, 0x0, 0x0,
    0xf4, 0x0, 0xaa, 0x0, 0x6, 0xff, 0xff, 0xff,
    0x0, 0xb, 0xa2, 0x22, 0x2e, 0x60, 0x1f, 0x40,
    0x0, 0x9, 0xb0, 0x7e, 0x0, 0x0, 0x3, 0xf1,

    /* U+1EB5 "ẵ" */
    0x0, 0x78, 0x38, 0x0, 0xa, 0x5b, 0x60, 0x0,
    0x50, 0x15, 0x0, 0xc, 0x7b, 0x70, 0x0, 0x16,
    0x40, 0x0, 0x6, 0xaa, 0x50, 0xc, 0xd6, 0x7f,
    0x60, 0x41, 0x0, 0x8b, 0x0, 0x36, 0x8d, 0xc0,
    0xce, 0xa7, 0x9c, 0x5f, 0x0, 0x8, 0xc4, 0xf2,
    0x3, 0xec, 0x9, 0xff, 0xd8, 0xc0, 0x1, 0x10,
    0x0,

    /* U+1EB6 "Ặ" */
    0x0, 0x2, 0x0, 0x20, 0x0, 0x0, 0xd, 0x37,
    0xa0, 0x0, 0x0, 0x3, 0xa8, 0x0, 0x0, 0x0,
    0x0, 0x21, 0x0, 0x0, 0x0, 0x3, 0xfd, 0x0,
    0x0, 0x0, 0x9, 0xaf, 0x20, 0x0, 0x0, 0xe,
    0x4b, 0x80, 0x0, 0x0, 0x4f, 0x6, 0xe0, 0x0,
    0x0, 0xaa, 0x0, 0xf4, 0x0, 0x0, 0xf4, 0x0,
    0xaa, 0x0, 0x6, 0xff, 0xff, 0xff, 0x0, 0xb,
    0xa2, 0x22, 0x2e, 0x60, 0x1f, 0x40, 0x0, 0x9,
    0xb0, 0x7e, 0x0, 0x0, 0x3, 0xf1, 0x0, 0x0,
    0x0, 0x0, 0x0, 0x0, 0x0, 0x85, 0x0, 0x0,
    0x0, 0x0, 0xa6, 0x0, 0x0,

    /* U+1EB7 "ặ" */
    0x1, 0x80, 0x17, 0x0, 0xb, 0xbd, 0x50, 0x0,
    0x3, 0x10, 0x0, 0x6, 0xaa, 0x50, 0xc, 0xd6,
    0x7f, 0x60, 0x41, 0x0, 0x8b, 0x0, 0x36, 0x8d,
    0xc0, 0xce, 0xa7, 0x9c, 0x5f, 0x0, 0x8, 0xc4,
    0xf2, 0x3, 0xec, 0x9, 0xff, 0xd8, 0xc0, 0x1,
    0x10, 0x0, 0x0, 0x9, 0x50, 0x0, 0x0, 0xb6,
    0x0,

    /* U+1EB8 "Ẹ" */
    0x23, 0x33, 0x33, 0x1c, 0xff, 0xff, 0xf6, 0xc8,
    0x0, 0x0, 0xc, 0x80, 0x0, 0x0, 0xc8, 0x0,
    0x0, 0xc, 0xdb, 0xbb, 0xb1, 0xcb, 0x77, 0x77,
    0xc, 0x80, 0x0, 0x0, 0xc8, 0x0, 0x0, 0xc,
    0x92, 0x22, 0x21, 0xcf, 0xff, 0xff, 0x80, 0x0,
    0x0, 0x0, 0x0, 0x2a, 0x0, 0x0, 0x3, 0xc1,
    0x0,

    /* U+1EB9 "ẹ" */
    0x0, 0x4a, 0xa6, 0x0, 0x6, 0xf7, 0x6d, 0xb0,
    0xe, 0x50, 0x2, 0xf3, 0x3f, 0x77, 0x77, 0xe7,
    0x4f, 0x99, 0x99, 0x94, 0x1f, 0x20, 0x0, 0x0,
    0xb, 0xb1, 0x5, 0xf2, 0x1, 0xbf, 0xfe, 0x60,
    0x0, 0x1, 0x10, 0x0, 0x0, 0x5, 0x80, 0x0,
    0x0, 0x6, 0xa0, 0x0,

    /* U+1EBA "Ẻ" */
    0x0, 0x22, 0x0, 0x0, 0x7, 0xe4, 0x0, 0x0,
    0xb, 0x0, 0x2, 0x33, 0x33, 0x31, 0xcf, 0xff,
    0xff, 0x6c, 0x80, 0x0, 0x0, 0xc8, 0x0, 0x0,
    0xc, 0x80, 0x0, 0x0, 0xcd, 0xbb, 0xbb, 0x1c,
    0xb7, 0x77, 0x70, 0xc8, 0x0, 0x0, 0xc, 0x80,
    0x0, 0x0, 0xc9, 0x22, 0x22, 0x1c, 0xff, 0xff,
    0xf8,

    /* U+1EBB "ẻ" */
    0x0, 0xa, 0x80, 0x0, 0x0, 0x3, 0xe0, 0x0,
    0x0, 0x1, 0x30, 0x0, 0x0, 0x4a, 0xa6, 0x0,
    0x6, 0xf7, 0x6d, 0xb0, 0xe, 0x50, 0x2, 0xf3,
    0x3f, 0x77, 0x77, 0xe7, 0x4f, 0x99, 0x99, 0x94,
    0x1f, 0x20, 0x0, 0x0, 0xb, 0xb1, 0x5, 0xf2,
    0x1, 0xbf, 0xfe, 0x60, 0x0, 0x1, 0x10, 0x0,

    /* U+1EBC "Ẽ" */
    0x4, 0xe9, 0xb3, 0x0, 0x42, 0x46, 0x0, 0x23,
    0x33, 0x33, 0x1c, 0xff, 0xff, 0xf6, 0xc8, 0x0,
    0x0, 0xc, 0x80, 0x0, 0x0, 0xc8, 0x0, 0x0,
    0xc, 0xdb, 0xbb, 0xb1, 0xcb, 0x77, 0x77, 0xc,
    0x80, 0x0, 0x0, 0xc8, 0x0, 0x0, 0xc, 0x92,
    0x22, 0x21, 0xcf, 0xff, 0xff, 0x80,

    /* U+1EBD "ẽ" */
    0x0, 0x25, 0x4, 0x0, 0x0, 0xb9, 0xdc, 0x0,
    0x0, 0x0, 0x0, 0x0, 0x0, 0x4a, 0xa6, 0x0,
    0x6, 0xf7, 0x6d, 0xb0, 0xe, 0x50, 0x2, 0xf3,
    0x3f, 0x77, 0x77, 0xe7, 0x4f, 0x99, 0x99, 0x94,
    0x1f, 0x20, 0x0, 0x0, 0xb, 0xb1, 0x5, 0xf2,
    0x1, 0xbf, 0xfe, 0x60, 0x0, 0x1, 0x10, 0x0,

    /* U+1EBE "Ế" */
    0x0, 0x0, 0x6, 0x30, 0x0, 0x3, 0xe1, 0x0,
    0x0, 0x33, 0x0, 0x9, 0xe7, 0x0, 0x6, 0xb1,
    0xc3, 0x2, 0x33, 0x33, 0x31, 0xcf, 0xff, 0xff,
    0x6c, 0x80, 0x0, 0x0, 0xc8, 0x0, 0x0, 0xc,
    0x80, 0x0, 0x0, 0xcd, 0xbb, 0xbb, 0x1c, 0xb7,
    0x77, 0x70, 0xc8, 0x0, 0x0, 0xc, 0x80, 0x0,
    0x0, 0xc9, 0x22, 0x22, 0x1c, 0xff, 0xff, 0xf8,

    /* U+1EBF "ế" */
    0x0, 0x0, 0x2, 0xe2, 0x0, 0x0, 0xa, 0x60,
    0x0, 0x4, 0x60, 0x0, 0x0, 0x4d, 0xa9, 0x0,
    0x0, 0x62, 0x6, 0x10, 0x0, 0x4a, 0xa6, 0x0,
    0x6, 0xf7, 0x6d, 0xb0, 0xe, 0x50, 0x2, 0xf3,
    0x3f, 0x77, 0x77, 0xe7, 0x4f, 0x99, 0x99, 0x94,
    0x1f, 0x20, 0x0, 0x0, 0xb, 0xb1, 0x5, 0xf2,
    0x1, 0xbf, 0xfe, 0x60, 0x0, 0x1, 0x10, 0x0,

    /* U+1EC0 "Ề" */
    0x0, 0x3, 0x60, 0x0, 0x0, 0x1e, 0x30, 0x0,
    0x0, 0x33, 0x0, 0x9, 0xe7, 0x0, 0x6, 0xb1,
    0xc3, 0x2, 0x33, 0x33, 0x31, 0xcf, 0xff, 0xff,
    0x6c, 0x80, 0x0, 0x0, 0xc8, 0x0, 0x0, 0xc,
    0x80, 0x0, 0x0, 0xcd, 0xbb, 0xbb, 0x1c, 0xb7,
    0x77, 0x70, 0xc8, 0x0, 0x0, 0xc, 0x80, 0x0,
    0x0, 0xc9, 0x22, 0x22, 0x1c, 0xff, 0xff, 0xf8,

    /* U+1EC1 "ề" */
    0x0, 0x0, 0x8a, 0x0, 0x0, 0x0, 0xd, 0x30,
    0x0, 0x4, 0x60, 0x0, 0x0, 0x4d, 0xa9, 0x0,
    0x0, 0x62, 0x6, 0x10, 0x0, 0x4a, 0xa6, 0x0,
    0x6, 0xf7, 0x6d, 0xb0, 0xe, 0x50, 0x2, 0xf3,
    0x3f, 0x77, 0x77, 0xe7, 0x4f, 0x99, 0x99, 0x94,
    0x1f, 0x20, 0x0, 0x0, 0xb, 0xb1, 0x5, 0xf2,
    0x1, 0xbf, 0xfe, 0x60, 0x0, 0x1, 0x10, 0x0,

    /* U+1EC2 "Ể" */
    0x0, 0x2, 0x73, 0x0, 0x0, 0x18, 0xb0, 0x0,
    0x0, 0x32, 0x0, 0x9, 0xe7, 0x0, 0x6, 0xb1,
    0xc3, 0x2, 0x33, 0x33, 0x31, 0xcf, 0xff, 0xff,
    0x6c, 0x80, 0x0, 0x0, 0xc8, 0x0, 0x0, 0xc,
    0x80, 0x0, 0x0, 0xcd, 0xbb, 0xbb, 0x1c, 0xb7,
    0x77, 0x70, 0xc8, 0x0, 0x0, 0xc, 0x80, 0x0,
    0x0, 0xc9, 0x22, 0x22, 0x1c, 0xff, 0xff, 0xf8,

    /* U+1EC3 "ể" */
    0x0, 0x0, 0x7d, 0x50, 0x0, 0x0, 0xa, 0x40,
    0x0, 0x4, 0x60, 0x0, 0x0, 0x4d, 0xa9, 0x0,
    0x0, 0x62, 0x6, 0x10, 0x0, 0x4a, 0xa6, 0x0,
    0x6, 0xf7, 0x6d, 0xb0, 0xe, 0x50, 0x2, 0xf3,
    0x3f, 0x77, 0x77, 0xe7, 0x4f, 0x99, 0x99, 0x94,
    0x1f, 0x20, 0x0, 0x0, 0xb, 0xb1, 0x5, 0xf2,
    0x1, 0xbf, 0xfe, 0x60, 0x0, 0x1, 0x10, 0x0,

    /* U+1EC4 "Ễ" */
    0x0, 0x20, 0x11, 0x0, 0x5d, 0xdd, 0x30, 0x1,
    0x0, 0x20, 0x0, 0x9, 0xe7, 0x0, 0x6, 0xb1,
    0xc3, 0x2, 0x33, 0x33, 0x31, 0xcf, 0xff, 0xff,
    0x6c, 0x80, 0x0, 0x0, 0xc8, 0x0, 0x0, 0xc,
    0x80, 0x0, 0x0, 0xcd, 0xbb, 0xbb, 0x1c, 0xb7,
    0x77, 0x70, 0xc8, 0x0, 0x0, 0xc, 0x80, 0x0,
    0x0, 0xc9, 0x22, 0x22, 0x1c, 0xff, 0xff, 0xf8,

    /* U+1EC5 "ễ" */
    0x0, 0x49, 0x38, 0x0, 0x0, 0x85, 0xa9, 0x0,
    0x0, 0x4, 0x60, 0x0, 0x0, 0x4d, 0xa9, 0x0,
    0x0, 0x62, 0x6, 0x10, 0x0, 0x4a, 0xa6, 0x0,
    0x6, 0xf7, 0x6d, 0xb0, 0xe, 0x50, 0x2, 0xf3,
    0x3f, 0x77, 0x77, 0xe7, 0x4f, 0x99, 0x99, 0x94,
    0x1f, 0x20, 0x0, 0x0, 0xb, 0xb1, 0x5, 0xf2,
    0x1, 0xbf, 0xfe, 0x60, 0x0, 0x1, 0x10, 0x0,

    /* U+1EC6 "Ệ" */
    0x0, 0x2, 0x0, 0x0, 0xc, 0xc8, 0x0, 0x6,
    0x70, 0x93, 0x2, 0x33, 0x33, 0x31, 0xcf, 0xff,
    0xff, 0x6c, 0x80, 0x0, 0x0, 0xc8, 0x0, 0x0,
    0xc, 0x80, 0x0, 0x0, 0xcd, 0xbb, 0xbb, 0x1c,
    0xb7, 0x77, 0x70, 0xc8, 0x0, 0x0, 0xc, 0x80,
    0x0, 0x0, 0xc9, 0x22, 0x22, 0x1c, 0xff, 0xff,
    0xf8, 0x0, 0x0, 0x0, 0x0, 0x2, 0xa0, 0x0,
    0x0, 0x3c, 0x10, 0x0,

    /* U+1EC7 "ệ" */
    0x0, 0x7, 0x90, 0x0, 0x0, 0x7b, 0x8b, 0x0,
    0x0, 0x30, 0x3, 0x0, 0x0, 0x4a, 0xa6, 0x0,
    0x6, 0xf7, 0x6d, 0xb0, 0xe, 0x50, 0x2, 0xf3,
    0x3f, 0x77, 0x77, 0xe7, 0x4f, 0x99, 0x99, 0x94,
    0x1f, 0x20, 0x0, 0x0, 0xb, 0xb1, 0x5, 0xf2,
    0x1, 0xbf, 0xfe, 0x60, 0x0, 0x1, 0x10, 0x0,
    0x0, 0x5, 0x80, 0x0, 0x0, 0x6, 0xa0, 0x0,

    /* U+1EC8 "Ỉ" */
    0x2, 0x2, 0xac, 0x5, 0x60, 0x21, 0xc, 0x80,
    0xc8, 0xc, 0x80, 0xc8, 0xc, 0x80, 0xc8, 0xc,
    0x80, 0xc8, 0xc, 0x80, 0xc8,

    /* U+1EC9 "ỉ" */
    0x4a, 0x41, 0x88, 0x4, 0x10, 0x93, 0xe, 0x50,
    0xe5, 0xe, 0x50, 0xe5, 0xe, 0x50, 0xe5, 0xe,
    0x50,

    /* U+1ECA "Ị" */
    0x21, 0xc8, 0xc8, 0xc8, 0xc8, 0xc8, 0xc8, 0xc8,
    0xc8, 0xc8, 0xc8, 0x0, 0x86, 0xa7,

    /* U+1ECB "ị" */
    0x6, 0x10, 0xf6, 0x0, 0x0, 0x93, 0xe, 0x50,
    0xe5, 0xe, 0x50, 0xe5, 0xe, 0x50, 0xe5, 0xe,
    0x50, 0x0, 0x9, 0x30, 0xb5,

    /* U+1ECC "Ọ" */
    0x0, 0x0, 0x34, 0x20, 0x0, 0x0, 0x4e, 0xfe,
    0xfb, 0x10, 0x2, 0xf8, 0x0, 0x2c, 0xd0, 0xb,
    0xa0, 0x0, 0x0, 0xe6, 0xf, 0x40, 0x0, 0x0,
    0x9b, 0x2f, 0x20, 0x0, 0x0, 0x6d, 0x1f, 0x20,
    0x0, 0x0, 0x7d, 0xf, 0x50, 0x0, 0x0, 0xaa,
    0xa, 0xc0, 0x0, 0x1, 0xf5, 0x1, 0xeb, 0x31,
    0x4d, 0xb0, 0x0, 0x2b, 0xff, 0xf9, 0x0, 0x0,
    0x0, 0x1, 0x0, 0x0, 0x0, 0x0, 0x2a, 0x0,
    0x0, 0x0, 0x0, 0x3c, 0x10, 0x0,

    /* U+1ECD "ọ" */
    0x0, 0x4a, 0xb7, 0x0, 0x6, 0xf8, 0x6c, 0xc0,
    0xe, 0x60, 0x0, 0xe5, 0x3f, 0x10, 0x0, 0xa9,
    0x4f, 0x0, 0x0, 0x9a, 0x1f, 0x30, 0x0, 0xc8,
    0xb, 0xc1, 0x6, 0xf2, 0x1, 0xbf, 0xfe, 0x40,
    0x0, 0x1, 0x20, 0x0, 0x0, 0x4, 0x90, 0x0,
    0x0, 0x5, 0xb0, 0x0,

    /* U+1ECE "Ỏ" */
    0x0, 0x0, 0x22, 0x0, 0x0, 0x0, 0x0, 0x7e,
    0x30, 0x0, 0x0, 0x0, 0xb, 0x0, 0x0, 0x0,
    0x0, 0x34, 0x20, 0x0, 0x0, 0x4e, 0xfe, 0xfb,
    0x10, 0x2, 0xf8, 0x0, 0x2c, 0xd0, 0xb, 0xa0,
    0x0, 0x0, 0xe6, 0xf, 0x40, 0x0, 0x0, 0x9b,
    0x2f, 0x20, 0x0, 0x0, 0x6d, 0x1f, 0x20, 0x0,
    0x0, 0x7d, 0xf, 0x50, 0x0, 0x0, 0xaa, 0xa,
    0xc0, 0x0, 0x1, 0xf5, 0x1, 0xeb, 0x31, 0x4d,
    0xb0, 0x0, 0x2b, 0xff, 0xf9, 0x0, 0x0, 0x0,
    0x1, 0x0, 0x0,

    /* U+1ECF "ỏ" */
    0x0, 0xa, 0x80, 0x0, 0x0, 0x2, 0xe1, 0x0,
    0x0, 0x1, 0x40, 0x0, 0x0, 0x4a, 0xb7, 0x0,
    0x6, 0xf8, 0x6c, 0xc0, 0xe, 0x60, 0x0, 0xe5,
    0x3f, 0x10, 0x0, 0xa9, 0x4f, 0x0, 0x0, 0x9a,
    0x1f, 0x30, 0x0, 0xc8, 0xb, 0xc1, 0x6, 0xf2,
    0x1, 0xbf, 0xfe, 0x40, 0x0, 0x1, 0x20, 0x0,

    /* U+1ED0 "Ố" */
    0x0, 0x0, 0x0, 0x6, 0x30, 0x0, 0x0, 0x0,
    0x3e, 0x10, 0x0, 0x0, 0x0, 0x33, 0x0, 0x0,
    0x0, 0x9e, 0x60, 0x0, 0x0, 0x6, 0xa1, 0xc3,
    0x0, 0x0, 0x0, 0x34, 0x20, 0x0, 0x0, 0x4e,
    0xfe, 0xfb, 0x10, 0x2, 0xf8, 0x0, 0x2c, 0xd0,
    0xb, 0xa0, 0x0, 0x0, 0xe6, 0xf, 0x40, 0x0,
    0x0, 0x9b, 0x2f, 0x20, 0x0, 0x0, 0x6d, 0x1f,
    0x20, 0x0, 0x0, 0x7d, 0xf, 0x50, 0x0, 0x0,
    0xaa, 0xa, 0xc0, 0x0, 0x1, 0xf5, 0x1, 0xeb,
    0x31, 0x4d, 0xb0, 0x0, 0x2b, 0xff, 0xf9, 0x0,
    0x0, 0x0, 0x1, 0x0, 0x0,

    /* U+1ED1 "ố" */
    0x0, 0x0, 0x1, 0xe2, 0x0, 0x0, 0x9, 0x70,
    0x0, 0x3, 0x60, 0x0, 0x0, 0x3d, 0x9a, 0x0,
    0x0, 0x52, 0x6, 0x20, 0x0, 0x4a, 0xb7, 0x0,
    0x6, 0xf8, 0x6c, 0xc0, 0xe, 0x60, 0x0, 0xe5,
    0x3f, 0x10, 0x0, 0xa9, 0x4f, 0x0, 0x0, 0x9a,
    0x1f, 0x30, 0x0, 0xc8, 0xb, 0xc1, 0x6, 0xf2,
    0x1, 0xbf, 0xfe, 0x40, 0x0, 0x1, 0x20, 0x0,

    /* U+1ED2 "Ồ" */
    0x0, 0x0, 0x3, 0x60, 0x0, 0x0, 0x0, 0x1,
    0xe3, 0x0, 0x0, 0x0, 0x0, 0x33, 0x0, 0x0,
    0x0, 0x9e, 0x60, 0x0, 0x0, 0x6, 0xa1, 0xc3,
    0x0, 0x0, 0x0, 0x34, 0x20, 0x0, 0x0, 0x4e,
    0xfe, 0xfb, 0x10, 0x2, 0xf8, 0x0, 0x2c, 0xd0,
    0xb, 0xa0, 0x0, 0x0, 0xe6, 0xf, 0x40, 0x0,
    0x0, 0x9b, 0x2f, 0x20, 0x0, 0x0, 0x6d, 0x1f,
    0x20, 0x0, 0x0, 0x7d, 0xf, 0x50, 0x0, 0x0,
    0xaa, 0xa, 0xc0, 0x0, 0x1, 0xf5, 0x1, 0xeb,
    0x31, 0x4d, 0xb0, 0x0, 0x2b, 0xff, 0xf9, 0x0,
    0x0, 0x0, 0x1, 0x0, 0x0,

    /* U+1ED3 "ồ" */
    0x0, 0x0, 0x7b, 0x0, 0x0, 0x0, 0xc, 0x40,
    0x0, 0x3, 0x60, 0x0, 0x0, 0x3d, 0x9a, 0x0,
    0x0, 0x52, 0x6, 0x20, 0x0, 0x4a, 0xb7, 0x0,
    0x6, 0xf8, 0x6c, 0xc0, 0xe, 0x60, 0x0, 0xe5,
    0x3f, 0x10, 0x0, 0xa9, 0x4f, 0x0, 0x0, 0x9a,
    0x1f, 0x30, 0x0, 0xc8, 0xb, 0xc1, 0x6, 0xf2,
    0x1, 0xbf, 0xfe, 0x40, 0x0, 0x1, 0x20, 0x0,

    /* U+1ED4 "Ổ" */
    0x0, 0x0, 0x2, 0x73, 0x0, 0x0, 0x0, 0x2,
    0x8b, 0x0, 0x0, 0x0, 0x0, 0x32, 0x0, 0x0,
    0x0, 0x9e, 0x60, 0x0, 0x0, 0x6, 0xa1, 0xc3,
    0x0, 0x0, 0x0, 0x34, 0x20, 0x0, 0x0, 0x4e,
    0xfe, 0xfb, 0x10, 0x2, 0xf8, 0x0, 0x2c, 0xd0,
    0xb, 0xa0, 0x0, 0x0, 0xe6, 0xf, 0x40, 0x0,
    0x0, 0x9b, 0x2f, 0x20, 0x0, 0x0, 0x6d, 0x1f,
    0x20, 0x0, 0x0, 0x7d, 0xf, 0x50, 0x0, 0x0,
    0xaa, 0xa, 0xc0, 0x0, 0x1, 0xf5, 0x1, 0xeb,
    0x31, 0x4d, 0xb0, 0x0, 0x2b, 0xff, 0xf9, 0x0,
    0x0, 0x0, 0x1, 0x0, 0x0,

    /* U+1ED5 "ổ" */
    0x0, 0x0, 0x6d, 0x60, 0x0, 0x0, 0x9, 0x50,
    0x0, 0x3, 0x60, 0x0, 0x0, 0x3d, 0x9a, 0x0,
    0x0, 0x52, 0x6, 0x20, 0x0, 0x4a, 0xb7, 0x0,
    0x6, 0xf8, 0x6c, 0xc0, 0xe, 0x60, 0x0, 0xe5,
    0x3f, 0x10, 0x0, 0xa9, 0x4f, 0x0, 0x0, 0x9a,
    0x1f, 0x30, 0x0, 0xc8, 0xb, 0xc1, 0x6, 0xf2,
    0x1, 0xbf, 0xfe, 0x40, 0x0, 0x1, 0x20, 0x0,

    /* U+1ED6 "Ỗ" */
    0x0, 0x0, 0x20, 0x11, 0x0, 0x0, 0x6, 0xdd,
    0xd3, 0x0, 0x0, 0x1, 0x0, 0x20, 0x0, 0x0,
    0x0, 0x9e, 0x60, 0x0, 0x0, 0x6, 0xa1, 0xc3,
    0x0, 0x0, 0x0, 0x34, 0x20, 0x0, 0x0, 0x4e,
    0xfe, 0xfb, 0x10, 0x2, 0xf8, 0x0, 0x2c, 0xd0,
    0xb, 0xa0, 0x0, 0x0, 0xe6, 0xf, 0x40, 0x0,
    0x0, 0x9b, 0x2f, 0x20, 0x0, 0x0, 0x6d, 0x1f,
    0x20, 0x0, 0x0, 0x7d, 0xf, 0x50, 0x0, 0x0,
    0xaa, 0xa, 0xc0, 0x0, 0x1, 0xf5, 0x1, 0xeb,
    0x31, 0x4d, 0xb0, 0x0, 0x2b, 0xff, 0xf9, 0x0,
    0x0, 0x0, 0x1, 0x0, 0x0,

    /* U+1ED7 "ỗ" */
    0x0, 0x3a, 0x48, 0x10, 0x0, 0x75, 0x99, 0x0,
    0x0, 0x3, 0x60, 0x0, 0x0, 0x3d, 0x9a, 0x0,
    0x0, 0x52, 0x6, 0x20, 0x0, 0x4a, 0xb7, 0x0,
    0x6, 0xf8, 0x6c, 0xc0, 0xe, 0x60, 0x0, 0xe5,
    0x3f, 0x10, 0x0, 0xa9, 0x4f, 0x0, 0x0, 0x9a,
    0x1f, 0x30, 0x0, 0xc8, 0xb, 0xc1, 0x6, 0xf2,
    0x1, 0xbf, 0xfe, 0x40, 0x0, 0x1, 0x20, 0x0,

    /* U+1ED8 "Ộ" */
    0x0, 0x0, 0x2, 0x0, 0x0, 0x0, 0x0, 0xcc,
    0x80, 0x0, 0x0, 0x6, 0x70, 0x93, 0x0, 0x0,
    0x0, 0x34, 0x20, 0x0, 0x0, 0x4e, 0xfe, 0xfb,
    0x10, 0x2, 0xf8, 0x0, 0x2c, 0xd0, 0xb, 0xa0,
    0x0, 0x0, 0xe6, 0xf, 0x40, 0x0, 0x0, 0x9b,
    0x2f, 0x20, 0x0, 0x0, 0x6d, 0x1f, 0x20, 0x0,
    0x0, 0x7d, 0xf, 0x50, 0x0, 0x0, 0xaa, 0xa,
    0xc0, 0x0, 0x1, 0xf5, 0x1, 0xeb, 0x31, 0x4d,
    0xb0, 0x0, 0x2b, 0xff, 0xf9, 0x0, 0x0, 0x0,
    0x1, 0x0, 0x0, 0x0, 0x0, 0x2a, 0x0, 0x0,
    0x0, 0x0, 0x3c, 0x10, 0x0,

    /* U+1ED9 "ộ" */
    0x0, 0x7, 0xa1, 0x0, 0x0, 0x6c, 0x7c, 0x0,
    0x0, 0x31, 0x3, 0x10, 0x0, 0x4a, 0xb7, 0x0,
    0x6, 0xf8, 0x6c, 0xc0, 0xe, 0x60, 0x0, 0xe5,
    0x3f, 0x10, 0x0, 0xa9, 0x4f, 0x0, 0x0, 0x9a,
    0x1f, 0x30, 0x0, 0xc8, 0xb, 0xc1, 0x6, 0xf2,
    0x1, 0xbf, 0xfe, 0x40, 0x0, 0x1, 0x20, 0x0,
    0x0, 0x4, 0x90, 0x0, 0x0, 0x5, 0xb0, 0x0,

    /* U+1EDA "Ớ" */
    0x0, 0x0, 0x0, 0x30, 0x0, 0x0, 0x0, 0x8,
    0xb0, 0x0, 0x0, 0x0, 0xb, 0x10, 0x38, 0x0,
    0x0, 0x34, 0x43, 0x7d, 0x0, 0x4e, 0xfe, 0xff,
    0xd6, 0x2, 0xf8, 0x0, 0x2c, 0xc0, 0xb, 0xa0,
    0x0, 0x0, 0xe6, 0xf, 0x40, 0x0, 0x0, 0x9b,
    0x2f, 0x20, 0x0, 0x0, 0x6d, 0x1f, 0x20, 0x0,
    0x0, 0x7d, 0xf, 0x50, 0x0, 0x0, 0xaa, 0xa,
    0xc0, 0x0, 0x1, 0xf5, 0x1, 0xeb, 0x31, 0x4d,
    0xb0, 0x0, 0x2b, 0xff, 0xf9, 0x0, 0x0, 0x0,
    0x1, 0x0, 0x0,

    /* U+1EDB "ớ" */
    0x0, 0x0, 0x58, 0x0, 0x0, 0x0, 0xe3, 0x14,
    0x0, 0x1, 0x40, 0x4e, 0x0, 0x4a, 0xba, 0xcb,
    0x6, 0xf8, 0x6c, 0xc0, 0xe, 0x60, 0x0, 0xe5,
    0x3f, 0x10, 0x0, 0xa9, 0x4f, 0x0, 0x0, 0x9a,
    0x1f, 0x30, 0x0, 0xc8, 0xb, 0xc1, 0x6, 0xf2,
    0x1, 0xbf, 0xfe, 0x40, 0x0, 0x1, 0x20, 0x0,

    /* U+1EDC "Ờ" */
    0x0, 0x1, 0x20, 0x0, 0x0, 0x0, 0x1, 0xe4,
    0x0, 0x0, 0x0, 0x0, 0x59, 0x0, 0x38, 0x0,
    0x0, 0x34, 0x43, 0x7d, 0x0, 0x4e, 0xfe, 0xff,
    0xd6, 0x2, 0xf8, 0x0, 0x2c, 0xc0, 0xb, 0xa0,
    0x0, 0x0, 0xe6, 0xf, 0x40, 0x0, 0x0, 0x9b,
    0x2f, 0x20, 0x0, 0x0, 0x6d, 0x1f, 0x20, 0x0,
    0x0, 0x7d, 0xf, 0x50, 0x0, 0x0, 0xaa, 0xa,
    0xc0, 0x0, 0x1, 0xf5, 0x1, 0xeb, 0x31, 0x4d,
    0xb0, 0x0, 0x2b, 0xff, 0xf9, 0x0, 0x0, 0x0,
    0x1, 0x0, 0x0,

    /* U+1EDD "ờ" */
    0x0, 0x49, 0x0, 0x0, 0x0, 0xd, 0x40, 0x14,
    0x0, 0x2, 0x30, 0x4e, 0x0, 0x4a, 0xba, 0xcb,
    0x6, 0xf8, 0x6c, 0xc0, 0xe, 0x60, 0x0, 0xe5,
    0x3f, 0x10, 0x0, 0xa9, 0x4f, 0x0, 0x0, 0x9a,
    0x1f, 0x30, 0x0, 0xc8, 0xb, 0xc1, 0x6, 0xf2,
    0x1, 0xbf, 0xfe, 0x40, 0x0, 0x1, 0x20, 0x0,

    /* U+1EDE "Ở" */
    0x0, 0x0, 0x22, 0x0, 0x0, 0x0, 0x0, 0x7e,
    0x30, 0x0, 0x0, 0x0, 0xb, 0x0, 0x38, 0x0,
    0x0, 0x34, 0x43, 0x7d, 0x0, 0x4e, 0xfe, 0xff,
    0xd6, 0x2, 0xf8, 0x0, 0x2c, 0xc0, 0xb, 0xa0,
    0x0, 0x0, 0xe6, 0xf, 0x40, 0x0, 0x0, 0x9b,
    0x2f, 0x20, 0x0, 0x0, 0x6d, 0x1f, 0x20, 0x0,
    0x0, 0x7d, 0xf, 0x50, 0x0, 0x0, 0xaa, 0xa,
    0xc0, 0x0, 0x1, 0xf5, 0x1, 0xeb, 0x31, 0x4d,
    0xb0, 0x0, 0x2b, 0xff, 0xf9, 0x0, 0x0, 0x0,
    0x1, 0x0, 0x0,

    /* U+1EDF "ở" */
    0x0, 0xa, 0x80, 0x0, 0x0, 0x2, 0xe1, 0x14,
    0x0, 0x1, 0x40, 0x4e, 0x0, 0x4a, 0xba, 0xcb,
    0x6, 0xf8, 0x6c, 0xc0, 0xe, 0x60, 0x0, 0xe5,
    0x3f, 0x10, 0x0, 0xa9, 0x4f, 0x0, 0x0, 0x9a,
    0x1f, 0x30, 0x0, 0xc8, 0xb, 0xc1, 0x6, 0xf2,
    0x1, 0xbf, 0xfe, 0x40, 0x0, 0x1, 0x20, 0x0,

    /* U+1EE0 "Ỡ" */
    0x0, 0x4, 0xe9, 0xb3, 0x0, 0x0, 0x4, 0x24,
    0x60, 0x38, 0x0, 0x0, 0x34, 0x43, 0x7d, 0x0,
    0x4e, 0xfe, 0xff, 0xd6, 0x2, 0xf8, 0x0, 0x2c,
    0xc0, 0xb, 0xa0, 0x0, 0x0, 0xe6, 0xf, 0x40,
    0x0, 0x0, 0x9b, 0x2f, 0x20, 0x0, 0x0, 0x6d,
    0x1f, 0x20, 0x0, 0x0, 0x7d, 0xf, 0x50, 0x0,
    0x0, 0xaa, 0xa, 0xc0, 0x0, 0x1, 0xf5, 0x1,
    0xeb, 0x31, 0x4d, 0xb0, 0x0, 0x2b, 0xff, 0xf9,
    0x0, 0x0, 0x0, 0x1, 0x0, 0x0,

    /* U+1EE1 "ỡ" */
    0x0, 0x15, 0x4, 0x0, 0x0, 0xa9, 0xdd, 0x14,
    0x0, 0x0, 0x0, 0x4e, 0x0, 0x4a, 0xba, 0xcb,
    0x6, 0xf8, 0x6c, 0xc0, 0xe, 0x60, 0x0, 0xe5,
    0x3f, 0x10, 0x0, 0xa9, 0x4f, 0x0, 0x0, 0x9a,
    0x1f, 0x30, 0x0, 0xc8, 0xb, 0xc1, 0x6, 0xf2,
    0x1, 0xbf, 0xfe, 0x40, 0x0, 0x1, 0x20, 0x0,

    /* U+1EE2 "Ợ" */
    0x0, 0x0, 0x0, 0x0, 0x38, 0x0, 0x0, 0x34,
    0x43, 0x7d, 0x0, 0x4e, 0xfe, 0xff, 0xd6, 0x2,
    0xf8, 0x0, 0x2c, 0xc0, 0xb, 0xa0, 0x0, 0x0,
    0xe6, 0xf, 0x40, 0x0, 0x0, 0x9b, 0x2f, 0x20,
    0x0, 0x0, 0x6d, 0x1f, 0x20, 0x0, 0x0, 0x7d,
    0xf, 0x50, 0x0, 0x0, 0xaa, 0xa, 0xc0, 0x0,
    0x1, 0xf5, 0x1, 0xeb, 0x31, 0x4d, 0xb0, 0x0,
    0x2b, 0xff, 0xf9, 0x0, 0x0, 0x0, 0x1, 0x0,
    0x0, 0x0, 0x0, 0x2a, 0x0, 0x0, 0x0, 0x0,
    0x3c, 0x10, 0x0,

    /* U+1EE3 "ợ" */
    0x0, 0x0, 0x0, 0x14, 0x0, 0x0, 0x0, 0x4e,
    0x0, 0x4a, 0xba, 0xcb, 0x6, 0xf8, 0x6c, 0xc0,
    0xe, 0x60, 0x0, 0xe5, 0x3f, 0x10, 0x0, 0xa9,
    0x4f, 0x0, 0x0, 0x9a, 0x1f, 0x30, 0x0, 0xc8,
    0xb, 0xc1, 0x6, 0xf2, 0x1, 0xbf, 0xfe, 0x40,
    0x0, 0x1, 0x20, 0x0, 0x0, 0x4, 0x90, 0x0,
    0x0, 0x5, 0xb0, 0x0,

    /* U+1EE4 "Ụ" */
    0x21, 0x0, 0x0, 0x3, 0xc, 0x80, 0x0, 0x1,
    0xf3, 0xc8, 0x0, 0x0, 0x1f, 0x3c, 0x80, 0x0,
    0x1, 0xf3, 0xc8, 0x0, 0x0, 0x1f, 0x3c, 0x80,
    0x0, 0x1, 0xf3, 0xc8, 0x0, 0x0, 0x1f, 0x3c,
    0x80, 0x0, 0x2, 0xf2, 0x9c, 0x0, 0x0, 0x5f,
    0x3, 0xf9, 0x21, 0x5e, 0x90, 0x4, 0xdf, 0xff,
    0x80, 0x0, 0x0, 0x12, 0x0, 0x0, 0x0, 0x4,
    0x90, 0x0, 0x0, 0x0, 0x5b, 0x0, 0x0,

    /* U+1EE5 "ụ" */
    0x93, 0x0, 0xa, 0x2e, 0x50, 0x0, 0xf3, 0xe5,
    0x0, 0xf, 0x3e, 0x50, 0x0, 0xf3, 0xe5, 0x0,
    0xf, 0x3e, 0x50, 0x1, 0xf3, 0xbc, 0x22, 0xaf,
    0x32, 0xdf, 0xe5, 0xf3, 0x0, 0x10, 0x0, 0x0,
    0x5, 0x90, 0x0, 0x0, 0x6b, 0x0, 0x0,

    /* U+1EE6 "Ủ" */
    0x0, 0x2, 0x10, 0x0, 0x0, 0x0, 0x8e, 0x10,
    0x0, 0x0, 0x1, 0xb0, 0x0, 0x2, 0x10, 0x0,
    0x0, 0x30, 0xc8, 0x0, 0x0, 0x1f, 0x3c, 0x80,
    0x0, 0x1, 0xf3, 0xc8, 0x0, 0x0, 0x1f, 0x3c,
    0x80, 0x0, 0x1, 0xf3, 0xc8, 0x0, 0x0, 0x1f,
    0x3c, 0x80, 0x0, 0x1, 0xf3, 0xc8, 0x0, 0x0,
    0x2f, 0x29, 0xc0, 0x0, 0x5, 0xf0, 0x3f, 0x92,
    0x15, 0xe9, 0x0, 0x4d, 0xff, 0xf8, 0x0, 0x0,
    0x1, 0x20, 0x0, 0x0,

    /* U+1EE7 "ủ" */
    0x0, 0xa8, 0x0, 0x0, 0x3, 0xe0, 0x0, 0x0,
    0x13, 0x0, 0x9, 0x30, 0x0, 0xa2, 0xe5, 0x0,
    0xf, 0x3e, 0x50, 0x0, 0xf3, 0xe5, 0x0, 0xf,
    0x3e, 0x50, 0x0, 0xf3, 0xe5, 0x0, 0x1f, 0x3b,
    0xc2, 0x2a, 0xf3, 0x2d, 0xfe, 0x5f, 0x30, 0x1,
    0x0, 0x0,

    /* U+1EE8 "Ứ" */
    0x0, 0x0, 0x12, 0x0, 0x0, 0x0, 0x0, 0xb8,
    0x0, 0x0, 0x0, 0x1, 0xb0, 0x0, 0x74, 0x21,
    0x0, 0x0, 0x3, 0xc6, 0xc8, 0x0, 0x0, 0x1f,
    0xc2, 0xc8, 0x0, 0x0, 0x1f, 0x30, 0xc8, 0x0,
    0x0, 0x1f, 0x30, 0xc8, 0x0, 0x0, 0x1f, 0x30,
    0xc8, 0x0, 0x0, 0x1f, 0x30, 0xc8, 0x0, 0x0,
    0x1f, 0x30, 0xc8, 0x0, 0x0, 0x2f, 0x20, 0x9c,
    0x0, 0x0, 0x5f, 0x0, 0x3f, 0x92, 0x15, 0xe9,
    0x0, 0x4, 0xdf, 0xff, 0x80, 0x0, 0x0, 0x1,
    0x20, 0x0, 0x0,

    /* U+1EE9 "ứ" */
    0x0, 0x6, 0x70, 0x0, 0x0, 0xe, 0x20, 0x32,
    0x0, 0x14, 0x0, 0xb6, 0x93, 0x0, 0xa, 0xe4,
    0xe5, 0x0, 0xf, 0x40, 0xe5, 0x0, 0xf, 0x30,
    0xe5, 0x0, 0xf, 0x30, 0xe5, 0x0, 0xf, 0x30,
    0xe5, 0x0, 0x1f, 0x30, 0xbc, 0x22, 0xaf, 0x30,
    0x2d, 0xfe, 0x5f, 0x30, 0x0, 0x10, 0x0, 0x0,

    /* U+1EEA "Ừ" */
    0x0, 0x12, 0x0, 0x0, 0x0, 0x0, 0x2f, 0x20,
    0x0, 0x0, 0x0, 0x6, 0x70, 0x0, 0x74, 0x21,
    0x0, 0x0, 0x3, 0xc6, 0xc8, 0x0, 0x0, 0x1f,
    0xc2, 0xc8, 0x0, 0x0, 0x1f, 0x30, 0xc8, 0x0,
    0x0, 0x1f, 0x30, 0xc8, 0x0, 0x0, 0x1f, 0x30,
    0xc8, 0x0, 0x0, 0x1f, 0x30, 0xc8, 0x0, 0x0,
    0x1f, 0x30, 0xc8, 0x0, 0x0, 0x2f, 0x20, 0x9c,
    0x0, 0x0, 0x5f, 0x0, 0x3f, 0x92, 0x15, 0xe9,
    0x0, 0x4, 0xdf, 0xff, 0x80, 0x0, 0x0, 0x1,
    0x20, 0x0, 0x0,

    /* U+1EEB "ừ" */
    0x4, 0x90, 0x0, 0x0, 0x0, 0xd3, 0x0, 0x32,
    0x0, 0x23, 0x0, 0xb6, 0x93, 0x0, 0xa, 0xe4,
    0xe5, 0x0, 0xf, 0x40, 0xe5, 0x0, 0xf, 0x30,
    0xe5, 0x0, 0xf, 0x30, 0xe5, 0x0, 0xf, 0x30,
    0xe5, 0x0, 0x1f, 0x30, 0xbc, 0x22, 0xaf, 0x30,
    0x2d, 0xfe, 0x5f, 0x30, 0x0, 0x10, 0x0, 0x0,

    /* U+1EEC "Ử" */
    0x0, 0x2, 0x10, 0x0, 0x0, 0x0, 0x8, 0xe1,
    0x0, 0x0, 0x0, 0x1, 0xb0, 0x0, 0x74, 0x21,
    0x0, 0x0, 0x3, 0xc6, 0xc8, 0x0, 0x0, 0x1f,
    0xc2, 0xc8, 0x0, 0x0, 0x1f, 0x30, 0xc8, 0x0,
    0x0, 0x1f, 0x30, 0xc8, 0x0, 0x0, 0x1f, 0x30,
    0xc8, 0x0, 0x0, 0x1f, 0x30, 0xc8, 0x0, 0x0,
    0x1f, 0x30, 0xc8, 0x0, 0x0, 0x2f, 0x20, 0x9c,
    0x0, 0x0, 0x5f, 0x0, 0x3f, 0x92, 0x15, 0xe9,
    0x0, 0x4, 0xdf, 0xff, 0x80, 0x0, 0x0, 0x1,
    0x20, 0x0, 0x0,

    /* U+1EED "ử" */
    0x0, 0xa8, 0x0, 0x0, 0x0, 0x3e, 0x0, 0x32,
    0x0, 0x13, 0x0, 0xb6, 0x93, 0x0, 0xa, 0xe4,
    0xe5, 0x0, 0xf, 0x40, 0xe5, 0x0, 0xf, 0x30,
    0xe5, 0x0, 0xf, 0x30, 0xe5, 0x0, 0xf, 0x30,
    0xe5, 0x0, 0x1f, 0x30, 0xbc, 0x22, 0xaf, 0x30,
    0x2d, 0xfe, 0x5f, 0x30, 0x0, 0x10, 0x0, 0x0,

    /* U+1EEE "Ữ" */
    0x0, 0x6e, 0x8c, 0x10, 0x0, 0x0, 0x51, 0x55,
    0x0, 0x74, 0x21, 0x0, 0x0, 0x3, 0xc6, 0xc8,
    0x0, 0x0, 0x1f, 0xc2, 0xc8, 0x0, 0x0, 0x1f,
    0x30, 0xc8, 0x0, 0x0, 0x1f, 0x30, 0xc8, 0x0,
    0x0, 0x1f, 0x30, 0xc8, 0x0, 0x0, 0x1f, 0x30,
    0xc8, 0x0, 0x0, 0x1f, 0x30, 0xc8, 0x0, 0x0,
    0x2f, 0x20, 0x9c, 0x0, 0x0, 0x5f, 0x0, 0x3f,
    0x92, 0x15, 0xe9, 0x0, 0x4, 0xdf, 0xff, 0x80,
    0x0, 0x0, 0x1, 0x20, 0x0, 0x0,

    /* U+1EEF "ữ" */
    0x2, 0x50, 0x40, 0x0, 0xb, 0x9d, 0xc0, 0x32,
    0x0, 0x0, 0x0, 0xb6, 0x93, 0x0, 0xa, 0xe4,
    0xe5, 0x0, 0xf, 0x40, 0xe5, 0x0, 0xf, 0x30,
    0xe5, 0x0, 0xf, 0x30, 0xe5, 0x0, 0xf, 0x30,
    0xe5, 0x0, 0x1f, 0x30, 0xbc, 0x22, 0xaf, 0x30,
    0x2d, 0xfe, 0x5f, 0x30, 0x0, 0x10, 0x0, 0x0,

    /* U+1EF0 "Ự" */
    0x0, 0x0, 0x0, 0x0, 0x74, 0x21, 0x0, 0x0,
    0x3, 0xc6, 0xc8, 0x0, 0x0, 0x1f, 0xc2, 0xc8,
    0x0, 0x0, 0x1f, 0x30, 0xc8, 0x0, 0x0, 0x1f,
    0x30, 0xc8, 0x0, 0x0, 0x1f, 0x30, 0xc8, 0x0,
    0x0, 0x1f, 0x30, 0xc8, 0x0, 0x0, 0x1f, 0x30,
    0xc8, 0x0, 0x0, 0x2f, 0x20, 0x9c, 0x0, 0x0,
    0x5f, 0x0, 0x3f, 0x92, 0x15, 0xe9, 0x0, 0x4,
    0xdf, 0xff, 0x80, 0x0, 0x0, 0x1, 0x20, 0x0,
    0x0, 0x0, 0x4, 0x90, 0x0, 0x0, 0x0, 0x5,
    0xb0, 0x0, 0x0,

    /* U+1EF1 "ự" */
    0x0, 0x0, 0x0, 0x32, 0x0, 0x0, 0x0, 0xb6,
    0x93, 0x0, 0xa, 0xe4, 0xe5, 0x0, 0xf, 0x40,
    0xe5, 0x0, 0xf, 0x30, 0xe5, 0x0, 0xf, 0x30,
    0xe5, 0x0, 0xf, 0x30, 0xe5, 0x0, 0x1f, 0x30,
    0xbc, 0x22, 0xaf, 0x30, 0x2d, 0xfe, 0x5f, 0x30,
    0x0, 0x10, 0x0, 0x0, 0x0, 0x59, 0x0, 0x0,
    0x0, 0x6b, 0x0, 0x0,

    /* U+1EF2 "Ỳ" */
    0x0, 0x2, 0x10, 0x0, 0x0, 0x0, 0x9, 0xa0,
    0x0, 0x0, 0x0, 0x0, 0xb1, 0x0, 0x0, 0x12,
    0x0, 0x0, 0x1, 0x30, 0x3f, 0x40, 0x0, 0xc,
    0xb0, 0x9, 0xd0, 0x0, 0x6f, 0x20, 0x0, 0xe8,
    0x1, 0xe7, 0x0, 0x0, 0x5f, 0x29, 0xd0, 0x0,
    0x0, 0xb, 0xbf, 0x30, 0x0, 0x0, 0x2, 0xf9,
    0x0, 0x0, 0x0, 0x0, 0xe6, 0x0, 0x0, 0x0,
    0x0, 0xe6, 0x0, 0x0, 0x0, 0x0, 0xe6, 0x0,
    0x0, 0x0, 0x0, 0xe6, 0x0, 0x0,

    /* U+1EF3 "ỳ" */
    0x0, 0x66, 0x0, 0x0, 0x0, 0x2e, 0x10, 0x0,
    0x0, 0x3, 0x20, 0x0, 0x58, 0x0, 0x0, 0x93,
    0x3f, 0x20, 0x4, 0xf1, 0xd, 0x70, 0x9, 0xa0,
    0x7, 0xd0, 0xf, 0x40, 0x1, 0xf3, 0x5e, 0x0,
    0x0, 0xa8, 0xa8, 0x0, 0x0, 0x4d, 0xf2, 0x0,
    0x0, 0xe, 0xc0, 0x0, 0x0, 0xd, 0x60, 0x0,
    0x3, 0x8e, 0x0, 0x0, 0xd, 0xc3, 0x0, 0x0,

    /* U+1EF4 "Ỵ" */
    0x12, 0x0, 0x0, 0x1, 0x30, 0x3f, 0x40, 0x0,
    0xc, 0xb0, 0x9, 0xd0, 0x0, 0x6f, 0x20, 0x0,
    0xe8, 0x1, 0xe7, 0x0, 0x0, 0x5f, 0x29, 0xd0,
    0x0, 0x0, 0xb, 0xbf, 0x30, 0x0, 0x0, 0x2,
    0xf9, 0x0, 0x0, 0x0, 0x0, 0xe6, 0x0, 0x0,
    0x0, 0x0, 0xe6, 0x0, 0x0, 0x0, 0x0, 0xe6,
    0x0, 0x0, 0x0, 0x0, 0xe6, 0x0, 0x0, 0x0,
    0x0, 0x0, 0x0, 0x0, 0x0, 0x0, 0x94, 0x0,
    0x0, 0x0, 0x0, 0xb6, 0x0, 0x0,

    /* U+1EF5 "ỵ" */
    0x58, 0x0, 0x0, 0x93, 0x3f, 0x20, 0x4, 0xf1,
    0xd, 0x70, 0x9, 0xa0, 0x7, 0xd0, 0xf, 0x40,
    0x1, 0xf3, 0x5e, 0x0, 0x0, 0xa8, 0xa8, 0x0,
    0x0, 0x4d, 0xf2, 0x0, 0x0, 0xe, 0xc0, 0x0,
    0x0, 0xd, 0x60, 0x0, 0x3, 0x8e, 0x8, 0x50,
    0xd, 0xc3, 0xa, 0x70,

    /* U+1EF6 "Ỷ" */
    0x0, 0x1, 0x20, 0x0, 0x0, 0x0, 0x3, 0xba,
    0x0, 0x0, 0x0, 0x0, 0x75, 0x0, 0x0, 0x12,
    0x0, 0x0, 0x1, 0x30, 0x3f, 0x40, 0x0, 0xc,
    0xb0, 0x9, 0xd0, 0x0, 0x6f, 0x20, 0x0, 0xe8,
    0x1, 0xe7, 0x0, 0x0, 0x5f, 0x29, 0xd0, 0x0,
    0x0, 0xb, 0xbf, 0x30, 0x0, 0x0, 0x2, 0xf9,
    0x0, 0x0, 0x0, 0x0, 0xe6, 0x0, 0x0, 0x0,
    0x0, 0xe6, 0x0, 0x0, 0x0, 0x0, 0xe6, 0x0,
    0x0, 0x0, 0x0, 0xe6, 0x0, 0x0,

    /* U+1EF7 "ỷ" */
    0x0, 0x2a, 0x60, 0x0, 0x0, 0x5, 0xc0, 0x0,
    0x0, 0x2, 0x20, 0x0, 0x58, 0x0, 0x0, 0x93,
    0x3f, 0x20, 0x4, 0xf1, 0xd, 0x70, 0x9, 0xa0,
    0x7, 0xd0, 0xf, 0x40, 0x1, 0xf3, 0x5e, 0x0,
    0x0, 0xa8, 0xa8, 0x0, 0x0, 0x4d, 0xf2, 0x0,
    0x0, 0xe, 0xc0, 0x0, 0x0, 0xd, 0x60, 0x0,
    0x3, 0x8e, 0x0, 0x0, 0xd, 0xc3, 0x0, 0x0,

    /* U+1EF8 "Ỹ" */
    0x0, 0xd, 0xc8, 0x90, 0x0, 0x0, 0x15, 0x26,
    0x10, 0x0, 0x12, 0x0, 0x0, 0x1, 0x30, 0x3f,
    0x40, 0x0, 0xc, 0xb0, 0x9, 0xd0, 0x0, 0x6f,
    0x20, 0x0, 0xe8, 0x1, 0xe7, 0x0, 0x0, 0x5f,
    0x29, 0xd0, 0x0, 0x0, 0xb, 0xbf, 0x30, 0x0,
    0x0, 0x2, 0xf9, 0x0, 0x0, 0x0, 0x0, 0xe6,
    0x0, 0x0, 0x0, 0x0, 0xe6, 0x0, 0x0, 0x0,
    0x0, 0xe6, 0x0, 0x0, 0x0, 0x0, 0xe6, 0x0,
    0x0,

    /* U+1EF9 "ỹ" */
    0x0, 0x34, 0x5, 0x0, 0x0, 0xd9, 0xea, 0x0,
    0x0, 0x0, 0x0, 0x0, 0x58, 0x0, 0x0, 0x93,
    0x3f, 0x20, 0x4, 0xf1, 0xd, 0x70, 0x9, 0xa0,
    0x7, 0xd0, 0xf, 0x40, 0x1, 0xf3, 0x5e, 0x0,
    0x0, 0xa8, 0xa8, 0x0, 0x0, 0x4d, 0xf2, 0x0,
    0x0, 0xe, 0xc0, 0x0, 0x0, 0xd, 0x60, 0x0,
    0x3, 0x8e, 0x0, 0x0, 0xd, 0xc3, 0x0, 0x0,

    /* U+2013 "–" */
    0xff, 0xff, 0xff, 0xf2, 0x22, 0x22, 0x22,

    /* U+2014 "—" */
    0xff, 0xff, 0xff, 0xff, 0xff, 0xff, 0xff, 0x22,
    0x22, 0x22, 0x22, 0x22, 0x22, 0x22,

    /* U+2018 "‘" */
    0xf, 0x3, 0xe0, 0x8b, 0xc, 0x90,

    /* U+2019 "’" */
    0x6f, 0x8, 0xb0, 0xa6, 0xd, 0x20,

    /* U+201A "‚" */
    0x0, 0x0, 0xab, 0xc, 0x60, 0xf2, 0x1e, 0x0,

    /* U+201C "“" */
    0xf, 0x7, 0x83, 0xe0, 0xb6, 0x8b, 0xf, 0x3c,
    0x94, 0xf1,

    /* U+201D "”" */
    0x6f, 0xd, 0x78, 0xb0, 0xf3, 0xa6, 0x2e, 0xd,
    0x25, 0xa0,

    /* U+201E "„" */
    0xa, 0xb2, 0xf3, 0xc, 0x64, 0xe0, 0xf, 0x27,
    0xa0, 0x1e, 0x9, 0x60,

    /* U+2022 "•" */
    0x1, 0x76, 0x0, 0xc, 0xff, 0xb0, 0x3f, 0xff,
    0xf1, 0x1f, 0xff, 0xe0, 0x5, 0xee, 0x40,

    /* U+2026 "…" */
    0x9a, 0x0, 0x9a, 0x0, 0x8b, 0xbb, 0x0, 0xac,
    0x0, 0xac,

    /* U+2032 "′" */
    0xf, 0x51, 0xf1, 0x2e, 0x3, 0x80,

    /* U+2033 "″" */
    0xf, 0x50, 0xe6, 0x1f, 0x10, 0xf2, 0x2e, 0x1,
    0xf0, 0x38, 0x2, 0x90,

    /* U+2039 "‹" */
    0x0, 0x1e, 0x60, 0xc, 0x90, 0xa, 0xc0, 0x1,
    0xf5, 0x0, 0x5, 0xe2, 0x0, 0x8, 0xd0, 0x0,
    0x9, 0x50,

    /* U+203A "›" */
    0x2e, 0x50, 0x0, 0x4f, 0x30, 0x0, 0x6e, 0x10,
    0x0, 0xe7, 0x0, 0xbb, 0x0, 0x8d, 0x10, 0x2a,
    0x20, 0x0
};


/*---------------------
 *  GLYPH DESCRIPTION
 *--------------------*/

static const lv_font_fmt_txt_glyph_dsc_t glyph_dsc[] = {
    {.bitmap_index = 0, .adv_w = 0, .box_w = 0, .box_h = 0, .ofs_x = 0, .ofs_y = 0} /* id = 0 reserved */,
    {.bitmap_index = 0, .adv_w = 63, .box_w = 0, .box_h = 0, .ofs_x = 0, .ofs_y = 0},
    {.bitmap_index = 0, .adv_w = 64, .box_w = 2, .box_h = 11, .ofs_x = 1, .ofs_y = 0},
    {.bitmap_index = 11, .adv_w = 104, .box_w = 5, .box_h = 4, .ofs_x = 1, .ofs_y = 7},
    {.bitmap_index = 21, .adv_w = 142, .box_w = 9, .box_h = 11, .ofs_x = 0, .ofs_y = 0},
    {.bitmap_index = 71, .adv_w = 144, .box_w = 9, .box_h = 14, .ofs_x = 0, .ofs_y = -2},
    {.bitmap_index = 134, .adv_w = 220, .box_w = 12, .box_h = 11, .ofs_x = 1, .ofs_y = 0},
    {.bitmap_index = 200, .adv_w = 144, .box_w = 9, .box_h = 11, .ofs_x = 0, .ofs_y = 0},
    {.bitmap_index = 250, .adv_w = 67, .box_w = 2, .box_h = 4, .ofs_x = 1, .ofs_y = 7},
    {.bitmap_index = 254, .adv_w = 82, .box_w = 4, .box_h = 13, .ofs_x = 1, .ofs_y = -2},
    {.bitmap_index = 280, .adv_w = 82, .box_w = 4, .box_h = 13, .ofs_x = 0, .ofs_y = -2},
    {.bitmap_index = 306, .adv_w = 112, .box_w = 7, .box_h = 6, .ofs_x = 0, .ofs_y = 5},
    {.bitmap_index = 327, .adv_w = 148, .box_w = 7, .box_h = 7, .ofs_x = 1, .ofs_y = 1},
    {.bitmap_index = 352, .adv_w = 65, .box_w = 3, .box_h = 4, .ofs_x = 0, .ofs_y = -3},
    {.bitmap_index = 358, .adv_w = 103, .box_w = 6, .box_h = 2, .ofs_x = 0, .ofs_y = 3},
    {.bitmap_index = 364, .adv_w = 65, .box_w = 2, .box_h = 2, .ofs_x = 1, .ofs_y = 0},
    {.bitmap_index = 366, .adv_w = 81, .box_w = 5, .box_h = 13, .ofs_x = 0, .ofs_y = -2},
    {.bitmap_index = 399, .adv_w = 141, .box_w = 8, .box_h = 11, .ofs_x = 0, .ofs_y = 0},
    {.bitmap_index = 443, .adv_w = 91, .box_w = 5, .box_h = 11, .ofs_x = 0, .ofs_y = 0},
    {.bitmap_index = 471, .adv_w = 137, .box_w = 7, .box_h = 11, .ofs_x = 1, .ofs_y = 0},
    {.bitmap_index = 510, .adv_w = 138, .box_w = 8, .box_h = 11, .ofs_x = 0, .ofs_y = 0},
    {.bitmap_index = 554, .adv_w = 145, .box_w = 9, .box_h = 11, .ofs_x = 0, .ofs_y = 0},
    {.bitmap_index = 604, .adv_w = 133, .box_w = 8, .box_h = 11, .ofs_x = 0, .ofs_y = 0},
    {.bitmap_index = 648, .adv_w = 139, .box_w = 8, .box_h = 11, .ofs_x = 0, .ofs_y = 0},
    {.bitmap_index = 692, .adv_w = 127, .box_w = 8, .box_h = 11, .ofs_x = 0, .ofs_y = 0},
    {.bitmap_index = 736, .adv_w = 139, .box_w = 8, .box_h = 11, .ofs_x = 0, .ofs_y = 0},
    {.bitmap_index = 780, .adv_w = 139, .box_w = 8, .box_h = 11, .ofs_x = 0, .ofs_y = 0},
    {.bitmap_index = 824, .adv_w = 65, .box_w = 2, .box_h = 8, .ofs_x = 1, .ofs_y = 0},
    {.bitmap_index = 832, .adv_w = 68, .box_w = 4, .box_h = 10, .ofs_x = 0, .ofs_y = -3},
    {.bitmap_index = 852, .adv_w = 148, .box_w = 7, .box_h = 8, .ofs_x = 1, .ofs_y = 0},
    {.bitmap_index = 880, .adv_w = 148, .box_w = 7, .box_h = 5, .ofs_x = 1, .ofs_y = 1},
    {.bitmap_index = 898, .adv_w = 148, .box_w = 8, .box_h = 8, .ofs_x = 1, .ofs_y = 0},
    {.bitmap_index = 930, .adv_w = 115, .box_w = 7, .box_h = 11, .ofs_x = 0, .ofs_y = 0},
    {.bitmap_index = 969, .adv_w = 216, .box_w = 13, .box_h = 13, .ofs_x = 0, .ofs_y = -3},
    {.bitmap_index = 1054, .adv_w = 155, .box_w = 10, .box_h = 11, .ofs_x = 0, .ofs_y = 0},
    {.bitmap_index = 1109, .adv_w = 147, .box_w = 8, .box_h = 11, .ofs_x = 1, .ofs_y = 0},
    {.bitmap_index = 1153, .adv_w = 164, .box_w = 10, .box_h = 11, .ofs_x = 0, .ofs_y = 0},
    {.bitmap_index = 1208, .adv_w = 162, .box_w = 9, .box_h = 11, .ofs_x = 1, .ofs_y = 0},
    {.bitmap_index = 1258, .adv_w = 135, .box_w = 7, .box_h = 11, .ofs_x = 1, .ofs_y = 0},
    {.bitmap_index = 1297, .adv_w = 132, .box_w = 7, .box_h = 11, .ofs_x = 1, .ofs_y = 0},
    {.bitmap_index = 1336, .adv_w = 167, .box_w = 10, .box_h = 11, .ofs_x = 0, .ofs_y = 0},
    {.bitmap_index = 1391, .adv_w = 166, .box_w = 9, .box_h = 11, .ofs_x = 1, .ofs_y = 0},
    {.bitmap_index = 1441, .adv_w = 60, .box_w = 2, .box_h = 11, .ofs_x = 1, .ofs_y = 0},
    {.bitmap_index = 1452, .adv_w = 128, .box_w = 7, .box_h = 11, .ofs_x = 0, .ofs_y = 0},
    {.bitmap_index = 1491, .adv_w = 151, .box_w = 9, .box_h = 11, .ofs_x = 1, .ofs_y = 0},
    {.bitmap_index = 1541, .adv_w = 127, .box_w = 7, .box_h = 11, .ofs_x = 1, .ofs_y = 0},
    {.bitmap_index = 1580, .adv_w = 202, .box_w = 11, .box_h = 11, .ofs_x = 1, .ofs_y = 0},
    {.bitmap_index = 1641, .adv_w = 169, .box_w = 9, .box_h = 11, .ofs_x = 1, .ofs_y = 0},
    {.bitmap_index = 1691, .adv_w = 171, .box_w = 10, .box_h = 11, .ofs_x = 0, .ofs_y = 0},
    {.bitmap_index = 1746, .adv_w = 143, .box_w = 8, .box_h = 11, .ofs_x = 1, .ofs_y = 0},
    {.bitmap_index = 1790, .adv_w = 171, .box_w = 10, .box_h = 12, .ofs_x = 0, .ofs_y = -1},
    {.bitmap_index = 1850, .adv_w = 144, .box_w = 8, .box_h = 11, .ofs_x = 1, .ofs_y = 0},
    {.bitmap_index = 1894, .adv_w = 144, .box_w = 9, .box_h = 11, .ofs_x = 0, .ofs_y = 0},
    {.bitmap_index = 1944, .adv_w = 145, .box_w = 9, .box_h = 11, .ofs_x = 0, .ofs_y = 0},
    {.bitmap_index = 1994, .adv_w = 167, .box_w = 9, .box_h = 11, .ofs_x = 1, .ofs_y = 0},
    {.bitmap_index = 2044, .adv_w = 155, .box_w = 10, .box_h = 11, .ofs_x = 0, .ofs_y = 0},
    {.bitmap_index = 2099, .adv_w = 221, .box_w = 14, .box_h = 11, .ofs_x = 0, .ofs_y = 0},
    {.bitmap_index = 2176, .adv_w = 153, .box_w = 10, .box_h = 11, .ofs_x = 0, .ofs_y = 0},
    {.bitmap_index = 2231, .adv_w = 152, .box_w = 10, .box_h = 11, .ofs_x = 0, .ofs_y = 0},
    {.bitmap_index = 2286, .adv_w = 141, .box_w = 8, .box_h = 11, .ofs_x = 0, .ofs_y = 0},
    {.bitmap_index = 2330, .adv_w = 82, .box_w = 4, .box_h = 14, .ofs_x = 1, .ofs_y = -3},
    {.bitmap_index = 2358, .adv_w = 81, .box_w = 5, .box_h = 13, .ofs_x = 0, .ofs_y = -2},
    {.bitmap_index = 2391, .adv_w = 82, .box_w = 4, .box_h = 14, .ofs_x = 0, .ofs_y = -3},
    {.bitmap_index = 2419, .adv_w = 106, .box_w = 7, .box_h = 5, .ofs_x = 0, .ofs_y = 6},
    {.bitmap_index = 2437, .adv_w = 102, .box_w = 7, .box_h = 2, .ofs_x = 0, .ofs_y = -2},
    {.bitmap_index = 2444, .adv_w = 72, .box_w = 3, .box_h = 3, .ofs_x = 1, .ofs_y = 9},
    {.bitmap_index = 2449, .adv_w = 126, .box_w = 7, .box_h = 8, .ofs_x = 0, .ofs_y = 0},
    {.bitmap_index = 2477, .adv_w = 137, .box_w = 7, .box_h = 11, .ofs_x = 1, .ofs_y = 0},
    {.bitmap_index = 2516, .adv_w = 128, .box_w = 8, .box_h = 8, .ofs_x = 0, .ofs_y = 0},
    {.bitmap_index = 2548, .adv_w = 137, .box_w = 8, .box_h = 11, .ofs_x = 0, .ofs_y = 0},
    {.bitmap_index = 2592, .adv_w = 131, .box_w = 8, .box_h = 8, .ofs_x = 0, .ofs_y = 0},
    {.bitmap_index = 2624, .adv_w = 83, .box_w = 5, .box_h = 11, .ofs_x = 0, .ofs_y = 0},
    {.bitmap_index = 2652, .adv_w = 137, .box_w = 8, .box_h = 11, .ofs_x = 0, .ofs_y = -3},
    {.bitmap_index = 2696, .adv_w = 132, .box_w = 7, .box_h = 11, .ofs_x = 1, .ofs_y = 0},
    {.bitmap_index = 2735, .adv_w = 54, .box_w = 3, .box_h = 11, .ofs_x = 0, .ofs_y = 0},
    {.bitmap_index = 2752, .adv_w = 54, .box_w = 4, .box_h = 14, .ofs_x = -1, .ofs_y = -3},
    {.bitmap_index = 2780, .adv_w = 123, .box_w = 7, .box_h = 11, .ofs_x = 1, .ofs_y = 0},
    {.bitmap_index = 2819, .adv_w = 54, .box_w = 2, .box_h = 11, .ofs_x = 1, .ofs_y = 0},
    {.bitmap_index = 2830, .adv_w = 196, .box_w = 11, .box_h = 8, .ofs_x = 1, .ofs_y = 0},
    {.bitmap_index = 2874, .adv_w = 132, .box_w = 7, .box_h = 8, .ofs_x = 1, .ofs_y = 0},
    {.bitmap_index = 2902, .adv_w = 134, .box_w = 8, .box_h = 8, .ofs_x = 0, .ofs_y = 0},
    {.bitmap_index = 2934, .adv_w = 137, .box_w = 7, .box_h = 11, .ofs_x = 1, .ofs_y = -3},
    {.bitmap_index = 2973, .adv_w = 137, .box_w = 8, .box_h = 11, .ofs_x = 0, .ofs_y = -3},
    {.bitmap_index = 3017, .adv_w = 84, .box_w = 4, .box_h = 8, .ofs_x = 1, .ofs_y = 0},
    {.bitmap_index = 3033, .adv_w = 118, .box_w = 7, .box_h = 8, .ofs_x = 0, .ofs_y = 0},
    {.bitmap_index = 3061, .adv_w = 73, .box_w = 5, .box_h = 10, .ofs_x = 0, .ofs_y = 0},
    {.bitmap_index = 3086, .adv_w = 132, .box_w = 7, .box_h = 8, .ofs_x = 1, .ofs_y = 0},
    {.bitmap_index = 3114, .adv_w = 126, .box_w = 8, .box_h = 8, .ofs_x = 0, .ofs_y = 0},
    {.bitmap_index = 3146, .adv_w = 183, .box_w = 11, .box_h = 8, .ofs_x = 0, .ofs_y = 0},
    {.bitmap_index = 3190, .adv_w = 122, .box_w = 8, .box_h = 8, .ofs_x = 0, .ofs_y = 0},
    {.bitmap_index = 3222, .adv_w = 126, .box_w = 8, .box_h = 11, .ofs_x = 0, .ofs_y = -3},
    {.bitmap_index = 3266, .adv_w = 124, .box_w = 7, .box_h = 8, .ofs_x = 0, .ofs_y = 0},
    {.bitmap_index = 3294, .adv_w = 95, .box_w = 6, .box_h = 14, .ofs_x = 0, .ofs_y = -3},
    {.bitmap_index = 3336, .adv_w = 74, .box_w = 2, .box_h = 18, .ofs_x = 1, .ofs_y = -3},
    {.bitmap_index = 3354, .adv_w = 95, .box_w = 5, .box_h = 14, .ofs_x = 0, .ofs_y = -3},
    {.bitmap_index = 3389, .adv_w = 148, .box_w = 8, .box_h = 4, .ofs_x = 1, .ofs_y = 2},
    {.bitmap_index = 3405, .adv_w = 63, .box_w = 0, .box_h = 0, .ofs_x = 0, .ofs_y = 0},
    {.bitmap_index = 3405, .adv_w = 64, .box_w = 2, .box_h = 11, .ofs_x = 1, .ofs_y = -3},
    {.bitmap_index = 3416, .adv_w = 128, .box_w = 8, .box_h = 11, .ofs_x = 0, .ofs_y = 0},
    {.bitmap_index = 3460, .adv_w = 137, .box_w = 8, .box_h = 11, .ofs_x = 0, .ofs_y = 0},
    {.bitmap_index = 3504, .adv_w = 162, .box_w = 10, .box_h = 10, .ofs_x = 0, .ofs_y = 0},
    {.bitmap_index = 3554, .adv_w = 123, .box_w = 8, .box_h = 11, .ofs_x = 0, .ofs_y = 0},
    {.bitmap_index = 3598, .adv_w = 60, .box_w = 2, .box_h = 13, .ofs_x = 1, .ofs_y = -2},
    {.bitmap_index = 3611, .adv_w = 127, .box_w = 8, .box_h = 14, .ofs_x = 0, .ofs_y = -3},
    {.bitmap_index = 3667, .adv_w = 132, .box_w = 6, .box_h = 2, .ofs_x = 1, .ofs_y = 9},
    {.bitmap_index = 3673, .adv_w = 205, .box_w = 11, .box_h = 13, .ofs_x = 1, .ofs_y = -1},
    {.bitmap_index = 3745, .adv_w = 102, .box_w = 6, .box_h = 6, .ofs_x = 0, .ofs_y = 4},
    {.bitmap_index = 3763, .adv_w = 130, .box_w = 8, .box_h = 7, .ofs_x = 0, .ofs_y = 1},
    {.bitmap_index = 3791, .adv_w = 148, .box_w = 7, .box_h = 4, .ofs_x = 1, .ofs_y = 1},
    {.bitmap_index = 3805, .adv_w = 149, .box_w = 9, .box_h = 8, .ofs_x = 0, .ofs_y = 2},
    {.bitmap_index = 3841, .adv_w = 107, .box_w = 5, .box_h = 2, .ofs_x = 1, .ofs_y = 9},
    {.bitmap_index = 3846, .adv_w = 102, .box_w = 6, .box_h = 6, .ofs_x = 0, .ofs_y = 5},
    {.bitmap_index = 3864, .adv_w = 148, .box_w = 7, .box_h = 8, .ofs_x = 1, .ofs_y = 0},
    {.bitmap_index = 3892, .adv_w = 99, .box_w = 6, .box_h = 6, .ofs_x = 0, .ofs_y = 6},
    {.bitmap_index = 3910, .adv_w = 100, .box_w = 6, .box_h = 6, .ofs_x = 0, .ofs_y = 6},
    {.bitmap_index = 3928, .adv_w = 72, .box_w = 3, .box_h = 2, .ofs_x = 1, .ofs_y = 9},
    {.bitmap_index = 3931, .adv_w = 131, .box_w = 8, .box_h = 11, .ofs_x = 1, .ofs_y = -3},
    {.bitmap_index = 3975, .adv_w = 135, .box_w = 8, .box_h = 11, .ofs_x = 0, .ofs_y = 0},
    {.bitmap_index = 4019, .adv_w = 65, .box_w = 2, .box_h = 2, .ofs_x = 1, .ofs_y = 4},
    {.bitmap_index = 4021, .adv_w = 60, .box_w = 3, .box_h = 4, .ofs_x = 1, .ofs_y = -3},
    {.bitmap_index = 4027, .adv_w = 68, .box_w = 4, .box_h = 6, .ofs_x = 0, .ofs_y = 6},
    {.bitmap_index = 4039, .adv_w = 108, .box_w = 7, .box_h = 6, .ofs_x = 0, .ofs_y = 4},
    {.bitmap_index = 4060, .adv_w = 130, .box_w = 8, .box_h = 7, .ofs_x = 0, .ofs_y = 1},
    {.bitmap_index = 4088, .adv_w = 180, .box_w = 11, .box_h = 11, .ofs_x = 0, .ofs_y = 0},
    {.bitmap_index = 4149, .adv_w = 190, .box_w = 12, .box_h = 11, .ofs_x = 0, .ofs_y = 0},
    {.bitmap_index = 4215, .adv_w = 198, .box_w = 12, .box_h = 11, .ofs_x = 0, .ofs_y = 0},
    {.bitmap_index = 4281, .adv_w = 115, .box_w = 7, .box_h = 11, .ofs_x = 0, .ofs_y = -3},
    {.bitmap_index = 4320, .adv_w = 155, .box_w = 10, .box_h = 14, .ofs_x = 0, .ofs_y = 0},
    {.bitmap_index = 4390, .adv_w = 155, .box_w = 10, .box_h = 14, .ofs_x = 0, .ofs_y = 0},
    {.bitmap_index = 4460, .adv_w = 155, .box_w = 10, .box_h = 14, .ofs_x = 0, .ofs_y = 0},
    {.bitmap_index = 4530, .adv_w = 155, .box_w = 10, .box_h = 13, .ofs_x = 0, .ofs_y = 0},
    {.bitmap_index = 4595, .adv_w = 155, .box_w = 10, .box_h = 14, .ofs_x = 0, .ofs_y = 0},
    {.bitmap_index = 4665, .adv_w = 155, .box_w = 10, .box_h = 14, .ofs_x = 0, .ofs_y = 0},
    {.bitmap_index = 4735, .adv_w = 223, .box_w = 13, .box_h = 11, .ofs_x = 0, .ofs_y = 0},
    {.bitmap_index = 4807, .adv_w = 164, .box_w = 10, .box_h = 14, .ofs_x = 0, .ofs_y = -3},
    {.bitmap_index = 4877, .adv_w = 135, .box_w = 7, .box_h = 14, .ofs_x = 1, .ofs_y = 0},
    {.bitmap_index = 4926, .adv_w = 135, .box_w = 7, .box_h = 14, .ofs_x = 1, .ofs_y = 0},
    {.bitmap_index = 4975, .adv_w = 135, .box_w = 7, .box_h = 14, .ofs_x = 1, .ofs_y = 0},
    {.bitmap_index = 5024, .adv_w = 135, .box_w = 7, .box_h = 14, .ofs_x = 1, .ofs_y = 0},
    {.bitmap_index = 5073, .adv_w = 60, .box_w = 3, .box_h = 14, .ofs_x = 0, .ofs_y = 0},
    {.bitmap_index = 5094, .adv_w = 60, .box_w = 3, .box_h = 14, .ofs_x = 1, .ofs_y = 0},
    {.bitmap_index = 5115, .adv_w = 60, .box_w = 6, .box_h = 14, .ofs_x = -1, .ofs_y = 0},
    {.bitmap_index = 5157, .adv_w = 60, .box_w = 6, .box_h = 14, .ofs_x = -1, .ofs_y = 0},
    {.bitmap_index = 5199, .adv_w = 165, .box_w = 10, .box_h = 11, .ofs_x = 0, .ofs_y = 0},
    {.bitmap_index = 5254, .adv_w = 169, .box_w = 9, .box_h = 13, .ofs_x = 1, .ofs_y = 0},
    {.bitmap_index = 5313, .adv_w = 171, .box_w = 10, .box_h = 14, .ofs_x = 0, .ofs_y = 0},
    {.bitmap_index = 5383, .adv_w = 171, .box_w = 10, .box_h = 14, .ofs_x = 0, .ofs_y = 0},
    {.bitmap_index = 5453, .adv_w = 171, .box_w = 10, .box_h = 14, .ofs_x = 0, .ofs_y = 0},
    {.bitmap_index = 5523, .adv_w = 171, .box_w = 10, .box_h = 14, .ofs_x = 0, .ofs_y = 0},
    {.bitmap_index = 5593, .adv_w = 171, .box_w = 10, .box_h = 14, .ofs_x = 0, .ofs_y = 0},
    {.bitmap_index = 5663, .adv_w = 148, .box_w = 7, .box_h = 8, .ofs_x = 1, .ofs_y = 0},
    {.bitmap_index = 5691, .adv_w = 171, .box_w = 10, .box_h = 13, .ofs_x = 0, .ofs_y = -1},
    {.bitmap_index = 5756, .adv_w = 167, .box_w = 9, .box_h = 14, .ofs_x = 1, .ofs_y = 0},
    {.bitmap_index = 5819, .adv_w = 167, .box_w = 9, .box_h = 14, .ofs_x = 1, .ofs_y = 0},
    {.bitmap_index = 5882, .adv_w = 167, .box_w = 9, .box_h = 14, .ofs_x = 1, .ofs_y = 0},
    {.bitmap_index = 5945, .adv_w = 167, .box_w = 9, .box_h = 14, .ofs_x = 1, .ofs_y = 0},
    {.bitmap_index = 6008, .adv_w = 152, .box_w = 10, .box_h = 14, .ofs_x = 0, .ofs_y = 0},
    {.bitmap_index = 6078, .adv_w = 142, .box_w = 7, .box_h = 11, .ofs_x = 1, .ofs_y = 0},
    {.bitmap_index = 6117, .adv_w = 138, .box_w = 7, .box_h = 11, .ofs_x = 1, .ofs_y = 0},
    {.bitmap_index = 6156, .adv_w = 126, .box_w = 7, .box_h = 12, .ofs_x = 0, .ofs_y = 0},
    {.bitmap_index = 6198, .adv_w = 126, .box_w = 7, .box_h = 11, .ofs_x = 0, .ofs_y = 0},
    {.bitmap_index = 6237, .adv_w = 126, .box_w = 7, .box_h = 11, .ofs_x = 0, .ofs_y = 0},
    {.bitmap_index = 6276, .adv_w = 126, .box_w = 7, .box_h = 11, .ofs_x = 0, .ofs_y = 0},
    {.bitmap_index = 6315, .adv_w = 126, .box_w = 7, .box_h = 11, .ofs_x = 0, .ofs_y = 0},
    {.bitmap_index = 6354, .adv_w = 126, .box_w = 7, .box_h = 12, .ofs_x = 0, .ofs_y = 0},
    {.bitmap_index = 6396, .adv_w = 206, .box_w = 13, .box_h = 8, .ofs_x = 0, .ofs_y = 0},
    {.bitmap_index = 6448, .adv_w = 128, .box_w = 8, .box_h = 11, .ofs_x = 0, .ofs_y = -3},
    {.bitmap_index = 6492, .adv_w = 131, .box_w = 8, .box_h = 12, .ofs_x = 0, .ofs_y = 0},
    {.bitmap_index = 6540, .adv_w = 131, .box_w = 8, .box_h = 11, .ofs_x = 0, .ofs_y = 0},
    {.bitmap_index = 6584, .adv_w = 131, .box_w = 8, .box_h = 11, .ofs_x = 0, .ofs_y = 0},
    {.bitmap_index = 6628, .adv_w = 131, .box_w = 8, .box_h = 11, .ofs_x = 0, .ofs_y = 0},
    {.bitmap_index = 6672, .adv_w = 54, .box_w = 4, .box_h = 11, .ofs_x = -1, .ofs_y = 0},
    {.bitmap_index = 6694, .adv_w = 54, .box_w = 3, .box_h = 11, .ofs_x = 1, .ofs_y = 0},
    {.bitmap_index = 6711, .adv_w = 54, .box_w = 5, .box_h = 11, .ofs_x = -1, .ofs_y = 0},
    {.bitmap_index = 6739, .adv_w = 54, .box_w = 5, .box_h = 11, .ofs_x = -1, .ofs_y = 0},
    {.bitmap_index = 6767, .adv_w = 130, .box_w = 8, .box_h = 12, .ofs_x = 0, .ofs_y = 0},
    {.bitmap_index = 6815, .adv_w = 132, .box_w = 7, .box_h = 11, .ofs_x = 1, .ofs_y = 0},
    {.bitmap_index = 6854, .adv_w = 134, .box_w = 8, .box_h = 12, .ofs_x = 0, .ofs_y = 0},
    {.bitmap_index = 6902, .adv_w = 134, .box_w = 8, .box_h = 11, .ofs_x = 0, .ofs_y = 0},
    {.bitmap_index = 6946, .adv_w = 134, .box_w = 8, .box_h = 11, .ofs_x = 0, .ofs_y = 0},
    {.bitmap_index = 6990, .adv_w = 134, .box_w = 8, .box_h = 11, .ofs_x = 0, .ofs_y = 0},
    {.bitmap_index = 7034, .adv_w = 134, .box_w = 8, .box_h = 11, .ofs_x = 0, .ofs_y = 0},
    {.bitmap_index = 7078, .adv_w = 148, .box_w = 7, .box_h = 7, .ofs_x = 1, .ofs_y = 1},
    {.bitmap_index = 7103, .adv_w = 134, .box_w = 8, .box_h = 10, .ofs_x = 0, .ofs_y = -1},
    {.bitmap_index = 7143, .adv_w = 132, .box_w = 7, .box_h = 12, .ofs_x = 1, .ofs_y = 0},
    {.bitmap_index = 7185, .adv_w = 132, .box_w = 7, .box_h = 11, .ofs_x = 1, .ofs_y = 0},
    {.bitmap_index = 7224, .adv_w = 132, .box_w = 7, .box_h = 11, .ofs_x = 1, .ofs_y = 0},
    {.bitmap_index = 7263, .adv_w = 132, .box_w = 7, .box_h = 11, .ofs_x = 1, .ofs_y = 0},
    {.bitmap_index = 7302, .adv_w = 126, .box_w = 8, .box_h = 14, .ofs_x = 0, .ofs_y = -3},
    {.bitmap_index = 7358, .adv_w = 137, .box_w = 7, .box_h = 14, .ofs_x = 1, .ofs_y = -3},
    {.bitmap_index = 7407, .adv_w = 126, .box_w = 8, .box_h = 14, .ofs_x = 0, .ofs_y = -3},
    {.bitmap_index = 7463, .adv_w = 155, .box_w = 10, .box_h = 14, .ofs_x = 0, .ofs_y = 0},
    {.bitmap_index = 7533, .adv_w = 126, .box_w = 7, .box_h = 12, .ofs_x = 0, .ofs_y = -1},
    {.bitmap_index = 7575, .adv_w = 165, .box_w = 10, .box_h = 11, .ofs_x = 0, .ofs_y = 0},
    {.bitmap_index = 7630, .adv_w = 137, .box_w = 9, .box_h = 12, .ofs_x = 0, .ofs_y = -1},
    {.bitmap_index = 7684, .adv_w = 171, .box_w = 10, .box_h = 13, .ofs_x = 0, .ofs_y = -1},
    {.bitmap_index = 7749, .adv_w = 134, .box_w = 8, .box_h = 11, .ofs_x = 0, .ofs_y = -1},
    {.bitmap_index = 7793, .adv_w = 166, .box_w = 10, .box_h = 13, .ofs_x = 1, .ofs_y = -1},
    {.bitmap_index = 7858, .adv_w = 139, .box_w = 8, .box_h = 11, .ofs_x = 1, .ofs_y = -1},
    {.bitmap_index = 7902, .adv_w = 155, .box_w = 10, .box_h = 14, .ofs_x = 0, .ofs_y = -3},
    {.bitmap_index = 7972, .adv_w = 126, .box_w = 7, .box_h = 11, .ofs_x = 0, .ofs_y = -3},
    {.bitmap_index = 8011, .adv_w = 155, .box_w = 10, .box_h = 14, .ofs_x = 0, .ofs_y = 0},
    {.bitmap_index = 8081, .adv_w = 126, .box_w = 7, .box_h = 12, .ofs_x = 0, .ofs_y = -1},
    {.bitmap_index = 8123, .adv_w = 155, .box_w = 10, .box_h = 16, .ofs_x = 0, .ofs_y = 0},
    {.bitmap_index = 8203, .adv_w = 126, .box_w = 8, .box_h = 14, .ofs_x = 0, .ofs_y = -1},
    {.bitmap_index = 8259, .adv_w = 155, .box_w = 10, .box_h = 16, .ofs_x = 0, .ofs_y = 0},
    {.bitmap_index = 8339, .adv_w = 126, .box_w = 7, .box_h = 14, .ofs_x = 0, .ofs_y = -1},
    {.bitmap_index = 8388, .adv_w = 155, .box_w = 10, .box_h = 16, .ofs_x = 0, .ofs_y = 0},
    {.bitmap_index = 8468, .adv_w = 126, .box_w = 7, .box_h = 14, .ofs_x = 0, .ofs_y = -1},
    {.bitmap_index = 8517, .adv_w = 155, .box_w = 10, .box_h = 16, .ofs_x = 0, .ofs_y = 0},
    {.bitmap_index = 8597, .adv_w = 126, .box_w = 7, .box_h = 14, .ofs_x = 0, .ofs_y = -1},
    {.bitmap_index = 8646, .adv_w = 155, .box_w = 10, .box_h = 17, .ofs_x = 0, .ofs_y = -3},
    {.bitmap_index = 8731, .adv_w = 126, .box_w = 7, .box_h = 14, .ofs_x = 0, .ofs_y = -3},
    {.bitmap_index = 8780, .adv_w = 155, .box_w = 10, .box_h = 16, .ofs_x = 0, .ofs_y = 0},
    {.bitmap_index = 8860, .adv_w = 126, .box_w = 7, .box_h = 14, .ofs_x = 0, .ofs_y = -1},
    {.bitmap_index = 8909, .adv_w = 155, .box_w = 10, .box_h = 16, .ofs_x = 0, .ofs_y = 0},
    {.bitmap_index = 8989, .adv_w = 126, .box_w = 7, .box_h = 14, .ofs_x = 0, .ofs_y = -1},
    {.bitmap_index = 9038, .adv_w = 155, .box_w = 10, .box_h = 16, .ofs_x = 0, .ofs_y = 0},
    {.bitmap_index = 9118, .adv_w = 126, .box_w = 7, .box_h = 14, .ofs_x = 0, .ofs_y = -1},
    {.bitmap_index = 9167, .adv_w = 155, .box_w = 10, .box_h = 16, .ofs_x = 0, .ofs_y = 0},
    {.bitmap_index = 9247, .adv_w = 126, .box_w = 7, .box_h = 14, .ofs_x = 0, .ofs_y = -1},
    {.bitmap_index = 9296, .adv_w = 155, .box_w = 10, .box_h = 17, .ofs_x = 0, .ofs_y = -3},
    {.bitmap_index = 9381, .adv_w = 126, .box_w = 7, .box_h = 14, .ofs_x = 0, .ofs_y = -3},
    {.bitmap_index = 9430, .adv_w = 135, .box_w = 7, .box_h = 14, .ofs_x = 1, .ofs_y = -3},
    {.bitmap_index = 9479, .adv_w = 131, .box_w = 8, .box_h = 11, .ofs_x = 0, .ofs_y = -3},
    {.bitmap_index = 9523, .adv_w = 135, .box_w = 7, .box_h = 14, .ofs_x = 1, .ofs_y = 0},
    {.bitmap_index = 9572, .adv_w = 131, .box_w = 8, .box_h = 12, .ofs_x = 0, .ofs_y = -1},
    {.bitmap_index = 9620, .adv_w = 135, .box_w = 7, .box_h = 13, .ofs_x = 1, .ofs_y = 0},
    {.bitmap_index = 9666, .adv_w = 131, .box_w = 8, .box_h = 12, .ofs_x = 0, .ofs_y = -1},
    {.bitmap_index = 9714, .adv_w = 135, .box_w = 7, .box_h = 16, .ofs_x = 1, .ofs_y = 0},
    {.bitmap_index = 9770, .adv_w = 131, .box_w = 8, .box_h = 14, .ofs_x = 0, .ofs_y = -1},
    {.bitmap_index = 9826, .adv_w = 135, .box_w = 7, .box_h = 16, .ofs_x = 1, .ofs_y = 0},
    {.bitmap_index = 9882, .adv_w = 131, .box_w = 8, .box_h = 14, .ofs_x = 0, .ofs_y = -1},
    {.bitmap_index = 9938, .adv_w = 135, .box_w = 7, .box_h = 16, .ofs_x = 1, .ofs_y = 0},
    {.bitmap_index = 9994, .adv_w = 131, .box_w = 8, .box_h = 14, .ofs_x = 0, .ofs_y = -1},
    {.bitmap_index = 10050, .adv_w = 135, .box_w = 7, .box_h = 16, .ofs_x = 1, .ofs_y = 0},
    {.bitmap_index = 10106, .adv_w = 131, .box_w = 8, .box_h = 14, .ofs_x = 0, .ofs_y = -1},
    {.bitmap_index = 10162, .adv_w = 135, .box_w = 7, .box_h = 17, .ofs_x = 1, .ofs_y = -3},
    {.bitmap_index = 10222, .adv_w = 131, .box_w = 8, .box_h = 14, .ofs_x = 0, .ofs_y = -3},
    {.bitmap_index = 10278, .adv_w = 60, .box_w = 3, .box_h = 14, .ofs_x = 0, .ofs_y = 0},
    {.bitmap_index = 10299, .adv_w = 54, .box_w = 3, .box_h = 11, .ofs_x = 0, .ofs_y = 0},
    {.bitmap_index = 10316, .adv_w = 60, .box_w = 2, .box_h = 14, .ofs_x = 1, .ofs_y = -3},
    {.bitmap_index = 10330, .adv_w = 54, .box_w = 3, .box_h = 14, .ofs_x = 0, .ofs_y = -3},
    {.bitmap_index = 10351, .adv_w = 171, .box_w = 10, .box_h = 14, .ofs_x = 0, .ofs_y = -3},
    {.bitmap_index = 10421, .adv_w = 134, .box_w = 8, .box_h = 11, .ofs_x = 0, .ofs_y = -3},
    {.bitmap_index = 10465, .adv_w = 171, .box_w = 10, .box_h = 15, .ofs_x = 0, .ofs_y = -1},
    {.bitmap_index = 10540, .adv_w = 134, .box_w = 8, .box_h = 12, .ofs_x = 0, .ofs_y = -1},
    {.bitmap_index = 10588, .adv_w = 171, .box_w = 10, .box_h = 17, .ofs_x = 0, .ofs_y = -1},
    {.bitmap_index = 10673, .adv_w = 134, .box_w = 8, .box_h = 14, .ofs_x = 0, .ofs_y = -1},
    {.bitmap_index = 10729, .adv_w = 171, .box_w = 10, .box_h = 17, .ofs_x = 0, .ofs_y = -1},
    {.bitmap_index = 10814, .adv_w = 134, .box_w = 8, .box_h = 14, .ofs_x = 0, .ofs_y = -1},
    {.bitmap_index = 10870, .adv_w = 171, .box_w = 10, .box_h = 17, .ofs_x = 0, .ofs_y = -1},
    {.bitmap_index = 10955, .adv_w = 134, .box_w = 8, .box_h = 14, .ofs_x = 0, .ofs_y = -1},
    {.bitmap_index = 11011, .adv_w = 171, .box_w = 10, .box_h = 17, .ofs_x = 0, .ofs_y = -1},
    {.bitmap_index = 11096, .adv_w = 134, .box_w = 8, .box_h = 14, .ofs_x = 0, .ofs_y = -1},
    {.bitmap_index = 11152, .adv_w = 171, .box_w = 10, .box_h = 17, .ofs_x = 0, .ofs_y = -3},
    {.bitmap_index = 11237, .adv_w = 134, .box_w = 8, .box_h = 14, .ofs_x = 0, .ofs_y = -3},
    {.bitmap_index = 11293, .adv_w = 171, .box_w = 10, .box_h = 15, .ofs_x = 0, .ofs_y = -1},
    {.bitmap_index = 11368, .adv_w = 134, .box_w = 8, .box_h = 12, .ofs_x = 0, .ofs_y = -1},
    {.bitmap_index = 11416, .adv_w = 171, .box_w = 10, .box_h = 15, .ofs_x = 0, .ofs_y = -1},
    {.bitmap_index = 11491, .adv_w = 134, .box_w = 8, .box_h = 12, .ofs_x = 0, .ofs_y = -1},
    {.bitmap_index = 11539, .adv_w = 171, .box_w = 10, .box_h = 15, .ofs_x = 0, .ofs_y = -1},
    {.bitmap_index = 11614, .adv_w = 134, .box_w = 8, .box_h = 12, .ofs_x = 0, .ofs_y = -1},
    {.bitmap_index = 11662, .adv_w = 171, .box_w = 10, .box_h = 14, .ofs_x = 0, .ofs_y = -1},
    {.bitmap_index = 11732, .adv_w = 134, .box_w = 8, .box_h = 12, .ofs_x = 0, .ofs_y = -1},
    {.bitmap_index = 11780, .adv_w = 171, .box_w = 10, .box_h = 15, .ofs_x = 0, .ofs_y = -3},
    {.bitmap_index = 11855, .adv_w = 134, .box_w = 8, .box_h = 13, .ofs_x = 0, .ofs_y = -3},
    {.bitmap_index = 11907, .adv_w = 167, .box_w = 9, .box_h = 14, .ofs_x = 1, .ofs_y = -3},
    {.bitmap_index = 11970, .adv_w = 132, .box_w = 7, .box_h = 11, .ofs_x = 1, .ofs_y = -3},
    {.bitmap_index = 12009, .adv_w = 167, .box_w = 9, .box_h = 15, .ofs_x = 1, .ofs_y = -1},
    {.bitmap_index = 12077, .adv_w = 132, .box_w = 7, .box_h = 12, .ofs_x = 1, .ofs_y = -1},
    {.bitmap_index = 12119, .adv_w = 166, .box_w = 10, .box_h = 15, .ofs_x = 1, .ofs_y = -1},
    {.bitmap_index = 12194, .adv_w = 139, .box_w = 8, .box_h = 12, .ofs_x = 1, .ofs_y = -1},
    {.bitmap_index = 12242, .adv_w = 166, .box_w = 10, .box_h = 15, .ofs_x = 1, .ofs_y = -1},
    {.bitmap_index = 12317, .adv_w = 139, .box_w = 8, .box_h = 12, .ofs_x = 1, .ofs_y = -1},
    {.bitmap_index = 12365, .adv_w = 166, .box_w = 10, .box_h = 15, .ofs_x = 1, .ofs_y = -1},
    {.bitmap_index = 12440, .adv_w = 139, .box_w = 8, .box_h = 12, .ofs_x = 1, .ofs_y = -1},
    {.bitmap_index = 12488, .adv_w = 166, .box_w = 10, .box_h = 14, .ofs_x = 1, .ofs_y = -1},
    {.bitmap_index = 12558, .adv_w = 139, .box_w = 8, .box_h = 12, .ofs_x = 1, .ofs_y = -1},
    {.bitmap_index = 12606, .adv_w = 166, .box_w = 10, .box_h = 15, .ofs_x = 1, .ofs_y = -3},
    {.bitmap_index = 12681, .adv_w = 139, .box_w = 8, .box_h = 13, .ofs_x = 1, .ofs_y = -3},
    {.bitmap_index = 12733, .adv_w = 152, .box_w = 10, .box_h = 14, .ofs_x = 0, .ofs_y = 0},
    {.bitmap_index = 12803, .adv_w = 126, .box_w = 8, .box_h = 14, .ofs_x = 0, .ofs_y = -3},
    {.bitmap_index = 12859, .adv_w = 152, .box_w = 10, .box_h = 14, .ofs_x = 0, .ofs_y = -3},
    {.bitmap_index = 12929, .adv_w = 126, .box_w = 8, .box_h = 11, .ofs_x = 0, .ofs_y = -3},
    {.bitmap_index = 12973, .adv_w = 152, .box_w = 10, .box_h = 14, .ofs_x = 0, .ofs_y = 0},
    {.bitmap_index = 13043, .adv_w = 126, .box_w = 8, .box_h = 14, .ofs_x = 0, .ofs_y = -3},
    {.bitmap_index = 13099, .adv_w = 152, .box_w = 10, .box_h = 13, .ofs_x = 0, .ofs_y = 0},
    {.bitmap_index = 13164, .adv_w = 126, .box_w = 8, .box_h = 14, .ofs_x = 0, .ofs_y = -3},
    {.bitmap_index = 13220, .adv_w = 112, .box_w = 7, .box_h = 2, .ofs_x = 0, .ofs_y = 3},
    {.bitmap_index = 13227, .adv_w = 224, .box_w = 14, .box_h = 2, .ofs_x = 0, .ofs_y = 3},
    {.bitmap_index = 13241, .adv_w = 58, .box_w = 3, .box_h = 4, .ofs_x = 1, .ofs_y = 7},
    {.bitmap_index = 13247, .adv_w = 58, .box_w = 3, .box_h = 4, .ofs_x = 1, .ofs_y = 7},
    {.bitmap_index = 13253, .adv_w = 54, .box_w = 3, .box_h = 5, .ofs_x = 0, .ofs_y = -3},
    {.bitmap_index = 13261, .adv_w = 99, .box_w = 5, .box_h = 4, .ofs_x = 1, .ofs_y = 7},
    {.bitmap_index = 13271, .adv_w = 99, .box_w = 5, .box_h = 4, .ofs_x = 1, .ofs_y = 7},
    {.bitmap_index = 13281, .adv_w = 94, .box_w = 6, .box_h = 4, .ofs_x = 0, .ofs_y = -3},
    {.bitmap_index = 13293, .adv_w = 126, .box_w = 6, .box_h = 5, .ofs_x = 1, .ofs_y = 2},
    {.bitmap_index = 13308, .adv_w = 194, .box_w = 10, .box_h = 2, .ofs_x = 1, .ofs_y = 0},
    {.bitmap_index = 13318, .adv_w = 50, .box_w = 3, .box_h = 4, .ofs_x = 0, .ofs_y = 7},
    {.bitmap_index = 13324, .adv_w = 99, .box_w = 6, .box_h = 4, .ofs_x = 0, .ofs_y = 7},
    {.bitmap_index = 13336, .adv_w = 86, .box_w = 5, .box_h = 7, .ofs_x = 0, .ofs_y = 1},
    {.bitmap_index = 13354, .adv_w = 86, .box_w = 5, .box_h = 7, .ofs_x = 0, .ofs_y = 1}
};

/*---------------------
 *  CHARACTER MAPPING
 *--------------------*/

static const uint16_t unicode_list_3[] = {
    0x0, 0x1, 0xe, 0xf, 0x9e, 0x9f, 0xad, 0xae
};

static const uint16_t unicode_list_5[] = {
    0x0, 0x1, 0x5, 0x6, 0x7, 0x9, 0xa, 0xb,
    0xf, 0x13, 0x1f, 0x20, 0x26, 0x27
};

/*Collect the unicode lists and glyph_id offsets*/
static const lv_font_fmt_txt_cmap_t cmaps[] =
{
    {
        .range_start = 32, .range_length = 95, .glyph_id_start = 1,
        .unicode_list = NULL, .glyph_id_ofs_list = NULL, .list_length = 0, .type = LV_FONT_FMT_TXT_CMAP_FORMAT0_TINY
    },
    {
        .range_start = 160, .range_length = 13, .glyph_id_start = 96,
        .unicode_list = NULL, .glyph_id_ofs_list = NULL, .list_length = 0, .type = LV_FONT_FMT_TXT_CMAP_FORMAT0_TINY
    },
    {
        .range_start = 174, .range_length = 82, .glyph_id_start = 109,
        .unicode_list = NULL, .glyph_id_ofs_list = NULL, .list_length = 0, .type = LV_FONT_FMT_TXT_CMAP_FORMAT0_TINY
    },
    {
        .range_start = 258, .range_length = 175, .glyph_id_start = 191,
        .unicode_list = unicode_list_3, .glyph_id_ofs_list = NULL, .list_length = 8, .type = LV_FONT_FMT_TXT_CMAP_SPARSE_TINY
    },
    {
        .range_start = 7840, .range_length = 90, .glyph_id_start = 199,
        .unicode_list = NULL, .glyph_id_ofs_list = NULL, .list_length = 0, .type = LV_FONT_FMT_TXT_CMAP_FORMAT0_TINY
    },
    {
        .range_start = 8211, .range_length = 40, .glyph_id_start = 289,
        .unicode_list = unicode_list_5, .glyph_id_ofs_list = NULL, .list_length = 14, .type = LV_FONT_FMT_TXT_CMAP_SPARSE_TINY
    }
};

/*-----------------
 *    KERNING
 *----------------*/


/*Map glyph_ids to kern left classes*/
static const uint8_t kern_left_class_mapping[] =
{
    0, 0, 0, 1, 0, 0, 2, 3,
    1, 4, 5, 6, 7, 8, 7, 8,
    9, 10, 0, 11, 12, 13, 14, 15,
    16, 12, 10, 17, 17, 0, 18, 19,
    0, 20, 0, 0, 0, 0, 0, 0,
    0, 0, 0, 0, 0, 0, 0, 0,
    0, 0, 0, 0, 0, 0, 0, 0,
    0, 0, 0, 0, 4, 21, 5, 6,
    22, 0, 0, 0, 0, 0, 0, 0,
    0, 0, 0, 0, 0, 0, 0, 0,
    0, 0, 0, 0, 0, 0, 0, 0,
    0, 0, 0, 0, 4, 0, 5, 7,
    0, 23, 24, 0, 0, 0, 0, 0,
    0, 20, 0, 0, 0, 25, 0, 6,
    18, 0, 0, 0, 26, 0, 27, 0,
    0, 0, 28, 0, 0, 0, 29, 0,
    0, 0, 0, 0, 0, 0, 0, 0,
    0, 0, 0, 0, 0, 0, 0, 0,
    0, 0, 0, 0, 0, 0, 30, 0,
    0, 0, 0, 0, 0, 0, 0, 0,
    0, 0, 0, 0, 0, 0, 0, 0,
    0, 0, 0, 0, 0, 0, 0, 0,
    0, 0, 0, 0, 0, 0, 7, 0,
    0, 0, 0, 0, 0, 0, 0, 0,
    0, 0, 0, 0, 0, 0, 0, 0,
    0, 0, 0, 0, 0, 0, 0, 0,
    0, 0, 0, 0, 0, 0, 0, 0,
    0, 0, 0, 0, 0, 0, 0, 0,
    0, 0, 0, 0, 0, 0, 0, 0,
    0, 0, 0, 0, 0, 0, 0, 0,
    0, 0, 0, 0, 0, 0, 0, 0,
    0, 0, 0, 0, 0, 0, 0, 0,
    0, 0, 0, 0, 0, 0, 0, 0,
    0, 0, 0, 0, 0, 0, 0, 0,
    0, 0, 0, 0, 0, 0, 0, 0,
    0, 0, 0, 0, 0, 0, 0, 0,
    0, 0, 0, 31, 32, 33, 31, 32,
    33, 30, 8, 0, 0, 0, 28
};

/*Map glyph_ids to kern right classes*/
static const uint8_t kern_right_class_mapping[] =
{
    0, 0, 0, 1, 2, 0, 0, 3,
    1, 0, 4, 5, 6, 7, 6, 7,
    8, 9, 10, 11, 12, 13, 14, 9,
    15, 16, 17, 18, 18, 19, 20, 0,
    21, 22, 0, 0, 0, 0, 0, 0,
    0, 0, 0, 0, 0, 0, 0, 0,
    0, 0, 0, 0, 0, 0, 0, 0,
    0, 0, 0, 0, 0, 23, 4, 5,
    24, 0, 0, 0, 0, 0, 0, 0,
    0, 0, 0, 0, 0, 0, 0, 0,
    0, 0, 0, 0, 0, 0, 0, 0,
    0, 0, 0, 0, 0, 25, 4, 26,
    0, 0, 27, 0, 0, 0, 0, 0,
    0, 22, 0, 28, 29, 30, 0, 5,
    20, 0, 0, 0, 31, 32, 6, 0,
    0, 0, 33, 0, 0, 0, 34, 0,
    0, 0, 0, 0, 0, 0, 0, 0,
    0, 0, 0, 0, 0, 0, 0, 0,
    0, 0, 0, 0, 0, 0, 33, 0,
    0, 0, 0, 0, 0, 0, 0, 0,
    0, 0, 0, 0, 0, 0, 0, 0,
    0, 0, 0, 0, 0, 0, 0, 0,
    0, 0, 0, 0, 0, 0, 6, 0,
    0, 0, 0, 0, 0, 0, 0, 0,
    0, 0, 0, 0, 0, 0, 0, 0,
    0, 0, 0, 0, 0, 0, 0, 0,
    0, 0, 0, 0, 0, 0, 0, 0,
    0, 0, 0, 0, 0, 0, 0, 0,
    0, 0, 0, 0, 0, 0, 0, 0,
    0, 0, 0, 0, 0, 0, 0, 0,
    0, 0, 0, 0, 0, 0, 0, 0,
    0, 0, 0, 0, 0, 0, 0, 0,
    0, 0, 0, 0, 0, 0, 0, 0,
    0, 0, 0, 0, 0, 0, 0, 0,
    0, 0, 0, 0, 0, 0, 0, 0,
    0, 0, 0, 0, 0, 0, 0, 0,
    0, 0, 0, 35, 36, 37, 35, 36,
    37, 33, 7, 0, 0, 28, 33
};

/*Kern values between classes*/
static const int8_t kern_class_values[] =
{
    0, 0, -8, 0, 0, 0, -18, 0,
    0, 0, 0, 0, -14, 0, 0, 0,
    0, 0, 0, 0, 0, 0, 0, 0,
    0, 0, -3, 0, 0, 0, 0, 0,
    0, 0, 0, 0, 0, 0, 0, 0,
    0, 0, 0, 0, 0, 0, 0, 0,
    0, 0, 0, 0, 0, 0, 0, 0,
    0, 0, 0, 0, 0, 0, 0, 0,
    0, 0, 0, 0, 0, 0, 0, -14,
    -15, 0, -8, 0, 0, 0, 0, 0,
    0, 0, 0, 0, 0, 0, 0, 0,
    0, 0, 0, 0, 0, 0, 0, 0,
    -14, 0, 0, 0, 0, 0, 0, -5,
    0, 0, 0, 0, -20, 0, 0, 0,
    0, 0, 0, 0, 0, 0, 0, 0,
    0, 0, 0, 0, 0, 0, 0, 0,
    0, 0, 0, 0, 0, 0, 0, 0,
    0, -3, 0, 0, 0, 0, 0, 0,
    0, 0, 0, 0, 0, 0, 0, 0,
    0, 0, 0, 0, 0, 0, 0, 0,
    0, 0, 0, 0, 0, 0, 0, 0,
    0, 0, 0, 0, 0, 0, 0, 0,
    0, 0, 0, 0, 0, 0, -8, 0,
    0, 0, 0, -8, 0, 0, 0, -31,
    0, 0, 0, 0, 0, -10, 0, 0,
    0, 0, 0, 0, 0, 0, -3, 0,
    -15, 0, 0, 0, 0, 0, 0, 0,
    0, 0, 0, 0, 0, 0, 0, 0,
    0, 0, 0, 0, 0, 0, 0, 0,
    -8, -3, 0, 0, -5, 0, 0, 0,
    0, 0, 0, 0, -11, 0, 0, 0,
    0, 0, 0, 0, 0, -4, 0, 0,
    -14, 0, 0, -18, 0, 0, 0, 0,
    0, 0, 0, -6, -19, 0, -6, 0,
    -3, -3, -5, -2, 0, 0, 0, -20,
    -10, 0, 0, 0, 0, 0, 0, 0,
    0, 0, -11, 0, 0, 0, -13, 0,
    0, 0, 0, 0, 0, 0, -9, 0,
    0, 0, 0, 0, 0, 0, 0, 0,
    0, 0, 0, 0, 0, 0, 0, 0,
    0, 0, 0, 0, 0, 0, 0, 0,
    0, 0, 0, 0, 0, 0, 0, 0,
    0, 0, 0, -6, 0, 0, 0, 0,
    0, 0, 0, -4, 0, 0, 0, 0,
    0, 0, 0, -2, -10, 0, 0, 0,
    0, 0, 0, 0, 0, 0, 0, -10,
    0, -11, 0, 0, 0, 0, 0, 0,
    0, 0, 0, 0, 0, 0, -3, 0,
    0, 0, 0, 0, 0, 0, 0, 0,
    0, 0, 0, 0, 0, 0, 0, 0,
    0, 0, 0, 0, 0, 0, 0, 0,
    0, 0, 0, -3, 0, -5, 0, 0,
    0, 0, 0, 0, 0, 0, 0, 0,
    0, 0, 0, 0, 0, 0, 0, 0,
    0, 0, -8, 0, 0, 0, 0, 0,
    0, 0, 0, -11, 0, 0, 0, 0,
    -4, 0, -8, 0, 0, -4, 0, 0,
    0, 0, 0, 0, 0, 0, 0, 0,
    0, 0, 0, 0, 0, 0, 0, 0,
    0, -1, 0, -9, 0, 0, 0, 0,
    0, 0, 0, 0, 0, 0, 0, -6,
    0, 0, 0, 0, 0, 0, 0, 0,
    0, 0, 0, 0, 0, 0, 0, 0,
    0, 0, 0, 0, 0, 0, -1, 0,
    0, 0, 0, 0, 0, 0, 0, 0,
    0, 0, 0, 0, -8, 0, 0, 0,
    0, 0, 0, 0, 0, 0, 0, 0,
    0, 0, 0, 0, 0, -10, 0, 0,
    0, 0, 0, 0, 0, 0, 0, 0,
    0, 0, -10, 0, -13, -10, 0, 0,
    0, -28, 0, -3, 0, 0, -4, -13,
    -2, 4, -3, -2, -8, -20, 0, 0,
    0, 0, -36, 0, 0, -11, -14, 0,
    0, 0, 0, 0, 0, 0, 0, -32,
    0, 0, 0, 0, 0, 0, 0, 0,
    0, 0, 0, 0, 0, 0, 0, 0,
    0, 0, 0, 0, 0, 0, -14, 0,
    0, 0, 0, 0, 0, 0, 0, 0,
    0, 0, -10, 0, 0, 0, 0, 0,
    0, 0, 0, 0, 0, 0, 0, 0,
    0, 0, 0, 0, 0, 0, 0, 0,
    0, 0, 0, -15, 0, 0, 0, 0,
    0, 0, 0, 0, 0, 0, 0, -13,
    0, 0, 0, 0, 0, 0, 0, 0,
    0, 0, 0, 0, 0, 0, 0, 0,
    -17, 0, 0, 0, 0, 0, 0, 0,
    -17, 0, 0, 0, 0, 0, 0, 0,
    0, 0, 0, 0, -22, 0, 0, 0,
    0, 0, 0, 0, 0, -10, -9, 0,
    0, 0, 0, 0, 0, 0, 0, 0,
    0, 0, 0, 0, 0, -8, -9, 0,
    0, 0, 0, 0, -1, 0, 0, 0,
    0, -8, 0, -9, -18, 0, 0, 0,
    -18, -8, 0, 4, 0, -8, 0, 0,
    0, 0, 0, 0, 0, 0, 0, -11,
    -14, -8, -11, 0, 0, -8, 0, -8,
    -8, -16, 0, -11, -8, 0, -10, -13,
    0, 0, 0, 0, 0, -15, 0, 0,
    0, -10, -24, 0, -10, -13, -10, 0,
    -10, -10, 0, 0, 0, 0, -9, -18,
    0, 8, 0, 0, 0, 0, 0, 0,
    -10, 0, 0, -9, 0, 0, 0, 0,
    0, 0, 0, 0, 0, 0, 0, 0,
    0, 0, 0, 0, 0, 0, 0, 0,
    0, 0, 0, 0, -8, 0, 0, 0,
    0, 0, 0, 0, 0, 0, 0, 0,
    -8, 0, 0, -3, 0, 0, -3, 0,
    0, 0, 0, 0, -8, 0, 0, 0,
    0, 0, 0, 0, 0, 0, 0, 0,
    0, -11, 0, 0, 0, 0, 0, 0,
    -3, 0, 0, 0, 0, -14, -5, 0,
    0, 0, -8, 0, 0, 0, 0, 0,
    0, 0, 0, 0, -11, 0, 0, 0,
    0, 0, 0, 0, 0, -1, 0, 0,
    0, 0, -6, 0, 0, 0, 0, 0,
    0, 0, 0, 0, 0, 0, 0, 0,
    0, 0, -9, 0, -8, 0, 0, 0,
    0, 0, 0, 0, 0, 0, 0, -9,
    0, 0, 0, 0, -8, 0, -9, 0,
    0, -8, 0, 0, 0, 0, 0, -11,
    3, 0, 0, 0, 0, 0, 0, 0,
    0, 0, 0, 0, -8, -3, 0, 0,
    -5, 0, 0, 0, 0, 0, 0, 0,
    -9, 0, 0, 0, 0, 0, 0, 0,
    0, -4, 0, 0, -14, 0, 0, 0,
    0, 0, 0, 0, 0, 0, 0, 0,
    -9, -11, -10, 0, 0, -11, -8, 0,
    0, 0, 0, 0, 0, -14, 0, 0,
    0, 0, 0, 0, 0, 0, 0, 0,
    0, -19, 0, 0, 0, 0, 0, 0,
    0, 0, 0, 0, 0, 0, 0, 0,
    0, 0, 0, 0, 0, 0, 0, 0,
    0, 0, -17, 0, 0, 0, 0, 0,
    0, 0, 0, 0, 0, 0, -14, -8,
    0, 0, 0, 0, 0, 0, 0, 0,
    0, 0, 0, 0, 0, 0, 0, 0,
    0, 0, 0, 0, 0, 0, 0, -9,
    0, 0, 0, 0, 0, 0, 0, 0,
    0, 0, 0, 0, 0, 0, 0, 0,
    -14, 0, 0, 0, -19, -22, 0, 0,
    0, 0, -14, 0, 0, 0, 0, 0,
    0, 0, 0, 0, 0, 0, 0, 0,
    -9, 0, 0, 0, 0, 0, 0, -14,
    0, 0, -14, 0, -28, -15, 0, 0,
    -14, -22, -32, -10, 0, 0, 0, -22,
    0, -14, -9, 0, -13, -22, -13, 0,
    -13, 0, -9, 0, -10, -14, -19, -14,
    0, -10, -3, 0, -15, 0, 0, 0,
    0, 0, 0, 0, 0, 0, 0, 0,
    0, -15, 0, 0, 0, 0, 0, 0,
    0, 0, 0, 0, 0, 0, -20, 0,
    0, 0, 0, 0, 0, 0, 0, 0,
    0, 0, -28, -22, 0
};


/*Collect the kern class' data in one place*/
static const lv_font_fmt_txt_kern_classes_t kern_classes =
{
    .class_pair_values   = kern_class_values,
    .left_class_mapping  = kern_left_class_mapping,
    .right_class_mapping = kern_right_class_mapping,
    .left_class_cnt      = 33,
    .right_class_cnt     = 37,
};

/*--------------------
 *  ALL CUSTOM DATA
 *--------------------*/

#if LVGL_VERSION_MAJOR == 8
/*Store all the custom data of the font*/
static  lv_font_fmt_txt_glyph_cache_t cache;
#endif

#if LVGL_VERSION_MAJOR >= 8
static const lv_font_fmt_txt_dsc_t font_dsc = {
#else
static lv_font_fmt_txt_dsc_t font_dsc = {
#endif
    .glyph_bitmap = glyph_bitmap,
    .glyph_dsc = glyph_dsc,
    .cmaps = cmaps,
    .kern_dsc = &kern_classes,
    .kern_scale = 16,
    .cmap_num = 6,
    .bpp = 4,
    .kern_classes = 1,
    .bitmap_format = 0,
#if LVGL_VERSION_MAJOR == 8
    .cache = &cache
#endif
};



/*-----------------
 *  PUBLIC FONT
 *----------------*/

/*Initialize a public general font descriptor*/
#if LVGL_VERSION_MAJOR >= 8
const lv_font_t font_inter_14 = {
#else
lv_font_t font_inter_14 = {
#endif
    .get_glyph_dsc = lv_font_get_glyph_dsc_fmt_txt,    /*Function pointer to get glyph's data*/
    .get_glyph_bitmap = lv_font_get_bitmap_fmt_txt,    /*Function pointer to get glyph's bitmap*/
    .line_height = 19,          /*The maximum line height required by the font*/
    .base_line = 3,             /*Baseline measured from the bottom of the line*/
#if !(LVGL_VERSION_MAJOR == 6 && LVGL_VERSION_MINOR == 0)
    .subpx = LV_FONT_SUBPX_NONE,
#endif
#if LV_VERSION_CHECK(7, 4, 0) || LVGL_VERSION_MAJOR >= 8
    .underline_position = -2,
    .underline_thickness = 1,
#endif
    .dsc = &font_dsc,          /*The custom font data. Will be accessed by `get_glyph_bitmap/dsc` */
#if LV_VERSION_CHECK(8, 2, 0) || LVGL_VERSION_MAJOR >= 9
    .fallback = NULL,
#endif
    .user_data = NULL,
};



#endif /*#if FONT_INTER_14*/

