/*******************************************************************************
 * Size: 18 px
 * Bpp: 4
 * Opts: --font E:/Project/Candientu/Canvatnuoi/node_modules/@fontsource/inter/files/inter-latin-700-normal.woff -r 0x20-0x7E,0xA0-0xFF,0x2010-0x2043 --symbols ‹› --font E:/Project/Candientu/Canvatnuoi/node_modules/@fontsource/inter/files/inter-vietnamese-700-normal.woff -r 0x0102-0x0103,0x0110-0x0111,0x0128-0x0129,0x0168-0x0169,0x01A0-0x01A1,0x01AF-0x01B0,0x1EA0-0x1EF9 --size 18 --bpp 4 --no-compress --format lvgl --lv-font-name font_inter_bold_12 -o font_inter_bold_12.c
 ******************************************************************************/

#ifdef LV_LVGL_H_INCLUDE_SIMPLE
#include "lvgl.h"
#else
#include "lvgl/lvgl.h"
#endif

#ifndef FONT_INTER_BOLD_12
#define FONT_INTER_BOLD_12 1
#endif

#if FONT_INTER_BOLD_12

/*-----------------
 *    BITMAPS
 *----------------*/

/*Store the image of the glyphs*/
static LV_ATTRIBUTE_LARGE_CONST const uint8_t glyph_bitmap[] = {
    /* U+0020 " " */

    /* U+0021 "!" */
    0x5f, 0xf7, 0x5f, 0xf6, 0x5f, 0xf6, 0x4f, 0xf6,
    0x4f, 0xf5, 0x4f, 0xf5, 0x3f, 0xf5, 0x3f, 0xf4,
    0x3f, 0xf4, 0x0, 0x0, 0x2d, 0xe3, 0x7f, 0xf9,
    0x2d, 0xe3,

    /* U+0022 "\"" */
    0x3f, 0xf4, 0x5f, 0xf1, 0x2f, 0xf3, 0x5f, 0xf1,
    0x1f, 0xf3, 0x4f, 0xf0, 0xf, 0xf2, 0x3f, 0xf0,
    0xf, 0xf1, 0x2f, 0xe0, 0x7, 0x70, 0x17, 0x60,

    /* U+0023 "#" */
    0x0, 0x7, 0xf8, 0x0, 0xdf, 0x20, 0x0, 0xa,
    0xf5, 0x0, 0xff, 0x0, 0x0, 0xd, 0xf2, 0x3,
    0xfc, 0x0, 0xc, 0xff, 0xff, 0xff, 0xff, 0xf6,
    0xf, 0xff, 0xff, 0xff, 0xff, 0xf3, 0x0, 0x5f,
    0xa0, 0xb, 0xf4, 0x0, 0x0, 0x7f, 0x80, 0xd,
    0xf2, 0x0, 0x0, 0x9f, 0x60, 0xf, 0xf0, 0x0,
    0x8f, 0xff, 0xff, 0xff, 0xff, 0xa0, 0xbf, 0xff,
    0xff, 0xff, 0xff, 0x70, 0x1, 0xfe, 0x0, 0x7f,
    0x80, 0x0, 0x4, 0xfb, 0x0, 0xaf, 0x50, 0x0,
    0x7, 0xf8, 0x0, 0xdf, 0x20, 0x0,

    /* U+0024 "$" */
    0x0, 0x0, 0x8, 0x80, 0x0, 0x0, 0x0, 0x0,
    0x8, 0x80, 0x0, 0x0, 0x0, 0x19, 0xef, 0xfe,
    0x91, 0x0, 0x1, 0xef, 0xff, 0xff, 0xfe, 0x10,
    0xa, 0xff, 0x9a, 0xa9, 0xff, 0x90, 0xd, 0xfe,
    0x8, 0x80, 0xac, 0x90, 0xc, 0xff, 0x68, 0x80,
    0x0, 0x0, 0x5, 0xff, 0xff, 0xc5, 0x10, 0x0,
    0x0, 0x5d, 0xff, 0xff, 0xf7, 0x0, 0x0, 0x0,
    0x2b, 0xef, 0xff, 0x70, 0x1, 0x10, 0x8, 0x82,
    0xef, 0xf0, 0x2f, 0xf8, 0x8, 0x80, 0xbf, 0xf0,
    0xe, 0xff, 0x8a, 0x98, 0xff, 0xc0, 0x4, 0xff,
    0xff, 0xff, 0xff, 0x30, 0x0, 0x3a, 0xef, 0xfe,
    0xa2, 0x0, 0x0, 0x0, 0x8, 0x80, 0x0, 0x0,
    0x0, 0x0, 0x6, 0x50, 0x0, 0x0,

    /* U+0025 "%" */
    0x4, 0xdf, 0xd4, 0x0, 0x0, 0xa, 0xf2, 0x0,
    0x1f, 0xfa, 0xff, 0x10, 0x0, 0x5f, 0x70, 0x0,
    0x5f, 0x80, 0x8f, 0x50, 0x1, 0xec, 0x0, 0x0,
    0x5f, 0x80, 0x8f, 0x50, 0xb, 0xf2, 0x0, 0x0,
    0x1f, 0xfa, 0xff, 0x10, 0x6f, 0x60, 0x0, 0x0,
    0x4, 0xdf, 0xd4, 0x2, 0xfb, 0x0, 0x0, 0x0,
    0x0, 0x0, 0x0, 0xc, 0xe1, 0x4, 0x98, 0x10,
    0x0, 0x0, 0x0, 0x8f, 0x40, 0x7f, 0xff, 0xe1,
    0x0, 0x0, 0x3, 0xf9, 0x0, 0xef, 0x17, 0xf8,
    0x0, 0x0, 0xd, 0xd0, 0x0, 0xfc, 0x3, 0xfa,
    0x0, 0x0, 0x9f, 0x30, 0x0, 0xfd, 0x4, 0xf9,
    0x0, 0x4, 0xf8, 0x0, 0x0, 0xbf, 0xbe, 0xf4,
    0x0, 0x1e, 0xd0, 0x0, 0x0, 0x1b, 0xfe, 0x70,

    /* U+0026 "&" */
    0x0, 0x8, 0xef, 0xd6, 0x0, 0x0, 0x0, 0xa,
    0xff, 0xff, 0xf5, 0x0, 0x0, 0x0, 0xff, 0x82,
    0xaf, 0xb0, 0x0, 0x0, 0x1f, 0xf3, 0x8, 0xfa,
    0x0, 0x0, 0x0, 0xcf, 0xb7, 0xff, 0x30, 0x0,
    0x0, 0x3, 0xff, 0xfe, 0x40, 0x0, 0x0, 0x0,
    0x9f, 0xff, 0x90, 0x8, 0x91, 0x0, 0x9f, 0xfb,
    0xff, 0x61, 0xff, 0x20, 0x2f, 0xf8, 0x9, 0xff,
    0xaf, 0xf0, 0x3, 0xff, 0x50, 0xb, 0xff, 0xfa,
    0x0, 0x1f, 0xfd, 0x42, 0x7f, 0xff, 0x30, 0x0,
    0x7f, 0xff, 0xff, 0xff, 0xfc, 0x0, 0x0, 0x5c,
    0xff, 0xc7, 0x3f, 0xf9, 0x0,

    /* U+0027 "'" */
    0x3f, 0xf4, 0x2f, 0xf3, 0x1f, 0xf3, 0xf, 0xf2,
    0xf, 0xf1, 0x7, 0x70,

    /* U+0028 "(" */
    0x0, 0x27, 0x70, 0x0, 0xbf, 0xd0, 0x2, 0xff,
    0x70, 0x8, 0xff, 0x10, 0xc, 0xfd, 0x0, 0x1f,
    0xf9, 0x0, 0x4f, 0xf6, 0x0, 0x6f, 0xf4, 0x0,
    0x7f, 0xf3, 0x0, 0x7f, 0xf3, 0x0, 0x6f, 0xf4,
    0x0, 0x4f, 0xf6, 0x0, 0x1f, 0xfa, 0x0, 0xc,
    0xfe, 0x0, 0x7, 0xff, 0x30, 0x1, 0xff, 0x90,
    0x0, 0x8f, 0xf0,

    /* U+0029 ")" */
    0x27, 0x71, 0x0, 0x1f, 0xf8, 0x0, 0xa, 0xfe,
    0x0, 0x5, 0xff, 0x40, 0x1, 0xff, 0x90, 0x0,
    0xdf, 0xd0, 0x0, 0xaf, 0xf0, 0x0, 0x8f, 0xf3,
    0x0, 0x7f, 0xf4, 0x0, 0x6f, 0xf4, 0x0, 0x8f,
    0xf3, 0x0, 0x9f, 0xf1, 0x0, 0xdf, 0xd0, 0x1,
    0xff, 0x90, 0x7, 0xff, 0x30, 0xc, 0xfc, 0x0,
    0x3f, 0xf4, 0x0,

    /* U+002A "*" */
    0x0, 0xc, 0xd0, 0x0, 0xa, 0x1b, 0xc1, 0xa1,
    0x5f, 0xfd, 0xee, 0xf6, 0x2, 0xcf, 0xfd, 0x20,
    0x2b, 0xff, 0xff, 0xb3, 0x3f, 0x7b, 0xc6, 0xf4,
    0x1, 0xc, 0xd0, 0x10, 0x0, 0x5, 0x50, 0x0,

    /* U+002B "+" */
    0x0, 0x0, 0xff, 0x30, 0x0, 0x0, 0x0, 0xff,
    0x30, 0x0, 0x0, 0x0, 0xff, 0x30, 0x0, 0x2,
    0x22, 0xff, 0x52, 0x21, 0x6f, 0xff, 0xff, 0xff,
    0xfa, 0x6f, 0xff, 0xff, 0xff, 0xfa, 0x0, 0x0,
    0xff, 0x30, 0x0, 0x0, 0x0, 0xff, 0x30, 0x0,
    0x0, 0x0, 0xff, 0x30, 0x0, 0x0, 0x0, 0x11,
    0x0, 0x0,

    /* U+002C "," */
    0x17, 0x72, 0x5f, 0xf2, 0x7f, 0xd0, 0x9f, 0x90,
    0xbf, 0x40, 0xef, 0x0,

    /* U+002D "-" */
    0x11, 0x11, 0x11, 0xc, 0xff, 0xff, 0xf3, 0xcf,
    0xff, 0xff, 0x30,

    /* U+002E "." */
    0x0, 0x0, 0x2e, 0xe2, 0x7f, 0xf7, 0x2d, 0xd2,

    /* U+002F "/" */
    0x0, 0x0, 0xaf, 0x90, 0x0, 0xe, 0xf5, 0x0,
    0x3, 0xff, 0x10, 0x0, 0x7f, 0xd0, 0x0, 0xb,
    0xf8, 0x0, 0x0, 0xff, 0x40, 0x0, 0x3f, 0xf0,
    0x0, 0x8, 0xfc, 0x0, 0x0, 0xcf, 0x80, 0x0,
    0xf, 0xf3, 0x0, 0x4, 0xff, 0x0, 0x0, 0x9f,
    0xb0, 0x0, 0xd, 0xf7, 0x0, 0x1, 0xff, 0x30,
    0x0, 0x5f, 0xe0, 0x0, 0x9, 0xfa, 0x0, 0x0,

    /* U+0030 "0" */
    0x0, 0x5, 0xce, 0xfc, 0x60, 0x0, 0x0, 0x8f,
    0xff, 0xff, 0xfa, 0x0, 0x4, 0xff, 0xd5, 0x4c,
    0xff, 0x60, 0xb, 0xff, 0x20, 0x1, 0xff, 0xd0,
    0xf, 0xfc, 0x0, 0x0, 0xaf, 0xf1, 0x1f, 0xf9,
    0x0, 0x0, 0x7f, 0xf3, 0x2f, 0xf9, 0x0, 0x0,
    0x7f, 0xf4, 0x1f, 0xf9, 0x0, 0x0, 0x7f, 0xf3,
    0xf, 0xfc, 0x0, 0x0, 0xaf, 0xf1, 0xb, 0xff,
    0x20, 0x1, 0xff, 0xd0, 0x4, 0xff, 0xd5, 0x5c,
    0xff, 0x60, 0x0, 0x8f, 0xff, 0xff, 0xfa, 0x0,
    0x0, 0x5, 0xce, 0xfc, 0x60, 0x0,

    /* U+0031 "1" */
    0x0, 0x2d, 0xff, 0x90, 0x7f, 0xff, 0xf9, 0x2f,
    0xfa, 0xff, 0x93, 0xe4, 0x1f, 0xf9, 0x11, 0x1,
    0xff, 0x90, 0x0, 0x1f, 0xf9, 0x0, 0x1, 0xff,
    0x90, 0x0, 0x1f, 0xf9, 0x0, 0x1, 0xff, 0x90,
    0x0, 0x1f, 0xf9, 0x0, 0x1, 0xff, 0x90, 0x0,
    0x1f, 0xf9, 0x0, 0x1, 0xff, 0x90,

    /* U+0032 "2" */
    0x0, 0x19, 0xef, 0xea, 0x30, 0x0, 0x2e, 0xff,
    0xff, 0xff, 0x50, 0xb, 0xff, 0x73, 0x6f, 0xfe,
    0x0, 0xff, 0xa0, 0x0, 0x8f, 0xf2, 0x2, 0x21,
    0x0, 0x8, 0xff, 0x10, 0x0, 0x0, 0x1, 0xef,
    0xb0, 0x0, 0x0, 0x1, 0xdf, 0xe2, 0x0, 0x0,
    0x2, 0xdf, 0xf3, 0x0, 0x0, 0x3, 0xef, 0xe3,
    0x0, 0x0, 0x4, 0xff, 0xe2, 0x0, 0x0, 0x5,
    0xff, 0xf6, 0x44, 0x44, 0x10, 0xef, 0xff, 0xff,
    0xff, 0xf5, 0xe, 0xff, 0xff, 0xff, 0xff, 0x50,

    /* U+0033 "3" */
    0x0, 0x18, 0xdf, 0xfc, 0x50, 0x0, 0x2e, 0xff,
    0xff, 0xff, 0x90, 0xa, 0xff, 0x83, 0x4d, 0xff,
    0x20, 0x68, 0x60, 0x0, 0x5f, 0xf4, 0x0, 0x0,
    0x0, 0x2c, 0xfe, 0x0, 0x0, 0xa, 0xff, 0xfa,
    0x20, 0x0, 0x0, 0xaf, 0xff, 0xe6, 0x0, 0x0,
    0x0, 0x2, 0xbf, 0xf5, 0x0, 0x0, 0x0, 0x1,
    0xff, 0xb0, 0xee, 0xa0, 0x0, 0x2f, 0xfb, 0xc,
    0xff, 0x94, 0x6d, 0xff, 0x70, 0x2e, 0xff, 0xff,
    0xff, 0xb0, 0x0, 0x19, 0xdf, 0xfc, 0x60, 0x0,

    /* U+0034 "4" */
    0x0, 0x0, 0x0, 0xef, 0xfb, 0x0, 0x0, 0x0,
    0x9, 0xff, 0xfb, 0x0, 0x0, 0x0, 0x3f, 0xff,
    0xfb, 0x0, 0x0, 0x0, 0xcf, 0xcd, 0xfb, 0x0,
    0x0, 0x6, 0xff, 0x3c, 0xfb, 0x0, 0x0, 0x1e,
    0xf9, 0xc, 0xfb, 0x0, 0x0, 0xaf, 0xe1, 0xc,
    0xfb, 0x0, 0x4, 0xff, 0x60, 0xc, 0xfb, 0x0,
    0xd, 0xfd, 0x22, 0x2d, 0xfc, 0x20, 0x1f, 0xff,
    0xff, 0xff, 0xff, 0xf5, 0x1f, 0xff, 0xff, 0xff,
    0xff, 0xf5, 0x0, 0x0, 0x0, 0xd, 0xfb, 0x0,
    0x0, 0x0, 0x0, 0xd, 0xfb, 0x0,

    /* U+0035 "5" */
    0x5, 0xff, 0xff, 0xff, 0xfa, 0x0, 0x6f, 0xff,
    0xff, 0xff, 0xa0, 0x8, 0xfe, 0x33, 0x33, 0x32,
    0x0, 0x9f, 0xc0, 0x0, 0x0, 0x0, 0xb, 0xfb,
    0x8e, 0xfc, 0x40, 0x0, 0xdf, 0xff, 0xff, 0xff,
    0x50, 0x7, 0xbc, 0x40, 0x4e, 0xfe, 0x0, 0x0,
    0x0, 0x0, 0x6f, 0xf4, 0x0, 0x0, 0x0, 0x4,
    0xff, 0x51, 0xee, 0x80, 0x0, 0x7f, 0xf3, 0xd,
    0xff, 0x62, 0x6f, 0xfd, 0x0, 0x3f, 0xff, 0xff,
    0xff, 0x30, 0x0, 0x29, 0xef, 0xe9, 0x20, 0x0,

    /* U+0036 "6" */
    0x0, 0x4, 0xbf, 0xfd, 0x70, 0x0, 0x7, 0xff,
    0xff, 0xff, 0xc0, 0x3, 0xff, 0xd6, 0x5b, 0xff,
    0x70, 0xaf, 0xf1, 0x0, 0x6, 0x64, 0xe, 0xfa,
    0x3b, 0xee, 0x91, 0x1, 0xff, 0xbf, 0xff, 0xff,
    0xd0, 0x2f, 0xff, 0xa1, 0x1a, 0xff, 0x72, 0xff,
    0xe0, 0x0, 0xe, 0xfc, 0xf, 0xfc, 0x0, 0x0,
    0xcf, 0xd0, 0xcf, 0xe0, 0x0, 0xe, 0xfb, 0x6,
    0xff, 0xc3, 0x3c, 0xff, 0x50, 0xa, 0xff, 0xff,
    0xff, 0xa0, 0x0, 0x6, 0xcf, 0xfc, 0x60, 0x0,

    /* U+0037 "7" */
    0x5f, 0xff, 0xff, 0xff, 0xfd, 0x5f, 0xff, 0xff,
    0xff, 0xfd, 0x14, 0x44, 0x44, 0x6f, 0xfa, 0x0,
    0x0, 0x0, 0xaf, 0xf2, 0x0, 0x0, 0x2, 0xff,
    0xa0, 0x0, 0x0, 0xa, 0xff, 0x20, 0x0, 0x0,
    0x2f, 0xfa, 0x0, 0x0, 0x0, 0xaf, 0xf2, 0x0,
    0x0, 0x2, 0xff, 0xa0, 0x0, 0x0, 0xa, 0xff,
    0x20, 0x0, 0x0, 0x2f, 0xf9, 0x0, 0x0, 0x0,
    0xaf, 0xf2, 0x0, 0x0, 0x3, 0xff, 0x90, 0x0,
    0x0,

    /* U+0038 "8" */
    0x0, 0x18, 0xdf, 0xfc, 0x60, 0x0, 0x1e, 0xff,
    0xff, 0xff, 0xb0, 0x8, 0xff, 0x81, 0x2b, 0xff,
    0x40, 0xaf, 0xf0, 0x0, 0x4f, 0xf5, 0x4, 0xff,
    0x70, 0x1b, 0xfe, 0x10, 0x5, 0xdf, 0xff, 0xfb,
    0x20, 0x0, 0x9f, 0xff, 0xff, 0xe6, 0x0, 0x9f,
    0xf7, 0x1, 0xbf, 0xf5, 0x1f, 0xfb, 0x0, 0x0,
    0xff, 0xc1, 0xff, 0xb0, 0x0, 0xf, 0xfd, 0xd,
    0xff, 0x61, 0x1a, 0xff, 0x90, 0x3f, 0xff, 0xff,
    0xff, 0xd1, 0x0, 0x19, 0xdf, 0xfc, 0x70, 0x0,

    /* U+0039 "9" */
    0x0, 0x19, 0xdf, 0xeb, 0x30, 0x0, 0x2e, 0xff,
    0xff, 0xff, 0x50, 0xc, 0xff, 0x83, 0x4e, 0xff,
    0x11, 0xff, 0x90, 0x0, 0x2f, 0xf7, 0x2f, 0xf8,
    0x0, 0x2, 0xff, 0xb0, 0xef, 0xf5, 0x2, 0xbf,
    0xfd, 0x5, 0xff, 0xff, 0xfd, 0xdf, 0xd0, 0x4,
    0xcf, 0xe9, 0x1d, 0xfc, 0x0, 0x0, 0x0, 0x1,
    0xff, 0x90, 0xef, 0xc0, 0x0, 0x8f, 0xf5, 0x9,
    0xff, 0xa5, 0x8f, 0xfd, 0x0, 0xd, 0xff, 0xff,
    0xff, 0x30, 0x0, 0x8, 0xdf, 0xea, 0x20, 0x0,

    /* U+003A ":" */
    0x2d, 0xd2, 0x7f, 0xf7, 0x2e, 0xe2, 0x0, 0x0,
    0x0, 0x0, 0x0, 0x0, 0x0, 0x0, 0x2e, 0xe2,
    0x7f, 0xf7, 0x2d, 0xd2,

    /* U+003B ";" */
    0x1c, 0xe4, 0x5f, 0xfa, 0x1d, 0xf4, 0x0, 0x0,
    0x0, 0x0, 0x0, 0x0, 0x0, 0x0, 0x17, 0x72,
    0x5f, 0xf2, 0x7f, 0xd0, 0x9f, 0x90, 0xbf, 0x40,
    0xef, 0x0,

    /* U+003C "<" */
    0x0, 0x0, 0x0, 0x0, 0x1, 0x0, 0x0, 0x0,
    0x17, 0xe6, 0x0, 0x0, 0x29, 0xff, 0xf6, 0x0,
    0x4b, 0xff, 0xff, 0x91, 0x4c, 0xff, 0xfc, 0x60,
    0x0, 0x8f, 0xfb, 0x30, 0x0, 0x0, 0x8f, 0xff,
    0xb4, 0x0, 0x0, 0x4, 0xcf, 0xff, 0xe7, 0x10,
    0x0, 0x3, 0xaf, 0xff, 0xf5, 0x0, 0x0, 0x1,
    0x8e, 0xf6, 0x0, 0x0, 0x0, 0x0, 0x64,

    /* U+003D "=" */
    0x3, 0x33, 0x33, 0x33, 0x31, 0x4f, 0xff, 0xff,
    0xff, 0xf8, 0x4f, 0xff, 0xff, 0xff, 0xf8, 0x0,
    0x0, 0x0, 0x0, 0x0, 0x3, 0x33, 0x33, 0x33,
    0x31, 0x4f, 0xff, 0xff, 0xff, 0xf8, 0x4f, 0xff,
    0xff, 0xff, 0xf8,

    /* U+003E ">" */
    0x1, 0x0, 0x0, 0x0, 0x0, 0x3f, 0x92, 0x0,
    0x0, 0x0, 0x3f, 0xff, 0xb3, 0x0, 0x0, 0x7,
    0xef, 0xff, 0xc5, 0x0, 0x0, 0x4, 0xbf, 0xff,
    0xe6, 0x0, 0x0, 0x2, 0x9f, 0xfc, 0x0, 0x0,
    0x39, 0xff, 0xfb, 0x0, 0x6c, 0xff, 0xfd, 0x60,
    0x2f, 0xff, 0xfb, 0x40, 0x0, 0x3f, 0xfa, 0x20,
    0x0, 0x0, 0x28, 0x10, 0x0, 0x0, 0x0,

    /* U+003F "?" */
    0x0, 0x6c, 0xff, 0xc6, 0x0, 0x9, 0xff, 0xff,
    0xff, 0x80, 0x1f, 0xfc, 0x34, 0xef, 0xf1, 0x2a,
    0xa3, 0x0, 0x8f, 0xf2, 0x0, 0x0, 0x1, 0xdf,
    0xf0, 0x0, 0x0, 0x3d, 0xff, 0x60, 0x0, 0x1,
    0xff, 0xe4, 0x0, 0x0, 0x7, 0xff, 0x10, 0x0,
    0x0, 0x7, 0xdb, 0x0, 0x0, 0x0, 0x0, 0x0,
    0x0, 0x0, 0x0, 0x7, 0xfa, 0x0, 0x0, 0x0,
    0xe, 0xff, 0x20, 0x0, 0x0, 0x8, 0xfb, 0x0,
    0x0,

    /* U+0040 "@" */
    0x0, 0x0, 0x4, 0x9d, 0xef, 0xeb, 0x71, 0x0,
    0x0, 0x0, 0x2, 0xcf, 0xff, 0xff, 0xff, 0xff,
    0x60, 0x0, 0x0, 0x2e, 0xff, 0x93, 0x10, 0x14,
    0xbf, 0xf8, 0x0, 0x0, 0xdf, 0xd2, 0x0, 0x0,
    0x0, 0x5, 0xff, 0x40, 0x5, 0xff, 0x20, 0x3b,
    0xfe, 0x8c, 0xf0, 0x8f, 0xd0, 0xb, 0xf9, 0x2,
    0xff, 0xff, 0xff, 0xf0, 0x1f, 0xf2, 0xf, 0xf4,
    0xa, 0xfb, 0x11, 0x9f, 0xf0, 0xc, 0xf5, 0x1f,
    0xf1, 0xf, 0xf1, 0x0, 0xf, 0xf0, 0xb, 0xf7,
    0x2f, 0xf1, 0xf, 0xf0, 0x0, 0xe, 0xf0, 0xb,
    0xf6, 0x1f, 0xf1, 0xf, 0xf0, 0x0, 0xf, 0xf0,
    0xc, 0xf4, 0xf, 0xf4, 0xb, 0xf7, 0x0, 0x6f,
    0xf1, 0x1f, 0xf0, 0xc, 0xf9, 0x3, 0xff, 0xdc,
    0xfd, 0xfd, 0xef, 0x80, 0x7, 0xff, 0x20, 0x4c,
    0xfe, 0x81, 0xbf, 0xe8, 0x0, 0x0, 0xef, 0xd2,
    0x0, 0x0, 0x0, 0x0, 0x0, 0x0, 0x0, 0x3f,
    0xff, 0x94, 0x10, 0x14, 0x81, 0x0, 0x0, 0x0,
    0x2, 0xdf, 0xff, 0xff, 0xff, 0xf7, 0x0, 0x0,
    0x0, 0x0, 0x5, 0xad, 0xff, 0xec, 0x83, 0x0,
    0x0,

    /* U+0041 "A" */
    0x0, 0x0, 0x4f, 0xff, 0x90, 0x0, 0x0, 0x0,
    0x0, 0x9f, 0xff, 0xe0, 0x0, 0x0, 0x0, 0x0,
    0xef, 0xcf, 0xf4, 0x0, 0x0, 0x0, 0x4, 0xff,
    0x5f, 0xfa, 0x0, 0x0, 0x0, 0xa, 0xff, 0xb,
    0xff, 0x0, 0x0, 0x0, 0xf, 0xfc, 0x6, 0xff,
    0x50, 0x0, 0x0, 0x5f, 0xf7, 0x2, 0xff, 0xb0,
    0x0, 0x0, 0xaf, 0xf4, 0x11, 0xdf, 0xf1, 0x0,
    0x0, 0xff, 0xff, 0xff, 0xff, 0xf6, 0x0, 0x5,
    0xff, 0xff, 0xff, 0xff, 0xfc, 0x0, 0xb, 0xff,
    0x30, 0x0, 0xd, 0xff, 0x20, 0x1f, 0xfe, 0x0,
    0x0, 0x7, 0xff, 0x70, 0x6f, 0xf8, 0x0, 0x0,
    0x2, 0xff, 0xd0,

    /* U+0042 "B" */
    0xdf, 0xff, 0xff, 0xea, 0x20, 0xd, 0xff, 0xff,
    0xff, 0xff, 0x20, 0xdf, 0xe3, 0x34, 0xbf, 0xf9,
    0xd, 0xfe, 0x0, 0x1, 0xff, 0xa0, 0xdf, 0xe0,
    0x0, 0x6f, 0xf4, 0xd, 0xff, 0xdd, 0xef, 0xc4,
    0x0, 0xdf, 0xff, 0xff, 0xff, 0xb1, 0xd, 0xfe,
    0x0, 0x6, 0xff, 0xb0, 0xdf, 0xe0, 0x0, 0xa,
    0xff, 0x1d, 0xfe, 0x0, 0x0, 0xaf, 0xf2, 0xdf,
    0xe3, 0x34, 0x8f, 0xff, 0xd, 0xff, 0xff, 0xff,
    0xff, 0x60, 0xdf, 0xff, 0xff, 0xeb, 0x50, 0x0,

    /* U+0043 "C" */
    0x0, 0x1, 0x8d, 0xff, 0xc7, 0x0, 0x0, 0x3,
    0xef, 0xff, 0xff, 0xfd, 0x20, 0x1, 0xef, 0xfb,
    0x77, 0xcf, 0xfc, 0x0, 0x9f, 0xf8, 0x0, 0x0,
    0xaf, 0xf4, 0xe, 0xfe, 0x0, 0x0, 0x2, 0x88,
    0x41, 0xff, 0xa0, 0x0, 0x0, 0x0, 0x0, 0x2f,
    0xf9, 0x0, 0x0, 0x0, 0x0, 0x1, 0xff, 0xa0,
    0x0, 0x0, 0x0, 0x0, 0xe, 0xfe, 0x0, 0x0,
    0x2, 0x88, 0x40, 0x9f, 0xf7, 0x0, 0x0, 0xaf,
    0xf4, 0x1, 0xef, 0xfb, 0x77, 0xcf, 0xfc, 0x0,
    0x3, 0xef, 0xff, 0xff, 0xfd, 0x10, 0x0, 0x1,
    0x8d, 0xff, 0xc7, 0x0, 0x0,

    /* U+0044 "D" */
    0xdf, 0xff, 0xfe, 0xc7, 0x10, 0x0, 0xdf, 0xff,
    0xff, 0xff, 0xe3, 0x0, 0xdf, 0xe5, 0x56, 0xaf,
    0xfe, 0x10, 0xdf, 0xe0, 0x0, 0x6, 0xff, 0x90,
    0xdf, 0xe0, 0x0, 0x0, 0xdf, 0xe0, 0xdf, 0xe0,
    0x0, 0x0, 0x9f, 0xf1, 0xdf, 0xe0, 0x0, 0x0,
    0x8f, 0xf2, 0xdf, 0xe0, 0x0, 0x0, 0x9f, 0xf1,
    0xdf, 0xe0, 0x0, 0x0, 0xdf, 0xe0, 0xdf, 0xe0,
    0x0, 0x6, 0xff, 0x90, 0xdf, 0xe5, 0x56, 0xaf,
    0xfe, 0x10, 0xdf, 0xff, 0xff, 0xff, 0xe3, 0x0,
    0xdf, 0xff, 0xfe, 0xc7, 0x10, 0x0,

    /* U+0045 "E" */
    0xdf, 0xff, 0xff, 0xff, 0xfd, 0xff, 0xff, 0xff,
    0xff, 0xdf, 0xe3, 0x33, 0x33, 0x3d, 0xfe, 0x0,
    0x0, 0x0, 0xdf, 0xe0, 0x0, 0x0, 0xd, 0xff,
    0xff, 0xff, 0xf8, 0xdf, 0xff, 0xff, 0xff, 0x8d,
    0xfe, 0x33, 0x33, 0x31, 0xdf, 0xe0, 0x0, 0x0,
    0xd, 0xfe, 0x0, 0x0, 0x0, 0xdf, 0xe3, 0x33,
    0x33, 0x3d, 0xff, 0xff, 0xff, 0xff, 0xdf, 0xff,
    0xff, 0xff, 0xf0,

    /* U+0046 "F" */
    0xdf, 0xff, 0xff, 0xff, 0xcd, 0xff, 0xff, 0xff,
    0xfc, 0xdf, 0xe3, 0x33, 0x33, 0x2d, 0xfe, 0x0,
    0x0, 0x0, 0xdf, 0xe0, 0x0, 0x0, 0xd, 0xfe,
    0x33, 0x33, 0x30, 0xdf, 0xff, 0xff, 0xff, 0x3d,
    0xff, 0xff, 0xff, 0xf3, 0xdf, 0xe0, 0x0, 0x0,
    0xd, 0xfe, 0x0, 0x0, 0x0, 0xdf, 0xe0, 0x0,
    0x0, 0xd, 0xfe, 0x0, 0x0, 0x0, 0xdf, 0xe0,
    0x0, 0x0, 0x0,

    /* U+0047 "G" */
    0x0, 0x1, 0x8d, 0xff, 0xc7, 0x0, 0x0, 0x3,
    0xef, 0xff, 0xff, 0xfd, 0x20, 0x1, 0xef, 0xfb,
    0x77, 0xcf, 0xfd, 0x0, 0x9f, 0xf8, 0x0, 0x0,
    0xaf, 0xf4, 0xe, 0xfe, 0x0, 0x0, 0x1, 0x33,
    0x11, 0xff, 0xa0, 0x0, 0x0, 0x0, 0x0, 0x2f,
    0xf9, 0x0, 0xd, 0xff, 0xff, 0xa1, 0xff, 0xa0,
    0x0, 0xdf, 0xff, 0xfa, 0xe, 0xfe, 0x0, 0x0,
    0x0, 0xff, 0x80, 0x9f, 0xf8, 0x0, 0x0, 0x7f,
    0xf4, 0x1, 0xef, 0xfb, 0x77, 0xbf, 0xfd, 0x0,
    0x3, 0xef, 0xff, 0xff, 0xfe, 0x20, 0x0, 0x1,
    0x8d, 0xff, 0xd8, 0x0, 0x0,

    /* U+0048 "H" */
    0xdf, 0xe0, 0x0, 0x0, 0x6f, 0xf4, 0xdf, 0xe0,
    0x0, 0x0, 0x6f, 0xf4, 0xdf, 0xe0, 0x0, 0x0,
    0x6f, 0xf4, 0xdf, 0xe0, 0x0, 0x0, 0x6f, 0xf4,
    0xdf, 0xe0, 0x0, 0x0, 0x6f, 0xf4, 0xdf, 0xff,
    0xff, 0xff, 0xff, 0xf4, 0xdf, 0xff, 0xff, 0xff,
    0xff, 0xf4, 0xdf, 0xe3, 0x33, 0x33, 0x8f, 0xf4,
    0xdf, 0xe0, 0x0, 0x0, 0x6f, 0xf4, 0xdf, 0xe0,
    0x0, 0x0, 0x6f, 0xf4, 0xdf, 0xe0, 0x0, 0x0,
    0x6f, 0xf4, 0xdf, 0xe0, 0x0, 0x0, 0x6f, 0xf4,
    0xdf, 0xe0, 0x0, 0x0, 0x6f, 0xf4,

    /* U+0049 "I" */
    0xdf, 0xed, 0xfe, 0xdf, 0xed, 0xfe, 0xdf, 0xed,
    0xfe, 0xdf, 0xed, 0xfe, 0xdf, 0xed, 0xfe, 0xdf,
    0xed, 0xfe, 0xdf, 0xe0,

    /* U+004A "J" */
    0x0, 0x0, 0x0, 0x5f, 0xf5, 0x0, 0x0, 0x0,
    0x5f, 0xf5, 0x0, 0x0, 0x0, 0x5f, 0xf5, 0x0,
    0x0, 0x0, 0x5f, 0xf5, 0x0, 0x0, 0x0, 0x5f,
    0xf5, 0x0, 0x0, 0x0, 0x5f, 0xf5, 0x0, 0x0,
    0x0, 0x5f, 0xf5, 0x0, 0x0, 0x0, 0x5f, 0xf5,
    0x5d, 0xd3, 0x0, 0x5f, 0xf5, 0x5f, 0xf5, 0x0,
    0x6f, 0xf4, 0x2f, 0xfd, 0x44, 0xdf, 0xf1, 0x9,
    0xff, 0xff, 0xff, 0x80, 0x0, 0x6d, 0xff, 0xc6,
    0x0,

    /* U+004B "K" */
    0xdf, 0xe0, 0x0, 0x5, 0xff, 0xd1, 0xdf, 0xe0,
    0x0, 0x3f, 0xfe, 0x20, 0xdf, 0xe0, 0x2, 0xef,
    0xf3, 0x0, 0xdf, 0xd0, 0x1d, 0xff, 0x50, 0x0,
    0xdf, 0xd0, 0xbf, 0xf7, 0x0, 0x0, 0xdf, 0xd7,
    0xff, 0xa0, 0x0, 0x0, 0xdf, 0xff, 0xff, 0xf1,
    0x0, 0x0, 0xdf, 0xff, 0xbf, 0xfb, 0x0, 0x0,
    0xdf, 0xf9, 0xa, 0xff, 0x60, 0x0, 0xdf, 0xe0,
    0x1, 0xef, 0xf2, 0x0, 0xdf, 0xe0, 0x0, 0x5f,
    0xfc, 0x0, 0xdf, 0xe0, 0x0, 0xa, 0xff, 0x70,
    0xdf, 0xe0, 0x0, 0x1, 0xef, 0xf2,

    /* U+004C "L" */
    0xdf, 0xe0, 0x0, 0x0, 0xd, 0xfe, 0x0, 0x0,
    0x0, 0xdf, 0xe0, 0x0, 0x0, 0xd, 0xfe, 0x0,
    0x0, 0x0, 0xdf, 0xe0, 0x0, 0x0, 0xd, 0xfe,
    0x0, 0x0, 0x0, 0xdf, 0xe0, 0x0, 0x0, 0xd,
    0xfe, 0x0, 0x0, 0x0, 0xdf, 0xe0, 0x0, 0x0,
    0xd, 0xfe, 0x0, 0x0, 0x0, 0xdf, 0xe3, 0x33,
    0x33, 0x1d, 0xff, 0xff, 0xff, 0xf8, 0xdf, 0xff,
    0xff, 0xff, 0x80,

    /* U+004D "M" */
    0xdf, 0xff, 0x70, 0x0, 0x0, 0xbf, 0xff, 0x9d,
    0xff, 0xfd, 0x0, 0x0, 0x1f, 0xff, 0xf9, 0xdf,
    0xff, 0xf3, 0x0, 0x6, 0xff, 0xff, 0x9d, 0xfc,
    0xff, 0x80, 0x0, 0xcf, 0xbf, 0xf9, 0xdf, 0xca,
    0xfe, 0x0, 0x1f, 0xf7, 0xff, 0x9d, 0xfd, 0x6f,
    0xf4, 0x7, 0xff, 0x3f, 0xf9, 0xdf, 0xd1, 0xff,
    0x90, 0xcf, 0xc1, 0xff, 0x9d, 0xfd, 0xb, 0xfd,
    0xf, 0xf7, 0x1f, 0xf9, 0xdf, 0xd0, 0x5f, 0xf5,
    0xff, 0x11, 0xff, 0x9d, 0xfd, 0x0, 0xff, 0xcf,
    0xc0, 0x1f, 0xf9, 0xdf, 0xd0, 0xa, 0xff, 0xf6,
    0x1, 0xff, 0x9d, 0xfd, 0x0, 0x4f, 0xff, 0x10,
    0x1f, 0xf9, 0xdf, 0xd0, 0x0, 0xef, 0xb0, 0x1,
    0xff, 0x90,

    /* U+004E "N" */
    0xdf, 0xf7, 0x0, 0x0, 0x3f, 0xf8, 0xdf, 0xff,
    0x20, 0x0, 0x3f, 0xf8, 0xdf, 0xff, 0xb0, 0x0,
    0x3f, 0xf8, 0xdf, 0xef, 0xf5, 0x0, 0x3f, 0xf8,
    0xdf, 0xda, 0xfe, 0x10, 0x3f, 0xf8, 0xdf, 0xd2,
    0xff, 0xa0, 0x3f, 0xf8, 0xdf, 0xe0, 0x8f, 0xf4,
    0x3f, 0xf8, 0xdf, 0xe0, 0xe, 0xfd, 0x2f, 0xf8,
    0xdf, 0xe0, 0x4, 0xff, 0x7f, 0xf8, 0xdf, 0xe0,
    0x0, 0xaf, 0xef, 0xf8, 0xdf, 0xe0, 0x0, 0x1f,
    0xff, 0xf8, 0xdf, 0xe0, 0x0, 0x6, 0xff, 0xf8,
    0xdf, 0xe0, 0x0, 0x0, 0xcf, 0xf8,

    /* U+004F "O" */
    0x0, 0x1, 0x8d, 0xfe, 0xc7, 0x0, 0x0, 0x0,
    0x3e, 0xff, 0xff, 0xff, 0xd2, 0x0, 0x1, 0xef,
    0xfb, 0x77, 0xcf, 0xfd, 0x0, 0x9, 0xff, 0x70,
    0x0, 0xa, 0xff, 0x60, 0xe, 0xfe, 0x0, 0x0,
    0x1, 0xff, 0xc0, 0x1f, 0xfa, 0x0, 0x0, 0x0,
    0xcf, 0xf0, 0x2f, 0xf9, 0x0, 0x0, 0x0, 0xbf,
    0xf0, 0x1f, 0xfa, 0x0, 0x0, 0x0, 0xcf, 0xf0,
    0xe, 0xfe, 0x0, 0x0, 0x1, 0xff, 0xc0, 0x9,
    0xff, 0x70, 0x0, 0xa, 0xff, 0x60, 0x1, 0xef,
    0xfb, 0x77, 0xcf, 0xfd, 0x0, 0x0, 0x3e, 0xff,
    0xff, 0xff, 0xd2, 0x0, 0x0, 0x1, 0x8d, 0xff,
    0xc7, 0x0, 0x0,

    /* U+0050 "P" */
    0xdf, 0xff, 0xff, 0xd8, 0x0, 0xdf, 0xff, 0xff,
    0xff, 0xd0, 0xdf, 0xe3, 0x35, 0xcf, 0xf8, 0xdf,
    0xe0, 0x0, 0xf, 0xfd, 0xdf, 0xe0, 0x0, 0xd,
    0xff, 0xdf, 0xe0, 0x0, 0xf, 0xfd, 0xdf, 0xe2,
    0x24, 0xbf, 0xf8, 0xdf, 0xff, 0xff, 0xff, 0xd1,
    0xdf, 0xff, 0xff, 0xd8, 0x0, 0xdf, 0xe0, 0x0,
    0x0, 0x0, 0xdf, 0xe0, 0x0, 0x0, 0x0, 0xdf,
    0xe0, 0x0, 0x0, 0x0, 0xdf, 0xe0, 0x0, 0x0,
    0x0,

    /* U+0051 "Q" */
    0x0, 0x1, 0x8d, 0xfe, 0xc7, 0x0, 0x0, 0x0,
    0x3e, 0xff, 0xff, 0xff, 0xd2, 0x0, 0x1, 0xef,
    0xfb, 0x77, 0xcf, 0xfd, 0x0, 0x9, 0xff, 0x70,
    0x0, 0xa, 0xff, 0x60, 0xe, 0xfe, 0x0, 0x0,
    0x1, 0xff, 0xc0, 0x1f, 0xfa, 0x0, 0x0, 0x0,
    0xcf, 0xf0, 0x2f, 0xf9, 0x0, 0x0, 0x0, 0xbf,
    0xf0, 0x1f, 0xfa, 0x0, 0x0, 0x0, 0xcf, 0xf0,
    0xe, 0xfe, 0x0, 0x59, 0x51, 0xff, 0xc0, 0x9,
    0xff, 0x70, 0x1e, 0xfc, 0xff, 0x60, 0x1, 0xef,
    0xfb, 0x7a, 0xff, 0xfd, 0x0, 0x0, 0x3e, 0xff,
    0xff, 0xff, 0xf3, 0x0, 0x0, 0x1, 0x8d, 0xff,
    0xcd, 0xfb, 0x0, 0x0, 0x0, 0x0, 0x0, 0x1,
    0xef, 0x80,

    /* U+0052 "R" */
    0xdf, 0xff, 0xff, 0xd9, 0x10, 0xd, 0xff, 0xff,
    0xff, 0xfe, 0x20, 0xdf, 0xe3, 0x34, 0xbf, 0xfa,
    0xd, 0xfe, 0x0, 0x0, 0xef, 0xe0, 0xdf, 0xe0,
    0x0, 0xd, 0xfe, 0xd, 0xfe, 0x0, 0x17, 0xff,
    0xb0, 0xdf, 0xff, 0xff, 0xff, 0xf3, 0xd, 0xff,
    0xff, 0xff, 0xe3, 0x0, 0xdf, 0xe2, 0x2d, 0xff,
    0x10, 0xd, 0xfe, 0x0, 0x5f, 0xf9, 0x0, 0xdf,
    0xe0, 0x0, 0xdf, 0xf2, 0xd, 0xfe, 0x0, 0x4,
    0xff, 0xa0, 0xdf, 0xe0, 0x0, 0xc, 0xff, 0x20,

    /* U+0053 "S" */
    0x0, 0x8, 0xdf, 0xfd, 0x80, 0x0, 0x1, 0xdf,
    0xff, 0xff, 0xfd, 0x10, 0x9, 0xff, 0xb5, 0x5a,
    0xff, 0x80, 0xd, 0xfe, 0x0, 0x0, 0xbd, 0xa0,
    0xc, 0xff, 0x40, 0x0, 0x0, 0x0, 0x5, 0xff,
    0xfd, 0x94, 0x0, 0x0, 0x0, 0x4c, 0xff, 0xff,
    0xe6, 0x0, 0x0, 0x0, 0x26, 0xaf, 0xff, 0x70,
    0x2, 0x20, 0x0, 0x1, 0xdf, 0xf0, 0x2f, 0xf9,
    0x0, 0x0, 0xcf, 0xf0, 0xd, 0xff, 0x95, 0x5a,
    0xff, 0xc0, 0x4, 0xff, 0xff, 0xff, 0xff, 0x30,
    0x0, 0x29, 0xdf, 0xfd, 0x92, 0x0,

    /* U+0054 "T" */
    0x5f, 0xff, 0xff, 0xff, 0xff, 0xf5, 0x5f, 0xff,
    0xff, 0xff, 0xff, 0xf5, 0x13, 0x33, 0x7f, 0xf8,
    0x33, 0x31, 0x0, 0x0, 0x5f, 0xf5, 0x0, 0x0,
    0x0, 0x0, 0x5f, 0xf5, 0x0, 0x0, 0x0, 0x0,
    0x5f, 0xf5, 0x0, 0x0, 0x0, 0x0, 0x5f, 0xf5,
    0x0, 0x0, 0x0, 0x0, 0x5f, 0xf5, 0x0, 0x0,
    0x0, 0x0, 0x5f, 0xf5, 0x0, 0x0, 0x0, 0x0,
    0x5f, 0xf5, 0x0, 0x0, 0x0, 0x0, 0x5f, 0xf5,
    0x0, 0x0, 0x0, 0x0, 0x5f, 0xf5, 0x0, 0x0,
    0x0, 0x0, 0x5f, 0xf5, 0x0, 0x0,

    /* U+0055 "U" */
    0xdf, 0xe0, 0x0, 0x0, 0xbf, 0xfd, 0xfe, 0x0,
    0x0, 0xb, 0xff, 0xdf, 0xe0, 0x0, 0x0, 0xbf,
    0xfd, 0xfe, 0x0, 0x0, 0xb, 0xff, 0xdf, 0xe0,
    0x0, 0x0, 0xbf, 0xfd, 0xfe, 0x0, 0x0, 0xb,
    0xff, 0xdf, 0xe0, 0x0, 0x0, 0xbf, 0xfd, 0xfe,
    0x0, 0x0, 0xb, 0xff, 0xcf, 0xe0, 0x0, 0x0,
    0xcf, 0xfa, 0xff, 0x50, 0x0, 0x2f, 0xfd, 0x4f,
    0xff, 0x96, 0x8f, 0xff, 0x60, 0x7f, 0xff, 0xff,
    0xff, 0xa0, 0x0, 0x3a, 0xef, 0xeb, 0x50, 0x0,

    /* U+0056 "V" */
    0x6f, 0xf9, 0x0, 0x0, 0x1, 0xff, 0xd0, 0x1f,
    0xfe, 0x0, 0x0, 0x7, 0xff, 0x70, 0xa, 0xff,
    0x30, 0x0, 0xc, 0xff, 0x20, 0x5, 0xff, 0x90,
    0x0, 0x1f, 0xfc, 0x0, 0x0, 0xff, 0xe0, 0x0,
    0x6f, 0xf7, 0x0, 0x0, 0xaf, 0xf3, 0x0, 0xbf,
    0xf1, 0x0, 0x0, 0x4f, 0xf9, 0x0, 0xff, 0xc0,
    0x0, 0x0, 0xe, 0xfd, 0x5, 0xff, 0x60, 0x0,
    0x0, 0x9, 0xff, 0x29, 0xff, 0x10, 0x0, 0x0,
    0x3, 0xff, 0x6d, 0xfb, 0x0, 0x0, 0x0, 0x0,
    0xdf, 0xcf, 0xf6, 0x0, 0x0, 0x0, 0x0, 0x8f,
    0xff, 0xf1, 0x0, 0x0, 0x0, 0x0, 0x2f, 0xff,
    0xb0, 0x0, 0x0,

    /* U+0057 "W" */
    0x6f, 0xf7, 0x0, 0x2, 0xff, 0xd0, 0x0, 0xc,
    0xff, 0x12, 0xff, 0xb0, 0x0, 0x6f, 0xff, 0x10,
    0x0, 0xff, 0xd0, 0xe, 0xff, 0x0, 0xa, 0xff,
    0xf5, 0x0, 0x4f, 0xf9, 0x0, 0x9f, 0xf3, 0x0,
    0xef, 0xef, 0x90, 0x8, 0xff, 0x40, 0x5, 0xff,
    0x60, 0x2f, 0xf8, 0xfd, 0x0, 0xcf, 0xf0, 0x0,
    0x1f, 0xfa, 0x6, 0xfe, 0x3f, 0xf1, 0xf, 0xfc,
    0x0, 0x0, 0xcf, 0xe0, 0xaf, 0xb0, 0xff, 0x53,
    0xff, 0x70, 0x0, 0x8, 0xff, 0x1e, 0xf7, 0xc,
    0xf8, 0x6f, 0xf3, 0x0, 0x0, 0x4f, 0xf6, 0xff,
    0x20, 0x8f, 0xc9, 0xfe, 0x0, 0x0, 0x0, 0xff,
    0xbf, 0xe0, 0x4, 0xff, 0xcf, 0xa0, 0x0, 0x0,
    0xb, 0xff, 0xfa, 0x0, 0xf, 0xff, 0xf6, 0x0,
    0x0, 0x0, 0x7f, 0xff, 0x60, 0x0, 0xbf, 0xff,
    0x20, 0x0, 0x0, 0x2, 0xff, 0xf2, 0x0, 0x7,
    0xff, 0xd0, 0x0, 0x0,

    /* U+0058 "X" */
    0xc, 0xff, 0x50, 0x0, 0xe, 0xff, 0x20, 0x2f,
    0xfe, 0x10, 0x9, 0xff, 0x60, 0x0, 0x7f, 0xf9,
    0x3, 0xff, 0xc0, 0x0, 0x0, 0xcf, 0xf3, 0xdf,
    0xf2, 0x0, 0x0, 0x2, 0xff, 0xef, 0xf6, 0x0,
    0x0, 0x0, 0x6, 0xff, 0xfb, 0x0, 0x0, 0x0,
    0x0, 0x1f, 0xff, 0x60, 0x0, 0x0, 0x0, 0xa,
    0xff, 0xff, 0x10, 0x0, 0x0, 0x5, 0xff, 0xaf,
    0xfb, 0x0, 0x0, 0x2, 0xff, 0xe0, 0xaf, 0xf7,
    0x0, 0x0, 0xcf, 0xf4, 0x1, 0xef, 0xf2, 0x0,
    0x7f, 0xf9, 0x0, 0x5, 0xff, 0xc0, 0x3f, 0xfd,
    0x0, 0x0, 0xa, 0xff, 0x80,

    /* U+0059 "Y" */
    0x4f, 0xfd, 0x0, 0x0, 0xa, 0xff, 0x70, 0xaf,
    0xf6, 0x0, 0x3, 0xff, 0xd0, 0x1, 0xff, 0xe0,
    0x0, 0xbf, 0xf4, 0x0, 0x7, 0xff, 0x70, 0x4f,
    0xfa, 0x0, 0x0, 0xd, 0xff, 0x1c, 0xff, 0x10,
    0x0, 0x0, 0x4f, 0xfb, 0xff, 0x70, 0x0, 0x0,
    0x0, 0xaf, 0xff, 0xd0, 0x0, 0x0, 0x0, 0x1,
    0xff, 0xf4, 0x0, 0x0, 0x0, 0x0, 0xb, 0xff,
    0x0, 0x0, 0x0, 0x0, 0x0, 0xbf, 0xf0, 0x0,
    0x0, 0x0, 0x0, 0xb, 0xff, 0x0, 0x0, 0x0,
    0x0, 0x0, 0xbf, 0xf0, 0x0, 0x0, 0x0, 0x0,
    0xb, 0xff, 0x0, 0x0, 0x0,

    /* U+005A "Z" */
    0xf, 0xff, 0xff, 0xff, 0xff, 0xf0, 0xff, 0xff,
    0xff, 0xff, 0xfe, 0x3, 0x33, 0x33, 0x3a, 0xff,
    0x50, 0x0, 0x0, 0x4, 0xff, 0x90, 0x0, 0x0,
    0x1, 0xef, 0xd0, 0x0, 0x0, 0x0, 0xcf, 0xf3,
    0x0, 0x0, 0x0, 0x7f, 0xf7, 0x0, 0x0, 0x0,
    0x3f, 0xfb, 0x0, 0x0, 0x0, 0xd, 0xfe, 0x10,
    0x0, 0x0, 0xa, 0xff, 0x40, 0x0, 0x0, 0x5,
    0xff, 0xa3, 0x33, 0x33, 0x30, 0xef, 0xff, 0xff,
    0xff, 0xff, 0xf, 0xff, 0xff, 0xff, 0xff, 0xf0,

    /* U+005B "[" */
    0x0, 0x0, 0x6, 0xff, 0xfe, 0x6f, 0xff, 0xe6,
    0xff, 0x20, 0x6f, 0xf2, 0x6, 0xff, 0x20, 0x6f,
    0xf2, 0x6, 0xff, 0x20, 0x6f, 0xf2, 0x6, 0xff,
    0x20, 0x6f, 0xf2, 0x6, 0xff, 0x20, 0x6f, 0xf2,
    0x6, 0xff, 0x20, 0x6f, 0xf2, 0x6, 0xff, 0xfe,
    0x6f, 0xff, 0xe0,

    /* U+005C "\\" */
    0x9f, 0xa0, 0x0, 0x5, 0xfe, 0x0, 0x0, 0x1f,
    0xf3, 0x0, 0x0, 0xdf, 0x70, 0x0, 0x9, 0xfb,
    0x0, 0x0, 0x4f, 0xf0, 0x0, 0x0, 0xff, 0x30,
    0x0, 0xc, 0xf8, 0x0, 0x0, 0x8f, 0xc0, 0x0,
    0x3, 0xff, 0x0, 0x0, 0xf, 0xf4, 0x0, 0x0,
    0xbf, 0x80, 0x0, 0x7, 0xfd, 0x0, 0x0, 0x3f,
    0xf1, 0x0, 0x0, 0xef, 0x50, 0x0, 0xa, 0xf9,

    /* U+005D "]" */
    0x0, 0x0, 0x0, 0x1f, 0xff, 0xf3, 0x1f, 0xff,
    0xf3, 0x0, 0x5f, 0xf3, 0x0, 0x5f, 0xf3, 0x0,
    0x5f, 0xf3, 0x0, 0x5f, 0xf3, 0x0, 0x5f, 0xf3,
    0x0, 0x5f, 0xf3, 0x0, 0x5f, 0xf3, 0x0, 0x5f,
    0xf3, 0x0, 0x5f, 0xf3, 0x0, 0x5f, 0xf3, 0x0,
    0x5f, 0xf3, 0x0, 0x5f, 0xf3, 0x1f, 0xff, 0xf3,
    0x1f, 0xff, 0xf3,

    /* U+005E "^" */
    0x0, 0x6, 0x84, 0x0, 0x0, 0x2, 0xff, 0xe0,
    0x0, 0x0, 0xaf, 0xaf, 0x60, 0x0, 0x2f, 0xc0,
    0xfe, 0x0, 0xa, 0xf5, 0x8, 0xf6, 0x2, 0xfd,
    0x0, 0x1f, 0xe0,

    /* U+005F "_" */
    0x0, 0x0, 0x0, 0x0, 0xf, 0xff, 0xff, 0xff,
    0xf9, 0xff, 0xff, 0xff, 0xff, 0x90,

    /* U+0060 "`" */
    0x4c, 0xb0, 0x0, 0xcf, 0x60, 0x2, 0xfd, 0x0,

    /* U+0061 "a" */
    0x0, 0x5c, 0xff, 0xc7, 0x0, 0x7, 0xff, 0xff,
    0xff, 0xa0, 0xc, 0xfb, 0x10, 0xaf, 0xf3, 0x0,
    0x0, 0x0, 0x7f, 0xf5, 0x0, 0x6b, 0xdf, 0xff,
    0xf5, 0xc, 0xff, 0xc9, 0x9f, 0xf5, 0x5f, 0xf5,
    0x0, 0x5f, 0xf5, 0x5f, 0xf5, 0x1, 0xcf, 0xf5,
    0x1f, 0xff, 0xef, 0xdf, 0xf5, 0x3, 0xcf, 0xe9,
    0x3f, 0xf5,

    /* U+0062 "b" */
    0xef, 0xc0, 0x0, 0x0, 0x0, 0xef, 0xc0, 0x0,
    0x0, 0x0, 0xef, 0xc0, 0x0, 0x0, 0x0, 0xef,
    0xc2, 0xcf, 0xd7, 0x0, 0xef, 0xde, 0xff, 0xff,
    0x90, 0xef, 0xfa, 0x24, 0xef, 0xf2, 0xef, 0xe0,
    0x0, 0x5f, 0xf7, 0xef, 0xb0, 0x0, 0x2f, 0xf9,
    0xef, 0xc0, 0x0, 0x2f, 0xf9, 0xef, 0xf0, 0x0,
    0x6f, 0xf7, 0xef, 0xfa, 0x24, 0xef, 0xf2, 0xef,
    0xce, 0xff, 0xff, 0x90, 0xef, 0xb2, 0xcf, 0xd7,
    0x0,

    /* U+0063 "c" */
    0x0, 0x19, 0xef, 0xd9, 0x10, 0x2, 0xef, 0xff,
    0xff, 0xe1, 0xb, 0xff, 0x62, 0x6f, 0xf9, 0x1f,
    0xfa, 0x0, 0x7, 0x84, 0x3f, 0xf7, 0x0, 0x0,
    0x0, 0x3f, 0xf7, 0x0, 0x0, 0x0, 0x1f, 0xfa,
    0x0, 0x7, 0x95, 0xb, 0xff, 0x61, 0x6f, 0xf9,
    0x2, 0xef, 0xff, 0xff, 0xe1, 0x0, 0x19, 0xef,
    0xd9, 0x10,

    /* U+0064 "d" */
    0x0, 0x0, 0x0, 0x6, 0xff, 0x30, 0x0, 0x0,
    0x0, 0x6f, 0xf3, 0x0, 0x0, 0x0, 0x6, 0xff,
    0x30, 0x4, 0xcf, 0xe6, 0x6f, 0xf3, 0x4, 0xff,
    0xff, 0xfb, 0xff, 0x30, 0xdf, 0xf7, 0x26, 0xff,
    0xf3, 0x1f, 0xfb, 0x0, 0xa, 0xff, 0x33, 0xff,
    0x70, 0x0, 0x6f, 0xf3, 0x3f, 0xf7, 0x0, 0x7,
    0xff, 0x31, 0xff, 0xb0, 0x0, 0xaf, 0xf3, 0xd,
    0xff, 0x72, 0x6f, 0xff, 0x30, 0x4f, 0xff, 0xff,
    0xbf, 0xf3, 0x0, 0x4c, 0xfe, 0x66, 0xff, 0x30,

    /* U+0065 "e" */
    0x0, 0x19, 0xef, 0xd8, 0x10, 0x0, 0x2e, 0xff,
    0xff, 0xfd, 0x10, 0xb, 0xff, 0x40, 0x5f, 0xf8,
    0x1, 0xff, 0x70, 0x0, 0x9f, 0xe0, 0x3f, 0xff,
    0xff, 0xff, 0xff, 0x3, 0xff, 0xca, 0xaa, 0xaa,
    0xa0, 0x1f, 0xf8, 0x0, 0x0, 0x0, 0x0, 0xbf,
    0xf4, 0x2, 0xde, 0x90, 0x2, 0xef, 0xff, 0xff,
    0xf4, 0x0, 0x1, 0x9e, 0xfe, 0xa3, 0x0,

    /* U+0066 "f" */
    0x0, 0x2, 0x77, 0x50, 0x6, 0xff, 0xfc, 0x0,
    0xff, 0xfa, 0x60, 0x1f, 0xf9, 0x0, 0xdf, 0xff,
    0xff, 0x9d, 0xff, 0xff, 0xf9, 0x1, 0xff, 0x80,
    0x0, 0x1f, 0xf8, 0x0, 0x1, 0xff, 0x80, 0x0,
    0x1f, 0xf8, 0x0, 0x1, 0xff, 0x80, 0x0, 0x1f,
    0xf8, 0x0, 0x1, 0xff, 0x80, 0x0, 0x1f, 0xf8,
    0x0,

    /* U+0067 "g" */
    0x0, 0x3c, 0xfe, 0x65, 0xff, 0x40, 0x3f, 0xff,
    0xff, 0xbf, 0xf4, 0xc, 0xff, 0x72, 0x6f, 0xff,
    0x41, 0xff, 0xb0, 0x0, 0xaf, 0xf4, 0x3f, 0xf8,
    0x0, 0x7, 0xff, 0x43, 0xff, 0x70, 0x0, 0x6f,
    0xf4, 0x2f, 0xfa, 0x0, 0x9, 0xff, 0x40, 0xdf,
    0xf5, 0x4, 0xff, 0xf4, 0x5, 0xff, 0xff, 0xfc,
    0xff, 0x40, 0x4, 0xcf, 0xe7, 0x5f, 0xf3, 0x0,
    0x0, 0x0, 0x6, 0xff, 0x20, 0x7c, 0xb1, 0x1,
    0xdf, 0xe0, 0x6, 0xff, 0xff, 0xff, 0xf5, 0x0,
    0x4, 0xbe, 0xfe, 0xa3, 0x0,

    /* U+0068 "h" */
    0xef, 0xb0, 0x0, 0x0, 0x0, 0xef, 0xb0, 0x0,
    0x0, 0x0, 0xef, 0xb0, 0x0, 0x0, 0x0, 0xef,
    0xb2, 0xcf, 0xe7, 0x0, 0xef, 0xce, 0xff, 0xff,
    0x70, 0xef, 0xfa, 0x47, 0xff, 0xe0, 0xef, 0xe0,
    0x0, 0xbf, 0xf1, 0xef, 0xc0, 0x0, 0x9f, 0xf1,
    0xef, 0xc0, 0x0, 0x9f, 0xf1, 0xef, 0xc0, 0x0,
    0x9f, 0xf1, 0xef, 0xc0, 0x0, 0x9f, 0xf1, 0xef,
    0xc0, 0x0, 0x9f, 0xf1, 0xef, 0xc0, 0x0, 0x9f,
    0xf1,

    /* U+0069 "i" */
    0x27, 0x1e, 0xfc, 0xcf, 0xa0, 0x20, 0xef, 0xce,
    0xfc, 0xef, 0xce, 0xfc, 0xef, 0xce, 0xfc, 0xef,
    0xce, 0xfc, 0xef, 0xce, 0xfc,

    /* U+006A "j" */
    0x0, 0x27, 0x10, 0xe, 0xfc, 0x0, 0xcf, 0xa0,
    0x0, 0x20, 0x0, 0xef, 0xc0, 0xe, 0xfc, 0x0,
    0xef, 0xc0, 0xe, 0xfc, 0x0, 0xef, 0xc0, 0xe,
    0xfc, 0x0, 0xef, 0xc0, 0xe, 0xfc, 0x0, 0xef,
    0xc0, 0xe, 0xfc, 0x0, 0xef, 0xc0, 0x3f, 0xfa,
    0x7f, 0xff, 0x57, 0xfd, 0x60,

    /* U+006B "k" */
    0xef, 0xc0, 0x0, 0x0, 0x0, 0xef, 0xc0, 0x0,
    0x0, 0x0, 0xef, 0xc0, 0x0, 0x0, 0x0, 0xef,
    0xc0, 0x4, 0xff, 0xb0, 0xef, 0xc0, 0x2f, 0xfd,
    0x10, 0xef, 0xc1, 0xef, 0xe2, 0x0, 0xef, 0xcc,
    0xff, 0x30, 0x0, 0xef, 0xff, 0xfb, 0x0, 0x0,
    0xef, 0xff, 0xff, 0x40, 0x0, 0xef, 0xe4, 0xff,
    0xe1, 0x0, 0xef, 0xc0, 0x6f, 0xfa, 0x0, 0xef,
    0xc0, 0xb, 0xff, 0x50, 0xef, 0xc0, 0x2, 0xff,
    0xe1,

    /* U+006C "l" */
    0xef, 0xce, 0xfc, 0xef, 0xce, 0xfc, 0xef, 0xce,
    0xfc, 0xef, 0xce, 0xfc, 0xef, 0xce, 0xfc, 0xef,
    0xce, 0xfc, 0xef, 0xc0,

    /* U+006D "m" */
    0xef, 0x94, 0xcf, 0xc2, 0x9, 0xef, 0xb1, 0xe,
    0xfc, 0xff, 0xff, 0xca, 0xff, 0xff, 0xd0, 0xef,
    0xf6, 0x19, 0xff, 0xe3, 0x2c, 0xff, 0x3e, 0xfd,
    0x0, 0x1f, 0xf8, 0x0, 0x5f, 0xf4, 0xef, 0xc0,
    0x1, 0xff, 0x70, 0x5, 0xff, 0x4e, 0xfc, 0x0,
    0x1f, 0xf7, 0x0, 0x5f, 0xf4, 0xef, 0xc0, 0x1,
    0xff, 0x70, 0x5, 0xff, 0x4e, 0xfc, 0x0, 0x1f,
    0xf7, 0x0, 0x5f, 0xf4, 0xef, 0xc0, 0x1, 0xff,
    0x70, 0x5, 0xff, 0x4e, 0xfc, 0x0, 0x1f, 0xf7,
    0x0, 0x5f, 0xf4,

    /* U+006E "n" */
    0xef, 0x93, 0xcf, 0xe7, 0x0, 0xef, 0xbf, 0xff,
    0xff, 0x70, 0xef, 0xf9, 0x25, 0xff, 0xe0, 0xef,
    0xe0, 0x0, 0xaf, 0xf0, 0xef, 0xc0, 0x0, 0x9f,
    0xf1, 0xef, 0xc0, 0x0, 0x9f, 0xf1, 0xef, 0xc0,
    0x0, 0x9f, 0xf1, 0xef, 0xc0, 0x0, 0x9f, 0xf1,
    0xef, 0xc0, 0x0, 0x9f, 0xf1, 0xef, 0xc0, 0x0,
    0x9f, 0xf1,

    /* U+006F "o" */
    0x0, 0x19, 0xef, 0xe9, 0x10, 0x0, 0x2e, 0xff,
    0xff, 0xfe, 0x20, 0xb, 0xff, 0x62, 0x6f, 0xfb,
    0x1, 0xff, 0xa0, 0x0, 0xaf, 0xf1, 0x3f, 0xf7,
    0x0, 0x7, 0xff, 0x43, 0xff, 0x70, 0x0, 0x7f,
    0xf4, 0x1f, 0xfa, 0x0, 0xa, 0xff, 0x20, 0xbf,
    0xf6, 0x16, 0xff, 0xc0, 0x2, 0xef, 0xff, 0xff,
    0xe2, 0x0, 0x1, 0x9e, 0xfe, 0x91, 0x0,

    /* U+0070 "p" */
    0xef, 0xb3, 0xcf, 0xd7, 0x0, 0xef, 0xde, 0xff,
    0xff, 0x90, 0xef, 0xf9, 0x2, 0xdf, 0xf2, 0xef,
    0xe0, 0x0, 0x5f, 0xf7, 0xef, 0xb0, 0x0, 0x2f,
    0xf9, 0xef, 0xc0, 0x0, 0x2f, 0xf9, 0xef, 0xf0,
    0x0, 0x6f, 0xf7, 0xef, 0xfb, 0x24, 0xef, 0xf2,
    0xef, 0xde, 0xff, 0xff, 0x90, 0xef, 0xc2, 0xcf,
    0xd7, 0x0, 0xef, 0xc0, 0x0, 0x0, 0x0, 0xef,
    0xc0, 0x0, 0x0, 0x0, 0xef, 0xc0, 0x0, 0x0,
    0x0, 0xef, 0xc0, 0x0, 0x0, 0x0,

    /* U+0071 "q" */
    0x0, 0x4c, 0xfe, 0x66, 0xff, 0x30, 0x4f, 0xff,
    0xff, 0xbf, 0xf3, 0xd, 0xff, 0x72, 0x6f, 0xff,
    0x31, 0xff, 0xb0, 0x0, 0xaf, 0xf3, 0x3f, 0xf7,
    0x0, 0x6, 0xff, 0x33, 0xff, 0x70, 0x0, 0x7f,
    0xf3, 0x1f, 0xfb, 0x0, 0xa, 0xff, 0x30, 0xdf,
    0xf7, 0x26, 0xff, 0xf3, 0x4, 0xff, 0xff, 0xfc,
    0xff, 0x30, 0x4, 0xcf, 0xe6, 0x6f, 0xf3, 0x0,
    0x0, 0x0, 0x6, 0xff, 0x30, 0x0, 0x0, 0x0,
    0x6f, 0xf3, 0x0, 0x0, 0x0, 0x6, 0xff, 0x30,
    0x0, 0x0, 0x0, 0x6f, 0xf3,

    /* U+0072 "r" */
    0x0, 0x0, 0x0, 0xef, 0xa5, 0xef, 0xef, 0xdf,
    0xff, 0xef, 0xfb, 0x34, 0xef, 0xe0, 0x0, 0xef,
    0xc0, 0x0, 0xef, 0xc0, 0x0, 0xef, 0xc0, 0x0,
    0xef, 0xc0, 0x0, 0xef, 0xc0, 0x0, 0xef, 0xc0,
    0x0,

    /* U+0073 "s" */
    0x0, 0x6c, 0xff, 0xd7, 0x0, 0x8, 0xff, 0xff,
    0xff, 0x90, 0xf, 0xfc, 0x0, 0x8e, 0xb0, 0xf,
    0xfd, 0x30, 0x0, 0x0, 0x8, 0xff, 0xff, 0xc7,
    0x10, 0x0, 0x4a, 0xef, 0xff, 0xe1, 0x0, 0x20,
    0x1, 0x9f, 0xf5, 0x2f, 0xf9, 0x0, 0x8f, 0xf4,
    0xa, 0xff, 0xff, 0xff, 0xc0, 0x0, 0x7d, 0xff,
    0xd7, 0x0,

    /* U+0074 "t" */
    0x3, 0x88, 0x10, 0x0, 0x7f, 0xf2, 0x0, 0x7,
    0xff, 0x20, 0xd, 0xff, 0xff, 0xf0, 0xdf, 0xff,
    0xff, 0x0, 0x7f, 0xf3, 0x0, 0x7, 0xff, 0x20,
    0x0, 0x7f, 0xf2, 0x0, 0x7, 0xff, 0x20, 0x0,
    0x7f, 0xf2, 0x0, 0x6, 0xff, 0x62, 0x0, 0x2f,
    0xff, 0xf0, 0x0, 0x5d, 0xfe, 0x20,

    /* U+0075 "u" */
    0xef, 0xc0, 0x0, 0x9f, 0xf1, 0xef, 0xc0, 0x0,
    0x9f, 0xf1, 0xef, 0xc0, 0x0, 0x9f, 0xf1, 0xef,
    0xc0, 0x0, 0x9f, 0xf1, 0xef, 0xc0, 0x0, 0x9f,
    0xf1, 0xef, 0xc0, 0x0, 0x9f, 0xf1, 0xdf, 0xe0,
    0x0, 0xbf, 0xf1, 0xbf, 0xf9, 0x48, 0xff, 0xf1,
    0x4f, 0xff, 0xff, 0xaf, 0xf1, 0x5, 0xdf, 0xd4,
    0x6f, 0xf1,

    /* U+0076 "v" */
    0x8f, 0xf3, 0x0, 0x6, 0xff, 0x53, 0xff, 0x80,
    0x0, 0xbf, 0xf0, 0xd, 0xfd, 0x0, 0xf, 0xf9,
    0x0, 0x7f, 0xf3, 0x5, 0xff, 0x30, 0x1, 0xff,
    0x80, 0xaf, 0xe0, 0x0, 0xb, 0xfc, 0xf, 0xf8,
    0x0, 0x0, 0x6f, 0xf4, 0xff, 0x20, 0x0, 0x0,
    0xff, 0xcf, 0xc0, 0x0, 0x0, 0xa, 0xff, 0xf6,
    0x0, 0x0, 0x0, 0x4f, 0xff, 0x10, 0x0,

    /* U+0077 "w" */
    0x9f, 0xf2, 0x0, 0xaf, 0xf0, 0x0, 0xef, 0xe0,
    0x4f, 0xf6, 0x0, 0xef, 0xf3, 0x2, 0xff, 0x90,
    0xf, 0xf9, 0x2, 0xff, 0xf7, 0x5, 0xff, 0x40,
    0xb, 0xfd, 0x6, 0xfd, 0xfb, 0x9, 0xff, 0x0,
    0x6, 0xff, 0x1a, 0xf6, 0xfe, 0xc, 0xfb, 0x0,
    0x2, 0xff, 0x4e, 0xf1, 0xdf, 0x2f, 0xf6, 0x0,
    0x0, 0xdf, 0x9f, 0xd0, 0x8f, 0x9f, 0xf2, 0x0,
    0x0, 0x8f, 0xff, 0x80, 0x4f, 0xff, 0xd0, 0x0,
    0x0, 0x4f, 0xff, 0x40, 0xf, 0xff, 0x80, 0x0,
    0x0, 0xf, 0xff, 0x0, 0xb, 0xff, 0x40, 0x0,

    /* U+0078 "x" */
    0x2f, 0xfa, 0x0, 0x2f, 0xfa, 0x0, 0x8f, 0xf3,
    0xb, 0xfe, 0x10, 0x0, 0xdf, 0xc3, 0xff, 0x60,
    0x0, 0x4, 0xff, 0xdf, 0xc0, 0x0, 0x0, 0xb,
    0xff, 0xf2, 0x0, 0x0, 0x0, 0xdf, 0xff, 0x40,
    0x0, 0x0, 0x7f, 0xfb, 0xfd, 0x0, 0x0, 0x2f,
    0xf8, 0x2f, 0xf8, 0x0, 0xb, 0xff, 0x10, 0xaf,
    0xf2, 0x5, 0xff, 0x70, 0x1, 0xff, 0xc0,

    /* U+0079 "y" */
    0x8f, 0xf3, 0x0, 0x6, 0xff, 0x63, 0xff, 0x80,
    0x0, 0xbf, 0xf0, 0xd, 0xfd, 0x0, 0xf, 0xfa,
    0x0, 0x7f, 0xf2, 0x5, 0xff, 0x40, 0x1, 0xff,
    0x70, 0xbf, 0xe0, 0x0, 0xb, 0xfc, 0xf, 0xf8,
    0x0, 0x0, 0x5f, 0xf5, 0xff, 0x20, 0x0, 0x0,
    0xff, 0xcf, 0xc0, 0x0, 0x0, 0xa, 0xff, 0xf6,
    0x0, 0x0, 0x0, 0x4f, 0xff, 0x10, 0x0, 0x0,
    0x1, 0xff, 0xa0, 0x0, 0x0, 0x13, 0x9f, 0xf4,
    0x0, 0x0, 0x9, 0xff, 0xfb, 0x0, 0x0, 0x0,
    0xbf, 0xe9, 0x10, 0x0, 0x0,

    /* U+007A "z" */
    0xcf, 0xff, 0xff, 0xff, 0x1c, 0xff, 0xff, 0xff,
    0xf1, 0x22, 0x22, 0x8f, 0xf8, 0x0, 0x0, 0x2f,
    0xfc, 0x0, 0x0, 0xd, 0xfe, 0x10, 0x0, 0xb,
    0xff, 0x40, 0x0, 0x7, 0xff, 0x80, 0x0, 0x4,
    0xff, 0xd2, 0x22, 0x20, 0xef, 0xff, 0xff, 0xff,
    0x4f, 0xff, 0xff, 0xff, 0xf4,

    /* U+007B "{" */
    0x0, 0x0, 0x46, 0x40, 0x1, 0xdf, 0xf8, 0x0,
    0x8f, 0xfb, 0x40, 0xc, 0xfc, 0x0, 0x0, 0xcf,
    0xa0, 0x0, 0xd, 0xfa, 0x0, 0x0, 0xef, 0x90,
    0x5, 0xbf, 0xf5, 0x0, 0xcf, 0xd4, 0x0, 0xc,
    0xff, 0xb1, 0x0, 0x4, 0xff, 0x70, 0x0, 0xd,
    0xfa, 0x0, 0x0, 0xdf, 0xa0, 0x0, 0xc, 0xfa,
    0x0, 0x0, 0xbf, 0xe3, 0x0, 0x5, 0xff, 0xf8,
    0x0, 0x5, 0xce, 0x80,

    /* U+007C "|" */
    0x9a, 0x5e, 0xf9, 0xef, 0x9e, 0xf9, 0xef, 0x9e,
    0xf9, 0xef, 0x9e, 0xf9, 0xef, 0x9e, 0xf9, 0xef,
    0x9e, 0xf9, 0xef, 0x9e, 0xf9, 0xef, 0x9e, 0xf9,
    0xef, 0x9e, 0xf9, 0xef, 0x9e, 0xf9, 0xef, 0x9e,
    0xf9,

    /* U+007D "}" */
    0x7, 0x51, 0x0, 0x0, 0x1f, 0xff, 0x60, 0x0,
    0x9, 0xef, 0xf0, 0x0, 0x0, 0x5f, 0xf3, 0x0,
    0x0, 0x3f, 0xf3, 0x0, 0x0, 0x3f, 0xf4, 0x0,
    0x0, 0x2f, 0xf6, 0x0, 0x0, 0xd, 0xfe, 0x71,
    0x0, 0x1, 0x9f, 0xf3, 0x0, 0x6, 0xff, 0xf3,
    0x0, 0x1f, 0xfb, 0x10, 0x0, 0x2f, 0xf4, 0x0,
    0x0, 0x3f, 0xf4, 0x0, 0x0, 0x3f, 0xf3, 0x0,
    0x1, 0xaf, 0xf2, 0x0, 0x1f, 0xff, 0xc0, 0x0,
    0x1f, 0xd9, 0x10, 0x0,

    /* U+007E "~" */
    0x6, 0xee, 0x90, 0x2, 0xb9, 0x3f, 0xff, 0xfd,
    0x4a, 0xfb, 0x8f, 0xc4, 0xbf, 0xff, 0xf6, 0x6b,
    0x50, 0x7, 0xef, 0x80,

    /* U+00A0 " " */

    /* U+00A1 "¡" */
    0x2d, 0xe3, 0x7f, 0xf9, 0x2d, 0xe3, 0x0, 0x0,
    0x3f, 0xf4, 0x3f, 0xf4, 0x3f, 0xf5, 0x4f, 0xf5,
    0x4f, 0xf5, 0x4f, 0xf6, 0x5f, 0xf6, 0x5f, 0xf6,
    0x5f, 0xf7,

    /* U+00A2 "¢" */
    0x0, 0x0, 0xf, 0x0, 0x0, 0x0, 0x2, 0x7f,
    0x62, 0x0, 0x0, 0x8f, 0xff, 0xff, 0x80, 0x7,
    0xff, 0xdf, 0xcf, 0xf6, 0xe, 0xfd, 0x1f, 0xd,
    0xf9, 0x2f, 0xf8, 0xf, 0x1, 0x0, 0x4f, 0xf7,
    0xf, 0x0, 0x0, 0x2f, 0xf8, 0xf, 0x1, 0x0,
    0xe, 0xfd, 0x1f, 0xd, 0xfa, 0x7, 0xff, 0xdf,
    0xcf, 0xf6, 0x0, 0x8f, 0xff, 0xff, 0x80, 0x0,
    0x2, 0x7f, 0x62, 0x0, 0x0, 0x0, 0xf, 0x0,
    0x0,

    /* U+00A3 "£" */
    0x0, 0x2, 0xae, 0xfd, 0x80, 0x0, 0x3, 0xff,
    0xff, 0xff, 0xc0, 0x0, 0xbf, 0xf7, 0x49, 0xff,
    0x60, 0xe, 0xfa, 0x0, 0x8, 0x73, 0x0, 0xef,
    0x90, 0x0, 0x0, 0x1, 0xbf, 0xfe, 0xbb, 0xb0,
    0x0, 0x2f, 0xff, 0xff, 0xff, 0x10, 0x0, 0xc,
    0xfb, 0x0, 0x0, 0x0, 0x0, 0xbf, 0xb0, 0x0,
    0x0, 0x0, 0xb, 0xfa, 0x0, 0x2, 0x32, 0x6,
    0xfe, 0x54, 0x44, 0xdf, 0xb2, 0xff, 0xff, 0xff,
    0xff, 0xf7, 0x2f, 0xff, 0xff, 0xff, 0xe9, 0x0,

    /* U+00A4 "¤" */
    0x1, 0x0, 0x0, 0x0, 0x0, 0x10, 0x5e, 0x37,
    0xdf, 0xeb, 0x46, 0xe2, 0x5f, 0xff, 0xeb, 0xbf,
    0xff, 0xe2, 0xb, 0xf7, 0x0, 0x1, 0xcf, 0x60,
    0x2f, 0xa0, 0x0, 0x0, 0x1e, 0xd0, 0x6f, 0x30,
    0x0, 0x0, 0x8, 0xf1, 0x7f, 0x10, 0x0, 0x0,
    0x7, 0xf3, 0x6f, 0x30, 0x0, 0x0, 0x9, 0xf1,
    0x2f, 0xa0, 0x0, 0x0, 0x1e, 0xd0, 0xc, 0xf8,
    0x0, 0x1, 0xcf, 0x70, 0x7f, 0xff, 0xeb, 0xbf,
    0xff, 0xf4, 0x3c, 0x16, 0xcf, 0xeb, 0x33, 0xc0,
    0x0, 0x0, 0x0, 0x0, 0x0, 0x0,

    /* U+00A5 "¥" */
    0x8f, 0xf3, 0x0, 0xe, 0xfc, 0x1, 0xff, 0xa0,
    0x5, 0xff, 0x50, 0x9, 0xff, 0x10, 0xcf, 0xd0,
    0x0, 0x2f, 0xf7, 0x2f, 0xf6, 0x0, 0x0, 0xbf,
    0xd9, 0xfe, 0x0, 0x0, 0x3, 0xff, 0xff, 0x80,
    0x0, 0x9, 0x9f, 0xff, 0xfa, 0x90, 0x0, 0xff,
    0xff, 0xff, 0xff, 0x0, 0x0, 0x3, 0xff, 0x60,
    0x0, 0x0, 0xff, 0xff, 0xff, 0xff, 0x0, 0x9,
    0x9a, 0xff, 0xb9, 0x90, 0x0, 0x0, 0x3f, 0xf6,
    0x0, 0x0, 0x0, 0x3, 0xff, 0x60, 0x0, 0x0,

    /* U+00A6 "¦" */
    0x2f, 0xf3, 0x2f, 0xf3, 0x2f, 0xf3, 0x2f, 0xf3,
    0x2f, 0xf3, 0x2f, 0xf3, 0x1, 0x10, 0x0, 0x0,
    0x0, 0x0, 0x2, 0x20, 0x2f, 0xf3, 0x2f, 0xf3,
    0x2f, 0xf3, 0x2f, 0xf3, 0x2f, 0xf3, 0x2f, 0xf3,

    /* U+00A7 "§" */
    0x0, 0x3b, 0xee, 0xc3, 0x0, 0x2, 0xff, 0xff,
    0xff, 0x30, 0x8, 0xfe, 0x22, 0xcf, 0xa0, 0x9,
    0xfc, 0x0, 0x23, 0x0, 0x4, 0xff, 0xa3, 0x0,
    0x0, 0x0, 0x7f, 0xff, 0xc5, 0x0, 0x9, 0xf8,
    0x8e, 0xff, 0xa0, 0x1f, 0xe0, 0x0, 0x7f, 0xf3,
    0xf, 0xf7, 0x0, 0xb, 0xf5, 0x7, 0xff, 0xe8,
    0x5f, 0xc0, 0x0, 0x4c, 0xff, 0xfb, 0x0, 0x0,
    0x0, 0x29, 0xff, 0x70, 0x1, 0x42, 0x0, 0x9f,
    0xc0, 0xb, 0xfc, 0x22, 0xcf, 0xc0, 0x3, 0xff,
    0xff, 0xff, 0x50, 0x0, 0x4c, 0xff, 0xc5, 0x0,

    /* U+00A8 "¨" */
    0x18, 0x30, 0x28, 0x29, 0xfe, 0xb, 0xfc, 0x5f,
    0x90, 0x6f, 0x80,

    /* U+00A9 "©" */
    0x0, 0x0, 0x5b, 0xef, 0xd8, 0x10, 0x0, 0x0,
    0x1c, 0xff, 0xff, 0xff, 0xf6, 0x0, 0x0, 0xdf,
    0xe7, 0x22, 0x4b, 0xff, 0x50, 0x9, 0xfd, 0x14,
    0xac, 0x81, 0x8f, 0xf1, 0x1f, 0xf3, 0x6f, 0xff,
    0xfd, 0x1c, 0xf8, 0x5f, 0xc0, 0xff, 0x30, 0x9f,
    0x85, 0xfc, 0x7f, 0x94, 0xf8, 0x0, 0x3, 0x22,
    0xfe, 0x7f, 0x94, 0xf8, 0x0, 0x3, 0x22, 0xfe,
    0x5f, 0xc1, 0xff, 0x30, 0xaf, 0x75, 0xfc, 0x1f,
    0xf3, 0x6f, 0xff, 0xfd, 0x1c, 0xf8, 0x9, 0xfd,
    0x14, 0xac, 0x81, 0x8f, 0xf1, 0x0, 0xdf, 0xe7,
    0x21, 0x4b, 0xff, 0x50, 0x0, 0x1c, 0xff, 0xff,
    0xff, 0xf6, 0x0, 0x0, 0x0, 0x6b, 0xef, 0xd9,
    0x20, 0x0,

    /* U+00AA "ª" */
    0x0, 0x26, 0x74, 0x0, 0x8, 0xff, 0xff, 0xb0,
    0x1b, 0xb2, 0x1c, 0xf5, 0x0, 0x15, 0x7e, 0xf6,
    0xb, 0xff, 0xee, 0xf7, 0x6f, 0xb1, 0xa, 0xf7,
    0x6f, 0xb3, 0x5f, 0xf7, 0x1c, 0xff, 0xeb, 0xf7,
    0x0, 0x34, 0x1, 0x21,

    /* U+00AB "«" */
    0x0, 0x2, 0xff, 0xa1, 0xef, 0xc0, 0x0, 0x1d,
    0xfd, 0x1c, 0xfe, 0x10, 0x0, 0xcf, 0xe2, 0xaf,
    0xf3, 0x0, 0xa, 0xff, 0x38, 0xff, 0x50, 0x0,
    0xd, 0xfd, 0x1c, 0xff, 0x10, 0x0, 0x2, 0xef,
    0xb1, 0xef, 0xd0, 0x0, 0x0, 0x4f, 0xf9, 0x2f,
    0xfb, 0x0, 0x0, 0x6, 0xff, 0x64, 0xff, 0x80,
    0x0, 0x0, 0x45, 0x50, 0x35, 0x50,

    /* U+00AC "¬" */
    0x2, 0x22, 0x22, 0x22, 0x11, 0xff, 0xff, 0xff,
    0xfd, 0x1f, 0xff, 0xff, 0xff, 0xd0, 0x0, 0x0,
    0x6, 0xfd, 0x0, 0x0, 0x0, 0x6f, 0xd0, 0x0,
    0x0, 0x3, 0x86,

    /* U+00AE "®" */
    0x0, 0x0, 0x0, 0x0, 0x0, 0x0, 0x0, 0x6,
    0xdf, 0xfc, 0x50, 0x0, 0x0, 0xaf, 0x95, 0x5a,
    0xf9, 0x0, 0x6, 0xf4, 0x0, 0x0, 0x5f, 0x50,
    0xd, 0x80, 0xde, 0xe8, 0xa, 0xc0, 0x1f, 0x40,
    0xe5, 0x5f, 0x5, 0xf0, 0x1f, 0x30, 0xed, 0xf9,
    0x5, 0xf0, 0xe, 0x70, 0xe5, 0x9b, 0x9, 0xd0,
    0x8, 0xe2, 0x62, 0x17, 0x3f, 0x70, 0x0, 0xde,
    0x62, 0x27, 0xfc, 0x0, 0x0, 0x9, 0xff, 0xff,
    0x90, 0x0, 0x0, 0x0, 0x3, 0x30, 0x0, 0x0,

    /* U+00AF "¯" */
    0x6a, 0xaa, 0xa5, 0x9f, 0xff, 0xf8,

    /* U+00B0 "°" */
    0x8, 0xef, 0xa1, 0x8, 0xff, 0xef, 0xc0, 0xee,
    0x10, 0xbf, 0x3e, 0xe1, 0xb, 0xf3, 0x8f, 0xfe,
    0xfc, 0x0, 0x8e, 0xfa, 0x10,

    /* U+00B1 "±" */
    0x0, 0x0, 0xff, 0x30, 0x0, 0x0, 0x0, 0xff,
    0x30, 0x0, 0x6f, 0xff, 0xff, 0xff, 0xf9, 0x6f,
    0xff, 0xff, 0xff, 0xf9, 0x1, 0x11, 0xff, 0x41,
    0x10, 0x0, 0x0, 0xff, 0x30, 0x0, 0x0, 0x0,
    0x99, 0x20, 0x0, 0x2, 0x22, 0x22, 0x22, 0x21,
    0x6f, 0xff, 0xff, 0xff, 0xf9, 0x6f, 0xff, 0xff,
    0xff, 0xf9,

    /* U+00B2 "²" */
    0x2, 0xbf, 0xfc, 0x40, 0xe, 0xfa, 0xbf, 0xf1,
    0x5, 0x40, 0xe, 0xf2, 0x0, 0x2, 0xcf, 0x90,
    0x0, 0x7f, 0xe5, 0x0, 0xc, 0xff, 0xba, 0xa4,
    0xf, 0xff, 0xff, 0xf6,

    /* U+00B3 "³" */
    0x1, 0xae, 0xfd, 0x50, 0xc, 0xfc, 0xaf, 0xf2,
    0x3, 0x30, 0x1c, 0xf3, 0x0, 0xc, 0xfe, 0x70,
    0x2, 0x22, 0x3c, 0xf7, 0xe, 0xfc, 0xaf, 0xf8,
    0x2, 0xae, 0xfd, 0x80,

    /* U+00B4 "´" */
    0x5, 0xca, 0x0, 0xdf, 0x50, 0x4f, 0xa0, 0x0,

    /* U+00B5 "µ" */
    0xef, 0xc0, 0x0, 0x8f, 0xf1, 0xe, 0xfc, 0x0,
    0x8, 0xff, 0x10, 0xef, 0xc0, 0x0, 0x8f, 0xf1,
    0xe, 0xfc, 0x0, 0x8, 0xff, 0x10, 0xef, 0xc0,
    0x0, 0x8f, 0xf1, 0xe, 0xfc, 0x0, 0x8, 0xff,
    0x10, 0xef, 0xd0, 0x0, 0xaf, 0xf1, 0xe, 0xff,
    0x60, 0x4f, 0xff, 0x30, 0xef, 0xff, 0xff, 0xdf,
    0xff, 0x3e, 0xfc, 0x8f, 0xc1, 0x8e, 0xf3, 0xef,
    0xc0, 0x0, 0x0, 0x0, 0xe, 0xfc, 0x0, 0x0,
    0x0, 0x0, 0xef, 0xc0, 0x0, 0x0, 0x0, 0xe,
    0xfc, 0x0, 0x0, 0x0, 0x0,

    /* U+00B6 "¶" */
    0x0, 0x5c, 0xef, 0xff, 0xf9, 0x6, 0xff, 0xff,
    0xff, 0xf9, 0xf, 0xff, 0xfe, 0x18, 0xf9, 0x3f,
    0xff, 0xfe, 0x8, 0xf9, 0x4f, 0xff, 0xfe, 0x8,
    0xf9, 0x1f, 0xff, 0xfe, 0x8, 0xf9, 0x9, 0xff,
    0xfe, 0x8, 0xf9, 0x0, 0x8e, 0xfe, 0x8, 0xf9,
    0x0, 0x0, 0x22, 0x8, 0xf9, 0x0, 0x0, 0x0,
    0x8, 0xf9, 0x0, 0x0, 0x0, 0x8, 0xf9, 0x0,
    0x0, 0x0, 0x8, 0xf9, 0x0, 0x0, 0x0, 0x8,
    0xf9,

    /* U+00B7 "·" */
    0x0, 0x0, 0x2e, 0xe2, 0x7f, 0xf7, 0x2d, 0xd2,

    /* U+00B8 "¸" */
    0x5a, 0x0, 0x8e, 0xa0, 0x3, 0xf5, 0xdf, 0xe2,
    0x11, 0x0,

    /* U+00B9 "¹" */
    0x4, 0xdf, 0xf0, 0xfd, 0xff, 0x6, 0x1f, 0xf0,
    0x0, 0xff, 0x0, 0xf, 0xf0, 0x0, 0xff, 0x0,
    0xf, 0xf0,

    /* U+00BA "º" */
    0x0, 0x27, 0x97, 0x10, 0x0, 0x6f, 0xff, 0xff,
    0x30, 0x1f, 0xf5, 0x8, 0xfd, 0x5, 0xfc, 0x0,
    0xf, 0xf2, 0x6f, 0xb0, 0x0, 0xef, 0x33, 0xff,
    0x10, 0x3f, 0xf0, 0xb, 0xfd, 0xae, 0xf8, 0x0,
    0x8, 0xef, 0xd6, 0x0,

    /* U+00BB "»" */
    0x1d, 0xfd, 0x1c, 0xfe, 0x10, 0x0, 0x2, 0xff,
    0xb1, 0xef, 0xc0, 0x0, 0x0, 0x4f, 0xf9, 0x3f,
    0xfa, 0x0, 0x0, 0x6, 0xff, 0x65, 0xff, 0x80,
    0x0, 0x3, 0xff, 0xa1, 0xef, 0xc0, 0x0, 0x1e,
    0xfc, 0x1c, 0xfe, 0x10, 0x0, 0xcf, 0xe1, 0xaf,
    0xf2, 0x0, 0xa, 0xff, 0x38, 0xff, 0x40, 0x0,
    0x15, 0x53, 0x5, 0x53, 0x0, 0x0,

    /* U+00BC "¼" */
    0x7, 0xff, 0x30, 0x0, 0x0, 0x7f, 0x50, 0x4,
    0xfd, 0xf3, 0x0, 0x0, 0x2f, 0xa0, 0x0, 0x22,
    0x9f, 0x30, 0x0, 0xc, 0xe1, 0x0, 0x0, 0x9,
    0xf3, 0x0, 0x7, 0xf5, 0x0, 0x0, 0x0, 0x9f,
    0x30, 0x3, 0xfa, 0x0, 0x0, 0x0, 0x9, 0xf3,
    0x0, 0xde, 0x10, 0x12, 0x10, 0x0, 0x9f, 0x30,
    0x8f, 0x40, 0xd, 0xfc, 0x0, 0x2, 0x50, 0x3f,
    0x90, 0x6, 0xff, 0xc0, 0x0, 0x0, 0xd, 0xe0,
    0x0, 0xec, 0xdc, 0x0, 0x0, 0x8, 0xf4, 0x0,
    0x8f, 0x3d, 0xc0, 0x0, 0x3, 0xf9, 0x0, 0x1f,
    0xc2, 0xdd, 0x10, 0x0, 0xdd, 0x0, 0x4, 0xff,
    0xff, 0xfa, 0x0, 0x9f, 0x30, 0x0, 0x15, 0x55,
    0xed, 0x30, 0x4, 0x30, 0x0, 0x0, 0x0, 0x4,
    0x30,

    /* U+00BD "½" */
    0x0, 0x45, 0x0, 0x0, 0x0, 0x15, 0x20, 0x0,
    0x1c, 0xff, 0x30, 0x0, 0x0, 0xaf, 0x20, 0x0,
    0x4c, 0xbf, 0x30, 0x0, 0x5, 0xf7, 0x0, 0x0,
    0x10, 0x9f, 0x30, 0x0, 0x1e, 0xc0, 0x0, 0x0,
    0x0, 0x9f, 0x30, 0x0, 0xbf, 0x20, 0x0, 0x0,
    0x0, 0x9f, 0x30, 0x6, 0xf6, 0x0, 0x0, 0x0,
    0x0, 0x9f, 0x30, 0x1f, 0xc0, 0x6, 0x85, 0x0,
    0x0, 0x9f, 0x30, 0xbf, 0x20, 0xcf, 0xff, 0xb0,
    0x0, 0x0, 0x6, 0xf6, 0x1, 0xa7, 0x1c, 0xf0,
    0x0, 0x0, 0x2f, 0xb0, 0x0, 0x0, 0xd, 0xd0,
    0x0, 0x0, 0xcf, 0x10, 0x0, 0x0, 0xaf, 0x40,
    0x0, 0x6, 0xf6, 0x0, 0x0, 0xb, 0xf5, 0x0,
    0x0, 0x2f, 0xb0, 0x0, 0x0, 0xcf, 0xd8, 0x81,
    0x0, 0xce, 0x10, 0x0, 0x1, 0xff, 0xff, 0xf3,

    /* U+00BE "¾" */
    0x0, 0x1, 0x0, 0x0, 0x0, 0x0, 0x11, 0x0,
    0x5, 0xef, 0xe5, 0x0, 0x0, 0x3, 0xf9, 0x0,
    0x1f, 0xc6, 0xef, 0x0, 0x0, 0xd, 0xe0, 0x0,
    0x0, 0x1, 0xde, 0x0, 0x0, 0x8f, 0x40, 0x0,
    0x0, 0x6f, 0xf5, 0x0, 0x3, 0xf9, 0x0, 0x0,
    0x0, 0x14, 0xdf, 0x20, 0xd, 0xd0, 0x0, 0x0,
    0x27, 0x51, 0xbf, 0x40, 0x9f, 0x40, 0x0, 0x0,
    0x1d, 0xff, 0xfd, 0x3, 0xf9, 0x0, 0x6f, 0xf2,
    0x0, 0x57, 0x50, 0xd, 0xd0, 0x0, 0xef, 0xf2,
    0x0, 0x0, 0x0, 0x9f, 0x30, 0x8, 0xfa, 0xf2,
    0x0, 0x0, 0x4, 0xf9, 0x0, 0x2f, 0x98, 0xf2,
    0x0, 0x0, 0xd, 0xd0, 0x0, 0xbf, 0x39, 0xf3,
    0x0, 0x0, 0x9f, 0x30, 0x0, 0xff, 0xff, 0xff,
    0x0, 0x4, 0xf8, 0x0, 0x0, 0x45, 0x5b, 0xf6,
    0x0, 0x3, 0x50, 0x0, 0x0, 0x0, 0x2, 0x50,

    /* U+00BF "¿" */
    0x0, 0x0, 0xaf, 0x80, 0x0, 0x0, 0x1, 0xff,
    0xf0, 0x0, 0x0, 0x0, 0xaf, 0x80, 0x0, 0x0,
    0x0, 0x0, 0x0, 0x0, 0x0, 0x0, 0x8b, 0x70,
    0x0, 0x0, 0x0, 0xef, 0x90, 0x0, 0x0, 0x9,
    0xff, 0x60, 0x0, 0x1, 0xcf, 0xfc, 0x0, 0x0,
    0xa, 0xff, 0xa0, 0x0, 0x0, 0xf, 0xfc, 0x0,
    0x0, 0x0, 0x1f, 0xfa, 0x0, 0x3e, 0xe4, 0xe,
    0xff, 0x53, 0xcf, 0xf2, 0x6, 0xff, 0xff, 0xff,
    0x90, 0x0, 0x4b, 0xff, 0xc6, 0x0,

    /* U+00C0 "À" */
    0x0, 0x0, 0xbf, 0xa0, 0x0, 0x0, 0x0, 0x0,
    0x0, 0x1e, 0xf1, 0x0, 0x0, 0x0, 0x0, 0x0,
    0x5, 0xc5, 0x0, 0x0, 0x0, 0x0, 0x0, 0x0,
    0x0, 0x0, 0x0, 0x0, 0x0, 0x0, 0x4f, 0xff,
    0x90, 0x0, 0x0, 0x0, 0x0, 0x9f, 0xff, 0xe0,
    0x0, 0x0, 0x0, 0x0, 0xef, 0xcf, 0xf4, 0x0,
    0x0, 0x0, 0x4, 0xff, 0x5f, 0xfa, 0x0, 0x0,
    0x0, 0xa, 0xff, 0xb, 0xff, 0x0, 0x0, 0x0,
    0xf, 0xfc, 0x6, 0xff, 0x50, 0x0, 0x0, 0x5f,
    0xf7, 0x2, 0xff, 0xb0, 0x0, 0x0, 0xaf, 0xf4,
    0x11, 0xdf, 0xf1, 0x0, 0x0, 0xff, 0xff, 0xff,
    0xff, 0xf6, 0x0, 0x5, 0xff, 0xff, 0xff, 0xff,
    0xfc, 0x0, 0xb, 0xff, 0x30, 0x0, 0xd, 0xff,
    0x20, 0x1f, 0xfe, 0x0, 0x0, 0x7, 0xff, 0x70,
    0x6f, 0xf8, 0x0, 0x0, 0x2, 0xff, 0xd0,

    /* U+00C1 "Á" */
    0x0, 0x0, 0x0, 0x4f, 0xf1, 0x0, 0x0, 0x0,
    0x0, 0x0, 0xbf, 0x60, 0x0, 0x0, 0x0, 0x0,
    0x1, 0xb9, 0x0, 0x0, 0x0, 0x0, 0x0, 0x0,
    0x0, 0x0, 0x0, 0x0, 0x0, 0x0, 0x4f, 0xff,
    0x90, 0x0, 0x0, 0x0, 0x0, 0x9f, 0xff, 0xe0,
    0x0, 0x0, 0x0, 0x0, 0xef, 0xcf, 0xf4, 0x0,
    0x0, 0x0, 0x4, 0xff, 0x5f, 0xfa, 0x0, 0x0,
    0x0, 0xa, 0xff, 0xb, 0xff, 0x0, 0x0, 0x0,
    0xf, 0xfc, 0x6, 0xff, 0x50, 0x0, 0x0, 0x5f,
    0xf7, 0x2, 0xff, 0xb0, 0x0, 0x0, 0xaf, 0xf4,
    0x11, 0xdf, 0xf1, 0x0, 0x0, 0xff, 0xff, 0xff,
    0xff, 0xf6, 0x0, 0x5, 0xff, 0xff, 0xff, 0xff,
    0xfc, 0x0, 0xb, 0xff, 0x30, 0x0, 0xd, 0xff,
    0x20, 0x1f, 0xfe, 0x0, 0x0, 0x7, 0xff, 0x70,
    0x6f, 0xf8, 0x0, 0x0, 0x2, 0xff, 0xd0,

    /* U+00C2 "Â" */
    0x0, 0x0, 0xc, 0xff, 0x40, 0x0, 0x0, 0x0,
    0x1, 0xcf, 0x6d, 0xf4, 0x0, 0x0, 0x0, 0x5,
    0x85, 0x2, 0x87, 0x0, 0x0, 0x0, 0x0, 0x0,
    0x0, 0x0, 0x0, 0x0, 0x0, 0x0, 0x4f, 0xff,
    0x90, 0x0, 0x0, 0x0, 0x0, 0x9f, 0xff, 0xe0,
    0x0, 0x0, 0x0, 0x0, 0xef, 0xcf, 0xf4, 0x0,
    0x0, 0x0, 0x4, 0xff, 0x5f, 0xfa, 0x0, 0x0,
    0x0, 0xa, 0xff, 0xb, 0xff, 0x0, 0x0, 0x0,
    0xf, 0xfc, 0x6, 0xff, 0x50, 0x0, 0x0, 0x5f,
    0xf7, 0x2, 0xff, 0xb0, 0x0, 0x0, 0xaf, 0xf4,
    0x11, 0xdf, 0xf1, 0x0, 0x0, 0xff, 0xff, 0xff,
    0xff, 0xf6, 0x0, 0x5, 0xff, 0xff, 0xff, 0xff,
    0xfc, 0x0, 0xb, 0xff, 0x30, 0x0, 0xd, 0xff,
    0x20, 0x1f, 0xfe, 0x0, 0x0, 0x7, 0xff, 0x70,
    0x6f, 0xf8, 0x0, 0x0, 0x2, 0xff, 0xd0,

    /* U+00C3 "Ã" */
    0x0, 0x0, 0x1, 0x0, 0x11, 0x0, 0x0, 0x0,
    0x0, 0xbf, 0xc4, 0xda, 0x0, 0x0, 0x0, 0x3,
    0xf8, 0xcf, 0xf4, 0x0, 0x0, 0x0, 0x1, 0x50,
    0x3, 0x20, 0x0, 0x0, 0x0, 0x0, 0x0, 0x0,
    0x0, 0x0, 0x0, 0x0, 0x0, 0x4f, 0xff, 0x90,
    0x0, 0x0, 0x0, 0x0, 0x9f, 0xff, 0xe0, 0x0,
    0x0, 0x0, 0x0, 0xef, 0xcf, 0xf4, 0x0, 0x0,
    0x0, 0x4, 0xff, 0x5f, 0xfa, 0x0, 0x0, 0x0,
    0xa, 0xff, 0xb, 0xff, 0x0, 0x0, 0x0, 0xf,
    0xfc, 0x6, 0xff, 0x50, 0x0, 0x0, 0x5f, 0xf7,
    0x2, 0xff, 0xb0, 0x0, 0x0, 0xaf, 0xf4, 0x11,
    0xdf, 0xf1, 0x0, 0x0, 0xff, 0xff, 0xff, 0xff,
    0xf6, 0x0, 0x5, 0xff, 0xff, 0xff, 0xff, 0xfc,
    0x0, 0xb, 0xff, 0x30, 0x0, 0xd, 0xff, 0x20,
    0x1f, 0xfe, 0x0, 0x0, 0x7, 0xff, 0x70, 0x6f,
    0xf8, 0x0, 0x0, 0x2, 0xff, 0xd0,

    /* U+00C4 "Ä" */
    0x0, 0x4, 0xea, 0x5, 0xf9, 0x0, 0x0, 0x0,
    0x7, 0xff, 0x9, 0xfe, 0x0, 0x0, 0x0, 0x1,
    0x84, 0x1, 0x83, 0x0, 0x0, 0x0, 0x0, 0x0,
    0x0, 0x0, 0x0, 0x0, 0x0, 0x0, 0x4f, 0xff,
    0x90, 0x0, 0x0, 0x0, 0x0, 0x9f, 0xff, 0xe0,
    0x0, 0x0, 0x0, 0x0, 0xef, 0xcf, 0xf4, 0x0,
    0x0, 0x0, 0x4, 0xff, 0x5f, 0xfa, 0x0, 0x0,
    0x0, 0xa, 0xff, 0xb, 0xff, 0x0, 0x0, 0x0,
    0xf, 0xfc, 0x6, 0xff, 0x50, 0x0, 0x0, 0x5f,
    0xf7, 0x2, 0xff, 0xb0, 0x0, 0x0, 0xaf, 0xf4,
    0x11, 0xdf, 0xf1, 0x0, 0x0, 0xff, 0xff, 0xff,
    0xff, 0xf6, 0x0, 0x5, 0xff, 0xff, 0xff, 0xff,
    0xfc, 0x0, 0xb, 0xff, 0x30, 0x0, 0xd, 0xff,
    0x20, 0x1f, 0xfe, 0x0, 0x0, 0x7, 0xff, 0x70,
    0x6f, 0xf8, 0x0, 0x0, 0x2, 0xff, 0xd0,

    /* U+00C5 "Å" */
    0x0, 0x0, 0xa, 0xfd, 0x30, 0x0, 0x0, 0x0,
    0x0, 0x9e, 0x39, 0xf0, 0x0, 0x0, 0x0, 0x0,
    0xad, 0x17, 0xf0, 0x0, 0x0, 0x0, 0x0, 0x2d,
    0xff, 0x60, 0x0, 0x0, 0x0, 0x0, 0x0, 0x20,
    0x0, 0x0, 0x0, 0x0, 0x0, 0x4f, 0xff, 0x90,
    0x0, 0x0, 0x0, 0x0, 0x9f, 0xff, 0xe0, 0x0,
    0x0, 0x0, 0x0, 0xef, 0xcf, 0xf4, 0x0, 0x0,
    0x0, 0x4, 0xff, 0x5f, 0xfa, 0x0, 0x0, 0x0,
    0xa, 0xff, 0xb, 0xff, 0x0, 0x0, 0x0, 0xf,
    0xfc, 0x6, 0xff, 0x50, 0x0, 0x0, 0x5f, 0xf7,
    0x2, 0xff, 0xb0, 0x0, 0x0, 0xaf, 0xf4, 0x11,
    0xdf, 0xf1, 0x0, 0x0, 0xff, 0xff, 0xff, 0xff,
    0xf6, 0x0, 0x5, 0xff, 0xff, 0xff, 0xff, 0xfc,
    0x0, 0xb, 0xff, 0x30, 0x0, 0xd, 0xff, 0x20,
    0x1f, 0xfe, 0x0, 0x0, 0x7, 0xff, 0x70, 0x6f,
    0xf8, 0x0, 0x0, 0x2, 0xff, 0xd0,

    /* U+00C6 "Æ" */
    0x0, 0x0, 0x2, 0xff, 0xff, 0xff, 0xff, 0xff,
    0xf6, 0x0, 0x0, 0x9, 0xff, 0xcf, 0xff, 0xff,
    0xff, 0xf6, 0x0, 0x0, 0xf, 0xfc, 0x3f, 0xf7,
    0x33, 0x33, 0x31, 0x0, 0x0, 0x7f, 0xf5, 0x3f,
    0xf5, 0x0, 0x0, 0x0, 0x0, 0x0, 0xdf, 0xe0,
    0x3f, 0xf5, 0x0, 0x0, 0x0, 0x0, 0x4, 0xff,
    0x80, 0x3f, 0xff, 0xff, 0xff, 0xf0, 0x0, 0xb,
    0xff, 0x10, 0x3f, 0xff, 0xff, 0xff, 0xf0, 0x0,
    0x2f, 0xfa, 0x0, 0x3f, 0xf7, 0x33, 0x33, 0x30,
    0x0, 0x9f, 0xff, 0xff, 0xff, 0xf5, 0x0, 0x0,
    0x0, 0x1, 0xff, 0xff, 0xff, 0xff, 0xf5, 0x0,
    0x0, 0x0, 0x7, 0xff, 0x60, 0x0, 0x3f, 0xf7,
    0x33, 0x33, 0x31, 0xe, 0xff, 0x0, 0x0, 0x3f,
    0xff, 0xff, 0xff, 0xf7, 0x5f, 0xf9, 0x0, 0x0,
    0x3f, 0xff, 0xff, 0xff, 0xf7,

    /* U+00C7 "Ç" */
    0x0, 0x1, 0x8d, 0xff, 0xc7, 0x0, 0x0, 0x3,
    0xef, 0xff, 0xff, 0xfd, 0x10, 0x1, 0xef, 0xfb,
    0x77, 0xcf, 0xfc, 0x0, 0x9f, 0xf8, 0x0, 0x0,
    0xbf, 0xf3, 0xe, 0xfe, 0x0, 0x0, 0x2, 0xaa,
    0x41, 0xff, 0xa0, 0x0, 0x0, 0x0, 0x0, 0x2f,
    0xf9, 0x0, 0x0, 0x0, 0x0, 0x1, 0xff, 0x90,
    0x0, 0x0, 0x0, 0x0, 0xe, 0xfc, 0x0, 0x0,
    0x0, 0x44, 0x20, 0x9f, 0xf3, 0x0, 0x0, 0x7f,
    0xf5, 0x1, 0xef, 0xe5, 0x1, 0x6f, 0xfd, 0x0,
    0x4, 0xef, 0xff, 0xff, 0xfe, 0x20, 0x0, 0x1,
    0x9d, 0xff, 0xd8, 0x10, 0x0, 0x0, 0x0, 0xc,
    0x70, 0x0, 0x0, 0x0, 0x0, 0x0, 0xbf, 0xc0,
    0x0, 0x0, 0x0, 0x0, 0x0, 0x8f, 0x0, 0x0,
    0x0, 0x0, 0x4, 0xff, 0x90, 0x0, 0x0,

    /* U+00C8 "È" */
    0x0, 0xcf, 0x80, 0x0, 0x0, 0x2, 0xfe, 0x0,
    0x0, 0x0, 0x6, 0xc4, 0x0, 0x0, 0x0, 0x0,
    0x0, 0x0, 0xdf, 0xff, 0xff, 0xff, 0xfd, 0xff,
    0xff, 0xff, 0xff, 0xdf, 0xe3, 0x33, 0x33, 0x3d,
    0xfe, 0x0, 0x0, 0x0, 0xdf, 0xe0, 0x0, 0x0,
    0xd, 0xff, 0xff, 0xff, 0xf8, 0xdf, 0xff, 0xff,
    0xff, 0x8d, 0xfe, 0x33, 0x33, 0x31, 0xdf, 0xe0,
    0x0, 0x0, 0xd, 0xfe, 0x0, 0x0, 0x0, 0xdf,
    0xe3, 0x33, 0x33, 0x3d, 0xff, 0xff, 0xff, 0xff,
    0xdf, 0xff, 0xff, 0xff, 0xf0,

    /* U+00C9 "É" */
    0x0, 0x0, 0x5f, 0xe1, 0x0, 0x0, 0xc, 0xf4,
    0x0, 0x0, 0x2, 0xc8, 0x0, 0x0, 0x0, 0x0,
    0x0, 0x0, 0xdf, 0xff, 0xff, 0xff, 0xfd, 0xff,
    0xff, 0xff, 0xff, 0xdf, 0xe3, 0x33, 0x33, 0x3d,
    0xfe, 0x0, 0x0, 0x0, 0xdf, 0xe0, 0x0, 0x0,
    0xd, 0xff, 0xff, 0xff, 0xf8, 0xdf, 0xff, 0xff,
    0xff, 0x8d, 0xfe, 0x33, 0x33, 0x31, 0xdf, 0xe0,
    0x0, 0x0, 0xd, 0xfe, 0x0, 0x0, 0x0, 0xdf,
    0xe3, 0x33, 0x33, 0x3d, 0xff, 0xff, 0xff, 0xff,
    0xdf, 0xff, 0xff, 0xff, 0xf0,

    /* U+00CA "Ê" */
    0x0, 0x1d, 0xfe, 0x20, 0x0, 0x1d, 0xf6, 0xee,
    0x30, 0x6, 0x84, 0x3, 0x86, 0x0, 0x0, 0x0,
    0x0, 0x0, 0xdf, 0xff, 0xff, 0xff, 0xfd, 0xff,
    0xff, 0xff, 0xff, 0xdf, 0xe3, 0x33, 0x33, 0x3d,
    0xfe, 0x0, 0x0, 0x0, 0xdf, 0xe0, 0x0, 0x0,
    0xd, 0xff, 0xff, 0xff, 0xf8, 0xdf, 0xff, 0xff,
    0xff, 0x8d, 0xfe, 0x33, 0x33, 0x31, 0xdf, 0xe0,
    0x0, 0x0, 0xd, 0xfe, 0x0, 0x0, 0x0, 0xdf,
    0xe3, 0x33, 0x33, 0x3d, 0xff, 0xff, 0xff, 0xff,
    0xdf, 0xff, 0xff, 0xff, 0xf0,

    /* U+00CB "Ë" */
    0x5, 0xf9, 0x6, 0xf7, 0x0, 0x9f, 0xe0, 0xbf,
    0xc0, 0x1, 0x83, 0x2, 0x82, 0x0, 0x0, 0x0,
    0x0, 0x0, 0xdf, 0xff, 0xff, 0xff, 0xfd, 0xff,
    0xff, 0xff, 0xff, 0xdf, 0xe3, 0x33, 0x33, 0x3d,
    0xfe, 0x0, 0x0, 0x0, 0xdf, 0xe0, 0x0, 0x0,
    0xd, 0xff, 0xff, 0xff, 0xf8, 0xdf, 0xff, 0xff,
    0xff, 0x8d, 0xfe, 0x33, 0x33, 0x31, 0xdf, 0xe0,
    0x0, 0x0, 0xd, 0xfe, 0x0, 0x0, 0x0, 0xdf,
    0xe3, 0x33, 0x33, 0x3d, 0xff, 0xff, 0xff, 0xff,
    0xdf, 0xff, 0xff, 0xff, 0xf0,

    /* U+00CC "Ì" */
    0xd, 0xf7, 0x0, 0x3f, 0xe0, 0x0, 0x7c, 0x30,
    0x0, 0x0, 0x0, 0xdf, 0xe0, 0xd, 0xfe, 0x0,
    0xdf, 0xe0, 0xd, 0xfe, 0x0, 0xdf, 0xe0, 0xd,
    0xfe, 0x0, 0xdf, 0xe0, 0xd, 0xfe, 0x0, 0xdf,
    0xe0, 0xd, 0xfe, 0x0, 0xdf, 0xe0, 0xd, 0xfe,
    0x0, 0xdf, 0xe0,

    /* U+00CD "Í" */
    0x6, 0xfd, 0x0, 0xdf, 0x40, 0x3c, 0x80, 0x0,
    0x0, 0x0, 0xdf, 0xe0, 0xd, 0xfe, 0x0, 0xdf,
    0xe0, 0xd, 0xfe, 0x0, 0xdf, 0xe0, 0xd, 0xfe,
    0x0, 0xdf, 0xe0, 0xd, 0xfe, 0x0, 0xdf, 0xe0,
    0xd, 0xfe, 0x0, 0xdf, 0xe0, 0xd, 0xfe, 0x0,
    0xdf, 0xe0, 0x0,

    /* U+00CE "Î" */
    0x0, 0x2d, 0xfe, 0x20, 0x0, 0x2e, 0xf6, 0xee,
    0x20, 0x6, 0x84, 0x3, 0x86, 0x0, 0x0, 0x0,
    0x0, 0x0, 0x0, 0xd, 0xfe, 0x0, 0x0, 0x0,
    0xdf, 0xe0, 0x0, 0x0, 0xd, 0xfe, 0x0, 0x0,
    0x0, 0xdf, 0xe0, 0x0, 0x0, 0xd, 0xfe, 0x0,
    0x0, 0x0, 0xdf, 0xe0, 0x0, 0x0, 0xd, 0xfe,
    0x0, 0x0, 0x0, 0xdf, 0xe0, 0x0, 0x0, 0xd,
    0xfe, 0x0, 0x0, 0x0, 0xdf, 0xe0, 0x0, 0x0,
    0xd, 0xfe, 0x0, 0x0, 0x0, 0xdf, 0xe0, 0x0,
    0x0, 0xd, 0xfe, 0x0, 0x0,

    /* U+00CF "Ï" */
    0x6f, 0x80, 0x7f, 0x6a, 0xfd, 0xc, 0xfb, 0x18,
    0x30, 0x28, 0x20, 0x0, 0x0, 0x0, 0x0, 0xdf,
    0xe0, 0x0, 0xd, 0xfe, 0x0, 0x0, 0xdf, 0xe0,
    0x0, 0xd, 0xfe, 0x0, 0x0, 0xdf, 0xe0, 0x0,
    0xd, 0xfe, 0x0, 0x0, 0xdf, 0xe0, 0x0, 0xd,
    0xfe, 0x0, 0x0, 0xdf, 0xe0, 0x0, 0xd, 0xfe,
    0x0, 0x0, 0xdf, 0xe0, 0x0, 0xd, 0xfe, 0x0,
    0x0, 0xdf, 0xe0, 0x0,

    /* U+00D0 "Ð" */
    0x2, 0xff, 0xff, 0xfe, 0xb5, 0x0, 0x0, 0x2f,
    0xff, 0xff, 0xff, 0xfc, 0x10, 0x2, 0xff, 0xb5,
    0x57, 0xdf, 0xfb, 0x0, 0x2f, 0xf8, 0x0, 0x0,
    0xbf, 0xf4, 0x2, 0xff, 0x80, 0x0, 0x2, 0xff,
    0x9a, 0xdf, 0xfe, 0xdd, 0x40, 0xe, 0xfb, 0xdf,
    0xff, 0xff, 0xf5, 0x0, 0xdf, 0xd0, 0x2f, 0xf8,
    0x0, 0x0, 0xe, 0xfb, 0x2, 0xff, 0x80, 0x0,
    0x2, 0xff, 0x90, 0x2f, 0xf8, 0x0, 0x0, 0xbf,
    0xf3, 0x2, 0xff, 0xb5, 0x57, 0xdf, 0xfb, 0x0,
    0x2f, 0xff, 0xff, 0xff, 0xfc, 0x10, 0x2, 0xff,
    0xff, 0xfe, 0xb5, 0x0, 0x0,

    /* U+00D1 "Ñ" */
    0x0, 0x0, 0x10, 0x1, 0x20, 0x0, 0x0, 0x9,
    0xfd, 0x4b, 0xd0, 0x0, 0x0, 0x1f, 0xaa, 0xff,
    0x60, 0x0, 0x0, 0x5, 0x10, 0x33, 0x0, 0x0,
    0x0, 0x0, 0x0, 0x0, 0x0, 0x0, 0xdf, 0xf7,
    0x0, 0x0, 0x3f, 0xf8, 0xdf, 0xff, 0x20, 0x0,
    0x3f, 0xf8, 0xdf, 0xff, 0xb0, 0x0, 0x3f, 0xf8,
    0xdf, 0xef, 0xf5, 0x0, 0x3f, 0xf8, 0xdf, 0xda,
    0xfe, 0x10, 0x3f, 0xf8, 0xdf, 0xd2, 0xff, 0xa0,
    0x3f, 0xf8, 0xdf, 0xe0, 0x8f, 0xf4, 0x3f, 0xf8,
    0xdf, 0xe0, 0xe, 0xfd, 0x2f, 0xf8, 0xdf, 0xe0,
    0x4, 0xff, 0x7f, 0xf8, 0xdf, 0xe0, 0x0, 0xaf,
    0xef, 0xf8, 0xdf, 0xe0, 0x0, 0x1f, 0xff, 0xf8,
    0xdf, 0xe0, 0x0, 0x6, 0xff, 0xf8, 0xdf, 0xe0,
    0x0, 0x0, 0xcf, 0xf8,

    /* U+00D2 "Ò" */
    0x0, 0x0, 0x7f, 0xd0, 0x0, 0x0, 0x0, 0x0,
    0x0, 0xc, 0xf5, 0x0, 0x0, 0x0, 0x0, 0x0,
    0x2, 0xb8, 0x0, 0x0, 0x0, 0x0, 0x0, 0x0,
    0x0, 0x0, 0x0, 0x0, 0x0, 0x1, 0x8d, 0xfe,
    0xc7, 0x0, 0x0, 0x0, 0x3e, 0xff, 0xff, 0xff,
    0xd2, 0x0, 0x1, 0xef, 0xfb, 0x77, 0xcf, 0xfd,
    0x0, 0x9, 0xff, 0x70, 0x0, 0xa, 0xff, 0x60,
    0xe, 0xfe, 0x0, 0x0, 0x1, 0xff, 0xc0, 0x1f,
    0xfa, 0x0, 0x0, 0x0, 0xcf, 0xf0, 0x2f, 0xf9,
    0x0, 0x0, 0x0, 0xbf, 0xf0, 0x1f, 0xfa, 0x0,
    0x0, 0x0, 0xcf, 0xf0, 0xe, 0xfe, 0x0, 0x0,
    0x1, 0xff, 0xc0, 0x9, 0xff, 0x70, 0x0, 0xa,
    0xff, 0x60, 0x1, 0xef, 0xfb, 0x77, 0xcf, 0xfd,
    0x0, 0x0, 0x3e, 0xff, 0xff, 0xff, 0xd2, 0x0,
    0x0, 0x1, 0x8d, 0xff, 0xc7, 0x0, 0x0,

    /* U+00D3 "Ó" */
    0x0, 0x0, 0x0, 0x1f, 0xf5, 0x0, 0x0, 0x0,
    0x0, 0x0, 0x7f, 0xa0, 0x0, 0x0, 0x0, 0x0,
    0x0, 0xab, 0x10, 0x0, 0x0, 0x0, 0x0, 0x0,
    0x0, 0x0, 0x0, 0x0, 0x0, 0x1, 0x8d, 0xfe,
    0xc7, 0x0, 0x0, 0x0, 0x3e, 0xff, 0xff, 0xff,
    0xd2, 0x0, 0x1, 0xef, 0xfb, 0x77, 0xcf, 0xfd,
    0x0, 0x9, 0xff, 0x70, 0x0, 0xa, 0xff, 0x60,
    0xe, 0xfe, 0x0, 0x0, 0x1, 0xff, 0xc0, 0x1f,
    0xfa, 0x0, 0x0, 0x0, 0xcf, 0xf0, 0x2f, 0xf9,
    0x0, 0x0, 0x0, 0xbf, 0xf0, 0x1f, 0xfa, 0x0,
    0x0, 0x0, 0xcf, 0xf0, 0xe, 0xfe, 0x0, 0x0,
    0x1, 0xff, 0xc0, 0x9, 0xff, 0x70, 0x0, 0xa,
    0xff, 0x60, 0x1, 0xef, 0xfb, 0x77, 0xcf, 0xfd,
    0x0, 0x0, 0x3e, 0xff, 0xff, 0xff, 0xd2, 0x0,
    0x0, 0x1, 0x8d, 0xff, 0xc7, 0x0, 0x0,

    /* U+00D4 "Ô" */
    0x0, 0x0, 0x2, 0x87, 0x10, 0x0, 0x0, 0x0,
    0x0, 0x1d, 0xff, 0xc0, 0x0, 0x0, 0x0, 0x0,
    0xcf, 0x68, 0xfa, 0x0, 0x0, 0x0, 0x3, 0x86,
    0x0, 0x78, 0x20, 0x0, 0x0, 0x0, 0x0, 0x0,
    0x0, 0x0, 0x0, 0x0, 0x1, 0x8d, 0xfe, 0xc7,
    0x0, 0x0, 0x0, 0x3e, 0xff, 0xff, 0xff, 0xd2,
    0x0, 0x1, 0xef, 0xfb, 0x77, 0xcf, 0xfd, 0x0,
    0x9, 0xff, 0x70, 0x0, 0xa, 0xff, 0x60, 0xe,
    0xfe, 0x0, 0x0, 0x1, 0xff, 0xc0, 0x1f, 0xfa,
    0x0, 0x0, 0x0, 0xcf, 0xf0, 0x2f, 0xf9, 0x0,
    0x0, 0x0, 0xbf, 0xf0, 0x1f, 0xfa, 0x0, 0x0,
    0x0, 0xcf, 0xf0, 0xe, 0xfe, 0x0, 0x0, 0x1,
    0xff, 0xc0, 0x9, 0xff, 0x70, 0x0, 0xa, 0xff,
    0x60, 0x1, 0xef, 0xfb, 0x77, 0xcf, 0xfd, 0x0,
    0x0, 0x3e, 0xff, 0xff, 0xff, 0xd2, 0x0, 0x0,
    0x1, 0x8d, 0xff, 0xc7, 0x0, 0x0,

    /* U+00D5 "Õ" */
    0x0, 0x0, 0x1, 0x0, 0x12, 0x0, 0x0, 0x0,
    0x0, 0x8f, 0xe5, 0xae, 0x0, 0x0, 0x0, 0x0,
    0xfa, 0xaf, 0xf8, 0x0, 0x0, 0x0, 0x0, 0x51,
    0x2, 0x30, 0x0, 0x0, 0x0, 0x0, 0x0, 0x0,
    0x0, 0x0, 0x0, 0x0, 0x1, 0x8d, 0xfe, 0xc7,
    0x0, 0x0, 0x0, 0x3e, 0xff, 0xff, 0xff, 0xd2,
    0x0, 0x1, 0xef, 0xfb, 0x77, 0xcf, 0xfd, 0x0,
    0x9, 0xff, 0x70, 0x0, 0xa, 0xff, 0x60, 0xe,
    0xfe, 0x0, 0x0, 0x1, 0xff, 0xc0, 0x1f, 0xfa,
    0x0, 0x0, 0x0, 0xcf, 0xf0, 0x2f, 0xf9, 0x0,
    0x0, 0x0, 0xbf, 0xf0, 0x1f, 0xfa, 0x0, 0x0,
    0x0, 0xcf, 0xf0, 0xe, 0xfe, 0x0, 0x0, 0x1,
    0xff, 0xc0, 0x9, 0xff, 0x70, 0x0, 0xa, 0xff,
    0x60, 0x1, 0xef, 0xfb, 0x77, 0xcf, 0xfd, 0x0,
    0x0, 0x3e, 0xff, 0xff, 0xff, 0xd2, 0x0, 0x0,
    0x1, 0x8d, 0xff, 0xc7, 0x0, 0x0,

    /* U+00D6 "Ö" */
    0x0, 0x1, 0xdd, 0x12, 0xec, 0x0, 0x0, 0x0,
    0x4, 0xff, 0x35, 0xff, 0x20, 0x0, 0x0, 0x0,
    0x66, 0x0, 0x75, 0x0, 0x0, 0x0, 0x0, 0x0,
    0x0, 0x0, 0x0, 0x0, 0x0, 0x1, 0x8d, 0xfe,
    0xc7, 0x0, 0x0, 0x0, 0x3e, 0xff, 0xff, 0xff,
    0xd2, 0x0, 0x1, 0xef, 0xfb, 0x77, 0xcf, 0xfd,
    0x0, 0x9, 0xff, 0x70, 0x0, 0xa, 0xff, 0x60,
    0xe, 0xfe, 0x0, 0x0, 0x1, 0xff, 0xc0, 0x1f,
    0xfa, 0x0, 0x0, 0x0, 0xcf, 0xf0, 0x2f, 0xf9,
    0x0, 0x0, 0x0, 0xbf, 0xf0, 0x1f, 0xfa, 0x0,
    0x0, 0x0, 0xcf, 0xf0, 0xe, 0xfe, 0x0, 0x0,
    0x1, 0xff, 0xc0, 0x9, 0xff, 0x70, 0x0, 0xa,
    0xff, 0x60, 0x1, 0xef, 0xfb, 0x77, 0xcf, 0xfd,
    0x0, 0x0, 0x3e, 0xff, 0xff, 0xff, 0xd2, 0x0,
    0x0, 0x1, 0x8d, 0xff, 0xc7, 0x0, 0x0,

    /* U+00D7 "×" */
    0x4, 0x80, 0x0, 0x5, 0x70, 0x3f, 0xf8, 0x0,
    0x4f, 0xf6, 0xb, 0xff, 0x84, 0xff, 0xe2, 0x0,
    0xbf, 0xff, 0xfe, 0x20, 0x0, 0xc, 0xff, 0xf2,
    0x0, 0x0, 0x4f, 0xff, 0xf8, 0x0, 0x4, 0xff,
    0xeb, 0xff, 0x70, 0x3f, 0xfe, 0x20, 0xbf, 0xf6,
    0xb, 0xe2, 0x0, 0xb, 0xd1, 0x0, 0x10, 0x0,
    0x0, 0x10,

    /* U+00D8 "Ø" */
    0x0, 0x0, 0x0, 0x0, 0x0, 0x1, 0x0, 0x0,
    0x1, 0x8d, 0xfe, 0xc6, 0xae, 0x10, 0x0, 0x3e,
    0xff, 0xff, 0xff, 0xf9, 0x0, 0x1, 0xef, 0xfb,
    0x77, 0xcf, 0xfd, 0x0, 0x9, 0xff, 0x70, 0x0,
    0xcf, 0xff, 0x60, 0xe, 0xfe, 0x0, 0x8, 0xf7,
    0xff, 0xc0, 0x1f, 0xfa, 0x0, 0x4f, 0xa0, 0xcf,
    0xe0, 0x2f, 0xf9, 0x1, 0xed, 0x0, 0xbf, 0xf0,
    0x1f, 0xfa, 0xc, 0xf3, 0x0, 0xcf, 0xf0, 0xe,
    0xfe, 0x8f, 0x60, 0x1, 0xff, 0xc0, 0x8, 0xff,
    0xfa, 0x0, 0xa, 0xff, 0x70, 0x1, 0xef, 0xfb,
    0x77, 0xcf, 0xfd, 0x0, 0x0, 0xbf, 0xff, 0xff,
    0xff, 0xd2, 0x0, 0x2, 0xf9, 0x7d, 0xff, 0xc7,
    0x0, 0x0, 0x0, 0x20, 0x0, 0x0, 0x0, 0x0,
    0x0,

    /* U+00D9 "Ù" */
    0x0, 0xc, 0xf8, 0x0, 0x0, 0x0, 0x0, 0x2f,
    0xe0, 0x0, 0x0, 0x0, 0x0, 0x6c, 0x40, 0x0,
    0x0, 0x0, 0x0, 0x0, 0x0, 0x0, 0xdf, 0xe0,
    0x0, 0x0, 0xbf, 0xfd, 0xfe, 0x0, 0x0, 0xb,
    0xff, 0xdf, 0xe0, 0x0, 0x0, 0xbf, 0xfd, 0xfe,
    0x0, 0x0, 0xb, 0xff, 0xdf, 0xe0, 0x0, 0x0,
    0xbf, 0xfd, 0xfe, 0x0, 0x0, 0xb, 0xff, 0xdf,
    0xe0, 0x0, 0x0, 0xbf, 0xfd, 0xfe, 0x0, 0x0,
    0xb, 0xff, 0xcf, 0xe0, 0x0, 0x0, 0xcf, 0xfa,
    0xff, 0x50, 0x0, 0x2f, 0xfd, 0x4f, 0xff, 0x96,
    0x8f, 0xff, 0x60, 0x7f, 0xff, 0xff, 0xff, 0xa0,
    0x0, 0x3a, 0xef, 0xeb, 0x50, 0x0,

    /* U+00DA "Ú" */
    0x0, 0x0, 0x5, 0xfe, 0x10, 0x0, 0x0, 0x0,
    0xcf, 0x40, 0x0, 0x0, 0x0, 0x2c, 0x80, 0x0,
    0x0, 0x0, 0x0, 0x0, 0x0, 0x0, 0xdf, 0xe0,
    0x0, 0x0, 0xbf, 0xfd, 0xfe, 0x0, 0x0, 0xb,
    0xff, 0xdf, 0xe0, 0x0, 0x0, 0xbf, 0xfd, 0xfe,
    0x0, 0x0, 0xb, 0xff, 0xdf, 0xe0, 0x0, 0x0,
    0xbf, 0xfd, 0xfe, 0x0, 0x0, 0xb, 0xff, 0xdf,
    0xe0, 0x0, 0x0, 0xbf, 0xfd, 0xfe, 0x0, 0x0,
    0xb, 0xff, 0xcf, 0xe0, 0x0, 0x0, 0xcf, 0xfa,
    0xff, 0x50, 0x0, 0x2f, 0xfd, 0x4f, 0xff, 0x96,
    0x8f, 0xff, 0x60, 0x7f, 0xff, 0xff, 0xff, 0xa0,
    0x0, 0x3a, 0xef, 0xeb, 0x50, 0x0,

    /* U+00DB "Û" */
    0x0, 0x0, 0x58, 0x60, 0x0, 0x0, 0x0, 0x4f,
    0xff, 0x70, 0x0, 0x0, 0x3f, 0xf2, 0xdf, 0x40,
    0x0, 0x6, 0x84, 0x2, 0x87, 0x0, 0x0, 0x0,
    0x0, 0x0, 0x0, 0xd, 0xfe, 0x0, 0x0, 0xb,
    0xff, 0xdf, 0xe0, 0x0, 0x0, 0xbf, 0xfd, 0xfe,
    0x0, 0x0, 0xb, 0xff, 0xdf, 0xe0, 0x0, 0x0,
    0xbf, 0xfd, 0xfe, 0x0, 0x0, 0xb, 0xff, 0xdf,
    0xe0, 0x0, 0x0, 0xbf, 0xfd, 0xfe, 0x0, 0x0,
    0xb, 0xff, 0xdf, 0xe0, 0x0, 0x0, 0xbf, 0xfc,
    0xfe, 0x0, 0x0, 0xc, 0xff, 0xaf, 0xf5, 0x0,
    0x2, 0xff, 0xd4, 0xff, 0xf9, 0x68, 0xff, 0xf6,
    0x7, 0xff, 0xff, 0xff, 0xfa, 0x0, 0x3, 0xae,
    0xfe, 0xb5, 0x0,

    /* U+00DC "Ü" */
    0x0, 0x5f, 0x90, 0x6f, 0x70, 0x0, 0x9, 0xfe,
    0xb, 0xfc, 0x0, 0x0, 0x18, 0x30, 0x28, 0x20,
    0x0, 0x0, 0x0, 0x0, 0x0, 0x0, 0xdf, 0xe0,
    0x0, 0x0, 0xbf, 0xfd, 0xfe, 0x0, 0x0, 0xb,
    0xff, 0xdf, 0xe0, 0x0, 0x0, 0xbf, 0xfd, 0xfe,
    0x0, 0x0, 0xb, 0xff, 0xdf, 0xe0, 0x0, 0x0,
    0xbf, 0xfd, 0xfe, 0x0, 0x0, 0xb, 0xff, 0xdf,
    0xe0, 0x0, 0x0, 0xbf, 0xfd, 0xfe, 0x0, 0x0,
    0xb, 0xff, 0xcf, 0xe0, 0x0, 0x0, 0xcf, 0xfa,
    0xff, 0x50, 0x0, 0x2f, 0xfd, 0x4f, 0xff, 0x96,
    0x8f, 0xff, 0x60, 0x7f, 0xff, 0xff, 0xff, 0xa0,
    0x0, 0x3a, 0xef, 0xeb, 0x50, 0x0,

    /* U+00DD "Ý" */
    0x0, 0x0, 0x0, 0x6f, 0xe1, 0x0, 0x0, 0x0,
    0x0, 0xd, 0xf4, 0x0, 0x0, 0x0, 0x0, 0x2,
    0xc8, 0x0, 0x0, 0x0, 0x0, 0x0, 0x0, 0x0,
    0x0, 0x0, 0x4f, 0xfd, 0x0, 0x0, 0xa, 0xff,
    0x70, 0xaf, 0xf6, 0x0, 0x3, 0xff, 0xd0, 0x1,
    0xff, 0xe0, 0x0, 0xbf, 0xf4, 0x0, 0x7, 0xff,
    0x70, 0x4f, 0xfa, 0x0, 0x0, 0xd, 0xff, 0x1c,
    0xff, 0x10, 0x0, 0x0, 0x4f, 0xfb, 0xff, 0x70,
    0x0, 0x0, 0x0, 0xaf, 0xff, 0xd0, 0x0, 0x0,
    0x0, 0x1, 0xff, 0xf4, 0x0, 0x0, 0x0, 0x0,
    0xb, 0xff, 0x0, 0x0, 0x0, 0x0, 0x0, 0xbf,
    0xf0, 0x0, 0x0, 0x0, 0x0, 0xb, 0xff, 0x0,
    0x0, 0x0, 0x0, 0x0, 0xbf, 0xf0, 0x0, 0x0,
    0x0, 0x0, 0xb, 0xff, 0x0, 0x0, 0x0,

    /* U+00DE "Þ" */
    0xdf, 0xd0, 0x0, 0x0, 0x0, 0xdf, 0xd0, 0x0,
    0x0, 0x0, 0xdf, 0xff, 0xfe, 0xc6, 0x0, 0xdf,
    0xff, 0xff, 0xff, 0xa0, 0xdf, 0xd1, 0x13, 0xbf,
    0xf4, 0xdf, 0xd0, 0x0, 0x1f, 0xf9, 0xdf, 0xd0,
    0x0, 0xf, 0xf9, 0xdf, 0xd0, 0x1, 0x9f, 0xf5,
    0xdf, 0xff, 0xff, 0xff, 0xb0, 0xdf, 0xff, 0xff,
    0xd7, 0x0, 0xdf, 0xd1, 0x10, 0x0, 0x0, 0xdf,
    0xd0, 0x0, 0x0, 0x0, 0xdf, 0xd0, 0x0, 0x0,
    0x0,

    /* U+00DF "ß" */
    0x2, 0x9e, 0xfe, 0xb6, 0x0, 0x2, 0xef, 0xff,
    0xff, 0xf9, 0x0, 0xaf, 0xfa, 0x46, 0xef, 0xf2,
    0xc, 0xfe, 0x0, 0x8, 0xff, 0x30, 0xdf, 0xd0,
    0x2, 0xdf, 0xd0, 0xd, 0xfd, 0xb, 0xff, 0xc1,
    0x0, 0xdf, 0xd0, 0xbf, 0xff, 0xd1, 0xd, 0xfd,
    0x1, 0x26, 0xff, 0xb0, 0xdf, 0xd0, 0x0, 0xa,
    0xff, 0xd, 0xfd, 0x0, 0x0, 0xaf, 0xf1, 0xdf,
    0xd0, 0x23, 0x6f, 0xfe, 0xd, 0xfd, 0xc, 0xff,
    0xff, 0x60, 0xdf, 0xd0, 0xcf, 0xfc, 0x50, 0x0,

    /* U+00E0 "à" */
    0x0, 0x3f, 0xf2, 0x0, 0x0, 0x0, 0x8, 0xf9,
    0x0, 0x0, 0x0, 0x0, 0xbb, 0x0, 0x0, 0x0,
    0x0, 0x0, 0x0, 0x0, 0x0, 0x5c, 0xff, 0xc7,
    0x0, 0x7, 0xff, 0xff, 0xff, 0xa0, 0xc, 0xfb,
    0x10, 0xaf, 0xf3, 0x0, 0x0, 0x0, 0x7f, 0xf5,
    0x0, 0x6b, 0xdf, 0xff, 0xf5, 0xc, 0xff, 0xc9,
    0x9f, 0xf5, 0x5f, 0xf5, 0x0, 0x5f, 0xf5, 0x5f,
    0xf5, 0x1, 0xcf, 0xf5, 0x1f, 0xff, 0xef, 0xdf,
    0xf5, 0x3, 0xcf, 0xe9, 0x3f, 0xf5,

    /* U+00E1 "á" */
    0x0, 0x0, 0xc, 0xf8, 0x0, 0x0, 0x0, 0x3f,
    0xd0, 0x0, 0x0, 0x0, 0x7c, 0x30, 0x0, 0x0,
    0x0, 0x0, 0x0, 0x0, 0x0, 0x5c, 0xff, 0xc7,
    0x0, 0x7, 0xff, 0xff, 0xff, 0xa0, 0xc, 0xfb,
    0x10, 0xaf, 0xf3, 0x0, 0x0, 0x0, 0x7f, 0xf5,
    0x0, 0x6b, 0xdf, 0xff, 0xf5, 0xc, 0xff, 0xc9,
    0x9f, 0xf5, 0x5f, 0xf5, 0x0, 0x5f, 0xf5, 0x5f,
    0xf5, 0x1, 0xcf, 0xf5, 0x1f, 0xff, 0xef, 0xdf,
    0xf5, 0x3, 0xcf, 0xe9, 0x3f, 0xf5,

    /* U+00E2 "â" */
    0x0, 0x5, 0xff, 0xa0, 0x0, 0x0, 0x6f, 0xc7,
    0xfb, 0x0, 0x1, 0x77, 0x10, 0x68, 0x30, 0x0,
    0x0, 0x0, 0x0, 0x0, 0x0, 0x5c, 0xff, 0xc7,
    0x0, 0x7, 0xff, 0xff, 0xff, 0xa0, 0xc, 0xfb,
    0x10, 0xaf, 0xf3, 0x0, 0x0, 0x0, 0x7f, 0xf5,
    0x0, 0x6b, 0xdf, 0xff, 0xf5, 0xc, 0xff, 0xc9,
    0x9f, 0xf5, 0x5f, 0xf5, 0x0, 0x5f, 0xf5, 0x5f,
    0xf5, 0x1, 0xcf, 0xf5, 0x1f, 0xff, 0xef, 0xdf,
    0xf5, 0x3, 0xcf, 0xe9, 0x3f, 0xf5,

    /* U+00E3 "ã" */
    0x0, 0x6, 0x62, 0x28, 0x10, 0x0, 0x9f, 0xff,
    0xfe, 0x0, 0x0, 0x65, 0x15, 0x62, 0x0, 0x0,
    0x0, 0x0, 0x0, 0x0, 0x0, 0x5c, 0xff, 0xc7,
    0x0, 0x7, 0xff, 0xff, 0xff, 0xa0, 0xc, 0xfb,
    0x10, 0xaf, 0xf3, 0x0, 0x0, 0x0, 0x7f, 0xf5,
    0x0, 0x6b, 0xdf, 0xff, 0xf5, 0xc, 0xff, 0xc9,
    0x9f, 0xf5, 0x5f, 0xf5, 0x0, 0x5f, 0xf5, 0x5f,
    0xf5, 0x1, 0xcf, 0xf5, 0x1f, 0xff, 0xef, 0xdf,
    0xf5, 0x3, 0xcf, 0xe9, 0x3f, 0xf5,

    /* U+00E4 "ä" */
    0x0, 0x36, 0x0, 0x46, 0x0, 0x0, 0xff, 0x71,
    0xff, 0x50, 0x0, 0xcf, 0x40, 0xdf, 0x30, 0x0,
    0x0, 0x0, 0x0, 0x0, 0x0, 0x5c, 0xff, 0xc7,
    0x0, 0x7, 0xff, 0xff, 0xff, 0xa0, 0xc, 0xfb,
    0x10, 0xaf, 0xf3, 0x0, 0x0, 0x0, 0x7f, 0xf5,
    0x0, 0x6b, 0xdf, 0xff, 0xf5, 0xc, 0xff, 0xc9,
    0x9f, 0xf5, 0x5f, 0xf5, 0x0, 0x5f, 0xf5, 0x5f,
    0xf5, 0x1, 0xcf, 0xf5, 0x1f, 0xff, 0xef, 0xdf,
    0xf5, 0x3, 0xcf, 0xe9, 0x3f, 0xf5,

    /* U+00E5 "å" */
    0x0, 0x0, 0x0, 0x0, 0x0, 0x0, 0x5, 0xef,
    0x90, 0x0, 0x0, 0x1f, 0x84, 0xf7, 0x0, 0x0,
    0x2f, 0x62, 0xe8, 0x0, 0x0, 0x8, 0xff, 0xc1,
    0x0, 0x0, 0x0, 0x12, 0x0, 0x0, 0x0, 0x5c,
    0xff, 0xc7, 0x0, 0x7, 0xff, 0xff, 0xff, 0xa0,
    0xc, 0xfb, 0x10, 0xaf, 0xf3, 0x0, 0x0, 0x0,
    0x7f, 0xf5, 0x0, 0x6b, 0xdf, 0xff, 0xf5, 0xc,
    0xff, 0xc9, 0x9f, 0xf5, 0x5f, 0xf5, 0x0, 0x5f,
    0xf5, 0x5f, 0xf5, 0x1, 0xcf, 0xf5, 0x1f, 0xff,
    0xef, 0xdf, 0xf5, 0x3, 0xcf, 0xe9, 0x3f, 0xf5,

    /* U+00E6 "æ" */
    0x0, 0x5c, 0xff, 0xd5, 0x3b, 0xef, 0xc6, 0x0,
    0x7, 0xff, 0xff, 0xff, 0xff, 0xff, 0xff, 0x90,
    0xb, 0xeb, 0x10, 0x9f, 0xfb, 0x10, 0x8f, 0xf3,
    0x0, 0x0, 0x0, 0x4f, 0xf2, 0x0, 0xe, 0xf8,
    0x1, 0x7d, 0xff, 0xff, 0xff, 0xff, 0xff, 0xfa,
    0xd, 0xff, 0xca, 0xcf, 0xfa, 0xaa, 0xaa, 0xa7,
    0x5f, 0xf5, 0x0, 0x5f, 0xf2, 0x0, 0x1, 0x0,
    0x5f, 0xf6, 0x3, 0xdf, 0xfb, 0x10, 0x5f, 0xf7,
    0x1f, 0xff, 0xff, 0xfb, 0xff, 0xff, 0xff, 0xd0,
    0x3, 0xcf, 0xfc, 0x50, 0x3b, 0xff, 0xd8, 0x0,

    /* U+00E7 "ç" */
    0x0, 0x18, 0xdf, 0xd8, 0x10, 0x1, 0xdf, 0xff,
    0xff, 0xd1, 0xa, 0xff, 0x72, 0x6f, 0xf9, 0xf,
    0xfb, 0x0, 0x9, 0xa6, 0x3f, 0xf8, 0x0, 0x0,
    0x0, 0x4f, 0xf7, 0x0, 0x0, 0x0, 0x2f, 0xf9,
    0x0, 0x2, 0x10, 0xe, 0xfd, 0x0, 0xd, 0xfb,
    0x7, 0xff, 0xc7, 0xcf, 0xf6, 0x0, 0x9f, 0xff,
    0xff, 0x90, 0x0, 0x3, 0x9f, 0x83, 0x0, 0x0,
    0x0, 0x3f, 0xb3, 0x0, 0x0, 0x0, 0x1, 0xda,
    0x0, 0x0, 0x0, 0x9f, 0xe5, 0x0,

    /* U+00E8 "è" */
    0x0, 0x1e, 0xf5, 0x0, 0x0, 0x0, 0x0, 0x5f,
    0xc0, 0x0, 0x0, 0x0, 0x0, 0x9c, 0x20, 0x0,
    0x0, 0x0, 0x0, 0x0, 0x0, 0x0, 0x0, 0x19,
    0xef, 0xd8, 0x10, 0x0, 0x2e, 0xff, 0xff, 0xfd,
    0x10, 0xb, 0xff, 0x40, 0x5f, 0xf8, 0x1, 0xff,
    0x70, 0x0, 0x9f, 0xe0, 0x3f, 0xff, 0xff, 0xff,
    0xff, 0x3, 0xff, 0xca, 0xaa, 0xaa, 0xa0, 0x1f,
    0xf8, 0x0, 0x0, 0x0, 0x0, 0xbf, 0xf4, 0x2,
    0xde, 0x90, 0x2, 0xef, 0xff, 0xff, 0xf4, 0x0,
    0x1, 0x9e, 0xfe, 0xa3, 0x0,

    /* U+00E9 "é" */
    0x0, 0x0, 0x9, 0xfc, 0x0, 0x0, 0x0, 0x0,
    0xff, 0x20, 0x0, 0x0, 0x0, 0x4c, 0x60, 0x0,
    0x0, 0x0, 0x0, 0x0, 0x0, 0x0, 0x0, 0x19,
    0xef, 0xd8, 0x10, 0x0, 0x2e, 0xff, 0xff, 0xfd,
    0x10, 0xb, 0xff, 0x40, 0x5f, 0xf8, 0x1, 0xff,
    0x70, 0x0, 0x9f, 0xe0, 0x3f, 0xff, 0xff, 0xff,
    0xff, 0x3, 0xff, 0xca, 0xaa, 0xaa, 0xa0, 0x1f,
    0xf8, 0x0, 0x0, 0x0, 0x0, 0xbf, 0xf4, 0x2,
    0xde, 0x90, 0x2, 0xef, 0xff, 0xff, 0xf4, 0x0,
    0x1, 0x9e, 0xfe, 0xa3, 0x0,

    /* U+00EA "ê" */
    0x0, 0x3, 0xef, 0xd1, 0x0, 0x0, 0x3, 0xfe,
    0x6f, 0xd1, 0x0, 0x0, 0x78, 0x20, 0x48, 0x50,
    0x0, 0x0, 0x0, 0x0, 0x0, 0x0, 0x0, 0x19,
    0xef, 0xd8, 0x10, 0x0, 0x2e, 0xff, 0xff, 0xfd,
    0x10, 0xb, 0xff, 0x40, 0x5f, 0xf8, 0x1, 0xff,
    0x70, 0x0, 0x9f, 0xe0, 0x3f, 0xff, 0xff, 0xff,
    0xff, 0x3, 0xff, 0xca, 0xaa, 0xaa, 0xa0, 0x1f,
    0xf8, 0x0, 0x0, 0x0, 0x0, 0xbf, 0xf4, 0x2,
    0xde, 0x90, 0x2, 0xef, 0xff, 0xff, 0xf4, 0x0,
    0x1, 0x9e, 0xfe, 0xa3, 0x0,

    /* U+00EB "ë" */
    0x0, 0x27, 0x10, 0x37, 0x0, 0x0, 0xc, 0xfa,
    0xe, 0xf9, 0x0, 0x0, 0x8f, 0x70, 0xaf, 0x50,
    0x0, 0x0, 0x0, 0x0, 0x0, 0x0, 0x0, 0x19,
    0xef, 0xd8, 0x10, 0x0, 0x2e, 0xff, 0xff, 0xfd,
    0x10, 0xb, 0xff, 0x40, 0x5f, 0xf8, 0x1, 0xff,
    0x70, 0x0, 0x9f, 0xe0, 0x3f, 0xff, 0xff, 0xff,
    0xff, 0x3, 0xff, 0xca, 0xaa, 0xaa, 0xa0, 0x1f,
    0xf8, 0x0, 0x0, 0x0, 0x0, 0xbf, 0xf4, 0x2,
    0xde, 0x90, 0x2, 0xef, 0xff, 0xff, 0xf4, 0x0,
    0x1, 0x9e, 0xfe, 0xa3, 0x0,

    /* U+00EC "ì" */
    0xe, 0xf6, 0x0, 0x4f, 0xd0, 0x0, 0x8c, 0x20,
    0x0, 0x0, 0x0, 0xef, 0xc0, 0xe, 0xfc, 0x0,
    0xef, 0xc0, 0xe, 0xfc, 0x0, 0xef, 0xc0, 0xe,
    0xfc, 0x0, 0xef, 0xc0, 0xe, 0xfc, 0x0, 0xef,
    0xc0, 0xe, 0xfc,

    /* U+00ED "í" */
    0x8, 0xfc, 0x0, 0xef, 0x20, 0x4c, 0x60, 0x0,
    0x0, 0x0, 0xef, 0xc0, 0xe, 0xfc, 0x0, 0xef,
    0xc0, 0xe, 0xfc, 0x0, 0xef, 0xc0, 0xe, 0xfc,
    0x0, 0xef, 0xc0, 0xe, 0xfc, 0x0, 0xef, 0xc0,
    0xe, 0xfc, 0x0,

    /* U+00EE "î" */
    0x0, 0x1e, 0xfd, 0x0, 0x0, 0xcf, 0xaf, 0xb0,
    0xb, 0xf8, 0xa, 0xf9, 0x0, 0x0, 0x0, 0x0,
    0x0, 0xe, 0xfc, 0x0, 0x0, 0xe, 0xfc, 0x0,
    0x0, 0xe, 0xfc, 0x0, 0x0, 0xe, 0xfc, 0x0,
    0x0, 0xe, 0xfc, 0x0, 0x0, 0xe, 0xfc, 0x0,
    0x0, 0xe, 0xfc, 0x0, 0x0, 0xe, 0xfc, 0x0,
    0x0, 0xe, 0xfc, 0x0, 0x0, 0xe, 0xfc, 0x0,

    /* U+00EF "ï" */
    0x17, 0x10, 0x27, 0x1b, 0xfb, 0xd, 0xf9, 0x8f,
    0x70, 0x9f, 0x60, 0x0, 0x0, 0x0, 0x0, 0xef,
    0xc0, 0x0, 0xe, 0xfc, 0x0, 0x0, 0xef, 0xc0,
    0x0, 0xe, 0xfc, 0x0, 0x0, 0xef, 0xc0, 0x0,
    0xe, 0xfc, 0x0, 0x0, 0xef, 0xc0, 0x0, 0xe,
    0xfc, 0x0, 0x0, 0xef, 0xc0, 0x0, 0xe, 0xfc,
    0x0,

    /* U+00F0 "ð" */
    0x0, 0x21, 0x0, 0x0, 0x0, 0x0, 0x9, 0xfb,
    0x34, 0xc4, 0x0, 0x0, 0x2a, 0xff, 0xf8, 0x0,
    0x0, 0x3, 0xcf, 0xef, 0x90, 0x0, 0x0, 0x98,
    0x12, 0xef, 0x60, 0x0, 0x1, 0x7a, 0x85, 0xff,
    0x10, 0x1, 0xdf, 0xff, 0xfe, 0xf8, 0x0, 0xaf,
    0xe4, 0x5, 0xff, 0xc0, 0x1f, 0xf8, 0x0, 0xa,
    0xff, 0x3, 0xff, 0x50, 0x0, 0x7f, 0xf0, 0x3f,
    0xf5, 0x0, 0x6, 0xff, 0x1, 0xff, 0x80, 0x0,
    0xaf, 0xd0, 0xb, 0xff, 0x51, 0x6f, 0xf7, 0x0,
    0x2e, 0xff, 0xff, 0xfc, 0x0, 0x0, 0x2a, 0xef,
    0xd7, 0x0, 0x0,

    /* U+00F1 "ñ" */
    0x0, 0x37, 0x40, 0x74, 0x0, 0x3, 0xff, 0xff,
    0xf6, 0x0, 0x3, 0x71, 0x36, 0x40, 0x0, 0x0,
    0x0, 0x0, 0x0, 0x0, 0xef, 0x93, 0xcf, 0xe7,
    0x0, 0xef, 0xbf, 0xff, 0xff, 0x70, 0xef, 0xf9,
    0x25, 0xff, 0xe0, 0xef, 0xe0, 0x0, 0xaf, 0xf0,
    0xef, 0xc0, 0x0, 0x9f, 0xf1, 0xef, 0xc0, 0x0,
    0x9f, 0xf1, 0xef, 0xc0, 0x0, 0x9f, 0xf1, 0xef,
    0xc0, 0x0, 0x9f, 0xf1, 0xef, 0xc0, 0x0, 0x9f,
    0xf1, 0xef, 0xc0, 0x0, 0x9f, 0xf1,

    /* U+00F2 "ò" */
    0x0, 0xd, 0xf7, 0x0, 0x0, 0x0, 0x0, 0x3f,
    0xe0, 0x0, 0x0, 0x0, 0x0, 0x7c, 0x30, 0x0,
    0x0, 0x0, 0x0, 0x0, 0x0, 0x0, 0x0, 0x19,
    0xef, 0xe9, 0x10, 0x0, 0x2e, 0xff, 0xff, 0xfe,
    0x20, 0xb, 0xff, 0x62, 0x6f, 0xfb, 0x1, 0xff,
    0xa0, 0x0, 0xaf, 0xf1, 0x3f, 0xf7, 0x0, 0x7,
    0xff, 0x43, 0xff, 0x70, 0x0, 0x7f, 0xf4, 0x1f,
    0xfa, 0x0, 0xa, 0xff, 0x20, 0xbf, 0xf6, 0x16,
    0xff, 0xc0, 0x2, 0xef, 0xff, 0xff, 0xe2, 0x0,
    0x1, 0x9e, 0xfe, 0x91, 0x0,

    /* U+00F3 "ó" */
    0x0, 0x0, 0x7, 0xfd, 0x0, 0x0, 0x0, 0x0,
    0xdf, 0x30, 0x0, 0x0, 0x0, 0x3c, 0x70, 0x0,
    0x0, 0x0, 0x0, 0x0, 0x0, 0x0, 0x0, 0x19,
    0xef, 0xe9, 0x10, 0x0, 0x2e, 0xff, 0xff, 0xfe,
    0x20, 0xb, 0xff, 0x62, 0x6f, 0xfb, 0x1, 0xff,
    0xa0, 0x0, 0xaf, 0xf1, 0x3f, 0xf7, 0x0, 0x7,
    0xff, 0x43, 0xff, 0x70, 0x0, 0x7f, 0xf4, 0x1f,
    0xfa, 0x0, 0xa, 0xff, 0x20, 0xbf, 0xf6, 0x16,
    0xff, 0xc0, 0x2, 0xef, 0xff, 0xff, 0xe2, 0x0,
    0x1, 0x9e, 0xfe, 0x91, 0x0,

    /* U+00F4 "ô" */
    0x0, 0x2, 0xdf, 0xe2, 0x0, 0x0, 0x2, 0xef,
    0x6f, 0xe2, 0x0, 0x0, 0x68, 0x30, 0x38, 0x60,
    0x0, 0x0, 0x0, 0x0, 0x0, 0x0, 0x0, 0x19,
    0xef, 0xe9, 0x10, 0x0, 0x2e, 0xff, 0xff, 0xfe,
    0x20, 0xb, 0xff, 0x62, 0x6f, 0xfb, 0x1, 0xff,
    0xa0, 0x0, 0xaf, 0xf1, 0x3f, 0xf7, 0x0, 0x7,
    0xff, 0x43, 0xff, 0x70, 0x0, 0x7f, 0xf4, 0x1f,
    0xfa, 0x0, 0xa, 0xff, 0x20, 0xbf, 0xf6, 0x16,
    0xff, 0xc0, 0x2, 0xef, 0xff, 0xff, 0xe2, 0x0,
    0x1, 0x9e, 0xfe, 0x91, 0x0,

    /* U+00F5 "õ" */
    0x0, 0x4, 0x74, 0x7, 0x40, 0x0, 0x4, 0xff,
    0xff, 0xf4, 0x0, 0x0, 0x37, 0x4, 0x74, 0x0,
    0x0, 0x0, 0x0, 0x0, 0x0, 0x0, 0x0, 0x19,
    0xef, 0xe9, 0x10, 0x0, 0x2e, 0xff, 0xff, 0xfe,
    0x20, 0xb, 0xff, 0x62, 0x6f, 0xfb, 0x1, 0xff,
    0xa0, 0x0, 0xaf, 0xf1, 0x3f, 0xf7, 0x0, 0x7,
    0xff, 0x43, 0xff, 0x70, 0x0, 0x7f, 0xf4, 0x1f,
    0xfa, 0x0, 0xa, 0xff, 0x20, 0xbf, 0xf6, 0x16,
    0xff, 0xc0, 0x2, 0xef, 0xff, 0xff, 0xe2, 0x0,
    0x1, 0x9e, 0xfe, 0x91, 0x0,

    /* U+00F6 "ö" */
    0x0, 0x17, 0x20, 0x27, 0x10, 0x0, 0xa, 0xfc,
    0xc, 0xfb, 0x0, 0x0, 0x7f, 0x80, 0x8f, 0x70,
    0x0, 0x0, 0x0, 0x0, 0x0, 0x0, 0x0, 0x19,
    0xef, 0xe9, 0x10, 0x0, 0x2e, 0xff, 0xff, 0xfe,
    0x20, 0xb, 0xff, 0x62, 0x6f, 0xfb, 0x1, 0xff,
    0xa0, 0x0, 0xaf, 0xf1, 0x3f, 0xf7, 0x0, 0x7,
    0xff, 0x43, 0xff, 0x70, 0x0, 0x7f, 0xf4, 0x1f,
    0xfa, 0x0, 0xa, 0xff, 0x20, 0xbf, 0xf6, 0x16,
    0xff, 0xc0, 0x2, 0xef, 0xff, 0xff, 0xe2, 0x0,
    0x1, 0x9e, 0xfe, 0x91, 0x0,

    /* U+00F7 "÷" */
    0x0, 0x1, 0xde, 0x30, 0x0, 0x0, 0x5, 0xff,
    0x80, 0x0, 0x0, 0x1, 0xde, 0x30, 0x0, 0x2,
    0x22, 0x22, 0x22, 0x21, 0x5f, 0xff, 0xff, 0xff,
    0xf9, 0x5f, 0xff, 0xff, 0xff, 0xf9, 0x0, 0x0,
    0x0, 0x0, 0x0, 0x0, 0x1, 0xde, 0x30, 0x0,
    0x0, 0x5, 0xff, 0x80, 0x0, 0x0, 0x1, 0xde,
    0x30, 0x0,

    /* U+00F8 "ø" */
    0x0, 0x0, 0x0, 0x0, 0x1, 0x0, 0x1, 0x9e,
    0xfe, 0x96, 0xf1, 0x2, 0xef, 0xff, 0xff, 0xf8,
    0x0, 0xbf, 0xf6, 0x27, 0xff, 0xc0, 0x1f, 0xfb,
    0x1, 0xdf, 0xff, 0x13, 0xff, 0x70, 0xcb, 0x7f,
    0xf4, 0x3f, 0xf7, 0xac, 0x7, 0xff, 0x41, 0xff,
    0xed, 0x10, 0xaf, 0xf2, 0xb, 0xff, 0x81, 0x6f,
    0xfc, 0x0, 0x8f, 0xff, 0xff, 0xfe, 0x20, 0x1e,
    0x69, 0xef, 0xe9, 0x10, 0x0, 0x0, 0x0, 0x0,
    0x0, 0x0,

    /* U+00F9 "ù" */
    0x0, 0xcf, 0x80, 0x0, 0x0, 0x0, 0x2f, 0xf0,
    0x0, 0x0, 0x0, 0x6, 0xc4, 0x0, 0x0, 0x0,
    0x0, 0x0, 0x0, 0x0, 0xef, 0xc0, 0x0, 0x9f,
    0xf1, 0xef, 0xc0, 0x0, 0x9f, 0xf1, 0xef, 0xc0,
    0x0, 0x9f, 0xf1, 0xef, 0xc0, 0x0, 0x9f, 0xf1,
    0xef, 0xc0, 0x0, 0x9f, 0xf1, 0xef, 0xc0, 0x0,
    0x9f, 0xf1, 0xdf, 0xe0, 0x0, 0xbf, 0xf1, 0xbf,
    0xf9, 0x48, 0xff, 0xf1, 0x4f, 0xff, 0xff, 0xaf,
    0xf1, 0x5, 0xdf, 0xd4, 0x6f, 0xf1,

    /* U+00FA "ú" */
    0x0, 0x0, 0x5f, 0xe1, 0x0, 0x0, 0x0, 0xcf,
    0x50, 0x0, 0x0, 0x2, 0xc8, 0x0, 0x0, 0x0,
    0x0, 0x0, 0x0, 0x0, 0xef, 0xc0, 0x0, 0x9f,
    0xf1, 0xef, 0xc0, 0x0, 0x9f, 0xf1, 0xef, 0xc0,
    0x0, 0x9f, 0xf1, 0xef, 0xc0, 0x0, 0x9f, 0xf1,
    0xef, 0xc0, 0x0, 0x9f, 0xf1, 0xef, 0xc0, 0x0,
    0x9f, 0xf1, 0xdf, 0xe0, 0x0, 0xbf, 0xf1, 0xbf,
    0xf9, 0x48, 0xff, 0xf1, 0x4f, 0xff, 0xff, 0xaf,
    0xf1, 0x5, 0xdf, 0xd4, 0x6f, 0xf1,

    /* U+00FB "û" */
    0x0, 0x1d, 0xfe, 0x30, 0x0, 0x1, 0xdf, 0x6e,
    0xe3, 0x0, 0x5, 0x84, 0x2, 0x87, 0x0, 0x0,
    0x0, 0x0, 0x0, 0x0, 0xef, 0xc0, 0x0, 0x9f,
    0xf1, 0xef, 0xc0, 0x0, 0x9f, 0xf1, 0xef, 0xc0,
    0x0, 0x9f, 0xf1, 0xef, 0xc0, 0x0, 0x9f, 0xf1,
    0xef, 0xc0, 0x0, 0x9f, 0xf1, 0xef, 0xc0, 0x0,
    0x9f, 0xf1, 0xdf, 0xe0, 0x0, 0xbf, 0xf1, 0xbf,
    0xf9, 0x48, 0xff, 0xf1, 0x4f, 0xff, 0xff, 0xaf,
    0xf1, 0x5, 0xdf, 0xd4, 0x6f, 0xf1,

    /* U+00FC "ü" */
    0x0, 0x72, 0x1, 0x72, 0x0, 0x9, 0xfe, 0xa,
    0xfc, 0x0, 0x5, 0xfa, 0x7, 0xf8, 0x0, 0x0,
    0x0, 0x0, 0x0, 0x0, 0xef, 0xc0, 0x0, 0x9f,
    0xf1, 0xef, 0xc0, 0x0, 0x9f, 0xf1, 0xef, 0xc0,
    0x0, 0x9f, 0xf1, 0xef, 0xc0, 0x0, 0x9f, 0xf1,
    0xef, 0xc0, 0x0, 0x9f, 0xf1, 0xef, 0xc0, 0x0,
    0x9f, 0xf1, 0xdf, 0xe0, 0x0, 0xbf, 0xf1, 0xbf,
    0xf9, 0x48, 0xff, 0xf1, 0x4f, 0xff, 0xff, 0xaf,
    0xf1, 0x5, 0xdf, 0xd4, 0x6f, 0xf1,

    /* U+00FD "ý" */
    0x0, 0x0, 0x5, 0xca, 0x0, 0x0, 0x0, 0x0,
    0xdf, 0x50, 0x0, 0x0, 0x0, 0x4f, 0xa0, 0x0,
    0x0, 0x0, 0x0, 0x0, 0x0, 0x0, 0x8f, 0xf3,
    0x0, 0x6, 0xff, 0x63, 0xff, 0x80, 0x0, 0xbf,
    0xf0, 0xd, 0xfd, 0x0, 0xf, 0xfa, 0x0, 0x7f,
    0xf2, 0x5, 0xff, 0x40, 0x1, 0xff, 0x70, 0xbf,
    0xe0, 0x0, 0xb, 0xfc, 0xf, 0xf8, 0x0, 0x0,
    0x5f, 0xf5, 0xff, 0x20, 0x0, 0x0, 0xff, 0xcf,
    0xc0, 0x0, 0x0, 0xa, 0xff, 0xf6, 0x0, 0x0,
    0x0, 0x4f, 0xff, 0x10, 0x0, 0x0, 0x1, 0xff,
    0xa0, 0x0, 0x0, 0x13, 0x9f, 0xf4, 0x0, 0x0,
    0x9, 0xff, 0xfb, 0x0, 0x0, 0x0, 0xbf, 0xe9,
    0x10, 0x0, 0x0,

    /* U+00FE "þ" */
    0xef, 0xc0, 0x0, 0x0, 0x0, 0xef, 0xc0, 0x0,
    0x0, 0x0, 0xef, 0xc0, 0x0, 0x0, 0x0, 0xef,
    0xc2, 0xcf, 0xd7, 0x0, 0xef, 0xde, 0xff, 0xff,
    0x90, 0xef, 0xfa, 0x24, 0xef, 0xf2, 0xef, 0xe0,
    0x0, 0x5f, 0xf7, 0xef, 0xb0, 0x0, 0x2f, 0xf9,
    0xef, 0xc0, 0x0, 0x2f, 0xf9, 0xef, 0xf0, 0x0,
    0x6f, 0xf7, 0xef, 0xfa, 0x24, 0xef, 0xf2, 0xef,
    0xde, 0xff, 0xff, 0x90, 0xef, 0xc2, 0xcf, 0xd7,
    0x0, 0xef, 0xc0, 0x0, 0x0, 0x0, 0xef, 0xc0,
    0x0, 0x0, 0x0, 0xef, 0xc0, 0x0, 0x0, 0x0,
    0xef, 0xc0, 0x0, 0x0, 0x0,

    /* U+00FF "ÿ" */
    0x0, 0x27, 0x10, 0x27, 0x10, 0x0, 0xb, 0xfb,
    0xd, 0xf9, 0x0, 0x0, 0x8f, 0x70, 0x9f, 0x60,
    0x0, 0x0, 0x0, 0x0, 0x0, 0x0, 0x8f, 0xf3,
    0x0, 0x6, 0xff, 0x63, 0xff, 0x80, 0x0, 0xbf,
    0xf0, 0xd, 0xfd, 0x0, 0xf, 0xfa, 0x0, 0x7f,
    0xf2, 0x5, 0xff, 0x40, 0x1, 0xff, 0x70, 0xbf,
    0xe0, 0x0, 0xb, 0xfc, 0xf, 0xf8, 0x0, 0x0,
    0x5f, 0xf5, 0xff, 0x20, 0x0, 0x0, 0xff, 0xcf,
    0xc0, 0x0, 0x0, 0xa, 0xff, 0xf6, 0x0, 0x0,
    0x0, 0x4f, 0xff, 0x10, 0x0, 0x0, 0x1, 0xff,
    0xa0, 0x0, 0x0, 0x13, 0x9f, 0xf4, 0x0, 0x0,
    0x9, 0xff, 0xfb, 0x0, 0x0, 0x0, 0xbf, 0xe9,
    0x10, 0x0, 0x0,

    /* U+0102 "Ă" */
    0x0, 0x0, 0x0, 0x0, 0x0, 0x0, 0x0, 0x0,
    0x3, 0xf6, 0x1, 0xea, 0x0, 0x0, 0x0, 0x0,
    0xcf, 0xce, 0xf3, 0x0, 0x0, 0x0, 0x0, 0x7,
    0xa9, 0x20, 0x0, 0x0, 0x0, 0x0, 0x1, 0x11,
    0x0, 0x0, 0x0, 0x0, 0x0, 0x4f, 0xff, 0xa0,
    0x0, 0x0, 0x0, 0x0, 0xaf, 0xff, 0xf0, 0x0,
    0x0, 0x0, 0x0, 0xff, 0xcf, 0xf5, 0x0, 0x0,
    0x0, 0x5, 0xff, 0x4f, 0xfa, 0x0, 0x0, 0x0,
    0xa, 0xff, 0xb, 0xff, 0x0, 0x0, 0x0, 0xf,
    0xfc, 0x6, 0xff, 0x60, 0x0, 0x0, 0x5f, 0xf7,
    0x2, 0xff, 0xb0, 0x0, 0x0, 0xbf, 0xf4, 0x22,
    0xdf, 0xf1, 0x0, 0x0, 0xff, 0xff, 0xff, 0xff,
    0xf6, 0x0, 0x5, 0xff, 0xff, 0xff, 0xff, 0xfc,
    0x0, 0xb, 0xff, 0x30, 0x0, 0xc, 0xff, 0x20,
    0x1f, 0xfd, 0x0, 0x0, 0x7, 0xff, 0x70, 0x6f,
    0xf8, 0x0, 0x0, 0x2, 0xff, 0xd0,

    /* U+0103 "ă" */
    0x0, 0x99, 0x0, 0x5c, 0x10, 0x0, 0x7f, 0xa8,
    0xfd, 0x0, 0x0, 0x7, 0xde, 0xa1, 0x0, 0x0,
    0x0, 0x0, 0x0, 0x0, 0x0, 0x4b, 0xee, 0xc6,
    0x0, 0x6, 0xff, 0xff, 0xff, 0xa0, 0xc, 0xfb,
    0x21, 0xaf, 0xf3, 0x0, 0x0, 0x0, 0x7f, 0xf5,
    0x0, 0x59, 0xce, 0xff, 0xf5, 0xb, 0xff, 0xec,
    0xbf, 0xf5, 0x4f, 0xf7, 0x0, 0x5f, 0xf5, 0x5f,
    0xf3, 0x0, 0xbf, 0xf5, 0x2f, 0xfe, 0xbd, 0xef,
    0xf5, 0x5, 0xef, 0xfc, 0x4f, 0xf5, 0x0, 0x2,
    0x10, 0x0, 0x0,

    /* U+0110 "Đ" */
    0x0, 0x11, 0x11, 0x10, 0x0, 0x0, 0x0, 0x2f,
    0xff, 0xff, 0xfd, 0x70, 0x0, 0x2, 0xff, 0xff,
    0xff, 0xff, 0xc1, 0x0, 0x2f, 0xfa, 0x33, 0x5b,
    0xff, 0xb0, 0x2, 0xff, 0x80, 0x0, 0xa, 0xff,
    0x40, 0x2f, 0xf8, 0x0, 0x0, 0x2f, 0xf9, 0x58,
    0xff, 0xb7, 0x72, 0x0, 0xef, 0xbd, 0xff, 0xff,
    0xff, 0x50, 0xd, 0xfd, 0x46, 0xff, 0xb5, 0x51,
    0x0, 0xef, 0xb0, 0x2f, 0xf8, 0x0, 0x0, 0x2f,
    0xf9, 0x2, 0xff, 0x80, 0x0, 0xb, 0xff, 0x30,
    0x2f, 0xfb, 0x55, 0x7c, 0xff, 0xb0, 0x2, 0xff,
    0xff, 0xff, 0xff, 0xb1, 0x0, 0x2f, 0xff, 0xff,
    0xeb, 0x50, 0x0,

    /* U+0111 "đ" */
    0x0, 0x0, 0x0, 0x0, 0x11, 0x0, 0x0, 0x0,
    0x3, 0x49, 0xff, 0x61, 0x0, 0x0, 0xf, 0xff,
    0xff, 0xf5, 0x0, 0x0, 0x5, 0x59, 0xff, 0x71,
    0x0, 0x3b, 0xed, 0x56, 0xff, 0x30, 0x3, 0xff,
    0xff, 0xfb, 0xff, 0x30, 0xc, 0xff, 0x83, 0x7f,
    0xff, 0x30, 0x1f, 0xfb, 0x0, 0xa, 0xff, 0x30,
    0x3f, 0xf8, 0x0, 0x7, 0xff, 0x30, 0x3f, 0xf7,
    0x0, 0x6, 0xff, 0x30, 0x2f, 0xfa, 0x0, 0x9,
    0xff, 0x30, 0xe, 0xff, 0x40, 0x4f, 0xff, 0x30,
    0x5, 0xff, 0xff, 0xfd, 0xff, 0x30, 0x0, 0x6e,
    0xff, 0x96, 0xff, 0x30, 0x0, 0x0, 0x21, 0x0,
    0x0, 0x0,

    /* U+0128 "Ĩ" */
    0xa, 0xd8, 0x1c, 0x75, 0xfa, 0xff, 0xf3, 0x36,
    0x1, 0x63, 0x0, 0x1, 0x11, 0x0, 0x0, 0xdf,
    0xe0, 0x0, 0xd, 0xfe, 0x0, 0x0, 0xdf, 0xe0,
    0x0, 0xd, 0xfe, 0x0, 0x0, 0xdf, 0xe0, 0x0,
    0xd, 0xfe, 0x0, 0x0, 0xdf, 0xe0, 0x0, 0xd,
    0xfe, 0x0, 0x0, 0xdf, 0xe0, 0x0, 0xd, 0xfe,
    0x0, 0x0, 0xdf, 0xe0, 0x0, 0xd, 0xfe, 0x0,
    0x0, 0xdf, 0xe0, 0x0,

    /* U+0129 "ĩ" */
    0x6, 0x93, 0x9, 0x45, 0xfe, 0xfd, 0xf4, 0x69,
    0x5, 0xa7, 0x0, 0x0, 0x0, 0x0, 0x0, 0xbd,
    0xa0, 0x0, 0xe, 0xfc, 0x0, 0x0, 0xef, 0xc0,
    0x0, 0xe, 0xfc, 0x0, 0x0, 0xef, 0xc0, 0x0,
    0xe, 0xfc, 0x0, 0x0, 0xef, 0xc0, 0x0, 0xe,
    0xfc, 0x0, 0x0, 0xef, 0xc0, 0x0, 0xe, 0xfc,
    0x0,

    /* U+0168 "Ũ" */
    0x0, 0xa, 0xd8, 0x1c, 0x70, 0x0, 0x4, 0xfb,
    0xef, 0xf4, 0x0, 0x0, 0x26, 0x1, 0x64, 0x0,
    0x1, 0x11, 0x0, 0x0, 0x1, 0x11, 0xdf, 0xe0,
    0x0, 0x0, 0xbf, 0xfd, 0xfe, 0x0, 0x0, 0xb,
    0xff, 0xdf, 0xe0, 0x0, 0x0, 0xbf, 0xfd, 0xfe,
    0x0, 0x0, 0xb, 0xff, 0xdf, 0xe0, 0x0, 0x0,
    0xbf, 0xfd, 0xfe, 0x0, 0x0, 0xb, 0xff, 0xdf,
    0xe0, 0x0, 0x0, 0xbf, 0xfd, 0xfe, 0x0, 0x0,
    0xb, 0xff, 0xcf, 0xe0, 0x0, 0x0, 0xbf, 0xfa,
    0xff, 0x30, 0x0, 0x1f, 0xfd, 0x5f, 0xfe, 0x63,
    0x5d, 0xff, 0x70, 0xaf, 0xff, 0xff, 0xff, 0xc0,
    0x0, 0x6d, 0xff, 0xfe, 0x80, 0x0, 0x0, 0x1,
    0x21, 0x0, 0x0,

    /* U+0169 "ũ" */
    0x0, 0x59, 0x40, 0x75, 0x0, 0x3, 0xfe, 0xfd,
    0xf7, 0x0, 0x4, 0xa0, 0x4a, 0x80, 0x0, 0x0,
    0x0, 0x0, 0x0, 0x0, 0xbd, 0xa0, 0x0, 0x7d,
    0xd1, 0xef, 0xc0, 0x0, 0x9f, 0xf1, 0xef, 0xc0,
    0x0, 0x9f, 0xf1, 0xef, 0xc0, 0x0, 0x9f, 0xf1,
    0xef, 0xc0, 0x0, 0x9f, 0xf1, 0xef, 0xc0, 0x0,
    0x9f, 0xf1, 0xdf, 0xd0, 0x0, 0xbf, 0xf1, 0xbf,
    0xf7, 0x26, 0xff, 0xf1, 0x5f, 0xff, 0xff, 0xbf,
    0xf1, 0x7, 0xff, 0xf6, 0x6f, 0xf1, 0x0, 0x1,
    0x0, 0x0, 0x0,

    /* U+01A0 "Ơ" */
    0x0, 0x0, 0x0, 0x0, 0x0, 0x3e, 0xe1, 0x0,
    0x0, 0x1, 0x33, 0x21, 0x5f, 0xf1, 0x0, 0x3,
    0xbf, 0xff, 0xff, 0xff, 0xe0, 0x0, 0x5f, 0xff,
    0xff, 0xff, 0xfb, 0x20, 0x2, 0xff, 0xf7, 0x22,
    0x8f, 0xfe, 0x10, 0x9, 0xff, 0x50, 0x0, 0x7,
    0xff, 0x70, 0xf, 0xfd, 0x0, 0x0, 0x0, 0xff,
    0xd0, 0x1f, 0xfa, 0x0, 0x0, 0x0, 0xcf, 0xf0,
    0x2f, 0xf9, 0x0, 0x0, 0x0, 0xbf, 0xf0, 0x1f,
    0xfa, 0x0, 0x0, 0x0, 0xcf, 0xf0, 0xe, 0xfd,
    0x0, 0x0, 0x0, 0xff, 0xc0, 0x9, 0xff, 0x60,
    0x0, 0x8, 0xff, 0x70, 0x2, 0xff, 0xf8, 0x44,
    0xaf, 0xfe, 0x0, 0x0, 0x4f, 0xff, 0xff, 0xff,
    0xe3, 0x0, 0x0, 0x2, 0xaf, 0xff, 0xf9, 0x10,
    0x0, 0x0, 0x0, 0x0, 0x11, 0x0, 0x0, 0x0,

    /* U+01A1 "ơ" */
    0x0, 0x0, 0x0, 0x0, 0x4f, 0xd0, 0x0, 0x0,
    0x0, 0x4, 0xfd, 0x0, 0x18, 0xde, 0xed, 0xef,
    0x80, 0x1d, 0xff, 0xff, 0xff, 0x60, 0xa, 0xff,
    0x72, 0x7f, 0xfb, 0x1, 0xff, 0xb0, 0x0, 0xaf,
    0xf1, 0x3f, 0xf7, 0x0, 0x7, 0xff, 0x43, 0xff,
    0x70, 0x0, 0x6f, 0xf4, 0x1f, 0xfa, 0x0, 0x9,
    0xff, 0x20, 0xcf, 0xf3, 0x3, 0xff, 0xd0, 0x3,
    0xff, 0xfe, 0xff, 0xf3, 0x0, 0x3, 0xcf, 0xff,
    0xc3, 0x0, 0x0, 0x0, 0x12, 0x10, 0x0, 0x0,

    /* U+01AF "Ư" */
    0x0, 0x0, 0x0, 0x0, 0x0, 0xbe, 0x71, 0x11,
    0x0, 0x0, 0x1, 0x1d, 0xf8, 0xdf, 0xe0, 0x0,
    0x0, 0xbf, 0xff, 0x5d, 0xfe, 0x0, 0x0, 0xb,
    0xff, 0x60, 0xdf, 0xe0, 0x0, 0x0, 0xbf, 0xf0,
    0xd, 0xfe, 0x0, 0x0, 0xb, 0xff, 0x0, 0xdf,
    0xe0, 0x0, 0x0, 0xbf, 0xf0, 0xd, 0xfe, 0x0,
    0x0, 0xb, 0xff, 0x0, 0xdf, 0xe0, 0x0, 0x0,
    0xbf, 0xf0, 0xd, 0xfe, 0x0, 0x0, 0xb, 0xff,
    0x0, 0xcf, 0xe0, 0x0, 0x0, 0xbf, 0xf0, 0xa,
    0xff, 0x30, 0x0, 0x1f, 0xfd, 0x0, 0x5f, 0xfe,
    0x63, 0x5d, 0xff, 0x70, 0x0, 0xaf, 0xff, 0xff,
    0xff, 0xc0, 0x0, 0x0, 0x6d, 0xff, 0xfe, 0x80,
    0x0, 0x0, 0x0, 0x1, 0x21, 0x0, 0x0, 0x0,

    /* U+01B0 "ư" */
    0x0, 0x0, 0x0, 0x0, 0x8f, 0x80, 0x0, 0x0,
    0x0, 0x8, 0xf8, 0xbd, 0xa0, 0x0, 0x7d, 0xef,
    0x7e, 0xfc, 0x0, 0x9, 0xff, 0x90, 0xef, 0xc0,
    0x0, 0x9f, 0xf1, 0xe, 0xfc, 0x0, 0x9, 0xff,
    0x10, 0xef, 0xc0, 0x0, 0x9f, 0xf1, 0xe, 0xfc,
    0x0, 0x9, 0xff, 0x10, 0xdf, 0xd0, 0x0, 0xbf,
    0xf1, 0xb, 0xff, 0x72, 0x6f, 0xff, 0x10, 0x5f,
    0xff, 0xff, 0xbf, 0xf1, 0x0, 0x7f, 0xff, 0x66,
    0xff, 0x10, 0x0, 0x1, 0x0, 0x0, 0x0, 0x0,

    /* U+1EA0 "Ạ" */
    0x0, 0x0, 0x1, 0x11, 0x0, 0x0, 0x0, 0x0,
    0x0, 0x4f, 0xff, 0xa0, 0x0, 0x0, 0x0, 0x0,
    0xaf, 0xff, 0xf0, 0x0, 0x0, 0x0, 0x0, 0xff,
    0xcf, 0xf5, 0x0, 0x0, 0x0, 0x5, 0xff, 0x4f,
    0xfa, 0x0, 0x0, 0x0, 0xa, 0xff, 0xb, 0xff,
    0x0, 0x0, 0x0, 0xf, 0xfc, 0x6, 0xff, 0x60,
    0x0, 0x0, 0x5f, 0xf7, 0x2, 0xff, 0xb0, 0x0,
    0x0, 0xbf, 0xf4, 0x22, 0xdf, 0xf1, 0x0, 0x0,
    0xff, 0xff, 0xff, 0xff, 0xf6, 0x0, 0x5, 0xff,
    0xff, 0xff, 0xff, 0xfc, 0x0, 0xb, 0xff, 0x30,
    0x0, 0xc, 0xff, 0x20, 0x1f, 0xfd, 0x0, 0x0,
    0x7, 0xff, 0x70, 0x6f, 0xf8, 0x0, 0x0, 0x2,
    0xff, 0xd0, 0x0, 0x0, 0x0, 0x0, 0x0, 0x0,
    0x0, 0x0, 0x0, 0x2, 0xa6, 0x0, 0x0, 0x0,
    0x0, 0x0, 0xa, 0xff, 0x10, 0x0, 0x0, 0x0,
    0x0, 0x5, 0xeb, 0x0, 0x0, 0x0,

    /* U+1EA1 "ạ" */
    0x0, 0x4b, 0xee, 0xc6, 0x0, 0x6, 0xff, 0xff,
    0xff, 0xa0, 0xc, 0xfb, 0x21, 0xaf, 0xf3, 0x0,
    0x0, 0x0, 0x7f, 0xf5, 0x0, 0x59, 0xce, 0xff,
    0xf5, 0xb, 0xff, 0xec, 0xbf, 0xf5, 0x4f, 0xf7,
    0x0, 0x5f, 0xf5, 0x5f, 0xf3, 0x0, 0xbf, 0xf5,
    0x2f, 0xfe, 0xbd, 0xef, 0xf5, 0x5, 0xef, 0xfc,
    0x4f, 0xf5, 0x0, 0x2, 0x10, 0x0, 0x0, 0x0,
    0x0, 0x8a, 0x10, 0x0, 0x0, 0x4, 0xff, 0x80,
    0x0, 0x0, 0x1, 0xce, 0x30, 0x0,

    /* U+1EA2 "Ả" */
    0x0, 0x0, 0x1, 0x10, 0x0, 0x0, 0x0, 0x0,
    0x0, 0xf, 0xfd, 0x10, 0x0, 0x0, 0x0, 0x0,
    0x4, 0xbf, 0x10, 0x0, 0x0, 0x0, 0x0, 0x0,
    0x96, 0x0, 0x0, 0x0, 0x0, 0x0, 0x1, 0x11,
    0x0, 0x0, 0x0, 0x0, 0x0, 0x4f, 0xff, 0xa0,
    0x0, 0x0, 0x0, 0x0, 0xaf, 0xff, 0xf0, 0x0,
    0x0, 0x0, 0x0, 0xff, 0xcf, 0xf5, 0x0, 0x0,
    0x0, 0x5, 0xff, 0x4f, 0xfa, 0x0, 0x0, 0x0,
    0xa, 0xff, 0xb, 0xff, 0x0, 0x0, 0x0, 0xf,
    0xfc, 0x6, 0xff, 0x60, 0x0, 0x0, 0x5f, 0xf7,
    0x2, 0xff, 0xb0, 0x0, 0x0, 0xbf, 0xf4, 0x22,
    0xdf, 0xf1, 0x0, 0x0, 0xff, 0xff, 0xff, 0xff,
    0xf6, 0x0, 0x5, 0xff, 0xff, 0xff, 0xff, 0xfc,
    0x0, 0xb, 0xff, 0x30, 0x0, 0xc, 0xff, 0x20,
    0x1f, 0xfd, 0x0, 0x0, 0x7, 0xff, 0x70, 0x6f,
    0xf8, 0x0, 0x0, 0x2, 0xff, 0xd0,

    /* U+1EA3 "ả" */
    0x0, 0x6, 0xcb, 0x40, 0x0, 0x0, 0x4, 0x8f,
    0xa0, 0x0, 0x0, 0x0, 0x6e, 0x30, 0x0, 0x0,
    0x0, 0x0, 0x0, 0x0, 0x0, 0x4b, 0xee, 0xc6,
    0x0, 0x6, 0xff, 0xff, 0xff, 0xa0, 0xc, 0xfb,
    0x21, 0xaf, 0xf3, 0x0, 0x0, 0x0, 0x7f, 0xf5,
    0x0, 0x59, 0xce, 0xff, 0xf5, 0xb, 0xff, 0xec,
    0xbf, 0xf5, 0x4f, 0xf7, 0x0, 0x5f, 0xf5, 0x5f,
    0xf3, 0x0, 0xbf, 0xf5, 0x2f, 0xfe, 0xbd, 0xef,
    0xf5, 0x5, 0xef, 0xfc, 0x4f, 0xf5, 0x0, 0x2,
    0x10, 0x0, 0x0,

    /* U+1EA4 "Ấ" */
    0x0, 0x0, 0x0, 0x0, 0x1e, 0xd0, 0x0, 0x0,
    0x0, 0x0, 0x0, 0x7f, 0x40, 0x0, 0x0, 0x0,
    0x0, 0x0, 0x65, 0x0, 0x0, 0x0, 0x0, 0x9,
    0xdc, 0x20, 0x0, 0x0, 0x0, 0x0, 0x9f, 0xaf,
    0xe2, 0x0, 0x0, 0x0, 0x6, 0xda, 0x4, 0xdb,
    0x0, 0x0, 0x0, 0x0, 0x1, 0x11, 0x0, 0x0,
    0x0, 0x0, 0x0, 0x4f, 0xff, 0xa0, 0x0, 0x0,
    0x0, 0x0, 0xaf, 0xff, 0xf0, 0x0, 0x0, 0x0,
    0x0, 0xff, 0xcf, 0xf5, 0x0, 0x0, 0x0, 0x5,
    0xff, 0x4f, 0xfa, 0x0, 0x0, 0x0, 0xa, 0xff,
    0xb, 0xff, 0x0, 0x0, 0x0, 0xf, 0xfc, 0x6,
    0xff, 0x60, 0x0, 0x0, 0x5f, 0xf7, 0x2, 0xff,
    0xb0, 0x0, 0x0, 0xbf, 0xf4, 0x22, 0xdf, 0xf1,
    0x0, 0x0, 0xff, 0xff, 0xff, 0xff, 0xf6, 0x0,
    0x5, 0xff, 0xff, 0xff, 0xff, 0xfc, 0x0, 0xb,
    0xff, 0x30, 0x0, 0xc, 0xff, 0x20, 0x1f, 0xfd,
    0x0, 0x0, 0x7, 0xff, 0x70, 0x6f, 0xf8, 0x0,
    0x0, 0x2, 0xff, 0xd0,

    /* U+1EA5 "ấ" */
    0x0, 0x0, 0x0, 0x5, 0xa5, 0x0, 0x0, 0x0,
    0xe, 0xe1, 0x0, 0x0, 0x0, 0x3b, 0x40, 0x0,
    0x1, 0x89, 0x40, 0x0, 0x0, 0xc, 0xfd, 0xf4,
    0x0, 0x0, 0xcf, 0x72, 0xef, 0x40, 0x0, 0x11,
    0x0, 0x1, 0x10, 0x0, 0x4b, 0xee, 0xc6, 0x0,
    0x6, 0xff, 0xff, 0xff, 0xa0, 0xc, 0xfb, 0x21,
    0xaf, 0xf3, 0x0, 0x0, 0x0, 0x7f, 0xf5, 0x0,
    0x59, 0xce, 0xff, 0xf5, 0xb, 0xff, 0xec, 0xbf,
    0xf5, 0x4f, 0xf7, 0x0, 0x5f, 0xf5, 0x5f, 0xf3,
    0x0, 0xbf, 0xf5, 0x2f, 0xfe, 0xbd, 0xef, 0xf5,
    0x5, 0xef, 0xfc, 0x4f, 0xf5, 0x0, 0x2, 0x10,
    0x0, 0x0,

    /* U+1EA6 "Ầ" */
    0x0, 0x0, 0x0, 0x6, 0xe8, 0x0, 0x0, 0x0,
    0x0, 0x0, 0x0, 0xcf, 0x0, 0x0, 0x0, 0x0,
    0x0, 0x0, 0x27, 0x20, 0x0, 0x0, 0x0, 0x9,
    0xdc, 0x20, 0x0, 0x0, 0x0, 0x0, 0x9f, 0xaf,
    0xe2, 0x0, 0x0, 0x0, 0x6, 0xda, 0x4, 0xdb,
    0x0, 0x0, 0x0, 0x0, 0x1, 0x11, 0x0, 0x0,
    0x0, 0x0, 0x0, 0x4f, 0xff, 0xa0, 0x0, 0x0,
    0x0, 0x0, 0xaf, 0xff, 0xf0, 0x0, 0x0, 0x0,
    0x0, 0xff, 0xcf, 0xf5, 0x0, 0x0, 0x0, 0x5,
    0xff, 0x4f, 0xfa, 0x0, 0x0, 0x0, 0xa, 0xff,
    0xb, 0xff, 0x0, 0x0, 0x0, 0xf, 0xfc, 0x6,
    0xff, 0x60, 0x0, 0x0, 0x5f, 0xf7, 0x2, 0xff,
    0xb0, 0x0, 0x0, 0xbf, 0xf4, 0x22, 0xdf, 0xf1,
    0x0, 0x0, 0xff, 0xff, 0xff, 0xff, 0xf6, 0x0,
    0x5, 0xff, 0xff, 0xff, 0xff, 0xfc, 0x0, 0xb,
    0xff, 0x30, 0x0, 0xc, 0xff, 0x20, 0x1f, 0xfd,
    0x0, 0x0, 0x7, 0xff, 0x70, 0x6f, 0xf8, 0x0,
    0x0, 0x2, 0xff, 0xd0,

    /* U+1EA7 "ầ" */
    0x0, 0x0, 0x1, 0x99, 0x0, 0x0, 0x0, 0x0,
    0x8f, 0x50, 0x0, 0x0, 0x0, 0xa, 0x80, 0x0,
    0x1, 0x89, 0x40, 0x0, 0x0, 0xc, 0xfd, 0xf4,
    0x0, 0x0, 0xcf, 0x72, 0xef, 0x40, 0x0, 0x11,
    0x0, 0x1, 0x10, 0x0, 0x4b, 0xee, 0xc6, 0x0,
    0x6, 0xff, 0xff, 0xff, 0xa0, 0xc, 0xfb, 0x21,
    0xaf, 0xf3, 0x0, 0x0, 0x0, 0x7f, 0xf5, 0x0,
    0x59, 0xce, 0xff, 0xf5, 0xb, 0xff, 0xec, 0xbf,
    0xf5, 0x4f, 0xf7, 0x0, 0x5f, 0xf5, 0x5f, 0xf3,
    0x0, 0xbf, 0xf5, 0x2f, 0xfe, 0xbd, 0xef, 0xf5,
    0x5, 0xef, 0xfc, 0x4f, 0xf5, 0x0, 0x2, 0x10,
    0x0, 0x0,

    /* U+1EA8 "Ẩ" */
    0x0, 0x0, 0x0, 0xa, 0xeb, 0x0, 0x0, 0x0,
    0x0, 0x0, 0x3, 0xaf, 0x0, 0x0, 0x0, 0x0,
    0x0, 0x0, 0x54, 0x0, 0x0, 0x0, 0x0, 0x9,
    0xdc, 0x20, 0x0, 0x0, 0x0, 0x0, 0x9f, 0xaf,
    0xe2, 0x0, 0x0, 0x0, 0x6, 0xda, 0x4, 0xdb,
    0x0, 0x0, 0x0, 0x0, 0x1, 0x11, 0x0, 0x0,
    0x0, 0x0, 0x0, 0x4f, 0xff, 0xa0, 0x0, 0x0,
    0x0, 0x0, 0xaf, 0xff, 0xf0, 0x0, 0x0, 0x0,
    0x0, 0xff, 0xcf, 0xf5, 0x0, 0x0, 0x0, 0x5,
    0xff, 0x4f, 0xfa, 0x0, 0x0, 0x0, 0xa, 0xff,
    0xb, 0xff, 0x0, 0x0, 0x0, 0xf, 0xfc, 0x6,
    0xff, 0x60, 0x0, 0x0, 0x5f, 0xf7, 0x2, 0xff,
    0xb0, 0x0, 0x0, 0xbf, 0xf4, 0x22, 0xdf, 0xf1,
    0x0, 0x0, 0xff, 0xff, 0xff, 0xff, 0xf6, 0x0,
    0x5, 0xff, 0xff, 0xff, 0xff, 0xfc, 0x0, 0xb,
    0xff, 0x30, 0x0, 0xc, 0xff, 0x20, 0x1f, 0xfd,
    0x0, 0x0, 0x7, 0xff, 0x70, 0x6f, 0xf8, 0x0,
    0x0, 0x2, 0xff, 0xd0,

    /* U+1EA9 "ẩ" */
    0x0, 0x0, 0x2, 0x98, 0x20, 0x0, 0x0, 0x2,
    0x8f, 0x80, 0x0, 0x0, 0x0, 0x3b, 0x20, 0x0,
    0x1, 0x89, 0x40, 0x0, 0x0, 0xc, 0xfd, 0xf4,
    0x0, 0x0, 0xcf, 0x72, 0xef, 0x40, 0x0, 0x11,
    0x0, 0x1, 0x10, 0x0, 0x4b, 0xee, 0xc6, 0x0,
    0x6, 0xff, 0xff, 0xff, 0xa0, 0xc, 0xfb, 0x21,
    0xaf, 0xf3, 0x0, 0x0, 0x0, 0x7f, 0xf5, 0x0,
    0x59, 0xce, 0xff, 0xf5, 0xb, 0xff, 0xec, 0xbf,
    0xf5, 0x4f, 0xf7, 0x0, 0x5f, 0xf5, 0x5f, 0xf3,
    0x0, 0xbf, 0xf5, 0x2f, 0xfe, 0xbd, 0xef, 0xf5,
    0x5, 0xef, 0xfc, 0x4f, 0xf5, 0x0, 0x2, 0x10,
    0x0, 0x0,

    /* U+1EAA "Ẫ" */
    0x0, 0x0, 0x6b, 0x70, 0x88, 0x0, 0x0, 0x0,
    0x2, 0xfb, 0xef, 0xf6, 0x0, 0x0, 0x0, 0x1,
    0x50, 0x4, 0x30, 0x0, 0x0, 0x0, 0x0, 0x9,
    0xdc, 0x20, 0x0, 0x0, 0x0, 0x0, 0x9f, 0xaf,
    0xe2, 0x0, 0x0, 0x0, 0x6, 0xda, 0x4, 0xdb,
    0x0, 0x0, 0x0, 0x0, 0x1, 0x11, 0x0, 0x0,
    0x0, 0x0, 0x0, 0x4f, 0xff, 0xa0, 0x0, 0x0,
    0x0, 0x0, 0xaf, 0xff, 0xf0, 0x0, 0x0, 0x0,
    0x0, 0xff, 0xcf, 0xf5, 0x0, 0x0, 0x0, 0x5,
    0xff, 0x4f, 0xfa, 0x0, 0x0, 0x0, 0xa, 0xff,
    0xb, 0xff, 0x0, 0x0, 0x0, 0xf, 0xfc, 0x6,
    0xff, 0x60, 0x0, 0x0, 0x5f, 0xf7, 0x2, 0xff,
    0xb0, 0x0, 0x0, 0xbf, 0xf4, 0x22, 0xdf, 0xf1,
    0x0, 0x0, 0xff, 0xff, 0xff, 0xff, 0xf6, 0x0,
    0x5, 0xff, 0xff, 0xff, 0xff, 0xfc, 0x0, 0xb,
    0xff, 0x30, 0x0, 0xc, 0xff, 0x20, 0x1f, 0xfd,
    0x0, 0x0, 0x7, 0xff, 0x70, 0x6f, 0xf8, 0x0,
    0x0, 0x2, 0xff, 0xd0,

    /* U+1EAB "ẫ" */
    0x0, 0x5, 0x50, 0x16, 0x10, 0x0, 0x9f, 0xfe,
    0xdf, 0x10, 0x0, 0x76, 0x6, 0x94, 0x0, 0x0,
    0x1, 0x89, 0x40, 0x0, 0x0, 0xc, 0xfd, 0xf4,
    0x0, 0x0, 0xcf, 0x72, 0xef, 0x40, 0x0, 0x11,
    0x0, 0x1, 0x10, 0x0, 0x4b, 0xee, 0xc6, 0x0,
    0x6, 0xff, 0xff, 0xff, 0xa0, 0xc, 0xfb, 0x21,
    0xaf, 0xf3, 0x0, 0x0, 0x0, 0x7f, 0xf5, 0x0,
    0x59, 0xce, 0xff, 0xf5, 0xb, 0xff, 0xec, 0xbf,
    0xf5, 0x4f, 0xf7, 0x0, 0x5f, 0xf5, 0x5f, 0xf3,
    0x0, 0xbf, 0xf5, 0x2f, 0xfe, 0xbd, 0xef, 0xf5,
    0x5, 0xef, 0xfc, 0x4f, 0xf5, 0x0, 0x2, 0x10,
    0x0, 0x0,

    /* U+1EAC "Ậ" */
    0x0, 0x0, 0x0, 0x10, 0x0, 0x0, 0x0, 0x0,
    0x0, 0x1c, 0xff, 0x40, 0x0, 0x0, 0x0, 0x0,
    0xcf, 0x7d, 0xf4, 0x0, 0x0, 0x0, 0x5, 0x96,
    0x2, 0x98, 0x0, 0x0, 0x0, 0x0, 0x1, 0x11,
    0x0, 0x0, 0x0, 0x0, 0x0, 0x4f, 0xff, 0xa0,
    0x0, 0x0, 0x0, 0x0, 0xaf, 0xff, 0xf0, 0x0,
    0x0, 0x0, 0x0, 0xff, 0xcf, 0xf5, 0x0, 0x0,
    0x0, 0x5, 0xff, 0x4f, 0xfa, 0x0, 0x0, 0x0,
    0xa, 0xff, 0xb, 0xff, 0x0, 0x0, 0x0, 0xf,
    0xfc, 0x6, 0xff, 0x60, 0x0, 0x0, 0x5f, 0xf7,
    0x2, 0xff, 0xb0, 0x0, 0x0, 0xbf, 0xf4, 0x22,
    0xdf, 0xf1, 0x0, 0x0, 0xff, 0xff, 0xff, 0xff,
    0xf6, 0x0, 0x5, 0xff, 0xff, 0xff, 0xff, 0xfc,
    0x0, 0xb, 0xff, 0x30, 0x0, 0xc, 0xff, 0x20,
    0x1f, 0xfd, 0x0, 0x0, 0x7, 0xff, 0x70, 0x6f,
    0xf8, 0x0, 0x0, 0x2, 0xff, 0xd0, 0x0, 0x0,
    0x0, 0x0, 0x0, 0x0, 0x0, 0x0, 0x0, 0x2,
    0xa6, 0x0, 0x0, 0x0, 0x0, 0x0, 0xa, 0xff,
    0x10, 0x0, 0x0, 0x0, 0x0, 0x5, 0xeb, 0x0,
    0x0, 0x0,

    /* U+1EAD "ậ" */
    0x0, 0x3, 0xcd, 0x70, 0x0, 0x0, 0x2e, 0xeb,
    0xf7, 0x0, 0x1, 0xcd, 0x30, 0xcd, 0x50, 0x0,
    0x0, 0x0, 0x0, 0x0, 0x0, 0x4b, 0xee, 0xc6,
    0x0, 0x6, 0xff, 0xff, 0xff, 0xa0, 0xc, 0xfb,
    0x21, 0xaf, 0xf3, 0x0, 0x0, 0x0, 0x7f, 0xf5,
    0x0, 0x59, 0xce, 0xff, 0xf5, 0xb, 0xff, 0xec,
    0xbf, 0xf5, 0x4f, 0xf7, 0x0, 0x5f, 0xf5, 0x5f,
    0xf3, 0x0, 0xbf, 0xf5, 0x2f, 0xfe, 0xbd, 0xef,
    0xf5, 0x5, 0xef, 0xfc, 0x4f, 0xf5, 0x0, 0x2,
    0x10, 0x0, 0x0, 0x0, 0x0, 0x8a, 0x10, 0x0,
    0x0, 0x4, 0xff, 0x80, 0x0, 0x0, 0x1, 0xce,
    0x30, 0x0,

    /* U+1EAE "Ắ" */
    0x0, 0x0, 0x0, 0x3e, 0xb0, 0x0, 0x0, 0x0,
    0x0, 0x0, 0xaf, 0x20, 0x0, 0x0, 0x0, 0x0,
    0x0, 0x74, 0x0, 0x0, 0x0, 0x0, 0x3, 0xc4,
    0x0, 0xb8, 0x0, 0x0, 0x0, 0x0, 0xee, 0x9b,
    0xf5, 0x0, 0x0, 0x0, 0x0, 0x2a, 0xec, 0x60,
    0x0, 0x0, 0x0, 0x0, 0x1, 0x11, 0x0, 0x0,
    0x0, 0x0, 0x0, 0x4f, 0xff, 0xa0, 0x0, 0x0,
    0x0, 0x0, 0xaf, 0xff, 0xf0, 0x0, 0x0, 0x0,
    0x0, 0xff, 0xcf, 0xf5, 0x0, 0x0, 0x0, 0x5,
    0xff, 0x4f, 0xfa, 0x0, 0x0, 0x0, 0xa, 0xff,
    0xb, 0xff, 0x0, 0x0, 0x0, 0xf, 0xfc, 0x6,
    0xff, 0x60, 0x0, 0x0, 0x5f, 0xf7, 0x2, 0xff,
    0xb0, 0x0, 0x0, 0xbf, 0xf4, 0x22, 0xdf, 0xf1,
    0x0, 0x0, 0xff, 0xff, 0xff, 0xff, 0xf6, 0x0,
    0x5, 0xff, 0xff, 0xff, 0xff, 0xfc, 0x0, 0xb,
    0xff, 0x30, 0x0, 0xc, 0xff, 0x20, 0x1f, 0xfd,
    0x0, 0x0, 0x7, 0xff, 0x70, 0x6f, 0xf8, 0x0,
    0x0, 0x2, 0xff, 0xd0,

    /* U+1EAF "ắ" */
    0x0, 0x0, 0x6, 0xa3, 0x0, 0x0, 0x0, 0x1f,
    0xc0, 0x0, 0x0, 0x0, 0x5b, 0x20, 0x0, 0x0,
    0x66, 0x0, 0x38, 0x10, 0x0, 0x9f, 0x65, 0xde,
    0x0, 0x0, 0xb, 0xff, 0xe4, 0x0, 0x0, 0x0,
    0x12, 0x0, 0x0, 0x0, 0x4b, 0xee, 0xc6, 0x0,
    0x6, 0xff, 0xff, 0xff, 0xa0, 0xc, 0xfb, 0x21,
    0xaf, 0xf3, 0x0, 0x0, 0x0, 0x7f, 0xf5, 0x0,
    0x59, 0xce, 0xff, 0xf5, 0xb, 0xff, 0xec, 0xbf,
    0xf5, 0x4f, 0xf7, 0x0, 0x5f, 0xf5, 0x5f, 0xf3,
    0x0, 0xbf, 0xf5, 0x2f, 0xfe, 0xbd, 0xef, 0xf5,
    0x5, 0xef, 0xfc, 0x4f, 0xf5, 0x0, 0x2, 0x10,
    0x0, 0x0,

    /* U+1EB0 "Ằ" */
    0x0, 0x0, 0x5e, 0x80, 0x0, 0x0, 0x0, 0x0,
    0x0, 0xc, 0xf1, 0x0, 0x0, 0x0, 0x0, 0x0,
    0x1, 0x72, 0x0, 0x0, 0x0, 0x0, 0x3, 0xc3,
    0x0, 0xb8, 0x0, 0x0, 0x0, 0x0, 0xee, 0x8c,
    0xf5, 0x0, 0x0, 0x0, 0x0, 0x2b, 0xec, 0x50,
    0x0, 0x0, 0x0, 0x0, 0x1, 0x11, 0x0, 0x0,
    0x0, 0x0, 0x0, 0x4f, 0xff, 0xa0, 0x0, 0x0,
    0x0, 0x0, 0xaf, 0xff, 0xf0, 0x0, 0x0, 0x0,
    0x0, 0xff, 0xcf, 0xf5, 0x0, 0x0, 0x0, 0x5,
    0xff, 0x4f, 0xfa, 0x0, 0x0, 0x0, 0xa, 0xff,
    0xb, 0xff, 0x0, 0x0, 0x0, 0xf, 0xfc, 0x6,
    0xff, 0x60, 0x0, 0x0, 0x5f, 0xf7, 0x2, 0xff,
    0xb0, 0x0, 0x0, 0xbf, 0xf4, 0x22, 0xdf, 0xf1,
    0x0, 0x0, 0xff, 0xff, 0xff, 0xff, 0xf6, 0x0,
    0x5, 0xff, 0xff, 0xff, 0xff, 0xfc, 0x0, 0xb,
    0xff, 0x30, 0x0, 0xc, 0xff, 0x20, 0x1f, 0xfd,
    0x0, 0x0, 0x7, 0xff, 0x70, 0x6f, 0xf8, 0x0,
    0x0, 0x2, 0xff, 0xd0,

    /* U+1EB1 "ằ" */
    0x0, 0x9, 0x90, 0x0, 0x0, 0x0, 0x7, 0xf6,
    0x0, 0x0, 0x0, 0x0, 0x99, 0x0, 0x0, 0x0,
    0x76, 0x0, 0x38, 0x10, 0x0, 0xaf, 0x65, 0xde,
    0x0, 0x0, 0x1b, 0xff, 0xe3, 0x0, 0x0, 0x0,
    0x12, 0x0, 0x0, 0x0, 0x4b, 0xee, 0xc6, 0x0,
    0x6, 0xff, 0xff, 0xff, 0xa0, 0xc, 0xfb, 0x21,
    0xaf, 0xf3, 0x0, 0x0, 0x0, 0x7f, 0xf5, 0x0,
    0x59, 0xce, 0xff, 0xf5, 0xb, 0xff, 0xec, 0xbf,
    0xf5, 0x4f, 0xf7, 0x0, 0x5f, 0xf5, 0x5f, 0xf3,
    0x0, 0xbf, 0xf5, 0x2f, 0xfe, 0xbd, 0xef, 0xf5,
    0x5, 0xef, 0xfc, 0x4f, 0xf5, 0x0, 0x2, 0x10,
    0x0, 0x0,

    /* U+1EB2 "Ẳ" */
    0x0, 0x0, 0xa, 0xea, 0x0, 0x0, 0x0, 0x0,
    0x0, 0x3, 0xaf, 0x0, 0x0, 0x0, 0x0, 0x0,
    0x0, 0x64, 0x0, 0x0, 0x0, 0x0, 0x3, 0xc4,
    0x0, 0xb8, 0x0, 0x0, 0x0, 0x0, 0xee, 0x9b,
    0xf5, 0x0, 0x0, 0x0, 0x0, 0x2a, 0xec, 0x60,
    0x0, 0x0, 0x0, 0x0, 0x1, 0x11, 0x0, 0x0,
    0x0, 0x0, 0x0, 0x4f, 0xff, 0xa0, 0x0, 0x0,
    0x0, 0x0, 0xaf, 0xff, 0xf0, 0x0, 0x0, 0x0,
    0x0, 0xff, 0xcf, 0xf5, 0x0, 0x0, 0x0, 0x5,
    0xff, 0x4f, 0xfa, 0x0, 0x0, 0x0, 0xa, 0xff,
    0xb, 0xff, 0x0, 0x0, 0x0, 0xf, 0xfc, 0x6,
    0xff, 0x60, 0x0, 0x0, 0x5f, 0xf7, 0x2, 0xff,
    0xb0, 0x0, 0x0, 0xbf, 0xf4, 0x22, 0xdf, 0xf1,
    0x0, 0x0, 0xff, 0xff, 0xff, 0xff, 0xf6, 0x0,
    0x5, 0xff, 0xff, 0xff, 0xff, 0xfc, 0x0, 0xb,
    0xff, 0x30, 0x0, 0xc, 0xff, 0x20, 0x1f, 0xfd,
    0x0, 0x0, 0x7, 0xff, 0x70, 0x6f, 0xf8, 0x0,
    0x0, 0x2, 0xff, 0xd0,

    /* U+1EB3 "ẳ" */
    0x0, 0x2, 0x98, 0x20, 0x0, 0x0, 0x2, 0x8f,
    0x80, 0x0, 0x0, 0x0, 0x3b, 0x10, 0x0, 0x0,
    0x66, 0x0, 0x38, 0x10, 0x0, 0x9f, 0x65, 0xde,
    0x0, 0x0, 0xb, 0xff, 0xe4, 0x0, 0x0, 0x0,
    0x12, 0x0, 0x0, 0x0, 0x4b, 0xee, 0xc6, 0x0,
    0x6, 0xff, 0xff, 0xff, 0xa0, 0xc, 0xfb, 0x21,
    0xaf, 0xf3, 0x0, 0x0, 0x0, 0x7f, 0xf5, 0x0,
    0x59, 0xce, 0xff, 0xf5, 0xb, 0xff, 0xec, 0xbf,
    0xf5, 0x4f, 0xf7, 0x0, 0x5f, 0xf5, 0x5f, 0xf3,
    0x0, 0xbf, 0xf5, 0x2f, 0xfe, 0xbd, 0xef, 0xf5,
    0x5, 0xef, 0xfc, 0x4f, 0xf5, 0x0, 0x2, 0x10,
    0x0, 0x0,

    /* U+1EB4 "Ẵ" */
    0x0, 0x0, 0x5b, 0x70, 0x78, 0x0, 0x0, 0x0,
    0x1, 0xfc, 0xdf, 0xf7, 0x0, 0x0, 0x0, 0x1,
    0x51, 0x4, 0x40, 0x0, 0x0, 0x0, 0x3, 0xd4,
    0x0, 0xc8, 0x0, 0x0, 0x0, 0x0, 0xde, 0x9c,
    0xf4, 0x0, 0x0, 0x0, 0x0, 0x1a, 0xdc, 0x50,
    0x0, 0x0, 0x0, 0x0, 0x1, 0x11, 0x0, 0x0,
    0x0, 0x0, 0x0, 0x4f, 0xff, 0xa0, 0x0, 0x0,
    0x0, 0x0, 0xaf, 0xff, 0xf0, 0x0, 0x0, 0x0,
    0x0, 0xff, 0xcf, 0xf5, 0x0, 0x0, 0x0, 0x5,
    0xff, 0x4f, 0xfa, 0x0, 0x0, 0x0, 0xa, 0xff,
    0xb, 0xff, 0x0, 0x0, 0x0, 0xf, 0xfc, 0x6,
    0xff, 0x60, 0x0, 0x0, 0x5f, 0xf7, 0x2, 0xff,
    0xb0, 0x0, 0x0, 0xbf, 0xf4, 0x22, 0xdf, 0xf1,
    0x0, 0x0, 0xff, 0xff, 0xff, 0xff, 0xf6, 0x0,
    0x5, 0xff, 0xff, 0xff, 0xff, 0xfc, 0x0, 0xb,
    0xff, 0x30, 0x0, 0xc, 0xff, 0x20, 0x1f, 0xfd,
    0x0, 0x0, 0x7, 0xff, 0x70, 0x6f, 0xf8, 0x0,
    0x0, 0x2, 0xff, 0xd0,

    /* U+1EB5 "ẵ" */
    0x0, 0x5, 0x60, 0x16, 0x10, 0x0, 0x8f, 0xfe,
    0xcf, 0x10, 0x0, 0x77, 0x6, 0x94, 0x0, 0x0,
    0x76, 0x0, 0x39, 0x10, 0x0, 0x9f, 0x75, 0xde,
    0x0, 0x0, 0xa, 0xff, 0xd3, 0x0, 0x0, 0x0,
    0x11, 0x0, 0x0, 0x0, 0x4b, 0xee, 0xc6, 0x0,
    0x6, 0xff, 0xff, 0xff, 0xa0, 0xc, 0xfb, 0x21,
    0xaf, 0xf3, 0x0, 0x0, 0x0, 0x7f, 0xf5, 0x0,
    0x59, 0xce, 0xff, 0xf5, 0xb, 0xff, 0xec, 0xbf,
    0xf5, 0x4f, 0xf7, 0x0, 0x5f, 0xf5, 0x5f, 0xf3,
    0x0, 0xbf, 0xf5, 0x2f, 0xfe, 0xbd, 0xef, 0xf5,
    0x5, 0xef, 0xfc, 0x4f, 0xf5, 0x0, 0x2, 0x10,
    0x0, 0x0,

    /* U+1EB6 "Ặ" */
    0x0, 0x0, 0x0, 0x0, 0x0, 0x0, 0x0, 0x0,
    0x3, 0xf6, 0x1, 0xea, 0x0, 0x0, 0x0, 0x0,
    0xcf, 0xce, 0xf3, 0x0, 0x0, 0x0, 0x0, 0x7,
    0xa9, 0x20, 0x0, 0x0, 0x0, 0x0, 0x1, 0x11,
    0x0, 0x0, 0x0, 0x0, 0x0, 0x4f, 0xff, 0xa0,
    0x0, 0x0, 0x0, 0x0, 0xaf, 0xff, 0xf0, 0x0,
    0x0, 0x0, 0x0, 0xff, 0xcf, 0xf5, 0x0, 0x0,
    0x0, 0x5, 0xff, 0x4f, 0xfa, 0x0, 0x0, 0x0,
    0xa, 0xff, 0xb, 0xff, 0x0, 0x0, 0x0, 0xf,
    0xfc, 0x6, 0xff, 0x60, 0x0, 0x0, 0x5f, 0xf7,
    0x2, 0xff, 0xb0, 0x0, 0x0, 0xbf, 0xf4, 0x22,
    0xdf, 0xf1, 0x0, 0x0, 0xff, 0xff, 0xff, 0xff,
    0xf6, 0x0, 0x5, 0xff, 0xff, 0xff, 0xff, 0xfc,
    0x0, 0xb, 0xff, 0x30, 0x0, 0xc, 0xff, 0x20,
    0x1f, 0xfd, 0x0, 0x0, 0x7, 0xff, 0x70, 0x6f,
    0xf8, 0x0, 0x0, 0x2, 0xff, 0xd0, 0x0, 0x0,
    0x0, 0x0, 0x0, 0x0, 0x0, 0x0, 0x0, 0x2,
    0xa6, 0x0, 0x0, 0x0, 0x0, 0x0, 0xa, 0xff,
    0x10, 0x0, 0x0, 0x0, 0x0, 0x5, 0xeb, 0x0,
    0x0, 0x0,

    /* U+1EB7 "ặ" */
    0x0, 0x99, 0x0, 0x5c, 0x10, 0x0, 0x7f, 0xa8,
    0xfd, 0x0, 0x0, 0x7, 0xde, 0xa1, 0x0, 0x0,
    0x0, 0x0, 0x0, 0x0, 0x0, 0x4b, 0xee, 0xc6,
    0x0, 0x6, 0xff, 0xff, 0xff, 0xa0, 0xc, 0xfb,
    0x21, 0xaf, 0xf3, 0x0, 0x0, 0x0, 0x7f, 0xf5,
    0x0, 0x59, 0xce, 0xff, 0xf5, 0xb, 0xff, 0xec,
    0xbf, 0xf5, 0x4f, 0xf7, 0x0, 0x5f, 0xf5, 0x5f,
    0xf3, 0x0, 0xbf, 0xf5, 0x2f, 0xfe, 0xbd, 0xef,
    0xf5, 0x5, 0xef, 0xfc, 0x4f, 0xf5, 0x0, 0x2,
    0x10, 0x0, 0x0, 0x0, 0x0, 0x8a, 0x10, 0x0,
    0x0, 0x4, 0xff, 0x80, 0x0, 0x0, 0x1, 0xce,
    0x30, 0x0,

    /* U+1EB8 "Ẹ" */
    0x11, 0x11, 0x11, 0x11, 0x1d, 0xff, 0xff, 0xff,
    0xff, 0xdf, 0xff, 0xff, 0xff, 0xfd, 0xfe, 0x22,
    0x22, 0x21, 0xdf, 0xe0, 0x0, 0x0, 0xd, 0xfe,
    0x0, 0x0, 0x0, 0xdf, 0xfb, 0xbb, 0xbb, 0x5d,
    0xff, 0xff, 0xff, 0xf8, 0xdf, 0xe7, 0x77, 0x77,
    0x3d, 0xfe, 0x0, 0x0, 0x0, 0xdf, 0xe0, 0x0,
    0x0, 0xd, 0xfe, 0x33, 0x33, 0x33, 0xdf, 0xff,
    0xff, 0xff, 0xfd, 0xff, 0xff, 0xff, 0xff, 0x0,
    0x0, 0x0, 0x0, 0x0, 0x0, 0x3a, 0x50, 0x0,
    0x0, 0xc, 0xff, 0x0, 0x0, 0x0, 0x6f, 0x90,
    0x0,

    /* U+1EB9 "ẹ" */
    0x0, 0x18, 0xde, 0xd7, 0x0, 0x0, 0x1d, 0xff,
    0xff, 0xfc, 0x0, 0xa, 0xff, 0x41, 0x5f, 0xf8,
    0x1, 0xff, 0x80, 0x0, 0xaf, 0xd0, 0x3f, 0xfe,
    0xee, 0xef, 0xff, 0x3, 0xff, 0xdc, 0xcc, 0xcc,
    0xc0, 0x2f, 0xf7, 0x0, 0x0, 0x0, 0x0, 0xdf,
    0xd1, 0x0, 0xbc, 0x70, 0x3, 0xff, 0xfd, 0xff,
    0xf5, 0x0, 0x3, 0xcf, 0xff, 0xd5, 0x0, 0x0,
    0x0, 0x12, 0x10, 0x0, 0x0, 0x0, 0x5, 0xa3,
    0x0, 0x0, 0x0, 0x0, 0xff, 0xc0, 0x0, 0x0,
    0x0, 0x9, 0xf6, 0x0, 0x0,

    /* U+1EBA "Ẻ" */
    0x0, 0x1, 0x0, 0x0, 0x0, 0x1, 0xff, 0xc0,
    0x0, 0x0, 0x4, 0xcf, 0x0, 0x0, 0x0, 0x1a,
    0x50, 0x0, 0x11, 0x11, 0x11, 0x11, 0x1d, 0xff,
    0xff, 0xff, 0xff, 0xdf, 0xff, 0xff, 0xff, 0xfd,
    0xfe, 0x22, 0x22, 0x21, 0xdf, 0xe0, 0x0, 0x0,
    0xd, 0xfe, 0x0, 0x0, 0x0, 0xdf, 0xfb, 0xbb,
    0xbb, 0x5d, 0xff, 0xff, 0xff, 0xf8, 0xdf, 0xe7,
    0x77, 0x77, 0x3d, 0xfe, 0x0, 0x0, 0x0, 0xdf,
    0xe0, 0x0, 0x0, 0xd, 0xfe, 0x33, 0x33, 0x33,
    0xdf, 0xff, 0xff, 0xff, 0xfd, 0xff, 0xff, 0xff,
    0xff,

    /* U+1EBB "ẻ" */
    0x0, 0x3, 0xdc, 0x60, 0x0, 0x0, 0x0, 0x28,
    0xed, 0x0, 0x0, 0x0, 0x0, 0x3e, 0x60, 0x0,
    0x0, 0x0, 0x0, 0x0, 0x0, 0x0, 0x0, 0x18,
    0xde, 0xd7, 0x0, 0x0, 0x1d, 0xff, 0xff, 0xfc,
    0x0, 0xa, 0xff, 0x41, 0x5f, 0xf8, 0x1, 0xff,
    0x80, 0x0, 0xaf, 0xd0, 0x3f, 0xfe, 0xee, 0xef,
    0xff, 0x3, 0xff, 0xdc, 0xcc, 0xcc, 0xc0, 0x2f,
    0xf7, 0x0, 0x0, 0x0, 0x0, 0xdf, 0xd1, 0x0,
    0xbc, 0x70, 0x3, 0xff, 0xfd, 0xff, 0xf5, 0x0,
    0x3, 0xcf, 0xff, 0xd5, 0x0, 0x0, 0x0, 0x12,
    0x10, 0x0, 0x0,

    /* U+1EBC "Ẽ" */
    0x0, 0xad, 0x81, 0xc7, 0x0, 0x4f, 0xbe, 0xff,
    0x40, 0x2, 0x60, 0x16, 0x40, 0x1, 0x11, 0x11,
    0x11, 0x11, 0xdf, 0xff, 0xff, 0xff, 0xfd, 0xff,
    0xff, 0xff, 0xff, 0xdf, 0xe2, 0x22, 0x22, 0x1d,
    0xfe, 0x0, 0x0, 0x0, 0xdf, 0xe0, 0x0, 0x0,
    0xd, 0xff, 0xbb, 0xbb, 0xb5, 0xdf, 0xff, 0xff,
    0xff, 0x8d, 0xfe, 0x77, 0x77, 0x73, 0xdf, 0xe0,
    0x0, 0x0, 0xd, 0xfe, 0x0, 0x0, 0x0, 0xdf,
    0xe3, 0x33, 0x33, 0x3d, 0xff, 0xff, 0xff, 0xff,
    0xdf, 0xff, 0xff, 0xff, 0xf0,

    /* U+1EBD "ẽ" */
    0x0, 0x7, 0x92, 0x9, 0x30, 0x0, 0x6, 0xfe,
    0xfd, 0xf3, 0x0, 0x0, 0x69, 0x6, 0xa6, 0x0,
    0x0, 0x0, 0x0, 0x0, 0x0, 0x0, 0x0, 0x18,
    0xde, 0xd7, 0x0, 0x0, 0x1d, 0xff, 0xff, 0xfc,
    0x0, 0xa, 0xff, 0x41, 0x5f, 0xf8, 0x1, 0xff,
    0x80, 0x0, 0xaf, 0xd0, 0x3f, 0xfe, 0xee, 0xef,
    0xff, 0x3, 0xff, 0xdc, 0xcc, 0xcc, 0xc0, 0x2f,
    0xf7, 0x0, 0x0, 0x0, 0x0, 0xdf, 0xd1, 0x0,
    0xbc, 0x70, 0x3, 0xff, 0xfd, 0xff, 0xf5, 0x0,
    0x3, 0xcf, 0xff, 0xd5, 0x0, 0x0, 0x0, 0x12,
    0x10, 0x0, 0x0,

    /* U+1EBE "Ế" */
    0x0, 0x0, 0x0, 0x2e, 0xb0, 0x0, 0x0, 0x0,
    0x9f, 0x30, 0x0, 0x0, 0x0, 0x65, 0x0, 0x0,
    0xa, 0xdc, 0x10, 0x0, 0x0, 0xaf, 0xaf, 0xd1,
    0x0, 0x7, 0xd9, 0x6, 0xda, 0x0, 0x11, 0x11,
    0x11, 0x11, 0x10, 0xdf, 0xff, 0xff, 0xff, 0xf0,
    0xdf, 0xff, 0xff, 0xff, 0xf0, 0xdf, 0xe2, 0x22,
    0x22, 0x10, 0xdf, 0xe0, 0x0, 0x0, 0x0, 0xdf,
    0xe0, 0x0, 0x0, 0x0, 0xdf, 0xfb, 0xbb, 0xbb,
    0x50, 0xdf, 0xff, 0xff, 0xff, 0x80, 0xdf, 0xe7,
    0x77, 0x77, 0x30, 0xdf, 0xe0, 0x0, 0x0, 0x0,
    0xdf, 0xe0, 0x0, 0x0, 0x0, 0xdf, 0xe3, 0x33,
    0x33, 0x30, 0xdf, 0xff, 0xff, 0xff, 0xf0, 0xdf,
    0xff, 0xff, 0xff, 0xf0,

    /* U+1EBF "ế" */
    0x0, 0x0, 0x0, 0x3, 0xa7, 0x0, 0x0, 0x0,
    0x0, 0xaf, 0x30, 0x0, 0x0, 0x0, 0x1b, 0x60,
    0x0, 0x0, 0x7, 0x96, 0x0, 0x0, 0x0, 0xa,
    0xfd, 0xf7, 0x0, 0x0, 0x9, 0xfa, 0xc, 0xf7,
    0x0, 0x0, 0x11, 0x0, 0x1, 0x10, 0x0, 0x1,
    0x8d, 0xed, 0x70, 0x0, 0x1, 0xdf, 0xff, 0xff,
    0xc0, 0x0, 0xaf, 0xf4, 0x15, 0xff, 0x80, 0x1f,
    0xf8, 0x0, 0xa, 0xfd, 0x3, 0xff, 0xee, 0xee,
    0xff, 0xf0, 0x3f, 0xfd, 0xcc, 0xcc, 0xcc, 0x2,
    0xff, 0x70, 0x0, 0x0, 0x0, 0xd, 0xfd, 0x10,
    0xb, 0xc7, 0x0, 0x3f, 0xff, 0xdf, 0xff, 0x50,
    0x0, 0x3c, 0xff, 0xfd, 0x50, 0x0, 0x0, 0x1,
    0x21, 0x0, 0x0,

    /* U+1EC0 "Ề" */
    0x0, 0x0, 0x8, 0xe6, 0x0, 0x0, 0x0, 0xe,
    0xd0, 0x0, 0x0, 0x0, 0x37, 0x10, 0x0, 0xad,
    0xc1, 0x0, 0x0, 0xaf, 0xaf, 0xd1, 0x0, 0x7d,
    0x90, 0x6d, 0xa0, 0x11, 0x11, 0x11, 0x11, 0x1d,
    0xff, 0xff, 0xff, 0xff, 0xdf, 0xff, 0xff, 0xff,
    0xfd, 0xfe, 0x22, 0x22, 0x21, 0xdf, 0xe0, 0x0,
    0x0, 0xd, 0xfe, 0x0, 0x0, 0x0, 0xdf, 0xfb,
    0xbb, 0xbb, 0x5d, 0xff, 0xff, 0xff, 0xf8, 0xdf,
    0xe7, 0x77, 0x77, 0x3d, 0xfe, 0x0, 0x0, 0x0,
    0xdf, 0xe0, 0x0, 0x0, 0xd, 0xfe, 0x33, 0x33,
    0x33, 0xdf, 0xff, 0xff, 0xff, 0xfd, 0xff, 0xff,
    0xff, 0xff,

    /* U+1EC1 "ề" */
    0x0, 0x0, 0x0, 0x8a, 0x10, 0x0, 0x0, 0x0,
    0x4, 0xf8, 0x0, 0x0, 0x0, 0x0, 0x8, 0xa0,
    0x0, 0x0, 0x7, 0x96, 0x0, 0x0, 0x0, 0xa,
    0xfd, 0xf7, 0x0, 0x0, 0x9, 0xfa, 0xc, 0xf7,
    0x0, 0x0, 0x11, 0x0, 0x1, 0x10, 0x0, 0x1,
    0x8d, 0xed, 0x70, 0x0, 0x1, 0xdf, 0xff, 0xff,
    0xc0, 0x0, 0xaf, 0xf4, 0x15, 0xff, 0x80, 0x1f,
    0xf8, 0x0, 0xa, 0xfd, 0x3, 0xff, 0xee, 0xee,
    0xff, 0xf0, 0x3f, 0xfd, 0xcc, 0xcc, 0xcc, 0x2,
    0xff, 0x70, 0x0, 0x0, 0x0, 0xd, 0xfd, 0x10,
    0xb, 0xc7, 0x0, 0x3f, 0xff, 0xdf, 0xff, 0x50,
    0x0, 0x3c, 0xff, 0xfd, 0x50, 0x0, 0x0, 0x1,
    0x21, 0x0, 0x0,

    /* U+1EC2 "Ể" */
    0x0, 0x0, 0xc, 0xe9, 0x0, 0x0, 0x0, 0x3b,
    0xe0, 0x0, 0x0, 0x0, 0x63, 0x0, 0x0, 0xad,
    0xc1, 0x0, 0x0, 0xaf, 0xaf, 0xd1, 0x0, 0x7d,
    0x90, 0x6d, 0xa0, 0x11, 0x11, 0x11, 0x11, 0x1d,
    0xff, 0xff, 0xff, 0xff, 0xdf, 0xff, 0xff, 0xff,
    0xfd, 0xfe, 0x22, 0x22, 0x21, 0xdf, 0xe0, 0x0,
    0x0, 0xd, 0xfe, 0x0, 0x0, 0x0, 0xdf, 0xfb,
    0xbb, 0xbb, 0x5d, 0xff, 0xff, 0xff, 0xf8, 0xdf,
    0xe7, 0x77, 0x77, 0x3d, 0xfe, 0x0, 0x0, 0x0,
    0xdf, 0xe0, 0x0, 0x0, 0xd, 0xfe, 0x33, 0x33,
    0x33, 0xdf, 0xff, 0xff, 0xff, 0xfd, 0xff, 0xff,
    0xff, 0xff,

    /* U+1EC3 "ể" */
    0x0, 0x0, 0x0, 0xa9, 0x30, 0x0, 0x0, 0x0,
    0x8, 0xec, 0x0, 0x0, 0x0, 0x0, 0xb, 0x40,
    0x0, 0x0, 0x7, 0x96, 0x0, 0x0, 0x0, 0xa,
    0xfd, 0xf7, 0x0, 0x0, 0x9, 0xfa, 0xc, 0xf7,
    0x0, 0x0, 0x11, 0x0, 0x1, 0x10, 0x0, 0x1,
    0x8d, 0xed, 0x70, 0x0, 0x1, 0xdf, 0xff, 0xff,
    0xc0, 0x0, 0xaf, 0xf4, 0x15, 0xff, 0x80, 0x1f,
    0xf8, 0x0, 0xa, 0xfd, 0x3, 0xff, 0xee, 0xee,
    0xff, 0xf0, 0x3f, 0xfd, 0xcc, 0xcc, 0xcc, 0x2,
    0xff, 0x70, 0x0, 0x0, 0x0, 0xd, 0xfd, 0x10,
    0xb, 0xc7, 0x0, 0x3f, 0xff, 0xdf, 0xff, 0x50,
    0x0, 0x3c, 0xff, 0xfd, 0x50, 0x0, 0x0, 0x1,
    0x21, 0x0, 0x0,

    /* U+1EC4 "Ễ" */
    0x0, 0x7b, 0x60, 0x96, 0x0, 0x4f, 0xbe, 0xff,
    0x40, 0x2, 0x50, 0x5, 0x30, 0x0, 0x0, 0xad,
    0xc1, 0x0, 0x0, 0xaf, 0xaf, 0xd1, 0x0, 0x7d,
    0x90, 0x6d, 0xa0, 0x11, 0x11, 0x11, 0x11, 0x1d,
    0xff, 0xff, 0xff, 0xff, 0xdf, 0xff, 0xff, 0xff,
    0xfd, 0xfe, 0x22, 0x22, 0x21, 0xdf, 0xe0, 0x0,
    0x0, 0xd, 0xfe, 0x0, 0x0, 0x0, 0xdf, 0xfb,
    0xbb, 0xbb, 0x5d, 0xff, 0xff, 0xff, 0xf8, 0xdf,
    0xe7, 0x77, 0x77, 0x3d, 0xfe, 0x0, 0x0, 0x0,
    0xdf, 0xe0, 0x0, 0x0, 0xd, 0xfe, 0x33, 0x33,
    0x33, 0xdf, 0xff, 0xff, 0xff, 0xfd, 0xff, 0xff,
    0xff, 0xff,

    /* U+1EC5 "ễ" */
    0x0, 0x4, 0x61, 0x6, 0x20, 0x0, 0x5, 0xfe,
    0xfc, 0xf3, 0x0, 0x0, 0x58, 0x5, 0x95, 0x0,
    0x0, 0x0, 0x7, 0x96, 0x0, 0x0, 0x0, 0xa,
    0xfd, 0xf7, 0x0, 0x0, 0x9, 0xfa, 0xc, 0xf7,
    0x0, 0x0, 0x11, 0x0, 0x1, 0x10, 0x0, 0x1,
    0x8d, 0xed, 0x70, 0x0, 0x1, 0xdf, 0xff, 0xff,
    0xc0, 0x0, 0xaf, 0xf4, 0x15, 0xff, 0x80, 0x1f,
    0xf8, 0x0, 0xa, 0xfd, 0x3, 0xff, 0xee, 0xee,
    0xff, 0xf0, 0x3f, 0xfd, 0xcc, 0xcc, 0xcc, 0x2,
    0xff, 0x70, 0x0, 0x0, 0x0, 0xd, 0xfd, 0x10,
    0xb, 0xc7, 0x0, 0x3f, 0xff, 0xdf, 0xff, 0x50,
    0x0, 0x3c, 0xff, 0xfd, 0x50, 0x0, 0x0, 0x1,
    0x21, 0x0, 0x0,

    /* U+1EC6 "Ệ" */
    0x0, 0x0, 0x10, 0x0, 0x0, 0x1, 0xdf, 0xf3,
    0x0, 0x1, 0xdf, 0x6e, 0xe3, 0x0, 0x69, 0x50,
    0x39, 0x80, 0x11, 0x11, 0x11, 0x11, 0x1d, 0xff,
    0xff, 0xff, 0xff, 0xdf, 0xff, 0xff, 0xff, 0xfd,
    0xfe, 0x22, 0x22, 0x21, 0xdf, 0xe0, 0x0, 0x0,
    0xd, 0xfe, 0x0, 0x0, 0x0, 0xdf, 0xfb, 0xbb,
    0xbb, 0x5d, 0xff, 0xff, 0xff, 0xf8, 0xdf, 0xe7,
    0x77, 0x77, 0x3d, 0xfe, 0x0, 0x0, 0x0, 0xdf,
    0xe0, 0x0, 0x0, 0xd, 0xfe, 0x33, 0x33, 0x33,
    0xdf, 0xff, 0xff, 0xff, 0xfd, 0xff, 0xff, 0xff,
    0xff, 0x0, 0x0, 0x0, 0x0, 0x0, 0x0, 0x3a,
    0x50, 0x0, 0x0, 0xc, 0xff, 0x0, 0x0, 0x0,
    0x6f, 0x90, 0x0,

    /* U+1EC7 "ệ" */
    0x0, 0x1, 0xbd, 0xa0, 0x0, 0x0, 0x1, 0xdf,
    0xaf, 0xa0, 0x0, 0x0, 0xad, 0x60, 0x9d, 0x70,
    0x0, 0x0, 0x0, 0x0, 0x0, 0x0, 0x0, 0x18,
    0xde, 0xd7, 0x0, 0x0, 0x1d, 0xff, 0xff, 0xfc,
    0x0, 0xa, 0xff, 0x41, 0x5f, 0xf8, 0x1, 0xff,
    0x80, 0x0, 0xaf, 0xd0, 0x3f, 0xfe, 0xee, 0xef,
    0xff, 0x3, 0xff, 0xdc, 0xcc, 0xcc, 0xc0, 0x2f,
    0xf7, 0x0, 0x0, 0x0, 0x0, 0xdf, 0xd1, 0x0,
    0xbc, 0x70, 0x3, 0xff, 0xfd, 0xff, 0xf5, 0x0,
    0x3, 0xcf, 0xff, 0xd5, 0x0, 0x0, 0x0, 0x12,
    0x10, 0x0, 0x0, 0x0, 0x5, 0xa3, 0x0, 0x0,
    0x0, 0x0, 0xff, 0xc0, 0x0, 0x0, 0x0, 0x9,
    0xf6, 0x0, 0x0,

    /* U+1EC8 "Ỉ" */
    0x1, 0x0, 0x2, 0xff, 0xc0, 0x4, 0xde, 0x0,
    0x1a, 0x50, 0x1, 0x11, 0x0, 0xdf, 0xe0, 0xd,
    0xfe, 0x0, 0xdf, 0xe0, 0xd, 0xfe, 0x0, 0xdf,
    0xe0, 0xd, 0xfe, 0x0, 0xdf, 0xe0, 0xd, 0xfe,
    0x0, 0xdf, 0xe0, 0xd, 0xfe, 0x0, 0xdf, 0xe0,
    0xd, 0xfe, 0x0, 0xdf, 0xe0,

    /* U+1EC9 "ỉ" */
    0x3d, 0xc7, 0x2, 0x8e, 0xe0, 0x2, 0xe7, 0x0,
    0x0, 0x0, 0xb, 0xda, 0x0, 0xef, 0xc0, 0xe,
    0xfc, 0x0, 0xef, 0xc0, 0xe, 0xfc, 0x0, 0xef,
    0xc0, 0xe, 0xfc, 0x0, 0xef, 0xc0, 0xe, 0xfc,
    0x0, 0xef, 0xc0,

    /* U+1ECA "Ị" */
    0x11, 0x1d, 0xfe, 0xdf, 0xed, 0xfe, 0xdf, 0xed,
    0xfe, 0xdf, 0xed, 0xfe, 0xdf, 0xed, 0xfe, 0xdf,
    0xed, 0xfe, 0xdf, 0xed, 0xfe, 0x0, 0x4, 0xa4,
    0xdf, 0xe7, 0xf8,

    /* U+1ECB "ị" */
    0x6c, 0x5f, 0xfd, 0x7d, 0x60, 0x0, 0xbd, 0xae,
    0xfc, 0xef, 0xce, 0xfc, 0xef, 0xce, 0xfc, 0xef,
    0xce, 0xfc, 0xef, 0xce, 0xfc, 0x0, 0x4, 0xa4,
    0xef, 0xd8, 0xf7,

    /* U+1ECC "Ọ" */
    0x0, 0x0, 0x1, 0x33, 0x10, 0x0, 0x0, 0x0,
    0x3, 0xbf, 0xff, 0xfb, 0x20, 0x0, 0x0, 0x5f,
    0xff, 0xff, 0xff, 0xf4, 0x0, 0x2, 0xff, 0xf7,
    0x22, 0x8f, 0xfe, 0x10, 0x9, 0xff, 0x50, 0x0,
    0x7, 0xff, 0x70, 0xf, 0xfd, 0x0, 0x0, 0x0,
    0xff, 0xd0, 0x1f, 0xfa, 0x0, 0x0, 0x0, 0xcf,
    0xf0, 0x2f, 0xf9, 0x0, 0x0, 0x0, 0xbf, 0xf0,
    0x1f, 0xfa, 0x0, 0x0, 0x0, 0xcf, 0xf0, 0xe,
    0xfd, 0x0, 0x0, 0x0, 0xff, 0xc0, 0x9, 0xff,
    0x60, 0x0, 0x8, 0xff, 0x70, 0x2, 0xff, 0xf8,
    0x44, 0xaf, 0xfe, 0x0, 0x0, 0x4f, 0xff, 0xff,
    0xff, 0xe3, 0x0, 0x0, 0x2, 0xaf, 0xff, 0xf9,
    0x10, 0x0, 0x0, 0x0, 0x0, 0x11, 0x0, 0x0,
    0x0, 0x0, 0x0, 0x0, 0x99, 0x0, 0x0, 0x0,
    0x0, 0x0, 0x6, 0xff, 0x50, 0x0, 0x0, 0x0,
    0x0, 0x2, 0xdd, 0x10, 0x0, 0x0,

    /* U+1ECD "ọ" */
    0x0, 0x18, 0xde, 0xd8, 0x10, 0x0, 0x1d, 0xff,
    0xff, 0xfe, 0x10, 0xa, 0xff, 0x72, 0x7f, 0xfb,
    0x1, 0xff, 0xb0, 0x0, 0xaf, 0xf1, 0x3f, 0xf7,
    0x0, 0x7, 0xff, 0x43, 0xff, 0x70, 0x0, 0x6f,
    0xf4, 0x1f, 0xfa, 0x0, 0x9, 0xff, 0x20, 0xcf,
    0xf3, 0x3, 0xff, 0xd0, 0x3, 0xff, 0xfe, 0xff,
    0xf3, 0x0, 0x3, 0xcf, 0xff, 0xc3, 0x0, 0x0,
    0x0, 0x12, 0x10, 0x0, 0x0, 0x0, 0x4, 0xa4,
    0x0, 0x0, 0x0, 0x0, 0xdf, 0xe0, 0x0, 0x0,
    0x0, 0x7, 0xf8, 0x0, 0x0,

    /* U+1ECE "Ỏ" */
    0x0, 0x0, 0x0, 0x10, 0x0, 0x0, 0x0, 0x0,
    0x0, 0xc, 0xff, 0x30, 0x0, 0x0, 0x0, 0x0,
    0x3, 0x8f, 0x50, 0x0, 0x0, 0x0, 0x0, 0x0,
    0x79, 0x0, 0x0, 0x0, 0x0, 0x0, 0x1, 0x33,
    0x10, 0x0, 0x0, 0x0, 0x3, 0xbf, 0xff, 0xfb,
    0x20, 0x0, 0x0, 0x5f, 0xff, 0xff, 0xff, 0xf4,
    0x0, 0x2, 0xff, 0xf7, 0x22, 0x8f, 0xfe, 0x10,
    0x9, 0xff, 0x50, 0x0, 0x7, 0xff, 0x70, 0xf,
    0xfd, 0x0, 0x0, 0x0, 0xff, 0xd0, 0x1f, 0xfa,
    0x0, 0x0, 0x0, 0xcf, 0xf0, 0x2f, 0xf9, 0x0,
    0x0, 0x0, 0xbf, 0xf0, 0x1f, 0xfa, 0x0, 0x0,
    0x0, 0xcf, 0xf0, 0xe, 0xfd, 0x0, 0x0, 0x0,
    0xff, 0xc0, 0x9, 0xff, 0x60, 0x0, 0x8, 0xff,
    0x70, 0x2, 0xff, 0xf8, 0x44, 0xaf, 0xfe, 0x0,
    0x0, 0x4f, 0xff, 0xff, 0xff, 0xe3, 0x0, 0x0,
    0x2, 0xaf, 0xff, 0xf9, 0x10, 0x0, 0x0, 0x0,
    0x0, 0x11, 0x0, 0x0, 0x0,

    /* U+1ECF "ỏ" */
    0x0, 0x2, 0xdc, 0x70, 0x0, 0x0, 0x0, 0x18,
    0xdf, 0x0, 0x0, 0x0, 0x0, 0x1e, 0x80, 0x0,
    0x0, 0x0, 0x0, 0x0, 0x0, 0x0, 0x0, 0x18,
    0xde, 0xd8, 0x10, 0x0, 0x1d, 0xff, 0xff, 0xfe,
    0x10, 0xa, 0xff, 0x72, 0x7f, 0xfb, 0x1, 0xff,
    0xb0, 0x0, 0xaf, 0xf1, 0x3f, 0xf7, 0x0, 0x7,
    0xff, 0x43, 0xff, 0x70, 0x0, 0x6f, 0xf4, 0x1f,
    0xfa, 0x0, 0x9, 0xff, 0x20, 0xcf, 0xf3, 0x3,
    0xff, 0xd0, 0x3, 0xff, 0xfe, 0xff, 0xf3, 0x0,
    0x3, 0xcf, 0xff, 0xc3, 0x0, 0x0, 0x0, 0x12,
    0x10, 0x0, 0x0,

    /* U+1ED0 "Ố" */
    0x0, 0x0, 0x0, 0x0, 0xb, 0xe3, 0x0, 0x0,
    0x0, 0x0, 0x0, 0x4f, 0x80, 0x0, 0x0, 0x0,
    0x0, 0x0, 0x47, 0x0, 0x0, 0x0, 0x0, 0x6,
    0xdd, 0x50, 0x0, 0x0, 0x0, 0x0, 0x5f, 0xcd,
    0xf4, 0x0, 0x0, 0x0, 0x3, 0xdc, 0x12, 0xcc,
    0x20, 0x0, 0x0, 0x0, 0x1, 0x33, 0x10, 0x0,
    0x0, 0x0, 0x3, 0xbf, 0xff, 0xfb, 0x20, 0x0,
    0x0, 0x5f, 0xff, 0xff, 0xff, 0xf4, 0x0, 0x2,
    0xff, 0xf7, 0x22, 0x8f, 0xfe, 0x10, 0x9, 0xff,
    0x50, 0x0, 0x7, 0xff, 0x70, 0xf, 0xfd, 0x0,
    0x0, 0x0, 0xff, 0xd0, 0x1f, 0xfa, 0x0, 0x0,
    0x0, 0xcf, 0xf0, 0x2f, 0xf9, 0x0, 0x0, 0x0,
    0xbf, 0xf0, 0x1f, 0xfa, 0x0, 0x0, 0x0, 0xcf,
    0xf0, 0xe, 0xfd, 0x0, 0x0, 0x0, 0xff, 0xc0,
    0x9, 0xff, 0x60, 0x0, 0x8, 0xff, 0x70, 0x2,
    0xff, 0xf8, 0x44, 0xaf, 0xfe, 0x0, 0x0, 0x4f,
    0xff, 0xff, 0xff, 0xe3, 0x0, 0x0, 0x2, 0xaf,
    0xff, 0xf9, 0x10, 0x0, 0x0, 0x0, 0x0, 0x11,
    0x0, 0x0, 0x0,

    /* U+1ED1 "ố" */
    0x0, 0x0, 0x0, 0x1, 0xa8, 0x0, 0x0, 0x0,
    0x0, 0x8f, 0x50, 0x0, 0x0, 0x0, 0xa, 0x80,
    0x0, 0x0, 0x6, 0x97, 0x0, 0x0, 0x0, 0x8,
    0xfd, 0xf9, 0x0, 0x0, 0x7, 0xfc, 0xb, 0xf9,
    0x0, 0x0, 0x11, 0x0, 0x1, 0x10, 0x0, 0x1,
    0x8d, 0xed, 0x81, 0x0, 0x1, 0xdf, 0xff, 0xff,
    0xe1, 0x0, 0xaf, 0xf7, 0x27, 0xff, 0xb0, 0x1f,
    0xfb, 0x0, 0xa, 0xff, 0x13, 0xff, 0x70, 0x0,
    0x7f, 0xf4, 0x3f, 0xf7, 0x0, 0x6, 0xff, 0x41,
    0xff, 0xa0, 0x0, 0x9f, 0xf2, 0xc, 0xff, 0x30,
    0x3f, 0xfd, 0x0, 0x3f, 0xff, 0xef, 0xff, 0x30,
    0x0, 0x3c, 0xff, 0xfc, 0x30, 0x0, 0x0, 0x1,
    0x21, 0x0, 0x0,

    /* U+1ED2 "Ồ" */
    0x0, 0x0, 0x0, 0x3, 0xeb, 0x0, 0x0, 0x0,
    0x0, 0x0, 0x0, 0x9f, 0x30, 0x0, 0x0, 0x0,
    0x0, 0x0, 0x7, 0x40, 0x0, 0x0, 0x0, 0x6,
    0xdd, 0x50, 0x0, 0x0, 0x0, 0x0, 0x5f, 0xcd,
    0xf4, 0x0, 0x0, 0x0, 0x3, 0xdc, 0x12, 0xcc,
    0x20, 0x0, 0x0, 0x0, 0x1, 0x33, 0x10, 0x0,
    0x0, 0x0, 0x3, 0xbf, 0xff, 0xfb, 0x20, 0x0,
    0x0, 0x5f, 0xff, 0xff, 0xff, 0xf4, 0x0, 0x2,
    0xff, 0xf7, 0x22, 0x8f, 0xfe, 0x10, 0x9, 0xff,
    0x50, 0x0, 0x7, 0xff, 0x70, 0xf, 0xfd, 0x0,
    0x0, 0x0, 0xff, 0xd0, 0x1f, 0xfa, 0x0, 0x0,
    0x0, 0xcf, 0xf0, 0x2f, 0xf9, 0x0, 0x0, 0x0,
    0xbf, 0xf0, 0x1f, 0xfa, 0x0, 0x0, 0x0, 0xcf,
    0xf0, 0xe, 0xfd, 0x0, 0x0, 0x0, 0xff, 0xc0,
    0x9, 0xff, 0x60, 0x0, 0x8, 0xff, 0x70, 0x2,
    0xff, 0xf8, 0x44, 0xaf, 0xfe, 0x0, 0x0, 0x4f,
    0xff, 0xff, 0xff, 0xe3, 0x0, 0x0, 0x2, 0xaf,
    0xff, 0xf9, 0x10, 0x0, 0x0, 0x0, 0x0, 0x11,
    0x0, 0x0, 0x0,

    /* U+1ED3 "ồ" */
    0x0, 0x0, 0x0, 0x7a, 0x30, 0x0, 0x0, 0x0,
    0x3, 0xfb, 0x0, 0x0, 0x0, 0x0, 0x6, 0xb1,
    0x0, 0x0, 0x6, 0x97, 0x0, 0x0, 0x0, 0x8,
    0xfd, 0xf9, 0x0, 0x0, 0x7, 0xfc, 0xb, 0xf9,
    0x0, 0x0, 0x11, 0x0, 0x1, 0x10, 0x0, 0x1,
    0x8d, 0xed, 0x81, 0x0, 0x1, 0xdf, 0xff, 0xff,
    0xe1, 0x0, 0xaf, 0xf7, 0x27, 0xff, 0xb0, 0x1f,
    0xfb, 0x0, 0xa, 0xff, 0x13, 0xff, 0x70, 0x0,
    0x7f, 0xf4, 0x3f, 0xf7, 0x0, 0x6, 0xff, 0x41,
    0xff, 0xa0, 0x0, 0x9f, 0xf2, 0xc, 0xff, 0x30,
    0x3f, 0xfd, 0x0, 0x3f, 0xff, 0xef, 0xff, 0x30,
    0x0, 0x3c, 0xff, 0xfc, 0x30, 0x0, 0x0, 0x1,
    0x21, 0x0, 0x0,

    /* U+1ED4 "Ổ" */
    0x0, 0x0, 0x0, 0x6, 0xec, 0x20, 0x0, 0x0,
    0x0, 0x0, 0x2, 0x7f, 0x40, 0x0, 0x0, 0x0,
    0x0, 0x0, 0x46, 0x0, 0x0, 0x0, 0x0, 0x6,
    0xdd, 0x50, 0x0, 0x0, 0x0, 0x0, 0x5f, 0xcd,
    0xf4, 0x0, 0x0, 0x0, 0x3, 0xdc, 0x12, 0xcc,
    0x20, 0x0, 0x0, 0x0, 0x1, 0x33, 0x10, 0x0,
    0x0, 0x0, 0x3, 0xbf, 0xff, 0xfb, 0x20, 0x0,
    0x0, 0x5f, 0xff, 0xff, 0xff, 0xf4, 0x0, 0x2,
    0xff, 0xf7, 0x22, 0x8f, 0xfe, 0x10, 0x9, 0xff,
    0x50, 0x0, 0x7, 0xff, 0x70, 0xf, 0xfd, 0x0,
    0x0, 0x0, 0xff, 0xd0, 0x1f, 0xfa, 0x0, 0x0,
    0x0, 0xcf, 0xf0, 0x2f, 0xf9, 0x0, 0x0, 0x0,
    0xbf, 0xf0, 0x1f, 0xfa, 0x0, 0x0, 0x0, 0xcf,
    0xf0, 0xe, 0xfd, 0x0, 0x0, 0x0, 0xff, 0xc0,
    0x9, 0xff, 0x60, 0x0, 0x8, 0xff, 0x70, 0x2,
    0xff, 0xf8, 0x44, 0xaf, 0xfe, 0x0, 0x0, 0x4f,
    0xff, 0xff, 0xff, 0xe3, 0x0, 0x0, 0x2, 0xaf,
    0xff, 0xf9, 0x10, 0x0, 0x0, 0x0, 0x0, 0x11,
    0x0, 0x0, 0x0,

    /* U+1ED5 "ổ" */
    0x0, 0x0, 0x0, 0x99, 0x40, 0x0, 0x0, 0x0,
    0x7, 0xde, 0x0, 0x0, 0x0, 0x0, 0xa, 0x50,
    0x0, 0x0, 0x6, 0x97, 0x0, 0x0, 0x0, 0x8,
    0xfd, 0xf9, 0x0, 0x0, 0x7, 0xfc, 0xb, 0xf9,
    0x0, 0x0, 0x11, 0x0, 0x1, 0x10, 0x0, 0x1,
    0x8d, 0xed, 0x81, 0x0, 0x1, 0xdf, 0xff, 0xff,
    0xe1, 0x0, 0xaf, 0xf7, 0x27, 0xff, 0xb0, 0x1f,
    0xfb, 0x0, 0xa, 0xff, 0x13, 0xff, 0x70, 0x0,
    0x7f, 0xf4, 0x3f, 0xf7, 0x0, 0x6, 0xff, 0x41,
    0xff, 0xa0, 0x0, 0x9f, 0xf2, 0xc, 0xff, 0x30,
    0x3f, 0xfd, 0x0, 0x3f, 0xff, 0xef, 0xff, 0x30,
    0x0, 0x3c, 0xff, 0xfc, 0x30, 0x0, 0x0, 0x1,
    0x21, 0x0, 0x0,

    /* U+1ED6 "Ỗ" */
    0x0, 0x0, 0x3a, 0x91, 0x5a, 0x0, 0x0, 0x0,
    0x0, 0xed, 0xcf, 0xfa, 0x0, 0x0, 0x0, 0x0,
    0x52, 0x3, 0x40, 0x0, 0x0, 0x0, 0x0, 0x6,
    0xdd, 0x50, 0x0, 0x0, 0x0, 0x0, 0x5f, 0xcd,
    0xf4, 0x0, 0x0, 0x0, 0x3, 0xdc, 0x12, 0xcc,
    0x20, 0x0, 0x0, 0x0, 0x1, 0x33, 0x10, 0x0,
    0x0, 0x0, 0x3, 0xbf, 0xff, 0xfb, 0x20, 0x0,
    0x0, 0x5f, 0xff, 0xff, 0xff, 0xf4, 0x0, 0x2,
    0xff, 0xf7, 0x22, 0x8f, 0xfe, 0x10, 0x9, 0xff,
    0x50, 0x0, 0x7, 0xff, 0x70, 0xf, 0xfd, 0x0,
    0x0, 0x0, 0xff, 0xd0, 0x1f, 0xfa, 0x0, 0x0,
    0x0, 0xcf, 0xf0, 0x2f, 0xf9, 0x0, 0x0, 0x0,
    0xbf, 0xf0, 0x1f, 0xfa, 0x0, 0x0, 0x0, 0xcf,
    0xf0, 0xe, 0xfd, 0x0, 0x0, 0x0, 0xff, 0xc0,
    0x9, 0xff, 0x60, 0x0, 0x8, 0xff, 0x70, 0x2,
    0xff, 0xf8, 0x44, 0xaf, 0xfe, 0x0, 0x0, 0x4f,
    0xff, 0xff, 0xff, 0xe3, 0x0, 0x0, 0x2, 0xaf,
    0xff, 0xf9, 0x10, 0x0, 0x0, 0x0, 0x0, 0x11,
    0x0, 0x0, 0x0,

    /* U+1ED7 "ỗ" */
    0x0, 0x3, 0x62, 0x6, 0x30, 0x0, 0x3, 0xfe,
    0xfb, 0xf5, 0x0, 0x0, 0x49, 0x4, 0x96, 0x0,
    0x0, 0x0, 0x6, 0x97, 0x0, 0x0, 0x0, 0x8,
    0xfd, 0xf9, 0x0, 0x0, 0x7, 0xfc, 0xb, 0xf9,
    0x0, 0x0, 0x11, 0x0, 0x1, 0x10, 0x0, 0x1,
    0x8d, 0xed, 0x81, 0x0, 0x1, 0xdf, 0xff, 0xff,
    0xe1, 0x0, 0xaf, 0xf7, 0x27, 0xff, 0xb0, 0x1f,
    0xfb, 0x0, 0xa, 0xff, 0x13, 0xff, 0x70, 0x0,
    0x7f, 0xf4, 0x3f, 0xf7, 0x0, 0x6, 0xff, 0x41,
    0xff, 0xa0, 0x0, 0x9f, 0xf2, 0xc, 0xff, 0x30,
    0x3f, 0xfd, 0x0, 0x3f, 0xff, 0xef, 0xff, 0x30,
    0x0, 0x3c, 0xff, 0xfc, 0x30, 0x0, 0x0, 0x1,
    0x21, 0x0, 0x0,

    /* U+1ED8 "Ộ" */
    0x0, 0x0, 0x0, 0x11, 0x0, 0x0, 0x0, 0x0,
    0x0, 0xa, 0xff, 0x80, 0x0, 0x0, 0x0, 0x0,
    0x9f, 0x9b, 0xf7, 0x0, 0x0, 0x0, 0x3, 0x98,
    0x0, 0x89, 0x20, 0x0, 0x0, 0x0, 0x1, 0x33,
    0x10, 0x0, 0x0, 0x0, 0x3, 0xbf, 0xff, 0xfb,
    0x20, 0x0, 0x0, 0x5f, 0xff, 0xff, 0xff, 0xf4,
    0x0, 0x2, 0xff, 0xf7, 0x22, 0x8f, 0xfe, 0x10,
    0x9, 0xff, 0x50, 0x0, 0x7, 0xff, 0x70, 0xf,
    0xfd, 0x0, 0x0, 0x0, 0xff, 0xd0, 0x1f, 0xfa,
    0x0, 0x0, 0x0, 0xcf, 0xf0, 0x2f, 0xf9, 0x0,
    0x0, 0x0, 0xbf, 0xf0, 0x1f, 0xfa, 0x0, 0x0,
    0x0, 0xcf, 0xf0, 0xe, 0xfd, 0x0, 0x0, 0x0,
    0xff, 0xc0, 0x9, 0xff, 0x60, 0x0, 0x8, 0xff,
    0x70, 0x2, 0xff, 0xf8, 0x44, 0xaf, 0xfe, 0x0,
    0x0, 0x4f, 0xff, 0xff, 0xff, 0xe3, 0x0, 0x0,
    0x2, 0xaf, 0xff, 0xf9, 0x10, 0x0, 0x0, 0x0,
    0x0, 0x11, 0x0, 0x0, 0x0, 0x0, 0x0, 0x0,
    0x99, 0x0, 0x0, 0x0, 0x0, 0x0, 0x6, 0xff,
    0x50, 0x0, 0x0, 0x0, 0x0, 0x2, 0xdd, 0x10,
    0x0, 0x0,

    /* U+1ED9 "ộ" */
    0x0, 0x0, 0xad, 0xb0, 0x0, 0x0, 0x0, 0xbf,
    0xaf, 0xc0, 0x0, 0x0, 0x9d, 0x80, 0x8d, 0x90,
    0x0, 0x0, 0x0, 0x0, 0x0, 0x0, 0x0, 0x18,
    0xde, 0xd8, 0x10, 0x0, 0x1d, 0xff, 0xff, 0xfe,
    0x10, 0xa, 0xff, 0x72, 0x7f, 0xfb, 0x1, 0xff,
    0xb0, 0x0, 0xaf, 0xf1, 0x3f, 0xf7, 0x0, 0x7,
    0xff, 0x43, 0xff, 0x70, 0x0, 0x6f, 0xf4, 0x1f,
    0xfa, 0x0, 0x9, 0xff, 0x20, 0xcf, 0xf3, 0x3,
    0xff, 0xd0, 0x3, 0xff, 0xfe, 0xff, 0xf3, 0x0,
    0x3, 0xcf, 0xff, 0xc3, 0x0, 0x0, 0x0, 0x12,
    0x10, 0x0, 0x0, 0x0, 0x4, 0xa4, 0x0, 0x0,
    0x0, 0x0, 0xdf, 0xe0, 0x0, 0x0, 0x0, 0x7,
    0xf8, 0x0, 0x0,

    /* U+1EDA "Ớ" */
    0x0, 0x0, 0x0, 0x1, 0x10, 0x0, 0x0, 0x0,
    0x0, 0x0, 0x1f, 0xf4, 0x0, 0x0, 0x0, 0x0,
    0x0, 0x8f, 0x90, 0x0, 0x0, 0x0, 0x0, 0x0,
    0x9a, 0x0, 0x3e, 0xe1, 0x0, 0x0, 0x1, 0x33,
    0x21, 0x5f, 0xf1, 0x0, 0x3, 0xbf, 0xff, 0xff,
    0xff, 0xe0, 0x0, 0x5f, 0xff, 0xff, 0xff, 0xfb,
    0x20, 0x2, 0xff, 0xf7, 0x22, 0x8f, 0xfe, 0x10,
    0x9, 0xff, 0x50, 0x0, 0x7, 0xff, 0x70, 0xf,
    0xfd, 0x0, 0x0, 0x0, 0xff, 0xd0, 0x1f, 0xfa,
    0x0, 0x0, 0x0, 0xcf, 0xf0, 0x2f, 0xf9, 0x0,
    0x0, 0x0, 0xbf, 0xf0, 0x1f, 0xfa, 0x0, 0x0,
    0x0, 0xcf, 0xf0, 0xe, 0xfd, 0x0, 0x0, 0x0,
    0xff, 0xc0, 0x9, 0xff, 0x60, 0x0, 0x8, 0xff,
    0x70, 0x2, 0xff, 0xf8, 0x44, 0xaf, 0xfe, 0x0,
    0x0, 0x4f, 0xff, 0xff, 0xff, 0xe3, 0x0, 0x0,
    0x2, 0xaf, 0xff, 0xf9, 0x10, 0x0, 0x0, 0x0,
    0x0, 0x11, 0x0, 0x0, 0x0,

    /* U+1EDB "ớ" */
    0x0, 0x0, 0x5, 0xdb, 0x0, 0x0, 0x0, 0x0,
    0xcf, 0x50, 0x0, 0x0, 0x0, 0x3e, 0xa0, 0x4f,
    0xd0, 0x0, 0x0, 0x0, 0x4, 0xfd, 0x0, 0x18,
    0xde, 0xed, 0xef, 0x80, 0x1d, 0xff, 0xff, 0xff,
    0x60, 0xa, 0xff, 0x72, 0x7f, 0xfb, 0x1, 0xff,
    0xb0, 0x0, 0xaf, 0xf1, 0x3f, 0xf7, 0x0, 0x7,
    0xff, 0x43, 0xff, 0x70, 0x0, 0x6f, 0xf4, 0x1f,
    0xfa, 0x0, 0x9, 0xff, 0x20, 0xcf, 0xf3, 0x3,
    0xff, 0xd0, 0x3, 0xff, 0xfe, 0xff, 0xf3, 0x0,
    0x3, 0xcf, 0xff, 0xc3, 0x0, 0x0, 0x0, 0x12,
    0x10, 0x0, 0x0,

    /* U+1EDC "Ờ" */
    0x0, 0x0, 0x1, 0x0, 0x0, 0x0, 0x0, 0x0,
    0x0, 0x6f, 0xe0, 0x0, 0x0, 0x0, 0x0, 0x0,
    0xb, 0xf5, 0x0, 0x0, 0x0, 0x0, 0x0, 0x1,
    0xa7, 0x0, 0x3e, 0xe1, 0x0, 0x0, 0x1, 0x33,
    0x21, 0x5f, 0xf1, 0x0, 0x3, 0xbf, 0xff, 0xff,
    0xff, 0xe0, 0x0, 0x5f, 0xff, 0xff, 0xff, 0xfb,
    0x20, 0x2, 0xff, 0xf7, 0x22, 0x8f, 0xfe, 0x10,
    0x9, 0xff, 0x50, 0x0, 0x7, 0xff, 0x70, 0xf,
    0xfd, 0x0, 0x0, 0x0, 0xff, 0xd0, 0x1f, 0xfa,
    0x0, 0x0, 0x0, 0xcf, 0xf0, 0x2f, 0xf9, 0x0,
    0x0, 0x0, 0xbf, 0xf0, 0x1f, 0xfa, 0x0, 0x0,
    0x0, 0xcf, 0xf0, 0xe, 0xfd, 0x0, 0x0, 0x0,
    0xff, 0xc0, 0x9, 0xff, 0x60, 0x0, 0x8, 0xff,
    0x70, 0x2, 0xff, 0xf8, 0x44, 0xaf, 0xfe, 0x0,
    0x0, 0x4f, 0xff, 0xff, 0xff, 0xe3, 0x0, 0x0,
    0x2, 0xaf, 0xff, 0xf9, 0x10, 0x0, 0x0, 0x0,
    0x0, 0x11, 0x0, 0x0, 0x0,

    /* U+1EDD "ờ" */
    0x0, 0xb, 0xd5, 0x0, 0x0, 0x0, 0x0, 0x5f,
    0xd0, 0x0, 0x0, 0x0, 0x0, 0xae, 0x30, 0x4f,
    0xd0, 0x0, 0x0, 0x0, 0x4, 0xfd, 0x0, 0x18,
    0xde, 0xed, 0xef, 0x80, 0x1d, 0xff, 0xff, 0xff,
    0x60, 0xa, 0xff, 0x72, 0x7f, 0xfb, 0x1, 0xff,
    0xb0, 0x0, 0xaf, 0xf1, 0x3f, 0xf7, 0x0, 0x7,
    0xff, 0x43, 0xff, 0x70, 0x0, 0x6f, 0xf4, 0x1f,
    0xfa, 0x0, 0x9, 0xff, 0x20, 0xcf, 0xf3, 0x3,
    0xff, 0xd0, 0x3, 0xff, 0xfe, 0xff, 0xf3, 0x0,
    0x3, 0xcf, 0xff, 0xc3, 0x0, 0x0, 0x0, 0x12,
    0x10, 0x0, 0x0,

    /* U+1EDE "Ở" */
    0x0, 0x0, 0x0, 0x10, 0x0, 0x0, 0x0, 0x0,
    0x0, 0xc, 0xff, 0x30, 0x0, 0x0, 0x0, 0x0,
    0x3, 0x8f, 0x50, 0x0, 0x0, 0x0, 0x0, 0x0,
    0x79, 0x0, 0x3e, 0xe1, 0x0, 0x0, 0x1, 0x33,
    0x21, 0x5f, 0xf1, 0x0, 0x3, 0xbf, 0xff, 0xff,
    0xff, 0xe0, 0x0, 0x5f, 0xff, 0xff, 0xff, 0xfb,
    0x20, 0x2, 0xff, 0xf7, 0x22, 0x8f, 0xfe, 0x10,
    0x9, 0xff, 0x50, 0x0, 0x7, 0xff, 0x70, 0xf,
    0xfd, 0x0, 0x0, 0x0, 0xff, 0xd0, 0x1f, 0xfa,
    0x0, 0x0, 0x0, 0xcf, 0xf0, 0x2f, 0xf9, 0x0,
    0x0, 0x0, 0xbf, 0xf0, 0x1f, 0xfa, 0x0, 0x0,
    0x0, 0xcf, 0xf0, 0xe, 0xfd, 0x0, 0x0, 0x0,
    0xff, 0xc0, 0x9, 0xff, 0x60, 0x0, 0x8, 0xff,
    0x70, 0x2, 0xff, 0xf8, 0x44, 0xaf, 0xfe, 0x0,
    0x0, 0x4f, 0xff, 0xff, 0xff, 0xe3, 0x0, 0x0,
    0x2, 0xaf, 0xff, 0xf9, 0x10, 0x0, 0x0, 0x0,
    0x0, 0x11, 0x0, 0x0, 0x0,

    /* U+1EDF "ở" */
    0x0, 0x2, 0xdc, 0x70, 0x0, 0x0, 0x0, 0x18,
    0xdf, 0x0, 0x0, 0x0, 0x0, 0x1e, 0x80, 0x4f,
    0xd0, 0x0, 0x0, 0x0, 0x4, 0xfd, 0x0, 0x18,
    0xde, 0xed, 0xef, 0x80, 0x1d, 0xff, 0xff, 0xff,
    0x60, 0xa, 0xff, 0x72, 0x7f, 0xfb, 0x1, 0xff,
    0xb0, 0x0, 0xaf, 0xf1, 0x3f, 0xf7, 0x0, 0x7,
    0xff, 0x43, 0xff, 0x70, 0x0, 0x6f, 0xf4, 0x1f,
    0xfa, 0x0, 0x9, 0xff, 0x20, 0xcf, 0xf3, 0x3,
    0xff, 0xd0, 0x3, 0xff, 0xfe, 0xff, 0xf3, 0x0,
    0x3, 0xcf, 0xff, 0xc3, 0x0, 0x0, 0x0, 0x12,
    0x10, 0x0, 0x0,

    /* U+1EE0 "Ỡ" */
    0x0, 0x0, 0x5d, 0xb3, 0x8c, 0x0, 0x0, 0x0,
    0x0, 0xfd, 0xdf, 0xfa, 0x0, 0x0, 0x0, 0x0,
    0x62, 0x5, 0x60, 0x3e, 0xe1, 0x0, 0x0, 0x1,
    0x33, 0x21, 0x5f, 0xf1, 0x0, 0x3, 0xbf, 0xff,
    0xff, 0xff, 0xe0, 0x0, 0x5f, 0xff, 0xff, 0xff,
    0xfb, 0x20, 0x2, 0xff, 0xf7, 0x22, 0x8f, 0xfe,
    0x10, 0x9, 0xff, 0x50, 0x0, 0x7, 0xff, 0x70,
    0xf, 0xfd, 0x0, 0x0, 0x0, 0xff, 0xd0, 0x1f,
    0xfa, 0x0, 0x0, 0x0, 0xcf, 0xf0, 0x2f, 0xf9,
    0x0, 0x0, 0x0, 0xbf, 0xf0, 0x1f, 0xfa, 0x0,
    0x0, 0x0, 0xcf, 0xf0, 0xe, 0xfd, 0x0, 0x0,
    0x0, 0xff, 0xc0, 0x9, 0xff, 0x60, 0x0, 0x8,
    0xff, 0x70, 0x2, 0xff, 0xf8, 0x44, 0xaf, 0xfe,
    0x0, 0x0, 0x4f, 0xff, 0xff, 0xff, 0xe3, 0x0,
    0x0, 0x2, 0xaf, 0xff, 0xf9, 0x10, 0x0, 0x0,
    0x0, 0x0, 0x11, 0x0, 0x0, 0x0,

    /* U+1EE1 "ỡ" */
    0x0, 0x1, 0x51, 0x15, 0x0, 0x0, 0x0, 0xbe,
    0xfd, 0xc0, 0x0, 0x0, 0x6, 0x12, 0x72, 0x4f,
    0xd0, 0x0, 0x0, 0x0, 0x4, 0xfd, 0x0, 0x18,
    0xde, 0xed, 0xef, 0x80, 0x1d, 0xff, 0xff, 0xff,
    0x60, 0xa, 0xff, 0x72, 0x7f, 0xfb, 0x1, 0xff,
    0xb0, 0x0, 0xaf, 0xf1, 0x3f, 0xf7, 0x0, 0x7,
    0xff, 0x43, 0xff, 0x70, 0x0, 0x6f, 0xf4, 0x1f,
    0xfa, 0x0, 0x9, 0xff, 0x20, 0xcf, 0xf3, 0x3,
    0xff, 0xd0, 0x3, 0xff, 0xfe, 0xff, 0xf3, 0x0,
    0x3, 0xcf, 0xff, 0xc3, 0x0, 0x0, 0x0, 0x12,
    0x10, 0x0, 0x0,

    /* U+1EE2 "Ợ" */
    0x0, 0x0, 0x0, 0x0, 0x0, 0x3e, 0xe1, 0x0,
    0x0, 0x1, 0x33, 0x21, 0x5f, 0xf1, 0x0, 0x3,
    0xbf, 0xff, 0xff, 0xff, 0xe0, 0x0, 0x5f, 0xff,
    0xff, 0xff, 0xfb, 0x20, 0x2, 0xff, 0xf7, 0x22,
    0x8f, 0xfe, 0x10, 0x9, 0xff, 0x50, 0x0, 0x7,
    0xff, 0x70, 0xf, 0xfd, 0x0, 0x0, 0x0, 0xff,
    0xd0, 0x1f, 0xfa, 0x0, 0x0, 0x0, 0xcf, 0xf0,
    0x2f, 0xf9, 0x0, 0x0, 0x0, 0xbf, 0xf0, 0x1f,
    0xfa, 0x0, 0x0, 0x0, 0xcf, 0xf0, 0xe, 0xfd,
    0x0, 0x0, 0x0, 0xff, 0xc0, 0x9, 0xff, 0x60,
    0x0, 0x8, 0xff, 0x70, 0x2, 0xff, 0xf8, 0x44,
    0xaf, 0xfe, 0x0, 0x0, 0x4f, 0xff, 0xff, 0xff,
    0xe3, 0x0, 0x0, 0x2, 0xaf, 0xff, 0xf9, 0x10,
    0x0, 0x0, 0x0, 0x0, 0x11, 0x0, 0x0, 0x0,
    0x0, 0x0, 0x0, 0x99, 0x0, 0x0, 0x0, 0x0,
    0x0, 0x6, 0xff, 0x50, 0x0, 0x0, 0x0, 0x0,
    0x2, 0xdd, 0x10, 0x0, 0x0,

    /* U+1EE3 "ợ" */
    0x0, 0x0, 0x0, 0x0, 0x4f, 0xd0, 0x0, 0x0,
    0x0, 0x4, 0xfd, 0x0, 0x18, 0xde, 0xed, 0xef,
    0x80, 0x1d, 0xff, 0xff, 0xff, 0x60, 0xa, 0xff,
    0x72, 0x7f, 0xfb, 0x1, 0xff, 0xb0, 0x0, 0xaf,
    0xf1, 0x3f, 0xf7, 0x0, 0x7, 0xff, 0x43, 0xff,
    0x70, 0x0, 0x6f, 0xf4, 0x1f, 0xfa, 0x0, 0x9,
    0xff, 0x20, 0xcf, 0xf3, 0x3, 0xff, 0xd0, 0x3,
    0xff, 0xfe, 0xff, 0xf3, 0x0, 0x3, 0xcf, 0xff,
    0xc3, 0x0, 0x0, 0x0, 0x12, 0x10, 0x0, 0x0,
    0x0, 0x4, 0xa4, 0x0, 0x0, 0x0, 0x0, 0xdf,
    0xe0, 0x0, 0x0, 0x0, 0x7, 0xf8, 0x0, 0x0,

    /* U+1EE4 "Ụ" */
    0x11, 0x10, 0x0, 0x0, 0x11, 0x1d, 0xfe, 0x0,
    0x0, 0xb, 0xff, 0xdf, 0xe0, 0x0, 0x0, 0xbf,
    0xfd, 0xfe, 0x0, 0x0, 0xb, 0xff, 0xdf, 0xe0,
    0x0, 0x0, 0xbf, 0xfd, 0xfe, 0x0, 0x0, 0xb,
    0xff, 0xdf, 0xe0, 0x0, 0x0, 0xbf, 0xfd, 0xfe,
    0x0, 0x0, 0xb, 0xff, 0xdf, 0xe0, 0x0, 0x0,
    0xbf, 0xfc, 0xfe, 0x0, 0x0, 0xb, 0xff, 0xaf,
    0xf3, 0x0, 0x1, 0xff, 0xd5, 0xff, 0xe6, 0x35,
    0xdf, 0xf7, 0xa, 0xff, 0xff, 0xff, 0xfc, 0x0,
    0x6, 0xdf, 0xff, 0xe8, 0x0, 0x0, 0x0, 0x12,
    0x10, 0x0, 0x0, 0x0, 0x3, 0xa5, 0x0, 0x0,
    0x0, 0x0, 0xcf, 0xf0, 0x0, 0x0, 0x0, 0x6,
    0xf9, 0x0, 0x0,

    /* U+1EE5 "ụ" */
    0xbd, 0xa0, 0x0, 0x7d, 0xd1, 0xef, 0xc0, 0x0,
    0x9f, 0xf1, 0xef, 0xc0, 0x0, 0x9f, 0xf1, 0xef,
    0xc0, 0x0, 0x9f, 0xf1, 0xef, 0xc0, 0x0, 0x9f,
    0xf1, 0xef, 0xc0, 0x0, 0x9f, 0xf1, 0xdf, 0xd0,
    0x0, 0xbf, 0xf1, 0xbf, 0xf7, 0x26, 0xff, 0xf1,
    0x5f, 0xff, 0xff, 0xbf, 0xf1, 0x7, 0xff, 0xf6,
    0x6f, 0xf1, 0x0, 0x1, 0x0, 0x0, 0x0, 0x0,
    0x2, 0xa6, 0x0, 0x0, 0x0, 0xb, 0xff, 0x10,
    0x0, 0x0, 0x5, 0xeb, 0x0, 0x0,

    /* U+1EE6 "Ủ" */
    0x0, 0x0, 0x10, 0x0, 0x0, 0x0, 0x0, 0x1f,
    0xfc, 0x0, 0x0, 0x0, 0x0, 0x4c, 0xf0, 0x0,
    0x0, 0x0, 0x1, 0xa5, 0x0, 0x0, 0x11, 0x10,
    0x0, 0x0, 0x11, 0x1d, 0xfe, 0x0, 0x0, 0xb,
    0xff, 0xdf, 0xe0, 0x0, 0x0, 0xbf, 0xfd, 0xfe,
    0x0, 0x0, 0xb, 0xff, 0xdf, 0xe0, 0x0, 0x0,
    0xbf, 0xfd, 0xfe, 0x0, 0x0, 0xb, 0xff, 0xdf,
    0xe0, 0x0, 0x0, 0xbf, 0xfd, 0xfe, 0x0, 0x0,
    0xb, 0xff, 0xdf, 0xe0, 0x0, 0x0, 0xbf, 0xfc,
    0xfe, 0x0, 0x0, 0xb, 0xff, 0xaf, 0xf3, 0x0,
    0x1, 0xff, 0xd5, 0xff, 0xe6, 0x35, 0xdf, 0xf7,
    0xa, 0xff, 0xff, 0xff, 0xfc, 0x0, 0x6, 0xdf,
    0xff, 0xe8, 0x0, 0x0, 0x0, 0x12, 0x10, 0x0,
    0x0,

    /* U+1EE7 "ủ" */
    0x0, 0x1d, 0xc8, 0x0, 0x0, 0x0, 0x8, 0xdf,
    0x10, 0x0, 0x0, 0x0, 0xd9, 0x0, 0x0, 0x0,
    0x0, 0x0, 0x0, 0x0, 0xbd, 0xa0, 0x0, 0x7d,
    0xd1, 0xef, 0xc0, 0x0, 0x9f, 0xf1, 0xef, 0xc0,
    0x0, 0x9f, 0xf1, 0xef, 0xc0, 0x0, 0x9f, 0xf1,
    0xef, 0xc0, 0x0, 0x9f, 0xf1, 0xef, 0xc0, 0x0,
    0x9f, 0xf1, 0xdf, 0xd0, 0x0, 0xbf, 0xf1, 0xbf,
    0xf7, 0x26, 0xff, 0xf1, 0x5f, 0xff, 0xff, 0xbf,
    0xf1, 0x7, 0xff, 0xf6, 0x6f, 0xf1, 0x0, 0x1,
    0x0, 0x0, 0x0,

    /* U+1EE8 "Ứ" */
    0x0, 0x0, 0x0, 0x11, 0x0, 0x0, 0x0, 0x0,
    0x0, 0x6f, 0xd0, 0x0, 0x0, 0x0, 0x0, 0xd,
    0xf4, 0x0, 0x0, 0x0, 0x0, 0x2, 0xa7, 0x0,
    0xb, 0xe7, 0x11, 0x10, 0x0, 0x0, 0x11, 0xdf,
    0x8d, 0xfe, 0x0, 0x0, 0xb, 0xff, 0xf5, 0xdf,
    0xe0, 0x0, 0x0, 0xbf, 0xf6, 0xd, 0xfe, 0x0,
    0x0, 0xb, 0xff, 0x0, 0xdf, 0xe0, 0x0, 0x0,
    0xbf, 0xf0, 0xd, 0xfe, 0x0, 0x0, 0xb, 0xff,
    0x0, 0xdf, 0xe0, 0x0, 0x0, 0xbf, 0xf0, 0xd,
    0xfe, 0x0, 0x0, 0xb, 0xff, 0x0, 0xdf, 0xe0,
    0x0, 0x0, 0xbf, 0xf0, 0xc, 0xfe, 0x0, 0x0,
    0xb, 0xff, 0x0, 0xaf, 0xf3, 0x0, 0x1, 0xff,
    0xd0, 0x5, 0xff, 0xe6, 0x35, 0xdf, 0xf7, 0x0,
    0xa, 0xff, 0xff, 0xff, 0xfc, 0x0, 0x0, 0x6,
    0xdf, 0xff, 0xe8, 0x0, 0x0, 0x0, 0x0, 0x12,
    0x10, 0x0, 0x0, 0x0,

    /* U+1EE9 "ứ" */
    0x0, 0x0, 0x3d, 0xc1, 0x0, 0x0, 0x0, 0xb,
    0xf7, 0x0, 0x0, 0x0, 0x2, 0xeb, 0x0, 0x8f,
    0x80, 0x0, 0x0, 0x0, 0x8, 0xf8, 0xbd, 0xa0,
    0x0, 0x7d, 0xef, 0x7e, 0xfc, 0x0, 0x9, 0xff,
    0x90, 0xef, 0xc0, 0x0, 0x9f, 0xf1, 0xe, 0xfc,
    0x0, 0x9, 0xff, 0x10, 0xef, 0xc0, 0x0, 0x9f,
    0xf1, 0xe, 0xfc, 0x0, 0x9, 0xff, 0x10, 0xdf,
    0xd0, 0x0, 0xbf, 0xf1, 0xb, 0xff, 0x72, 0x6f,
    0xff, 0x10, 0x5f, 0xff, 0xff, 0xbf, 0xf1, 0x0,
    0x7f, 0xff, 0x66, 0xff, 0x10, 0x0, 0x1, 0x0,
    0x0, 0x0, 0x0,

    /* U+1EEA "Ừ" */
    0x0, 0x1, 0x10, 0x0, 0x0, 0x0, 0x0, 0x0,
    0xbf, 0x90, 0x0, 0x0, 0x0, 0x0, 0x2, 0xff,
    0x10, 0x0, 0x0, 0x0, 0x0, 0x5, 0xa4, 0x0,
    0xb, 0xe7, 0x11, 0x10, 0x0, 0x0, 0x11, 0xdf,
    0x8d, 0xfe, 0x0, 0x0, 0xb, 0xff, 0xf5, 0xdf,
    0xe0, 0x0, 0x0, 0xbf, 0xf6, 0xd, 0xfe, 0x0,
    0x0, 0xb, 0xff, 0x0, 0xdf, 0xe0, 0x0, 0x0,
    0xbf, 0xf0, 0xd, 0xfe, 0x0, 0x0, 0xb, 0xff,
    0x0, 0xdf, 0xe0, 0x0, 0x0, 0xbf, 0xf0, 0xd,
    0xfe, 0x0, 0x0, 0xb, 0xff, 0x0, 0xdf, 0xe0,
    0x0, 0x0, 0xbf, 0xf0, 0xc, 0xfe, 0x0, 0x0,
    0xb, 0xff, 0x0, 0xaf, 0xf3, 0x0, 0x1, 0xff,
    0xd0, 0x5, 0xff, 0xe6, 0x35, 0xdf, 0xf7, 0x0,
    0xa, 0xff, 0xff, 0xff, 0xfc, 0x0, 0x0, 0x6,
    0xdf, 0xff, 0xe8, 0x0, 0x0, 0x0, 0x0, 0x12,
    0x10, 0x0, 0x0, 0x0,

    /* U+1EEB "ừ" */
    0x0, 0xad, 0x60, 0x0, 0x0, 0x0, 0x3, 0xfe,
    0x0, 0x0, 0x0, 0x0, 0x8, 0xe5, 0x0, 0x8f,
    0x80, 0x0, 0x0, 0x0, 0x8, 0xf8, 0xbd, 0xa0,
    0x0, 0x7d, 0xef, 0x7e, 0xfc, 0x0, 0x9, 0xff,
    0x90, 0xef, 0xc0, 0x0, 0x9f, 0xf1, 0xe, 0xfc,
    0x0, 0x9, 0xff, 0x10, 0xef, 0xc0, 0x0, 0x9f,
    0xf1, 0xe, 0xfc, 0x0, 0x9, 0xff, 0x10, 0xdf,
    0xd0, 0x0, 0xbf, 0xf1, 0xb, 0xff, 0x72, 0x6f,
    0xff, 0x10, 0x5f, 0xff, 0xff, 0xbf, 0xf1, 0x0,
    0x7f, 0xff, 0x66, 0xff, 0x10, 0x0, 0x1, 0x0,
    0x0, 0x0, 0x0,

    /* U+1EEC "Ử" */
    0x0, 0x0, 0x10, 0x0, 0x0, 0x0, 0x0, 0x0,
    0x1f, 0xfc, 0x0, 0x0, 0x0, 0x0, 0x0, 0x4c,
    0xf0, 0x0, 0x0, 0x0, 0x0, 0x1, 0xa5, 0x0,
    0xb, 0xe7, 0x11, 0x10, 0x0, 0x0, 0x11, 0xdf,
    0x8d, 0xfe, 0x0, 0x0, 0xb, 0xff, 0xf5, 0xdf,
    0xe0, 0x0, 0x0, 0xbf, 0xf6, 0xd, 0xfe, 0x0,
    0x0, 0xb, 0xff, 0x0, 0xdf, 0xe0, 0x0, 0x0,
    0xbf, 0xf0, 0xd, 0xfe, 0x0, 0x0, 0xb, 0xff,
    0x0, 0xdf, 0xe0, 0x0, 0x0, 0xbf, 0xf0, 0xd,
    0xfe, 0x0, 0x0, 0xb, 0xff, 0x0, 0xdf, 0xe0,
    0x0, 0x0, 0xbf, 0xf0, 0xc, 0xfe, 0x0, 0x0,
    0xb, 0xff, 0x0, 0xaf, 0xf3, 0x0, 0x1, 0xff,
    0xd0, 0x5, 0xff, 0xe6, 0x35, 0xdf, 0xf7, 0x0,
    0xa, 0xff, 0xff, 0xff, 0xfc, 0x0, 0x0, 0x6,
    0xdf, 0xff, 0xe8, 0x0, 0x0, 0x0, 0x0, 0x12,
    0x10, 0x0, 0x0, 0x0,

    /* U+1EED "ử" */
    0x0, 0x1d, 0xc8, 0x0, 0x0, 0x0, 0x0, 0x8d,
    0xf1, 0x0, 0x0, 0x0, 0x0, 0xd9, 0x0, 0x8f,
    0x80, 0x0, 0x0, 0x0, 0x8, 0xf8, 0xbd, 0xa0,
    0x0, 0x7d, 0xef, 0x7e, 0xfc, 0x0, 0x9, 0xff,
    0x90, 0xef, 0xc0, 0x0, 0x9f, 0xf1, 0xe, 0xfc,
    0x0, 0x9, 0xff, 0x10, 0xef, 0xc0, 0x0, 0x9f,
    0xf1, 0xe, 0xfc, 0x0, 0x9, 0xff, 0x10, 0xdf,
    0xd0, 0x0, 0xbf, 0xf1, 0xb, 0xff, 0x72, 0x6f,
    0xff, 0x10, 0x5f, 0xff, 0xff, 0xbf, 0xf1, 0x0,
    0x7f, 0xff, 0x66, 0xff, 0x10, 0x0, 0x1, 0x0,
    0x0, 0x0, 0x0,

    /* U+1EEE "Ữ" */
    0x0, 0xa, 0xd8, 0x1c, 0x70, 0x0, 0x0, 0x4,
    0xfb, 0xef, 0xf4, 0x0, 0x0, 0x0, 0x26, 0x1,
    0x64, 0x0, 0xbe, 0x71, 0x11, 0x0, 0x0, 0x1,
    0x1d, 0xf8, 0xdf, 0xe0, 0x0, 0x0, 0xbf, 0xff,
    0x5d, 0xfe, 0x0, 0x0, 0xb, 0xff, 0x60, 0xdf,
    0xe0, 0x0, 0x0, 0xbf, 0xf0, 0xd, 0xfe, 0x0,
    0x0, 0xb, 0xff, 0x0, 0xdf, 0xe0, 0x0, 0x0,
    0xbf, 0xf0, 0xd, 0xfe, 0x0, 0x0, 0xb, 0xff,
    0x0, 0xdf, 0xe0, 0x0, 0x0, 0xbf, 0xf0, 0xd,
    0xfe, 0x0, 0x0, 0xb, 0xff, 0x0, 0xcf, 0xe0,
    0x0, 0x0, 0xbf, 0xf0, 0xa, 0xff, 0x30, 0x0,
    0x1f, 0xfd, 0x0, 0x5f, 0xfe, 0x63, 0x5d, 0xff,
    0x70, 0x0, 0xaf, 0xff, 0xff, 0xff, 0xc0, 0x0,
    0x0, 0x6d, 0xff, 0xfe, 0x80, 0x0, 0x0, 0x0,
    0x1, 0x21, 0x0, 0x0, 0x0,

    /* U+1EEF "ữ" */
    0x0, 0x59, 0x40, 0x75, 0x0, 0x0, 0x3f, 0xef,
    0xdf, 0x70, 0x0, 0x4, 0xa0, 0x4a, 0x80, 0x8f,
    0x80, 0x0, 0x0, 0x0, 0x8, 0xf8, 0xbd, 0xa0,
    0x0, 0x7d, 0xef, 0x7e, 0xfc, 0x0, 0x9, 0xff,
    0x90, 0xef, 0xc0, 0x0, 0x9f, 0xf1, 0xe, 0xfc,
    0x0, 0x9, 0xff, 0x10, 0xef, 0xc0, 0x0, 0x9f,
    0xf1, 0xe, 0xfc, 0x0, 0x9, 0xff, 0x10, 0xdf,
    0xd0, 0x0, 0xbf, 0xf1, 0xb, 0xff, 0x72, 0x6f,
    0xff, 0x10, 0x5f, 0xff, 0xff, 0xbf, 0xf1, 0x0,
    0x7f, 0xff, 0x66, 0xff, 0x10, 0x0, 0x1, 0x0,
    0x0, 0x0, 0x0,

    /* U+1EF0 "Ự" */
    0x0, 0x0, 0x0, 0x0, 0x0, 0xbe, 0x71, 0x11,
    0x0, 0x0, 0x1, 0x1d, 0xf8, 0xdf, 0xe0, 0x0,
    0x0, 0xbf, 0xff, 0x5d, 0xfe, 0x0, 0x0, 0xb,
    0xff, 0x60, 0xdf, 0xe0, 0x0, 0x0, 0xbf, 0xf0,
    0xd, 0xfe, 0x0, 0x0, 0xb, 0xff, 0x0, 0xdf,
    0xe0, 0x0, 0x0, 0xbf, 0xf0, 0xd, 0xfe, 0x0,
    0x0, 0xb, 0xff, 0x0, 0xdf, 0xe0, 0x0, 0x0,
    0xbf, 0xf0, 0xd, 0xfe, 0x0, 0x0, 0xb, 0xff,
    0x0, 0xcf, 0xe0, 0x0, 0x0, 0xbf, 0xf0, 0xa,
    0xff, 0x30, 0x0, 0x1f, 0xfd, 0x0, 0x5f, 0xfe,
    0x63, 0x5d, 0xff, 0x70, 0x0, 0xaf, 0xff, 0xff,
    0xff, 0xc0, 0x0, 0x0, 0x6d, 0xff, 0xfe, 0x80,
    0x0, 0x0, 0x0, 0x1, 0x21, 0x0, 0x0, 0x0,
    0x0, 0x0, 0x3a, 0x50, 0x0, 0x0, 0x0, 0x0,
    0xc, 0xff, 0x0, 0x0, 0x0, 0x0, 0x0, 0x6f,
    0x90, 0x0, 0x0, 0x0,

    /* U+1EF1 "ự" */
    0x0, 0x0, 0x0, 0x0, 0x8f, 0x80, 0x0, 0x0,
    0x0, 0x8, 0xf8, 0xbd, 0xa0, 0x0, 0x7d, 0xef,
    0x7e, 0xfc, 0x0, 0x9, 0xff, 0x90, 0xef, 0xc0,
    0x0, 0x9f, 0xf1, 0xe, 0xfc, 0x0, 0x9, 0xff,
    0x10, 0xef, 0xc0, 0x0, 0x9f, 0xf1, 0xe, 0xfc,
    0x0, 0x9, 0xff, 0x10, 0xdf, 0xd0, 0x0, 0xbf,
    0xf1, 0xb, 0xff, 0x72, 0x6f, 0xff, 0x10, 0x5f,
    0xff, 0xff, 0xbf, 0xf1, 0x0, 0x7f, 0xff, 0x66,
    0xff, 0x10, 0x0, 0x1, 0x0, 0x0, 0x0, 0x0,
    0x0, 0x2a, 0x60, 0x0, 0x0, 0x0, 0xb, 0xff,
    0x10, 0x0, 0x0, 0x0, 0x5e, 0xb0, 0x0, 0x0,

    /* U+1EF2 "Ỳ" */
    0x0, 0x0, 0x11, 0x0, 0x0, 0x0, 0x0, 0x0,
    0xc, 0xf8, 0x0, 0x0, 0x0, 0x0, 0x0, 0x2f,
    0xf0, 0x0, 0x0, 0x0, 0x0, 0x0, 0x5a, 0x40,
    0x0, 0x0, 0x1, 0x10, 0x0, 0x0, 0x0, 0x11,
    0x13, 0xff, 0xd0, 0x0, 0x0, 0xbf, 0xf6, 0x9,
    0xff, 0x60, 0x0, 0x3f, 0xfc, 0x0, 0x1f, 0xfe,
    0x0, 0xc, 0xff, 0x30, 0x0, 0x6f, 0xf8, 0x4,
    0xff, 0xa0, 0x0, 0x0, 0xdf, 0xf1, 0xcf, 0xf1,
    0x0, 0x0, 0x4, 0xff, 0xbf, 0xf7, 0x0, 0x0,
    0x0, 0xa, 0xff, 0xfd, 0x0, 0x0, 0x0, 0x0,
    0x1f, 0xff, 0x40, 0x0, 0x0, 0x0, 0x0, 0xbf,
    0xf0, 0x0, 0x0, 0x0, 0x0, 0xb, 0xff, 0x0,
    0x0, 0x0, 0x0, 0x0, 0xbf, 0xf0, 0x0, 0x0,
    0x0, 0x0, 0xb, 0xff, 0x0, 0x0, 0x0, 0x0,
    0x0, 0xbf, 0xf0, 0x0, 0x0,

    /* U+1EF3 "ỳ" */
    0x0, 0xc, 0xd4, 0x0, 0x0, 0x0, 0x0, 0x6f,
    0xb0, 0x0, 0x0, 0x0, 0x0, 0xbe, 0x20, 0x0,
    0x0, 0x0, 0x0, 0x0, 0x0, 0x0, 0x7d, 0xd2,
    0x0, 0x4, 0xdd, 0x53, 0xff, 0x80, 0x0, 0xaf,
    0xf1, 0xd, 0xfd, 0x0, 0xf, 0xfa, 0x0, 0x7f,
    0xf2, 0x5, 0xff, 0x40, 0x1, 0xff, 0x70, 0xaf,
    0xe0, 0x0, 0xb, 0xfc, 0xf, 0xf8, 0x0, 0x0,
    0x5f, 0xf5, 0xff, 0x20, 0x0, 0x0, 0xff, 0xdf,
    0xc0, 0x0, 0x0, 0x9, 0xff, 0xf6, 0x0, 0x0,
    0x0, 0x3f, 0xff, 0x0, 0x0, 0x0, 0x2, 0xff,
    0x90, 0x0, 0x0, 0x36, 0xbf, 0xf3, 0x0, 0x0,
    0xa, 0xff, 0xf8, 0x0, 0x0, 0x0, 0x8b, 0xa5,
    0x0, 0x0, 0x0,

    /* U+1EF4 "Ỵ" */
    0x1, 0x10, 0x0, 0x0, 0x0, 0x11, 0x13, 0xff,
    0xd0, 0x0, 0x0, 0xbf, 0xf6, 0x9, 0xff, 0x60,
    0x0, 0x3f, 0xfc, 0x0, 0x1f, 0xfe, 0x0, 0xc,
    0xff, 0x30, 0x0, 0x6f, 0xf8, 0x4, 0xff, 0xa0,
    0x0, 0x0, 0xdf, 0xf1, 0xcf, 0xf1, 0x0, 0x0,
    0x4, 0xff, 0xbf, 0xf7, 0x0, 0x0, 0x0, 0xa,
    0xff, 0xfd, 0x0, 0x0, 0x0, 0x0, 0x1f, 0xff,
    0x40, 0x0, 0x0, 0x0, 0x0, 0xbf, 0xf0, 0x0,
    0x0, 0x0, 0x0, 0xb, 0xff, 0x0, 0x0, 0x0,
    0x0, 0x0, 0xbf, 0xf0, 0x0, 0x0, 0x0, 0x0,
    0xb, 0xff, 0x0, 0x0, 0x0, 0x0, 0x0, 0xbf,
    0xf0, 0x0, 0x0, 0x0, 0x0, 0x0, 0x0, 0x0,
    0x0, 0x0, 0x0, 0x0, 0x3a, 0x50, 0x0, 0x0,
    0x0, 0x0, 0xc, 0xff, 0x0, 0x0, 0x0, 0x0,
    0x0, 0x6e, 0x90, 0x0, 0x0,

    /* U+1EF5 "ỵ" */
    0x7d, 0xd2, 0x0, 0x4, 0xdd, 0x53, 0xff, 0x80,
    0x0, 0xaf, 0xf1, 0xd, 0xfd, 0x0, 0xf, 0xfa,
    0x0, 0x7f, 0xf2, 0x5, 0xff, 0x40, 0x1, 0xff,
    0x70, 0xaf, 0xe0, 0x0, 0xb, 0xfc, 0xf, 0xf8,
    0x0, 0x0, 0x5f, 0xf5, 0xff, 0x20, 0x0, 0x0,
    0xff, 0xdf, 0xc0, 0x0, 0x0, 0x9, 0xff, 0xf6,
    0x0, 0x0, 0x0, 0x3f, 0xff, 0x0, 0x0, 0x0,
    0x2, 0xff, 0x90, 0x0, 0x0, 0x36, 0xbf, 0xf3,
    0x5a, 0x30, 0xa, 0xff, 0xf8, 0xf, 0xfc, 0x0,
    0x8b, 0xa5, 0x0, 0x9f, 0x60,

    /* U+1EF6 "Ỷ" */
    0x0, 0x0, 0x1, 0x0, 0x0, 0x0, 0x0, 0x0,
    0x1, 0xff, 0xc0, 0x0, 0x0, 0x0, 0x0, 0x4,
    0xcf, 0x0, 0x0, 0x0, 0x0, 0x0, 0x1a, 0x50,
    0x0, 0x0, 0x1, 0x10, 0x0, 0x0, 0x0, 0x11,
    0x13, 0xff, 0xd0, 0x0, 0x0, 0xbf, 0xf6, 0x9,
    0xff, 0x60, 0x0, 0x3f, 0xfc, 0x0, 0x1f, 0xfe,
    0x0, 0xc, 0xff, 0x30, 0x0, 0x6f, 0xf8, 0x4,
    0xff, 0xa0, 0x0, 0x0, 0xdf, 0xf1, 0xcf, 0xf1,
    0x0, 0x0, 0x4, 0xff, 0xbf, 0xf7, 0x0, 0x0,
    0x0, 0xa, 0xff, 0xfd, 0x0, 0x0, 0x0, 0x0,
    0x1f, 0xff, 0x40, 0x0, 0x0, 0x0, 0x0, 0xbf,
    0xf0, 0x0, 0x0, 0x0, 0x0, 0xb, 0xff, 0x0,
    0x0, 0x0, 0x0, 0x0, 0xbf, 0xf0, 0x0, 0x0,
    0x0, 0x0, 0xb, 0xff, 0x0, 0x0, 0x0, 0x0,
    0x0, 0xbf, 0xf0, 0x0, 0x0,

    /* U+1EF7 "ỷ" */
    0x0, 0x3, 0xdc, 0x70, 0x0, 0x0, 0x0, 0x28,
    0xee, 0x0, 0x0, 0x0, 0x0, 0x2e, 0x70, 0x0,
    0x0, 0x0, 0x0, 0x0, 0x0, 0x0, 0x7d, 0xd2,
    0x0, 0x4, 0xdd, 0x53, 0xff, 0x80, 0x0, 0xaf,
    0xf1, 0xd, 0xfd, 0x0, 0xf, 0xfa, 0x0, 0x7f,
    0xf2, 0x5, 0xff, 0x40, 0x1, 0xff, 0x70, 0xaf,
    0xe0, 0x0, 0xb, 0xfc, 0xf, 0xf8, 0x0, 0x0,
    0x5f, 0xf5, 0xff, 0x20, 0x0, 0x0, 0xff, 0xdf,
    0xc0, 0x0, 0x0, 0x9, 0xff, 0xf6, 0x0, 0x0,
    0x0, 0x3f, 0xff, 0x0, 0x0, 0x0, 0x2, 0xff,
    0x90, 0x0, 0x0, 0x36, 0xbf, 0xf3, 0x0, 0x0,
    0xa, 0xff, 0xf8, 0x0, 0x0, 0x0, 0x8b, 0xa5,
    0x0, 0x0, 0x0,

    /* U+1EF8 "Ỹ" */
    0x0, 0x0, 0xad, 0x81, 0xc7, 0x0, 0x0, 0x0,
    0x4f, 0xbf, 0xff, 0x40, 0x0, 0x0, 0x2, 0x60,
    0x16, 0x40, 0x0, 0x0, 0x11, 0x0, 0x0, 0x0,
    0x1, 0x11, 0x3f, 0xfd, 0x0, 0x0, 0xb, 0xff,
    0x60, 0x9f, 0xf6, 0x0, 0x3, 0xff, 0xc0, 0x1,
    0xff, 0xe0, 0x0, 0xcf, 0xf3, 0x0, 0x6, 0xff,
    0x80, 0x4f, 0xfa, 0x0, 0x0, 0xd, 0xff, 0x1c,
    0xff, 0x10, 0x0, 0x0, 0x4f, 0xfb, 0xff, 0x70,
    0x0, 0x0, 0x0, 0xaf, 0xff, 0xd0, 0x0, 0x0,
    0x0, 0x1, 0xff, 0xf4, 0x0, 0x0, 0x0, 0x0,
    0xb, 0xff, 0x0, 0x0, 0x0, 0x0, 0x0, 0xbf,
    0xf0, 0x0, 0x0, 0x0, 0x0, 0xb, 0xff, 0x0,
    0x0, 0x0, 0x0, 0x0, 0xbf, 0xf0, 0x0, 0x0,
    0x0, 0x0, 0xb, 0xff, 0x0, 0x0, 0x0,

    /* U+1EF9 "ỹ" */
    0x0, 0x7, 0x93, 0x9, 0x40, 0x0, 0x5, 0xfe,
    0xfd, 0xf4, 0x0, 0x0, 0x69, 0x5, 0xa7, 0x0,
    0x0, 0x0, 0x0, 0x0, 0x0, 0x0, 0x7d, 0xd2,
    0x0, 0x4, 0xdd, 0x53, 0xff, 0x80, 0x0, 0xaf,
    0xf1, 0xd, 0xfd, 0x0, 0xf, 0xfa, 0x0, 0x7f,
    0xf2, 0x5, 0xff, 0x40, 0x1, 0xff, 0x70, 0xaf,
    0xe0, 0x0, 0xb, 0xfc, 0xf, 0xf8, 0x0, 0x0,
    0x5f, 0xf5, 0xff, 0x20, 0x0, 0x0, 0xff, 0xdf,
    0xc0, 0x0, 0x0, 0x9, 0xff, 0xf6, 0x0, 0x0,
    0x0, 0x3f, 0xff, 0x0, 0x0, 0x0, 0x2, 0xff,
    0x90, 0x0, 0x0, 0x36, 0xbf, 0xf3, 0x0, 0x0,
    0xa, 0xff, 0xf8, 0x0, 0x0, 0x0, 0x8b, 0xa5,
    0x0, 0x0, 0x0,

    /* U+2013 "–" */
    0x11, 0x11, 0x11, 0x11, 0x1f, 0xff, 0xff, 0xff,
    0xff, 0xff, 0xff, 0xff, 0xff, 0xf0,

    /* U+2014 "—" */
    0x11, 0x11, 0x11, 0x11, 0x11, 0x11, 0x11, 0x11,
    0x11, 0xff, 0xff, 0xff, 0xff, 0xff, 0xff, 0xff,
    0xff, 0xff, 0xff, 0xff, 0xff, 0xff, 0xff, 0xff,
    0xff, 0xff, 0xff,

    /* U+2018 "‘" */
    0x1, 0xfc, 0x6, 0xfa, 0xa, 0xf8, 0xf, 0xf5,
    0x4f, 0xf3, 0x37, 0x70,

    /* U+2019 "’" */
    0x6, 0x75, 0xe, 0xf9, 0xf, 0xf4, 0x3f, 0xf0,
    0x5f, 0xb0, 0x7f, 0x60,

    /* U+201A "‚" */
    0x17, 0x73, 0x5f, 0xf2, 0x7f, 0xe0, 0x9f, 0x90,
    0xbf, 0x40, 0xdf, 0x0,

    /* U+201C "“" */
    0x1, 0xfc, 0x0, 0xee, 0x6, 0xfa, 0x3, 0xfc,
    0xa, 0xf8, 0x8, 0xfa, 0xf, 0xf5, 0xd, 0xf7,
    0x4f, 0xf3, 0x2f, 0xf5, 0x37, 0x70, 0x27, 0x71,

    /* U+201D "”" */
    0xd, 0xfb, 0xd, 0xfb, 0xf, 0xf6, 0xf, 0xf6,
    0x2f, 0xf1, 0x2f, 0xf1, 0x4f, 0xd0, 0x4f, 0xc0,
    0x6f, 0x80, 0x6f, 0x80, 0x37, 0x20, 0x37, 0x20,

    /* U+201E "„" */
    0x17, 0x72, 0x17, 0x72, 0x4f, 0xf2, 0x5f, 0xf2,
    0x7f, 0xe0, 0x7f, 0xd0, 0x9f, 0x90, 0x9f, 0x90,
    0xbf, 0x40, 0xcf, 0x40, 0xdf, 0x0, 0xef, 0x0,

    /* U+2022 "•" */
    0x1, 0x89, 0x50, 0x1, 0xef, 0xff, 0x70, 0x6f,
    0xff, 0xff, 0x8, 0xff, 0xff, 0xf0, 0x3f, 0xff,
    0xfb, 0x0, 0x5d, 0xfa, 0x10,

    /* U+2026 "…" */
    0x0, 0x0, 0x0, 0x0, 0x0, 0x0, 0x0, 0x0,
    0x2e, 0xe2, 0x0, 0x2e, 0xe2, 0x0, 0x2e, 0xe3,
    0x7f, 0xf7, 0x0, 0x7f, 0xf7, 0x0, 0x7f, 0xf7,
    0x2d, 0xd2, 0x0, 0x2d, 0xd2, 0x0, 0x2d, 0xe2,

    /* U+2032 "′" */
    0x8f, 0xca, 0xf9, 0xbf, 0x5d, 0xf2, 0xef, 0x1,
    0x10,

    /* U+2033 "″" */
    0x8f, 0xc0, 0xa, 0xfb, 0xaf, 0x90, 0xb, 0xf8,
    0xbf, 0x50, 0xd, 0xf4, 0xdf, 0x20, 0xe, 0xf1,
    0xef, 0x0, 0xf, 0xd0, 0x11, 0x0, 0x1, 0x0,

    /* U+2039 "‹" */
    0x0, 0x2, 0xff, 0xa0, 0x0, 0x1d, 0xfd, 0x0,
    0x0, 0xcf, 0xe1, 0x0, 0xa, 0xff, 0x30, 0x0,
    0xd, 0xfd, 0x10, 0x0, 0x2, 0xef, 0xb0, 0x0,
    0x0, 0x4f, 0xf9, 0x0, 0x0, 0x6, 0xff, 0x60,
    0x0, 0x0, 0x45, 0x50,

    /* U+203A "›" */
    0x1d, 0xfd, 0x0, 0x0, 0x2f, 0xfb, 0x0, 0x0,
    0x4f, 0xf9, 0x0, 0x0, 0x6f, 0xf6, 0x0, 0x3,
    0xff, 0xa0, 0x1, 0xef, 0xc0, 0x0, 0xcf, 0xe1,
    0x0, 0xaf, 0xf3, 0x0, 0x15, 0x53, 0x0, 0x0
};


/*---------------------
 *  GLYPH DESCRIPTION
 *--------------------*/

static const lv_font_fmt_txt_glyph_dsc_t glyph_dsc[] = {
    {.bitmap_index = 0, .adv_w = 0, .box_w = 0, .box_h = 0, .ofs_x = 0, .ofs_y = 0} /* id = 0 reserved */,
    {.bitmap_index = 0, .adv_w = 68, .box_w = 0, .box_h = 0, .ofs_x = 0, .ofs_y = 0},
    {.bitmap_index = 0, .adv_w = 97, .box_w = 4, .box_h = 13, .ofs_x = 1, .ofs_y = 0},
    {.bitmap_index = 26, .adv_w = 159, .box_w = 8, .box_h = 6, .ofs_x = 1, .ofs_y = 7},
    {.bitmap_index = 50, .adv_w = 187, .box_w = 12, .box_h = 13, .ofs_x = 0, .ofs_y = 0},
    {.bitmap_index = 128, .adv_w = 189, .box_w = 12, .box_h = 17, .ofs_x = 0, .ofs_y = -2},
    {.bitmap_index = 230, .adv_w = 293, .box_w = 16, .box_h = 13, .ofs_x = 1, .ofs_y = 0},
    {.bitmap_index = 334, .adv_w = 194, .box_w = 13, .box_h = 13, .ofs_x = 0, .ofs_y = 0},
    {.bitmap_index = 419, .adv_w = 98, .box_w = 4, .box_h = 6, .ofs_x = 1, .ofs_y = 7},
    {.bitmap_index = 431, .adv_w = 109, .box_w = 6, .box_h = 17, .ofs_x = 1, .ofs_y = -2},
    {.bitmap_index = 482, .adv_w = 109, .box_w = 6, .box_h = 17, .ofs_x = 0, .ofs_y = -2},
    {.bitmap_index = 533, .adv_w = 161, .box_w = 8, .box_h = 8, .ofs_x = 1, .ofs_y = 5},
    {.bitmap_index = 565, .adv_w = 195, .box_w = 10, .box_h = 10, .ofs_x = 1, .ofs_y = 0},
    {.bitmap_index = 615, .adv_w = 96, .box_w = 4, .box_h = 6, .ofs_x = 1, .ofs_y = -4},
    {.bitmap_index = 627, .adv_w = 135, .box_w = 7, .box_h = 3, .ofs_x = 1, .ofs_y = 4},
    {.bitmap_index = 638, .adv_w = 96, .box_w = 4, .box_h = 4, .ofs_x = 1, .ofs_y = 0},
    {.bitmap_index = 646, .adv_w = 112, .box_w = 7, .box_h = 16, .ofs_x = 0, .ofs_y = -2},
    {.bitmap_index = 702, .adv_w = 194, .box_w = 12, .box_h = 13, .ofs_x = 0, .ofs_y = 0},
    {.bitmap_index = 780, .adv_w = 124, .box_w = 7, .box_h = 13, .ofs_x = 0, .ofs_y = 0},
    {.bitmap_index = 826, .adv_w = 181, .box_w = 11, .box_h = 13, .ofs_x = 0, .ofs_y = 0},
    {.bitmap_index = 898, .adv_w = 186, .box_w = 11, .box_h = 13, .ofs_x = 0, .ofs_y = 0},
    {.bitmap_index = 970, .adv_w = 195, .box_w = 12, .box_h = 13, .ofs_x = 0, .ofs_y = 0},
    {.bitmap_index = 1048, .adv_w = 179, .box_w = 11, .box_h = 13, .ofs_x = 0, .ofs_y = 0},
    {.bitmap_index = 1120, .adv_w = 187, .box_w = 11, .box_h = 13, .ofs_x = 0, .ofs_y = 0},
    {.bitmap_index = 1192, .adv_w = 167, .box_w = 10, .box_h = 13, .ofs_x = 0, .ofs_y = 0},
    {.bitmap_index = 1257, .adv_w = 187, .box_w = 11, .box_h = 13, .ofs_x = 0, .ofs_y = 0},
    {.bitmap_index = 1329, .adv_w = 187, .box_w = 11, .box_h = 13, .ofs_x = 0, .ofs_y = 0},
    {.bitmap_index = 1401, .adv_w = 96, .box_w = 4, .box_h = 10, .ofs_x = 1, .ofs_y = 0},
    {.bitmap_index = 1421, .adv_w = 99, .box_w = 4, .box_h = 13, .ofs_x = 1, .ofs_y = -4},
    {.bitmap_index = 1447, .adv_w = 195, .box_w = 10, .box_h = 11, .ofs_x = 1, .ofs_y = 0},
    {.bitmap_index = 1502, .adv_w = 195, .box_w = 10, .box_h = 7, .ofs_x = 1, .ofs_y = 2},
    {.bitmap_index = 1537, .adv_w = 195, .box_w = 10, .box_h = 11, .ofs_x = 1, .ofs_y = 0},
    {.bitmap_index = 1592, .adv_w = 161, .box_w = 10, .box_h = 13, .ofs_x = 0, .ofs_y = 0},
    {.bitmap_index = 1657, .adv_w = 293, .box_w = 18, .box_h = 17, .ofs_x = 0, .ofs_y = -4},
    {.bitmap_index = 1810, .adv_w = 215, .box_w = 14, .box_h = 13, .ofs_x = 0, .ofs_y = 0},
    {.bitmap_index = 1901, .adv_w = 191, .box_w = 11, .box_h = 13, .ofs_x = 1, .ofs_y = 0},
    {.bitmap_index = 1973, .adv_w = 213, .box_w = 13, .box_h = 13, .ofs_x = 0, .ofs_y = 0},
    {.bitmap_index = 2058, .adv_w = 208, .box_w = 12, .box_h = 13, .ofs_x = 1, .ofs_y = 0},
    {.bitmap_index = 2136, .adv_w = 175, .box_w = 9, .box_h = 13, .ofs_x = 1, .ofs_y = 0},
    {.bitmap_index = 2195, .adv_w = 169, .box_w = 9, .box_h = 13, .ofs_x = 1, .ofs_y = 0},
    {.bitmap_index = 2254, .adv_w = 216, .box_w = 13, .box_h = 13, .ofs_x = 0, .ofs_y = 0},
    {.bitmap_index = 2339, .adv_w = 215, .box_w = 12, .box_h = 13, .ofs_x = 1, .ofs_y = 0},
    {.bitmap_index = 2417, .adv_w = 81, .box_w = 3, .box_h = 13, .ofs_x = 1, .ofs_y = 0},
    {.bitmap_index = 2437, .adv_w = 168, .box_w = 10, .box_h = 13, .ofs_x = 0, .ofs_y = 0},
    {.bitmap_index = 2502, .adv_w = 207, .box_w = 12, .box_h = 13, .ofs_x = 1, .ofs_y = 0},
    {.bitmap_index = 2580, .adv_w = 163, .box_w = 9, .box_h = 13, .ofs_x = 1, .ofs_y = 0},
    {.bitmap_index = 2639, .adv_w = 268, .box_w = 15, .box_h = 13, .ofs_x = 1, .ofs_y = 0},
    {.bitmap_index = 2737, .adv_w = 220, .box_w = 12, .box_h = 13, .ofs_x = 1, .ofs_y = 0},
    {.bitmap_index = 2815, .adv_w = 222, .box_w = 14, .box_h = 13, .ofs_x = 0, .ofs_y = 0},
    {.bitmap_index = 2906, .adv_w = 187, .box_w = 10, .box_h = 13, .ofs_x = 1, .ofs_y = 0},
    {.bitmap_index = 2971, .adv_w = 224, .box_w = 14, .box_h = 14, .ofs_x = 0, .ofs_y = -1},
    {.bitmap_index = 3069, .adv_w = 189, .box_w = 11, .box_h = 13, .ofs_x = 1, .ofs_y = 0},
    {.bitmap_index = 3141, .adv_w = 189, .box_w = 12, .box_h = 13, .ofs_x = 0, .ofs_y = 0},
    {.bitmap_index = 3219, .adv_w = 192, .box_w = 12, .box_h = 13, .ofs_x = 0, .ofs_y = 0},
    {.bitmap_index = 3297, .adv_w = 211, .box_w = 11, .box_h = 13, .ofs_x = 1, .ofs_y = 0},
    {.bitmap_index = 3369, .adv_w = 215, .box_w = 14, .box_h = 13, .ofs_x = 0, .ofs_y = 0},
    {.bitmap_index = 3460, .adv_w = 299, .box_w = 19, .box_h = 13, .ofs_x = 0, .ofs_y = 0},
    {.bitmap_index = 3584, .adv_w = 213, .box_w = 13, .box_h = 13, .ofs_x = 0, .ofs_y = 0},
    {.bitmap_index = 3669, .adv_w = 211, .box_w = 13, .box_h = 13, .ofs_x = 0, .ofs_y = 0},
    {.bitmap_index = 3754, .adv_w = 191, .box_w = 11, .box_h = 13, .ofs_x = 0, .ofs_y = 0},
    {.bitmap_index = 3826, .adv_w = 109, .box_w = 5, .box_h = 17, .ofs_x = 1, .ofs_y = -2},
    {.bitmap_index = 3869, .adv_w = 112, .box_w = 7, .box_h = 16, .ofs_x = 0, .ofs_y = -2},
    {.bitmap_index = 3925, .adv_w = 109, .box_w = 6, .box_h = 17, .ofs_x = 0, .ofs_y = -2},
    {.bitmap_index = 3976, .adv_w = 140, .box_w = 9, .box_h = 6, .ofs_x = 0, .ofs_y = 7},
    {.bitmap_index = 4003, .adv_w = 137, .box_w = 9, .box_h = 3, .ofs_x = 0, .ofs_y = -2},
    {.bitmap_index = 4017, .adv_w = 105, .box_w = 5, .box_h = 3, .ofs_x = 1, .ofs_y = 11},
    {.bitmap_index = 4025, .adv_w = 167, .box_w = 10, .box_h = 10, .ofs_x = 0, .ofs_y = 0},
    {.bitmap_index = 4075, .adv_w = 182, .box_w = 10, .box_h = 13, .ofs_x = 1, .ofs_y = 0},
    {.bitmap_index = 4140, .adv_w = 169, .box_w = 10, .box_h = 10, .ofs_x = 0, .ofs_y = 0},
    {.bitmap_index = 4190, .adv_w = 182, .box_w = 11, .box_h = 13, .ofs_x = 0, .ofs_y = 0},
    {.bitmap_index = 4262, .adv_w = 172, .box_w = 11, .box_h = 10, .ofs_x = 0, .ofs_y = 0},
    {.bitmap_index = 4317, .adv_w = 115, .box_w = 7, .box_h = 14, .ofs_x = 0, .ofs_y = 0},
    {.bitmap_index = 4366, .adv_w = 182, .box_w = 11, .box_h = 14, .ofs_x = 0, .ofs_y = -4},
    {.bitmap_index = 4443, .adv_w = 179, .box_w = 10, .box_h = 13, .ofs_x = 1, .ofs_y = 0},
    {.bitmap_index = 4508, .adv_w = 78, .box_w = 3, .box_h = 14, .ofs_x = 1, .ofs_y = 0},
    {.bitmap_index = 4529, .adv_w = 78, .box_w = 5, .box_h = 18, .ofs_x = -1, .ofs_y = -4},
    {.bitmap_index = 4574, .adv_w = 167, .box_w = 10, .box_h = 13, .ofs_x = 1, .ofs_y = 0},
    {.bitmap_index = 4639, .adv_w = 78, .box_w = 3, .box_h = 13, .ofs_x = 1, .ofs_y = 0},
    {.bitmap_index = 4659, .adv_w = 263, .box_w = 15, .box_h = 10, .ofs_x = 1, .ofs_y = 0},
    {.bitmap_index = 4734, .adv_w = 179, .box_w = 10, .box_h = 10, .ofs_x = 1, .ofs_y = 0},
    {.bitmap_index = 4784, .adv_w = 177, .box_w = 11, .box_h = 10, .ofs_x = 0, .ofs_y = 0},
    {.bitmap_index = 4839, .adv_w = 182, .box_w = 10, .box_h = 14, .ofs_x = 1, .ofs_y = -4},
    {.bitmap_index = 4909, .adv_w = 182, .box_w = 11, .box_h = 14, .ofs_x = 0, .ofs_y = -4},
    {.bitmap_index = 4986, .adv_w = 117, .box_w = 6, .box_h = 11, .ofs_x = 1, .ofs_y = 0},
    {.bitmap_index = 5019, .adv_w = 161, .box_w = 10, .box_h = 10, .ofs_x = 0, .ofs_y = 0},
    {.bitmap_index = 5069, .adv_w = 105, .box_w = 7, .box_h = 13, .ofs_x = 0, .ofs_y = 0},
    {.bitmap_index = 5115, .adv_w = 179, .box_w = 10, .box_h = 10, .ofs_x = 1, .ofs_y = 0},
    {.bitmap_index = 5165, .adv_w = 173, .box_w = 11, .box_h = 10, .ofs_x = 0, .ofs_y = 0},
    {.bitmap_index = 5220, .adv_w = 245, .box_w = 16, .box_h = 10, .ofs_x = 0, .ofs_y = 0},
    {.bitmap_index = 5300, .adv_w = 167, .box_w = 11, .box_h = 10, .ofs_x = 0, .ofs_y = 0},
    {.bitmap_index = 5355, .adv_w = 173, .box_w = 11, .box_h = 14, .ofs_x = 0, .ofs_y = -4},
    {.bitmap_index = 5432, .adv_w = 165, .box_w = 9, .box_h = 10, .ofs_x = 1, .ofs_y = 0},
    {.bitmap_index = 5477, .adv_w = 135, .box_w = 7, .box_h = 17, .ofs_x = 1, .ofs_y = -3},
    {.bitmap_index = 5537, .adv_w = 107, .box_w = 3, .box_h = 22, .ofs_x = 2, .ofs_y = -4},
    {.bitmap_index = 5570, .adv_w = 135, .box_w = 8, .box_h = 17, .ofs_x = 0, .ofs_y = -3},
    {.bitmap_index = 5638, .adv_w = 195, .box_w = 10, .box_h = 4, .ofs_x = 1, .ofs_y = 3},
    {.bitmap_index = 5658, .adv_w = 68, .box_w = 0, .box_h = 0, .ofs_x = 0, .ofs_y = 0},
    {.bitmap_index = 5658, .adv_w = 97, .box_w = 4, .box_h = 13, .ofs_x = 1, .ofs_y = -3},
    {.bitmap_index = 5684, .adv_w = 169, .box_w = 10, .box_h = 13, .ofs_x = 0, .ofs_y = 0},
    {.bitmap_index = 5749, .adv_w = 184, .box_w = 11, .box_h = 13, .ofs_x = 0, .ofs_y = 0},
    {.bitmap_index = 5821, .adv_w = 219, .box_w = 12, .box_h = 13, .ofs_x = 1, .ofs_y = -1},
    {.bitmap_index = 5899, .adv_w = 164, .box_w = 11, .box_h = 13, .ofs_x = 0, .ofs_y = 0},
    {.bitmap_index = 5971, .adv_w = 98, .box_w = 4, .box_h = 16, .ofs_x = 1, .ofs_y = -3},
    {.bitmap_index = 6003, .adv_w = 164, .box_w = 10, .box_h = 16, .ofs_x = 0, .ofs_y = -3},
    {.bitmap_index = 6083, .adv_w = 179, .box_w = 7, .box_h = 3, .ofs_x = 2, .ofs_y = 11},
    {.bitmap_index = 6094, .adv_w = 263, .box_w = 14, .box_h = 14, .ofs_x = 1, .ofs_y = 0},
    {.bitmap_index = 6192, .adv_w = 134, .box_w = 8, .box_h = 9, .ofs_x = 0, .ofs_y = 5},
    {.bitmap_index = 6228, .adv_w = 190, .box_w = 12, .box_h = 9, .ofs_x = 0, .ofs_y = 1},
    {.bitmap_index = 6282, .adv_w = 195, .box_w = 9, .box_h = 6, .ofs_x = 1, .ofs_y = 2},
    {.bitmap_index = 6309, .adv_w = 191, .box_w = 12, .box_h = 12, .ofs_x = 0, .ofs_y = 2},
    {.bitmap_index = 6381, .adv_w = 126, .box_w = 6, .box_h = 2, .ofs_x = 1, .ofs_y = 12},
    {.bitmap_index = 6387, .adv_w = 132, .box_w = 7, .box_h = 6, .ofs_x = 1, .ofs_y = 7},
    {.bitmap_index = 6408, .adv_w = 195, .box_w = 10, .box_h = 10, .ofs_x = 1, .ofs_y = 0},
    {.bitmap_index = 6458, .adv_w = 132, .box_w = 8, .box_h = 7, .ofs_x = 0, .ofs_y = 8},
    {.bitmap_index = 6486, .adv_w = 136, .box_w = 8, .box_h = 7, .ofs_x = 0, .ofs_y = 8},
    {.bitmap_index = 6514, .adv_w = 105, .box_w = 5, .box_h = 3, .ofs_x = 1, .ofs_y = 11},
    {.bitmap_index = 6522, .adv_w = 181, .box_w = 11, .box_h = 14, .ofs_x = 1, .ofs_y = -4},
    {.bitmap_index = 6599, .adv_w = 172, .box_w = 10, .box_h = 13, .ofs_x = 0, .ofs_y = 0},
    {.bitmap_index = 6664, .adv_w = 96, .box_w = 4, .box_h = 4, .ofs_x = 1, .ofs_y = 5},
    {.bitmap_index = 6672, .adv_w = 105, .box_w = 4, .box_h = 5, .ofs_x = 2, .ofs_y = -5},
    {.bitmap_index = 6682, .adv_w = 96, .box_w = 5, .box_h = 7, .ofs_x = 0, .ofs_y = 8},
    {.bitmap_index = 6700, .adv_w = 141, .box_w = 9, .box_h = 8, .ofs_x = 0, .ofs_y = 6},
    {.bitmap_index = 6736, .adv_w = 190, .box_w = 12, .box_h = 9, .ofs_x = 0, .ofs_y = 1},
    {.bitmap_index = 6790, .adv_w = 244, .box_w = 15, .box_h = 14, .ofs_x = 0, .ofs_y = -1},
    {.bitmap_index = 6895, .adv_w = 254, .box_w = 16, .box_h = 14, .ofs_x = 0, .ofs_y = 0},
    {.bitmap_index = 7007, .adv_w = 265, .box_w = 16, .box_h = 15, .ofs_x = 0, .ofs_y = -1},
    {.bitmap_index = 7127, .adv_w = 161, .box_w = 10, .box_h = 14, .ofs_x = 0, .ofs_y = -4},
    {.bitmap_index = 7197, .adv_w = 215, .box_w = 14, .box_h = 17, .ofs_x = 0, .ofs_y = 0},
    {.bitmap_index = 7316, .adv_w = 215, .box_w = 14, .box_h = 17, .ofs_x = 0, .ofs_y = 0},
    {.bitmap_index = 7435, .adv_w = 215, .box_w = 14, .box_h = 17, .ofs_x = 0, .ofs_y = 0},
    {.bitmap_index = 7554, .adv_w = 215, .box_w = 14, .box_h = 18, .ofs_x = 0, .ofs_y = 0},
    {.bitmap_index = 7680, .adv_w = 215, .box_w = 14, .box_h = 17, .ofs_x = 0, .ofs_y = 0},
    {.bitmap_index = 7799, .adv_w = 215, .box_w = 14, .box_h = 18, .ofs_x = 0, .ofs_y = 0},
    {.bitmap_index = 7925, .adv_w = 294, .box_w = 18, .box_h = 13, .ofs_x = 0, .ofs_y = 0},
    {.bitmap_index = 8042, .adv_w = 213, .box_w = 13, .box_h = 17, .ofs_x = 0, .ofs_y = -4},
    {.bitmap_index = 8153, .adv_w = 175, .box_w = 9, .box_h = 17, .ofs_x = 1, .ofs_y = 0},
    {.bitmap_index = 8230, .adv_w = 175, .box_w = 9, .box_h = 17, .ofs_x = 1, .ofs_y = 0},
    {.bitmap_index = 8307, .adv_w = 175, .box_w = 9, .box_h = 17, .ofs_x = 1, .ofs_y = 0},
    {.bitmap_index = 8384, .adv_w = 175, .box_w = 9, .box_h = 17, .ofs_x = 1, .ofs_y = 0},
    {.bitmap_index = 8461, .adv_w = 81, .box_w = 5, .box_h = 17, .ofs_x = -1, .ofs_y = 0},
    {.bitmap_index = 8504, .adv_w = 81, .box_w = 5, .box_h = 17, .ofs_x = 1, .ofs_y = 0},
    {.bitmap_index = 8547, .adv_w = 81, .box_w = 9, .box_h = 17, .ofs_x = -2, .ofs_y = 0},
    {.bitmap_index = 8624, .adv_w = 81, .box_w = 7, .box_h = 17, .ofs_x = -1, .ofs_y = 0},
    {.bitmap_index = 8684, .adv_w = 219, .box_w = 13, .box_h = 13, .ofs_x = 0, .ofs_y = 0},
    {.bitmap_index = 8769, .adv_w = 220, .box_w = 12, .box_h = 18, .ofs_x = 1, .ofs_y = 0},
    {.bitmap_index = 8877, .adv_w = 222, .box_w = 14, .box_h = 17, .ofs_x = 0, .ofs_y = 0},
    {.bitmap_index = 8996, .adv_w = 222, .box_w = 14, .box_h = 17, .ofs_x = 0, .ofs_y = 0},
    {.bitmap_index = 9115, .adv_w = 222, .box_w = 14, .box_h = 18, .ofs_x = 0, .ofs_y = 0},
    {.bitmap_index = 9241, .adv_w = 222, .box_w = 14, .box_h = 18, .ofs_x = 0, .ofs_y = 0},
    {.bitmap_index = 9367, .adv_w = 222, .box_w = 14, .box_h = 17, .ofs_x = 0, .ofs_y = 0},
    {.bitmap_index = 9486, .adv_w = 195, .box_w = 10, .box_h = 10, .ofs_x = 1, .ofs_y = 0},
    {.bitmap_index = 9536, .adv_w = 222, .box_w = 14, .box_h = 15, .ofs_x = 0, .ofs_y = -1},
    {.bitmap_index = 9641, .adv_w = 211, .box_w = 11, .box_h = 17, .ofs_x = 1, .ofs_y = 0},
    {.bitmap_index = 9735, .adv_w = 211, .box_w = 11, .box_h = 17, .ofs_x = 1, .ofs_y = 0},
    {.bitmap_index = 9829, .adv_w = 211, .box_w = 11, .box_h = 18, .ofs_x = 1, .ofs_y = 0},
    {.bitmap_index = 9928, .adv_w = 211, .box_w = 11, .box_h = 17, .ofs_x = 1, .ofs_y = 0},
    {.bitmap_index = 10022, .adv_w = 211, .box_w = 13, .box_h = 17, .ofs_x = 0, .ofs_y = 0},
    {.bitmap_index = 10133, .adv_w = 193, .box_w = 10, .box_h = 13, .ofs_x = 1, .ofs_y = 0},
    {.bitmap_index = 10198, .adv_w = 189, .box_w = 11, .box_h = 13, .ofs_x = 1, .ofs_y = 0},
    {.bitmap_index = 10270, .adv_w = 167, .box_w = 10, .box_h = 14, .ofs_x = 0, .ofs_y = 0},
    {.bitmap_index = 10340, .adv_w = 167, .box_w = 10, .box_h = 14, .ofs_x = 0, .ofs_y = 0},
    {.bitmap_index = 10410, .adv_w = 167, .box_w = 10, .box_h = 14, .ofs_x = 0, .ofs_y = 0},
    {.bitmap_index = 10480, .adv_w = 167, .box_w = 10, .box_h = 14, .ofs_x = 0, .ofs_y = 0},
    {.bitmap_index = 10550, .adv_w = 167, .box_w = 10, .box_h = 14, .ofs_x = 0, .ofs_y = 0},
    {.bitmap_index = 10620, .adv_w = 167, .box_w = 10, .box_h = 16, .ofs_x = 0, .ofs_y = 0},
    {.bitmap_index = 10700, .adv_w = 262, .box_w = 16, .box_h = 10, .ofs_x = 0, .ofs_y = 0},
    {.bitmap_index = 10780, .adv_w = 169, .box_w = 10, .box_h = 14, .ofs_x = 0, .ofs_y = -4},
    {.bitmap_index = 10850, .adv_w = 172, .box_w = 11, .box_h = 14, .ofs_x = 0, .ofs_y = 0},
    {.bitmap_index = 10927, .adv_w = 172, .box_w = 11, .box_h = 14, .ofs_x = 0, .ofs_y = 0},
    {.bitmap_index = 11004, .adv_w = 172, .box_w = 11, .box_h = 14, .ofs_x = 0, .ofs_y = 0},
    {.bitmap_index = 11081, .adv_w = 172, .box_w = 11, .box_h = 14, .ofs_x = 0, .ofs_y = 0},
    {.bitmap_index = 11158, .adv_w = 78, .box_w = 5, .box_h = 14, .ofs_x = -1, .ofs_y = 0},
    {.bitmap_index = 11193, .adv_w = 78, .box_w = 5, .box_h = 14, .ofs_x = 1, .ofs_y = 0},
    {.bitmap_index = 11228, .adv_w = 78, .box_w = 8, .box_h = 14, .ofs_x = -2, .ofs_y = 0},
    {.bitmap_index = 11284, .adv_w = 78, .box_w = 7, .box_h = 14, .ofs_x = -1, .ofs_y = 0},
    {.bitmap_index = 11333, .adv_w = 173, .box_w = 11, .box_h = 15, .ofs_x = 0, .ofs_y = 0},
    {.bitmap_index = 11416, .adv_w = 179, .box_w = 10, .box_h = 14, .ofs_x = 1, .ofs_y = 0},
    {.bitmap_index = 11486, .adv_w = 177, .box_w = 11, .box_h = 14, .ofs_x = 0, .ofs_y = 0},
    {.bitmap_index = 11563, .adv_w = 177, .box_w = 11, .box_h = 14, .ofs_x = 0, .ofs_y = 0},
    {.bitmap_index = 11640, .adv_w = 177, .box_w = 11, .box_h = 14, .ofs_x = 0, .ofs_y = 0},
    {.bitmap_index = 11717, .adv_w = 177, .box_w = 11, .box_h = 14, .ofs_x = 0, .ofs_y = 0},
    {.bitmap_index = 11794, .adv_w = 177, .box_w = 11, .box_h = 14, .ofs_x = 0, .ofs_y = 0},
    {.bitmap_index = 11871, .adv_w = 195, .box_w = 10, .box_h = 10, .ofs_x = 1, .ofs_y = 0},
    {.bitmap_index = 11921, .adv_w = 177, .box_w = 11, .box_h = 12, .ofs_x = 0, .ofs_y = -1},
    {.bitmap_index = 11987, .adv_w = 179, .box_w = 10, .box_h = 14, .ofs_x = 1, .ofs_y = 0},
    {.bitmap_index = 12057, .adv_w = 179, .box_w = 10, .box_h = 14, .ofs_x = 1, .ofs_y = 0},
    {.bitmap_index = 12127, .adv_w = 179, .box_w = 10, .box_h = 14, .ofs_x = 1, .ofs_y = 0},
    {.bitmap_index = 12197, .adv_w = 179, .box_w = 10, .box_h = 14, .ofs_x = 1, .ofs_y = 0},
    {.bitmap_index = 12267, .adv_w = 173, .box_w = 11, .box_h = 18, .ofs_x = 0, .ofs_y = -4},
    {.bitmap_index = 12366, .adv_w = 182, .box_w = 10, .box_h = 17, .ofs_x = 1, .ofs_y = -4},
    {.bitmap_index = 12451, .adv_w = 173, .box_w = 11, .box_h = 18, .ofs_x = 0, .ofs_y = -4},
    {.bitmap_index = 12550, .adv_w = 215, .box_w = 14, .box_h = 18, .ofs_x = 0, .ofs_y = 0},
    {.bitmap_index = 12676, .adv_w = 167, .box_w = 10, .box_h = 15, .ofs_x = 0, .ofs_y = -1},
    {.bitmap_index = 12751, .adv_w = 219, .box_w = 13, .box_h = 14, .ofs_x = 0, .ofs_y = 0},
    {.bitmap_index = 12842, .adv_w = 182, .box_w = 12, .box_h = 15, .ofs_x = 0, .ofs_y = -1},
    {.bitmap_index = 12932, .adv_w = 81, .box_w = 7, .box_h = 17, .ofs_x = -1, .ofs_y = 0},
    {.bitmap_index = 12992, .adv_w = 78, .box_w = 7, .box_h = 14, .ofs_x = -1, .ofs_y = 0},
    {.bitmap_index = 13041, .adv_w = 211, .box_w = 11, .box_h = 18, .ofs_x = 1, .ofs_y = -1},
    {.bitmap_index = 13140, .adv_w = 179, .box_w = 10, .box_h = 15, .ofs_x = 1, .ofs_y = -1},
    {.bitmap_index = 13215, .adv_w = 225, .box_w = 14, .box_h = 16, .ofs_x = 0, .ofs_y = -1},
    {.bitmap_index = 13327, .adv_w = 176, .box_w = 11, .box_h = 13, .ofs_x = 0, .ofs_y = -1},
    {.bitmap_index = 13399, .adv_w = 210, .box_w = 13, .box_h = 16, .ofs_x = 1, .ofs_y = -1},
    {.bitmap_index = 13503, .adv_w = 190, .box_w = 11, .box_h = 13, .ofs_x = 1, .ofs_y = -1},
    {.bitmap_index = 13575, .adv_w = 215, .box_w = 14, .box_h = 18, .ofs_x = 0, .ofs_y = -4},
    {.bitmap_index = 13701, .adv_w = 167, .box_w = 10, .box_h = 14, .ofs_x = 0, .ofs_y = -4},
    {.bitmap_index = 13771, .adv_w = 215, .box_w = 14, .box_h = 18, .ofs_x = 0, .ofs_y = 0},
    {.bitmap_index = 13897, .adv_w = 167, .box_w = 10, .box_h = 15, .ofs_x = 0, .ofs_y = -1},
    {.bitmap_index = 13972, .adv_w = 215, .box_w = 14, .box_h = 20, .ofs_x = 0, .ofs_y = 0},
    {.bitmap_index = 14112, .adv_w = 167, .box_w = 10, .box_h = 18, .ofs_x = 0, .ofs_y = -1},
    {.bitmap_index = 14202, .adv_w = 215, .box_w = 14, .box_h = 20, .ofs_x = 0, .ofs_y = 0},
    {.bitmap_index = 14342, .adv_w = 167, .box_w = 10, .box_h = 18, .ofs_x = 0, .ofs_y = -1},
    {.bitmap_index = 14432, .adv_w = 215, .box_w = 14, .box_h = 20, .ofs_x = 0, .ofs_y = 0},
    {.bitmap_index = 14572, .adv_w = 167, .box_w = 10, .box_h = 18, .ofs_x = 0, .ofs_y = -1},
    {.bitmap_index = 14662, .adv_w = 215, .box_w = 14, .box_h = 20, .ofs_x = 0, .ofs_y = 0},
    {.bitmap_index = 14802, .adv_w = 167, .box_w = 10, .box_h = 18, .ofs_x = 0, .ofs_y = -1},
    {.bitmap_index = 14892, .adv_w = 215, .box_w = 14, .box_h = 22, .ofs_x = 0, .ofs_y = -4},
    {.bitmap_index = 15046, .adv_w = 167, .box_w = 10, .box_h = 18, .ofs_x = 0, .ofs_y = -4},
    {.bitmap_index = 15136, .adv_w = 215, .box_w = 14, .box_h = 20, .ofs_x = 0, .ofs_y = 0},
    {.bitmap_index = 15276, .adv_w = 167, .box_w = 10, .box_h = 18, .ofs_x = 0, .ofs_y = -1},
    {.bitmap_index = 15366, .adv_w = 215, .box_w = 14, .box_h = 20, .ofs_x = 0, .ofs_y = 0},
    {.bitmap_index = 15506, .adv_w = 167, .box_w = 10, .box_h = 18, .ofs_x = 0, .ofs_y = -1},
    {.bitmap_index = 15596, .adv_w = 215, .box_w = 14, .box_h = 20, .ofs_x = 0, .ofs_y = 0},
    {.bitmap_index = 15736, .adv_w = 167, .box_w = 10, .box_h = 18, .ofs_x = 0, .ofs_y = -1},
    {.bitmap_index = 15826, .adv_w = 215, .box_w = 14, .box_h = 20, .ofs_x = 0, .ofs_y = 0},
    {.bitmap_index = 15966, .adv_w = 167, .box_w = 10, .box_h = 18, .ofs_x = 0, .ofs_y = -1},
    {.bitmap_index = 16056, .adv_w = 215, .box_w = 14, .box_h = 22, .ofs_x = 0, .ofs_y = -4},
    {.bitmap_index = 16210, .adv_w = 167, .box_w = 10, .box_h = 18, .ofs_x = 0, .ofs_y = -4},
    {.bitmap_index = 16300, .adv_w = 175, .box_w = 9, .box_h = 18, .ofs_x = 1, .ofs_y = -4},
    {.bitmap_index = 16381, .adv_w = 172, .box_w = 11, .box_h = 14, .ofs_x = 0, .ofs_y = -4},
    {.bitmap_index = 16458, .adv_w = 175, .box_w = 9, .box_h = 18, .ofs_x = 1, .ofs_y = 0},
    {.bitmap_index = 16539, .adv_w = 172, .box_w = 11, .box_h = 15, .ofs_x = 0, .ofs_y = -1},
    {.bitmap_index = 16622, .adv_w = 175, .box_w = 9, .box_h = 17, .ofs_x = 1, .ofs_y = 0},
    {.bitmap_index = 16699, .adv_w = 172, .box_w = 11, .box_h = 15, .ofs_x = 0, .ofs_y = -1},
    {.bitmap_index = 16782, .adv_w = 175, .box_w = 10, .box_h = 20, .ofs_x = 1, .ofs_y = 0},
    {.bitmap_index = 16882, .adv_w = 172, .box_w = 11, .box_h = 18, .ofs_x = 0, .ofs_y = -1},
    {.bitmap_index = 16981, .adv_w = 175, .box_w = 9, .box_h = 20, .ofs_x = 1, .ofs_y = 0},
    {.bitmap_index = 17071, .adv_w = 172, .box_w = 11, .box_h = 18, .ofs_x = 0, .ofs_y = -1},
    {.bitmap_index = 17170, .adv_w = 175, .box_w = 9, .box_h = 20, .ofs_x = 1, .ofs_y = 0},
    {.bitmap_index = 17260, .adv_w = 172, .box_w = 11, .box_h = 18, .ofs_x = 0, .ofs_y = -1},
    {.bitmap_index = 17359, .adv_w = 175, .box_w = 9, .box_h = 20, .ofs_x = 1, .ofs_y = 0},
    {.bitmap_index = 17449, .adv_w = 172, .box_w = 11, .box_h = 18, .ofs_x = 0, .ofs_y = -1},
    {.bitmap_index = 17548, .adv_w = 175, .box_w = 9, .box_h = 22, .ofs_x = 1, .ofs_y = -4},
    {.bitmap_index = 17647, .adv_w = 172, .box_w = 11, .box_h = 18, .ofs_x = 0, .ofs_y = -4},
    {.bitmap_index = 17746, .adv_w = 81, .box_w = 5, .box_h = 18, .ofs_x = 0, .ofs_y = 0},
    {.bitmap_index = 17791, .adv_w = 78, .box_w = 5, .box_h = 14, .ofs_x = 0, .ofs_y = 0},
    {.bitmap_index = 17826, .adv_w = 81, .box_w = 3, .box_h = 18, .ofs_x = 1, .ofs_y = -4},
    {.bitmap_index = 17853, .adv_w = 78, .box_w = 3, .box_h = 18, .ofs_x = 1, .ofs_y = -4},
    {.bitmap_index = 17880, .adv_w = 222, .box_w = 14, .box_h = 18, .ofs_x = 0, .ofs_y = -4},
    {.bitmap_index = 18006, .adv_w = 177, .box_w = 11, .box_h = 14, .ofs_x = 0, .ofs_y = -4},
    {.bitmap_index = 18083, .adv_w = 222, .box_w = 14, .box_h = 19, .ofs_x = 0, .ofs_y = -1},
    {.bitmap_index = 18216, .adv_w = 177, .box_w = 11, .box_h = 15, .ofs_x = 0, .ofs_y = -1},
    {.bitmap_index = 18299, .adv_w = 222, .box_w = 14, .box_h = 21, .ofs_x = 0, .ofs_y = -1},
    {.bitmap_index = 18446, .adv_w = 177, .box_w = 11, .box_h = 18, .ofs_x = 0, .ofs_y = -1},
    {.bitmap_index = 18545, .adv_w = 222, .box_w = 14, .box_h = 21, .ofs_x = 0, .ofs_y = -1},
    {.bitmap_index = 18692, .adv_w = 177, .box_w = 11, .box_h = 18, .ofs_x = 0, .ofs_y = -1},
    {.bitmap_index = 18791, .adv_w = 222, .box_w = 14, .box_h = 21, .ofs_x = 0, .ofs_y = -1},
    {.bitmap_index = 18938, .adv_w = 177, .box_w = 11, .box_h = 18, .ofs_x = 0, .ofs_y = -1},
    {.bitmap_index = 19037, .adv_w = 222, .box_w = 14, .box_h = 21, .ofs_x = 0, .ofs_y = -1},
    {.bitmap_index = 19184, .adv_w = 177, .box_w = 11, .box_h = 18, .ofs_x = 0, .ofs_y = -1},
    {.bitmap_index = 19283, .adv_w = 222, .box_w = 14, .box_h = 22, .ofs_x = 0, .ofs_y = -4},
    {.bitmap_index = 19437, .adv_w = 177, .box_w = 11, .box_h = 18, .ofs_x = 0, .ofs_y = -4},
    {.bitmap_index = 19536, .adv_w = 225, .box_w = 14, .box_h = 19, .ofs_x = 0, .ofs_y = -1},
    {.bitmap_index = 19669, .adv_w = 176, .box_w = 11, .box_h = 15, .ofs_x = 0, .ofs_y = -1},
    {.bitmap_index = 19752, .adv_w = 225, .box_w = 14, .box_h = 19, .ofs_x = 0, .ofs_y = -1},
    {.bitmap_index = 19885, .adv_w = 176, .box_w = 11, .box_h = 15, .ofs_x = 0, .ofs_y = -1},
    {.bitmap_index = 19968, .adv_w = 225, .box_w = 14, .box_h = 19, .ofs_x = 0, .ofs_y = -1},
    {.bitmap_index = 20101, .adv_w = 176, .box_w = 11, .box_h = 15, .ofs_x = 0, .ofs_y = -1},
    {.bitmap_index = 20184, .adv_w = 225, .box_w = 14, .box_h = 18, .ofs_x = 0, .ofs_y = -1},
    {.bitmap_index = 20310, .adv_w = 176, .box_w = 11, .box_h = 15, .ofs_x = 0, .ofs_y = -1},
    {.bitmap_index = 20393, .adv_w = 225, .box_w = 14, .box_h = 19, .ofs_x = 0, .ofs_y = -4},
    {.bitmap_index = 20526, .adv_w = 176, .box_w = 11, .box_h = 16, .ofs_x = 0, .ofs_y = -4},
    {.bitmap_index = 20614, .adv_w = 211, .box_w = 11, .box_h = 18, .ofs_x = 1, .ofs_y = -4},
    {.bitmap_index = 20713, .adv_w = 179, .box_w = 10, .box_h = 14, .ofs_x = 1, .ofs_y = -4},
    {.bitmap_index = 20783, .adv_w = 211, .box_w = 11, .box_h = 19, .ofs_x = 1, .ofs_y = -1},
    {.bitmap_index = 20888, .adv_w = 179, .box_w = 10, .box_h = 15, .ofs_x = 1, .ofs_y = -1},
    {.bitmap_index = 20963, .adv_w = 210, .box_w = 13, .box_h = 19, .ofs_x = 1, .ofs_y = -1},
    {.bitmap_index = 21087, .adv_w = 190, .box_w = 11, .box_h = 15, .ofs_x = 1, .ofs_y = -1},
    {.bitmap_index = 21170, .adv_w = 210, .box_w = 13, .box_h = 19, .ofs_x = 1, .ofs_y = -1},
    {.bitmap_index = 21294, .adv_w = 190, .box_w = 11, .box_h = 15, .ofs_x = 1, .ofs_y = -1},
    {.bitmap_index = 21377, .adv_w = 210, .box_w = 13, .box_h = 19, .ofs_x = 1, .ofs_y = -1},
    {.bitmap_index = 21501, .adv_w = 190, .box_w = 11, .box_h = 15, .ofs_x = 1, .ofs_y = -1},
    {.bitmap_index = 21584, .adv_w = 210, .box_w = 13, .box_h = 18, .ofs_x = 1, .ofs_y = -1},
    {.bitmap_index = 21701, .adv_w = 190, .box_w = 11, .box_h = 15, .ofs_x = 1, .ofs_y = -1},
    {.bitmap_index = 21784, .adv_w = 210, .box_w = 13, .box_h = 19, .ofs_x = 1, .ofs_y = -4},
    {.bitmap_index = 21908, .adv_w = 190, .box_w = 11, .box_h = 16, .ofs_x = 1, .ofs_y = -4},
    {.bitmap_index = 21996, .adv_w = 211, .box_w = 13, .box_h = 18, .ofs_x = 0, .ofs_y = 0},
    {.bitmap_index = 22113, .adv_w = 173, .box_w = 11, .box_h = 18, .ofs_x = 0, .ofs_y = -4},
    {.bitmap_index = 22212, .adv_w = 211, .box_w = 13, .box_h = 18, .ofs_x = 0, .ofs_y = -4},
    {.bitmap_index = 22329, .adv_w = 173, .box_w = 11, .box_h = 14, .ofs_x = 0, .ofs_y = -4},
    {.bitmap_index = 22406, .adv_w = 211, .box_w = 13, .box_h = 18, .ofs_x = 0, .ofs_y = 0},
    {.bitmap_index = 22523, .adv_w = 173, .box_w = 11, .box_h = 18, .ofs_x = 0, .ofs_y = -4},
    {.bitmap_index = 22622, .adv_w = 211, .box_w = 13, .box_h = 17, .ofs_x = 0, .ofs_y = 0},
    {.bitmap_index = 22733, .adv_w = 173, .box_w = 11, .box_h = 18, .ofs_x = 0, .ofs_y = -4},
    {.bitmap_index = 22832, .adv_w = 144, .box_w = 9, .box_h = 3, .ofs_x = 0, .ofs_y = 4},
    {.bitmap_index = 22846, .adv_w = 288, .box_w = 18, .box_h = 3, .ofs_x = 0, .ofs_y = 4},
    {.bitmap_index = 22873, .adv_w = 89, .box_w = 4, .box_h = 6, .ofs_x = 1, .ofs_y = 7},
    {.bitmap_index = 22885, .adv_w = 89, .box_w = 4, .box_h = 6, .ofs_x = 1, .ofs_y = 8},
    {.bitmap_index = 22897, .adv_w = 83, .box_w = 4, .box_h = 6, .ofs_x = 1, .ofs_y = -4},
    {.bitmap_index = 22909, .adv_w = 156, .box_w = 8, .box_h = 6, .ofs_x = 1, .ofs_y = 7},
    {.bitmap_index = 22933, .adv_w = 153, .box_w = 8, .box_h = 6, .ofs_x = 1, .ofs_y = 7},
    {.bitmap_index = 22957, .adv_w = 147, .box_w = 8, .box_h = 6, .ofs_x = 1, .ofs_y = -4},
    {.bitmap_index = 22981, .adv_w = 137, .box_w = 7, .box_h = 6, .ofs_x = 1, .ofs_y = 2},
    {.bitmap_index = 23002, .adv_w = 289, .box_w = 16, .box_h = 4, .ofs_x = 1, .ofs_y = 0},
    {.bitmap_index = 23034, .adv_w = 79, .box_w = 3, .box_h = 6, .ofs_x = 1, .ofs_y = 7},
    {.bitmap_index = 23043, .adv_w = 158, .box_w = 8, .box_h = 6, .ofs_x = 1, .ofs_y = 7},
    {.bitmap_index = 23067, .adv_w = 124, .box_w = 8, .box_h = 9, .ofs_x = 0, .ofs_y = 1},
    {.bitmap_index = 23103, .adv_w = 124, .box_w = 7, .box_h = 9, .ofs_x = 0, .ofs_y = 1}
};

/*---------------------
 *  CHARACTER MAPPING
 *--------------------*/

static const uint16_t unicode_list_3[] = {
    0x0, 0x1, 0xe, 0xf, 0x26, 0x27, 0x66, 0x67,
    0x9e, 0x9f, 0xad, 0xae
};

static const uint16_t unicode_list_5[] = {
    0x0, 0x1, 0x5, 0x6, 0x7, 0x9, 0xa, 0xb,
    0xf, 0x13, 0x1f, 0x20, 0x26, 0x27
};

/*Collect the unicode lists and glyph_id offsets*/
static const lv_font_fmt_txt_cmap_t cmaps[] =
{
    {
        .range_start = 32, .range_length = 95, .glyph_id_start = 1,
        .unicode_list = NULL, .glyph_id_ofs_list = NULL, .list_length = 0, .type = LV_FONT_FMT_TXT_CMAP_FORMAT0_TINY
    },
    {
        .range_start = 160, .range_length = 13, .glyph_id_start = 96,
        .unicode_list = NULL, .glyph_id_ofs_list = NULL, .list_length = 0, .type = LV_FONT_FMT_TXT_CMAP_FORMAT0_TINY
    },
    {
        .range_start = 174, .range_length = 82, .glyph_id_start = 109,
        .unicode_list = NULL, .glyph_id_ofs_list = NULL, .list_length = 0, .type = LV_FONT_FMT_TXT_CMAP_FORMAT0_TINY
    },
    {
        .range_start = 258, .range_length = 175, .glyph_id_start = 191,
        .unicode_list = unicode_list_3, .glyph_id_ofs_list = NULL, .list_length = 12, .type = LV_FONT_FMT_TXT_CMAP_SPARSE_TINY
    },
    {
        .range_start = 7840, .range_length = 90, .glyph_id_start = 203,
        .unicode_list = NULL, .glyph_id_ofs_list = NULL, .list_length = 0, .type = LV_FONT_FMT_TXT_CMAP_FORMAT0_TINY
    },
    {
        .range_start = 8211, .range_length = 40, .glyph_id_start = 293,
        .unicode_list = unicode_list_5, .glyph_id_ofs_list = NULL, .list_length = 14, .type = LV_FONT_FMT_TXT_CMAP_SPARSE_TINY
    }
};

/*-----------------
 *    KERNING
 *----------------*/


/*Map glyph_ids to kern left classes*/
static const uint8_t kern_left_class_mapping[] =
{
    0, 0, 0, 1, 0, 0, 2, 3,
    1, 4, 5, 6, 7, 8, 7, 8,
    9, 10, 11, 12, 13, 14, 15, 16,
    17, 13, 10, 18, 18, 0, 19, 20,
    0, 21, 0, 0, 0, 0, 0, 0,
    0, 0, 0, 0, 0, 0, 0, 0,
    0, 0, 0, 0, 0, 0, 0, 0,
    0, 0, 0, 0, 4, 22, 5, 6,
    23, 0, 0, 0, 0, 0, 0, 0,
    0, 0, 0, 0, 0, 0, 0, 0,
    0, 0, 0, 0, 0, 0, 0, 0,
    0, 0, 0, 0, 4, 11, 5, 7,
    0, 24, 25, 0, 0, 0, 0, 0,
    0, 21, 0, 0, 0, 26, 0, 6,
    19, 0, 0, 0, 27, 11, 28, 0,
    0, 0, 29, 0, 0, 0, 30, 0,
    0, 0, 0, 0, 0, 0, 0, 0,
    0, 0, 0, 0, 0, 0, 0, 0,
    0, 0, 0, 0, 0, 0, 31, 0,
    0, 0, 0, 0, 0, 0, 0, 0,
    0, 0, 0, 0, 0, 0, 0, 0,
    0, 0, 0, 0, 0, 0, 0, 0,
    0, 0, 0, 0, 0, 0, 7, 0,
    0, 0, 0, 0, 0, 0, 0, 0,
    0, 0, 0, 0, 0, 0, 0, 0,
    0, 0, 0, 0, 0, 0, 0, 0,
    0, 0, 0, 0, 0, 0, 0, 0,
    0, 0, 0, 0, 0, 0, 0, 0,
    0, 0, 0, 0, 0, 0, 0, 0,
    0, 0, 0, 0, 0, 0, 0, 0,
    0, 0, 0, 0, 0, 0, 0, 0,
    0, 0, 0, 0, 0, 0, 0, 0,
    0, 0, 0, 0, 0, 0, 0, 0,
    0, 0, 0, 0, 0, 0, 0, 0,
    0, 0, 0, 0, 0, 0, 0, 0,
    0, 0, 0, 0, 0, 0, 0, 0,
    0, 0, 0, 0, 0, 0, 0, 32,
    33, 34, 32, 33, 34, 31, 8, 0,
    0, 0, 29
};

/*Map glyph_ids to kern right classes*/
static const uint8_t kern_right_class_mapping[] =
{
    0, 1, 2, 3, 4, 5, 0, 6,
    3, 0, 7, 8, 9, 10, 9, 10,
    11, 12, 13, 14, 15, 16, 17, 12,
    18, 19, 20, 21, 21, 22, 23, 0,
    24, 25, 0, 0, 0, 0, 0, 0,
    0, 0, 0, 0, 0, 0, 0, 0,
    0, 0, 0, 0, 0, 0, 0, 0,
    0, 0, 0, 0, 0, 26, 7, 8,
    27, 0, 0, 0, 0, 0, 0, 0,
    0, 0, 0, 0, 0, 0, 0, 0,
    0, 0, 0, 0, 0, 0, 0, 0,
    0, 0, 0, 0, 0, 28, 7, 29,
    0, 0, 30, 0, 0, 0, 0, 0,
    0, 25, 0, 31, 32, 33, 0, 8,
    23, 0, 0, 0, 34, 35, 9, 0,
    0, 0, 36, 0, 0, 0, 37, 0,
    0, 0, 0, 0, 0, 0, 0, 0,
    0, 0, 0, 0, 0, 0, 0, 0,
    0, 0, 0, 0, 0, 0, 36, 0,
    0, 0, 0, 0, 0, 0, 0, 0,
    0, 0, 0, 0, 0, 0, 0, 0,
    0, 0, 0, 0, 0, 0, 0, 0,
    0, 0, 0, 0, 0, 0, 9, 0,
    0, 0, 0, 0, 0, 0, 0, 0,
    0, 0, 0, 0, 0, 0, 0, 0,
    0, 0, 0, 0, 0, 0, 0, 0,
    0, 0, 0, 0, 0, 0, 0, 0,
    0, 0, 0, 0, 0, 0, 0, 0,
    0, 0, 0, 0, 0, 0, 0, 0,
    0, 0, 0, 0, 0, 0, 0, 0,
    0, 0, 0, 0, 0, 0, 0, 0,
    0, 0, 0, 0, 0, 0, 0, 0,
    0, 0, 0, 0, 0, 0, 0, 0,
    0, 0, 0, 0, 0, 0, 0, 0,
    0, 0, 0, 0, 0, 0, 0, 0,
    0, 0, 0, 0, 0, 0, 0, 0,
    0, 0, 0, 0, 0, 0, 0, 38,
    39, 40, 38, 39, 40, 36, 10, 0,
    0, 31, 36
};

/*Kern values between classes*/
static const int8_t kern_class_values[] =
{
    0, 0, 0, 0, 0, -10, 0, 0,
    0, -26, 0, 0, 0, 0, 0, -18,
    0, 0, 0, 0, 0, 0, 0, 0,
    0, 0, 0, 0, 0, -6, 0, 0,
    0, 0, 0, 0, 0, 0, 0, 0,
    0, 0, 0, 0, 0, 0, 0, 0,
    0, 0, 0, 0, 0, 0, 0, 0,
    0, 0, 0, 0, 0, 0, 0, 0,
    0, 0, 0, 0, 0, 0, 0, 0,
    0, 0, 0, 0, 0, -18, -20, 0,
    0, 0, -10, 0, 0, 0, 0, 0,
    0, 0, 0, 0, 0, 0, 0, 0,
    0, 0, 0, 0, 0, 0, 0, 0,
    0, -18, 0, 0, 0, 0, 0, 0,
    -6, 0, 0, 0, 0, -26, 0, 0,
    0, 0, 0, 0, 0, 0, 0, 0,
    0, 0, 0, 0, 0, 0, 0, 0,
    0, 0, 0, 0, 0, 0, 0, 0,
    0, 0, 0, 5, 0, -2, 0, 0,
    0, 0, 0, 0, 0, 0, 0, 0,
    0, 0, 0, 0, 0, 0, 0, 0,
    0, 0, 0, 0, 0, 0, 0, 0,
    0, 0, 0, 0, 0, 0, 0, 0,
    0, 0, 0, 0, 0, 0, 0, 0,
    0, 0, 0, 0, 0, -10, 0, 0,
    0, 0, 0, 0, 0, -10, 0, 0,
    0, -39, 0, 0, 0, 0, 0, -13,
    0, 0, 0, 0, 0, 0, 0, 0,
    -5, 0, -20, 0, 0, 0, 0, 0,
    0, 0, 0, 0, 0, 0, 0, 0,
    0, 0, 0, 0, 0, 0, 0, 0,
    0, 0, 0, 0, 0, -6, -2, 0,
    0, -8, 0, 0, 0, 0, 0, 0,
    0, -13, 0, 0, 0, 0, 0, 0,
    0, 0, -2, 0, 0, -8, 0, 0,
    -9, -4, -29, 0, 0, 0, 0, 0,
    0, 0, 0, -8, -26, 0, -7, 0,
    -2, -7, -8, -4, 0, 0, 0, -25,
    -13, 0, 0, 0, 0, 0, 0, 0,
    0, 0, -15, 0, 0, 0, -27, 0,
    0, 0, 0, 0, 0, 0, 0, 0,
    0, -11, 0, 0, 0, 0, 0, 0,
    0, 0, 0, 0, 0, 0, 0, 0,
    0, 2, 0, 0, 0, 0, 0, 0,
    0, 0, 0, 0, 0, 0, 0, 0,
    0, 0, 0, 0, 0, 0, 0, 0,
    0, -8, 0, 0, 0, 0, 0, 0,
    0, -6, 0, 0, 0, 0, 0, 0,
    0, -7, -13, 0, 0, 0, 0, 0,
    0, 0, 0, 0, 0, -13, 0, -15,
    0, 0, 0, 0, 0, 0, 5, 0,
    0, 0, 0, 0, 0, 0, 0, 0,
    0, 0, 0, 0, 0, 0, 0, 0,
    0, 0, 5, 0, 0, 0, 0, 0,
    0, 0, 0, 0, 0, 0, 0, 0,
    0, 0, 0, 0, 0, 0, 0, 0,
    0, 0, 0, 0, 0, 0, 0, -4,
    0, 0, 0, 0, 0, 0, 0, 0,
    0, 0, 0, 0, 0, 0, 0, 0,
    0, 0, 0, 0, 0, 0, 0, 0,
    0, 0, 0, 0, 0, 0, 0, -2,
    0, -6, 0, 0, 0, 0, 0, 0,
    0, 0, 0, 0, 0, 0, 0, 0,
    0, 0, 0, 0, 0, 0, -10, 0,
    0, 0, 0, 0, 0, 0, 0, -15,
    0, 0, 0, 0, 0, 0, 0, -10,
    0, -10, 0, 0, -11, 0, 0, 0,
    0, 0, 0, 0, 0, 0, 0, 0,
    0, 0, 0, 0, 0, 0, 0, 0,
    -2, 0, -13, 0, 0, 0, 0, 0,
    0, 0, 0, 0, 0, 0, 0, -2,
    0, -7, 0, 0, 0, 0, 0, 0,
    0, 0, 0, 0, 0, 0, 0, 0,
    0, 0, 0, 0, 0, 0, 0, 0,
    -2, 0, 0, 0, 0, 0, 0, 0,
    0, 0, 0, 0, 0, 0, 0, 0,
    0, -9, 0, 0, 0, 0, 0, 0,
    0, 0, 0, 0, 0, 0, 0, 0,
    0, 0, -13, 0, 0, 0, 0, 0,
    0, 0, 0, 0, 0, 0, 0, -13,
    0, 0, 0, -16, 0, -13, 0, 0,
    0, -36, 0, -4, 0, 0, -5, -17,
    -3, 6, -4, -3, -10, -26, 0, 0,
    0, 0, -46, 0, 0, -15, -18, 0,
    0, 0, 0, 0, 0, 0, 0, -41,
    0, 0, 0, 0, 0, 0, 0, 0,
    0, 0, 0, 0, 0, 0, 0, 0,
    0, 0, 0, 0, 0, 0, 0, 0,
    0, -18, 0, 0, 0, 0, 0, 0,
    0, 0, 0, 0, 0, -13, 0, 0,
    0, 0, 0, 0, 0, 0, 0, 0,
    0, 0, 0, 0, 0, 0, 0, 0,
    0, 0, 0, 0, 0, 0, 0, 0,
    0, -20, 0, 0, 0, 0, 0, 0,
    0, 0, 0, 0, 0, -16, 0, 0,
    0, 0, 0, 0, 0, 0, 0, 0,
    0, 0, 0, 0, 0, 0, 0, 0,
    0, -21, 0, 0, 0, 0, 0, 0,
    0, -21, 0, 0, 0, 0, 0, 0,
    0, 0, 0, 0, 0, -28, 0, 0,
    0, 0, 0, 0, 0, 0, 0, 0,
    0, -13, -11, 0, 0, 0, 0, 0,
    0, 0, 0, 0, 0, 0, 0, 0,
    0, -12, -11, 0, 0, 0, 0, 0,
    -2, 0, 0, 0, 0, -10, 0, -11,
    0, 0, -23, 0, -4, 0, 0, -27,
    -10, 0, 3, 0, -14, 0, 0, 0,
    0, 0, 0, 0, 0, -11, -15, -18,
    -12, -14, 0, 0, -10, -7, -10, -10,
    -20, 0, -15, -10, 0, -12, -16, 0,
    0, 0, 0, 0, 0, 0, 0, -20,
    0, 0, 0, -13, -31, 0, -13, -16,
    -13, 0, -13, -13, 0, 0, 0, 0,
    -11, -23, 0, 10, 0, 0, 0, 0,
    0, 0, -13, 0, 0, -11, 0, 0,
    0, 0, 0, 0, 0, 0, 0, 0,
    0, 0, 0, 0, 0, 0, 0, 0,
    0, 0, 0, 0, 0, 0, 0, 0,
    0, -10, 0, 0, 0, 0, 0, 0,
    0, 0, 0, 0, 0, -10, 0, 0,
    0, 0, -6, 0, 0, 0, -4, 0,
    0, 0, 0, 0, -10, 0, 0, 0,
    0, 0, 0, 0, 0, 0, 0, 0,
    0, -18, 0, 0, 0, 0, 0, 0,
    -3, 0, 0, 0, 0, -18, -6, 0,
    0, 0, 0, 0, 0, -10, 0, 0,
    0, 0, 0, 0, 0, 0, 0, -14,
    0, 0, 0, 0, 0, 0, 0, 0,
    -2, 0, 0, 0, 0, -8, 0, 0,
    0, 0, 0, 0, 0, 0, 0, 0,
    0, 0, 0, 0, 0, 0, 0, 0,
    -11, 0, -10, 0, 0, 0, 0, 0,
    0, 0, 0, 0, 0, -11, 0, 0,
    0, 0, -10, 0, -11, 0, 0, -10,
    0, 0, 0, 0, 0, -15, 4, 0,
    0, 0, 0, 0, 0, 0, 0, 0,
    0, 0, 0, 0, 0, -6, -2, 0,
    0, -8, 0, 0, 0, 0, 0, 0,
    0, -11, 0, 0, 0, 0, 0, 0,
    0, 0, -2, 0, 0, -8, 0, 0,
    0, 0, 0, 0, 0, 0, 0, 0,
    0, 0, 0, 0, -11, -15, -13, 0,
    0, -15, -10, 0, 0, 0, 0, 0,
    0, -18, 0, 0, 0, 0, 0, 0,
    0, 0, 0, 0, 0, -24, 0, 0,
    0, 0, 0, 0, 0, 0, 0, 0,
    0, 0, 0, 0, 0, 0, 0, 0,
    0, 0, 0, 0, 0, 0, 0, 0,
    0, -34, 0, 0, 0, 0, 0, 0,
    0, 0, 0, 0, 0, -18, -10, 0,
    0, 0, 0, 0, 0, 0, 0, 0,
    0, 0, 0, 0, 0, 0, 0, 0,
    0, 0, 0, 0, 0, 0, 0, 0,
    0, -11, 0, 0, 0, 0, 0, 0,
    0, 0, 0, 0, 0, 0, 0, 0,
    0, 0, 0, 0, 0, -18, 0, 0,
    0, -31, -28, 0, 0, 0, 0, -18,
    0, 0, 0, 0, 0, 0, 0, 0,
    0, 0, 0, 0, 0, -11, 0, 0,
    0, 0, 0, 0, -18, 0, 0, -28,
    0, 0, 0, -36, 0, -20, 0, 0,
    -15, -37, -41, -13, 0, 0, 0, -28,
    0, -18, -11, 0, -16, -28, -16, 0,
    -16, 0, -11, 0, -13, -18, -24, -15,
    0, -13, -3, 0, -20, 0, 0, 0,
    0, 0, 0, 0, 0, 0, 0, 0,
    0, 0, 0, 0, -20, 0, 0, 0,
    0, 0, 0, 0, 0, 0, 0, 0,
    0, -26, 0, 0, 0, 0, 0, 0,
    0, 0, 0, 0, 0, -36, -28, 0
};


/*Collect the kern class' data in one place*/
static const lv_font_fmt_txt_kern_classes_t kern_classes =
{
    .class_pair_values   = kern_class_values,
    .left_class_mapping  = kern_left_class_mapping,
    .right_class_mapping = kern_right_class_mapping,
    .left_class_cnt      = 34,
    .right_class_cnt     = 40,
};

/*--------------------
 *  ALL CUSTOM DATA
 *--------------------*/

#if LVGL_VERSION_MAJOR == 8
/*Store all the custom data of the font*/
static  lv_font_fmt_txt_glyph_cache_t cache;
#endif

#if LVGL_VERSION_MAJOR >= 8
static const lv_font_fmt_txt_dsc_t font_dsc = {
#else
static lv_font_fmt_txt_dsc_t font_dsc = {
#endif
    .glyph_bitmap = glyph_bitmap,
    .glyph_dsc = glyph_dsc,
    .cmaps = cmaps,
    .kern_dsc = &kern_classes,
    .kern_scale = 16,
    .cmap_num = 6,
    .bpp = 4,
    .kern_classes = 1,
    .bitmap_format = 0,
#if LVGL_VERSION_MAJOR == 8
    .cache = &cache
#endif
};



/*-----------------
 *  PUBLIC FONT
 *----------------*/

/*Initialize a public general font descriptor*/
#if LVGL_VERSION_MAJOR >= 8
const lv_font_t font_inter_bold_12 = {
#else
lv_font_t font_inter_bold_12 = {
#endif
    .get_glyph_dsc = lv_font_get_glyph_dsc_fmt_txt,    /*Function pointer to get glyph's data*/
    .get_glyph_bitmap = lv_font_get_bitmap_fmt_txt,    /*Function pointer to get glyph's bitmap*/
    .line_height = 25,          /*The maximum line height required by the font*/
    .base_line = 5,             /*Baseline measured from the bottom of the line*/
#if !(LVGL_VERSION_MAJOR == 6 && LVGL_VERSION_MINOR == 0)
    .subpx = LV_FONT_SUBPX_NONE,
#endif
#if LV_VERSION_CHECK(7, 4, 0) || LVGL_VERSION_MAJOR >= 8
    .underline_position = -3,
    .underline_thickness = 2,
#endif
    .dsc = &font_dsc,          /*The custom font data. Will be accessed by `get_glyph_bitmap/dsc` */
#if LV_VERSION_CHECK(8, 2, 0) || LVGL_VERSION_MAJOR >= 9
    .fallback = NULL,
#endif
    .user_data = NULL,
};



#endif /*#if FONT_INTER_BOLD_12*/

