/*******************************************************************************
 * Size: 22 px
 * Bpp: 4
 * Opts: --font node_modules/@fontsource/inter/files/inter-latin-700-normal.woff -r 0x20-0x7E,0xA0-0xFF,0x2010-0x2043 --symbols ‹› --font node_modules/@fontsource/inter/files/inter-vietnamese-700-normal.woff -r 0x0102-0x0103,0x0110-0x0111,0x01A0-0x01A1,0x01AF-0x01B0,0x1EA0-0x1EF9 --size 22 --bpp 4 --no-compress --format lvgl --lv-font-name font_inter_bold_22 -o out/font_inter_bold_22.c
 ******************************************************************************/

#ifdef LV_LVGL_H_INCLUDE_SIMPLE
#include "lvgl.h"
#else
#include "lvgl/lvgl.h"
#endif

#ifndef FONT_INTER_BOLD_22
#define FONT_INTER_BOLD_22 1
#endif

#if FONT_INTER_BOLD_22

/*-----------------
 *    BITMAPS
 *----------------*/

/*Store the image of the glyphs*/
static LV_ATTRIBUTE_LARGE_CONST const uint8_t glyph_bitmap[] = {
    /* U+0020 " " */

    /* U+0021 "!" */
    0xf, 0xff, 0x70, 0xff, 0xf6, 0xf, 0xff, 0x60,
    0xff, 0xf5, 0xe, 0xff, 0x50, 0xef, 0xf5, 0xe,
    0xff, 0x40, 0xdf, 0xf4, 0xd, 0xff, 0x40, 0xcf,
    0xf3, 0xa, 0xcc, 0x20, 0x0, 0x0, 0x3, 0x86,
    0x0, 0xff, 0xf6, 0x1f, 0xff, 0x80, 0x8f, 0xd2,

    /* U+0022 "\"" */
    0xcf, 0xf4, 0x1f, 0xfe, 0xcf, 0xf3, 0x1f, 0xfe,
    0xbf, 0xf2, 0xf, 0xfd, 0xaf, 0xf1, 0xf, 0xfc,
    0x9f, 0xf0, 0xe, 0xfb, 0x8f, 0xf0, 0xd, 0xfb,
    0x49, 0x80, 0x7, 0x96,

    /* U+0023 "#" */
    0x0, 0x0, 0xaf, 0xc0, 0x0, 0xff, 0x60, 0x0,
    0x0, 0xd, 0xf9, 0x0, 0x3f, 0xf3, 0x0, 0x0,
    0x0, 0xff, 0x70, 0x5, 0xff, 0x10, 0x0, 0x0,
    0x2f, 0xf4, 0x0, 0x8f, 0xe0, 0x0, 0x8, 0xff,
    0xff, 0xff, 0xff, 0xff, 0xff, 0x0, 0xbf, 0xff,
    0xff, 0xff, 0xff, 0xff, 0xc0, 0x5, 0x6d, 0xfd,
    0x66, 0x7f, 0xfa, 0x64, 0x0, 0x0, 0xdf, 0x90,
    0x3, 0xff, 0x30, 0x0, 0x0, 0xf, 0xf7, 0x0,
    0x5f, 0xf1, 0x0, 0x2, 0x67, 0xff, 0x96, 0x6b,
    0xff, 0x66, 0x0, 0x8f, 0xff, 0xff, 0xff, 0xff,
    0xff, 0xf0, 0xa, 0xff, 0xff, 0xff, 0xff, 0xff,
    0xfc, 0x0, 0x0, 0xaf, 0xc0, 0x0, 0xff, 0x60,
    0x0, 0x0, 0xc, 0xfa, 0x0, 0x3f, 0xf4, 0x0,
    0x0, 0x0, 0xff, 0x70, 0x5, 0xff, 0x10, 0x0,
    0x0, 0x1f, 0xf5, 0x0, 0x8f, 0xe0, 0x0, 0x0,

    /* U+0024 "$" */
    0x0, 0x0, 0x0, 0x0, 0x0, 0x0, 0x0, 0x0,
    0x0, 0x0, 0x5f, 0x0, 0x0, 0x0, 0x0, 0x0,
    0x0, 0x5f, 0x0, 0x0, 0x0, 0x0, 0x1, 0x8d,
    0xff, 0xfc, 0x70, 0x0, 0x0, 0x4f, 0xff, 0xff,
    0xff, 0xfc, 0x10, 0x1, 0xff, 0xff, 0xdf, 0xdf,
    0xff, 0xa0, 0x7, 0xff, 0xf2, 0x5f, 0x6, 0xff,
    0xf1, 0x9, 0xff, 0xb0, 0x5f, 0x0, 0x9a, 0xa2,
    0x8, 0xff, 0xf4, 0x5f, 0x0, 0x0, 0x0, 0x3,
    0xff, 0xff, 0xef, 0x40, 0x0, 0x0, 0x0, 0x6f,
    0xff, 0xff, 0xff, 0x91, 0x0, 0x0, 0x2, 0x8d,
    0xff, 0xff, 0xff, 0x40, 0x0, 0x0, 0x0, 0x6f,
    0xaf, 0xff, 0xf1, 0x0, 0x0, 0x0, 0x5f, 0x3,
    0xff, 0xf6, 0xf, 0xff, 0x30, 0x5f, 0x0, 0xdf,
    0xf7, 0xd, 0xff, 0xc1, 0x5f, 0x5, 0xff, 0xf5,
    0x6, 0xff, 0xff, 0xdf, 0xdf, 0xff, 0xe0, 0x0,
    0x9f, 0xff, 0xff, 0xff, 0xfe, 0x30, 0x0, 0x4,
    0xae, 0xff, 0xfd, 0x81, 0x0, 0x0, 0x0, 0x0,
    0x5f, 0x0, 0x0, 0x0, 0x0, 0x0, 0x0, 0x5f,
    0x0, 0x0, 0x0,

    /* U+0025 "%" */
    0x7, 0xdf, 0xd7, 0x0, 0x0, 0x0, 0xd, 0xf5,
    0x0, 0x8, 0xff, 0xff, 0xf7, 0x0, 0x0, 0x8,
    0xfa, 0x0, 0x0, 0xef, 0x70, 0x8f, 0xe0, 0x0,
    0x3, 0xfe, 0x10, 0x0, 0xf, 0xf3, 0x4, 0xff,
    0x0, 0x0, 0xdf, 0x40, 0x0, 0x0, 0xef, 0x70,
    0x7f, 0xe0, 0x0, 0x9f, 0x90, 0x0, 0x0, 0x8,
    0xff, 0xff, 0xf8, 0x0, 0x4f, 0xe0, 0x0, 0x0,
    0x0, 0x7, 0xef, 0xd7, 0x0, 0x1e, 0xf4, 0x0,
    0x0, 0x0, 0x0, 0x0, 0x0, 0x0, 0xa, 0xf8,
    0x0, 0x0, 0x0, 0x0, 0x0, 0x0, 0x0, 0x5,
    0xfd, 0x0, 0x2a, 0xed, 0x80, 0x0, 0x0, 0x0,
    0x1, 0xef, 0x30, 0x1e, 0xff, 0xff, 0xb0, 0x0,
    0x0, 0x0, 0xbf, 0x70, 0x7, 0xfe, 0x14, 0xff,
    0x20, 0x0, 0x0, 0x6f, 0xc0, 0x0, 0x9f, 0xa0,
    0xf, 0xf5, 0x0, 0x0, 0x2f, 0xf2, 0x0, 0x9,
    0xf9, 0x0, 0xef, 0x50, 0x0, 0xc, 0xf6, 0x0,
    0x0, 0x7f, 0xd1, 0x3f, 0xf2, 0x0, 0x7, 0xfb,
    0x0, 0x0, 0x1, 0xef, 0xff, 0xfb, 0x0, 0x2,
    0xff, 0x10, 0x0, 0x0, 0x2, 0xbf, 0xe9, 0x10,

    /* U+0026 "&" */
    0x0, 0x0, 0x8d, 0xfe, 0x91, 0x0, 0x0, 0x0,
    0x0, 0xcf, 0xff, 0xff, 0xe1, 0x0, 0x0, 0x0,
    0x7f, 0xfe, 0x9c, 0xff, 0x80, 0x0, 0x0, 0xa,
    0xff, 0x30, 0xf, 0xfb, 0x0, 0x0, 0x0, 0xaf,
    0xf2, 0x2, 0xff, 0x90, 0x0, 0x0, 0x6, 0xff,
    0xb3, 0xef, 0xf2, 0x0, 0x0, 0x0, 0xc, 0xff,
    0xff, 0xf5, 0x0, 0x0, 0x0, 0x0, 0x7f, 0xff,
    0xe3, 0x0, 0x0, 0x0, 0x0, 0x7f, 0xff, 0xff,
    0x40, 0xe, 0xea, 0x0, 0x6f, 0xff, 0x9f, 0xff,
    0x32, 0xff, 0xa0, 0xe, 0xff, 0x50, 0x7f, 0xfe,
    0x9f, 0xf7, 0x1, 0xff, 0xf0, 0x0, 0x9f, 0xff,
    0xff, 0x20, 0xf, 0xff, 0x60, 0x0, 0xbf, 0xff,
    0xa0, 0x0, 0xaf, 0xff, 0xb9, 0xcf, 0xff, 0xfa,
    0x0, 0x1, 0xcf, 0xff, 0xff, 0xff, 0xef, 0xf7,
    0x0, 0x0, 0x6c, 0xef, 0xd9, 0x32, 0xff, 0xf4,

    /* U+0027 "'" */
    0xcf, 0xf4, 0xcf, 0xf3, 0xbf, 0xf2, 0xaf, 0xf1,
    0x9f, 0xf0, 0x8f, 0xf0, 0x49, 0x80,

    /* U+0028 "(" */
    0x0, 0x6, 0xbb, 0x50, 0x1, 0xff, 0xf1, 0x0,
    0x8f, 0xfb, 0x0, 0xe, 0xff, 0x50, 0x3, 0xff,
    0xf0, 0x0, 0x7f, 0xfc, 0x0, 0xb, 0xff, 0x80,
    0x0, 0xef, 0xf5, 0x0, 0xf, 0xff, 0x30, 0x2,
    0xff, 0xf2, 0x0, 0x2f, 0xff, 0x10, 0x1, 0xff,
    0xf2, 0x0, 0xf, 0xff, 0x40, 0x0, 0xef, 0xf6,
    0x0, 0xa, 0xff, 0x90, 0x0, 0x6f, 0xfd, 0x0,
    0x1, 0xff, 0xf3, 0x0, 0xb, 0xff, 0x80, 0x0,
    0x3f, 0xfe, 0x0, 0x0, 0xaf, 0xf5,

    /* U+0029 ")" */
    0x1b, 0xba, 0x0, 0x0, 0xdf, 0xf5, 0x0, 0x6,
    0xff, 0xc0, 0x0, 0x1f, 0xff, 0x30, 0x0, 0xcf,
    0xf8, 0x0, 0x8, 0xff, 0xc0, 0x0, 0x4f, 0xff,
    0x0, 0x1, 0xff, 0xf3, 0x0, 0xf, 0xff, 0x50,
    0x0, 0xdf, 0xf6, 0x0, 0xd, 0xff, 0x70, 0x0,
    0xef, 0xf6, 0x0, 0xf, 0xff, 0x50, 0x1, 0xff,
    0xf3, 0x0, 0x4f, 0xff, 0x0, 0x9, 0xff, 0xb0,
    0x0, 0xef, 0xf5, 0x0, 0x4f, 0xff, 0x0, 0xa,
    0xff, 0x70, 0x1, 0xff, 0xe0, 0x0,

    /* U+002A "*" */
    0x0, 0x0, 0xdf, 0x20, 0x0, 0x4, 0x30, 0xcf,
    0x11, 0x60, 0xe, 0xf8, 0xcf, 0x5e, 0xf3, 0x8,
    0xef, 0xff, 0xff, 0xa2, 0x0, 0x2e, 0xff, 0xf5,
    0x0, 0x19, 0xff, 0xff, 0xff, 0xb2, 0xd, 0xf6,
    0xbf, 0x3d, 0xf2, 0x3, 0x20, 0xcf, 0x10, 0x40,
    0x0, 0x0, 0xce, 0x20, 0x0,

    /* U+002B "+" */
    0x0, 0x0, 0xe, 0xfd, 0x0, 0x0, 0x0, 0x0,
    0xe, 0xfd, 0x0, 0x0, 0x0, 0x0, 0xe, 0xfd,
    0x0, 0x0, 0x0, 0x0, 0xe, 0xfd, 0x0, 0x0,
    0xf, 0xff, 0xff, 0xff, 0xff, 0xff, 0xf, 0xff,
    0xff, 0xff, 0xff, 0xff, 0x8, 0x88, 0x8f, 0xfe,
    0x88, 0x88, 0x0, 0x0, 0xe, 0xfd, 0x0, 0x0,
    0x0, 0x0, 0xe, 0xfd, 0x0, 0x0, 0x0, 0x0,
    0xe, 0xfd, 0x0, 0x0, 0x0, 0x0, 0xc, 0xeb,
    0x0, 0x0,

    /* U+002C "," */
    0x7, 0x99, 0x30, 0xef, 0xf2, 0x1f, 0xfd, 0x3,
    0xff, 0x80, 0x5f, 0xf3, 0x8, 0xfe, 0x0, 0xaf,
    0x90, 0x0,

    /* U+002D "-" */
    0x48, 0x88, 0x88, 0x86, 0x8f, 0xff, 0xff, 0xfc,
    0x8f, 0xff, 0xff, 0xfc,

    /* U+002E "." */
    0x3, 0x96, 0x0, 0xff, 0xf5, 0x1f, 0xff, 0x70,
    0x8f, 0xc1,

    /* U+002F "/" */
    0x0, 0x0, 0xa, 0xff, 0x10, 0x0, 0x0, 0xff,
    0xd0, 0x0, 0x0, 0x3f, 0xf9, 0x0, 0x0, 0x7,
    0xff, 0x40, 0x0, 0x0, 0xcf, 0xf0, 0x0, 0x0,
    0xf, 0xfc, 0x0, 0x0, 0x5, 0xff, 0x70, 0x0,
    0x0, 0x9f, 0xf3, 0x0, 0x0, 0xd, 0xfe, 0x0,
    0x0, 0x2, 0xff, 0xa0, 0x0, 0x0, 0x6f, 0xf6,
    0x0, 0x0, 0xa, 0xff, 0x20, 0x0, 0x0, 0xef,
    0xd0, 0x0, 0x0, 0x3f, 0xf9, 0x0, 0x0, 0x7,
    0xff, 0x50, 0x0, 0x0, 0xcf, 0xf0, 0x0, 0x0,
    0xf, 0xfc, 0x0, 0x0, 0x4, 0xff, 0x70, 0x0,
    0x0, 0x9f, 0xf3, 0x0, 0x0, 0x0,

    /* U+0030 "0" */
    0x0, 0x4, 0xbe, 0xfd, 0xa3, 0x0, 0x0, 0x9,
    0xff, 0xff, 0xff, 0xf7, 0x0, 0x8, 0xff, 0xfd,
    0xbe, 0xff, 0xf5, 0x2, 0xff, 0xf9, 0x0, 0xb,
    0xff, 0xe0, 0x7f, 0xfe, 0x0, 0x0, 0x2f, 0xff,
    0x4b, 0xff, 0xa0, 0x0, 0x0, 0xcf, 0xf9, 0xdf,
    0xf7, 0x0, 0x0, 0x9, 0xff, 0xbf, 0xff, 0x50,
    0x0, 0x0, 0x8f, 0xfc, 0xff, 0xf5, 0x0, 0x0,
    0x8, 0xff, 0xcd, 0xff, 0x70, 0x0, 0x0, 0x9f,
    0xfb, 0xbf, 0xf9, 0x0, 0x0, 0xc, 0xff, 0x97,
    0xff, 0xe0, 0x0, 0x2, 0xff, 0xf4, 0x2f, 0xff,
    0x90, 0x0, 0xcf, 0xfe, 0x0, 0x8f, 0xff, 0xeb,
    0xef, 0xff, 0x50, 0x0, 0xaf, 0xff, 0xff, 0xff,
    0x70, 0x0, 0x0, 0x4b, 0xef, 0xda, 0x30, 0x0,

    /* U+0031 "1" */
    0x0, 0x4e, 0xff, 0xf0, 0x9, 0xff, 0xff, 0xf0,
    0xdf, 0xff, 0xff, 0xf0, 0xff, 0xb5, 0xff, 0xf0,
    0xf6, 0x3, 0xff, 0xf0, 0x20, 0x3, 0xff, 0xf0,
    0x0, 0x3, 0xff, 0xf0, 0x0, 0x3, 0xff, 0xf0,
    0x0, 0x3, 0xff, 0xf0, 0x0, 0x3, 0xff, 0xf0,
    0x0, 0x3, 0xff, 0xf0, 0x0, 0x3, 0xff, 0xf0,
    0x0, 0x3, 0xff, 0xf0, 0x0, 0x3, 0xff, 0xf0,
    0x0, 0x3, 0xff, 0xf0, 0x0, 0x3, 0xff, 0xf0,

    /* U+0032 "2" */
    0x0, 0x29, 0xdf, 0xec, 0x70, 0x0, 0x5, 0xff,
    0xff, 0xff, 0xfe, 0x20, 0x2f, 0xff, 0xea, 0xbf,
    0xff, 0xd0, 0x8f, 0xfc, 0x0, 0x4, 0xff, 0xf3,
    0xbf, 0xf6, 0x0, 0x0, 0xcf, 0xf6, 0x1, 0x10,
    0x0, 0x0, 0xdf, 0xf5, 0x0, 0x0, 0x0, 0x5,
    0xff, 0xf1, 0x0, 0x0, 0x0, 0x2e, 0xff, 0x70,
    0x0, 0x0, 0x2, 0xef, 0xfb, 0x0, 0x0, 0x0,
    0x3e, 0xff, 0xb0, 0x0, 0x0, 0x4, 0xff, 0xfb,
    0x0, 0x0, 0x0, 0x5f, 0xff, 0xa0, 0x0, 0x0,
    0x6, 0xff, 0xfa, 0x0, 0x0, 0x0, 0x7f, 0xff,
    0xfb, 0xbb, 0xbb, 0xb7, 0xaf, 0xff, 0xff, 0xff,
    0xff, 0xfa, 0xaf, 0xff, 0xff, 0xff, 0xff, 0xfa,

    /* U+0033 "3" */
    0x0, 0x18, 0xcf, 0xfd, 0x92, 0x0, 0x0, 0x3e,
    0xff, 0xff, 0xff, 0xf5, 0x0, 0x1f, 0xff, 0xfb,
    0xae, 0xff, 0xf1, 0x7, 0xff, 0xe2, 0x0, 0x1d,
    0xff, 0x70, 0x48, 0x84, 0x0, 0x0, 0x9f, 0xf8,
    0x0, 0x0, 0x0, 0x0, 0xd, 0xff, 0x50, 0x0,
    0x0, 0x46, 0x7d, 0xff, 0xb0, 0x0, 0x0, 0xb,
    0xff, 0xfe, 0x60, 0x0, 0x0, 0x0, 0xbf, 0xff,
    0xff, 0x90, 0x0, 0x0, 0x0, 0x1, 0x5e, 0xff,
    0xa0, 0x0, 0x0, 0x0, 0x0, 0x6f, 0xff, 0x18,
    0xaa, 0x40, 0x0, 0x4, 0xff, 0xf2, 0xbf, 0xfd,
    0x20, 0x0, 0xcf, 0xff, 0x4, 0xff, 0xff, 0xcb,
    0xff, 0xff, 0x80, 0x6, 0xff, 0xff, 0xff, 0xff,
    0xa0, 0x0, 0x2, 0x9d, 0xff, 0xda, 0x30, 0x0,

    /* U+0034 "4" */
    0x0, 0x0, 0x0, 0x8f, 0xff, 0xe0, 0x0, 0x0,
    0x0, 0x3f, 0xff, 0xfe, 0x0, 0x0, 0x0, 0xc,
    0xff, 0xff, 0xe0, 0x0, 0x0, 0x7, 0xff, 0xef,
    0xfe, 0x0, 0x0, 0x2, 0xff, 0xf5, 0xff, 0xe0,
    0x0, 0x0, 0xbf, 0xf7, 0x3f, 0xfe, 0x0, 0x0,
    0x6f, 0xfd, 0x3, 0xff, 0xe0, 0x0, 0x1e, 0xff,
    0x30, 0x3f, 0xfe, 0x0, 0xa, 0xff, 0x90, 0x3,
    0xff, 0xe0, 0x5, 0xff, 0xe0, 0x0, 0x3f, 0xfe,
    0x0, 0xdf, 0xfc, 0x99, 0x9a, 0xff, 0xf9, 0x8e,
    0xff, 0xff, 0xff, 0xff, 0xff, 0xfe, 0xef, 0xff,
    0xff, 0xff, 0xff, 0xff, 0xe0, 0x0, 0x0, 0x0,
    0x4f, 0xfe, 0x0, 0x0, 0x0, 0x0, 0x4, 0xff,
    0xe0, 0x0, 0x0, 0x0, 0x0, 0x4f, 0xfe, 0x0,

    /* U+0035 "5" */
    0xf, 0xff, 0xff, 0xff, 0xff, 0xc0, 0xf, 0xff,
    0xff, 0xff, 0xff, 0xc0, 0x1f, 0xff, 0xaa, 0xaa,
    0xaa, 0x80, 0x3f, 0xfb, 0x0, 0x0, 0x0, 0x0,
    0x4f, 0xfa, 0x0, 0x0, 0x0, 0x0, 0x6f, 0xf8,
    0x3, 0x65, 0x10, 0x0, 0x7f, 0xfa, 0xdf, 0xff,
    0xf8, 0x0, 0x9f, 0xff, 0xff, 0xff, 0xff, 0xa0,
    0x5b, 0xdc, 0x30, 0x2a, 0xff, 0xf3, 0x0, 0x0,
    0x0, 0x0, 0xcf, 0xf8, 0x0, 0x0, 0x0, 0x0,
    0x8f, 0xfa, 0x89, 0x92, 0x0, 0x0, 0xaf, 0xf9,
    0xcf, 0xfa, 0x0, 0x3, 0xff, 0xf5, 0x5f, 0xff,
    0xda, 0xbf, 0xff, 0xc0, 0x8, 0xff, 0xff, 0xff,
    0xfd, 0x10, 0x0, 0x3a, 0xef, 0xec, 0x60, 0x0,

    /* U+0036 "6" */
    0x0, 0x3, 0xae, 0xfe, 0xa3, 0x0, 0x0, 0x8,
    0xff, 0xff, 0xff, 0xf7, 0x0, 0x6, 0xff, 0xff,
    0xdf, 0xff, 0xf5, 0x0, 0xff, 0xfa, 0x0, 0x1b,
    0xff, 0xd0, 0x6f, 0xfe, 0x0, 0x0, 0x29, 0x99,
    0xa, 0xff, 0x80, 0x4, 0x53, 0x0, 0x0, 0xdf,
    0xf5, 0x6e, 0xff, 0xfd, 0x40, 0xe, 0xff, 0xaf,
    0xff, 0xff, 0xff, 0x30, 0xff, 0xff, 0xb2, 0x4,
    0xef, 0xfd, 0xe, 0xff, 0xd0, 0x0, 0x3, 0xff,
    0xf2, 0xcf, 0xf9, 0x0, 0x0, 0xf, 0xff, 0x39,
    0xff, 0xb0, 0x0, 0x1, 0xff, 0xf2, 0x3f, 0xff,
    0x40, 0x0, 0x9f, 0xfe, 0x0, 0xaf, 0xff, 0xb9,
    0xdf, 0xff, 0x60, 0x0, 0xbf, 0xff, 0xff, 0xff,
    0x80, 0x0, 0x0, 0x5b, 0xef, 0xea, 0x30, 0x0,

    /* U+0037 "7" */
    0x3f, 0xff, 0xff, 0xff, 0xff, 0xff, 0x3f, 0xff,
    0xff, 0xff, 0xff, 0xff, 0x2b, 0xbb, 0xbb, 0xbb,
    0xdf, 0xff, 0x0, 0x0, 0x0, 0x0, 0xdf, 0xf9,
    0x0, 0x0, 0x0, 0x5, 0xff, 0xf1, 0x0, 0x0,
    0x0, 0xd, 0xff, 0x90, 0x0, 0x0, 0x0, 0x5f,
    0xff, 0x10, 0x0, 0x0, 0x0, 0xdf, 0xf9, 0x0,
    0x0, 0x0, 0x5, 0xff, 0xf1, 0x0, 0x0, 0x0,
    0xd, 0xff, 0x90, 0x0, 0x0, 0x0, 0x5f, 0xff,
    0x10, 0x0, 0x0, 0x0, 0xdf, 0xf9, 0x0, 0x0,
    0x0, 0x5, 0xff, 0xf1, 0x0, 0x0, 0x0, 0xd,
    0xff, 0x90, 0x0, 0x0, 0x0, 0x5f, 0xff, 0x10,
    0x0, 0x0, 0x0, 0xdf, 0xf9, 0x0, 0x0, 0x0,

    /* U+0038 "8" */
    0x0, 0x18, 0xcf, 0xfd, 0x92, 0x0, 0x0, 0x3e,
    0xff, 0xff, 0xff, 0xf7, 0x0, 0xe, 0xff, 0xe9,
    0x8d, 0xff, 0xf3, 0x4, 0xff, 0xf2, 0x0, 0xc,
    0xff, 0x90, 0x5f, 0xfd, 0x0, 0x0, 0x8f, 0xfa,
    0x2, 0xff, 0xf1, 0x0, 0xc, 0xff, 0x60, 0x7,
    0xff, 0xe7, 0x6c, 0xff, 0xb0, 0x0, 0x4, 0xef,
    0xff, 0xff, 0x70, 0x0, 0x5, 0xef, 0xff, 0xff,
    0xff, 0x90, 0x4, 0xff, 0xf8, 0x10, 0x5e, 0xff,
    0xa0, 0xcf, 0xf9, 0x0, 0x0, 0x4f, 0xff, 0x2f,
    0xff, 0x70, 0x0, 0x2, 0xff, 0xf4, 0xdf, 0xfc,
    0x0, 0x0, 0x7f, 0xff, 0x26, 0xff, 0xfd, 0x77,
    0xaf, 0xff, 0xb0, 0x8, 0xff, 0xff, 0xff, 0xff,
    0xc1, 0x0, 0x2, 0x9d, 0xff, 0xea, 0x50, 0x0,

    /* U+0039 "9" */
    0x0, 0x18, 0xdf, 0xfc, 0x71, 0x0, 0x0, 0x4f,
    0xff, 0xff, 0xff, 0xe2, 0x0, 0x2f, 0xff, 0xfa,
    0xaf, 0xff, 0xe1, 0x9, 0xff, 0xe2, 0x0, 0x1e,
    0xff, 0x80, 0xdf, 0xf5, 0x0, 0x0, 0x6f, 0xfd,
    0xf, 0xff, 0x30, 0x0, 0x4, 0xff, 0xf1, 0xdf,
    0xf8, 0x0, 0x0, 0x9f, 0xff, 0x38, 0xff, 0xf7,
    0x1, 0x8f, 0xff, 0xf4, 0x1e, 0xff, 0xff, 0xff,
    0xaf, 0xff, 0x30, 0x1b, 0xff, 0xff, 0x91, 0xff,
    0xf2, 0x0, 0x2, 0x55, 0x10, 0x3f, 0xff, 0x7,
    0xaa, 0x50, 0x0, 0x9, 0xff, 0xb0, 0x8f, 0xfe,
    0x20, 0x6, 0xff, 0xf4, 0x1, 0xff, 0xff, 0xde,
    0xff, 0xfb, 0x0, 0x4, 0xef, 0xff, 0xff, 0xfc,
    0x0, 0x0, 0x1, 0x8d, 0xfe, 0xc6, 0x0, 0x0,

    /* U+003A ":" */
    0x3, 0x96, 0x0, 0xff, 0xf5, 0x1f, 0xff, 0x70,
    0x8f, 0xc1, 0x0, 0x0, 0x0, 0x0, 0x0, 0x0,
    0x0, 0x0, 0x0, 0x0, 0x3, 0x96, 0x0, 0xff,
    0xf5, 0x1f, 0xff, 0x70, 0x8f, 0xc1,

    /* U+003B ";" */
    0x1, 0x97, 0x0, 0xcf, 0xf8, 0xe, 0xff, 0xa0,
    0x5e, 0xd2, 0x0, 0x0, 0x0, 0x0, 0x0, 0x0,
    0x0, 0x0, 0x0, 0x0, 0x0, 0x0, 0x0, 0x79,
    0x93, 0xe, 0xff, 0x21, 0xff, 0xd0, 0x3f, 0xf8,
    0x5, 0xff, 0x30, 0x8f, 0xe0, 0xa, 0xf9, 0x0,

    /* U+003C "<" */
    0x0, 0x0, 0x0, 0x0, 0x0, 0x3, 0x0, 0x0,
    0x0, 0x0, 0x7, 0xdb, 0x0, 0x0, 0x0, 0x28,
    0xff, 0xfb, 0x0, 0x0, 0x3a, 0xff, 0xff, 0xf9,
    0x0, 0x5c, 0xff, 0xff, 0xe8, 0x20, 0x2e, 0xff,
    0xff, 0xb5, 0x0, 0x0, 0x3f, 0xff, 0xb2, 0x0,
    0x0, 0x0, 0x3f, 0xff, 0xfb, 0x50, 0x0, 0x0,
    0x5, 0xcf, 0xff, 0xfe, 0x82, 0x0, 0x0, 0x3,
    0xaf, 0xff, 0xff, 0xb4, 0x0, 0x0, 0x1, 0x8e,
    0xff, 0xfb, 0x0, 0x0, 0x0, 0x0, 0x6d, 0xfb,
    0x0, 0x0, 0x0, 0x0, 0x0, 0x47,

    /* U+003D "=" */
    0x9a, 0xaa, 0xaa, 0xaa, 0xaa, 0x8e, 0xff, 0xff,
    0xff, 0xff, 0xfd, 0xef, 0xff, 0xff, 0xff, 0xff,
    0xd0, 0x0, 0x0, 0x0, 0x0, 0x0, 0x0, 0x0,
    0x0, 0x0, 0x0, 0x9, 0xaa, 0xaa, 0xaa, 0xaa,
    0xa8, 0xef, 0xff, 0xff, 0xff, 0xff, 0xde, 0xff,
    0xff, 0xff, 0xff, 0xfd,

    /* U+003E ">" */
    0x30, 0x0, 0x0, 0x0, 0x0, 0x0, 0xcd, 0x60,
    0x0, 0x0, 0x0, 0x0, 0xcf, 0xfe, 0x81, 0x0,
    0x0, 0x0, 0xaf, 0xff, 0xff, 0xa3, 0x0, 0x0,
    0x2, 0x9e, 0xff, 0xff, 0xc5, 0x0, 0x0, 0x0,
    0x5c, 0xff, 0xff, 0xe1, 0x0, 0x0, 0x0, 0x2b,
    0xff, 0xf2, 0x0, 0x0, 0x5, 0xcf, 0xff, 0xf2,
    0x0, 0x29, 0xef, 0xff, 0xfb, 0x40, 0x5c, 0xff,
    0xff, 0xf9, 0x20, 0x0, 0xcf, 0xff, 0xe7, 0x10,
    0x0, 0x0, 0xcf, 0xc5, 0x0, 0x0, 0x0, 0x0,
    0x73, 0x0, 0x0, 0x0, 0x0, 0x0,

    /* U+003F "?" */
    0x0, 0x7, 0xcf, 0xfd, 0x81, 0x0, 0x1, 0xdf,
    0xff, 0xff, 0xff, 0x30, 0xa, 0xff, 0xfa, 0xaf,
    0xff, 0xd0, 0xf, 0xff, 0x40, 0x5, 0xff, 0xf2,
    0x7, 0x77, 0x0, 0x1, 0xff, 0xf3, 0x0, 0x0,
    0x0, 0x8, 0xff, 0xf1, 0x0, 0x0, 0x0, 0x9f,
    0xff, 0x80, 0x0, 0x0, 0xc, 0xff, 0xf7, 0x0,
    0x0, 0x0, 0x7f, 0xfe, 0x30, 0x0, 0x0, 0x0,
    0xbf, 0xf4, 0x0, 0x0, 0x0, 0x0, 0xcf, 0xf1,
    0x0, 0x0, 0x0, 0x0, 0x0, 0x0, 0x0, 0x0,
    0x0, 0x0, 0x38, 0x50, 0x0, 0x0, 0x0, 0x1,
    0xff, 0xf5, 0x0, 0x0, 0x0, 0x3, 0xff, 0xf7,
    0x0, 0x0, 0x0, 0x0, 0x9f, 0xc1, 0x0, 0x0,

    /* U+0040 "@" */
    0x0, 0x0, 0x1, 0x6b, 0xde, 0xfe, 0xc8, 0x40,
    0x0, 0x0, 0x0, 0x0, 0x9, 0xff, 0xff, 0xff,
    0xff, 0xff, 0xc3, 0x0, 0x0, 0x0, 0x2d, 0xff,
    0xfd, 0x97, 0x77, 0xae, 0xff, 0xf6, 0x0, 0x0,
    0xd, 0xff, 0xc4, 0x0, 0x0, 0x0, 0x5, 0xef,
    0xf5, 0x0, 0x9, 0xff, 0xa0, 0x0, 0x35, 0x51,
    0x16, 0x62, 0xef, 0xf1, 0x1, 0xff, 0xd0, 0x1,
    0xbf, 0xff, 0xf8, 0xff, 0x5, 0xff, 0x80, 0x7f,
    0xf6, 0x0, 0xcf, 0xff, 0xff, 0xff, 0xf0, 0xd,
    0xfe, 0xb, 0xff, 0x10, 0x6f, 0xf9, 0x10, 0x7f,
    0xff, 0x0, 0x8f, 0xf2, 0xdf, 0xd0, 0xb, 0xfc,
    0x0, 0x0, 0xbf, 0xf0, 0x5, 0xff, 0x4f, 0xfc,
    0x0, 0xdf, 0x80, 0x0, 0x7, 0xff, 0x0, 0x4f,
    0xf5, 0xff, 0xc0, 0xe, 0xf7, 0x0, 0x0, 0x6f,
    0xf0, 0x4, 0xff, 0x3e, 0xfd, 0x0, 0xdf, 0x80,
    0x0, 0x8, 0xff, 0x0, 0x5f, 0xf2, 0xcf, 0xf0,
    0xa, 0xfd, 0x0, 0x0, 0xcf, 0xf0, 0x8, 0xfe,
    0x8, 0xff, 0x50, 0x4f, 0xfa, 0x22, 0x9f, 0xff,
    0x43, 0xff, 0x90, 0x3f, 0xfd, 0x0, 0x9f, 0xff,
    0xff, 0xce, 0xff, 0xff, 0xe1, 0x0, 0xbf, 0xfa,
    0x0, 0x6d, 0xfe, 0x91, 0x3b, 0xfe, 0xa2, 0x0,
    0x1, 0xef, 0xfc, 0x30, 0x0, 0x0, 0x0, 0x0,
    0x0, 0x0, 0x0, 0x3, 0xef, 0xff, 0xda, 0x87,
    0x78, 0xad, 0x20, 0x0, 0x0, 0x0, 0x1, 0xaf,
    0xff, 0xff, 0xff, 0xff, 0xf8, 0x0, 0x0, 0x0,
    0x0, 0x0, 0x27, 0xbd, 0xff, 0xed, 0xa6, 0x10,
    0x0, 0x0,

    /* U+0041 "A" */
    0x0, 0x0, 0x2, 0xff, 0xff, 0x70, 0x0, 0x0,
    0x0, 0x0, 0x8, 0xff, 0xff, 0xd0, 0x0, 0x0,
    0x0, 0x0, 0xd, 0xff, 0xff, 0xf2, 0x0, 0x0,
    0x0, 0x0, 0x3f, 0xfe, 0xaf, 0xf8, 0x0, 0x0,
    0x0, 0x0, 0x8f, 0xfa, 0x6f, 0xfd, 0x0, 0x0,
    0x0, 0x0, 0xef, 0xf6, 0x2f, 0xff, 0x30, 0x0,
    0x0, 0x3, 0xff, 0xf2, 0xe, 0xff, 0x90, 0x0,
    0x0, 0x9, 0xff, 0xe0, 0x9, 0xff, 0xe0, 0x0,
    0x0, 0xe, 0xff, 0x90, 0x5, 0xff, 0xf4, 0x0,
    0x0, 0x4f, 0xff, 0x50, 0x0, 0xff, 0xfa, 0x0,
    0x0, 0x9f, 0xff, 0xff, 0xff, 0xff, 0xff, 0x0,
    0x0, 0xef, 0xff, 0xff, 0xff, 0xff, 0xff, 0x50,
    0x4, 0xff, 0xfa, 0x88, 0x88, 0x8f, 0xff, 0xa0,
    0x9, 0xff, 0xf0, 0x0, 0x0, 0xa, 0xff, 0xf0,
    0xe, 0xff, 0xa0, 0x0, 0x0, 0x4, 0xff, 0xf6,
    0x4f, 0xff, 0x50, 0x0, 0x0, 0x0, 0xef, 0xfb,

    /* U+0042 "B" */
    0x8f, 0xff, 0xff, 0xff, 0xd8, 0x10, 0x8, 0xff,
    0xff, 0xff, 0xff, 0xfe, 0x20, 0x8f, 0xfe, 0xaa,
    0xad, 0xff, 0xfb, 0x8, 0xff, 0xb0, 0x0, 0xa,
    0xff, 0xf0, 0x8f, 0xfb, 0x0, 0x0, 0x4f, 0xff,
    0x8, 0xff, 0xb0, 0x0, 0x7, 0xff, 0xc0, 0x8f,
    0xfc, 0x33, 0x48, 0xff, 0xf3, 0x8, 0xff, 0xff,
    0xff, 0xff, 0xb1, 0x0, 0x8f, 0xff, 0xff, 0xff,
    0xff, 0xe4, 0x8, 0xff, 0xb0, 0x0, 0x29, 0xff,
    0xf2, 0x8f, 0xfb, 0x0, 0x0, 0xd, 0xff, 0x88,
    0xff, 0xb0, 0x0, 0x0, 0xbf, 0xfa, 0x8f, 0xfb,
    0x0, 0x0, 0x3f, 0xff, 0x98, 0xff, 0xea, 0xaa,
    0xcf, 0xff, 0xf3, 0x8f, 0xff, 0xff, 0xff, 0xff,
    0xf8, 0x8, 0xff, 0xff, 0xff, 0xfe, 0xa4, 0x0,

    /* U+0043 "C" */
    0x0, 0x0, 0x6b, 0xef, 0xeb, 0x60, 0x0, 0x0,
    0x3, 0xdf, 0xff, 0xff, 0xff, 0xd3, 0x0, 0x2,
    0xff, 0xff, 0xfe, 0xff, 0xff, 0xe2, 0x0, 0xdf,
    0xff, 0x60, 0x0, 0x6f, 0xff, 0xa0, 0x5f, 0xff,
    0x50, 0x0, 0x0, 0x6f, 0xff, 0x1a, 0xff, 0xc0,
    0x0, 0x0, 0x0, 0x89, 0x92, 0xdf, 0xf7, 0x0,
    0x0, 0x0, 0x0, 0x0, 0xe, 0xff, 0x60, 0x0,
    0x0, 0x0, 0x0, 0x0, 0xef, 0xf6, 0x0, 0x0,
    0x0, 0x0, 0x0, 0xd, 0xff, 0x70, 0x0, 0x0,
    0x0, 0x0, 0x0, 0xaf, 0xfc, 0x0, 0x0, 0x0,
    0x8, 0x99, 0x25, 0xff, 0xf4, 0x0, 0x0, 0x6,
    0xff, 0xf1, 0xd, 0xff, 0xf6, 0x0, 0x6, 0xff,
    0xfa, 0x0, 0x3f, 0xff, 0xff, 0xef, 0xff, 0xfe,
    0x10, 0x0, 0x3e, 0xff, 0xff, 0xff, 0xfd, 0x20,
    0x0, 0x0, 0x6, 0xce, 0xfe, 0xb6, 0x0, 0x0,

    /* U+0044 "D" */
    0x8f, 0xff, 0xff, 0xfd, 0xb5, 0x0, 0x0, 0x8f,
    0xff, 0xff, 0xff, 0xff, 0xd2, 0x0, 0x8f, 0xff,
    0xcc, 0xdf, 0xff, 0xff, 0x20, 0x8f, 0xfb, 0x0,
    0x0, 0x6f, 0xff, 0xc0, 0x8f, 0xfb, 0x0, 0x0,
    0x4, 0xff, 0xf3, 0x8f, 0xfb, 0x0, 0x0, 0x0,
    0xcf, 0xf9, 0x8f, 0xfb, 0x0, 0x0, 0x0, 0x8f,
    0xfb, 0x8f, 0xfb, 0x0, 0x0, 0x0, 0x6f, 0xfd,
    0x8f, 0xfb, 0x0, 0x0, 0x0, 0x6f, 0xfd, 0x8f,
    0xfb, 0x0, 0x0, 0x0, 0x8f, 0xfb, 0x8f, 0xfb,
    0x0, 0x0, 0x0, 0xcf, 0xf9, 0x8f, 0xfb, 0x0,
    0x0, 0x4, 0xff, 0xf3, 0x8f, 0xfb, 0x0, 0x0,
    0x5f, 0xff, 0xc0, 0x8f, 0xff, 0xcc, 0xdf, 0xff,
    0xff, 0x20, 0x8f, 0xff, 0xff, 0xff, 0xff, 0xd2,
    0x0, 0x8f, 0xff, 0xff, 0xfd, 0xb5, 0x0, 0x0,

    /* U+0045 "E" */
    0x8f, 0xff, 0xff, 0xff, 0xff, 0xf2, 0x8f, 0xff,
    0xff, 0xff, 0xff, 0xf2, 0x8f, 0xfe, 0xaa, 0xaa,
    0xaa, 0xa1, 0x8f, 0xfb, 0x0, 0x0, 0x0, 0x0,
    0x8f, 0xfb, 0x0, 0x0, 0x0, 0x0, 0x8f, 0xfb,
    0x0, 0x0, 0x0, 0x0, 0x8f, 0xfb, 0x0, 0x0,
    0x0, 0x0, 0x8f, 0xff, 0xff, 0xff, 0xff, 0x90,
    0x8f, 0xff, 0xff, 0xff, 0xff, 0x90, 0x8f, 0xfe,
    0xaa, 0xaa, 0xaa, 0x60, 0x8f, 0xfb, 0x0, 0x0,
    0x0, 0x0, 0x8f, 0xfb, 0x0, 0x0, 0x0, 0x0,
    0x8f, 0xfb, 0x0, 0x0, 0x0, 0x0, 0x8f, 0xfe,
    0xbb, 0xbb, 0xbb, 0xb2, 0x8f, 0xff, 0xff, 0xff,
    0xff, 0xf3, 0x8f, 0xff, 0xff, 0xff, 0xff, 0xf3,

    /* U+0046 "F" */
    0x8f, 0xff, 0xff, 0xff, 0xff, 0xf8, 0xff, 0xff,
    0xff, 0xff, 0xff, 0x8f, 0xfe, 0xaa, 0xaa, 0xaa,
    0xa8, 0xff, 0xb0, 0x0, 0x0, 0x0, 0x8f, 0xfb,
    0x0, 0x0, 0x0, 0x8, 0xff, 0xb0, 0x0, 0x0,
    0x0, 0x8f, 0xfb, 0x0, 0x0, 0x0, 0x8, 0xff,
    0xea, 0xaa, 0xaa, 0xa2, 0x8f, 0xff, 0xff, 0xff,
    0xff, 0x48, 0xff, 0xff, 0xff, 0xff, 0xf4, 0x8f,
    0xfb, 0x0, 0x0, 0x0, 0x8, 0xff, 0xb0, 0x0,
    0x0, 0x0, 0x8f, 0xfb, 0x0, 0x0, 0x0, 0x8,
    0xff, 0xb0, 0x0, 0x0, 0x0, 0x8f, 0xfb, 0x0,
    0x0, 0x0, 0x8, 0xff, 0xb0, 0x0, 0x0, 0x0,

    /* U+0047 "G" */
    0x0, 0x0, 0x6b, 0xef, 0xeb, 0x60, 0x0, 0x0,
    0x2, 0xdf, 0xff, 0xff, 0xff, 0xd2, 0x0, 0x2,
    0xff, 0xff, 0xfe, 0xff, 0xff, 0xe1, 0x0, 0xdf,
    0xff, 0x60, 0x0, 0x6f, 0xff, 0xb0, 0x4f, 0xff,
    0x50, 0x0, 0x0, 0x7f, 0xff, 0x1a, 0xff, 0xc0,
    0x0, 0x0, 0x0, 0x44, 0x41, 0xdf, 0xf7, 0x0,
    0x0, 0x0, 0x0, 0x0, 0xe, 0xff, 0x60, 0x0,
    0x17, 0x77, 0x77, 0x73, 0xef, 0xf6, 0x0, 0x3,
    0xff, 0xff, 0xff, 0x7d, 0xff, 0x70, 0x0, 0x3f,
    0xff, 0xff, 0xf6, 0xaf, 0xfc, 0x0, 0x0, 0x0,
    0xc, 0xff, 0x55, 0xff, 0xf5, 0x0, 0x0, 0x2,
    0xff, 0xf2, 0xd, 0xff, 0xf6, 0x0, 0x4, 0xef,
    0xfc, 0x0, 0x3f, 0xff, 0xff, 0xef, 0xff, 0xff,
    0x20, 0x0, 0x3e, 0xff, 0xff, 0xff, 0xfe, 0x30,
    0x0, 0x0, 0x6, 0xbe, 0xfe, 0xc6, 0x0, 0x0,

    /* U+0048 "H" */
    0x8f, 0xfb, 0x0, 0x0, 0x0, 0x4f, 0xff, 0x8f,
    0xfb, 0x0, 0x0, 0x0, 0x4f, 0xff, 0x8f, 0xfb,
    0x0, 0x0, 0x0, 0x4f, 0xff, 0x8f, 0xfb, 0x0,
    0x0, 0x0, 0x4f, 0xff, 0x8f, 0xfb, 0x0, 0x0,
    0x0, 0x4f, 0xff, 0x8f, 0xfb, 0x0, 0x0, 0x0,
    0x4f, 0xff, 0x8f, 0xfe, 0xbb, 0xbb, 0xbb, 0xcf,
    0xff, 0x8f, 0xff, 0xff, 0xff, 0xff, 0xff, 0xff,
    0x8f, 0xff, 0xff, 0xff, 0xff, 0xff, 0xff, 0x8f,
    0xfb, 0x0, 0x0, 0x0, 0x4f, 0xff, 0x8f, 0xfb,
    0x0, 0x0, 0x0, 0x4f, 0xff, 0x8f, 0xfb, 0x0,
    0x0, 0x0, 0x4f, 0xff, 0x8f, 0xfb, 0x0, 0x0,
    0x0, 0x4f, 0xff, 0x8f, 0xfb, 0x0, 0x0, 0x0,
    0x4f, 0xff, 0x8f, 0xfb, 0x0, 0x0, 0x0, 0x4f,
    0xff, 0x8f, 0xfb, 0x0, 0x0, 0x0, 0x4f, 0xff,

    /* U+0049 "I" */
    0x8f, 0xfb, 0x8f, 0xfb, 0x8f, 0xfb, 0x8f, 0xfb,
    0x8f, 0xfb, 0x8f, 0xfb, 0x8f, 0xfb, 0x8f, 0xfb,
    0x8f, 0xfb, 0x8f, 0xfb, 0x8f, 0xfb, 0x8f, 0xfb,
    0x8f, 0xfb, 0x8f, 0xfb, 0x8f, 0xfb, 0x8f, 0xfb,

    /* U+004A "J" */
    0x0, 0x0, 0x0, 0x0, 0xdf, 0xf6, 0x0, 0x0,
    0x0, 0x0, 0xdf, 0xf6, 0x0, 0x0, 0x0, 0x0,
    0xdf, 0xf6, 0x0, 0x0, 0x0, 0x0, 0xdf, 0xf6,
    0x0, 0x0, 0x0, 0x0, 0xdf, 0xf6, 0x0, 0x0,
    0x0, 0x0, 0xdf, 0xf6, 0x0, 0x0, 0x0, 0x0,
    0xdf, 0xf6, 0x0, 0x0, 0x0, 0x0, 0xdf, 0xf6,
    0x0, 0x0, 0x0, 0x0, 0xdf, 0xf6, 0x0, 0x0,
    0x0, 0x0, 0xdf, 0xf6, 0x3e, 0xee, 0x0, 0x0,
    0xdf, 0xf6, 0x3f, 0xff, 0x0, 0x0, 0xef, 0xf5,
    0x1f, 0xff, 0x60, 0x3, 0xff, 0xf3, 0xb, 0xff,
    0xfb, 0xaf, 0xff, 0xd0, 0x2, 0xef, 0xff, 0xff,
    0xff, 0x30, 0x0, 0x18, 0xdf, 0xfd, 0x91, 0x0,

    /* U+004B "K" */
    0x8f, 0xfb, 0x0, 0x0, 0x5, 0xff, 0xfa, 0x8,
    0xff, 0xb0, 0x0, 0x3, 0xff, 0xfc, 0x0, 0x8f,
    0xfb, 0x0, 0x2, 0xef, 0xfd, 0x10, 0x8, 0xff,
    0xb0, 0x0, 0xdf, 0xfe, 0x20, 0x0, 0x8f, 0xfb,
    0x0, 0xbf, 0xff, 0x30, 0x0, 0x8, 0xff, 0xb0,
    0x8f, 0xff, 0x50, 0x0, 0x0, 0x8f, 0xfb, 0x4f,
    0xff, 0x70, 0x0, 0x0, 0x8, 0xff, 0xce, 0xff,
    0xf8, 0x0, 0x0, 0x0, 0x8f, 0xff, 0xff, 0xff,
    0xf3, 0x0, 0x0, 0x8, 0xff, 0xff, 0x7d, 0xff,
    0xd0, 0x0, 0x0, 0x8f, 0xff, 0x90, 0x3f, 0xff,
    0x80, 0x0, 0x8, 0xff, 0xc0, 0x0, 0x9f, 0xff,
    0x30, 0x0, 0x8f, 0xfb, 0x0, 0x0, 0xdf, 0xfd,
    0x0, 0x8, 0xff, 0xb0, 0x0, 0x4, 0xff, 0xf9,
    0x0, 0x8f, 0xfb, 0x0, 0x0, 0x9, 0xff, 0xf4,
    0x8, 0xff, 0xb0, 0x0, 0x0, 0xe, 0xff, 0xe0,

    /* U+004C "L" */
    0x8f, 0xfb, 0x0, 0x0, 0x0, 0x8, 0xff, 0xb0,
    0x0, 0x0, 0x0, 0x8f, 0xfb, 0x0, 0x0, 0x0,
    0x8, 0xff, 0xb0, 0x0, 0x0, 0x0, 0x8f, 0xfb,
    0x0, 0x0, 0x0, 0x8, 0xff, 0xb0, 0x0, 0x0,
    0x0, 0x8f, 0xfb, 0x0, 0x0, 0x0, 0x8, 0xff,
    0xb0, 0x0, 0x0, 0x0, 0x8f, 0xfb, 0x0, 0x0,
    0x0, 0x8, 0xff, 0xb0, 0x0, 0x0, 0x0, 0x8f,
    0xfb, 0x0, 0x0, 0x0, 0x8, 0xff, 0xb0, 0x0,
    0x0, 0x0, 0x8f, 0xfb, 0x0, 0x0, 0x0, 0x8,
    0xff, 0xeb, 0xbb, 0xbb, 0xb7, 0x8f, 0xff, 0xff,
    0xff, 0xff, 0xa8, 0xff, 0xff, 0xff, 0xff, 0xfa,

    /* U+004D "M" */
    0x8f, 0xff, 0xfa, 0x0, 0x0, 0x0, 0x2f, 0xff,
    0xff, 0x18, 0xff, 0xff, 0xf0, 0x0, 0x0, 0x8,
    0xff, 0xff, 0xf1, 0x8f, 0xff, 0xff, 0x50, 0x0,
    0x0, 0xdf, 0xff, 0xff, 0x18, 0xff, 0xdf, 0xfb,
    0x0, 0x0, 0x3f, 0xfd, 0xff, 0xf1, 0x8f, 0xfa,
    0xff, 0xf1, 0x0, 0x8, 0xff, 0x9f, 0xff, 0x18,
    0xff, 0xab, 0xff, 0x60, 0x0, 0xef, 0xf5, 0xff,
    0xf1, 0x8f, 0xfa, 0x6f, 0xfc, 0x0, 0x4f, 0xfe,
    0x3f, 0xff, 0x18, 0xff, 0xb2, 0xff, 0xf1, 0x9,
    0xff, 0x93, 0xff, 0xf1, 0x8f, 0xfb, 0xd, 0xff,
    0x60, 0xdf, 0xf4, 0x3f, 0xff, 0x18, 0xff, 0xb0,
    0x7f, 0xfa, 0x1f, 0xfe, 0x3, 0xff, 0xf1, 0x8f,
    0xfb, 0x1, 0xff, 0xe5, 0xff, 0x90, 0x3f, 0xff,
    0x18, 0xff, 0xb0, 0xb, 0xff, 0xaf, 0xf3, 0x3,
    0xff, 0xf1, 0x8f, 0xfb, 0x0, 0x6f, 0xff, 0xfd,
    0x0, 0x3f, 0xff, 0x18, 0xff, 0xb0, 0x0, 0xff,
    0xff, 0x80, 0x3, 0xff, 0xf1, 0x8f, 0xfb, 0x0,
    0xa, 0xff, 0xf2, 0x0, 0x3f, 0xff, 0x18, 0xff,
    0xb0, 0x0, 0x4f, 0xfd, 0x0, 0x3, 0xff, 0xf1,

    /* U+004E "N" */
    0x8f, 0xff, 0x60, 0x0, 0x0, 0xf, 0xff, 0x58,
    0xff, 0xff, 0x10, 0x0, 0x0, 0xff, 0xf5, 0x8f,
    0xff, 0xfa, 0x0, 0x0, 0xf, 0xff, 0x58, 0xff,
    0xff, 0xf4, 0x0, 0x0, 0xff, 0xf5, 0x8f, 0xfc,
    0xff, 0xd0, 0x0, 0xf, 0xff, 0x58, 0xff, 0xaa,
    0xff, 0x80, 0x0, 0xff, 0xf5, 0x8f, 0xfb, 0x2f,
    0xff, 0x20, 0xf, 0xff, 0x58, 0xff, 0xc0, 0x9f,
    0xfc, 0x0, 0xff, 0xf5, 0x8f, 0xfc, 0x1, 0xff,
    0xf6, 0xf, 0xff, 0x58, 0xff, 0xc0, 0x6, 0xff,
    0xe0, 0xff, 0xf5, 0x8f, 0xfc, 0x0, 0xc, 0xff,
    0x7e, 0xff, 0x58, 0xff, 0xc0, 0x0, 0x2f, 0xfe,
    0xef, 0xf5, 0x8f, 0xfc, 0x0, 0x0, 0x8f, 0xff,
    0xff, 0x58, 0xff, 0xc0, 0x0, 0x0, 0xdf, 0xff,
    0xf5, 0x8f, 0xfc, 0x0, 0x0, 0x4, 0xff, 0xff,
    0x58, 0xff, 0xc0, 0x0, 0x0, 0xa, 0xff, 0xf5,

    /* U+004F "O" */
    0x0, 0x0, 0x6b, 0xef, 0xeb, 0x50, 0x0, 0x0,
    0x3, 0xdf, 0xff, 0xff, 0xff, 0xd2, 0x0, 0x2,
    0xff, 0xff, 0xfe, 0xff, 0xff, 0xf2, 0x0, 0xdf,
    0xff, 0x60, 0x0, 0x6f, 0xff, 0xc0, 0x5f, 0xff,
    0x40, 0x0, 0x0, 0x5f, 0xff, 0x4a, 0xff, 0xc0,
    0x0, 0x0, 0x0, 0xdf, 0xf9, 0xdf, 0xf7, 0x0,
    0x0, 0x0, 0x8, 0xff, 0xce, 0xff, 0x60, 0x0,
    0x0, 0x0, 0x6f, 0xfe, 0xef, 0xf6, 0x0, 0x0,
    0x0, 0x6, 0xff, 0xed, 0xff, 0x70, 0x0, 0x0,
    0x0, 0x8f, 0xfc, 0xaf, 0xfc, 0x0, 0x0, 0x0,
    0xd, 0xff, 0x95, 0xff, 0xf4, 0x0, 0x0, 0x5,
    0xff, 0xf4, 0xd, 0xff, 0xf6, 0x0, 0x6, 0xff,
    0xfc, 0x0, 0x2f, 0xff, 0xff, 0xef, 0xff, 0xff,
    0x20, 0x0, 0x3d, 0xff, 0xff, 0xff, 0xfd, 0x20,
    0x0, 0x0, 0x6, 0xbe, 0xfe, 0xb5, 0x0, 0x0,

    /* U+0050 "P" */
    0x8f, 0xff, 0xff, 0xfe, 0xc6, 0x0, 0x8, 0xff,
    0xff, 0xff, 0xff, 0xfc, 0x0, 0x8f, 0xfe, 0xaa,
    0xbe, 0xff, 0xf9, 0x8, 0xff, 0xb0, 0x0, 0xb,
    0xff, 0xf1, 0x8f, 0xfb, 0x0, 0x0, 0x2f, 0xff,
    0x48, 0xff, 0xb0, 0x0, 0x0, 0xff, 0xf6, 0x8f,
    0xfb, 0x0, 0x0, 0x1f, 0xff, 0x48, 0xff, 0xb0,
    0x0, 0xa, 0xff, 0xf1, 0x8f, 0xfe, 0x99, 0xad,
    0xff, 0xf9, 0x8, 0xff, 0xff, 0xff, 0xff, 0xfc,
    0x0, 0x8f, 0xff, 0xff, 0xfe, 0xc6, 0x0, 0x8,
    0xff, 0xb0, 0x0, 0x0, 0x0, 0x0, 0x8f, 0xfb,
    0x0, 0x0, 0x0, 0x0, 0x8, 0xff, 0xb0, 0x0,
    0x0, 0x0, 0x0, 0x8f, 0xfb, 0x0, 0x0, 0x0,
    0x0, 0x8, 0xff, 0xb0, 0x0, 0x0, 0x0, 0x0,

    /* U+0051 "Q" */
    0x0, 0x0, 0x6b, 0xef, 0xeb, 0x50, 0x0, 0x0,
    0x3, 0xdf, 0xff, 0xff, 0xff, 0xd2, 0x0, 0x2,
    0xff, 0xff, 0xfe, 0xff, 0xff, 0xf2, 0x0, 0xdf,
    0xff, 0x60, 0x0, 0x6f, 0xff, 0xc0, 0x5f, 0xff,
    0x40, 0x0, 0x0, 0x5f, 0xff, 0x4a, 0xff, 0xc0,
    0x0, 0x0, 0x0, 0xdf, 0xf9, 0xdf, 0xf7, 0x0,
    0x0, 0x0, 0x8, 0xff, 0xce, 0xff, 0x60, 0x0,
    0x0, 0x0, 0x6f, 0xfe, 0xef, 0xf6, 0x0, 0x0,
    0x0, 0x6, 0xff, 0xed, 0xff, 0x70, 0x0, 0x0,
    0x0, 0x8f, 0xfc, 0xaf, 0xfc, 0x0, 0x29, 0x94,
    0xd, 0xff, 0x95, 0xff, 0xf4, 0x0, 0xaf, 0xf8,
    0xff, 0xf4, 0xd, 0xff, 0xf6, 0x0, 0xdf, 0xff,
    0xfc, 0x0, 0x2f, 0xff, 0xff, 0xef, 0xff, 0xfe,
    0x20, 0x0, 0x3d, 0xff, 0xff, 0xff, 0xff, 0xb0,
    0x0, 0x0, 0x6, 0xbe, 0xfe, 0xbb, 0xff, 0x80,
    0x0, 0x0, 0x0, 0x0, 0x0, 0xb, 0xff, 0x50,

    /* U+0052 "R" */
    0x8f, 0xff, 0xff, 0xfe, 0xc6, 0x0, 0x8, 0xff,
    0xff, 0xff, 0xff, 0xfc, 0x10, 0x8f, 0xfe, 0xaa,
    0xbe, 0xff, 0xfa, 0x8, 0xff, 0xb0, 0x0, 0x9,
    0xff, 0xf1, 0x8f, 0xfb, 0x0, 0x0, 0x1f, 0xff,
    0x58, 0xff, 0xb0, 0x0, 0x0, 0xff, 0xf6, 0x8f,
    0xfb, 0x0, 0x0, 0x2f, 0xff, 0x48, 0xff, 0xb0,
    0x0, 0x3d, 0xff, 0xf0, 0x8f, 0xff, 0xff, 0xff,
    0xff, 0xf7, 0x8, 0xff, 0xff, 0xff, 0xff, 0xf8,
    0x0, 0x8f, 0xfe, 0xaa, 0xdf, 0xfc, 0x0, 0x8,
    0xff, 0xb0, 0x3, 0xff, 0xf6, 0x0, 0x8f, 0xfb,
    0x0, 0xa, 0xff, 0xe0, 0x8, 0xff, 0xb0, 0x0,
    0x1f, 0xff, 0x80, 0x8f, 0xfb, 0x0, 0x0, 0x7f,
    0xff, 0x28, 0xff, 0xb0, 0x0, 0x0, 0xef, 0xfb,

    /* U+0053 "S" */
    0x0, 0x0, 0x7c, 0xef, 0xeb, 0x50, 0x0, 0x0,
    0x3e, 0xff, 0xff, 0xff, 0xfb, 0x0, 0x1, 0xef,
    0xff, 0xdc, 0xef, 0xff, 0xa0, 0x7, 0xff, 0xf3,
    0x0, 0x7, 0xff, 0xf1, 0x9, 0xff, 0xb0, 0x0,
    0x0, 0xaa, 0xa2, 0x8, 0xff, 0xf3, 0x0, 0x0,
    0x0, 0x0, 0x3, 0xff, 0xff, 0xc7, 0x30, 0x0,
    0x0, 0x0, 0x5f, 0xff, 0xff, 0xfe, 0x91, 0x0,
    0x0, 0x1, 0x8d, 0xff, 0xff, 0xfe, 0x40, 0x0,
    0x0, 0x0, 0x15, 0xaf, 0xff, 0xf1, 0x1, 0x11,
    0x0, 0x0, 0x2, 0xff, 0xf6, 0xf, 0xff, 0x30,
    0x0, 0x0, 0xdf, 0xf7, 0xc, 0xff, 0xc1, 0x0,
    0x6, 0xff, 0xf5, 0x5, 0xff, 0xff, 0xdc, 0xef,
    0xff, 0xe0, 0x0, 0x7f, 0xff, 0xff, 0xff, 0xfe,
    0x20, 0x0, 0x2, 0x9d, 0xef, 0xeb, 0x70, 0x0,

    /* U+0054 "T" */
    0x3f, 0xff, 0xff, 0xff, 0xff, 0xff, 0xfe, 0x3f,
    0xff, 0xff, 0xff, 0xff, 0xff, 0xfe, 0x2a, 0xaa,
    0xac, 0xff, 0xfa, 0xaa, 0xa9, 0x0, 0x0, 0x4,
    0xff, 0xf0, 0x0, 0x0, 0x0, 0x0, 0x4, 0xff,
    0xf0, 0x0, 0x0, 0x0, 0x0, 0x4, 0xff, 0xf0,
    0x0, 0x0, 0x0, 0x0, 0x4, 0xff, 0xf0, 0x0,
    0x0, 0x0, 0x0, 0x4, 0xff, 0xf0, 0x0, 0x0,
    0x0, 0x0, 0x4, 0xff, 0xf0, 0x0, 0x0, 0x0,
    0x0, 0x4, 0xff, 0xf0, 0x0, 0x0, 0x0, 0x0,
    0x4, 0xff, 0xf0, 0x0, 0x0, 0x0, 0x0, 0x4,
    0xff, 0xf0, 0x0, 0x0, 0x0, 0x0, 0x4, 0xff,
    0xf0, 0x0, 0x0, 0x0, 0x0, 0x4, 0xff, 0xf0,
    0x0, 0x0, 0x0, 0x0, 0x4, 0xff, 0xf0, 0x0,
    0x0, 0x0, 0x0, 0x4, 0xff, 0xf0, 0x0, 0x0,

    /* U+0055 "U" */
    0x8f, 0xfb, 0x0, 0x0, 0x0, 0xaf, 0xfa, 0x8f,
    0xfb, 0x0, 0x0, 0x0, 0xaf, 0xfa, 0x8f, 0xfb,
    0x0, 0x0, 0x0, 0xaf, 0xfa, 0x8f, 0xfb, 0x0,
    0x0, 0x0, 0xaf, 0xfa, 0x8f, 0xfb, 0x0, 0x0,
    0x0, 0xaf, 0xfa, 0x8f, 0xfb, 0x0, 0x0, 0x0,
    0xaf, 0xfa, 0x8f, 0xfb, 0x0, 0x0, 0x0, 0xaf,
    0xfa, 0x8f, 0xfb, 0x0, 0x0, 0x0, 0xaf, 0xfa,
    0x8f, 0xfb, 0x0, 0x0, 0x0, 0xaf, 0xfa, 0x8f,
    0xfb, 0x0, 0x0, 0x0, 0xaf, 0xfa, 0x8f, 0xfc,
    0x0, 0x0, 0x0, 0xbf, 0xf9, 0x6f, 0xff, 0x20,
    0x0, 0x1, 0xff, 0xf7, 0x1f, 0xff, 0xd3, 0x0,
    0x2c, 0xff, 0xf2, 0x8, 0xff, 0xff, 0xee, 0xff,
    0xff, 0x90, 0x0, 0x8f, 0xff, 0xff, 0xff, 0xfa,
    0x0, 0x0, 0x3, 0x9d, 0xff, 0xd9, 0x40, 0x0,

    /* U+0056 "V" */
    0x4f, 0xff, 0x50, 0x0, 0x0, 0x0, 0xef, 0xfb,
    0xe, 0xff, 0xa0, 0x0, 0x0, 0x3, 0xff, 0xf6,
    0x9, 0xff, 0xf0, 0x0, 0x0, 0x8, 0xff, 0xf1,
    0x3, 0xff, 0xf5, 0x0, 0x0, 0xd, 0xff, 0xb0,
    0x0, 0xef, 0xfa, 0x0, 0x0, 0x2f, 0xff, 0x50,
    0x0, 0x8f, 0xff, 0x0, 0x0, 0x7f, 0xff, 0x0,
    0x0, 0x3f, 0xff, 0x50, 0x0, 0xcf, 0xfa, 0x0,
    0x0, 0xd, 0xff, 0xa0, 0x1, 0xff, 0xf5, 0x0,
    0x0, 0x7, 0xff, 0xe0, 0x6, 0xff, 0xf0, 0x0,
    0x0, 0x2, 0xff, 0xf4, 0xb, 0xff, 0xa0, 0x0,
    0x0, 0x0, 0xcf, 0xf8, 0xf, 0xff, 0x40, 0x0,
    0x0, 0x0, 0x7f, 0xfc, 0x3f, 0xfe, 0x0, 0x0,
    0x0, 0x0, 0x1f, 0xff, 0x8f, 0xf9, 0x0, 0x0,
    0x0, 0x0, 0xb, 0xff, 0xff, 0xf4, 0x0, 0x0,
    0x0, 0x0, 0x6, 0xff, 0xff, 0xe0, 0x0, 0x0,
    0x0, 0x0, 0x1, 0xff, 0xff, 0x90, 0x0, 0x0,

    /* U+0057 "W" */
    0x5f, 0xff, 0x30, 0x0, 0x6, 0xff, 0xf3, 0x0,
    0x0, 0x6f, 0xff, 0x21, 0xff, 0xf7, 0x0, 0x0,
    0xaf, 0xff, 0x70, 0x0, 0xa, 0xff, 0xe0, 0xc,
    0xff, 0xb0, 0x0, 0xe, 0xff, 0xfb, 0x0, 0x0,
    0xdf, 0xf9, 0x0, 0x8f, 0xfe, 0x0, 0x2, 0xff,
    0xff, 0xf0, 0x0, 0x1f, 0xff, 0x50, 0x4, 0xff,
    0xf2, 0x0, 0x6f, 0xfd, 0xff, 0x30, 0x5, 0xff,
    0xf1, 0x0, 0xf, 0xff, 0x60, 0xa, 0xff, 0x7f,
    0xf7, 0x0, 0x9f, 0xfd, 0x0, 0x0, 0xbf, 0xfa,
    0x0, 0xef, 0xf2, 0xff, 0xb0, 0xd, 0xff, 0x80,
    0x0, 0x7, 0xff, 0xe0, 0x2f, 0xfb, 0xe, 0xff,
    0x0, 0xff, 0xf4, 0x0, 0x0, 0x3f, 0xff, 0x16,
    0xff, 0x80, 0xbf, 0xf3, 0x4f, 0xff, 0x0, 0x0,
    0x0, 0xef, 0xf4, 0x9f, 0xf4, 0x7, 0xff, 0x67,
    0xff, 0xb0, 0x0, 0x0, 0xa, 0xff, 0x7c, 0xff,
    0x0, 0x2f, 0xf9, 0xaf, 0xf7, 0x0, 0x0, 0x0,
    0x6f, 0xfa, 0xff, 0xb0, 0x0, 0xef, 0xcc, 0xff,
    0x30, 0x0, 0x0, 0x1, 0xff, 0xef, 0xf7, 0x0,
    0xa, 0xff, 0xff, 0xe0, 0x0, 0x0, 0x0, 0xd,
    0xff, 0xff, 0x30, 0x0, 0x6f, 0xff, 0xfa, 0x0,
    0x0, 0x0, 0x0, 0x9f, 0xff, 0xf0, 0x0, 0x2,
    0xff, 0xff, 0x60, 0x0, 0x0, 0x0, 0x4, 0xff,
    0xfb, 0x0, 0x0, 0xe, 0xff, 0xf2, 0x0, 0x0,

    /* U+0058 "X" */
    0x9, 0xff, 0xf3, 0x0, 0x0, 0xd, 0xff, 0xd0,
    0x0, 0xef, 0xfd, 0x0, 0x0, 0x8f, 0xff, 0x30,
    0x0, 0x4f, 0xff, 0x80, 0x2, 0xff, 0xf8, 0x0,
    0x0, 0x9, 0xff, 0xf2, 0xc, 0xff, 0xd0, 0x0,
    0x0, 0x0, 0xdf, 0xfa, 0x5f, 0xff, 0x30, 0x0,
    0x0, 0x0, 0x4f, 0xff, 0xdf, 0xf8, 0x0, 0x0,
    0x0, 0x0, 0x9, 0xff, 0xff, 0xd0, 0x0, 0x0,
    0x0, 0x0, 0x0, 0xef, 0xff, 0x30, 0x0, 0x0,
    0x0, 0x0, 0x3, 0xff, 0xff, 0x90, 0x0, 0x0,
    0x0, 0x0, 0xd, 0xff, 0xff, 0xf4, 0x0, 0x0,
    0x0, 0x0, 0x9f, 0xfe, 0xbf, 0xfe, 0x0, 0x0,
    0x0, 0x4, 0xff, 0xf5, 0x2f, 0xff, 0x90, 0x0,
    0x0, 0x1e, 0xff, 0xb0, 0x8, 0xff, 0xf4, 0x0,
    0x0, 0xbf, 0xff, 0x10, 0x0, 0xdf, 0xfe, 0x10,
    0x6, 0xff, 0xf5, 0x0, 0x0, 0x3f, 0xff, 0xa0,
    0x2f, 0xff, 0xa0, 0x0, 0x0, 0x8, 0xff, 0xf5,

    /* U+0059 "Y" */
    0x2f, 0xff, 0xa0, 0x0, 0x0, 0x8, 0xff, 0xf4,
    0x9, 0xff, 0xf2, 0x0, 0x0, 0x1f, 0xff, 0xa0,
    0x1, 0xef, 0xfb, 0x0, 0x0, 0x9f, 0xff, 0x20,
    0x0, 0x6f, 0xff, 0x40, 0x2, 0xff, 0xf8, 0x0,
    0x0, 0xc, 0xff, 0xc0, 0xa, 0xff, 0xe0, 0x0,
    0x0, 0x3, 0xff, 0xf5, 0x2f, 0xff, 0x50, 0x0,
    0x0, 0x0, 0x9f, 0xfc, 0x9f, 0xfc, 0x0, 0x0,
    0x0, 0x0, 0x1e, 0xff, 0xff, 0xf2, 0x0, 0x0,
    0x0, 0x0, 0x6, 0xff, 0xff, 0x90, 0x0, 0x0,
    0x0, 0x0, 0x0, 0xdf, 0xfe, 0x10, 0x0, 0x0,
    0x0, 0x0, 0x0, 0x8f, 0xfb, 0x0, 0x0, 0x0,
    0x0, 0x0, 0x0, 0x8f, 0xfb, 0x0, 0x0, 0x0,
    0x0, 0x0, 0x0, 0x8f, 0xfb, 0x0, 0x0, 0x0,
    0x0, 0x0, 0x0, 0x8f, 0xfb, 0x0, 0x0, 0x0,
    0x0, 0x0, 0x0, 0x8f, 0xfb, 0x0, 0x0, 0x0,
    0x0, 0x0, 0x0, 0x8f, 0xfb, 0x0, 0x0, 0x0,

    /* U+005A "Z" */
    0xcf, 0xff, 0xff, 0xff, 0xff, 0xff, 0x6c, 0xff,
    0xff, 0xff, 0xff, 0xff, 0xf5, 0x8a, 0xaa, 0xaa,
    0xaa, 0xef, 0xfe, 0x10, 0x0, 0x0, 0x0, 0x3f,
    0xff, 0x40, 0x0, 0x0, 0x0, 0x1e, 0xff, 0x90,
    0x0, 0x0, 0x0, 0xb, 0xff, 0xd0, 0x0, 0x0,
    0x0, 0x7, 0xff, 0xf3, 0x0, 0x0, 0x0, 0x2,
    0xff, 0xf7, 0x0, 0x0, 0x0, 0x0, 0xdf, 0xfb,
    0x0, 0x0, 0x0, 0x0, 0x8f, 0xfe, 0x10, 0x0,
    0x0, 0x0, 0x4f, 0xff, 0x50, 0x0, 0x0, 0x0,
    0x1e, 0xff, 0x90, 0x0, 0x0, 0x0, 0xa, 0xff,
    0xc0, 0x0, 0x0, 0x0, 0x5, 0xff, 0xfb, 0xaa,
    0xaa, 0xaa, 0xa4, 0xcf, 0xff, 0xff, 0xff, 0xff,
    0xff, 0x6c, 0xff, 0xff, 0xff, 0xff, 0xff, 0xf6,

    /* U+005B "[" */
    0xf, 0xff, 0xff, 0x30, 0xff, 0xff, 0xf3, 0xf,
    0xff, 0x76, 0x10, 0xff, 0xf1, 0x0, 0xf, 0xff,
    0x10, 0x0, 0xff, 0xf1, 0x0, 0xf, 0xff, 0x10,
    0x0, 0xff, 0xf1, 0x0, 0xf, 0xff, 0x10, 0x0,
    0xff, 0xf1, 0x0, 0xf, 0xff, 0x10, 0x0, 0xff,
    0xf1, 0x0, 0xf, 0xff, 0x10, 0x0, 0xff, 0xf1,
    0x0, 0xf, 0xff, 0x10, 0x0, 0xff, 0xf1, 0x0,
    0xf, 0xff, 0x10, 0x0, 0xff, 0xf7, 0x61, 0xf,
    0xff, 0xff, 0x30, 0xff, 0xff, 0xf3,

    /* U+005C "\\" */
    0x9f, 0xf3, 0x0, 0x0, 0x4, 0xff, 0x70, 0x0,
    0x0, 0xf, 0xfc, 0x0, 0x0, 0x0, 0xcf, 0xf0,
    0x0, 0x0, 0x7, 0xff, 0x50, 0x0, 0x0, 0x3f,
    0xf9, 0x0, 0x0, 0x0, 0xef, 0xd0, 0x0, 0x0,
    0xa, 0xff, 0x20, 0x0, 0x0, 0x6f, 0xf6, 0x0,
    0x0, 0x2, 0xff, 0xa0, 0x0, 0x0, 0xd, 0xfe,
    0x0, 0x0, 0x0, 0x9f, 0xf3, 0x0, 0x0, 0x5,
    0xff, 0x70, 0x0, 0x0, 0xf, 0xfc, 0x0, 0x0,
    0x0, 0xcf, 0xf0, 0x0, 0x0, 0x7, 0xff, 0x40,
    0x0, 0x0, 0x3f, 0xf9, 0x0, 0x0, 0x0, 0xff,
    0xd0, 0x0, 0x0, 0xa, 0xff, 0x10,

    /* U+005D "]" */
    0xef, 0xff, 0xf5, 0xef, 0xff, 0xf5, 0x66, 0xdf,
    0xf5, 0x0, 0xcf, 0xf5, 0x0, 0xcf, 0xf5, 0x0,
    0xcf, 0xf5, 0x0, 0xcf, 0xf5, 0x0, 0xcf, 0xf5,
    0x0, 0xcf, 0xf5, 0x0, 0xcf, 0xf5, 0x0, 0xcf,
    0xf5, 0x0, 0xcf, 0xf5, 0x0, 0xcf, 0xf5, 0x0,
    0xcf, 0xf5, 0x0, 0xcf, 0xf5, 0x0, 0xcf, 0xf5,
    0x0, 0xcf, 0xf5, 0x56, 0xdf, 0xf5, 0xef, 0xff,
    0xf5, 0xef, 0xff, 0xf5,

    /* U+005E "^" */
    0x0, 0x3, 0xff, 0xe0, 0x0, 0x0, 0xa, 0xff,
    0xf6, 0x0, 0x0, 0x2f, 0xfa, 0xfd, 0x0, 0x0,
    0x9f, 0xb1, 0xff, 0x50, 0x1, 0xff, 0x40, 0x9f,
    0xc0, 0x8, 0xfd, 0x0, 0x2f, 0xf4, 0x1f, 0xf6,
    0x0, 0xb, 0xfb,

    /* U+005F "_" */
    0x77, 0x77, 0x77, 0x77, 0x77, 0x3f, 0xff, 0xff,
    0xff, 0xff, 0xf7, 0xff, 0xff, 0xff, 0xff, 0xff,
    0x70,

    /* U+0060 "`" */
    0x4, 0x43, 0x0, 0xb, 0xff, 0x10, 0x1, 0xff,
    0x80, 0x0, 0x6f, 0xe0,

    /* U+0061 "a" */
    0x0, 0x6, 0xce, 0xfd, 0xa3, 0x0, 0x0, 0xcf,
    0xff, 0xff, 0xff, 0x60, 0x9, 0xff, 0xe7, 0x6b,
    0xff, 0xf1, 0x3, 0x69, 0x20, 0x0, 0xef, 0xf5,
    0x0, 0x0, 0x0, 0x25, 0xff, 0xf6, 0x0, 0x4a,
    0xef, 0xff, 0xff, 0xf6, 0x8, 0xff, 0xff, 0xc9,
    0xef, 0xf6, 0x1f, 0xff, 0x50, 0x0, 0xcf, 0xf6,
    0x3f, 0xfe, 0x0, 0x1, 0xff, 0xf6, 0x1f, 0xff,
    0x84, 0x5e, 0xff, 0xf6, 0xa, 0xff, 0xff, 0xfd,
    0xbf, 0xf6, 0x0, 0x7d, 0xfe, 0xa1, 0xaf, 0xf6,

    /* U+0062 "b" */
    0xaf, 0xf9, 0x0, 0x0, 0x0, 0x0, 0xaf, 0xf9,
    0x0, 0x0, 0x0, 0x0, 0xaf, 0xf9, 0x0, 0x0,
    0x0, 0x0, 0xaf, 0xf9, 0x0, 0x0, 0x0, 0x0,
    0xaf, 0xf9, 0x1a, 0xff, 0xc5, 0x0, 0xaf, 0xfa,
    0xdf, 0xff, 0xff, 0x70, 0xaf, 0xff, 0xfa, 0x9e,
    0xff, 0xf3, 0xaf, 0xff, 0x30, 0x1, 0xef, 0xf9,
    0xaf, 0xfb, 0x0, 0x0, 0x8f, 0xfd, 0xaf, 0xf8,
    0x0, 0x0, 0x5f, 0xff, 0xaf, 0xf8, 0x0, 0x0,
    0x5f, 0xfe, 0xaf, 0xfb, 0x0, 0x0, 0x8f, 0xfd,
    0xaf, 0xff, 0x40, 0x1, 0xef, 0xf9, 0xaf, 0xff,
    0xfa, 0x9e, 0xff, 0xf3, 0xaf, 0xf9, 0xdf, 0xff,
    0xff, 0x70, 0xaf, 0xf8, 0x1a, 0xff, 0xc5, 0x0,

    /* U+0063 "c" */
    0x0, 0x2, 0x9d, 0xff, 0xc5, 0x0, 0x0, 0x5,
    0xff, 0xff, 0xff, 0xfc, 0x0, 0x2, 0xff, 0xfd,
    0x8a, 0xff, 0xf8, 0x0, 0xaf, 0xfc, 0x0, 0x5,
    0xff, 0xe0, 0xf, 0xff, 0x50, 0x0, 0x5, 0x20,
    0x1, 0xff, 0xf3, 0x0, 0x0, 0x0, 0x0, 0x1f,
    0xff, 0x30, 0x0, 0x0, 0x0, 0x0, 0xff, 0xf6,
    0x0, 0x0, 0x64, 0x10, 0xa, 0xff, 0xd0, 0x0,
    0x5f, 0xff, 0x0, 0x3f, 0xff, 0xd8, 0xaf, 0xff,
    0x80, 0x0, 0x5f, 0xff, 0xff, 0xff, 0xb0, 0x0,
    0x0, 0x29, 0xdf, 0xfc, 0x50, 0x0,

    /* U+0064 "d" */
    0x0, 0x0, 0x0, 0x0, 0xb, 0xff, 0x80, 0x0,
    0x0, 0x0, 0x0, 0xbf, 0xf8, 0x0, 0x0, 0x0,
    0x0, 0xb, 0xff, 0x80, 0x0, 0x0, 0x0, 0x0,
    0xbf, 0xf8, 0x0, 0x6, 0xcf, 0xe9, 0xb, 0xff,
    0x80, 0x9, 0xff, 0xff, 0xfb, 0xbf, 0xf8, 0x5,
    0xff, 0xfd, 0x9b, 0xff, 0xff, 0x80, 0xbf, 0xfd,
    0x0, 0x5, 0xff, 0xf8, 0xf, 0xff, 0x60, 0x0,
    0xe, 0xff, 0x81, 0xff, 0xf3, 0x0, 0x0, 0xbf,
    0xf8, 0x1f, 0xff, 0x30, 0x0, 0xb, 0xff, 0x80,
    0xff, 0xf6, 0x0, 0x0, 0xef, 0xf8, 0xb, 0xff,
    0xd0, 0x0, 0x6f, 0xff, 0x80, 0x5f, 0xff, 0xe9,
    0xbf, 0xff, 0xf8, 0x0, 0x9f, 0xff, 0xff, 0xba,
    0xff, 0x80, 0x0, 0x6c, 0xfe, 0x90, 0xaf, 0xf8,

    /* U+0065 "e" */
    0x0, 0x2, 0x9d, 0xfe, 0xb4, 0x0, 0x0, 0x5,
    0xff, 0xff, 0xff, 0xf8, 0x0, 0x2, 0xff, 0xfb,
    0x68, 0xff, 0xf5, 0x0, 0xaf, 0xf9, 0x0, 0x5,
    0xff, 0xd0, 0xf, 0xff, 0x30, 0x0, 0xe, 0xff,
    0x11, 0xff, 0xff, 0xff, 0xff, 0xff, 0xf3, 0x1f,
    0xff, 0xff, 0xff, 0xff, 0xff, 0x40, 0xff, 0xf2,
    0x0, 0x0, 0x0, 0x0, 0xa, 0xff, 0x80, 0x0,
    0x8, 0x64, 0x0, 0x3f, 0xff, 0xb6, 0x7d, 0xff,
    0xc0, 0x0, 0x6f, 0xff, 0xff, 0xff, 0xe2, 0x0,
    0x0, 0x29, 0xdf, 0xfc, 0x71, 0x0,

    /* U+0066 "f" */
    0x0, 0x0, 0x38, 0x87, 0x20, 0x0, 0xaf, 0xff,
    0xf5, 0x0, 0x5f, 0xff, 0xff, 0x10, 0x9, 0xff,
    0xc1, 0x10, 0x0, 0xaf, 0xf8, 0x0, 0xc, 0xff,
    0xff, 0xff, 0xf1, 0xcf, 0xff, 0xff, 0xff, 0x15,
    0x7d, 0xff, 0xb7, 0x70, 0x0, 0xaf, 0xf8, 0x0,
    0x0, 0xa, 0xff, 0x80, 0x0, 0x0, 0xaf, 0xf8,
    0x0, 0x0, 0xa, 0xff, 0x80, 0x0, 0x0, 0xaf,
    0xf8, 0x0, 0x0, 0xa, 0xff, 0x80, 0x0, 0x0,
    0xaf, 0xf8, 0x0, 0x0, 0xa, 0xff, 0x80, 0x0,
    0x0, 0xaf, 0xf8, 0x0, 0x0,

    /* U+0067 "g" */
    0x0, 0x5, 0xcf, 0xe9, 0x1a, 0xff, 0x80, 0x9,
    0xff, 0xff, 0xfc, 0xaf, 0xf8, 0x4, 0xff, 0xfe,
    0x9b, 0xff, 0xff, 0x80, 0xbf, 0xfd, 0x10, 0x6,
    0xff, 0xf8, 0xf, 0xff, 0x60, 0x0, 0xe, 0xff,
    0x81, 0xff, 0xf3, 0x0, 0x0, 0xbf, 0xf8, 0x1f,
    0xff, 0x30, 0x0, 0xa, 0xff, 0x80, 0xff, 0xf5,
    0x0, 0x0, 0xdf, 0xf8, 0xc, 0xff, 0xc0, 0x0,
    0x4f, 0xff, 0x80, 0x6f, 0xff, 0xc7, 0x8f, 0xff,
    0xf8, 0x0, 0xbf, 0xff, 0xff, 0xcb, 0xff, 0x80,
    0x0, 0x7d, 0xfe, 0xa1, 0xaf, 0xf8, 0x0, 0x1,
    0x0, 0x0, 0xd, 0xff, 0x50, 0x6e, 0xfd, 0x75,
    0x6b, 0xff, 0xf0, 0x1, 0xcf, 0xff, 0xff, 0xff,
    0xf4, 0x0, 0x0, 0x6b, 0xef, 0xfc, 0x81, 0x0,

    /* U+0068 "h" */
    0xaf, 0xf8, 0x0, 0x0, 0x0, 0x0, 0xaf, 0xf8,
    0x0, 0x0, 0x0, 0x0, 0xaf, 0xf8, 0x0, 0x0,
    0x0, 0x0, 0xaf, 0xf8, 0x0, 0x0, 0x0, 0x0,
    0xaf, 0xf8, 0x19, 0xef, 0xc5, 0x0, 0xaf, 0xf9,
    0xdf, 0xff, 0xff, 0x60, 0xaf, 0xff, 0xfb, 0xcf,
    0xff, 0xe0, 0xaf, 0xff, 0x20, 0x6, 0xff, 0xf3,
    0xaf, 0xfa, 0x0, 0x0, 0xff, 0xf5, 0xaf, 0xf9,
    0x0, 0x0, 0xef, 0xf5, 0xaf, 0xf9, 0x0, 0x0,
    0xef, 0xf5, 0xaf, 0xf9, 0x0, 0x0, 0xef, 0xf5,
    0xaf, 0xf9, 0x0, 0x0, 0xef, 0xf5, 0xaf, 0xf9,
    0x0, 0x0, 0xef, 0xf5, 0xaf, 0xf9, 0x0, 0x0,
    0xef, 0xf5, 0xaf, 0xf9, 0x0, 0x0, 0xef, 0xf5,

    /* U+0069 "i" */
    0x4e, 0xe3, 0xbf, 0xfb, 0x7f, 0xf6, 0x2, 0x20,
    0x0, 0x0, 0xaf, 0xf9, 0xaf, 0xf9, 0xaf, 0xf9,
    0xaf, 0xf9, 0xaf, 0xf9, 0xaf, 0xf9, 0xaf, 0xf9,
    0xaf, 0xf9, 0xaf, 0xf9, 0xaf, 0xf9, 0xaf, 0xf9,
    0xaf, 0xf9,

    /* U+006A "j" */
    0x0, 0x4e, 0xe3, 0x0, 0xbf, 0xfb, 0x0, 0x7f,
    0xf6, 0x0, 0x2, 0x20, 0x0, 0x0, 0x0, 0x0,
    0xaf, 0xf9, 0x0, 0xaf, 0xf9, 0x0, 0xaf, 0xf9,
    0x0, 0xaf, 0xf9, 0x0, 0xaf, 0xf9, 0x0, 0xaf,
    0xf9, 0x0, 0xaf, 0xf9, 0x0, 0xaf, 0xf9, 0x0,
    0xaf, 0xf9, 0x0, 0xaf, 0xf9, 0x0, 0xaf, 0xf9,
    0x0, 0xaf, 0xf9, 0x0, 0xbf, 0xf8, 0x49, 0xff,
    0xf6, 0x8f, 0xff, 0xd0, 0x8f, 0xd9, 0x10,

    /* U+006B "k" */
    0xaf, 0xf9, 0x0, 0x0, 0x0, 0x0, 0xaf, 0xf9,
    0x0, 0x0, 0x0, 0x0, 0xaf, 0xf9, 0x0, 0x0,
    0x0, 0x0, 0xaf, 0xf9, 0x0, 0x0, 0x0, 0x0,
    0xaf, 0xf9, 0x0, 0xb, 0xff, 0xe1, 0xaf, 0xf9,
    0x0, 0x9f, 0xff, 0x30, 0xaf, 0xf9, 0x6, 0xff,
    0xf4, 0x0, 0xaf, 0xf9, 0x4f, 0xff, 0x60, 0x0,
    0xaf, 0xfc, 0xff, 0xf9, 0x0, 0x0, 0xaf, 0xff,
    0xff, 0xf3, 0x0, 0x0, 0xaf, 0xff, 0xff, 0xfd,
    0x0, 0x0, 0xaf, 0xff, 0x6f, 0xff, 0x80, 0x0,
    0xaf, 0xf9, 0x8, 0xff, 0xf3, 0x0, 0xaf, 0xf9,
    0x0, 0xdf, 0xfe, 0x0, 0xaf, 0xf9, 0x0, 0x2f,
    0xff, 0xa0, 0xaf, 0xf9, 0x0, 0x7, 0xff, 0xf5,

    /* U+006C "l" */
    0xaf, 0xf9, 0xaf, 0xf9, 0xaf, 0xf9, 0xaf, 0xf9,
    0xaf, 0xf9, 0xaf, 0xf9, 0xaf, 0xf9, 0xaf, 0xf9,
    0xaf, 0xf9, 0xaf, 0xf9, 0xaf, 0xf9, 0xaf, 0xf9,
    0xaf, 0xf9, 0xaf, 0xf9, 0xaf, 0xf9, 0xaf, 0xf9,

    /* U+006D "m" */
    0xaf, 0xf6, 0x2b, 0xfe, 0x80, 0x5, 0xcf, 0xea,
    0x10, 0xaf, 0xf8, 0xef, 0xff, 0xf8, 0x6f, 0xff,
    0xff, 0xd1, 0xaf, 0xff, 0xd8, 0xbf, 0xff, 0xec,
    0x8b, 0xff, 0xf7, 0xaf, 0xfd, 0x0, 0xc, 0xff,
    0xd0, 0x0, 0xcf, 0xfa, 0xaf, 0xf9, 0x0, 0x8,
    0xff, 0xa0, 0x0, 0x8f, 0xfb, 0xaf, 0xf9, 0x0,
    0x8, 0xff, 0x90, 0x0, 0x8f, 0xfb, 0xaf, 0xf9,
    0x0, 0x8, 0xff, 0x90, 0x0, 0x8f, 0xfb, 0xaf,
    0xf9, 0x0, 0x8, 0xff, 0x90, 0x0, 0x8f, 0xfb,
    0xaf, 0xf9, 0x0, 0x8, 0xff, 0x90, 0x0, 0x8f,
    0xfb, 0xaf, 0xf9, 0x0, 0x8, 0xff, 0x90, 0x0,
    0x8f, 0xfb, 0xaf, 0xf9, 0x0, 0x8, 0xff, 0x90,
    0x0, 0x8f, 0xfb, 0xaf, 0xf9, 0x0, 0x8, 0xff,
    0x90, 0x0, 0x8f, 0xfb,

    /* U+006E "n" */
    0xaf, 0xf6, 0x1a, 0xef, 0xc5, 0x0, 0xaf, 0xf8,
    0xef, 0xff, 0xff, 0x60, 0xaf, 0xff, 0xe9, 0x9f,
    0xff, 0xe0, 0xaf, 0xfe, 0x10, 0x4, 0xff, 0xf3,
    0xaf, 0xfa, 0x0, 0x0, 0xff, 0xf5, 0xaf, 0xf9,
    0x0, 0x0, 0xef, 0xf5, 0xaf, 0xf9, 0x0, 0x0,
    0xef, 0xf5, 0xaf, 0xf9, 0x0, 0x0, 0xef, 0xf5,
    0xaf, 0xf9, 0x0, 0x0, 0xef, 0xf5, 0xaf, 0xf9,
    0x0, 0x0, 0xef, 0xf5, 0xaf, 0xf9, 0x0, 0x0,
    0xef, 0xf5, 0xaf, 0xf9, 0x0, 0x0, 0xef, 0xf5,

    /* U+006F "o" */
    0x0, 0x2, 0x9d, 0xfe, 0xc6, 0x0, 0x0, 0x5,
    0xff, 0xff, 0xff, 0xfb, 0x0, 0x2, 0xff, 0xfd,
    0x8a, 0xff, 0xfa, 0x0, 0xaf, 0xfd, 0x0, 0x5,
    0xff, 0xf2, 0xf, 0xff, 0x50, 0x0, 0xe, 0xff,
    0x71, 0xff, 0xf3, 0x0, 0x0, 0xbf, 0xf9, 0x1f,
    0xff, 0x30, 0x0, 0xb, 0xff, 0x90, 0xff, 0xf5,
    0x0, 0x0, 0xef, 0xf7, 0xa, 0xff, 0xd0, 0x0,
    0x5f, 0xff, 0x20, 0x3f, 0xff, 0xd8, 0xaf, 0xff,
    0xa0, 0x0, 0x5f, 0xff, 0xff, 0xff, 0xc0, 0x0,
    0x0, 0x29, 0xdf, 0xec, 0x60, 0x0,

    /* U+0070 "p" */
    0xaf, 0xf8, 0x1a, 0xff, 0xc5, 0x0, 0xaf, 0xf9,
    0xef, 0xff, 0xff, 0x70, 0xaf, 0xff, 0xe8, 0x7d,
    0xff, 0xf3, 0xaf, 0xff, 0x20, 0x1, 0xef, 0xf9,
    0xaf, 0xfb, 0x0, 0x0, 0x8f, 0xfd, 0xaf, 0xf8,
    0x0, 0x0, 0x5f, 0xff, 0xaf, 0xf8, 0x0, 0x0,
    0x5f, 0xfe, 0xaf, 0xfc, 0x0, 0x0, 0x8f, 0xfd,
    0xaf, 0xff, 0x40, 0x1, 0xef, 0xf9, 0xaf, 0xff,
    0xfa, 0x9e, 0xff, 0xf3, 0xaf, 0xfa, 0xdf, 0xff,
    0xff, 0x70, 0xaf, 0xf9, 0x1a, 0xff, 0xc5, 0x0,
    0xaf, 0xf9, 0x0, 0x0, 0x0, 0x0, 0xaf, 0xf9,
    0x0, 0x0, 0x0, 0x0, 0xaf, 0xf9, 0x0, 0x0,
    0x0, 0x0, 0xaf, 0xf9, 0x0, 0x0, 0x0, 0x0,

    /* U+0071 "q" */
    0x0, 0x6, 0xcf, 0xe9, 0xa, 0xff, 0x80, 0x9,
    0xff, 0xff, 0xfb, 0xaf, 0xf8, 0x5, 0xff, 0xfd,
    0x9b, 0xff, 0xff, 0x80, 0xbf, 0xfd, 0x0, 0x5,
    0xff, 0xf8, 0xf, 0xff, 0x60, 0x0, 0xe, 0xff,
    0x81, 0xff, 0xf3, 0x0, 0x0, 0xbf, 0xf8, 0x1f,
    0xff, 0x30, 0x0, 0xb, 0xff, 0x80, 0xff, 0xf6,
    0x0, 0x0, 0xef, 0xf8, 0xb, 0xff, 0xd0, 0x0,
    0x6f, 0xff, 0x80, 0x5f, 0xff, 0xe9, 0xbf, 0xff,
    0xf8, 0x0, 0x9f, 0xff, 0xff, 0xbb, 0xff, 0x80,
    0x0, 0x6c, 0xfe, 0x90, 0xbf, 0xf8, 0x0, 0x0,
    0x0, 0x0, 0xb, 0xff, 0x80, 0x0, 0x0, 0x0,
    0x0, 0xbf, 0xf8, 0x0, 0x0, 0x0, 0x0, 0xb,
    0xff, 0x80, 0x0, 0x0, 0x0, 0x0, 0xbf, 0xf8,

    /* U+0072 "r" */
    0x0, 0x0, 0x0, 0x0, 0xaf, 0xf7, 0x4c, 0xf9,
    0xaf, 0xf9, 0xff, 0xf9, 0xaf, 0xff, 0xfc, 0xa6,
    0xaf, 0xff, 0x40, 0x0, 0xaf, 0xfb, 0x0, 0x0,
    0xaf, 0xf9, 0x0, 0x0, 0xaf, 0xf9, 0x0, 0x0,
    0xaf, 0xf9, 0x0, 0x0, 0xaf, 0xf9, 0x0, 0x0,
    0xaf, 0xf9, 0x0, 0x0, 0xaf, 0xf9, 0x0, 0x0,
    0xaf, 0xf9, 0x0, 0x0,

    /* U+0073 "s" */
    0x0, 0x18, 0xcf, 0xfe, 0xa3, 0x0, 0x1, 0xef,
    0xff, 0xff, 0xff, 0x50, 0x9, 0xff, 0xe6, 0x59,
    0xff, 0xe0, 0xc, 0xff, 0x70, 0x0, 0x76, 0x40,
    0xa, 0xff, 0xe7, 0x30, 0x0, 0x0, 0x2, 0xef,
    0xff, 0xff, 0xc7, 0x0, 0x0, 0x18, 0xdf, 0xff,
    0xff, 0xd0, 0x0, 0x0, 0x0, 0x49, 0xff, 0xf6,
    0x8, 0xbd, 0x10, 0x0, 0xdf, 0xf7, 0xd, 0xff,
    0xd6, 0x59, 0xff, 0xf3, 0x3, 0xef, 0xff, 0xff,
    0xff, 0x70, 0x0, 0x18, 0xdf, 0xfe, 0xa3, 0x0,

    /* U+0074 "t" */
    0x2, 0xff, 0xf1, 0x0, 0x2, 0xff, 0xf1, 0x0,
    0x2, 0xff, 0xf1, 0x0, 0xcf, 0xff, 0xff, 0xf5,
    0xcf, 0xff, 0xff, 0xf5, 0x58, 0xff, 0xf7, 0x72,
    0x2, 0xff, 0xf1, 0x0, 0x2, 0xff, 0xf1, 0x0,
    0x2, 0xff, 0xf1, 0x0, 0x2, 0xff, 0xf1, 0x0,
    0x2, 0xff, 0xf1, 0x0, 0x1, 0xff, 0xf1, 0x0,
    0x0, 0xff, 0xfc, 0x92, 0x0, 0x9f, 0xff, 0xf6,
    0x0, 0x8, 0xdf, 0xe7,

    /* U+0075 "u" */
    0xaf, 0xf9, 0x0, 0x0, 0xef, 0xf5, 0xaf, 0xf9,
    0x0, 0x0, 0xef, 0xf5, 0xaf, 0xf9, 0x0, 0x0,
    0xef, 0xf5, 0xaf, 0xf9, 0x0, 0x0, 0xef, 0xf5,
    0xaf, 0xf9, 0x0, 0x0, 0xef, 0xf5, 0xaf, 0xf9,
    0x0, 0x0, 0xef, 0xf5, 0xaf, 0xf9, 0x0, 0x0,
    0xef, 0xf5, 0x9f, 0xfa, 0x0, 0x0, 0xff, 0xf5,
    0x8f, 0xff, 0x20, 0x8, 0xff, 0xf5, 0x4f, 0xff,
    0xfb, 0xcf, 0xef, 0xf5, 0xb, 0xff, 0xff, 0xf9,
    0xbf, 0xf5, 0x0, 0x8d, 0xfd, 0x70, 0xbf, 0xf5,

    /* U+0076 "v" */
    0x7f, 0xfe, 0x0, 0x0, 0xb, 0xff, 0xa1, 0xff,
    0xf3, 0x0, 0x0, 0xff, 0xf4, 0xc, 0xff, 0x90,
    0x0, 0x5f, 0xfe, 0x0, 0x6f, 0xfe, 0x0, 0xa,
    0xff, 0x90, 0x0, 0xff, 0xf3, 0x0, 0xff, 0xf3,
    0x0, 0xa, 0xff, 0x80, 0x4f, 0xfd, 0x0, 0x0,
    0x4f, 0xfd, 0x9, 0xff, 0x70, 0x0, 0x0, 0xef,
    0xf2, 0xdf, 0xf1, 0x0, 0x0, 0x8, 0xff, 0x8f,
    0xfb, 0x0, 0x0, 0x0, 0x2f, 0xff, 0xff, 0x50,
    0x0, 0x0, 0x0, 0xcf, 0xff, 0xf0, 0x0, 0x0,
    0x0, 0x6, 0xff, 0xf9, 0x0, 0x0,

    /* U+0077 "w" */
    0x8f, 0xfd, 0x0, 0x4, 0xff, 0xf0, 0x0, 0x2f,
    0xff, 0x33, 0xff, 0xf1, 0x0, 0x7f, 0xff, 0x30,
    0x6, 0xff, 0xe0, 0xe, 0xff, 0x40, 0xb, 0xff,
    0xf7, 0x0, 0xaf, 0xfa, 0x0, 0xaf, 0xf8, 0x0,
    0xff, 0xff, 0xa0, 0xe, 0xff, 0x50, 0x5, 0xff,
    0xc0, 0x3f, 0xfa, 0xfe, 0x1, 0xff, 0xf0, 0x0,
    0x1f, 0xff, 0x7, 0xff, 0x4f, 0xf2, 0x5f, 0xfb,
    0x0, 0x0, 0xcf, 0xf3, 0xbf, 0xb0, 0xff, 0x68,
    0xff, 0x60, 0x0, 0x7, 0xff, 0x7e, 0xf7, 0xc,
    0xf9, 0xcf, 0xf2, 0x0, 0x0, 0x2f, 0xfc, 0xff,
    0x20, 0x7f, 0xdf, 0xfd, 0x0, 0x0, 0x0, 0xdf,
    0xff, 0xd0, 0x3, 0xff, 0xff, 0x80, 0x0, 0x0,
    0x9, 0xff, 0xf9, 0x0, 0xe, 0xff, 0xf3, 0x0,
    0x0, 0x0, 0x4f, 0xff, 0x40, 0x0, 0x9f, 0xfe,
    0x0, 0x0,

    /* U+0078 "x" */
    0x1e, 0xff, 0x70, 0x0, 0x9f, 0xfc, 0x0, 0x6f,
    0xff, 0x10, 0x2f, 0xff, 0x30, 0x0, 0xcf, 0xf8,
    0xb, 0xff, 0x90, 0x0, 0x2, 0xff, 0xf5, 0xff,
    0xe0, 0x0, 0x0, 0x8, 0xff, 0xff, 0xf4, 0x0,
    0x0, 0x0, 0xe, 0xff, 0xfa, 0x0, 0x0, 0x0,
    0x2, 0xff, 0xff, 0xd0, 0x0, 0x0, 0x0, 0xbf,
    0xfd, 0xff, 0x70, 0x0, 0x0, 0x5f, 0xfd, 0x2f,
    0xff, 0x20, 0x0, 0x1e, 0xff, 0x50, 0x9f, 0xfb,
    0x0, 0x9, 0xff, 0xc0, 0x1, 0xff, 0xf5, 0x3,
    0xff, 0xf2, 0x0, 0x7, 0xff, 0xe1,

    /* U+0079 "y" */
    0x7f, 0xfe, 0x0, 0x0, 0xa, 0xff, 0xb1, 0xff,
    0xf4, 0x0, 0x0, 0xff, 0xf5, 0xb, 0xff, 0x90,
    0x0, 0x5f, 0xfe, 0x0, 0x5f, 0xfe, 0x0, 0xb,
    0xff, 0x80, 0x0, 0xef, 0xf4, 0x1, 0xff, 0xf2,
    0x0, 0x8, 0xff, 0x90, 0x6f, 0xfb, 0x0, 0x0,
    0x2f, 0xfe, 0xb, 0xff, 0x50, 0x0, 0x0, 0xcf,
    0xf3, 0xff, 0xe0, 0x0, 0x0, 0x5, 0xff, 0xbf,
    0xf8, 0x0, 0x0, 0x0, 0xf, 0xff, 0xff, 0x20,
    0x0, 0x0, 0x0, 0x9f, 0xff, 0xc0, 0x0, 0x0,
    0x0, 0x3, 0xff, 0xf5, 0x0, 0x0, 0x0, 0x0,
    0x5f, 0xff, 0x0, 0x0, 0x0, 0x9, 0x8e, 0xff,
    0x70, 0x0, 0x0, 0x5, 0xff, 0xff, 0xd0, 0x0,
    0x0, 0x0, 0x7f, 0xfe, 0x91, 0x0, 0x0, 0x0,

    /* U+007A "z" */
    0x8f, 0xff, 0xff, 0xff, 0xff, 0x18, 0xff, 0xff,
    0xff, 0xff, 0xf1, 0x59, 0x99, 0x99, 0xff, 0xfc,
    0x0, 0x0, 0x0, 0x8f, 0xfe, 0x10, 0x0, 0x0,
    0x4f, 0xff, 0x40, 0x0, 0x0, 0x2f, 0xff, 0x80,
    0x0, 0x0, 0xd, 0xff, 0xb0, 0x0, 0x0, 0xa,
    0xff, 0xe1, 0x0, 0x0, 0x7, 0xff, 0xf3, 0x0,
    0x0, 0x4, 0xff, 0xfd, 0x99, 0x99, 0x93, 0xbf,
    0xff, 0xff, 0xff, 0xff, 0x5b, 0xff, 0xff, 0xff,
    0xff, 0xf5,

    /* U+007B "{" */
    0x0, 0x0, 0x3a, 0xdf, 0x30, 0x0, 0x4f, 0xff,
    0xf3, 0x0, 0xc, 0xff, 0xd8, 0x10, 0x0, 0xff,
    0xf2, 0x0, 0x0, 0x1f, 0xfe, 0x0, 0x0, 0x1,
    0xff, 0xe0, 0x0, 0x0, 0x1f, 0xfe, 0x0, 0x0,
    0x3, 0xff, 0xd0, 0x0, 0x1, 0xbf, 0xfa, 0x0,
    0x8, 0xff, 0xfd, 0x20, 0x0, 0x8f, 0xfb, 0x10,
    0x0, 0x7, 0xff, 0xfe, 0x30, 0x0, 0x0, 0xaf,
    0xfb, 0x0, 0x0, 0x2, 0xff, 0xe0, 0x0, 0x0,
    0x1f, 0xfe, 0x0, 0x0, 0x1, 0xff, 0xe0, 0x0,
    0x0, 0xf, 0xff, 0x10, 0x0, 0x0, 0xdf, 0xfd,
    0x71, 0x0, 0x6, 0xff, 0xff, 0x30, 0x0, 0x5,
    0xbe, 0xf3,

    /* U+007C "|" */
    0x6f, 0xf9, 0x7f, 0xf9, 0x7f, 0xf9, 0x7f, 0xf9,
    0x7f, 0xf9, 0x7f, 0xf9, 0x7f, 0xf9, 0x7f, 0xf9,
    0x7f, 0xf9, 0x7f, 0xf9, 0x7f, 0xf9, 0x7f, 0xf9,
    0x7f, 0xf9, 0x7f, 0xf9, 0x7f, 0xf9, 0x7f, 0xf9,
    0x7f, 0xf9, 0x7f, 0xf9, 0x7f, 0xf9, 0x7f, 0xf9,
    0x7f, 0xf9, 0x7f, 0xf9, 0x7f, 0xf9, 0x7f, 0xf9,
    0x7f, 0xf9, 0x7f, 0xf9,

    /* U+007D "}" */
    0xde, 0xc6, 0x0, 0x0, 0xef, 0xff, 0x90, 0x0,
    0x6b, 0xff, 0xf1, 0x0, 0x0, 0xcf, 0xf5, 0x0,
    0x0, 0x9f, 0xf6, 0x0, 0x0, 0x9f, 0xf6, 0x0,
    0x0, 0x9f, 0xf6, 0x0, 0x0, 0x8f, 0xf8, 0x0,
    0x0, 0x5f, 0xfe, 0x40, 0x0, 0x9, 0xff, 0xfd,
    0x0, 0x0, 0x7f, 0xfd, 0x0, 0x1d, 0xff, 0xfb,
    0x0, 0x6f, 0xfd, 0x10, 0x0, 0x8f, 0xf7, 0x0,
    0x0, 0x9f, 0xf6, 0x0, 0x0, 0x9f, 0xf6, 0x0,
    0x0, 0xcf, 0xf5, 0x0, 0x6a, 0xff, 0xf2, 0x0,
    0xef, 0xff, 0xb0, 0x0, 0xee, 0xc7, 0x0, 0x0,

    /* U+007E "~" */
    0x0, 0x49, 0x95, 0x0, 0x1, 0x55, 0x10, 0x6f,
    0xff, 0xfb, 0x10, 0x6f, 0xf3, 0xf, 0xff, 0xff,
    0xfe, 0xbf, 0xff, 0x3, 0xff, 0x80, 0x7f, 0xff,
    0xff, 0x90, 0x3a, 0xa2, 0x0, 0x3b, 0xfe, 0x80,
    0x0,

    /* U+00A0 " " */

    /* U+00A1 "¡" */
    0x8, 0xfc, 0x21, 0xff, 0xf8, 0xf, 0xff, 0x60,
    0x38, 0x60, 0x0, 0x0, 0x0, 0xac, 0xc2, 0xc,
    0xff, 0x30, 0xdf, 0xf4, 0xd, 0xff, 0x40, 0xef,
    0xf4, 0xe, 0xff, 0x50, 0xef, 0xf5, 0xf, 0xff,
    0x60, 0xff, 0xf6, 0xf, 0xff, 0x60, 0xff, 0xf7,

    /* U+00A2 "¢" */
    0x0, 0x0, 0x0, 0xf5, 0x0, 0x0, 0x0, 0x0,
    0x0, 0xf, 0x60, 0x0, 0x0, 0x0, 0x4, 0xcf,
    0xff, 0xf8, 0x10, 0x0, 0x7, 0xff, 0xff, 0xff,
    0xfd, 0x10, 0x3, 0xff, 0xfb, 0xfb, 0xff, 0xfa,
    0x0, 0xaf, 0xfc, 0xf, 0x54, 0xff, 0xd0, 0xf,
    0xff, 0x50, 0xf5, 0x4, 0x10, 0x1, 0xff, 0xf3,
    0xf, 0x50, 0x0, 0x0, 0x1f, 0xff, 0x30, 0xf5,
    0x0, 0x0, 0x0, 0xff, 0xf5, 0xf, 0x50, 0x52,
    0x0, 0xb, 0xff, 0xc0, 0xf5, 0x4f, 0xff, 0x0,
    0x3f, 0xff, 0xbf, 0xbf, 0xff, 0xa0, 0x0, 0x7f,
    0xff, 0xff, 0xff, 0xd0, 0x0, 0x0, 0x4c, 0xff,
    0xff, 0x91, 0x0, 0x0, 0x0, 0x0, 0xf6, 0x0,
    0x0, 0x0, 0x0, 0x0, 0xf, 0x50, 0x0, 0x0,

    /* U+00A3 "£" */
    0x0, 0x1, 0x8d, 0xfe, 0xb5, 0x0, 0x0, 0x3,
    0xef, 0xff, 0xff, 0xf9, 0x0, 0x0, 0xef, 0xff,
    0xbd, 0xff, 0xf6, 0x0, 0x4f, 0xfe, 0x10, 0x8,
    0xff, 0xd0, 0x7, 0xff, 0xb0, 0x0, 0x19, 0x64,
    0x0, 0x7f, 0xf9, 0x0, 0x0, 0x0, 0x0, 0x6,
    0xff, 0xa0, 0x0, 0x0, 0x0, 0xf, 0xff, 0xff,
    0xff, 0xfe, 0x0, 0x0, 0xff, 0xff, 0xff, 0xff,
    0xe0, 0x0, 0x0, 0x5f, 0xfb, 0x0, 0x0, 0x0,
    0x0, 0x3, 0xff, 0xc0, 0x0, 0x0, 0x0, 0x0,
    0x3f, 0xfc, 0x0, 0x0, 0x0, 0x0, 0x6, 0xff,
    0x50, 0x0, 0xc, 0xee, 0x1c, 0xff, 0xeb, 0xbb,
    0xbb, 0xff, 0xf0, 0xff, 0xff, 0xff, 0xff, 0xff,
    0xfa, 0xf, 0xff, 0xff, 0xff, 0xff, 0xe9, 0x10,

    /* U+00A4 "¤" */
    0x1, 0x0, 0x0, 0x0, 0x0, 0x0, 0x10, 0x1,
    0xcb, 0x5, 0xbe, 0xfe, 0xa2, 0x1d, 0xa0, 0x3f,
    0xfe, 0xff, 0xff, 0xff, 0xfe, 0xfe, 0x10, 0x4f,
    0xfe, 0x61, 0x2, 0x8f, 0xfe, 0x20, 0x6, 0xfd,
    0x10, 0x0, 0x0, 0x4f, 0xf2, 0x0, 0xdf, 0x40,
    0x0, 0x0, 0x0, 0x8f, 0x90, 0x1f, 0xe0, 0x0,
    0x0, 0x0, 0x3, 0xfd, 0x2, 0xfc, 0x0, 0x0,
    0x0, 0x0, 0x1f, 0xe0, 0x1f, 0xe0, 0x0, 0x0,
    0x0, 0x3, 0xfd, 0x0, 0xdf, 0x40, 0x0, 0x0,
    0x0, 0x9f, 0x90, 0x6, 0xfd, 0x10, 0x0, 0x0,
    0x4f, 0xf2, 0x0, 0x7f, 0xfe, 0x61, 0x2, 0x8f,
    0xff, 0x40, 0x4f, 0xfd, 0xff, 0xff, 0xff, 0xfd,
    0xff, 0x10, 0x97, 0x4, 0xbe, 0xfe, 0x92, 0xa,
    0x60, 0x0, 0x0, 0x0, 0x0, 0x0, 0x0, 0x0,
    0x0,

    /* U+00A5 "¥" */
    0x7f, 0xfe, 0x0, 0x0, 0x5f, 0xff, 0x10, 0xff,
    0xf4, 0x0, 0xb, 0xff, 0x90, 0x9, 0xff, 0xb0,
    0x2, 0xff, 0xf2, 0x0, 0x2f, 0xff, 0x10, 0x8f,
    0xfa, 0x0, 0x0, 0xaf, 0xf8, 0xe, 0xff, 0x30,
    0x0, 0x3, 0xff, 0xe5, 0xff, 0xc0, 0x0, 0x0,
    0xc, 0xff, 0xef, 0xf5, 0x0, 0x0, 0x0, 0x5f,
    0xff, 0xfd, 0x0, 0x0, 0xd, 0xff, 0xff, 0xff,
    0xff, 0xf0, 0x0, 0xbe, 0xee, 0xff, 0xfe, 0xee,
    0x0, 0x0, 0x0, 0x6f, 0xfd, 0x0, 0x0, 0x0,
    0xdf, 0xff, 0xff, 0xff, 0xff, 0x0, 0xb, 0xee,
    0xef, 0xff, 0xee, 0xe0, 0x0, 0x0, 0x6, 0xff,
    0xd0, 0x0, 0x0, 0x0, 0x0, 0x6f, 0xfd, 0x0,
    0x0, 0x0, 0x0, 0x6, 0xff, 0xd0, 0x0, 0x0,

    /* U+00A6 "¦" */
    0xbf, 0xf2, 0xbf, 0xf2, 0xbf, 0xf2, 0xbf, 0xf2,
    0xbf, 0xf2, 0xbf, 0xf2, 0xbf, 0xf2, 0x35, 0x50,
    0x0, 0x0, 0x0, 0x0, 0x0, 0x0, 0x45, 0x50,
    0xbf, 0xf2, 0xbf, 0xf2, 0xbf, 0xf2, 0xbf, 0xf2,
    0xbf, 0xf2, 0xbf, 0xf2, 0xbf, 0xf2,

    /* U+00A7 "§" */
    0x0, 0x5c, 0xef, 0xd7, 0x0, 0x0, 0x8f, 0xff,
    0xff, 0xfb, 0x0, 0x1f, 0xff, 0x98, 0xdf, 0xf6,
    0x4, 0xff, 0x90, 0x2, 0xec, 0x60, 0x3f, 0xfc,
    0x0, 0x0, 0x0, 0x0, 0xdf, 0xfd, 0x60, 0x0,
    0x0, 0x1, 0xdf, 0xff, 0xf9, 0x20, 0x3, 0xdf,
    0x8b, 0xff, 0xff, 0x60, 0xdf, 0x90, 0x2, 0x8f,
    0xff, 0x3f, 0xfb, 0x0, 0x0, 0x4f, 0xf7, 0xaf,
    0xfb, 0x40, 0x2, 0xff, 0x51, 0xdf, 0xff, 0xd8,
    0xcf, 0x80, 0x0, 0x6d, 0xff, 0xff, 0x70, 0x0,
    0x0, 0x4, 0xaf, 0xff, 0x40, 0x0, 0x0, 0x0,
    0x5f, 0xfb, 0x5, 0xcf, 0x50, 0x2, 0xff, 0xc0,
    0x3f, 0xff, 0x98, 0xdf, 0xf9, 0x0, 0x9f, 0xff,
    0xff, 0xfd, 0x10, 0x0, 0x6c, 0xff, 0xd8, 0x10,
    0x0,

    /* U+00A8 "¨" */
    0x0, 0x0, 0x0, 0x0, 0x0, 0xbf, 0xa0, 0x1d,
    0xf6, 0x1f, 0xff, 0x5, 0xff, 0xc0, 0x9f, 0x80,
    0x1c, 0xe5,

    /* U+00A9 "©" */
    0x0, 0x0, 0x0, 0x15, 0x77, 0x51, 0x0, 0x0,
    0x0, 0x0, 0x0, 0x2a, 0xff, 0xff, 0xff, 0xb3,
    0x0, 0x0, 0x0, 0x5, 0xff, 0xff, 0xff, 0xff,
    0xff, 0x60, 0x0, 0x0, 0x4f, 0xff, 0xa3, 0x0,
    0x39, 0xff, 0xf6, 0x0, 0x1, 0xef, 0xf4, 0x0,
    0x11, 0x0, 0x3e, 0xff, 0x20, 0x8, 0xff, 0x60,
    0x4d, 0xff, 0xe7, 0x4, 0xff, 0x90, 0xd, 0xfd,
    0x6, 0xff, 0xff, 0xff, 0x80, 0xbf, 0xf0, 0x1f,
    0xf7, 0xe, 0xfb, 0x10, 0x8f, 0xf1, 0x6f, 0xf3,
    0x2f, 0xf5, 0x3f, 0xf0, 0x0, 0x3, 0x31, 0x4f,
    0xf4, 0x1f, 0xf6, 0x3f, 0xf0, 0x0, 0x3, 0x30,
    0x4f, 0xf3, 0xf, 0xfa, 0xf, 0xfb, 0x10, 0x8f,
    0xf0, 0x8f, 0xf1, 0xb, 0xff, 0x16, 0xff, 0xff,
    0xff, 0x80, 0xef, 0xc0, 0x4, 0xff, 0xc0, 0x5d,
    0xff, 0xe7, 0xa, 0xff, 0x50, 0x0, 0xaf, 0xfc,
    0x20, 0x11, 0x1, 0xbf, 0xfc, 0x0, 0x0, 0xc,
    0xff, 0xfc, 0x98, 0xbf, 0xff, 0xd1, 0x0, 0x0,
    0x0, 0x9f, 0xff, 0xff, 0xff, 0xfa, 0x0, 0x0,
    0x0, 0x0, 0x2, 0x9d, 0xff, 0xd9, 0x30, 0x0,
    0x0,

    /* U+00AA "ª" */
    0x0, 0x6c, 0xff, 0xc6, 0x0, 0x9, 0xff, 0xee,
    0xff, 0x90, 0x8, 0xb6, 0x0, 0x9f, 0xf0, 0x0,
    0x1, 0x46, 0xcf, 0xf1, 0x6, 0xef, 0xff, 0xff,
    0xf1, 0x3f, 0xf9, 0x31, 0x6f, 0xf1, 0x5f, 0xf2,
    0x0, 0xbf, 0xf1, 0x2f, 0xff, 0xce, 0xef, 0xf1,
    0x5, 0xdf, 0xe9, 0x4d, 0xd1,

    /* U+00AB "«" */
    0x0, 0x0, 0x3f, 0xff, 0x42, 0xff, 0xf5, 0x0,
    0x1, 0xef, 0xf6, 0x1e, 0xff, 0x70, 0x0, 0xd,
    0xff, 0x90, 0xcf, 0xf9, 0x0, 0x0, 0xbf, 0xfb,
    0xb, 0xff, 0xb0, 0x0, 0x9, 0xff, 0xd0, 0x9f,
    0xfd, 0x10, 0x0, 0x9, 0xff, 0xd0, 0x9f, 0xfd,
    0x10, 0x0, 0x0, 0xbf, 0xfb, 0xb, 0xff, 0xb0,
    0x0, 0x0, 0xd, 0xff, 0x90, 0xcf, 0xf9, 0x0,
    0x0, 0x1, 0xef, 0xf6, 0x1e, 0xff, 0x70, 0x0,
    0x0, 0x3f, 0xff, 0x42, 0xff, 0xf5,

    /* U+00AC "¬" */
    0x68, 0x88, 0x88, 0x88, 0x88, 0xb, 0xff, 0xff,
    0xff, 0xff, 0xf0, 0xbf, 0xff, 0xff, 0xff, 0xff,
    0x0, 0x0, 0x0, 0x0, 0xbf, 0xf0, 0x0, 0x0,
    0x0, 0xb, 0xff, 0x0, 0x0, 0x0, 0x0, 0x58,
    0x80,

    /* U+00AE "®" */
    0x0, 0x0, 0x58, 0x97, 0x20, 0x0, 0x0, 0x4,
    0xef, 0xff, 0xff, 0xa1, 0x0, 0x5, 0xfe, 0x61,
    0x3, 0xaf, 0xd1, 0x1, 0xfd, 0x10, 0x0, 0x0,
    0x6f, 0xa0, 0x8f, 0x30, 0xef, 0xec, 0x20, 0xaf,
    0x1d, 0xd0, 0xf, 0x92, 0xec, 0x4, 0xf6, 0xeb,
    0x0, 0xf8, 0xe, 0xc0, 0x2f, 0x8e, 0xc0, 0xf,
    0xff, 0xf3, 0x3, 0xf7, 0xaf, 0x10, 0xf8, 0x4f,
    0x50, 0x8f, 0x34, 0xfa, 0xb, 0x60, 0x99, 0x2e,
    0xd0, 0xa, 0xf9, 0x10, 0x0, 0x3d, 0xf3, 0x0,
    0xa, 0xff, 0xba, 0xdf, 0xf5, 0x0, 0x0, 0x5,
    0xbe, 0xfd, 0x91, 0x0, 0x0,

    /* U+00AF "¯" */
    0x0, 0x0, 0x0, 0x4, 0xff, 0xff, 0xff, 0x4f,
    0xff, 0xff, 0xf0,

    /* U+00B0 "°" */
    0x0, 0x1, 0x10, 0x0, 0x3, 0xdf, 0xfd, 0x40,
    0x2f, 0xff, 0xff, 0xf3, 0x9f, 0xd2, 0x1c, 0xfb,
    0xbf, 0x70, 0x5, 0xfd, 0x8f, 0xe4, 0x3d, 0xfa,
    0x1e, 0xff, 0xff, 0xf2, 0x1, 0xae, 0xfb, 0x20,

    /* U+00B1 "±" */
    0x0, 0x0, 0xe, 0xfd, 0x0, 0x0, 0x0, 0x0,
    0xe, 0xfd, 0x0, 0x0, 0x7, 0x77, 0x7f, 0xfe,
    0x77, 0x77, 0xf, 0xff, 0xff, 0xff, 0xff, 0xff,
    0xf, 0xff, 0xff, 0xff, 0xff, 0xff, 0x0, 0x0,
    0xe, 0xfd, 0x0, 0x0, 0x0, 0x0, 0xe, 0xfd,
    0x0, 0x0, 0x0, 0x0, 0xc, 0xeb, 0x0, 0x0,
    0x0, 0x0, 0x0, 0x0, 0x0, 0x0, 0xf, 0xff,
    0xff, 0xff, 0xff, 0xff, 0xf, 0xff, 0xff, 0xff,
    0xff, 0xff, 0x8, 0x88, 0x88, 0x88, 0x88, 0x88,

    /* U+00B2 "²" */
    0x6, 0xdf, 0xec, 0x50, 0x8, 0xff, 0xff, 0xff,
    0x60, 0xce, 0x80, 0xd, 0xfc, 0x0, 0x0, 0x0,
    0xdf, 0xa0, 0x0, 0x2, 0xdf, 0xf2, 0x0, 0x6,
    0xff, 0xd2, 0x0, 0x1b, 0xff, 0x70, 0x0, 0xb,
    0xff, 0xff, 0xff, 0xf0, 0xcf, 0xff, 0xff, 0xff,
    0x0,

    /* U+00B3 "³" */
    0x4, 0xbf, 0xfd, 0x70, 0x5, 0xff, 0xff, 0xff,
    0x80, 0x8c, 0xa1, 0xa, 0xfe, 0x0, 0x0, 0x12,
    0xcf, 0xa0, 0x0, 0x1f, 0xff, 0xa0, 0x0, 0x0,
    0x45, 0xcf, 0xe1, 0xab, 0x91, 0x8, 0xff, 0x57,
    0xff, 0xff, 0xff, 0xe1, 0x5, 0xcf, 0xfd, 0x91,
    0x0,

    /* U+00B4 "´" */
    0x0, 0x34, 0x40, 0x1, 0xff, 0xc0, 0x8, 0xff,
    0x20, 0xe, 0xf6, 0x0,

    /* U+00B5 "µ" */
    0xaf, 0xf9, 0x0, 0x0, 0xef, 0xf5, 0xa, 0xff,
    0x90, 0x0, 0xe, 0xff, 0x50, 0xaf, 0xf9, 0x0,
    0x0, 0xef, 0xf5, 0xa, 0xff, 0x90, 0x0, 0xe,
    0xff, 0x50, 0xaf, 0xf9, 0x0, 0x0, 0xef, 0xf5,
    0xa, 0xff, 0x90, 0x0, 0xe, 0xff, 0x50, 0xaf,
    0xf9, 0x0, 0x0, 0xef, 0xf5, 0xa, 0xff, 0xa0,
    0x0, 0xe, 0xff, 0x50, 0xaf, 0xfe, 0x0, 0x3,
    0xff, 0xf5, 0xa, 0xff, 0xfc, 0x78, 0xef, 0xff,
    0xb4, 0xaf, 0xfe, 0xff, 0xff, 0x9f, 0xff, 0xba,
    0xff, 0x97, 0xee, 0x50, 0x8e, 0xfb, 0xaf, 0xf9,
    0x0, 0x0, 0x0, 0x0, 0xa, 0xff, 0x90, 0x0,
    0x0, 0x0, 0x0, 0xaf, 0xf9, 0x0, 0x0, 0x0,
    0x0, 0xa, 0xff, 0x90, 0x0, 0x0, 0x0, 0x0,

    /* U+00B6 "¶" */
    0x0, 0x6, 0xce, 0xff, 0xff, 0xfb, 0x0, 0xbf,
    0xff, 0xff, 0xff, 0xfb, 0x8, 0xff, 0xff, 0xf9,
    0x7e, 0xfb, 0xe, 0xff, 0xff, 0xf3, 0xe, 0xfb,
    0x1f, 0xff, 0xff, 0xf3, 0xe, 0xfb, 0x1f, 0xff,
    0xff, 0xf3, 0xe, 0xfb, 0xe, 0xff, 0xff, 0xf3,
    0xe, 0xfb, 0x8, 0xff, 0xff, 0xf3, 0xe, 0xfb,
    0x0, 0xcf, 0xff, 0xf3, 0xe, 0xfb, 0x0, 0x7,
    0xdf, 0xf3, 0xe, 0xfb, 0x0, 0x0, 0x0, 0x0,
    0xe, 0xfb, 0x0, 0x0, 0x0, 0x0, 0xe, 0xfb,
    0x0, 0x0, 0x0, 0x0, 0xe, 0xfb, 0x0, 0x0,
    0x0, 0x0, 0xe, 0xfb, 0x0, 0x0, 0x0, 0x0,
    0xe, 0xfb, 0x0, 0x0, 0x0, 0x0, 0xe, 0xfb,

    /* U+00B7 "·" */
    0x3, 0x96, 0x0, 0xff, 0xf5, 0x1f, 0xff, 0x70,
    0x8f, 0xc1,

    /* U+00B8 "¸" */
    0xc, 0x80, 0x0, 0xfc, 0x60, 0x5, 0x9f, 0x60,
    0x5, 0xf8, 0x7f, 0xfe, 0x31, 0x32, 0x0,

    /* U+00B9 "¹" */
    0x7, 0xff, 0xf1, 0xbf, 0xff, 0xf1, 0xdb, 0x8f,
    0xf1, 0x30, 0x6f, 0xf1, 0x0, 0x6f, 0xf1, 0x0,
    0x6f, 0xf1, 0x0, 0x6f, 0xf1, 0x0, 0x6f, 0xf1,
    0x0, 0x6f, 0xf1,

    /* U+00BA "º" */
    0x0, 0x2a, 0xef, 0xd8, 0x10, 0x0, 0x3f, 0xff,
    0xff, 0xfe, 0x10, 0xd, 0xfe, 0x30, 0x5f, 0xfa,
    0x2, 0xff, 0x70, 0x0, 0xbf, 0xf0, 0x4f, 0xf5,
    0x0, 0x8, 0xff, 0x2, 0xff, 0x70, 0x0, 0xbf,
    0xf0, 0xd, 0xfe, 0x30, 0x5f, 0xfa, 0x0, 0x4f,
    0xff, 0xff, 0xfe, 0x10, 0x0, 0x2a, 0xef, 0xd9,
    0x10, 0x0,

    /* U+00BB "»" */
    0xb, 0xff, 0xa0, 0xbf, 0xfa, 0x0, 0x0, 0x1,
    0xdf, 0xf8, 0xd, 0xff, 0x80, 0x0, 0x0, 0x2e,
    0xff, 0x62, 0xef, 0xf6, 0x0, 0x0, 0x4, 0xff,
    0xf4, 0x3f, 0xff, 0x40, 0x0, 0x0, 0x6f, 0xfe,
    0x25, 0xff, 0xf2, 0x0, 0x0, 0x6f, 0xfe, 0x25,
    0xff, 0xf2, 0x0, 0x4, 0xff, 0xf4, 0x3f, 0xff,
    0x40, 0x0, 0x2e, 0xff, 0x62, 0xef, 0xf6, 0x0,
    0x1, 0xdf, 0xf8, 0xd, 0xff, 0x80, 0x0, 0xb,
    0xff, 0xa0, 0xbf, 0xfa, 0x0, 0x0,

    /* U+00BC "¼" */
    0x0, 0x9c, 0xc1, 0x0, 0x0, 0x0, 0xb, 0xc3,
    0x0, 0x1d, 0xff, 0xf1, 0x0, 0x0, 0x0, 0x9f,
    0x90, 0x0, 0x2e, 0x5f, 0xf1, 0x0, 0x0, 0x4,
    0xfd, 0x0, 0x0, 0x1, 0x1f, 0xf1, 0x0, 0x0,
    0x1e, 0xf3, 0x0, 0x0, 0x0, 0x1f, 0xf1, 0x0,
    0x0, 0xbf, 0x80, 0x0, 0x0, 0x0, 0x1f, 0xf1,
    0x0, 0x6, 0xfc, 0x0, 0x0, 0x0, 0x0, 0x1f,
    0xf1, 0x0, 0x2f, 0xf2, 0x0, 0x0, 0x0, 0x0,
    0x1f, 0xf1, 0x0, 0xcf, 0x70, 0x1, 0xcc, 0xa0,
    0x0, 0x1f, 0xf1, 0x7, 0xfb, 0x0, 0x9, 0xff,
    0xd0, 0x0, 0x0, 0x0, 0x3f, 0xe1, 0x0, 0x3f,
    0xff, 0xd0, 0x0, 0x0, 0x0, 0xdf, 0x50, 0x0,
    0xcf, 0x7f, 0xd0, 0x0, 0x0, 0x9, 0xfa, 0x0,
    0x5, 0xfc, 0x2f, 0xd0, 0x0, 0x0, 0x4f, 0xe1,
    0x0, 0xd, 0xf4, 0x2f, 0xd0, 0x0, 0x1, 0xef,
    0x40, 0x0, 0x5f, 0xfb, 0xcf, 0xfa, 0x0, 0xa,
    0xf8, 0x0, 0x0, 0x5f, 0xff, 0xff, 0xfe, 0x0,
    0x5f, 0xd0, 0x0, 0x0, 0x0, 0x0, 0x3f, 0xd0,

    /* U+00BD "½" */
    0x0, 0x9c, 0xc1, 0x0, 0x0, 0x0, 0xb, 0xc3,
    0x0, 0x1, 0xdf, 0xff, 0x10, 0x0, 0x0, 0x9,
    0xf9, 0x0, 0x0, 0x2e, 0x5f, 0xf1, 0x0, 0x0,
    0x4, 0xfd, 0x0, 0x0, 0x0, 0x11, 0xff, 0x10,
    0x0, 0x1, 0xef, 0x30, 0x0, 0x0, 0x0, 0x1f,
    0xf1, 0x0, 0x0, 0xbf, 0x80, 0x0, 0x0, 0x0,
    0x1, 0xff, 0x10, 0x0, 0x6f, 0xc0, 0x0, 0x0,
    0x0, 0x0, 0x1f, 0xf1, 0x0, 0x2f, 0xf2, 0x0,
    0x0, 0x0, 0x0, 0x1, 0xff, 0x10, 0xc, 0xf7,
    0x0, 0x7c, 0xca, 0x20, 0x0, 0x1f, 0xf1, 0x7,
    0xfb, 0x0, 0x9f, 0xff, 0xfe, 0x10, 0x0, 0x0,
    0x3, 0xfe, 0x10, 0xb, 0xc3, 0x1d, 0xf6, 0x0,
    0x0, 0x0, 0xdf, 0x50, 0x0, 0x0, 0x0, 0xdf,
    0x40, 0x0, 0x0, 0x9f, 0xa0, 0x0, 0x0, 0x0,
    0x8f, 0xb0, 0x0, 0x0, 0x4f, 0xe1, 0x0, 0x0,
    0x0, 0xaf, 0xc0, 0x0, 0x0, 0x1e, 0xf4, 0x0,
    0x0, 0x0, 0xbf, 0xc0, 0x0, 0x0, 0xa, 0xf8,
    0x0, 0x0, 0x0, 0xbf, 0xfd, 0xcc, 0x70, 0x5,
    0xfd, 0x0, 0x0, 0x0, 0xd, 0xff, 0xff, 0xf9,

    /* U+00BE "¾" */
    0x0, 0x49, 0xb8, 0x10, 0x0, 0x0, 0x0, 0x3b,
    0xa0, 0x0, 0x8, 0xff, 0xff, 0xe0, 0x0, 0x0,
    0x1, 0xef, 0x40, 0x0, 0xb, 0xc4, 0x1d, 0xf5,
    0x0, 0x0, 0xa, 0xf9, 0x0, 0x0, 0x0, 0x0,
    0x1e, 0xf4, 0x0, 0x0, 0x5f, 0xd0, 0x0, 0x0,
    0x0, 0xd, 0xff, 0x70, 0x0, 0x1, 0xef, 0x30,
    0x0, 0x0, 0x0, 0x7, 0x9f, 0xf5, 0x0, 0xb,
    0xf7, 0x0, 0x0, 0x0, 0x3, 0x30, 0xa, 0xfb,
    0x0, 0x7f, 0xc0, 0x0, 0x0, 0x0, 0xe, 0xfe,
    0xef, 0xf7, 0x2, 0xff, 0x20, 0x6, 0xdd, 0x60,
    0x2, 0xae, 0xfd, 0x70, 0xd, 0xf6, 0x0, 0x1e,
    0xff, 0x70, 0x0, 0x0, 0x0, 0x0, 0x8f, 0xa0,
    0x0, 0x8f, 0xef, 0x70, 0x0, 0x0, 0x0, 0x4,
    0xfe, 0x10, 0x2, 0xfe, 0x8f, 0x70, 0x0, 0x0,
    0x0, 0xe, 0xf4, 0x0, 0xb, 0xf6, 0x8f, 0x70,
    0x0, 0x0, 0x0, 0xaf, 0x90, 0x0, 0x4f, 0xd0,
    0x8f, 0x70, 0x0, 0x0, 0x5, 0xfd, 0x0, 0x0,
    0xbf, 0xeb, 0xdf, 0xd6, 0x0, 0x0, 0x1e, 0xf3,
    0x0, 0x0, 0xbf, 0xff, 0xff, 0xf8, 0x0, 0x0,
    0xbf, 0x70, 0x0, 0x0, 0x0, 0x0, 0x9f, 0x70,

    /* U+00BF "¿" */
    0x0, 0x0, 0x9f, 0xc1, 0x0, 0x0, 0x0, 0x2f,
    0xff, 0x80, 0x0, 0x0, 0x1, 0xff, 0xf6, 0x0,
    0x0, 0x0, 0x3, 0x86, 0x0, 0x0, 0x0, 0x0,
    0x0, 0x0, 0x0, 0x0, 0x0, 0xb, 0xff, 0x10,
    0x0, 0x0, 0x0, 0xff, 0xf0, 0x0, 0x0, 0x1,
    0xbf, 0xfc, 0x0, 0x0, 0x4, 0xef, 0xff, 0x30,
    0x0, 0x3, 0xff, 0xfd, 0x20, 0x0, 0x0, 0xbf,
    0xfc, 0x0, 0x0, 0x0, 0xe, 0xff, 0x60, 0x0,
    0x57, 0x73, 0xdf, 0xf9, 0x0, 0x1e, 0xff, 0x58,
    0xff, 0xfc, 0xae, 0xff, 0xe0, 0xc, 0xff, 0xff,
    0xff, 0xf4, 0x0, 0x6, 0xce, 0xfe, 0x92, 0x0,

    /* U+00C0 "À" */
    0x0, 0x0, 0x4, 0x44, 0x0, 0x0, 0x0, 0x0,
    0x0, 0x0, 0x9, 0xff, 0x30, 0x0, 0x0, 0x0,
    0x0, 0x0, 0x0, 0xef, 0xa0, 0x0, 0x0, 0x0,
    0x0, 0x0, 0x0, 0x4f, 0xf2, 0x0, 0x0, 0x0,
    0x0, 0x0, 0x0, 0x0, 0x0, 0x0, 0x0, 0x0,
    0x0, 0x0, 0x2, 0xff, 0xff, 0x70, 0x0, 0x0,
    0x0, 0x0, 0x8, 0xff, 0xff, 0xd0, 0x0, 0x0,
    0x0, 0x0, 0xd, 0xff, 0xff, 0xf2, 0x0, 0x0,
    0x0, 0x0, 0x3f, 0xfe, 0xaf, 0xf8, 0x0, 0x0,
    0x0, 0x0, 0x8f, 0xfa, 0x6f, 0xfd, 0x0, 0x0,
    0x0, 0x0, 0xef, 0xf6, 0x2f, 0xff, 0x30, 0x0,
    0x0, 0x3, 0xff, 0xf2, 0xe, 0xff, 0x90, 0x0,
    0x0, 0x9, 0xff, 0xe0, 0x9, 0xff, 0xe0, 0x0,
    0x0, 0xe, 0xff, 0x90, 0x5, 0xff, 0xf4, 0x0,
    0x0, 0x4f, 0xff, 0x50, 0x0, 0xff, 0xfa, 0x0,
    0x0, 0x9f, 0xff, 0xff, 0xff, 0xff, 0xff, 0x0,
    0x0, 0xef, 0xff, 0xff, 0xff, 0xff, 0xff, 0x50,
    0x4, 0xff, 0xfa, 0x88, 0x88, 0x8f, 0xff, 0xa0,
    0x9, 0xff, 0xf0, 0x0, 0x0, 0xa, 0xff, 0xf0,
    0xe, 0xff, 0xa0, 0x0, 0x0, 0x4, 0xff, 0xf6,
    0x4f, 0xff, 0x50, 0x0, 0x0, 0x0, 0xef, 0xfb,

    /* U+00C1 "Á" */
    0x0, 0x0, 0x0, 0x0, 0x24, 0x41, 0x0, 0x0,
    0x0, 0x0, 0x0, 0x0, 0xdf, 0xe1, 0x0, 0x0,
    0x0, 0x0, 0x0, 0x4, 0xff, 0x40, 0x0, 0x0,
    0x0, 0x0, 0x0, 0xc, 0xf9, 0x0, 0x0, 0x0,
    0x0, 0x0, 0x0, 0x0, 0x0, 0x0, 0x0, 0x0,
    0x0, 0x0, 0x2, 0xff, 0xff, 0x70, 0x0, 0x0,
    0x0, 0x0, 0x8, 0xff, 0xff, 0xd0, 0x0, 0x0,
    0x0, 0x0, 0xd, 0xff, 0xff, 0xf2, 0x0, 0x0,
    0x0, 0x0, 0x3f, 0xfe, 0xaf, 0xf8, 0x0, 0x0,
    0x0, 0x0, 0x8f, 0xfa, 0x6f, 0xfd, 0x0, 0x0,
    0x0, 0x0, 0xef, 0xf6, 0x2f, 0xff, 0x30, 0x0,
    0x0, 0x3, 0xff, 0xf2, 0xe, 0xff, 0x90, 0x0,
    0x0, 0x9, 0xff, 0xe0, 0x9, 0xff, 0xe0, 0x0,
    0x0, 0xe, 0xff, 0x90, 0x5, 0xff, 0xf4, 0x0,
    0x0, 0x4f, 0xff, 0x50, 0x0, 0xff, 0xfa, 0x0,
    0x0, 0x9f, 0xff, 0xff, 0xff, 0xff, 0xff, 0x0,
    0x0, 0xef, 0xff, 0xff, 0xff, 0xff, 0xff, 0x50,
    0x4, 0xff, 0xfa, 0x88, 0x88, 0x8f, 0xff, 0xa0,
    0x9, 0xff, 0xf0, 0x0, 0x0, 0xa, 0xff, 0xf0,
    0xe, 0xff, 0xa0, 0x0, 0x0, 0x4, 0xff, 0xf6,
    0x4f, 0xff, 0x50, 0x0, 0x0, 0x0, 0xef, 0xfb,

    /* U+00C2 "Â" */
    0x0, 0x0, 0x0, 0x28, 0x85, 0x0, 0x0, 0x0,
    0x0, 0x0, 0x3, 0xef, 0xff, 0x70, 0x0, 0x0,
    0x0, 0x0, 0x3f, 0xf9, 0x3f, 0xf7, 0x0, 0x0,
    0x0, 0x0, 0x78, 0x60, 0x4, 0x88, 0x20, 0x0,
    0x0, 0x0, 0x0, 0x0, 0x0, 0x0, 0x0, 0x0,
    0x0, 0x0, 0x2, 0xff, 0xff, 0x70, 0x0, 0x0,
    0x0, 0x0, 0x8, 0xff, 0xff, 0xd0, 0x0, 0x0,
    0x0, 0x0, 0xd, 0xff, 0xff, 0xf2, 0x0, 0x0,
    0x0, 0x0, 0x3f, 0xfe, 0xaf, 0xf8, 0x0, 0x0,
    0x0, 0x0, 0x8f, 0xfa, 0x6f, 0xfd, 0x0, 0x0,
    0x0, 0x0, 0xef, 0xf6, 0x2f, 0xff, 0x30, 0x0,
    0x0, 0x3, 0xff, 0xf2, 0xe, 0xff, 0x90, 0x0,
    0x0, 0x9, 0xff, 0xe0, 0x9, 0xff, 0xe0, 0x0,
    0x0, 0xe, 0xff, 0x90, 0x5, 0xff, 0xf4, 0x0,
    0x0, 0x4f, 0xff, 0x50, 0x0, 0xff, 0xfa, 0x0,
    0x0, 0x9f, 0xff, 0xff, 0xff, 0xff, 0xff, 0x0,
    0x0, 0xef, 0xff, 0xff, 0xff, 0xff, 0xff, 0x50,
    0x4, 0xff, 0xfa, 0x88, 0x88, 0x8f, 0xff, 0xa0,
    0x9, 0xff, 0xf0, 0x0, 0x0, 0xa, 0xff, 0xf0,
    0xe, 0xff, 0xa0, 0x0, 0x0, 0x4, 0xff, 0xf6,
    0x4f, 0xff, 0x50, 0x0, 0x0, 0x0, 0xef, 0xfb,

    /* U+00C3 "Ã" */
    0x0, 0x0, 0x4, 0xb8, 0x0, 0xaa, 0x0, 0x0,
    0x0, 0x0, 0x1f, 0xff, 0xa1, 0xfc, 0x0, 0x0,
    0x0, 0x0, 0x6f, 0x75, 0xff, 0xf6, 0x0, 0x0,
    0x0, 0x0, 0x6c, 0x30, 0x4b, 0x70, 0x0, 0x0,
    0x0, 0x0, 0x0, 0x0, 0x0, 0x0, 0x0, 0x0,
    0x0, 0x0, 0x2, 0xff, 0xff, 0x70, 0x0, 0x0,
    0x0, 0x0, 0x8, 0xff, 0xff, 0xd0, 0x0, 0x0,
    0x0, 0x0, 0xd, 0xff, 0xff, 0xf2, 0x0, 0x0,
    0x0, 0x0, 0x3f, 0xfe, 0xaf, 0xf8, 0x0, 0x0,
    0x0, 0x0, 0x8f, 0xfa, 0x6f, 0xfd, 0x0, 0x0,
    0x0, 0x0, 0xef, 0xf6, 0x2f, 0xff, 0x30, 0x0,
    0x0, 0x3, 0xff, 0xf2, 0xe, 0xff, 0x90, 0x0,
    0x0, 0x9, 0xff, 0xe0, 0x9, 0xff, 0xe0, 0x0,
    0x0, 0xe, 0xff, 0x90, 0x5, 0xff, 0xf4, 0x0,
    0x0, 0x4f, 0xff, 0x50, 0x0, 0xff, 0xfa, 0x0,
    0x0, 0x9f, 0xff, 0xff, 0xff, 0xff, 0xff, 0x0,
    0x0, 0xef, 0xff, 0xff, 0xff, 0xff, 0xff, 0x50,
    0x4, 0xff, 0xfa, 0x88, 0x88, 0x8f, 0xff, 0xa0,
    0x9, 0xff, 0xf0, 0x0, 0x0, 0xa, 0xff, 0xf0,
    0xe, 0xff, 0xa0, 0x0, 0x0, 0x4, 0xff, 0xf6,
    0x4f, 0xff, 0x50, 0x0, 0x0, 0x0, 0xef, 0xfb,

    /* U+00C4 "Ä" */
    0x0, 0x0, 0x0, 0x0, 0x0, 0x0, 0x0, 0x0,
    0x0, 0x0, 0x6f, 0xd1, 0x9, 0xfb, 0x0, 0x0,
    0x0, 0x0, 0xbf, 0xf5, 0xf, 0xff, 0x20, 0x0,
    0x0, 0x0, 0x5e, 0xc1, 0x8, 0xfa, 0x0, 0x0,
    0x0, 0x0, 0x0, 0x0, 0x0, 0x0, 0x0, 0x0,
    0x0, 0x0, 0x2, 0xff, 0xff, 0x70, 0x0, 0x0,
    0x0, 0x0, 0x8, 0xff, 0xff, 0xd0, 0x0, 0x0,
    0x0, 0x0, 0xd, 0xff, 0xff, 0xf2, 0x0, 0x0,
    0x0, 0x0, 0x3f, 0xfe, 0xaf, 0xf8, 0x0, 0x0,
    0x0, 0x0, 0x8f, 0xfa, 0x6f, 0xfd, 0x0, 0x0,
    0x0, 0x0, 0xef, 0xf6, 0x2f, 0xff, 0x30, 0x0,
    0x0, 0x3, 0xff, 0xf2, 0xe, 0xff, 0x90, 0x0,
    0x0, 0x9, 0xff, 0xe0, 0x9, 0xff, 0xe0, 0x0,
    0x0, 0xe, 0xff, 0x90, 0x5, 0xff, 0xf4, 0x0,
    0x0, 0x4f, 0xff, 0x50, 0x0, 0xff, 0xfa, 0x0,
    0x0, 0x9f, 0xff, 0xff, 0xff, 0xff, 0xff, 0x0,
    0x0, 0xef, 0xff, 0xff, 0xff, 0xff, 0xff, 0x50,
    0x4, 0xff, 0xfa, 0x88, 0x88, 0x8f, 0xff, 0xa0,
    0x9, 0xff, 0xf0, 0x0, 0x0, 0xa, 0xff, 0xf0,
    0xe, 0xff, 0xa0, 0x0, 0x0, 0x4, 0xff, 0xf6,
    0x4f, 0xff, 0x50, 0x0, 0x0, 0x0, 0xef, 0xfb,

    /* U+00C5 "Å" */
    0x0, 0x0, 0x0, 0x0, 0x10, 0x0, 0x0, 0x0,
    0x0, 0x0, 0x1, 0xbf, 0xfd, 0x40, 0x0, 0x0,
    0x0, 0x0, 0x9, 0xf7, 0x5d, 0xf0, 0x0, 0x0,
    0x0, 0x0, 0xa, 0xf4, 0x2c, 0xf1, 0x0, 0x0,
    0x0, 0x0, 0x2, 0xdf, 0xff, 0x70, 0x0, 0x0,
    0x0, 0x0, 0x0, 0x3, 0x41, 0x0, 0x0, 0x0,
    0x0, 0x0, 0x2, 0xff, 0xff, 0x70, 0x0, 0x0,
    0x0, 0x0, 0x8, 0xff, 0xff, 0xd0, 0x0, 0x0,
    0x0, 0x0, 0xd, 0xff, 0xff, 0xf2, 0x0, 0x0,
    0x0, 0x0, 0x3f, 0xfe, 0xaf, 0xf8, 0x0, 0x0,
    0x0, 0x0, 0x8f, 0xfa, 0x6f, 0xfd, 0x0, 0x0,
    0x0, 0x0, 0xef, 0xf6, 0x2f, 0xff, 0x30, 0x0,
    0x0, 0x3, 0xff, 0xf2, 0xe, 0xff, 0x90, 0x0,
    0x0, 0x9, 0xff, 0xe0, 0x9, 0xff, 0xe0, 0x0,
    0x0, 0xe, 0xff, 0x90, 0x5, 0xff, 0xf4, 0x0,
    0x0, 0x4f, 0xff, 0x50, 0x0, 0xff, 0xfa, 0x0,
    0x0, 0x9f, 0xff, 0xff, 0xff, 0xff, 0xff, 0x0,
    0x0, 0xef, 0xff, 0xff, 0xff, 0xff, 0xff, 0x50,
    0x4, 0xff, 0xfa, 0x88, 0x88, 0x8f, 0xff, 0xa0,
    0x9, 0xff, 0xf0, 0x0, 0x0, 0xa, 0xff, 0xf0,
    0xe, 0xff, 0xa0, 0x0, 0x0, 0x4, 0xff, 0xf6,
    0x4f, 0xff, 0x50, 0x0, 0x0, 0x0, 0xef, 0xfb,

    /* U+00C6 "Æ" */
    0x0, 0x0, 0x0, 0xc, 0xff, 0xff, 0xff, 0xff,
    0xff, 0xff, 0xf4, 0x0, 0x0, 0x0, 0x3f, 0xff,
    0xff, 0xff, 0xff, 0xff, 0xff, 0xf4, 0x0, 0x0,
    0x0, 0xaf, 0xfb, 0x5f, 0xff, 0xaa, 0xaa, 0xaa,
    0xa3, 0x0, 0x0, 0x1, 0xff, 0xf5, 0x4f, 0xfe,
    0x0, 0x0, 0x0, 0x0, 0x0, 0x0, 0x8, 0xff,
    0xe0, 0x4f, 0xfe, 0x0, 0x0, 0x0, 0x0, 0x0,
    0x0, 0xe, 0xff, 0x80, 0x4f, 0xfe, 0x0, 0x0,
    0x0, 0x0, 0x0, 0x0, 0x5f, 0xff, 0x10, 0x4f,
    0xfe, 0x0, 0x0, 0x0, 0x0, 0x0, 0x0, 0xcf,
    0xfb, 0x0, 0x4f, 0xff, 0xff, 0xff, 0xff, 0xb0,
    0x0, 0x3, 0xff, 0xf4, 0x0, 0x4f, 0xff, 0xff,
    0xff, 0xff, 0xb0, 0x0, 0xa, 0xff, 0xe0, 0x0,
    0x4f, 0xff, 0xaa, 0xaa, 0xaa, 0x70, 0x0, 0x1f,
    0xff, 0xff, 0xff, 0xff, 0xfe, 0x0, 0x0, 0x0,
    0x0, 0x0, 0x8f, 0xff, 0xff, 0xff, 0xff, 0xfe,
    0x0, 0x0, 0x0, 0x0, 0x0, 0xef, 0xfb, 0x55,
    0x55, 0x8f, 0xfe, 0x0, 0x0, 0x0, 0x0, 0x6,
    0xff, 0xf3, 0x0, 0x0, 0x4f, 0xff, 0xbb, 0xbb,
    0xbb, 0xb3, 0xd, 0xff, 0xc0, 0x0, 0x0, 0x4f,
    0xff, 0xff, 0xff, 0xff, 0xf5, 0x4f, 0xff, 0x50,
    0x0, 0x0, 0x4f, 0xff, 0xff, 0xff, 0xff, 0xf5,

    /* U+00C7 "Ç" */
    0x0, 0x0, 0x6b, 0xef, 0xeb, 0x60, 0x0, 0x0,
    0x3, 0xdf, 0xff, 0xff, 0xff, 0xd3, 0x0, 0x2,
    0xff, 0xff, 0xfe, 0xff, 0xff, 0xe2, 0x0, 0xdf,
    0xff, 0x60, 0x0, 0x6f, 0xff, 0xb0, 0x5f, 0xff,
    0x40, 0x0, 0x0, 0x6f, 0xff, 0x1a, 0xff, 0xc0,
    0x0, 0x0, 0x0, 0x88, 0x82, 0xdf, 0xf7, 0x0,
    0x0, 0x0, 0x0, 0x0, 0xe, 0xff, 0x60, 0x0,
    0x0, 0x0, 0x0, 0x0, 0xef, 0xf6, 0x0, 0x0,
    0x0, 0x0, 0x0, 0xd, 0xff, 0x80, 0x0, 0x0,
    0x0, 0x0, 0x0, 0xaf, 0xfc, 0x0, 0x0, 0x0,
    0x1a, 0xaa, 0x25, 0xff, 0xf5, 0x0, 0x0, 0x8,
    0xff, 0xf1, 0xd, 0xff, 0xf8, 0x20, 0x28, 0xff,
    0xfa, 0x0, 0x3f, 0xff, 0xff, 0xff, 0xff, 0xfe,
    0x10, 0x0, 0x3e, 0xff, 0xff, 0xff, 0xfd, 0x20,
    0x0, 0x0, 0x17, 0xcf, 0xff, 0xc7, 0x0, 0x0,
    0x0, 0x0, 0x0, 0x6f, 0x30, 0x0, 0x0, 0x0,
    0x0, 0x0, 0x4, 0x9f, 0xc0, 0x0, 0x0, 0x0,
    0x0, 0x0, 0x44, 0xdf, 0x0, 0x0, 0x0, 0x0,
    0x0, 0xf, 0xfe, 0x70, 0x0, 0x0,

    /* U+00C8 "È" */
    0x0, 0x14, 0x42, 0x0, 0x0, 0x0, 0x0, 0xe,
    0xfd, 0x0, 0x0, 0x0, 0x0, 0x4, 0xff, 0x50,
    0x0, 0x0, 0x0, 0x0, 0x9f, 0xc0, 0x0, 0x0,
    0x0, 0x0, 0x0, 0x0, 0x0, 0x0, 0x8f, 0xff,
    0xff, 0xff, 0xff, 0xf2, 0x8f, 0xff, 0xff, 0xff,
    0xff, 0xf2, 0x8f, 0xfe, 0xaa, 0xaa, 0xaa, 0xa1,
    0x8f, 0xfb, 0x0, 0x0, 0x0, 0x0, 0x8f, 0xfb,
    0x0, 0x0, 0x0, 0x0, 0x8f, 0xfb, 0x0, 0x0,
    0x0, 0x0, 0x8f, 0xfb, 0x0, 0x0, 0x0, 0x0,
    0x8f, 0xff, 0xff, 0xff, 0xff, 0x90, 0x8f, 0xff,
    0xff, 0xff, 0xff, 0x90, 0x8f, 0xfe, 0xaa, 0xaa,
    0xaa, 0x60, 0x8f, 0xfb, 0x0, 0x0, 0x0, 0x0,
    0x8f, 0xfb, 0x0, 0x0, 0x0, 0x0, 0x8f, 0xfb,
    0x0, 0x0, 0x0, 0x0, 0x8f, 0xfe, 0xbb, 0xbb,
    0xbb, 0xb2, 0x8f, 0xff, 0xff, 0xff, 0xff, 0xf3,
    0x8f, 0xff, 0xff, 0xff, 0xff, 0xf3,

    /* U+00C9 "É" */
    0x0, 0x0, 0x0, 0x44, 0x40, 0x0, 0x0, 0x0,
    0x3, 0xff, 0x90, 0x0, 0x0, 0x0, 0xa, 0xfe,
    0x0, 0x0, 0x0, 0x0, 0x2f, 0xf4, 0x0, 0x0,
    0x0, 0x0, 0x0, 0x0, 0x0, 0x0, 0x8f, 0xff,
    0xff, 0xff, 0xff, 0xf2, 0x8f, 0xff, 0xff, 0xff,
    0xff, 0xf2, 0x8f, 0xfe, 0xaa, 0xaa, 0xaa, 0xa1,
    0x8f, 0xfb, 0x0, 0x0, 0x0, 0x0, 0x8f, 0xfb,
    0x0, 0x0, 0x0, 0x0, 0x8f, 0xfb, 0x0, 0x0,
    0x0, 0x0, 0x8f, 0xfb, 0x0, 0x0, 0x0, 0x0,
    0x8f, 0xff, 0xff, 0xff, 0xff, 0x90, 0x8f, 0xff,
    0xff, 0xff, 0xff, 0x90, 0x8f, 0xfe, 0xaa, 0xaa,
    0xaa, 0x60, 0x8f, 0xfb, 0x0, 0x0, 0x0, 0x0,
    0x8f, 0xfb, 0x0, 0x0, 0x0, 0x0, 0x8f, 0xfb,
    0x0, 0x0, 0x0, 0x0, 0x8f, 0xfe, 0xbb, 0xbb,
    0xbb, 0xb2, 0x8f, 0xff, 0xff, 0xff, 0xff, 0xf3,
    0x8f, 0xff, 0xff, 0xff, 0xff, 0xf3,

    /* U+00CA "Ê" */
    0x0, 0x0, 0x58, 0x82, 0x0, 0x0, 0x0, 0x7,
    0xff, 0xfe, 0x20, 0x0, 0x0, 0x8f, 0xf3, 0x8f,
    0xe3, 0x0, 0x2, 0x88, 0x40, 0x6, 0x87, 0x0,
    0x0, 0x0, 0x0, 0x0, 0x0, 0x0, 0x8f, 0xff,
    0xff, 0xff, 0xff, 0xf2, 0x8f, 0xff, 0xff, 0xff,
    0xff, 0xf2, 0x8f, 0xfe, 0xaa, 0xaa, 0xaa, 0xa1,
    0x8f, 0xfb, 0x0, 0x0, 0x0, 0x0, 0x8f, 0xfb,
    0x0, 0x0, 0x0, 0x0, 0x8f, 0xfb, 0x0, 0x0,
    0x0, 0x0, 0x8f, 0xfb, 0x0, 0x0, 0x0, 0x0,
    0x8f, 0xff, 0xff, 0xff, 0xff, 0x90, 0x8f, 0xff,
    0xff, 0xff, 0xff, 0x90, 0x8f, 0xfe, 0xaa, 0xaa,
    0xaa, 0x60, 0x8f, 0xfb, 0x0, 0x0, 0x0, 0x0,
    0x8f, 0xfb, 0x0, 0x0, 0x0, 0x0, 0x8f, 0xfb,
    0x0, 0x0, 0x0, 0x0, 0x8f, 0xfe, 0xbb, 0xbb,
    0xbb, 0xb2, 0x8f, 0xff, 0xff, 0xff, 0xff, 0xf3,
    0x8f, 0xff, 0xff, 0xff, 0xff, 0xf3,

    /* U+00CB "Ë" */
    0x0, 0x0, 0x0, 0x0, 0x0, 0x0, 0x0, 0xbf,
    0x90, 0x1d, 0xf6, 0x0, 0x1, 0xff, 0xf0, 0x5f,
    0xfc, 0x0, 0x0, 0xaf, 0x80, 0x1c, 0xe5, 0x0,
    0x0, 0x0, 0x0, 0x0, 0x0, 0x0, 0x8f, 0xff,
    0xff, 0xff, 0xff, 0xf2, 0x8f, 0xff, 0xff, 0xff,
    0xff, 0xf2, 0x8f, 0xfe, 0xaa, 0xaa, 0xaa, 0xa1,
    0x8f, 0xfb, 0x0, 0x0, 0x0, 0x0, 0x8f, 0xfb,
    0x0, 0x0, 0x0, 0x0, 0x8f, 0xfb, 0x0, 0x0,
    0x0, 0x0, 0x8f, 0xfb, 0x0, 0x0, 0x0, 0x0,
    0x8f, 0xff, 0xff, 0xff, 0xff, 0x90, 0x8f, 0xff,
    0xff, 0xff, 0xff, 0x90, 0x8f, 0xfe, 0xaa, 0xaa,
    0xaa, 0x60, 0x8f, 0xfb, 0x0, 0x0, 0x0, 0x0,
    0x8f, 0xfb, 0x0, 0x0, 0x0, 0x0, 0x8f, 0xfb,
    0x0, 0x0, 0x0, 0x0, 0x8f, 0xfe, 0xbb, 0xbb,
    0xbb, 0xb2, 0x8f, 0xff, 0xff, 0xff, 0xff, 0xf3,
    0x8f, 0xff, 0xff, 0xff, 0xff, 0xf3,

    /* U+00CC "Ì" */
    0x4, 0x43, 0x0, 0xb, 0xff, 0x20, 0x1, 0xef,
    0x90, 0x0, 0x5f, 0xf1, 0x0, 0x0, 0x0, 0x0,
    0x8f, 0xfb, 0x0, 0x8f, 0xfb, 0x0, 0x8f, 0xfb,
    0x0, 0x8f, 0xfb, 0x0, 0x8f, 0xfb, 0x0, 0x8f,
    0xfb, 0x0, 0x8f, 0xfb, 0x0, 0x8f, 0xfb, 0x0,
    0x8f, 0xfb, 0x0, 0x8f, 0xfb, 0x0, 0x8f, 0xfb,
    0x0, 0x8f, 0xfb, 0x0, 0x8f, 0xfb, 0x0, 0x8f,
    0xfb, 0x0, 0x8f, 0xfb, 0x0, 0x8f, 0xfb,

    /* U+00CD "Í" */
    0x0, 0x34, 0x41, 0x0, 0xef, 0xd0, 0x6, 0xff,
    0x30, 0xd, 0xf8, 0x0, 0x0, 0x0, 0x0, 0x8f,
    0xfb, 0x0, 0x8f, 0xfb, 0x0, 0x8f, 0xfb, 0x0,
    0x8f, 0xfb, 0x0, 0x8f, 0xfb, 0x0, 0x8f, 0xfb,
    0x0, 0x8f, 0xfb, 0x0, 0x8f, 0xfb, 0x0, 0x8f,
    0xfb, 0x0, 0x8f, 0xfb, 0x0, 0x8f, 0xfb, 0x0,
    0x8f, 0xfb, 0x0, 0x8f, 0xfb, 0x0, 0x8f, 0xfb,
    0x0, 0x8f, 0xfb, 0x0, 0x8f, 0xfb, 0x0,

    /* U+00CE "Î" */
    0x0, 0x3, 0x88, 0x40, 0x0, 0x0, 0x4f, 0xff,
    0xf5, 0x0, 0x4, 0xff, 0x74, 0xff, 0x60, 0x7,
    0x86, 0x0, 0x48, 0x71, 0x0, 0x0, 0x0, 0x0,
    0x0, 0x0, 0x8, 0xff, 0xb0, 0x0, 0x0, 0x8,
    0xff, 0xb0, 0x0, 0x0, 0x8, 0xff, 0xb0, 0x0,
    0x0, 0x8, 0xff, 0xb0, 0x0, 0x0, 0x8, 0xff,
    0xb0, 0x0, 0x0, 0x8, 0xff, 0xb0, 0x0, 0x0,
    0x8, 0xff, 0xb0, 0x0, 0x0, 0x8, 0xff, 0xb0,
    0x0, 0x0, 0x8, 0xff, 0xb0, 0x0, 0x0, 0x8,
    0xff, 0xb0, 0x0, 0x0, 0x8, 0xff, 0xb0, 0x0,
    0x0, 0x8, 0xff, 0xb0, 0x0, 0x0, 0x8, 0xff,
    0xb0, 0x0, 0x0, 0x8, 0xff, 0xb0, 0x0, 0x0,
    0x8, 0xff, 0xb0, 0x0, 0x0, 0x8, 0xff, 0xb0,
    0x0,

    /* U+00CF "Ï" */
    0x0, 0x0, 0x0, 0x0, 0x7, 0xfd, 0x0, 0xaf,
    0xa0, 0xdf, 0xf4, 0x1f, 0xff, 0x6, 0xfc, 0x0,
    0x9f, 0x90, 0x0, 0x0, 0x0, 0x0, 0x0, 0x8,
    0xff, 0xb0, 0x0, 0x0, 0x8f, 0xfb, 0x0, 0x0,
    0x8, 0xff, 0xb0, 0x0, 0x0, 0x8f, 0xfb, 0x0,
    0x0, 0x8, 0xff, 0xb0, 0x0, 0x0, 0x8f, 0xfb,
    0x0, 0x0, 0x8, 0xff, 0xb0, 0x0, 0x0, 0x8f,
    0xfb, 0x0, 0x0, 0x8, 0xff, 0xb0, 0x0, 0x0,
    0x8f, 0xfb, 0x0, 0x0, 0x8, 0xff, 0xb0, 0x0,
    0x0, 0x8f, 0xfb, 0x0, 0x0, 0x8, 0xff, 0xb0,
    0x0, 0x0, 0x8f, 0xfb, 0x0, 0x0, 0x8, 0xff,
    0xb0, 0x0, 0x0, 0x8f, 0xfb, 0x0, 0x0,

    /* U+00D0 "Ð" */
    0x0, 0xbf, 0xff, 0xff, 0xfd, 0xa4, 0x0, 0x0,
    0x0, 0xbf, 0xff, 0xff, 0xff, 0xff, 0xb1, 0x0,
    0x0, 0xbf, 0xfe, 0xcc, 0xdf, 0xff, 0xfd, 0x0,
    0x0, 0xbf, 0xf8, 0x0, 0x1, 0x7f, 0xff, 0x90,
    0x0, 0xbf, 0xf8, 0x0, 0x0, 0x7, 0xff, 0xf1,
    0x0, 0xbf, 0xf8, 0x0, 0x0, 0x0, 0xef, 0xf6,
    0x0, 0xbf, 0xf8, 0x0, 0x0, 0x0, 0xbf, 0xf8,
    0xcf, 0xff, 0xff, 0xff, 0xf0, 0x0, 0x9f, 0xfa,
    0xcf, 0xff, 0xff, 0xff, 0xf0, 0x0, 0x9f, 0xfa,
    0x22, 0xcf, 0xf9, 0x22, 0x20, 0x0, 0xbf, 0xf8,
    0x0, 0xbf, 0xf8, 0x0, 0x0, 0x0, 0xff, 0xf6,
    0x0, 0xbf, 0xf8, 0x0, 0x0, 0x7, 0xff, 0xf1,
    0x0, 0xbf, 0xf8, 0x0, 0x0, 0x7f, 0xff, 0x90,
    0x0, 0xbf, 0xfe, 0xcc, 0xdf, 0xff, 0xfd, 0x0,
    0x0, 0xbf, 0xff, 0xff, 0xff, 0xff, 0xb1, 0x0,
    0x0, 0xbf, 0xff, 0xff, 0xfd, 0xa4, 0x0, 0x0,

    /* U+00D1 "Ñ" */
    0x0, 0x0, 0x2a, 0x90, 0x8, 0xc0, 0x0, 0x0,
    0x0, 0xd, 0xff, 0xc1, 0xdf, 0x0, 0x0, 0x0,
    0x3, 0xfa, 0x3f, 0xff, 0x90, 0x0, 0x0, 0x0,
    0x3c, 0x50, 0x2b, 0x90, 0x0, 0x0, 0x0, 0x0,
    0x0, 0x0, 0x0, 0x0, 0x0, 0x8, 0xff, 0xf6,
    0x0, 0x0, 0x0, 0xff, 0xf5, 0x8f, 0xff, 0xf1,
    0x0, 0x0, 0xf, 0xff, 0x58, 0xff, 0xff, 0xa0,
    0x0, 0x0, 0xff, 0xf5, 0x8f, 0xff, 0xff, 0x40,
    0x0, 0xf, 0xff, 0x58, 0xff, 0xcf, 0xfd, 0x0,
    0x0, 0xff, 0xf5, 0x8f, 0xfa, 0xaf, 0xf8, 0x0,
    0xf, 0xff, 0x58, 0xff, 0xb2, 0xff, 0xf2, 0x0,
    0xff, 0xf5, 0x8f, 0xfc, 0x9, 0xff, 0xc0, 0xf,
    0xff, 0x58, 0xff, 0xc0, 0x1f, 0xff, 0x60, 0xff,
    0xf5, 0x8f, 0xfc, 0x0, 0x6f, 0xfe, 0xf, 0xff,
    0x58, 0xff, 0xc0, 0x0, 0xcf, 0xf7, 0xef, 0xf5,
    0x8f, 0xfc, 0x0, 0x2, 0xff, 0xee, 0xff, 0x58,
    0xff, 0xc0, 0x0, 0x8, 0xff, 0xff, 0xf5, 0x8f,
    0xfc, 0x0, 0x0, 0xd, 0xff, 0xff, 0x58, 0xff,
    0xc0, 0x0, 0x0, 0x4f, 0xff, 0xf5, 0x8f, 0xfc,
    0x0, 0x0, 0x0, 0xaf, 0xff, 0x50,

    /* U+00D2 "Ò" */
    0x0, 0x0, 0x8f, 0xf5, 0x0, 0x0, 0x0, 0x0,
    0x0, 0x0, 0xdf, 0xd0, 0x0, 0x0, 0x0, 0x0,
    0x0, 0x2, 0xff, 0x40, 0x0, 0x0, 0x0, 0x0,
    0x0, 0x3, 0x42, 0x0, 0x0, 0x0, 0x0, 0x0,
    0x0, 0x0, 0x0, 0x0, 0x0, 0x0, 0x0, 0x6,
    0xbe, 0xfe, 0xb5, 0x0, 0x0, 0x0, 0x3d, 0xff,
    0xff, 0xff, 0xfd, 0x20, 0x0, 0x2f, 0xff, 0xff,
    0xef, 0xff, 0xff, 0x20, 0xd, 0xff, 0xf6, 0x0,
    0x6, 0xff, 0xfc, 0x5, 0xff, 0xf4, 0x0, 0x0,
    0x5, 0xff, 0xf4, 0xaf, 0xfc, 0x0, 0x0, 0x0,
    0xd, 0xff, 0x9d, 0xff, 0x70, 0x0, 0x0, 0x0,
    0x8f, 0xfc, 0xef, 0xf6, 0x0, 0x0, 0x0, 0x6,
    0xff, 0xee, 0xff, 0x60, 0x0, 0x0, 0x0, 0x6f,
    0xfe, 0xdf, 0xf7, 0x0, 0x0, 0x0, 0x8, 0xff,
    0xca, 0xff, 0xc0, 0x0, 0x0, 0x0, 0xdf, 0xf9,
    0x5f, 0xff, 0x40, 0x0, 0x0, 0x5f, 0xff, 0x40,
    0xdf, 0xff, 0x60, 0x0, 0x6f, 0xff, 0xc0, 0x2,
    0xff, 0xff, 0xfe, 0xff, 0xff, 0xf2, 0x0, 0x3,
    0xdf, 0xff, 0xff, 0xff, 0xd2, 0x0, 0x0, 0x0,
    0x6b, 0xef, 0xeb, 0x50, 0x0, 0x0,

    /* U+00D3 "Ó" */
    0x0, 0x0, 0x0, 0x6, 0xff, 0x70, 0x0, 0x0,
    0x0, 0x0, 0x0, 0xdf, 0xc0, 0x0, 0x0, 0x0,
    0x0, 0x0, 0x5f, 0xf2, 0x0, 0x0, 0x0, 0x0,
    0x0, 0x2, 0x43, 0x0, 0x0, 0x0, 0x0, 0x0,
    0x0, 0x0, 0x0, 0x0, 0x0, 0x0, 0x0, 0x6,
    0xbe, 0xfe, 0xb5, 0x0, 0x0, 0x0, 0x3d, 0xff,
    0xff, 0xff, 0xfd, 0x20, 0x0, 0x2f, 0xff, 0xff,
    0xef, 0xff, 0xff, 0x20, 0xd, 0xff, 0xf6, 0x0,
    0x6, 0xff, 0xfc, 0x5, 0xff, 0xf4, 0x0, 0x0,
    0x5, 0xff, 0xf4, 0xaf, 0xfc, 0x0, 0x0, 0x0,
    0xd, 0xff, 0x9d, 0xff, 0x70, 0x0, 0x0, 0x0,
    0x8f, 0xfc, 0xef, 0xf6, 0x0, 0x0, 0x0, 0x6,
    0xff, 0xee, 0xff, 0x60, 0x0, 0x0, 0x0, 0x6f,
    0xfe, 0xdf, 0xf7, 0x0, 0x0, 0x0, 0x8, 0xff,
    0xca, 0xff, 0xc0, 0x0, 0x0, 0x0, 0xdf, 0xf9,
    0x5f, 0xff, 0x40, 0x0, 0x0, 0x5f, 0xff, 0x40,
    0xdf, 0xff, 0x60, 0x0, 0x6f, 0xff, 0xc0, 0x2,
    0xff, 0xff, 0xfe, 0xff, 0xff, 0xf2, 0x0, 0x3,
    0xdf, 0xff, 0xff, 0xff, 0xd2, 0x0, 0x0, 0x0,
    0x6b, 0xef, 0xeb, 0x50, 0x0, 0x0,

    /* U+00D4 "Ô" */
    0x0, 0x0, 0x3, 0xff, 0xf3, 0x0, 0x0, 0x0,
    0x0, 0x2, 0xff, 0xdf, 0xe2, 0x0, 0x0, 0x0,
    0x2, 0xef, 0xb0, 0xcf, 0xd1, 0x0, 0x0, 0x0,
    0x58, 0x71, 0x1, 0x88, 0x40, 0x0, 0x0, 0x0,
    0x0, 0x0, 0x0, 0x0, 0x0, 0x0, 0x0, 0x6,
    0xbe, 0xfe, 0xb5, 0x0, 0x0, 0x0, 0x3d, 0xff,
    0xff, 0xff, 0xfd, 0x20, 0x0, 0x2f, 0xff, 0xff,
    0xef, 0xff, 0xff, 0x20, 0xd, 0xff, 0xf6, 0x0,
    0x6, 0xff, 0xfc, 0x5, 0xff, 0xf4, 0x0, 0x0,
    0x5, 0xff, 0xf4, 0xaf, 0xfc, 0x0, 0x0, 0x0,
    0xd, 0xff, 0x9d, 0xff, 0x70, 0x0, 0x0, 0x0,
    0x8f, 0xfc, 0xef, 0xf6, 0x0, 0x0, 0x0, 0x6,
    0xff, 0xee, 0xff, 0x60, 0x0, 0x0, 0x0, 0x6f,
    0xfe, 0xdf, 0xf7, 0x0, 0x0, 0x0, 0x8, 0xff,
    0xca, 0xff, 0xc0, 0x0, 0x0, 0x0, 0xdf, 0xf9,
    0x5f, 0xff, 0x40, 0x0, 0x0, 0x5f, 0xff, 0x40,
    0xdf, 0xff, 0x60, 0x0, 0x6f, 0xff, 0xc0, 0x2,
    0xff, 0xff, 0xfe, 0xff, 0xff, 0xf2, 0x0, 0x3,
    0xdf, 0xff, 0xff, 0xff, 0xd2, 0x0, 0x0, 0x0,
    0x6b, 0xef, 0xeb, 0x50, 0x0, 0x0,

    /* U+00D5 "Õ" */
    0x0, 0x0, 0x2a, 0xb5, 0x7, 0xc1, 0x0, 0x0,
    0x0, 0xe, 0xff, 0xfd, 0xfe, 0x0, 0x0, 0x0,
    0x2, 0xfa, 0x19, 0xee, 0x40, 0x0, 0x0, 0x0,
    0x0, 0x0, 0x0, 0x0, 0x0, 0x0, 0x0, 0x0,
    0x0, 0x0, 0x0, 0x0, 0x0, 0x0, 0x0, 0x6,
    0xbe, 0xfe, 0xb5, 0x0, 0x0, 0x0, 0x3d, 0xff,
    0xff, 0xff, 0xfd, 0x20, 0x0, 0x2f, 0xff, 0xff,
    0xef, 0xff, 0xff, 0x20, 0xd, 0xff, 0xf6, 0x0,
    0x6, 0xff, 0xfc, 0x5, 0xff, 0xf4, 0x0, 0x0,
    0x5, 0xff, 0xf4, 0xaf, 0xfc, 0x0, 0x0, 0x0,
    0xd, 0xff, 0x9d, 0xff, 0x70, 0x0, 0x0, 0x0,
    0x8f, 0xfc, 0xef, 0xf6, 0x0, 0x0, 0x0, 0x6,
    0xff, 0xee, 0xff, 0x60, 0x0, 0x0, 0x0, 0x6f,
    0xfe, 0xdf, 0xf7, 0x0, 0x0, 0x0, 0x8, 0xff,
    0xca, 0xff, 0xc0, 0x0, 0x0, 0x0, 0xdf, 0xf9,
    0x5f, 0xff, 0x40, 0x0, 0x0, 0x5f, 0xff, 0x40,
    0xdf, 0xff, 0x60, 0x0, 0x6f, 0xff, 0xc0, 0x2,
    0xff, 0xff, 0xfe, 0xff, 0xff, 0xf2, 0x0, 0x3,
    0xdf, 0xff, 0xff, 0xff, 0xd2, 0x0, 0x0, 0x0,
    0x6b, 0xef, 0xeb, 0x50, 0x0, 0x0,

    /* U+00D6 "Ö" */
    0x0, 0x2, 0xde, 0x40, 0x4e, 0xd1, 0x0, 0x0,
    0x0, 0x7f, 0xfa, 0xb, 0xff, 0x60, 0x0, 0x0,
    0x2, 0xef, 0x40, 0x5f, 0xe2, 0x0, 0x0, 0x0,
    0x0, 0x0, 0x0, 0x0, 0x0, 0x0, 0x0, 0x0,
    0x0, 0x0, 0x0, 0x0, 0x0, 0x0, 0x0, 0x6,
    0xbe, 0xfe, 0xb5, 0x0, 0x0, 0x0, 0x3d, 0xff,
    0xff, 0xff, 0xfd, 0x20, 0x0, 0x2f, 0xff, 0xff,
    0xef, 0xff, 0xff, 0x20, 0xd, 0xff, 0xf6, 0x0,
    0x6, 0xff, 0xfc, 0x5, 0xff, 0xf4, 0x0, 0x0,
    0x5, 0xff, 0xf4, 0xaf, 0xfc, 0x0, 0x0, 0x0,
    0xd, 0xff, 0x9d, 0xff, 0x70, 0x0, 0x0, 0x0,
    0x8f, 0xfc, 0xef, 0xf6, 0x0, 0x0, 0x0, 0x6,
    0xff, 0xee, 0xff, 0x60, 0x0, 0x0, 0x0, 0x6f,
    0xfe, 0xdf, 0xf7, 0x0, 0x0, 0x0, 0x8, 0xff,
    0xca, 0xff, 0xc0, 0x0, 0x0, 0x0, 0xdf, 0xf9,
    0x5f, 0xff, 0x40, 0x0, 0x0, 0x5f, 0xff, 0x40,
    0xdf, 0xff, 0x60, 0x0, 0x6f, 0xff, 0xc0, 0x2,
    0xff, 0xff, 0xfe, 0xff, 0xff, 0xf2, 0x0, 0x3,
    0xdf, 0xff, 0xff, 0xff, 0xd2, 0x0, 0x0, 0x0,
    0x6b, 0xef, 0xeb, 0x50, 0x0, 0x0,

    /* U+00D7 "×" */
    0x0, 0x84, 0x0, 0x0, 0x4, 0x80, 0x0, 0x8f,
    0xf4, 0x0, 0x4, 0xff, 0x80, 0xb, 0xff, 0xf4,
    0x4, 0xff, 0xfb, 0x0, 0xb, 0xff, 0xf8, 0xff,
    0xfb, 0x0, 0x0, 0xb, 0xff, 0xff, 0xfa, 0x0,
    0x0, 0x0, 0xc, 0xff, 0xfc, 0x0, 0x0, 0x0,
    0x5, 0xff, 0xff, 0xf4, 0x0, 0x0, 0x5, 0xff,
    0xfe, 0xff, 0xf5, 0x0, 0x5, 0xff, 0xfa, 0xa,
    0xff, 0xf5, 0x0, 0xdf, 0xf9, 0x0, 0xa, 0xff,
    0xd0, 0x1, 0xd9, 0x0, 0x0, 0xa, 0xd1, 0x0,
    0x1, 0x0, 0x0, 0x0, 0x1, 0x0,

    /* U+00D8 "Ø" */
    0x0, 0x0, 0x0, 0x0, 0x0, 0x0, 0x30, 0x0,
    0x0, 0x6, 0xbe, 0xfe, 0xb5, 0x4f, 0xa0, 0x0,
    0x3d, 0xff, 0xff, 0xff, 0xff, 0xf6, 0x0, 0x2f,
    0xff, 0xff, 0xef, 0xff, 0xff, 0x20, 0xd, 0xff,
    0xf6, 0x0, 0xa, 0xff, 0xfc, 0x5, 0xff, 0xf4,
    0x0, 0x2, 0xff, 0xff, 0xf4, 0xaf, 0xfc, 0x0,
    0x0, 0xdf, 0x7d, 0xff, 0x9d, 0xff, 0x70, 0x0,
    0x9f, 0xc0, 0x8f, 0xfc, 0xef, 0xf6, 0x0, 0x5f,
    0xe1, 0x6, 0xff, 0xee, 0xff, 0x60, 0x1e, 0xf4,
    0x0, 0x6f, 0xfe, 0xdf, 0xf7, 0xc, 0xf9, 0x0,
    0x8, 0xff, 0xca, 0xff, 0xc8, 0xfc, 0x0, 0x0,
    0xdf, 0xf9, 0x4f, 0xff, 0xff, 0x20, 0x0, 0x5f,
    0xff, 0x40, 0xdf, 0xff, 0xa0, 0x0, 0x6f, 0xff,
    0xc0, 0x2, 0xff, 0xff, 0xfe, 0xff, 0xff, 0xf2,
    0x0, 0x6f, 0xff, 0xff, 0xff, 0xff, 0xd2, 0x0,
    0xb, 0xf4, 0x6b, 0xef, 0xeb, 0x50, 0x0, 0x0,
    0x3, 0x0, 0x0, 0x0, 0x0, 0x0, 0x0,

    /* U+00D9 "Ù" */
    0x0, 0x0, 0xef, 0xe0, 0x0, 0x0, 0x0, 0x0,
    0x0, 0x4f, 0xf6, 0x0, 0x0, 0x0, 0x0, 0x0,
    0x9, 0xfd, 0x0, 0x0, 0x0, 0x0, 0x0, 0x0,
    0x44, 0x0, 0x0, 0x0, 0x0, 0x0, 0x0, 0x0,
    0x0, 0x0, 0x0, 0x8f, 0xfb, 0x0, 0x0, 0x0,
    0xaf, 0xfa, 0x8f, 0xfb, 0x0, 0x0, 0x0, 0xaf,
    0xfa, 0x8f, 0xfb, 0x0, 0x0, 0x0, 0xaf, 0xfa,
    0x8f, 0xfb, 0x0, 0x0, 0x0, 0xaf, 0xfa, 0x8f,
    0xfb, 0x0, 0x0, 0x0, 0xaf, 0xfa, 0x8f, 0xfb,
    0x0, 0x0, 0x0, 0xaf, 0xfa, 0x8f, 0xfb, 0x0,
    0x0, 0x0, 0xaf, 0xfa, 0x8f, 0xfb, 0x0, 0x0,
    0x0, 0xaf, 0xfa, 0x8f, 0xfb, 0x0, 0x0, 0x0,
    0xaf, 0xfa, 0x8f, 0xfb, 0x0, 0x0, 0x0, 0xaf,
    0xfa, 0x8f, 0xfc, 0x0, 0x0, 0x0, 0xbf, 0xf9,
    0x6f, 0xff, 0x20, 0x0, 0x1, 0xff, 0xf7, 0x1f,
    0xff, 0xd3, 0x0, 0x2c, 0xff, 0xf2, 0x8, 0xff,
    0xff, 0xee, 0xff, 0xff, 0x90, 0x0, 0x8f, 0xff,
    0xff, 0xff, 0xfa, 0x0, 0x0, 0x3, 0x9d, 0xff,
    0xd9, 0x40, 0x0,

    /* U+00DA "Ú" */
    0x0, 0x0, 0x0, 0xd, 0xfe, 0x10, 0x0, 0x0,
    0x0, 0x0, 0x4f, 0xf5, 0x0, 0x0, 0x0, 0x0,
    0x0, 0xcf, 0xa0, 0x0, 0x0, 0x0, 0x0, 0x0,
    0x44, 0x10, 0x0, 0x0, 0x0, 0x0, 0x0, 0x0,
    0x0, 0x0, 0x0, 0x8f, 0xfb, 0x0, 0x0, 0x0,
    0xaf, 0xfa, 0x8f, 0xfb, 0x0, 0x0, 0x0, 0xaf,
    0xfa, 0x8f, 0xfb, 0x0, 0x0, 0x0, 0xaf, 0xfa,
    0x8f, 0xfb, 0x0, 0x0, 0x0, 0xaf, 0xfa, 0x8f,
    0xfb, 0x0, 0x0, 0x0, 0xaf, 0xfa, 0x8f, 0xfb,
    0x0, 0x0, 0x0, 0xaf, 0xfa, 0x8f, 0xfb, 0x0,
    0x0, 0x0, 0xaf, 0xfa, 0x8f, 0xfb, 0x0, 0x0,
    0x0, 0xaf, 0xfa, 0x8f, 0xfb, 0x0, 0x0, 0x0,
    0xaf, 0xfa, 0x8f, 0xfb, 0x0, 0x0, 0x0, 0xaf,
    0xfa, 0x8f, 0xfc, 0x0, 0x0, 0x0, 0xbf, 0xf9,
    0x6f, 0xff, 0x20, 0x0, 0x1, 0xff, 0xf7, 0x1f,
    0xff, 0xd3, 0x0, 0x2c, 0xff, 0xf2, 0x8, 0xff,
    0xff, 0xee, 0xff, 0xff, 0x90, 0x0, 0x8f, 0xff,
    0xff, 0xff, 0xfa, 0x0, 0x0, 0x3, 0x9d, 0xff,
    0xd9, 0x40, 0x0,

    /* U+00DB "Û" */
    0x0, 0x0, 0xa, 0xff, 0xb0, 0x0, 0x0, 0x0,
    0x0, 0x8f, 0xee, 0xf9, 0x0, 0x0, 0x0, 0x7,
    0xff, 0x43, 0xff, 0x80, 0x0, 0x0, 0x17, 0x85,
    0x0, 0x48, 0x71, 0x0, 0x0, 0x0, 0x0, 0x0,
    0x0, 0x0, 0x0, 0x8f, 0xfb, 0x0, 0x0, 0x0,
    0xaf, 0xfa, 0x8f, 0xfb, 0x0, 0x0, 0x0, 0xaf,
    0xfa, 0x8f, 0xfb, 0x0, 0x0, 0x0, 0xaf, 0xfa,
    0x8f, 0xfb, 0x0, 0x0, 0x0, 0xaf, 0xfa, 0x8f,
    0xfb, 0x0, 0x0, 0x0, 0xaf, 0xfa, 0x8f, 0xfb,
    0x0, 0x0, 0x0, 0xaf, 0xfa, 0x8f, 0xfb, 0x0,
    0x0, 0x0, 0xaf, 0xfa, 0x8f, 0xfb, 0x0, 0x0,
    0x0, 0xaf, 0xfa, 0x8f, 0xfb, 0x0, 0x0, 0x0,
    0xaf, 0xfa, 0x8f, 0xfb, 0x0, 0x0, 0x0, 0xaf,
    0xfa, 0x8f, 0xfc, 0x0, 0x0, 0x0, 0xbf, 0xf9,
    0x6f, 0xff, 0x20, 0x0, 0x1, 0xff, 0xf7, 0x1f,
    0xff, 0xd3, 0x0, 0x2c, 0xff, 0xf2, 0x8, 0xff,
    0xff, 0xee, 0xff, 0xff, 0x90, 0x0, 0x8f, 0xff,
    0xff, 0xff, 0xfa, 0x0, 0x0, 0x3, 0x9d, 0xff,
    0xd9, 0x40, 0x0,

    /* U+00DC "Ü" */
    0x0, 0x6, 0xfb, 0x0, 0xaf, 0x80, 0x0, 0x0,
    0xe, 0xff, 0x32, 0xff, 0xf0, 0x0, 0x0, 0x7,
    0xfc, 0x0, 0xbf, 0x90, 0x0, 0x0, 0x0, 0x0,
    0x0, 0x0, 0x0, 0x0, 0x0, 0x0, 0x0, 0x0,
    0x0, 0x0, 0x0, 0x8f, 0xfb, 0x0, 0x0, 0x0,
    0xaf, 0xfa, 0x8f, 0xfb, 0x0, 0x0, 0x0, 0xaf,
    0xfa, 0x8f, 0xfb, 0x0, 0x0, 0x0, 0xaf, 0xfa,
    0x8f, 0xfb, 0x0, 0x0, 0x0, 0xaf, 0xfa, 0x8f,
    0xfb, 0x0, 0x0, 0x0, 0xaf, 0xfa, 0x8f, 0xfb,
    0x0, 0x0, 0x0, 0xaf, 0xfa, 0x8f, 0xfb, 0x0,
    0x0, 0x0, 0xaf, 0xfa, 0x8f, 0xfb, 0x0, 0x0,
    0x0, 0xaf, 0xfa, 0x8f, 0xfb, 0x0, 0x0, 0x0,
    0xaf, 0xfa, 0x8f, 0xfb, 0x0, 0x0, 0x0, 0xaf,
    0xfa, 0x8f, 0xfc, 0x0, 0x0, 0x0, 0xbf, 0xf9,
    0x6f, 0xff, 0x20, 0x0, 0x1, 0xff, 0xf7, 0x1f,
    0xff, 0xd3, 0x0, 0x2c, 0xff, 0xf2, 0x8, 0xff,
    0xff, 0xee, 0xff, 0xff, 0x90, 0x0, 0x8f, 0xff,
    0xff, 0xff, 0xfa, 0x0, 0x0, 0x3, 0x9d, 0xff,
    0xd9, 0x40, 0x0,

    /* U+00DD "Ý" */
    0x0, 0x0, 0x0, 0x0, 0x34, 0x41, 0x0, 0x0,
    0x0, 0x0, 0x0, 0x0, 0xef, 0xc0, 0x0, 0x0,
    0x0, 0x0, 0x0, 0x7, 0xff, 0x20, 0x0, 0x0,
    0x0, 0x0, 0x0, 0xe, 0xf7, 0x0, 0x0, 0x0,
    0x0, 0x0, 0x0, 0x0, 0x0, 0x0, 0x0, 0x0,
    0x2f, 0xff, 0xa0, 0x0, 0x0, 0x8, 0xff, 0xf4,
    0x9, 0xff, 0xf2, 0x0, 0x0, 0x1f, 0xff, 0xa0,
    0x1, 0xef, 0xfb, 0x0, 0x0, 0x9f, 0xff, 0x20,
    0x0, 0x6f, 0xff, 0x40, 0x2, 0xff, 0xf8, 0x0,
    0x0, 0xc, 0xff, 0xc0, 0xa, 0xff, 0xe0, 0x0,
    0x0, 0x3, 0xff, 0xf5, 0x2f, 0xff, 0x50, 0x0,
    0x0, 0x0, 0x9f, 0xfc, 0x9f, 0xfc, 0x0, 0x0,
    0x0, 0x0, 0x1e, 0xff, 0xff, 0xf2, 0x0, 0x0,
    0x0, 0x0, 0x6, 0xff, 0xff, 0x90, 0x0, 0x0,
    0x0, 0x0, 0x0, 0xdf, 0xfe, 0x10, 0x0, 0x0,
    0x0, 0x0, 0x0, 0x8f, 0xfb, 0x0, 0x0, 0x0,
    0x0, 0x0, 0x0, 0x8f, 0xfb, 0x0, 0x0, 0x0,
    0x0, 0x0, 0x0, 0x8f, 0xfb, 0x0, 0x0, 0x0,
    0x0, 0x0, 0x0, 0x8f, 0xfb, 0x0, 0x0, 0x0,
    0x0, 0x0, 0x0, 0x8f, 0xfb, 0x0, 0x0, 0x0,
    0x0, 0x0, 0x0, 0x8f, 0xfb, 0x0, 0x0, 0x0,

    /* U+00DE "Þ" */
    0x9f, 0xfb, 0x0, 0x0, 0x0, 0x0, 0x9, 0xff,
    0xb0, 0x0, 0x0, 0x0, 0x0, 0x9f, 0xfb, 0x0,
    0x0, 0x0, 0x0, 0x9, 0xff, 0xff, 0xff, 0xda,
    0x30, 0x0, 0x9f, 0xff, 0xff, 0xff, 0xff, 0x80,
    0x9, 0xff, 0xd8, 0x89, 0xcf, 0xff, 0x60, 0x9f,
    0xfb, 0x0, 0x0, 0x9f, 0xfd, 0x9, 0xff, 0xb0,
    0x0, 0x2, 0xff, 0xf0, 0x9f, 0xfb, 0x0, 0x0,
    0x4f, 0xfe, 0x9, 0xff, 0xb0, 0x0, 0x4d, 0xff,
    0xa0, 0x9f, 0xff, 0xff, 0xff, 0xff, 0xe2, 0x9,
    0xff, 0xff, 0xff, 0xff, 0xc2, 0x0, 0x9f, 0xfd,
    0x88, 0x76, 0x20, 0x0, 0x9, 0xff, 0xb0, 0x0,
    0x0, 0x0, 0x0, 0x9f, 0xfb, 0x0, 0x0, 0x0,
    0x0, 0x9, 0xff, 0xb0, 0x0, 0x0, 0x0, 0x0,

    /* U+00DF "ß" */
    0x0, 0x29, 0xdf, 0xfd, 0x81, 0x0, 0x0, 0x6f,
    0xff, 0xff, 0xff, 0xf4, 0x0, 0x1f, 0xff, 0xfc,
    0xcf, 0xff, 0xf1, 0x6, 0xff, 0xf3, 0x0, 0x4f,
    0xff, 0x60, 0x8f, 0xfb, 0x0, 0x0, 0xdf, 0xf7,
    0x8, 0xff, 0xa0, 0x0, 0xe, 0xff, 0x50, 0x8f,
    0xfa, 0x0, 0x8, 0xff, 0xd0, 0x8, 0xff, 0xa0,
    0x8f, 0xff, 0xa1, 0x0, 0x8f, 0xfa, 0x8, 0xff,
    0xff, 0xb1, 0x8, 0xff, 0xa0, 0x48, 0x9e, 0xff,
    0xd0, 0x8f, 0xfa, 0x0, 0x0, 0x1e, 0xff, 0x68,
    0xff, 0xa0, 0x0, 0x0, 0xbf, 0xf8, 0x8f, 0xfa,
    0x0, 0x0, 0x1e, 0xff, 0x88, 0xff, 0xa0, 0x59,
    0xaf, 0xff, 0xf3, 0x8f, 0xfa, 0x9, 0xff, 0xff,
    0xf8, 0x8, 0xff, 0xa0, 0x9f, 0xfe, 0xb4, 0x0,

    /* U+00E0 "à" */
    0x0, 0xa, 0xff, 0x30, 0x0, 0x0, 0x0, 0x1,
    0xef, 0xa0, 0x0, 0x0, 0x0, 0x0, 0x5f, 0xf2,
    0x0, 0x0, 0x0, 0x0, 0x4, 0x41, 0x0, 0x0,
    0x0, 0x0, 0x0, 0x0, 0x0, 0x0, 0x0, 0x6,
    0xce, 0xfd, 0xa3, 0x0, 0x0, 0xcf, 0xff, 0xff,
    0xff, 0x60, 0x9, 0xff, 0xe7, 0x6b, 0xff, 0xf1,
    0x3, 0x69, 0x20, 0x0, 0xef, 0xf5, 0x0, 0x0,
    0x0, 0x25, 0xff, 0xf6, 0x0, 0x4a, 0xef, 0xff,
    0xff, 0xf6, 0x8, 0xff, 0xff, 0xc9, 0xef, 0xf6,
    0x1f, 0xff, 0x50, 0x0, 0xcf, 0xf6, 0x3f, 0xfe,
    0x0, 0x1, 0xff, 0xf6, 0x1f, 0xff, 0x84, 0x5e,
    0xff, 0xf6, 0xa, 0xff, 0xff, 0xfd, 0xbf, 0xf6,
    0x0, 0x7d, 0xfe, 0xa1, 0xaf, 0xf6,

    /* U+00E1 "á" */
    0x0, 0x0, 0x0, 0x9f, 0xf4, 0x0, 0x0, 0x0,
    0x1, 0xff, 0xa0, 0x0, 0x0, 0x0, 0x7, 0xfe,
    0x10, 0x0, 0x0, 0x0, 0x3, 0x42, 0x0, 0x0,
    0x0, 0x0, 0x0, 0x0, 0x0, 0x0, 0x0, 0x6,
    0xce, 0xfd, 0xa3, 0x0, 0x0, 0xcf, 0xff, 0xff,
    0xff, 0x60, 0x9, 0xff, 0xe7, 0x6b, 0xff, 0xf1,
    0x3, 0x69, 0x20, 0x0, 0xef, 0xf5, 0x0, 0x0,
    0x0, 0x25, 0xff, 0xf6, 0x0, 0x4a, 0xef, 0xff,
    0xff, 0xf6, 0x8, 0xff, 0xff, 0xc9, 0xef, 0xf6,
    0x1f, 0xff, 0x50, 0x0, 0xcf, 0xf6, 0x3f, 0xfe,
    0x0, 0x1, 0xff, 0xf6, 0x1f, 0xff, 0x84, 0x5e,
    0xff, 0xf6, 0xa, 0xff, 0xff, 0xfd, 0xbf, 0xf6,
    0x0, 0x7d, 0xfe, 0xa1, 0xaf, 0xf6,

    /* U+00E2 "â" */
    0x0, 0x0, 0x5f, 0xfe, 0x10, 0x0, 0x0, 0x4,
    0xff, 0xdf, 0xd1, 0x0, 0x0, 0x3f, 0xf9, 0xd,
    0xfc, 0x0, 0x0, 0x68, 0x70, 0x2, 0x88, 0x30,
    0x0, 0x0, 0x0, 0x0, 0x0, 0x0, 0x0, 0x6,
    0xce, 0xfd, 0xa3, 0x0, 0x0, 0xcf, 0xff, 0xff,
    0xff, 0x60, 0x9, 0xff, 0xe7, 0x6b, 0xff, 0xf1,
    0x3, 0x69, 0x20, 0x0, 0xef, 0xf5, 0x0, 0x0,
    0x0, 0x25, 0xff, 0xf6, 0x0, 0x4a, 0xef, 0xff,
    0xff, 0xf6, 0x8, 0xff, 0xff, 0xc9, 0xef, 0xf6,
    0x1f, 0xff, 0x50, 0x0, 0xcf, 0xf6, 0x3f, 0xfe,
    0x0, 0x1, 0xff, 0xf6, 0x1f, 0xff, 0x84, 0x5e,
    0xff, 0xf6, 0xa, 0xff, 0xff, 0xfd, 0xbf, 0xf6,
    0x0, 0x7d, 0xfe, 0xa1, 0xaf, 0xf6,

    /* U+00E3 "ã" */
    0x0, 0xa, 0xff, 0xff, 0xfe, 0x0, 0x0, 0x3c,
    0xcc, 0xcc, 0xa3, 0x0, 0x0, 0x0, 0x0, 0x0,
    0x0, 0x0, 0x0, 0x0, 0x0, 0x0, 0x0, 0x0,
    0x0, 0x6, 0xce, 0xfd, 0xa3, 0x0, 0x0, 0xcf,
    0xff, 0xff, 0xff, 0x60, 0x9, 0xff, 0xe7, 0x6b,
    0xff, 0xf1, 0x3, 0x69, 0x20, 0x0, 0xef, 0xf5,
    0x0, 0x0, 0x0, 0x25, 0xff, 0xf6, 0x0, 0x4a,
    0xef, 0xff, 0xff, 0xf6, 0x8, 0xff, 0xff, 0xc9,
    0xef, 0xf6, 0x1f, 0xff, 0x50, 0x0, 0xcf, 0xf6,
    0x3f, 0xfe, 0x0, 0x1, 0xff, 0xf6, 0x1f, 0xff,
    0x84, 0x5e, 0xff, 0xf6, 0xa, 0xff, 0xff, 0xfd,
    0xbf, 0xf6, 0x0, 0x7d, 0xfe, 0xa1, 0xaf, 0xf6,

    /* U+00E4 "ä" */
    0x0, 0x3e, 0xd2, 0x6, 0xfb, 0x0, 0x0, 0x9f,
    0xf7, 0xd, 0xff, 0x40, 0x0, 0x4f, 0xe3, 0x7,
    0xfd, 0x0, 0x0, 0x0, 0x0, 0x0, 0x0, 0x0,
    0x0, 0x0, 0x0, 0x0, 0x0, 0x0, 0x0, 0x6,
    0xce, 0xfd, 0xa3, 0x0, 0x0, 0xcf, 0xff, 0xff,
    0xff, 0x60, 0x9, 0xff, 0xe7, 0x6b, 0xff, 0xf1,
    0x3, 0x69, 0x20, 0x0, 0xef, 0xf5, 0x0, 0x0,
    0x0, 0x25, 0xff, 0xf6, 0x0, 0x4a, 0xef, 0xff,
    0xff, 0xf6, 0x8, 0xff, 0xff, 0xc9, 0xef, 0xf6,
    0x1f, 0xff, 0x50, 0x0, 0xcf, 0xf6, 0x3f, 0xfe,
    0x0, 0x1, 0xff, 0xf6, 0x1f, 0xff, 0x84, 0x5e,
    0xff, 0xf6, 0xa, 0xff, 0xff, 0xfd, 0xbf, 0xf6,
    0x0, 0x7d, 0xfe, 0xa1, 0xaf, 0xf6,

    /* U+00E5 "å" */
    0x0, 0x0, 0x0, 0x10, 0x0, 0x0, 0x0, 0x0,
    0x7f, 0xfe, 0x30, 0x0, 0x0, 0x5, 0xfb, 0x6d,
    0xe0, 0x0, 0x0, 0x9, 0xf1, 0x6, 0xf3, 0x0,
    0x0, 0x6, 0xf8, 0x3c, 0xf1, 0x0, 0x0, 0x0,
    0xaf, 0xff, 0x60, 0x0, 0x0, 0x0, 0x2, 0x41,
    0x0, 0x0, 0x0, 0x6, 0xce, 0xfd, 0xa3, 0x0,
    0x0, 0xcf, 0xff, 0xff, 0xff, 0x60, 0x9, 0xff,
    0xe7, 0x6b, 0xff, 0xf1, 0x3, 0x69, 0x20, 0x0,
    0xef, 0xf5, 0x0, 0x0, 0x0, 0x25, 0xff, 0xf6,
    0x0, 0x4a, 0xef, 0xff, 0xff, 0xf6, 0x8, 0xff,
    0xff, 0xc9, 0xef, 0xf6, 0x1f, 0xff, 0x50, 0x0,
    0xcf, 0xf6, 0x3f, 0xfe, 0x0, 0x1, 0xff, 0xf6,
    0x1f, 0xff, 0x84, 0x5e, 0xff, 0xf6, 0xa, 0xff,
    0xff, 0xfd, 0xbf, 0xf6, 0x0, 0x7d, 0xfe, 0xa1,
    0xaf, 0xf6,

    /* U+00E6 "æ" */
    0x0, 0x6, 0xce, 0xfe, 0x91, 0x29, 0xef, 0xeb,
    0x40, 0x0, 0x0, 0xcf, 0xff, 0xff, 0xfe, 0xff,
    0xff, 0xff, 0xf7, 0x0, 0x9, 0xff, 0xe8, 0x6b,
    0xff, 0xff, 0x96, 0x8f, 0xff, 0x40, 0x4, 0x8a,
    0x30, 0x0, 0xef, 0xf8, 0x0, 0x5, 0xff, 0xc0,
    0x0, 0x0, 0x0, 0x0, 0xdf, 0xf2, 0x0, 0x0,
    0xff, 0xf0, 0x0, 0x39, 0xdf, 0xff, 0xff, 0xff,
    0xff, 0xff, 0xff, 0xf2, 0x6, 0xff, 0xff, 0xff,
    0xff, 0xff, 0xff, 0xff, 0xff, 0xf3, 0x1f, 0xff,
    0x71, 0x0, 0xdf, 0xf0, 0x0, 0x0, 0x0, 0x0,
    0x3f, 0xfe, 0x0, 0x1, 0xff, 0xf7, 0x0, 0x1,
    0x98, 0x70, 0x2f, 0xff, 0xa6, 0x8e, 0xff, 0xff,
    0xa6, 0x8e, 0xff, 0xb0, 0xa, 0xff, 0xff, 0xff,
    0xd6, 0xff, 0xff, 0xff, 0xfd, 0x10, 0x0, 0x7d,
    0xff, 0xc7, 0x0, 0x2a, 0xef, 0xfc, 0x70, 0x0,

    /* U+00E7 "ç" */
    0x0, 0x3, 0x9d, 0xff, 0xc5, 0x0, 0x0, 0x6,
    0xff, 0xff, 0xff, 0xfc, 0x0, 0x3, 0xff, 0xfd,
    0x8a, 0xff, 0xf9, 0x0, 0xbf, 0xfc, 0x0, 0x4,
    0xff, 0xd0, 0xf, 0xff, 0x50, 0x0, 0x3, 0x10,
    0x1, 0xff, 0xf2, 0x0, 0x0, 0x0, 0x0, 0xf,
    0xff, 0x30, 0x0, 0x0, 0x0, 0x0, 0xef, 0xf8,
    0x0, 0x1, 0xca, 0x70, 0x8, 0xff, 0xf5, 0x2,
    0xbf, 0xfd, 0x0, 0xd, 0xff, 0xff, 0xff, 0xff,
    0x40, 0x0, 0x1a, 0xff, 0xff, 0xfd, 0x40, 0x0,
    0x0, 0x2, 0x6f, 0x94, 0x0, 0x0, 0x0, 0x0,
    0x2, 0xfd, 0x80, 0x0, 0x0, 0x0, 0x0, 0x2,
    0x8f, 0x50, 0x0, 0x0, 0x0, 0x2, 0x4a, 0xf5,
    0x0, 0x0, 0x0, 0x0, 0xaf, 0xfa, 0x0, 0x0,

    /* U+00E8 "è" */
    0x0, 0x6, 0xff, 0x70, 0x0, 0x0, 0x0, 0x0,
    0xb, 0xfe, 0x0, 0x0, 0x0, 0x0, 0x0, 0x1f,
    0xf6, 0x0, 0x0, 0x0, 0x0, 0x0, 0x24, 0x30,
    0x0, 0x0, 0x0, 0x0, 0x0, 0x0, 0x0, 0x0,
    0x0, 0x0, 0x29, 0xdf, 0xeb, 0x40, 0x0, 0x0,
    0x5f, 0xff, 0xff, 0xff, 0x80, 0x0, 0x2f, 0xff,
    0xb6, 0x8f, 0xff, 0x50, 0xa, 0xff, 0x90, 0x0,
    0x5f, 0xfd, 0x0, 0xff, 0xf3, 0x0, 0x0, 0xef,
    0xf1, 0x1f, 0xff, 0xff, 0xff, 0xff, 0xff, 0x31,
    0xff, 0xff, 0xff, 0xff, 0xff, 0xf4, 0xf, 0xff,
    0x20, 0x0, 0x0, 0x0, 0x0, 0xaf, 0xf8, 0x0,
    0x0, 0x86, 0x40, 0x3, 0xff, 0xfb, 0x67, 0xdf,
    0xfc, 0x0, 0x6, 0xff, 0xff, 0xff, 0xfe, 0x20,
    0x0, 0x2, 0x9d, 0xff, 0xc7, 0x10, 0x0,

    /* U+00E9 "é" */
    0x0, 0x0, 0x0, 0x5f, 0xf8, 0x0, 0x0, 0x0,
    0x0, 0xc, 0xfd, 0x0, 0x0, 0x0, 0x0, 0x3,
    0xff, 0x30, 0x0, 0x0, 0x0, 0x0, 0x24, 0x30,
    0x0, 0x0, 0x0, 0x0, 0x0, 0x0, 0x0, 0x0,
    0x0, 0x0, 0x29, 0xdf, 0xeb, 0x40, 0x0, 0x0,
    0x5f, 0xff, 0xff, 0xff, 0x80, 0x0, 0x2f, 0xff,
    0xb6, 0x8f, 0xff, 0x50, 0xa, 0xff, 0x90, 0x0,
    0x5f, 0xfd, 0x0, 0xff, 0xf3, 0x0, 0x0, 0xef,
    0xf1, 0x1f, 0xff, 0xff, 0xff, 0xff, 0xff, 0x31,
    0xff, 0xff, 0xff, 0xff, 0xff, 0xf4, 0xf, 0xff,
    0x20, 0x0, 0x0, 0x0, 0x0, 0xaf, 0xf8, 0x0,
    0x0, 0x86, 0x40, 0x3, 0xff, 0xfb, 0x67, 0xdf,
    0xfc, 0x0, 0x6, 0xff, 0xff, 0xff, 0xfe, 0x20,
    0x0, 0x2, 0x9d, 0xff, 0xc7, 0x10, 0x0,

    /* U+00EA "ê" */
    0x0, 0x0, 0x2e, 0xff, 0x40, 0x0, 0x0, 0x0,
    0x1e, 0xfd, 0xff, 0x30, 0x0, 0x0, 0x1d, 0xfc,
    0xa, 0xfe, 0x20, 0x0, 0x4, 0x88, 0x10, 0x7,
    0x85, 0x0, 0x0, 0x0, 0x0, 0x0, 0x0, 0x0,
    0x0, 0x0, 0x29, 0xdf, 0xeb, 0x40, 0x0, 0x0,
    0x5f, 0xff, 0xff, 0xff, 0x80, 0x0, 0x2f, 0xff,
    0xb6, 0x8f, 0xff, 0x50, 0xa, 0xff, 0x90, 0x0,
    0x5f, 0xfd, 0x0, 0xff, 0xf3, 0x0, 0x0, 0xef,
    0xf1, 0x1f, 0xff, 0xff, 0xff, 0xff, 0xff, 0x31,
    0xff, 0xff, 0xff, 0xff, 0xff, 0xf4, 0xf, 0xff,
    0x20, 0x0, 0x0, 0x0, 0x0, 0xaf, 0xf8, 0x0,
    0x0, 0x86, 0x40, 0x3, 0xff, 0xfb, 0x67, 0xdf,
    0xfc, 0x0, 0x6, 0xff, 0xff, 0xff, 0xfe, 0x20,
    0x0, 0x2, 0x9d, 0xff, 0xc7, 0x10, 0x0,

    /* U+00EB "ë" */
    0x0, 0x1c, 0xe5, 0x3, 0xed, 0x20, 0x0, 0x5,
    0xff, 0xc0, 0x9f, 0xf8, 0x0, 0x0, 0x1d, 0xf6,
    0x4, 0xfe, 0x30, 0x0, 0x0, 0x0, 0x0, 0x0,
    0x0, 0x0, 0x0, 0x0, 0x0, 0x0, 0x0, 0x0,
    0x0, 0x0, 0x29, 0xdf, 0xeb, 0x40, 0x0, 0x0,
    0x5f, 0xff, 0xff, 0xff, 0x80, 0x0, 0x2f, 0xff,
    0xb6, 0x8f, 0xff, 0x50, 0xa, 0xff, 0x90, 0x0,
    0x5f, 0xfd, 0x0, 0xff, 0xf3, 0x0, 0x0, 0xef,
    0xf1, 0x1f, 0xff, 0xff, 0xff, 0xff, 0xff, 0x31,
    0xff, 0xff, 0xff, 0xff, 0xff, 0xf4, 0xf, 0xff,
    0x20, 0x0, 0x0, 0x0, 0x0, 0xaf, 0xf8, 0x0,
    0x0, 0x86, 0x40, 0x3, 0xff, 0xfb, 0x67, 0xdf,
    0xfc, 0x0, 0x6, 0xff, 0xff, 0xff, 0xfe, 0x20,
    0x0, 0x2, 0x9d, 0xff, 0xc7, 0x10, 0x0,

    /* U+00EC "ì" */
    0x1e, 0xfd, 0x0, 0x5, 0xff, 0x50, 0x0, 0xaf,
    0xc0, 0x0, 0x14, 0x40, 0x0, 0x0, 0x0, 0x0,
    0xaf, 0xf9, 0x0, 0xaf, 0xf9, 0x0, 0xaf, 0xf9,
    0x0, 0xaf, 0xf9, 0x0, 0xaf, 0xf9, 0x0, 0xaf,
    0xf9, 0x0, 0xaf, 0xf9, 0x0, 0xaf, 0xf9, 0x0,
    0xaf, 0xf9, 0x0, 0xaf, 0xf9, 0x0, 0xaf, 0xf9,
    0x0, 0xaf, 0xf9,

    /* U+00ED "í" */
    0x0, 0xef, 0xe1, 0x5, 0xff, 0x40, 0xd, 0xf9,
    0x0, 0x4, 0x40, 0x0, 0x0, 0x0, 0x0, 0xaf,
    0xf9, 0x0, 0xaf, 0xf9, 0x0, 0xaf, 0xf9, 0x0,
    0xaf, 0xf9, 0x0, 0xaf, 0xf9, 0x0, 0xaf, 0xf9,
    0x0, 0xaf, 0xf9, 0x0, 0xaf, 0xf9, 0x0, 0xaf,
    0xf9, 0x0, 0xaf, 0xf9, 0x0, 0xaf, 0xf9, 0x0,
    0xaf, 0xf9, 0x0,

    /* U+00EE "î" */
    0x0, 0x4, 0x88, 0x30, 0x0, 0x0, 0x5f, 0xff,
    0xf4, 0x0, 0x6, 0xff, 0x56, 0xff, 0x50, 0x17,
    0x85, 0x0, 0x58, 0x70, 0x0, 0x0, 0x0, 0x0,
    0x0, 0x0, 0xa, 0xff, 0x90, 0x0, 0x0, 0xa,
    0xff, 0x90, 0x0, 0x0, 0xa, 0xff, 0x90, 0x0,
    0x0, 0xa, 0xff, 0x90, 0x0, 0x0, 0xa, 0xff,
    0x90, 0x0, 0x0, 0xa, 0xff, 0x90, 0x0, 0x0,
    0xa, 0xff, 0x90, 0x0, 0x0, 0xa, 0xff, 0x90,
    0x0, 0x0, 0xa, 0xff, 0x90, 0x0, 0x0, 0xa,
    0xff, 0x90, 0x0, 0x0, 0xa, 0xff, 0x90, 0x0,
    0x0, 0xa, 0xff, 0x90, 0x0,

    /* U+00EF "ï" */
    0x7, 0xfa, 0x0, 0xbf, 0x70, 0xff, 0xf2, 0x3f,
    0xfe, 0x9, 0xfc, 0x0, 0xcf, 0x80, 0x0, 0x0,
    0x0, 0x0, 0x0, 0x0, 0x0, 0x0, 0x0, 0x0,
    0xaf, 0xf9, 0x0, 0x0, 0xa, 0xff, 0x90, 0x0,
    0x0, 0xaf, 0xf9, 0x0, 0x0, 0xa, 0xff, 0x90,
    0x0, 0x0, 0xaf, 0xf9, 0x0, 0x0, 0xa, 0xff,
    0x90, 0x0, 0x0, 0xaf, 0xf9, 0x0, 0x0, 0xa,
    0xff, 0x90, 0x0, 0x0, 0xaf, 0xf9, 0x0, 0x0,
    0xa, 0xff, 0x90, 0x0, 0x0, 0xaf, 0xf9, 0x0,
    0x0, 0xa, 0xff, 0x90, 0x0,

    /* U+00F0 "ð" */
    0x0, 0x8, 0x40, 0x0, 0x2, 0x0, 0x0, 0x1,
    0xff, 0xd5, 0x2a, 0xf2, 0x0, 0x0, 0x5, 0xdf,
    0xff, 0xe7, 0x0, 0x0, 0x0, 0x2a, 0xff, 0xfe,
    0x20, 0x0, 0x0, 0x2f, 0xe7, 0x5f, 0xfd, 0x10,
    0x0, 0x0, 0x70, 0x0, 0x4f, 0xfb, 0x0, 0x0,
    0x6, 0xdf, 0xe9, 0x9f, 0xf4, 0x0, 0xa, 0xff,
    0xff, 0xfe, 0xff, 0xb0, 0x6, 0xff, 0xe4, 0x2,
    0xcf, 0xff, 0x0, 0xdf, 0xf5, 0x0, 0x1, 0xff,
    0xf2, 0xf, 0xff, 0x0, 0x0, 0xc, 0xff, 0x41,
    0xff, 0xf0, 0x0, 0x0, 0xbf, 0xf3, 0xf, 0xff,
    0x20, 0x0, 0xd, 0xff, 0x10, 0xcf, 0xf9, 0x0,
    0x5, 0xff, 0xc0, 0x4, 0xff, 0xfb, 0x79, 0xff,
    0xf5, 0x0, 0x7, 0xff, 0xff, 0xff, 0xf8, 0x0,
    0x0, 0x3, 0xae, 0xfe, 0xa4, 0x0, 0x0,

    /* U+00F1 "ñ" */
    0x0, 0x4d, 0xff, 0xff, 0xf7, 0x0, 0x0, 0x9c,
    0xcc, 0xcc, 0x80, 0x0, 0x0, 0x0, 0x0, 0x0,
    0x0, 0x0, 0x0, 0x0, 0x0, 0x0, 0x0, 0x0,
    0xaf, 0xf6, 0x1a, 0xef, 0xc5, 0x0, 0xaf, 0xf8,
    0xef, 0xff, 0xff, 0x60, 0xaf, 0xff, 0xe9, 0x9f,
    0xff, 0xe0, 0xaf, 0xfe, 0x10, 0x4, 0xff, 0xf3,
    0xaf, 0xfa, 0x0, 0x0, 0xff, 0xf5, 0xaf, 0xf9,
    0x0, 0x0, 0xef, 0xf5, 0xaf, 0xf9, 0x0, 0x0,
    0xef, 0xf5, 0xaf, 0xf9, 0x0, 0x0, 0xef, 0xf5,
    0xaf, 0xf9, 0x0, 0x0, 0xef, 0xf5, 0xaf, 0xf9,
    0x0, 0x0, 0xef, 0xf5, 0xaf, 0xf9, 0x0, 0x0,
    0xef, 0xf5, 0xaf, 0xf9, 0x0, 0x0, 0xef, 0xf5,

    /* U+00F2 "ò" */
    0x0, 0x4, 0xff, 0xa0, 0x0, 0x0, 0x0, 0x0,
    0x9, 0xff, 0x10, 0x0, 0x0, 0x0, 0x0, 0xd,
    0xf8, 0x0, 0x0, 0x0, 0x0, 0x0, 0x24, 0x30,
    0x0, 0x0, 0x0, 0x0, 0x0, 0x0, 0x0, 0x0,
    0x0, 0x0, 0x29, 0xdf, 0xec, 0x60, 0x0, 0x0,
    0x5f, 0xff, 0xff, 0xff, 0xb0, 0x0, 0x2f, 0xff,
    0xd8, 0xaf, 0xff, 0xa0, 0xa, 0xff, 0xd0, 0x0,
    0x5f, 0xff, 0x20, 0xff, 0xf5, 0x0, 0x0, 0xef,
    0xf7, 0x1f, 0xff, 0x30, 0x0, 0xb, 0xff, 0x91,
    0xff, 0xf3, 0x0, 0x0, 0xbf, 0xf9, 0xf, 0xff,
    0x50, 0x0, 0xe, 0xff, 0x70, 0xaf, 0xfd, 0x0,
    0x5, 0xff, 0xf2, 0x3, 0xff, 0xfd, 0x8a, 0xff,
    0xfa, 0x0, 0x5, 0xff, 0xff, 0xff, 0xfc, 0x0,
    0x0, 0x2, 0x9d, 0xfe, 0xc6, 0x0, 0x0,

    /* U+00F3 "ó" */
    0x0, 0x0, 0x0, 0x2f, 0xfb, 0x0, 0x0, 0x0,
    0x0, 0x9, 0xfe, 0x10, 0x0, 0x0, 0x0, 0x1,
    0xff, 0x50, 0x0, 0x0, 0x0, 0x0, 0x14, 0x40,
    0x0, 0x0, 0x0, 0x0, 0x0, 0x0, 0x0, 0x0,
    0x0, 0x0, 0x29, 0xdf, 0xec, 0x60, 0x0, 0x0,
    0x5f, 0xff, 0xff, 0xff, 0xb0, 0x0, 0x2f, 0xff,
    0xd8, 0xaf, 0xff, 0xa0, 0xa, 0xff, 0xd0, 0x0,
    0x5f, 0xff, 0x20, 0xff, 0xf5, 0x0, 0x0, 0xef,
    0xf7, 0x1f, 0xff, 0x30, 0x0, 0xb, 0xff, 0x91,
    0xff, 0xf3, 0x0, 0x0, 0xbf, 0xf9, 0xf, 0xff,
    0x50, 0x0, 0xe, 0xff, 0x70, 0xaf, 0xfd, 0x0,
    0x5, 0xff, 0xf2, 0x3, 0xff, 0xfd, 0x8a, 0xff,
    0xfa, 0x0, 0x5, 0xff, 0xff, 0xff, 0xfc, 0x0,
    0x0, 0x2, 0x9d, 0xfe, 0xc6, 0x0, 0x0,

    /* U+00F4 "ô" */
    0x0, 0x0, 0x1d, 0xff, 0x60, 0x0, 0x0, 0x0,
    0xc, 0xfd, 0xff, 0x50, 0x0, 0x0, 0xb, 0xfe,
    0x18, 0xff, 0x30, 0x0, 0x3, 0x88, 0x30, 0x7,
    0x86, 0x0, 0x0, 0x0, 0x0, 0x0, 0x0, 0x0,
    0x0, 0x0, 0x29, 0xdf, 0xec, 0x60, 0x0, 0x0,
    0x5f, 0xff, 0xff, 0xff, 0xb0, 0x0, 0x2f, 0xff,
    0xd8, 0xaf, 0xff, 0xa0, 0xa, 0xff, 0xd0, 0x0,
    0x5f, 0xff, 0x20, 0xff, 0xf5, 0x0, 0x0, 0xef,
    0xf7, 0x1f, 0xff, 0x30, 0x0, 0xb, 0xff, 0x91,
    0xff, 0xf3, 0x0, 0x0, 0xbf, 0xf9, 0xf, 0xff,
    0x50, 0x0, 0xe, 0xff, 0x70, 0xaf, 0xfd, 0x0,
    0x5, 0xff, 0xf2, 0x3, 0xff, 0xfd, 0x8a, 0xff,
    0xfa, 0x0, 0x5, 0xff, 0xff, 0xff, 0xfc, 0x0,
    0x0, 0x2, 0x9d, 0xfe, 0xc6, 0x0, 0x0,

    /* U+00F5 "õ" */
    0x0, 0x5, 0xef, 0xff, 0xff, 0x50, 0x0, 0x0,
    0xbc, 0xcc, 0xcb, 0x70, 0x0, 0x0, 0x0, 0x0,
    0x0, 0x0, 0x0, 0x0, 0x0, 0x0, 0x0, 0x0,
    0x0, 0x0, 0x0, 0x2, 0x9d, 0xfe, 0xc6, 0x0,
    0x0, 0x5, 0xff, 0xff, 0xff, 0xfb, 0x0, 0x2,
    0xff, 0xfd, 0x8a, 0xff, 0xfa, 0x0, 0xaf, 0xfd,
    0x0, 0x5, 0xff, 0xf2, 0xf, 0xff, 0x50, 0x0,
    0xe, 0xff, 0x71, 0xff, 0xf3, 0x0, 0x0, 0xbf,
    0xf9, 0x1f, 0xff, 0x30, 0x0, 0xb, 0xff, 0x90,
    0xff, 0xf5, 0x0, 0x0, 0xef, 0xf7, 0xa, 0xff,
    0xd0, 0x0, 0x5f, 0xff, 0x20, 0x3f, 0xff, 0xd8,
    0xaf, 0xff, 0xa0, 0x0, 0x5f, 0xff, 0xff, 0xff,
    0xc0, 0x0, 0x0, 0x29, 0xdf, 0xec, 0x60, 0x0,

    /* U+00F6 "ö" */
    0x0, 0xb, 0xf7, 0x1, 0xde, 0x40, 0x0, 0x3,
    0xff, 0xe0, 0x6f, 0xfa, 0x0, 0x0, 0xc, 0xf8,
    0x2, 0xef, 0x50, 0x0, 0x0, 0x0, 0x0, 0x0,
    0x0, 0x0, 0x0, 0x0, 0x0, 0x0, 0x0, 0x0,
    0x0, 0x0, 0x29, 0xdf, 0xec, 0x60, 0x0, 0x0,
    0x5f, 0xff, 0xff, 0xff, 0xb0, 0x0, 0x2f, 0xff,
    0xd8, 0xaf, 0xff, 0xa0, 0xa, 0xff, 0xd0, 0x0,
    0x5f, 0xff, 0x20, 0xff, 0xf5, 0x0, 0x0, 0xef,
    0xf7, 0x1f, 0xff, 0x30, 0x0, 0xb, 0xff, 0x91,
    0xff, 0xf3, 0x0, 0x0, 0xbf, 0xf9, 0xf, 0xff,
    0x50, 0x0, 0xe, 0xff, 0x70, 0xaf, 0xfd, 0x0,
    0x5, 0xff, 0xf2, 0x3, 0xff, 0xfd, 0x8a, 0xff,
    0xfa, 0x0, 0x5, 0xff, 0xff, 0xff, 0xfc, 0x0,
    0x0, 0x2, 0x9d, 0xfe, 0xc6, 0x0, 0x0,

    /* U+00F7 "÷" */
    0x0, 0x0, 0xaf, 0x90, 0x0, 0x0, 0x0, 0x5f,
    0xff, 0x30, 0x0, 0x0, 0x3, 0xff, 0xf2, 0x0,
    0x0, 0x0, 0x5, 0x94, 0x0, 0x0, 0x89, 0x99,
    0x99, 0x99, 0x99, 0x8f, 0xff, 0xff, 0xff, 0xff,
    0xfe, 0xff, 0xff, 0xff, 0xff, 0xff, 0xe0, 0x0,
    0x0, 0x0, 0x0, 0x0, 0x0, 0x0, 0x49, 0x40,
    0x0, 0x0, 0x0, 0x3f, 0xff, 0x20, 0x0, 0x0,
    0x5, 0xff, 0xf3, 0x0, 0x0, 0x0, 0xa, 0xf9,
    0x0, 0x0,

    /* U+00F8 "ø" */
    0x0, 0x0, 0x0, 0x0, 0x0, 0x1, 0x0, 0x0,
    0x29, 0xdf, 0xec, 0x64, 0xf5, 0x0, 0x5f, 0xff,
    0xff, 0xff, 0xfc, 0x0, 0x3f, 0xff, 0xd8, 0xaf,
    0xff, 0xa0, 0xa, 0xff, 0xd0, 0x1, 0xef, 0xff,
    0x20, 0xff, 0xf5, 0x0, 0xde, 0xef, 0xf7, 0x1f,
    0xff, 0x30, 0xbf, 0x3b, 0xff, 0x91, 0xff, 0xf3,
    0xaf, 0x40, 0xbf, 0xf9, 0xf, 0xff, 0xcf, 0x50,
    0xe, 0xff, 0x70, 0xaf, 0xff, 0x60, 0x5, 0xff,
    0xf2, 0x2, 0xff, 0xfd, 0x8a, 0xff, 0xfa, 0x0,
    0x6f, 0xff, 0xff, 0xff, 0xfc, 0x0, 0xc, 0xa2,
    0x9d, 0xfe, 0xc6, 0x0, 0x0, 0x0, 0x0, 0x0,
    0x0, 0x0, 0x0,

    /* U+00F9 "ù" */
    0x0, 0x2f, 0xfb, 0x0, 0x0, 0x0, 0x0, 0x7,
    0xff, 0x30, 0x0, 0x0, 0x0, 0x0, 0xcf, 0xa0,
    0x0, 0x0, 0x0, 0x0, 0x14, 0x40, 0x0, 0x0,
    0x0, 0x0, 0x0, 0x0, 0x0, 0x0, 0xaf, 0xf9,
    0x0, 0x0, 0xef, 0xf5, 0xaf, 0xf9, 0x0, 0x0,
    0xef, 0xf5, 0xaf, 0xf9, 0x0, 0x0, 0xef, 0xf5,
    0xaf, 0xf9, 0x0, 0x0, 0xef, 0xf5, 0xaf, 0xf9,
    0x0, 0x0, 0xef, 0xf5, 0xaf, 0xf9, 0x0, 0x0,
    0xef, 0xf5, 0xaf, 0xf9, 0x0, 0x0, 0xef, 0xf5,
    0x9f, 0xfa, 0x0, 0x0, 0xff, 0xf5, 0x8f, 0xff,
    0x20, 0x8, 0xff, 0xf5, 0x4f, 0xff, 0xfb, 0xcf,
    0xef, 0xf5, 0xb, 0xff, 0xff, 0xf9, 0xbf, 0xf5,
    0x0, 0x8d, 0xfd, 0x70, 0xbf, 0xf5,

    /* U+00FA "ú" */
    0x0, 0x0, 0x1, 0xff, 0xc0, 0x0, 0x0, 0x0,
    0x8, 0xff, 0x20, 0x0, 0x0, 0x0, 0xe, 0xf7,
    0x0, 0x0, 0x0, 0x0, 0x14, 0x40, 0x0, 0x0,
    0x0, 0x0, 0x0, 0x0, 0x0, 0x0, 0xaf, 0xf9,
    0x0, 0x0, 0xef, 0xf5, 0xaf, 0xf9, 0x0, 0x0,
    0xef, 0xf5, 0xaf, 0xf9, 0x0, 0x0, 0xef, 0xf5,
    0xaf, 0xf9, 0x0, 0x0, 0xef, 0xf5, 0xaf, 0xf9,
    0x0, 0x0, 0xef, 0xf5, 0xaf, 0xf9, 0x0, 0x0,
    0xef, 0xf5, 0xaf, 0xf9, 0x0, 0x0, 0xef, 0xf5,
    0x9f, 0xfa, 0x0, 0x0, 0xff, 0xf5, 0x8f, 0xff,
    0x20, 0x8, 0xff, 0xf5, 0x4f, 0xff, 0xfb, 0xcf,
    0xef, 0xf5, 0xb, 0xff, 0xff, 0xf9, 0xbf, 0xf5,
    0x0, 0x8d, 0xfd, 0x70, 0xbf, 0xf5,

    /* U+00FB "û" */
    0x0, 0x0, 0xcf, 0xf8, 0x0, 0x0, 0x0, 0xb,
    0xfd, 0xff, 0x60, 0x0, 0x0, 0xaf, 0xf2, 0x6f,
    0xf4, 0x0, 0x2, 0x88, 0x40, 0x6, 0x87, 0x0,
    0x0, 0x0, 0x0, 0x0, 0x0, 0x0, 0xaf, 0xf9,
    0x0, 0x0, 0xef, 0xf5, 0xaf, 0xf9, 0x0, 0x0,
    0xef, 0xf5, 0xaf, 0xf9, 0x0, 0x0, 0xef, 0xf5,
    0xaf, 0xf9, 0x0, 0x0, 0xef, 0xf5, 0xaf, 0xf9,
    0x0, 0x0, 0xef, 0xf5, 0xaf, 0xf9, 0x0, 0x0,
    0xef, 0xf5, 0xaf, 0xf9, 0x0, 0x0, 0xef, 0xf5,
    0x9f, 0xfa, 0x0, 0x0, 0xff, 0xf5, 0x8f, 0xff,
    0x20, 0x8, 0xff, 0xf5, 0x4f, 0xff, 0xfb, 0xcf,
    0xef, 0xf5, 0xb, 0xff, 0xff, 0xf9, 0xbf, 0xf5,
    0x0, 0x8d, 0xfd, 0x70, 0xbf, 0xf5,

    /* U+00FC "ü" */
    0x0, 0x9f, 0x80, 0xc, 0xe5, 0x0, 0x1, 0xff,
    0xf0, 0x5f, 0xfc, 0x0, 0x0, 0xbf, 0xa0, 0x1d,
    0xf6, 0x0, 0x0, 0x0, 0x0, 0x0, 0x0, 0x0,
    0x0, 0x0, 0x0, 0x0, 0x0, 0x0, 0xaf, 0xf9,
    0x0, 0x0, 0xef, 0xf5, 0xaf, 0xf9, 0x0, 0x0,
    0xef, 0xf5, 0xaf, 0xf9, 0x0, 0x0, 0xef, 0xf5,
    0xaf, 0xf9, 0x0, 0x0, 0xef, 0xf5, 0xaf, 0xf9,
    0x0, 0x0, 0xef, 0xf5, 0xaf, 0xf9, 0x0, 0x0,
    0xef, 0xf5, 0xaf, 0xf9, 0x0, 0x0, 0xef, 0xf5,
    0x9f, 0xfa, 0x0, 0x0, 0xff, 0xf5, 0x8f, 0xff,
    0x20, 0x8, 0xff, 0xf5, 0x4f, 0xff, 0xfb, 0xcf,
    0xef, 0xf5, 0xb, 0xff, 0xff, 0xf9, 0xbf, 0xf5,
    0x0, 0x8d, 0xfd, 0x70, 0xbf, 0xf5,

    /* U+00FD "ý" */
    0x0, 0x0, 0x0, 0x4, 0x44, 0x0, 0x0, 0x0,
    0x0, 0x6, 0xff, 0x60, 0x0, 0x0, 0x0, 0x0,
    0xdf, 0xb0, 0x0, 0x0, 0x0, 0x0, 0x4f, 0xf1,
    0x0, 0x0, 0x0, 0x0, 0x0, 0x0, 0x0, 0x0,
    0x0, 0x0, 0x0, 0x0, 0x0, 0x0, 0x0, 0x7f,
    0xfe, 0x0, 0x0, 0xa, 0xff, 0xb1, 0xff, 0xf4,
    0x0, 0x0, 0xff, 0xf5, 0xb, 0xff, 0x90, 0x0,
    0x5f, 0xfe, 0x0, 0x5f, 0xfe, 0x0, 0xb, 0xff,
    0x80, 0x0, 0xef, 0xf4, 0x1, 0xff, 0xf2, 0x0,
    0x8, 0xff, 0x90, 0x6f, 0xfb, 0x0, 0x0, 0x2f,
    0xfe, 0xb, 0xff, 0x50, 0x0, 0x0, 0xcf, 0xf3,
    0xff, 0xe0, 0x0, 0x0, 0x5, 0xff, 0xbf, 0xf8,
    0x0, 0x0, 0x0, 0xf, 0xff, 0xff, 0x20, 0x0,
    0x0, 0x0, 0x9f, 0xff, 0xc0, 0x0, 0x0, 0x0,
    0x3, 0xff, 0xf5, 0x0, 0x0, 0x0, 0x0, 0x5f,
    0xff, 0x0, 0x0, 0x0, 0x9, 0x8e, 0xff, 0x70,
    0x0, 0x0, 0x5, 0xff, 0xff, 0xd0, 0x0, 0x0,
    0x0, 0x7f, 0xfe, 0x91, 0x0, 0x0, 0x0,

    /* U+00FE "þ" */
    0xaf, 0xf9, 0x0, 0x0, 0x0, 0x0, 0xaf, 0xf9,
    0x0, 0x0, 0x0, 0x0, 0xaf, 0xf9, 0x0, 0x0,
    0x0, 0x0, 0xaf, 0xf9, 0x0, 0x0, 0x0, 0x0,
    0xaf, 0xf9, 0x1a, 0xff, 0xc5, 0x0, 0xaf, 0xfa,
    0xdf, 0xff, 0xff, 0x70, 0xaf, 0xff, 0xfa, 0x9e,
    0xff, 0xf3, 0xaf, 0xff, 0x30, 0x1, 0xef, 0xf9,
    0xaf, 0xfb, 0x0, 0x0, 0x8f, 0xfd, 0xaf, 0xf8,
    0x0, 0x0, 0x5f, 0xff, 0xaf, 0xf8, 0x0, 0x0,
    0x5f, 0xfe, 0xaf, 0xfb, 0x0, 0x0, 0x8f, 0xfd,
    0xaf, 0xff, 0x40, 0x1, 0xef, 0xf9, 0xaf, 0xff,
    0xfa, 0x9e, 0xff, 0xf3, 0xaf, 0xfa, 0xdf, 0xff,
    0xff, 0x70, 0xaf, 0xf9, 0x1a, 0xff, 0xc5, 0x0,
    0xaf, 0xf9, 0x0, 0x0, 0x0, 0x0, 0xaf, 0xf9,
    0x0, 0x0, 0x0, 0x0, 0xaf, 0xf9, 0x0, 0x0,
    0x0, 0x0, 0xaf, 0xf9, 0x0, 0x0, 0x0, 0x0,

    /* U+00FF "ÿ" */
    0x0, 0x0, 0x0, 0x0, 0x0, 0x0, 0x0, 0x1,
    0xdf, 0x70, 0x3f, 0xf4, 0x0, 0x0, 0x4f, 0xfc,
    0x8, 0xff, 0x90, 0x0, 0x0, 0xcf, 0x50, 0x2d,
    0xe3, 0x0, 0x0, 0x0, 0x0, 0x0, 0x0, 0x0,
    0x0, 0x0, 0x0, 0x0, 0x0, 0x0, 0x0, 0x7f,
    0xfe, 0x0, 0x0, 0xa, 0xff, 0xb1, 0xff, 0xf4,
    0x0, 0x0, 0xff, 0xf5, 0xb, 0xff, 0x90, 0x0,
    0x5f, 0xfe, 0x0, 0x5f, 0xfe, 0x0, 0xb, 0xff,
    0x80, 0x0, 0xef, 0xf4, 0x1, 0xff, 0xf2, 0x0,
    0x8, 0xff, 0x90, 0x6f, 0xfb, 0x0, 0x0, 0x2f,
    0xfe, 0xb, 0xff, 0x50, 0x0, 0x0, 0xcf, 0xf3,
    0xff, 0xe0, 0x0, 0x0, 0x5, 0xff, 0xbf, 0xf8,
    0x0, 0x0, 0x0, 0xf, 0xff, 0xff, 0x20, 0x0,
    0x0, 0x0, 0x9f, 0xff, 0xc0, 0x0, 0x0, 0x0,
    0x3, 0xff, 0xf5, 0x0, 0x0, 0x0, 0x0, 0x5f,
    0xff, 0x0, 0x0, 0x0, 0x9, 0x8e, 0xff, 0x70,
    0x0, 0x0, 0x5, 0xff, 0xff, 0xd0, 0x0, 0x0,
    0x0, 0x7f, 0xfe, 0x91, 0x0, 0x0, 0x0,

    /* U+0102 "Ă" */
    0x0, 0x0, 0x6d, 0x60, 0x1, 0xdb, 0x0, 0x0,
    0x0, 0x0, 0x3f, 0xe6, 0x4c, 0xf9, 0x0, 0x0,
    0x0, 0x0, 0x7, 0xff, 0xff, 0xc0, 0x0, 0x0,
    0x0, 0x0, 0x0, 0x26, 0x74, 0x0, 0x0, 0x0,
    0x0, 0x0, 0x0, 0x0, 0x0, 0x0, 0x0, 0x0,
    0x0, 0x0, 0x2, 0xff, 0xff, 0x70, 0x0, 0x0,
    0x0, 0x0, 0x8, 0xff, 0xff, 0xd0, 0x0, 0x0,
    0x0, 0x0, 0xd, 0xff, 0xff, 0xf2, 0x0, 0x0,
    0x0, 0x0, 0x3f, 0xfe, 0xaf, 0xf8, 0x0, 0x0,
    0x0, 0x0, 0x8f, 0xfa, 0x6f, 0xfd, 0x0, 0x0,
    0x0, 0x0, 0xef, 0xf6, 0x1f, 0xff, 0x30, 0x0,
    0x0, 0x3, 0xff, 0xf1, 0xd, 0xff, 0x90, 0x0,
    0x0, 0x9, 0xff, 0xd0, 0x8, 0xff, 0xe0, 0x0,
    0x0, 0xe, 0xff, 0x80, 0x3, 0xff, 0xf4, 0x0,
    0x0, 0x4f, 0xff, 0x74, 0x44, 0xff, 0xfa, 0x0,
    0x0, 0x9f, 0xff, 0xff, 0xff, 0xff, 0xff, 0x0,
    0x0, 0xef, 0xff, 0xff, 0xff, 0xff, 0xff, 0x50,
    0x4, 0xff, 0xf7, 0x44, 0x44, 0x4e, 0xff, 0xa0,
    0x9, 0xff, 0xe0, 0x0, 0x0, 0x9, 0xff, 0xf0,
    0xe, 0xff, 0x90, 0x0, 0x0, 0x3, 0xff, 0xf6,
    0x4f, 0xff, 0x40, 0x0, 0x0, 0x0, 0xef, 0xfb,

    /* U+0103 "ă" */
    0x0, 0x4d, 0x70, 0x0, 0xcc, 0x0, 0x0, 0x1f,
    0xf7, 0x4a, 0xfb, 0x0, 0x0, 0x5, 0xff, 0xff,
    0xd1, 0x0, 0x0, 0x0, 0x16, 0x75, 0x0, 0x0,
    0x0, 0x0, 0x1, 0x10, 0x0, 0x0, 0x0, 0x19,
    0xef, 0xff, 0xc6, 0x0, 0x1, 0xef, 0xff, 0xff,
    0xff, 0x80, 0xa, 0xff, 0xd5, 0x49, 0xff, 0xf2,
    0x2, 0x58, 0x20, 0x0, 0xef, 0xf5, 0x0, 0x0,
    0x1, 0x36, 0xff, 0xf6, 0x0, 0x4b, 0xef, 0xff,
    0xff, 0xf6, 0x8, 0xff, 0xff, 0xda, 0xef, 0xf6,
    0x1f, 0xff, 0x70, 0x0, 0xcf, 0xf6, 0x3f, 0xfe,
    0x0, 0x0, 0xff, 0xf6, 0x2f, 0xff, 0x51, 0x2c,
    0xff, 0xf6, 0xc, 0xff, 0xff, 0xff, 0xcf, 0xf6,
    0x1, 0xbf, 0xff, 0xd3, 0xaf, 0xf6, 0x0, 0x1,
    0x31, 0x0, 0x0, 0x0,

    /* U+0110 "Đ" */
    0x0, 0xbf, 0xff, 0xff, 0xfd, 0xa4, 0x0, 0x0,
    0x0, 0xbf, 0xff, 0xff, 0xff, 0xff, 0xb1, 0x0,
    0x0, 0xbf, 0xfe, 0xdd, 0xef, 0xff, 0xfd, 0x0,
    0x0, 0xbf, 0xf8, 0x0, 0x1, 0x8f, 0xff, 0x90,
    0x0, 0xbf, 0xf8, 0x0, 0x0, 0x7, 0xff, 0xf1,
    0x0, 0xbf, 0xf8, 0x0, 0x0, 0x0, 0xff, 0xf6,
    0x11, 0xbf, 0xf9, 0x11, 0x10, 0x0, 0xbf, 0xf8,
    0xcf, 0xff, 0xff, 0xff, 0xf0, 0x0, 0x9f, 0xfa,
    0xcf, 0xff, 0xff, 0xff, 0xf0, 0x0, 0x9f, 0xfa,
    0x11, 0xbf, 0xf9, 0x11, 0x10, 0x0, 0xbf, 0xf8,
    0x0, 0xbf, 0xf8, 0x0, 0x0, 0x0, 0xff, 0xf6,
    0x0, 0xbf, 0xf8, 0x0, 0x0, 0x7, 0xff, 0xf1,
    0x0, 0xbf, 0xf8, 0x0, 0x1, 0x8f, 0xff, 0x90,
    0x0, 0xbf, 0xfe, 0xdd, 0xef, 0xff, 0xfd, 0x0,
    0x0, 0xbf, 0xff, 0xff, 0xff, 0xff, 0xb1, 0x0,
    0x0, 0xbf, 0xff, 0xff, 0xfd, 0xa4, 0x0, 0x0,

    /* U+0111 "đ" */
    0x0, 0x0, 0x0, 0x0, 0xb, 0xff, 0x80, 0x0,
    0x0, 0x0, 0xdf, 0xff, 0xff, 0xfd, 0x0, 0x0,
    0x0, 0xdf, 0xff, 0xff, 0xfc, 0x0, 0x0, 0x1,
    0x10, 0xb, 0xff, 0x80, 0x0, 0x8, 0xff, 0xfb,
    0x1b, 0xff, 0x80, 0x0, 0xbf, 0xff, 0xff, 0xcc,
    0xff, 0x80, 0x6, 0xff, 0xfc, 0x79, 0xff, 0xff,
    0x80, 0xc, 0xff, 0xc0, 0x0, 0x5f, 0xff, 0x80,
    0xf, 0xff, 0x60, 0x0, 0xd, 0xff, 0x80, 0x1f,
    0xff, 0x30, 0x0, 0xb, 0xff, 0x80, 0x1f, 0xff,
    0x30, 0x0, 0xb, 0xff, 0x80, 0xf, 0xff, 0x50,
    0x0, 0xd, 0xff, 0x80, 0xc, 0xff, 0xc0, 0x0,
    0x4f, 0xff, 0x80, 0x6, 0xff, 0xfc, 0x68, 0xff,
    0xff, 0x80, 0x0, 0xcf, 0xff, 0xff, 0xdb, 0xff,
    0x80, 0x0, 0x9, 0xff, 0xfc, 0x2a, 0xff, 0x80,
    0x0, 0x0, 0x2, 0x10, 0x0, 0x0, 0x0,

    /* U+01A0 "Ơ" */
    0x0, 0x0, 0x0, 0x0, 0x0, 0x0, 0x33, 0x30,
    0x0, 0x0, 0x0, 0x0, 0x0, 0x0, 0xdf, 0xf0,
    0x0, 0x0, 0x0, 0x13, 0x21, 0x0, 0xdf, 0xf0,
    0x0, 0x2, 0x9f, 0xff, 0xff, 0xff, 0xff, 0xe0,
    0x0, 0x5f, 0xff, 0xff, 0xff, 0xff, 0xfe, 0x50,
    0x4, 0xff, 0xff, 0xdb, 0xdf, 0xff, 0xf3, 0x0,
    0xe, 0xff, 0xe3, 0x0, 0x4, 0xef, 0xfe, 0x0,
    0x5f, 0xff, 0x30, 0x0, 0x0, 0x4f, 0xff, 0x40,
    0xbf, 0xfb, 0x0, 0x0, 0x0, 0xc, 0xff, 0xa0,
    0xdf, 0xf7, 0x0, 0x0, 0x0, 0x8, 0xff, 0xc0,
    0xef, 0xf6, 0x0, 0x0, 0x0, 0x6, 0xff, 0xe0,
    0xff, 0xf6, 0x0, 0x0, 0x0, 0x6, 0xff, 0xe0,
    0xdf, 0xf7, 0x0, 0x0, 0x0, 0x8, 0xff, 0xc0,
    0xbf, 0xfb, 0x0, 0x0, 0x0, 0xc, 0xff, 0xa0,
    0x5f, 0xff, 0x30, 0x0, 0x0, 0x4f, 0xff, 0x40,
    0xe, 0xff, 0xe3, 0x0, 0x4, 0xef, 0xfd, 0x0,
    0x4, 0xff, 0xff, 0xdb, 0xdf, 0xff, 0xf3, 0x0,
    0x0, 0x5f, 0xff, 0xff, 0xff, 0xfe, 0x40, 0x0,
    0x0, 0x2, 0x9f, 0xff, 0xfe, 0x92, 0x0, 0x0,
    0x0, 0x0, 0x0, 0x13, 0x10, 0x0, 0x0, 0x0,

    /* U+01A1 "ơ" */
    0x0, 0x0, 0x0, 0x0, 0x0, 0x3a, 0xa2, 0x0,
    0x0, 0x0, 0x0, 0x0, 0x5f, 0xf4, 0x0, 0x0,
    0x0, 0x12, 0x10, 0x6f, 0xf3, 0x0, 0x4, 0xbf,
    0xff, 0xff, 0xff, 0xd0, 0x0, 0x7f, 0xff, 0xff,
    0xff, 0xf7, 0x0, 0x3, 0xff, 0xfc, 0x68, 0xff,
    0xfb, 0x0, 0xa, 0xff, 0xc0, 0x0, 0x4f, 0xff,
    0x20, 0xf, 0xff, 0x50, 0x0, 0xd, 0xff, 0x70,
    0x1f, 0xff, 0x30, 0x0, 0xb, 0xff, 0x90, 0x1f,
    0xff, 0x30, 0x0, 0xb, 0xff, 0x90, 0xf, 0xff,
    0x50, 0x0, 0xd, 0xff, 0x70, 0xb, 0xff, 0xb0,
    0x0, 0x4f, 0xff, 0x20, 0x4, 0xff, 0xfa, 0x57,
    0xef, 0xfb, 0x0, 0x0, 0x8f, 0xff, 0xff, 0xff,
    0xd1, 0x0, 0x0, 0x5, 0xdf, 0xff, 0xf9, 0x10,
    0x0, 0x0, 0x0, 0x1, 0x32, 0x0, 0x0, 0x0,

    /* U+01AF "Ư" */
    0x0, 0x0, 0x0, 0x0, 0x0, 0x0, 0x13, 0x31,
    0x0, 0x0, 0x0, 0x0, 0x0, 0x0, 0x5f, 0xf8,
    0x0, 0x0, 0x0, 0x0, 0x0, 0x0, 0x5f, 0xf8,
    0x8f, 0xfb, 0x0, 0x0, 0x0, 0xaf, 0xff, 0xf6,
    0x8f, 0xfb, 0x0, 0x0, 0x0, 0xaf, 0xff, 0xc0,
    0x8f, 0xfb, 0x0, 0x0, 0x0, 0xaf, 0xfa, 0x0,
    0x8f, 0xfb, 0x0, 0x0, 0x0, 0xaf, 0xfa, 0x0,
    0x8f, 0xfb, 0x0, 0x0, 0x0, 0xaf, 0xfa, 0x0,
    0x8f, 0xfb, 0x0, 0x0, 0x0, 0xaf, 0xfa, 0x0,
    0x8f, 0xfb, 0x0, 0x0, 0x0, 0xaf, 0xfa, 0x0,
    0x8f, 0xfb, 0x0, 0x0, 0x0, 0xaf, 0xfa, 0x0,
    0x8f, 0xfb, 0x0, 0x0, 0x0, 0xaf, 0xfa, 0x0,
    0x8f, 0xfb, 0x0, 0x0, 0x0, 0xaf, 0xfa, 0x0,
    0x8f, 0xfc, 0x0, 0x0, 0x0, 0xaf, 0xfa, 0x0,
    0x6f, 0xff, 0x10, 0x0, 0x0, 0xef, 0xf8, 0x0,
    0x2f, 0xff, 0xb1, 0x0, 0xa, 0xff, 0xf3, 0x0,
    0xa, 0xff, 0xff, 0xbb, 0xef, 0xff, 0xb0, 0x0,
    0x0, 0xbf, 0xff, 0xff, 0xff, 0xfc, 0x10, 0x0,
    0x0, 0x6, 0xcf, 0xff, 0xfd, 0x70, 0x0, 0x0,
    0x0, 0x0, 0x1, 0x22, 0x10, 0x0, 0x0, 0x0,

    /* U+01B0 "ư" */
    0x0, 0x0, 0x0, 0x0, 0x0, 0x4a, 0xa1, 0x0,
    0x0, 0x0, 0x0, 0x0, 0x6f, 0xf1, 0x0, 0x0,
    0x0, 0x0, 0x0, 0x7f, 0xf1, 0xaf, 0xf9, 0x0,
    0x0, 0xef, 0xff, 0xf0, 0xaf, 0xf9, 0x0, 0x0,
    0xef, 0xfe, 0x50, 0xaf, 0xf9, 0x0, 0x0, 0xef,
    0xf5, 0x0, 0xaf, 0xf9, 0x0, 0x0, 0xef, 0xf5,
    0x0, 0xaf, 0xf9, 0x0, 0x0, 0xef, 0xf5, 0x0,
    0xaf, 0xf9, 0x0, 0x0, 0xef, 0xf5, 0x0, 0xaf,
    0xf9, 0x0, 0x0, 0xef, 0xf5, 0x0, 0x9f, 0xfa,
    0x0, 0x0, 0xff, 0xf5, 0x0, 0x8f, 0xfe, 0x10,
    0x5, 0xff, 0xf5, 0x0, 0x5f, 0xff, 0xe9, 0xaf,
    0xef, 0xf5, 0x0, 0xc, 0xff, 0xff, 0xfa, 0xbf,
    0xf5, 0x0, 0x1, 0xaf, 0xff, 0x90, 0xbf, 0xf5,
    0x0, 0x0, 0x0, 0x10, 0x0, 0x0, 0x0, 0x0,

    /* U+1EA0 "Ạ" */
    0x0, 0x0, 0x2, 0xff, 0xff, 0x70, 0x0, 0x0,
    0x0, 0x0, 0x8, 0xff, 0xff, 0xd0, 0x0, 0x0,
    0x0, 0x0, 0xd, 0xff, 0xff, 0xf2, 0x0, 0x0,
    0x0, 0x0, 0x3f, 0xfe, 0xaf, 0xf8, 0x0, 0x0,
    0x0, 0x0, 0x8f, 0xfa, 0x6f, 0xfd, 0x0, 0x0,
    0x0, 0x0, 0xef, 0xf6, 0x1f, 0xff, 0x30, 0x0,
    0x0, 0x3, 0xff, 0xf1, 0xd, 0xff, 0x90, 0x0,
    0x0, 0x9, 0xff, 0xd0, 0x8, 0xff, 0xe0, 0x0,
    0x0, 0xe, 0xff, 0x80, 0x3, 0xff, 0xf4, 0x0,
    0x0, 0x4f, 0xff, 0x74, 0x44, 0xff, 0xfa, 0x0,
    0x0, 0x9f, 0xff, 0xff, 0xff, 0xff, 0xff, 0x0,
    0x0, 0xef, 0xff, 0xff, 0xff, 0xff, 0xff, 0x50,
    0x4, 0xff, 0xf7, 0x44, 0x44, 0x4e, 0xff, 0xa0,
    0x9, 0xff, 0xe0, 0x0, 0x0, 0x9, 0xff, 0xf0,
    0xe, 0xff, 0x90, 0x0, 0x0, 0x3, 0xff, 0xf6,
    0x4f, 0xff, 0x40, 0x0, 0x0, 0x0, 0xef, 0xfb,
    0x0, 0x0, 0x0, 0x0, 0x0, 0x0, 0x0, 0x0,
    0x0, 0x0, 0x0, 0x3, 0x50, 0x0, 0x0, 0x0,
    0x0, 0x0, 0x0, 0x5f, 0xfb, 0x0, 0x0, 0x0,
    0x0, 0x0, 0x0, 0x7f, 0xfe, 0x0, 0x0, 0x0,
    0x0, 0x0, 0x0, 0x1a, 0xc4, 0x0, 0x0, 0x0,

    /* U+1EA1 "ạ" */
    0x0, 0x0, 0x1, 0x10, 0x0, 0x0, 0x0, 0x19,
    0xef, 0xff, 0xc6, 0x0, 0x1, 0xef, 0xff, 0xff,
    0xff, 0x80, 0xa, 0xff, 0xd5, 0x49, 0xff, 0xf2,
    0x2, 0x58, 0x20, 0x0, 0xef, 0xf5, 0x0, 0x0,
    0x1, 0x36, 0xff, 0xf6, 0x0, 0x4b, 0xef, 0xff,
    0xff, 0xf6, 0x8, 0xff, 0xff, 0xda, 0xef, 0xf6,
    0x1f, 0xff, 0x70, 0x0, 0xcf, 0xf6, 0x3f, 0xfe,
    0x0, 0x0, 0xff, 0xf6, 0x2f, 0xff, 0x51, 0x2c,
    0xff, 0xf6, 0xc, 0xff, 0xff, 0xff, 0xcf, 0xf6,
    0x1, 0xbf, 0xff, 0xd3, 0xaf, 0xf6, 0x0, 0x1,
    0x31, 0x0, 0x0, 0x0, 0x0, 0x0, 0x3, 0x60,
    0x0, 0x0, 0x0, 0x0, 0x4f, 0xfc, 0x0, 0x0,
    0x0, 0x0, 0x6f, 0xff, 0x0, 0x0, 0x0, 0x0,
    0xa, 0xd5, 0x0, 0x0,

    /* U+1EA2 "Ả" */
    0x0, 0x0, 0x0, 0xcd, 0xd7, 0x0, 0x0, 0x0,
    0x0, 0x0, 0x0, 0xac, 0xff, 0x0, 0x0, 0x0,
    0x0, 0x0, 0x0, 0x5, 0xfb, 0x0, 0x0, 0x0,
    0x0, 0x0, 0x0, 0x5, 0x71, 0x0, 0x0, 0x0,
    0x0, 0x0, 0x0, 0x0, 0x0, 0x0, 0x0, 0x0,
    0x0, 0x0, 0x2, 0xff, 0xff, 0x70, 0x0, 0x0,
    0x0, 0x0, 0x8, 0xff, 0xff, 0xd0, 0x0, 0x0,
    0x0, 0x0, 0xd, 0xff, 0xff, 0xf2, 0x0, 0x0,
    0x0, 0x0, 0x3f, 0xfe, 0xaf, 0xf8, 0x0, 0x0,
    0x0, 0x0, 0x8f, 0xfa, 0x6f, 0xfd, 0x0, 0x0,
    0x0, 0x0, 0xef, 0xf6, 0x1f, 0xff, 0x30, 0x0,
    0x0, 0x3, 0xff, 0xf1, 0xd, 0xff, 0x90, 0x0,
    0x0, 0x9, 0xff, 0xd0, 0x8, 0xff, 0xe0, 0x0,
    0x0, 0xe, 0xff, 0x80, 0x3, 0xff, 0xf4, 0x0,
    0x0, 0x4f, 0xff, 0x74, 0x44, 0xff, 0xfa, 0x0,
    0x0, 0x9f, 0xff, 0xff, 0xff, 0xff, 0xff, 0x0,
    0x0, 0xef, 0xff, 0xff, 0xff, 0xff, 0xff, 0x50,
    0x4, 0xff, 0xf7, 0x44, 0x44, 0x4e, 0xff, 0xa0,
    0x9, 0xff, 0xe0, 0x0, 0x0, 0x9, 0xff, 0xf0,
    0xe, 0xff, 0x90, 0x0, 0x0, 0x3, 0xff, 0xf6,
    0x4f, 0xff, 0x40, 0x0, 0x0, 0x0, 0xef, 0xfb,

    /* U+1EA3 "ả" */
    0x0, 0x0, 0xad, 0xd8, 0x0, 0x0, 0x0, 0x0,
    0x8c, 0xff, 0x20, 0x0, 0x0, 0x0, 0x2, 0xfd,
    0x0, 0x0, 0x0, 0x0, 0x4, 0x72, 0x0, 0x0,
    0x0, 0x0, 0x1, 0x10, 0x0, 0x0, 0x0, 0x19,
    0xef, 0xff, 0xc6, 0x0, 0x1, 0xef, 0xff, 0xff,
    0xff, 0x80, 0xa, 0xff, 0xd5, 0x49, 0xff, 0xf2,
    0x2, 0x58, 0x20, 0x0, 0xef, 0xf5, 0x0, 0x0,
    0x1, 0x36, 0xff, 0xf6, 0x0, 0x4b, 0xef, 0xff,
    0xff, 0xf6, 0x8, 0xff, 0xff, 0xda, 0xef, 0xf6,
    0x1f, 0xff, 0x70, 0x0, 0xcf, 0xf6, 0x3f, 0xfe,
    0x0, 0x0, 0xff, 0xf6, 0x2f, 0xff, 0x51, 0x2c,
    0xff, 0xf6, 0xc, 0xff, 0xff, 0xff, 0xcf, 0xf6,
    0x1, 0xbf, 0xff, 0xd3, 0xaf, 0xf6, 0x0, 0x1,
    0x31, 0x0, 0x0, 0x0,

    /* U+1EA4 "Ấ" */
    0x0, 0x0, 0x0, 0x0, 0x0, 0x4, 0x53, 0x0,
    0x0, 0x0, 0x0, 0x0, 0x0, 0x3f, 0xf3, 0x0,
    0x0, 0x0, 0x0, 0x0, 0x0, 0xaf, 0x80, 0x0,
    0x0, 0x0, 0x0, 0x0, 0x0, 0x88, 0x0, 0x0,
    0x0, 0x0, 0x0, 0x29, 0x96, 0x0, 0x0, 0x0,
    0x0, 0x0, 0x2, 0xef, 0xff, 0x80, 0x0, 0x0,
    0x0, 0x0, 0x2e, 0xfa, 0x4f, 0xf7, 0x0, 0x0,
    0x0, 0x0, 0x9b, 0xa0, 0x5, 0xba, 0x30, 0x0,
    0x0, 0x0, 0x0, 0x0, 0x0, 0x0, 0x0, 0x0,
    0x0, 0x0, 0x2, 0xff, 0xff, 0x70, 0x0, 0x0,
    0x0, 0x0, 0x8, 0xff, 0xff, 0xd0, 0x0, 0x0,
    0x0, 0x0, 0xd, 0xff, 0xff, 0xf2, 0x0, 0x0,
    0x0, 0x0, 0x3f, 0xfe, 0xaf, 0xf8, 0x0, 0x0,
    0x0, 0x0, 0x8f, 0xfa, 0x6f, 0xfd, 0x0, 0x0,
    0x0, 0x0, 0xef, 0xf6, 0x1f, 0xff, 0x30, 0x0,
    0x0, 0x3, 0xff, 0xf1, 0xd, 0xff, 0x90, 0x0,
    0x0, 0x9, 0xff, 0xd0, 0x8, 0xff, 0xe0, 0x0,
    0x0, 0xe, 0xff, 0x80, 0x3, 0xff, 0xf4, 0x0,
    0x0, 0x4f, 0xff, 0x74, 0x44, 0xff, 0xfa, 0x0,
    0x0, 0x9f, 0xff, 0xff, 0xff, 0xff, 0xff, 0x0,
    0x0, 0xef, 0xff, 0xff, 0xff, 0xff, 0xff, 0x50,
    0x4, 0xff, 0xf7, 0x44, 0x44, 0x4e, 0xff, 0xa0,
    0x9, 0xff, 0xe0, 0x0, 0x0, 0x9, 0xff, 0xf0,
    0xe, 0xff, 0x90, 0x0, 0x0, 0x3, 0xff, 0xf6,
    0x4f, 0xff, 0x40, 0x0, 0x0, 0x0, 0xef, 0xfb,

    /* U+1EA5 "ấ" */
    0x0, 0x0, 0x0, 0x0, 0x3, 0x54, 0x0, 0x0,
    0x0, 0x0, 0x1f, 0xf5, 0x0, 0x0, 0x0, 0x0,
    0x8f, 0xa0, 0x0, 0x0, 0x0, 0x0, 0x78, 0x10,
    0x0, 0x0, 0x19, 0x98, 0x0, 0x0, 0x0, 0x1,
    0xdf, 0xff, 0xa0, 0x0, 0x0, 0x1d, 0xfc, 0x2e,
    0xfa, 0x0, 0x0, 0x7a, 0xa1, 0x4, 0xaa, 0x40,
    0x0, 0x0, 0x1, 0x10, 0x0, 0x0, 0x0, 0x19,
    0xef, 0xff, 0xc6, 0x0, 0x1, 0xef, 0xff, 0xff,
    0xff, 0x80, 0xa, 0xff, 0xd5, 0x49, 0xff, 0xf2,
    0x2, 0x58, 0x20, 0x0, 0xef, 0xf5, 0x0, 0x0,
    0x1, 0x36, 0xff, 0xf6, 0x0, 0x4b, 0xef, 0xff,
    0xff, 0xf6, 0x8, 0xff, 0xff, 0xda, 0xef, 0xf6,
    0x1f, 0xff, 0x70, 0x0, 0xcf, 0xf6, 0x3f, 0xfe,
    0x0, 0x0, 0xff, 0xf6, 0x2f, 0xff, 0x51, 0x2c,
    0xff, 0xf6, 0xc, 0xff, 0xff, 0xff, 0xcf, 0xf6,
    0x1, 0xbf, 0xff, 0xd3, 0xaf, 0xf6, 0x0, 0x1,
    0x31, 0x0, 0x0, 0x0,

    /* U+1EA6 "Ầ" */
    0x0, 0x0, 0x0, 0x0, 0x5, 0x52, 0x0, 0x0,
    0x0, 0x0, 0x0, 0x0, 0x9, 0xfc, 0x0, 0x0,
    0x0, 0x0, 0x0, 0x0, 0x0, 0xef, 0x40, 0x0,
    0x0, 0x0, 0x0, 0x0, 0x0, 0x39, 0x50, 0x0,
    0x0, 0x0, 0x0, 0x29, 0x96, 0x0, 0x0, 0x0,
    0x0, 0x0, 0x2, 0xef, 0xff, 0x80, 0x0, 0x0,
    0x0, 0x0, 0x2e, 0xfa, 0x4f, 0xf7, 0x0, 0x0,
    0x0, 0x0, 0x9b, 0xa0, 0x5, 0xba, 0x30, 0x0,
    0x0, 0x0, 0x0, 0x0, 0x0, 0x0, 0x0, 0x0,
    0x0, 0x0, 0x2, 0xff, 0xff, 0x70, 0x0, 0x0,
    0x0, 0x0, 0x8, 0xff, 0xff, 0xd0, 0x0, 0x0,
    0x0, 0x0, 0xd, 0xff, 0xff, 0xf2, 0x0, 0x0,
    0x0, 0x0, 0x3f, 0xfe, 0xaf, 0xf8, 0x0, 0x0,
    0x0, 0x0, 0x8f, 0xfa, 0x6f, 0xfd, 0x0, 0x0,
    0x0, 0x0, 0xef, 0xf6, 0x1f, 0xff, 0x30, 0x0,
    0x0, 0x3, 0xff, 0xf1, 0xd, 0xff, 0x90, 0x0,
    0x0, 0x9, 0xff, 0xd0, 0x8, 0xff, 0xe0, 0x0,
    0x0, 0xe, 0xff, 0x80, 0x3, 0xff, 0xf4, 0x0,
    0x0, 0x4f, 0xff, 0x74, 0x44, 0xff, 0xfa, 0x0,
    0x0, 0x9f, 0xff, 0xff, 0xff, 0xff, 0xff, 0x0,
    0x0, 0xef, 0xff, 0xff, 0xff, 0xff, 0xff, 0x50,
    0x4, 0xff, 0xf7, 0x44, 0x44, 0x4e, 0xff, 0xa0,
    0x9, 0xff, 0xe0, 0x0, 0x0, 0x9, 0xff, 0xf0,
    0xe, 0xff, 0x90, 0x0, 0x0, 0x3, 0xff, 0xf6,
    0x4f, 0xff, 0x40, 0x0, 0x0, 0x0, 0xef, 0xfb,

    /* U+1EA7 "ầ" */
    0x0, 0x0, 0x0, 0x4, 0x53, 0x0, 0x0, 0x0,
    0x0, 0x7, 0xfe, 0x0, 0x0, 0x0, 0x0, 0x0,
    0xcf, 0x60, 0x0, 0x0, 0x0, 0x0, 0x28, 0x60,
    0x0, 0x0, 0x19, 0x98, 0x0, 0x0, 0x0, 0x1,
    0xdf, 0xff, 0xa0, 0x0, 0x0, 0x1d, 0xfc, 0x2e,
    0xfa, 0x0, 0x0, 0x7a, 0xa1, 0x4, 0xaa, 0x40,
    0x0, 0x0, 0x1, 0x10, 0x0, 0x0, 0x0, 0x19,
    0xef, 0xff, 0xc6, 0x0, 0x1, 0xef, 0xff, 0xff,
    0xff, 0x80, 0xa, 0xff, 0xd5, 0x49, 0xff, 0xf2,
    0x2, 0x58, 0x20, 0x0, 0xef, 0xf5, 0x0, 0x0,
    0x1, 0x36, 0xff, 0xf6, 0x0, 0x4b, 0xef, 0xff,
    0xff, 0xf6, 0x8, 0xff, 0xff, 0xda, 0xef, 0xf6,
    0x1f, 0xff, 0x70, 0x0, 0xcf, 0xf6, 0x3f, 0xfe,
    0x0, 0x0, 0xff, 0xf6, 0x2f, 0xff, 0x51, 0x2c,
    0xff, 0xf6, 0xc, 0xff, 0xff, 0xff, 0xcf, 0xf6,
    0x1, 0xbf, 0xff, 0xd3, 0xaf, 0xf6, 0x0, 0x1,
    0x31, 0x0, 0x0, 0x0,

    /* U+1EA8 "Ẩ" */
    0x0, 0x0, 0x0, 0x0, 0x5, 0x42, 0x0, 0x0,
    0x0, 0x0, 0x0, 0x0, 0x1f, 0xff, 0x30, 0x0,
    0x0, 0x0, 0x0, 0x0, 0x2, 0xaf, 0x30, 0x0,
    0x0, 0x0, 0x0, 0x0, 0x0, 0x86, 0x0, 0x0,
    0x0, 0x0, 0x0, 0x29, 0x96, 0x0, 0x0, 0x0,
    0x0, 0x0, 0x2, 0xef, 0xff, 0x80, 0x0, 0x0,
    0x0, 0x0, 0x2e, 0xfa, 0x4f, 0xf7, 0x0, 0x0,
    0x0, 0x0, 0x9b, 0xa0, 0x5, 0xba, 0x30, 0x0,
    0x0, 0x0, 0x0, 0x0, 0x0, 0x0, 0x0, 0x0,
    0x0, 0x0, 0x2, 0xff, 0xff, 0x70, 0x0, 0x0,
    0x0, 0x0, 0x8, 0xff, 0xff, 0xd0, 0x0, 0x0,
    0x0, 0x0, 0xd, 0xff, 0xff, 0xf2, 0x0, 0x0,
    0x0, 0x0, 0x3f, 0xfe, 0xaf, 0xf8, 0x0, 0x0,
    0x0, 0x0, 0x8f, 0xfa, 0x6f, 0xfd, 0x0, 0x0,
    0x0, 0x0, 0xef, 0xf6, 0x1f, 0xff, 0x30, 0x0,
    0x0, 0x3, 0xff, 0xf1, 0xd, 0xff, 0x90, 0x0,
    0x0, 0x9, 0xff, 0xd0, 0x8, 0xff, 0xe0, 0x0,
    0x0, 0xe, 0xff, 0x80, 0x3, 0xff, 0xf4, 0x0,
    0x0, 0x4f, 0xff, 0x74, 0x44, 0xff, 0xfa, 0x0,
    0x0, 0x9f, 0xff, 0xff, 0xff, 0xff, 0xff, 0x0,
    0x0, 0xef, 0xff, 0xff, 0xff, 0xff, 0xff, 0x50,
    0x4, 0xff, 0xf7, 0x44, 0x44, 0x4e, 0xff, 0xa0,
    0x9, 0xff, 0xe0, 0x0, 0x0, 0x9, 0xff, 0xf0,
    0xe, 0xff, 0x90, 0x0, 0x0, 0x3, 0xff, 0xf6,
    0x4f, 0xff, 0x40, 0x0, 0x0, 0x0, 0xef, 0xfb,

    /* U+1EA9 "ẩ" */
    0x0, 0x0, 0x0, 0x5, 0x52, 0x0, 0x0, 0x0,
    0x0, 0xf, 0xff, 0x50, 0x0, 0x0, 0x0, 0x1,
    0x8f, 0x50, 0x0, 0x0, 0x0, 0x0, 0x77, 0x0,
    0x0, 0x0, 0x19, 0x98, 0x0, 0x0, 0x0, 0x1,
    0xdf, 0xff, 0xa0, 0x0, 0x0, 0x1d, 0xfc, 0x2e,
    0xfa, 0x0, 0x0, 0x7a, 0xa1, 0x4, 0xaa, 0x40,
    0x0, 0x0, 0x1, 0x10, 0x0, 0x0, 0x0, 0x19,
    0xef, 0xff, 0xc6, 0x0, 0x1, 0xef, 0xff, 0xff,
    0xff, 0x80, 0xa, 0xff, 0xd5, 0x49, 0xff, 0xf2,
    0x2, 0x58, 0x20, 0x0, 0xef, 0xf5, 0x0, 0x0,
    0x1, 0x36, 0xff, 0xf6, 0x0, 0x4b, 0xef, 0xff,
    0xff, 0xf6, 0x8, 0xff, 0xff, 0xda, 0xef, 0xf6,
    0x1f, 0xff, 0x70, 0x0, 0xcf, 0xf6, 0x3f, 0xfe,
    0x0, 0x0, 0xff, 0xf6, 0x2f, 0xff, 0x51, 0x2c,
    0xff, 0xf6, 0xc, 0xff, 0xff, 0xff, 0xcf, 0xf6,
    0x1, 0xbf, 0xff, 0xd3, 0xaf, 0xf6, 0x0, 0x1,
    0x31, 0x0, 0x0, 0x0,

    /* U+1EAA "Ẫ" */
    0x0, 0x0, 0x0, 0x10, 0x0, 0x11, 0x0, 0x0,
    0x0, 0x0, 0xb, 0xff, 0x83, 0xfd, 0x0, 0x0,
    0x0, 0x0, 0x5f, 0xba, 0xff, 0xf7, 0x0, 0x0,
    0x0, 0x0, 0x36, 0x10, 0x26, 0x40, 0x0, 0x0,
    0x0, 0x0, 0x0, 0x29, 0x96, 0x0, 0x0, 0x0,
    0x0, 0x0, 0x2, 0xef, 0xff, 0x80, 0x0, 0x0,
    0x0, 0x0, 0x2e, 0xfa, 0x4f, 0xf7, 0x0, 0x0,
    0x0, 0x0, 0x9b, 0xa0, 0x5, 0xba, 0x30, 0x0,
    0x0, 0x0, 0x0, 0x0, 0x0, 0x0, 0x0, 0x0,
    0x0, 0x0, 0x2, 0xff, 0xff, 0x70, 0x0, 0x0,
    0x0, 0x0, 0x8, 0xff, 0xff, 0xd0, 0x0, 0x0,
    0x0, 0x0, 0xd, 0xff, 0xff, 0xf2, 0x0, 0x0,
    0x0, 0x0, 0x3f, 0xfe, 0xaf, 0xf8, 0x0, 0x0,
    0x0, 0x0, 0x8f, 0xfa, 0x6f, 0xfd, 0x0, 0x0,
    0x0, 0x0, 0xef, 0xf6, 0x1f, 0xff, 0x30, 0x0,
    0x0, 0x3, 0xff, 0xf1, 0xd, 0xff, 0x90, 0x0,
    0x0, 0x9, 0xff, 0xd0, 0x8, 0xff, 0xe0, 0x0,
    0x0, 0xe, 0xff, 0x80, 0x3, 0xff, 0xf4, 0x0,
    0x0, 0x4f, 0xff, 0x74, 0x44, 0xff, 0xfa, 0x0,
    0x0, 0x9f, 0xff, 0xff, 0xff, 0xff, 0xff, 0x0,
    0x0, 0xef, 0xff, 0xff, 0xff, 0xff, 0xff, 0x50,
    0x4, 0xff, 0xf7, 0x44, 0x44, 0x4e, 0xff, 0xa0,
    0x9, 0xff, 0xe0, 0x0, 0x0, 0x9, 0xff, 0xf0,
    0xe, 0xff, 0x90, 0x0, 0x0, 0x3, 0xff, 0xf6,
    0x4f, 0xff, 0x40, 0x0, 0x0, 0x0, 0xef, 0xfb,

    /* U+1EAB "ẫ" */
    0x0, 0x0, 0x0, 0x0, 0x1, 0x0, 0x0, 0x9,
    0xff, 0x93, 0xdf, 0x0, 0x0, 0x3f, 0xc9, 0xff,
    0xf9, 0x0, 0x0, 0x26, 0x20, 0x16, 0x50, 0x0,
    0x0, 0x0, 0x19, 0x98, 0x0, 0x0, 0x0, 0x1,
    0xdf, 0xff, 0xa0, 0x0, 0x0, 0x1d, 0xfc, 0x2e,
    0xfa, 0x0, 0x0, 0x7a, 0xa1, 0x4, 0xaa, 0x40,
    0x0, 0x0, 0x1, 0x10, 0x0, 0x0, 0x0, 0x19,
    0xef, 0xff, 0xc6, 0x0, 0x1, 0xef, 0xff, 0xff,
    0xff, 0x80, 0xa, 0xff, 0xd5, 0x49, 0xff, 0xf2,
    0x2, 0x58, 0x20, 0x0, 0xef, 0xf5, 0x0, 0x0,
    0x1, 0x36, 0xff, 0xf6, 0x0, 0x4b, 0xef, 0xff,
    0xff, 0xf6, 0x8, 0xff, 0xff, 0xda, 0xef, 0xf6,
    0x1f, 0xff, 0x70, 0x0, 0xcf, 0xf6, 0x3f, 0xfe,
    0x0, 0x0, 0xff, 0xf6, 0x2f, 0xff, 0x51, 0x2c,
    0xff, 0xf6, 0xc, 0xff, 0xff, 0xff, 0xcf, 0xf6,
    0x1, 0xbf, 0xff, 0xd3, 0xaf, 0xf6, 0x0, 0x1,
    0x31, 0x0, 0x0, 0x0,

    /* U+1EAC "Ậ" */
    0x0, 0x0, 0x0, 0x6e, 0xeb, 0x0, 0x0, 0x0,
    0x0, 0x0, 0x6, 0xff, 0xdf, 0xb0, 0x0, 0x0,
    0x0, 0x0, 0x5f, 0xf6, 0x1e, 0xfb, 0x0, 0x0,
    0x0, 0x0, 0x56, 0x40, 0x2, 0x66, 0x20, 0x0,
    0x0, 0x0, 0x0, 0x0, 0x0, 0x0, 0x0, 0x0,
    0x0, 0x0, 0x2, 0xff, 0xff, 0x70, 0x0, 0x0,
    0x0, 0x0, 0x8, 0xff, 0xff, 0xd0, 0x0, 0x0,
    0x0, 0x0, 0xd, 0xff, 0xff, 0xf2, 0x0, 0x0,
    0x0, 0x0, 0x3f, 0xfe, 0xaf, 0xf8, 0x0, 0x0,
    0x0, 0x0, 0x8f, 0xfa, 0x6f, 0xfd, 0x0, 0x0,
    0x0, 0x0, 0xef, 0xf6, 0x1f, 0xff, 0x30, 0x0,
    0x0, 0x3, 0xff, 0xf1, 0xd, 0xff, 0x90, 0x0,
    0x0, 0x9, 0xff, 0xd0, 0x8, 0xff, 0xe0, 0x0,
    0x0, 0xe, 0xff, 0x80, 0x3, 0xff, 0xf4, 0x0,
    0x0, 0x4f, 0xff, 0x74, 0x44, 0xff, 0xfa, 0x0,
    0x0, 0x9f, 0xff, 0xff, 0xff, 0xff, 0xff, 0x0,
    0x0, 0xef, 0xff, 0xff, 0xff, 0xff, 0xff, 0x50,
    0x4, 0xff, 0xf7, 0x44, 0x44, 0x4e, 0xff, 0xa0,
    0x9, 0xff, 0xe0, 0x0, 0x0, 0x9, 0xff, 0xf0,
    0xe, 0xff, 0x90, 0x0, 0x0, 0x3, 0xff, 0xf6,
    0x4f, 0xff, 0x40, 0x0, 0x0, 0x0, 0xef, 0xfb,
    0x0, 0x0, 0x0, 0x0, 0x0, 0x0, 0x0, 0x0,
    0x0, 0x0, 0x0, 0x3, 0x50, 0x0, 0x0, 0x0,
    0x0, 0x0, 0x0, 0x5f, 0xfb, 0x0, 0x0, 0x0,
    0x0, 0x0, 0x0, 0x7f, 0xfe, 0x0, 0x0, 0x0,
    0x0, 0x0, 0x0, 0x1a, 0xc4, 0x0, 0x0, 0x0,

    /* U+1EAD "ậ" */
    0x0, 0x0, 0x4d, 0xec, 0x10, 0x0, 0x0, 0x4,
    0xff, 0xdf, 0xd1, 0x0, 0x0, 0x4f, 0xf8, 0xd,
    0xfd, 0x10, 0x0, 0x56, 0x50, 0x1, 0x66, 0x30,
    0x0, 0x0, 0x1, 0x10, 0x0, 0x0, 0x0, 0x19,
    0xef, 0xff, 0xc6, 0x0, 0x1, 0xef, 0xff, 0xff,
    0xff, 0x80, 0xa, 0xff, 0xd5, 0x49, 0xff, 0xf2,
    0x2, 0x58, 0x20, 0x0, 0xef, 0xf5, 0x0, 0x0,
    0x1, 0x36, 0xff, 0xf6, 0x0, 0x4b, 0xef, 0xff,
    0xff, 0xf6, 0x8, 0xff, 0xff, 0xda, 0xef, 0xf6,
    0x1f, 0xff, 0x70, 0x0, 0xcf, 0xf6, 0x3f, 0xfe,
    0x0, 0x0, 0xff, 0xf6, 0x2f, 0xff, 0x51, 0x2c,
    0xff, 0xf6, 0xc, 0xff, 0xff, 0xff, 0xcf, 0xf6,
    0x1, 0xbf, 0xff, 0xd3, 0xaf, 0xf6, 0x0, 0x1,
    0x31, 0x0, 0x0, 0x0, 0x0, 0x0, 0x3, 0x60,
    0x0, 0x0, 0x0, 0x0, 0x4f, 0xfc, 0x0, 0x0,
    0x0, 0x0, 0x6f, 0xff, 0x0, 0x0, 0x0, 0x0,
    0xa, 0xd5, 0x0, 0x0,

    /* U+1EAE "Ắ" */
    0x0, 0x0, 0x0, 0x0, 0x25, 0x50, 0x0, 0x0,
    0x0, 0x0, 0x0, 0x0, 0xdf, 0x90, 0x0, 0x0,
    0x0, 0x0, 0x0, 0x4, 0xfd, 0x0, 0x0, 0x0,
    0x0, 0x0, 0x0, 0x5, 0x93, 0x0, 0x0, 0x0,
    0x0, 0x0, 0x38, 0x30, 0x0, 0x87, 0x0, 0x0,
    0x0, 0x0, 0x4f, 0xc1, 0x7, 0xfb, 0x0, 0x0,
    0x0, 0x0, 0xb, 0xff, 0xff, 0xf2, 0x0, 0x0,
    0x0, 0x0, 0x0, 0x6b, 0xc9, 0x20, 0x0, 0x0,
    0x0, 0x0, 0x0, 0x0, 0x0, 0x0, 0x0, 0x0,
    0x0, 0x0, 0x2, 0xff, 0xff, 0x70, 0x0, 0x0,
    0x0, 0x0, 0x8, 0xff, 0xff, 0xd0, 0x0, 0x0,
    0x0, 0x0, 0xd, 0xff, 0xff, 0xf2, 0x0, 0x0,
    0x0, 0x0, 0x3f, 0xfe, 0xaf, 0xf8, 0x0, 0x0,
    0x0, 0x0, 0x8f, 0xfa, 0x6f, 0xfd, 0x0, 0x0,
    0x0, 0x0, 0xef, 0xf6, 0x1f, 0xff, 0x30, 0x0,
    0x0, 0x3, 0xff, 0xf1, 0xd, 0xff, 0x90, 0x0,
    0x0, 0x9, 0xff, 0xd0, 0x8, 0xff, 0xe0, 0x0,
    0x0, 0xe, 0xff, 0x80, 0x3, 0xff, 0xf4, 0x0,
    0x0, 0x4f, 0xff, 0x74, 0x44, 0xff, 0xfa, 0x0,
    0x0, 0x9f, 0xff, 0xff, 0xff, 0xff, 0xff, 0x0,
    0x0, 0xef, 0xff, 0xff, 0xff, 0xff, 0xff, 0x50,
    0x4, 0xff, 0xf7, 0x44, 0x44, 0x4e, 0xff, 0xa0,
    0x9, 0xff, 0xe0, 0x0, 0x0, 0x9, 0xff, 0xf0,
    0xe, 0xff, 0x90, 0x0, 0x0, 0x3, 0xff, 0xf6,
    0x4f, 0xff, 0x40, 0x0, 0x0, 0x0, 0xef, 0xfb,

    /* U+1EAF "ắ" */
    0x0, 0x0, 0x0, 0x25, 0x50, 0x0, 0x0, 0x0,
    0x0, 0xbf, 0xb0, 0x0, 0x0, 0x0, 0x2, 0xfe,
    0x10, 0x0, 0x0, 0x0, 0x4, 0x84, 0x0, 0x0,
    0x0, 0x28, 0x40, 0x0, 0x78, 0x0, 0x0, 0x2f,
    0xe2, 0x5, 0xfd, 0x0, 0x0, 0x9, 0xff, 0xff,
    0xf4, 0x0, 0x0, 0x0, 0x5b, 0xc9, 0x20, 0x0,
    0x0, 0x0, 0x1, 0x10, 0x0, 0x0, 0x0, 0x19,
    0xef, 0xff, 0xc6, 0x0, 0x1, 0xef, 0xff, 0xff,
    0xff, 0x80, 0xa, 0xff, 0xd5, 0x49, 0xff, 0xf2,
    0x2, 0x58, 0x20, 0x0, 0xef, 0xf5, 0x0, 0x0,
    0x1, 0x36, 0xff, 0xf6, 0x0, 0x4b, 0xef, 0xff,
    0xff, 0xf6, 0x8, 0xff, 0xff, 0xda, 0xef, 0xf6,
    0x1f, 0xff, 0x70, 0x0, 0xcf, 0xf6, 0x3f, 0xfe,
    0x0, 0x0, 0xff, 0xf6, 0x2f, 0xff, 0x51, 0x2c,
    0xff, 0xf6, 0xc, 0xff, 0xff, 0xff, 0xcf, 0xf6,
    0x1, 0xbf, 0xff, 0xd3, 0xaf, 0xf6, 0x0, 0x1,
    0x31, 0x0, 0x0, 0x0,

    /* U+1EB0 "Ằ" */
    0x0, 0x0, 0x3, 0x54, 0x0, 0x0, 0x0, 0x0,
    0x0, 0x0, 0x3, 0xff, 0x30, 0x0, 0x0, 0x0,
    0x0, 0x0, 0x0, 0x8f, 0xa0, 0x0, 0x0, 0x0,
    0x0, 0x0, 0x0, 0x8, 0x80, 0x0, 0x0, 0x0,
    0x0, 0x0, 0x48, 0x30, 0x0, 0x87, 0x0, 0x0,
    0x0, 0x0, 0x5f, 0xc1, 0x8, 0xfa, 0x0, 0x0,
    0x0, 0x0, 0xb, 0xff, 0xff, 0xe2, 0x0, 0x0,
    0x0, 0x0, 0x0, 0x6b, 0xc8, 0x10, 0x0, 0x0,
    0x0, 0x0, 0x0, 0x0, 0x0, 0x0, 0x0, 0x0,
    0x0, 0x0, 0x2, 0xff, 0xff, 0x70, 0x0, 0x0,
    0x0, 0x0, 0x8, 0xff, 0xff, 0xd0, 0x0, 0x0,
    0x0, 0x0, 0xd, 0xff, 0xff, 0xf2, 0x0, 0x0,
    0x0, 0x0, 0x3f, 0xfe, 0xaf, 0xf8, 0x0, 0x0,
    0x0, 0x0, 0x8f, 0xfa, 0x6f, 0xfd, 0x0, 0x0,
    0x0, 0x0, 0xef, 0xf6, 0x1f, 0xff, 0x30, 0x0,
    0x0, 0x3, 0xff, 0xf1, 0xd, 0xff, 0x90, 0x0,
    0x0, 0x9, 0xff, 0xd0, 0x8, 0xff, 0xe0, 0x0,
    0x0, 0xe, 0xff, 0x80, 0x3, 0xff, 0xf4, 0x0,
    0x0, 0x4f, 0xff, 0x74, 0x44, 0xff, 0xfa, 0x0,
    0x0, 0x9f, 0xff, 0xff, 0xff, 0xff, 0xff, 0x0,
    0x0, 0xef, 0xff, 0xff, 0xff, 0xff, 0xff, 0x50,
    0x4, 0xff, 0xf7, 0x44, 0x44, 0x4e, 0xff, 0xa0,
    0x9, 0xff, 0xe0, 0x0, 0x0, 0x9, 0xff, 0xf0,
    0xe, 0xff, 0x90, 0x0, 0x0, 0x3, 0xff, 0xf6,
    0x4f, 0xff, 0x40, 0x0, 0x0, 0x0, 0xef, 0xfb,

    /* U+1EB1 "ằ" */
    0x0, 0x2, 0x55, 0x0, 0x0, 0x0, 0x0, 0x1,
    0xff, 0x50, 0x0, 0x0, 0x0, 0x0, 0x6f, 0xc0,
    0x0, 0x0, 0x0, 0x0, 0x7, 0x81, 0x0, 0x0,
    0x0, 0x38, 0x40, 0x0, 0x78, 0x0, 0x0, 0x3f,
    0xd2, 0x6, 0xfc, 0x0, 0x0, 0x9, 0xff, 0xff,
    0xf3, 0x0, 0x0, 0x0, 0x5b, 0xc9, 0x20, 0x0,
    0x0, 0x0, 0x1, 0x10, 0x0, 0x0, 0x0, 0x19,
    0xef, 0xff, 0xc6, 0x0, 0x1, 0xef, 0xff, 0xff,
    0xff, 0x80, 0xa, 0xff, 0xd5, 0x49, 0xff, 0xf2,
    0x2, 0x58, 0x20, 0x0, 0xef, 0xf5, 0x0, 0x0,
    0x1, 0x36, 0xff, 0xf6, 0x0, 0x4b, 0xef, 0xff,
    0xff, 0xf6, 0x8, 0xff, 0xff, 0xda, 0xef, 0xf6,
    0x1f, 0xff, 0x70, 0x0, 0xcf, 0xf6, 0x3f, 0xfe,
    0x0, 0x0, 0xff, 0xf6, 0x2f, 0xff, 0x51, 0x2c,
    0xff, 0xf6, 0xc, 0xff, 0xff, 0xff, 0xcf, 0xf6,
    0x1, 0xbf, 0xff, 0xd3, 0xaf, 0xf6, 0x0, 0x1,
    0x31, 0x0, 0x0, 0x0,

    /* U+1EB2 "Ẳ" */
    0x0, 0x0, 0x0, 0x35, 0x40, 0x0, 0x0, 0x0,
    0x0, 0x0, 0x0, 0x9f, 0xfc, 0x0, 0x0, 0x0,
    0x0, 0x0, 0x0, 0x13, 0xfb, 0x0, 0x0, 0x0,
    0x0, 0x0, 0x0, 0x4, 0x92, 0x0, 0x0, 0x0,
    0x0, 0x0, 0x38, 0x30, 0x0, 0x87, 0x0, 0x0,
    0x0, 0x0, 0x4f, 0xc1, 0x7, 0xfb, 0x0, 0x0,
    0x0, 0x0, 0xb, 0xff, 0xff, 0xf2, 0x0, 0x0,
    0x0, 0x0, 0x0, 0x6b, 0xc9, 0x20, 0x0, 0x0,
    0x0, 0x0, 0x0, 0x0, 0x0, 0x0, 0x0, 0x0,
    0x0, 0x0, 0x2, 0xff, 0xff, 0x70, 0x0, 0x0,
    0x0, 0x0, 0x8, 0xff, 0xff, 0xd0, 0x0, 0x0,
    0x0, 0x0, 0xd, 0xff, 0xff, 0xf2, 0x0, 0x0,
    0x0, 0x0, 0x3f, 0xfe, 0xaf, 0xf8, 0x0, 0x0,
    0x0, 0x0, 0x8f, 0xfa, 0x6f, 0xfd, 0x0, 0x0,
    0x0, 0x0, 0xef, 0xf6, 0x1f, 0xff, 0x30, 0x0,
    0x0, 0x3, 0xff, 0xf1, 0xd, 0xff, 0x90, 0x0,
    0x0, 0x9, 0xff, 0xd0, 0x8, 0xff, 0xe0, 0x0,
    0x0, 0xe, 0xff, 0x80, 0x3, 0xff, 0xf4, 0x0,
    0x0, 0x4f, 0xff, 0x74, 0x44, 0xff, 0xfa, 0x0,
    0x0, 0x9f, 0xff, 0xff, 0xff, 0xff, 0xff, 0x0,
    0x0, 0xef, 0xff, 0xff, 0xff, 0xff, 0xff, 0x50,
    0x4, 0xff, 0xf7, 0x44, 0x44, 0x4e, 0xff, 0xa0,
    0x9, 0xff, 0xe0, 0x0, 0x0, 0x9, 0xff, 0xf0,
    0xe, 0xff, 0x90, 0x0, 0x0, 0x3, 0xff, 0xf6,
    0x4f, 0xff, 0x40, 0x0, 0x0, 0x0, 0xef, 0xfb,

    /* U+1EB3 "ẳ" */
    0x0, 0x0, 0x25, 0x40, 0x0, 0x0, 0x0, 0x0,
    0x7f, 0xfe, 0x0, 0x0, 0x0, 0x0, 0x2, 0xee,
    0x0, 0x0, 0x0, 0x0, 0x2, 0x83, 0x0, 0x0,
    0x0, 0x28, 0x40, 0x0, 0x78, 0x0, 0x0, 0x2f,
    0xe2, 0x5, 0xfd, 0x0, 0x0, 0x9, 0xff, 0xff,
    0xf4, 0x0, 0x0, 0x0, 0x5b, 0xc9, 0x20, 0x0,
    0x0, 0x0, 0x1, 0x10, 0x0, 0x0, 0x0, 0x19,
    0xef, 0xff, 0xc6, 0x0, 0x1, 0xef, 0xff, 0xff,
    0xff, 0x80, 0xa, 0xff, 0xd5, 0x49, 0xff, 0xf2,
    0x2, 0x58, 0x20, 0x0, 0xef, 0xf5, 0x0, 0x0,
    0x1, 0x36, 0xff, 0xf6, 0x0, 0x4b, 0xef, 0xff,
    0xff, 0xf6, 0x8, 0xff, 0xff, 0xda, 0xef, 0xf6,
    0x1f, 0xff, 0x70, 0x0, 0xcf, 0xf6, 0x3f, 0xfe,
    0x0, 0x0, 0xff, 0xf6, 0x2f, 0xff, 0x51, 0x2c,
    0xff, 0xf6, 0xc, 0xff, 0xff, 0xff, 0xcf, 0xf6,
    0x1, 0xbf, 0xff, 0xd3, 0xaf, 0xf6, 0x0, 0x1,
    0x31, 0x0, 0x0, 0x0,

    /* U+1EB4 "Ẵ" */
    0x0, 0x0, 0x0, 0x0, 0x0, 0x1, 0x0, 0x0,
    0x0, 0x0, 0xa, 0xff, 0x83, 0xee, 0x0, 0x0,
    0x0, 0x0, 0x4f, 0xca, 0xff, 0xf8, 0x0, 0x0,
    0x0, 0x0, 0x26, 0x20, 0x26, 0x40, 0x0, 0x0,
    0x0, 0x0, 0x49, 0x30, 0x0, 0x97, 0x0, 0x0,
    0x0, 0x0, 0x4f, 0xc2, 0x8, 0xfa, 0x0, 0x0,
    0x0, 0x0, 0xa, 0xff, 0xff, 0xe2, 0x0, 0x0,
    0x0, 0x0, 0x0, 0x5a, 0xb8, 0x10, 0x0, 0x0,
    0x0, 0x0, 0x0, 0x0, 0x0, 0x0, 0x0, 0x0,
    0x0, 0x0, 0x2, 0xff, 0xff, 0x70, 0x0, 0x0,
    0x0, 0x0, 0x8, 0xff, 0xff, 0xd0, 0x0, 0x0,
    0x0, 0x0, 0xd, 0xff, 0xff, 0xf2, 0x0, 0x0,
    0x0, 0x0, 0x3f, 0xfe, 0xaf, 0xf8, 0x0, 0x0,
    0x0, 0x0, 0x8f, 0xfa, 0x6f, 0xfd, 0x0, 0x0,
    0x0, 0x0, 0xef, 0xf6, 0x1f, 0xff, 0x30, 0x0,
    0x0, 0x3, 0xff, 0xf1, 0xd, 0xff, 0x90, 0x0,
    0x0, 0x9, 0xff, 0xd0, 0x8, 0xff, 0xe0, 0x0,
    0x0, 0xe, 0xff, 0x80, 0x3, 0xff, 0xf4, 0x0,
    0x0, 0x4f, 0xff, 0x74, 0x44, 0xff, 0xfa, 0x0,
    0x0, 0x9f, 0xff, 0xff, 0xff, 0xff, 0xff, 0x0,
    0x0, 0xef, 0xff, 0xff, 0xff, 0xff, 0xff, 0x50,
    0x4, 0xff, 0xf7, 0x44, 0x44, 0x4e, 0xff, 0xa0,
    0x9, 0xff, 0xe0, 0x0, 0x0, 0x9, 0xff, 0xf0,
    0xe, 0xff, 0x90, 0x0, 0x0, 0x3, 0xff, 0xf6,
    0x4f, 0xff, 0x40, 0x0, 0x0, 0x0, 0xef, 0xfb,

    /* U+1EB5 "ẵ" */
    0x0, 0x0, 0x0, 0x0, 0x1, 0x0, 0x0, 0x8,
    0xff, 0xa3, 0xcf, 0x10, 0x0, 0x2f, 0xd9, 0xff,
    0xfa, 0x0, 0x0, 0x16, 0x30, 0x16, 0x50, 0x0,
    0x0, 0x29, 0x50, 0x0, 0x89, 0x0, 0x0, 0x2f,
    0xe3, 0x7, 0xfc, 0x0, 0x0, 0x8, 0xff, 0xff,
    0xf3, 0x0, 0x0, 0x0, 0x4a, 0xb8, 0x20, 0x0,
    0x0, 0x0, 0x1, 0x10, 0x0, 0x0, 0x0, 0x19,
    0xef, 0xff, 0xc6, 0x0, 0x1, 0xef, 0xff, 0xff,
    0xff, 0x80, 0xa, 0xff, 0xd5, 0x49, 0xff, 0xf2,
    0x2, 0x58, 0x20, 0x0, 0xef, 0xf5, 0x0, 0x0,
    0x1, 0x36, 0xff, 0xf6, 0x0, 0x4b, 0xef, 0xff,
    0xff, 0xf6, 0x8, 0xff, 0xff, 0xda, 0xef, 0xf6,
    0x1f, 0xff, 0x70, 0x0, 0xcf, 0xf6, 0x3f, 0xfe,
    0x0, 0x0, 0xff, 0xf6, 0x2f, 0xff, 0x51, 0x2c,
    0xff, 0xf6, 0xc, 0xff, 0xff, 0xff, 0xcf, 0xf6,
    0x1, 0xbf, 0xff, 0xd3, 0xaf, 0xf6, 0x0, 0x1,
    0x31, 0x0, 0x0, 0x0,

    /* U+1EB6 "Ặ" */
    0x0, 0x0, 0x6d, 0x60, 0x1, 0xdb, 0x0, 0x0,
    0x0, 0x0, 0x3f, 0xe6, 0x4c, 0xf9, 0x0, 0x0,
    0x0, 0x0, 0x7, 0xff, 0xff, 0xc0, 0x0, 0x0,
    0x0, 0x0, 0x0, 0x26, 0x74, 0x0, 0x0, 0x0,
    0x0, 0x0, 0x0, 0x0, 0x0, 0x0, 0x0, 0x0,
    0x0, 0x0, 0x2, 0xff, 0xff, 0x70, 0x0, 0x0,
    0x0, 0x0, 0x8, 0xff, 0xff, 0xd0, 0x0, 0x0,
    0x0, 0x0, 0xd, 0xff, 0xff, 0xf2, 0x0, 0x0,
    0x0, 0x0, 0x3f, 0xfe, 0xaf, 0xf8, 0x0, 0x0,
    0x0, 0x0, 0x8f, 0xfa, 0x6f, 0xfd, 0x0, 0x0,
    0x0, 0x0, 0xef, 0xf6, 0x1f, 0xff, 0x30, 0x0,
    0x0, 0x3, 0xff, 0xf1, 0xd, 0xff, 0x90, 0x0,
    0x0, 0x9, 0xff, 0xd0, 0x8, 0xff, 0xe0, 0x0,
    0x0, 0xe, 0xff, 0x80, 0x3, 0xff, 0xf4, 0x0,
    0x0, 0x4f, 0xff, 0x74, 0x44, 0xff, 0xfa, 0x0,
    0x0, 0x9f, 0xff, 0xff, 0xff, 0xff, 0xff, 0x0,
    0x0, 0xef, 0xff, 0xff, 0xff, 0xff, 0xff, 0x50,
    0x4, 0xff, 0xf7, 0x44, 0x44, 0x4e, 0xff, 0xa0,
    0x9, 0xff, 0xe0, 0x0, 0x0, 0x9, 0xff, 0xf0,
    0xe, 0xff, 0x90, 0x0, 0x0, 0x3, 0xff, 0xf6,
    0x4f, 0xff, 0x40, 0x0, 0x0, 0x0, 0xef, 0xfb,
    0x0, 0x0, 0x0, 0x0, 0x0, 0x0, 0x0, 0x0,
    0x0, 0x0, 0x0, 0x3, 0x50, 0x0, 0x0, 0x0,
    0x0, 0x0, 0x0, 0x5f, 0xfb, 0x0, 0x0, 0x0,
    0x0, 0x0, 0x0, 0x7f, 0xfe, 0x0, 0x0, 0x0,
    0x0, 0x0, 0x0, 0x1a, 0xc4, 0x0, 0x0, 0x0,

    /* U+1EB7 "ặ" */
    0x0, 0x4d, 0x70, 0x0, 0xcc, 0x0, 0x0, 0x1f,
    0xf7, 0x4a, 0xfb, 0x0, 0x0, 0x5, 0xff, 0xff,
    0xd1, 0x0, 0x0, 0x0, 0x16, 0x75, 0x0, 0x0,
    0x0, 0x0, 0x1, 0x10, 0x0, 0x0, 0x0, 0x19,
    0xef, 0xff, 0xc6, 0x0, 0x1, 0xef, 0xff, 0xff,
    0xff, 0x80, 0xa, 0xff, 0xd5, 0x49, 0xff, 0xf2,
    0x2, 0x58, 0x20, 0x0, 0xef, 0xf5, 0x0, 0x0,
    0x1, 0x36, 0xff, 0xf6, 0x0, 0x4b, 0xef, 0xff,
    0xff, 0xf6, 0x8, 0xff, 0xff, 0xda, 0xef, 0xf6,
    0x1f, 0xff, 0x70, 0x0, 0xcf, 0xf6, 0x3f, 0xfe,
    0x0, 0x0, 0xff, 0xf6, 0x2f, 0xff, 0x51, 0x2c,
    0xff, 0xf6, 0xc, 0xff, 0xff, 0xff, 0xcf, 0xf6,
    0x1, 0xbf, 0xff, 0xd3, 0xaf, 0xf6, 0x0, 0x1,
    0x31, 0x0, 0x0, 0x0, 0x0, 0x0, 0x3, 0x60,
    0x0, 0x0, 0x0, 0x0, 0x4f, 0xfc, 0x0, 0x0,
    0x0, 0x0, 0x6f, 0xff, 0x0, 0x0, 0x0, 0x0,
    0xa, 0xd5, 0x0, 0x0,

    /* U+1EB8 "Ẹ" */
    0x8f, 0xff, 0xff, 0xff, 0xff, 0xf2, 0x8f, 0xff,
    0xff, 0xff, 0xff, 0xf2, 0x8f, 0xfe, 0xbb, 0xbb,
    0xbb, 0xb1, 0x8f, 0xfb, 0x0, 0x0, 0x0, 0x0,
    0x8f, 0xfb, 0x0, 0x0, 0x0, 0x0, 0x8f, 0xfb,
    0x0, 0x0, 0x0, 0x0, 0x8f, 0xfd, 0x66, 0x66,
    0x66, 0x40, 0x8f, 0xff, 0xff, 0xff, 0xff, 0x90,
    0x8f, 0xff, 0xff, 0xff, 0xff, 0x90, 0x8f, 0xfc,
    0x44, 0x44, 0x44, 0x20, 0x8f, 0xfb, 0x0, 0x0,
    0x0, 0x0, 0x8f, 0xfb, 0x0, 0x0, 0x0, 0x0,
    0x8f, 0xfb, 0x0, 0x0, 0x0, 0x0, 0x8f, 0xfe,
    0xbb, 0xbb, 0xbb, 0xb2, 0x8f, 0xff, 0xff, 0xff,
    0xff, 0xf3, 0x8f, 0xff, 0xff, 0xff, 0xff, 0xf3,
    0x0, 0x0, 0x0, 0x0, 0x0, 0x0, 0x0, 0x0,
    0x5, 0x40, 0x0, 0x0, 0x0, 0x0, 0xbf, 0xf5,
    0x0, 0x0, 0x0, 0x0, 0xdf, 0xf8, 0x0, 0x0,
    0x0, 0x0, 0x4c, 0xb1, 0x0, 0x0,

    /* U+1EB9 "ẹ" */
    0x0, 0x0, 0x0, 0x21, 0x0, 0x0, 0x0, 0x0,
    0x4c, 0xff, 0xfd, 0x70, 0x0, 0x0, 0x7f, 0xff,
    0xff, 0xff, 0xb0, 0x0, 0x3f, 0xff, 0x84, 0x6e,
    0xff, 0x70, 0xa, 0xff, 0x80, 0x0, 0x3f, 0xfe,
    0x0, 0xff, 0xf5, 0x33, 0x33, 0xef, 0xf2, 0x1f,
    0xff, 0xff, 0xff, 0xff, 0xff, 0x31, 0xff, 0xfd,
    0xdd, 0xdd, 0xdd, 0xd3, 0xf, 0xff, 0x20, 0x0,
    0x0, 0x0, 0x0, 0xbf, 0xf8, 0x0, 0x0, 0x85,
    0x20, 0x4, 0xff, 0xf8, 0x34, 0xbf, 0xfd, 0x0,
    0x8, 0xff, 0xff, 0xff, 0xff, 0x30, 0x0, 0x5,
    0xdf, 0xff, 0xfb, 0x20, 0x0, 0x0, 0x0, 0x13,
    0x20, 0x0, 0x0, 0x0, 0x0, 0x1, 0x62, 0x0,
    0x0, 0x0, 0x0, 0x0, 0xef, 0xf2, 0x0, 0x0,
    0x0, 0x0, 0x1f, 0xff, 0x40, 0x0, 0x0, 0x0,
    0x0, 0x6d, 0x90, 0x0, 0x0,

    /* U+1EBA "Ẻ" */
    0x0, 0x3, 0xed, 0xb3, 0x0, 0x0, 0x0, 0x2,
    0xcd, 0xfa, 0x0, 0x0, 0x0, 0x0, 0xa, 0xf5,
    0x0, 0x0, 0x0, 0x0, 0x7, 0x60, 0x0, 0x0,
    0x0, 0x0, 0x0, 0x0, 0x0, 0x0, 0x8f, 0xff,
    0xff, 0xff, 0xff, 0xf2, 0x8f, 0xff, 0xff, 0xff,
    0xff, 0xf2, 0x8f, 0xfe, 0xbb, 0xbb, 0xbb, 0xb1,
    0x8f, 0xfb, 0x0, 0x0, 0x0, 0x0, 0x8f, 0xfb,
    0x0, 0x0, 0x0, 0x0, 0x8f, 0xfb, 0x0, 0x0,
    0x0, 0x0, 0x8f, 0xfd, 0x66, 0x66, 0x66, 0x40,
    0x8f, 0xff, 0xff, 0xff, 0xff, 0x90, 0x8f, 0xff,
    0xff, 0xff, 0xff, 0x90, 0x8f, 0xfc, 0x44, 0x44,
    0x44, 0x20, 0x8f, 0xfb, 0x0, 0x0, 0x0, 0x0,
    0x8f, 0xfb, 0x0, 0x0, 0x0, 0x0, 0x8f, 0xfb,
    0x0, 0x0, 0x0, 0x0, 0x8f, 0xfe, 0xbb, 0xbb,
    0xbb, 0xb2, 0x8f, 0xff, 0xff, 0xff, 0xff, 0xf3,
    0x8f, 0xff, 0xff, 0xff, 0xff, 0xf3,

    /* U+1EBB "ẻ" */
    0x0, 0x0, 0x6e, 0xda, 0x10, 0x0, 0x0, 0x0,
    0x5, 0xce, 0xf7, 0x0, 0x0, 0x0, 0x0, 0x0,
    0xef, 0x20, 0x0, 0x0, 0x0, 0x0, 0x27, 0x40,
    0x0, 0x0, 0x0, 0x0, 0x0, 0x21, 0x0, 0x0,
    0x0, 0x0, 0x4c, 0xff, 0xfd, 0x70, 0x0, 0x0,
    0x7f, 0xff, 0xff, 0xff, 0xb0, 0x0, 0x3f, 0xff,
    0x84, 0x6e, 0xff, 0x70, 0xa, 0xff, 0x80, 0x0,
    0x3f, 0xfe, 0x0, 0xff, 0xf5, 0x33, 0x33, 0xef,
    0xf2, 0x1f, 0xff, 0xff, 0xff, 0xff, 0xff, 0x31,
    0xff, 0xfd, 0xdd, 0xdd, 0xdd, 0xd3, 0xf, 0xff,
    0x20, 0x0, 0x0, 0x0, 0x0, 0xbf, 0xf8, 0x0,
    0x0, 0x85, 0x20, 0x4, 0xff, 0xf8, 0x34, 0xbf,
    0xfd, 0x0, 0x8, 0xff, 0xff, 0xff, 0xff, 0x30,
    0x0, 0x5, 0xdf, 0xff, 0xfb, 0x20, 0x0, 0x0,
    0x0, 0x13, 0x20, 0x0, 0x0,

    /* U+1EBC "Ẽ" */
    0x0, 0x7, 0x95, 0x2, 0x95, 0x0, 0x0, 0x7f,
    0xff, 0xcc, 0xf5, 0x0, 0x0, 0xcf, 0x38, 0xff,
    0xc0, 0x0, 0x0, 0x22, 0x0, 0x12, 0x0, 0x0,
    0x0, 0x0, 0x0, 0x0, 0x0, 0x0, 0x8f, 0xff,
    0xff, 0xff, 0xff, 0xf2, 0x8f, 0xff, 0xff, 0xff,
    0xff, 0xf2, 0x8f, 0xfe, 0xbb, 0xbb, 0xbb, 0xb1,
    0x8f, 0xfb, 0x0, 0x0, 0x0, 0x0, 0x8f, 0xfb,
    0x0, 0x0, 0x0, 0x0, 0x8f, 0xfb, 0x0, 0x0,
    0x0, 0x0, 0x8f, 0xfd, 0x66, 0x66, 0x66, 0x40,
    0x8f, 0xff, 0xff, 0xff, 0xff, 0x90, 0x8f, 0xff,
    0xff, 0xff, 0xff, 0x90, 0x8f, 0xfc, 0x44, 0x44,
    0x44, 0x20, 0x8f, 0xfb, 0x0, 0x0, 0x0, 0x0,
    0x8f, 0xfb, 0x0, 0x0, 0x0, 0x0, 0x8f, 0xfb,
    0x0, 0x0, 0x0, 0x0, 0x8f, 0xfe, 0xbb, 0xbb,
    0xbb, 0xb2, 0x8f, 0xff, 0xff, 0xff, 0xff, 0xf3,
    0x8f, 0xff, 0xff, 0xff, 0xff, 0xf3,

    /* U+1EBD "ẽ" */
    0x0, 0x1, 0x89, 0x30, 0x5a, 0x20, 0x0, 0x0,
    0xbf, 0xff, 0xbe, 0xf2, 0x0, 0x0, 0xf, 0xd3,
    0xbf, 0xf9, 0x0, 0x0, 0x0, 0x21, 0x0, 0x12,
    0x0, 0x0, 0x0, 0x0, 0x0, 0x21, 0x0, 0x0,
    0x0, 0x0, 0x4c, 0xff, 0xfd, 0x70, 0x0, 0x0,
    0x7f, 0xff, 0xff, 0xff, 0xb0, 0x0, 0x3f, 0xff,
    0x84, 0x6e, 0xff, 0x70, 0xa, 0xff, 0x80, 0x0,
    0x3f, 0xfe, 0x0, 0xff, 0xf5, 0x33, 0x33, 0xef,
    0xf2, 0x1f, 0xff, 0xff, 0xff, 0xff, 0xff, 0x31,
    0xff, 0xfd, 0xdd, 0xdd, 0xdd, 0xd3, 0xf, 0xff,
    0x20, 0x0, 0x0, 0x0, 0x0, 0xbf, 0xf8, 0x0,
    0x0, 0x85, 0x20, 0x4, 0xff, 0xf8, 0x34, 0xbf,
    0xfd, 0x0, 0x8, 0xff, 0xff, 0xff, 0xff, 0x30,
    0x0, 0x5, 0xdf, 0xff, 0xfb, 0x20, 0x0, 0x0,
    0x0, 0x13, 0x20, 0x0, 0x0,

    /* U+1EBE "Ế" */
    0x0, 0x0, 0x0, 0x0, 0x15, 0x51, 0x0, 0x0,
    0x0, 0x0, 0x8f, 0xd0, 0x0, 0x0, 0x0, 0x1,
    0xff, 0x30, 0x0, 0x0, 0x0, 0x3, 0x95, 0x0,
    0x0, 0x0, 0x69, 0x93, 0x0, 0x0, 0x0, 0x6,
    0xff, 0xff, 0x30, 0x0, 0x0, 0x6f, 0xf5, 0x9f,
    0xe3, 0x0, 0x2, 0xab, 0x60, 0x9, 0xb9, 0x0,
    0x0, 0x0, 0x0, 0x0, 0x0, 0x0, 0x8f, 0xff,
    0xff, 0xff, 0xff, 0xf2, 0x8f, 0xff, 0xff, 0xff,
    0xff, 0xf2, 0x8f, 0xfe, 0xbb, 0xbb, 0xbb, 0xb1,
    0x8f, 0xfb, 0x0, 0x0, 0x0, 0x0, 0x8f, 0xfb,
    0x0, 0x0, 0x0, 0x0, 0x8f, 0xfb, 0x0, 0x0,
    0x0, 0x0, 0x8f, 0xfd, 0x66, 0x66, 0x66, 0x40,
    0x8f, 0xff, 0xff, 0xff, 0xff, 0x90, 0x8f, 0xff,
    0xff, 0xff, 0xff, 0x90, 0x8f, 0xfc, 0x44, 0x44,
    0x44, 0x20, 0x8f, 0xfb, 0x0, 0x0, 0x0, 0x0,
    0x8f, 0xfb, 0x0, 0x0, 0x0, 0x0, 0x8f, 0xfb,
    0x0, 0x0, 0x0, 0x0, 0x8f, 0xfe, 0xbb, 0xbb,
    0xbb, 0xb2, 0x8f, 0xff, 0xff, 0xff, 0xff, 0xf3,
    0x8f, 0xff, 0xff, 0xff, 0xff, 0xf3,

    /* U+1EBF "ế" */
    0x0, 0x0, 0x0, 0x0, 0x2, 0x55, 0x0, 0x0,
    0x0, 0x0, 0x0, 0xcf, 0x90, 0x0, 0x0, 0x0,
    0x0, 0x4f, 0xd0, 0x0, 0x0, 0x0, 0x0, 0x5,
    0x83, 0x0, 0x0, 0x0, 0x8, 0x99, 0x10, 0x0,
    0x0, 0x0, 0xa, 0xff, 0xfd, 0x10, 0x0, 0x0,
    0xa, 0xfe, 0x2c, 0xfd, 0x10, 0x0, 0x4, 0xaa,
    0x30, 0x1a, 0xa7, 0x0, 0x0, 0x0, 0x0, 0x21,
    0x0, 0x0, 0x0, 0x0, 0x4c, 0xff, 0xfd, 0x70,
    0x0, 0x0, 0x7f, 0xff, 0xff, 0xff, 0xb0, 0x0,
    0x3f, 0xff, 0x84, 0x6e, 0xff, 0x70, 0xa, 0xff,
    0x80, 0x0, 0x3f, 0xfe, 0x0, 0xff, 0xf5, 0x33,
    0x33, 0xef, 0xf2, 0x1f, 0xff, 0xff, 0xff, 0xff,
    0xff, 0x31, 0xff, 0xfd, 0xdd, 0xdd, 0xdd, 0xd3,
    0xf, 0xff, 0x20, 0x0, 0x0, 0x0, 0x0, 0xbf,
    0xf8, 0x0, 0x0, 0x85, 0x20, 0x4, 0xff, 0xf8,
    0x34, 0xbf, 0xfd, 0x0, 0x8, 0xff, 0xff, 0xff,
    0xff, 0x30, 0x0, 0x5, 0xdf, 0xff, 0xfb, 0x20,
    0x0, 0x0, 0x0, 0x13, 0x20, 0x0, 0x0,

    /* U+1EC0 "Ề" */
    0x0, 0x0, 0x0, 0x25, 0x50, 0x0, 0x0, 0x0,
    0x0, 0x1e, 0xf7, 0x0, 0x0, 0x0, 0x0, 0x4,
    0xfe, 0x0, 0x0, 0x0, 0x0, 0x0, 0x69, 0x20,
    0x0, 0x0, 0x69, 0x93, 0x0, 0x0, 0x0, 0x6,
    0xff, 0xff, 0x30, 0x0, 0x0, 0x6f, 0xf5, 0x9f,
    0xe3, 0x0, 0x2, 0xab, 0x60, 0x9, 0xb9, 0x0,
    0x0, 0x0, 0x0, 0x0, 0x0, 0x0, 0x8f, 0xff,
    0xff, 0xff, 0xff, 0xf2, 0x8f, 0xff, 0xff, 0xff,
    0xff, 0xf2, 0x8f, 0xfe, 0xbb, 0xbb, 0xbb, 0xb1,
    0x8f, 0xfb, 0x0, 0x0, 0x0, 0x0, 0x8f, 0xfb,
    0x0, 0x0, 0x0, 0x0, 0x8f, 0xfb, 0x0, 0x0,
    0x0, 0x0, 0x8f, 0xfd, 0x66, 0x66, 0x66, 0x40,
    0x8f, 0xff, 0xff, 0xff, 0xff, 0x90, 0x8f, 0xff,
    0xff, 0xff, 0xff, 0x90, 0x8f, 0xfc, 0x44, 0x44,
    0x44, 0x20, 0x8f, 0xfb, 0x0, 0x0, 0x0, 0x0,
    0x8f, 0xfb, 0x0, 0x0, 0x0, 0x0, 0x8f, 0xfb,
    0x0, 0x0, 0x0, 0x0, 0x8f, 0xfe, 0xbb, 0xbb,
    0xbb, 0xb2, 0x8f, 0xff, 0xff, 0xff, 0xff, 0xf3,
    0x8f, 0xff, 0xff, 0xff, 0xff, 0xf3,

    /* U+1EC1 "ề" */
    0x0, 0x0, 0x0, 0x3, 0x54, 0x0, 0x0, 0x0,
    0x0, 0x0, 0x3f, 0xf3, 0x0, 0x0, 0x0, 0x0,
    0x0, 0x8f, 0xa0, 0x0, 0x0, 0x0, 0x0, 0x0,
    0x88, 0x0, 0x0, 0x0, 0x8, 0x99, 0x10, 0x0,
    0x0, 0x0, 0xa, 0xff, 0xfd, 0x10, 0x0, 0x0,
    0xa, 0xfe, 0x2c, 0xfd, 0x10, 0x0, 0x4, 0xaa,
    0x30, 0x1a, 0xa7, 0x0, 0x0, 0x0, 0x0, 0x21,
    0x0, 0x0, 0x0, 0x0, 0x4c, 0xff, 0xfd, 0x70,
    0x0, 0x0, 0x7f, 0xff, 0xff, 0xff, 0xb0, 0x0,
    0x3f, 0xff, 0x84, 0x6e, 0xff, 0x70, 0xa, 0xff,
    0x80, 0x0, 0x3f, 0xfe, 0x0, 0xff, 0xf5, 0x33,
    0x33, 0xef, 0xf2, 0x1f, 0xff, 0xff, 0xff, 0xff,
    0xff, 0x31, 0xff, 0xfd, 0xdd, 0xdd, 0xdd, 0xd3,
    0xf, 0xff, 0x20, 0x0, 0x0, 0x0, 0x0, 0xbf,
    0xf8, 0x0, 0x0, 0x85, 0x20, 0x4, 0xff, 0xf8,
    0x34, 0xbf, 0xfd, 0x0, 0x8, 0xff, 0xff, 0xff,
    0xff, 0x30, 0x0, 0x5, 0xdf, 0xff, 0xfb, 0x20,
    0x0, 0x0, 0x0, 0x13, 0x20, 0x0, 0x0,

    /* U+1EC2 "Ể" */
    0x0, 0x0, 0x0, 0x25, 0x40, 0x0, 0x0, 0x0,
    0x0, 0x7f, 0xfd, 0x0, 0x0, 0x0, 0x0, 0x2,
    0xfd, 0x0, 0x0, 0x0, 0x0, 0x3, 0x93, 0x0,
    0x0, 0x0, 0x69, 0x93, 0x0, 0x0, 0x0, 0x6,
    0xff, 0xff, 0x30, 0x0, 0x0, 0x6f, 0xf5, 0x9f,
    0xe3, 0x0, 0x2, 0xab, 0x60, 0x9, 0xb9, 0x0,
    0x0, 0x0, 0x0, 0x0, 0x0, 0x0, 0x8f, 0xff,
    0xff, 0xff, 0xff, 0xf2, 0x8f, 0xff, 0xff, 0xff,
    0xff, 0xf2, 0x8f, 0xfe, 0xbb, 0xbb, 0xbb, 0xb1,
    0x8f, 0xfb, 0x0, 0x0, 0x0, 0x0, 0x8f, 0xfb,
    0x0, 0x0, 0x0, 0x0, 0x8f, 0xfb, 0x0, 0x0,
    0x0, 0x0, 0x8f, 0xfd, 0x66, 0x66, 0x66, 0x40,
    0x8f, 0xff, 0xff, 0xff, 0xff, 0x90, 0x8f, 0xff,
    0xff, 0xff, 0xff, 0x90, 0x8f, 0xfc, 0x44, 0x44,
    0x44, 0x20, 0x8f, 0xfb, 0x0, 0x0, 0x0, 0x0,
    0x8f, 0xfb, 0x0, 0x0, 0x0, 0x0, 0x8f, 0xfb,
    0x0, 0x0, 0x0, 0x0, 0x8f, 0xfe, 0xbb, 0xbb,
    0xbb, 0xb2, 0x8f, 0xff, 0xff, 0xff, 0xff, 0xf3,
    0x8f, 0xff, 0xff, 0xff, 0xff, 0xf3,

    /* U+1EC3 "ể" */
    0x0, 0x0, 0x0, 0x3, 0x53, 0x0, 0x0, 0x0,
    0x0, 0x0, 0xbf, 0xf9, 0x0, 0x0, 0x0, 0x0,
    0x1, 0x4f, 0x90, 0x0, 0x0, 0x0, 0x0, 0x5,
    0x81, 0x0, 0x0, 0x0, 0x8, 0x99, 0x10, 0x0,
    0x0, 0x0, 0xa, 0xff, 0xfd, 0x10, 0x0, 0x0,
    0xa, 0xfe, 0x2c, 0xfd, 0x10, 0x0, 0x4, 0xaa,
    0x30, 0x1a, 0xa7, 0x0, 0x0, 0x0, 0x0, 0x21,
    0x0, 0x0, 0x0, 0x0, 0x4c, 0xff, 0xfd, 0x70,
    0x0, 0x0, 0x7f, 0xff, 0xff, 0xff, 0xb0, 0x0,
    0x3f, 0xff, 0x84, 0x6e, 0xff, 0x70, 0xa, 0xff,
    0x80, 0x0, 0x3f, 0xfe, 0x0, 0xff, 0xf5, 0x33,
    0x33, 0xef, 0xf2, 0x1f, 0xff, 0xff, 0xff, 0xff,
    0xff, 0x31, 0xff, 0xfd, 0xdd, 0xdd, 0xdd, 0xd3,
    0xf, 0xff, 0x20, 0x0, 0x0, 0x0, 0x0, 0xbf,
    0xf8, 0x0, 0x0, 0x85, 0x20, 0x4, 0xff, 0xf8,
    0x34, 0xbf, 0xfd, 0x0, 0x8, 0xff, 0xff, 0xff,
    0xff, 0x30, 0x0, 0x5, 0xdf, 0xff, 0xfb, 0x20,
    0x0, 0x0, 0x0, 0x13, 0x20, 0x0, 0x0,

    /* U+1EC4 "Ễ" */
    0x0, 0x0, 0x10, 0x0, 0x10, 0x0, 0x0, 0x3e,
    0xfd, 0x57, 0xf7, 0x0, 0x0, 0xbf, 0x9d, 0xff,
    0xf2, 0x0, 0x0, 0x56, 0x0, 0x46, 0x20, 0x0,
    0x0, 0x0, 0x69, 0x93, 0x0, 0x0, 0x0, 0x6,
    0xff, 0xff, 0x30, 0x0, 0x0, 0x6f, 0xf5, 0x9f,
    0xe3, 0x0, 0x2, 0xab, 0x60, 0x9, 0xb9, 0x0,
    0x0, 0x0, 0x0, 0x0, 0x0, 0x0, 0x8f, 0xff,
    0xff, 0xff, 0xff, 0xf2, 0x8f, 0xff, 0xff, 0xff,
    0xff, 0xf2, 0x8f, 0xfe, 0xbb, 0xbb, 0xbb, 0xb1,
    0x8f, 0xfb, 0x0, 0x0, 0x0, 0x0, 0x8f, 0xfb,
    0x0, 0x0, 0x0, 0x0, 0x8f, 0xfb, 0x0, 0x0,
    0x0, 0x0, 0x8f, 0xfd, 0x66, 0x66, 0x66, 0x40,
    0x8f, 0xff, 0xff, 0xff, 0xff, 0x90, 0x8f, 0xff,
    0xff, 0xff, 0xff, 0x90, 0x8f, 0xfc, 0x44, 0x44,
    0x44, 0x20, 0x8f, 0xfb, 0x0, 0x0, 0x0, 0x0,
    0x8f, 0xfb, 0x0, 0x0, 0x0, 0x0, 0x8f, 0xfb,
    0x0, 0x0, 0x0, 0x0, 0x8f, 0xfe, 0xbb, 0xbb,
    0xbb, 0xb2, 0x8f, 0xff, 0xff, 0xff, 0xff, 0xf3,
    0x8f, 0xff, 0xff, 0xff, 0xff, 0xf3,

    /* U+1EC5 "ễ" */
    0x0, 0x0, 0x0, 0x0, 0x1, 0x0, 0x0, 0x0,
    0x6f, 0xfb, 0x4a, 0xf3, 0x0, 0x0, 0xf, 0xe8,
    0xef, 0xfd, 0x0, 0x0, 0x0, 0x64, 0x0, 0x56,
    0x0, 0x0, 0x0, 0x0, 0x8, 0x99, 0x10, 0x0,
    0x0, 0x0, 0xa, 0xff, 0xfd, 0x10, 0x0, 0x0,
    0xa, 0xfe, 0x2c, 0xfd, 0x10, 0x0, 0x4, 0xaa,
    0x30, 0x1a, 0xa7, 0x0, 0x0, 0x0, 0x0, 0x21,
    0x0, 0x0, 0x0, 0x0, 0x4c, 0xff, 0xfd, 0x70,
    0x0, 0x0, 0x7f, 0xff, 0xff, 0xff, 0xb0, 0x0,
    0x3f, 0xff, 0x84, 0x6e, 0xff, 0x70, 0xa, 0xff,
    0x80, 0x0, 0x3f, 0xfe, 0x0, 0xff, 0xf5, 0x33,
    0x33, 0xef, 0xf2, 0x1f, 0xff, 0xff, 0xff, 0xff,
    0xff, 0x31, 0xff, 0xfd, 0xdd, 0xdd, 0xdd, 0xd3,
    0xf, 0xff, 0x20, 0x0, 0x0, 0x0, 0x0, 0xbf,
    0xf8, 0x0, 0x0, 0x85, 0x20, 0x4, 0xff, 0xf8,
    0x34, 0xbf, 0xfd, 0x0, 0x8, 0xff, 0xff, 0xff,
    0xff, 0x30, 0x0, 0x5, 0xdf, 0xff, 0xfb, 0x20,
    0x0, 0x0, 0x0, 0x13, 0x20, 0x0, 0x0,

    /* U+1EC6 "Ệ" */
    0x0, 0x0, 0xbe, 0xe6, 0x0, 0x0, 0x0, 0xb,
    0xfd, 0xff, 0x60, 0x0, 0x0, 0xbf, 0xe1, 0x6f,
    0xf6, 0x0, 0x2, 0x66, 0x20, 0x4, 0x65, 0x0,
    0x0, 0x0, 0x0, 0x0, 0x0, 0x0, 0x8f, 0xff,
    0xff, 0xff, 0xff, 0xf2, 0x8f, 0xff, 0xff, 0xff,
    0xff, 0xf2, 0x8f, 0xfe, 0xbb, 0xbb, 0xbb, 0xb1,
    0x8f, 0xfb, 0x0, 0x0, 0x0, 0x0, 0x8f, 0xfb,
    0x0, 0x0, 0x0, 0x0, 0x8f, 0xfb, 0x0, 0x0,
    0x0, 0x0, 0x8f, 0xfd, 0x66, 0x66, 0x66, 0x40,
    0x8f, 0xff, 0xff, 0xff, 0xff, 0x90, 0x8f, 0xff,
    0xff, 0xff, 0xff, 0x90, 0x8f, 0xfc, 0x44, 0x44,
    0x44, 0x20, 0x8f, 0xfb, 0x0, 0x0, 0x0, 0x0,
    0x8f, 0xfb, 0x0, 0x0, 0x0, 0x0, 0x8f, 0xfb,
    0x0, 0x0, 0x0, 0x0, 0x8f, 0xfe, 0xbb, 0xbb,
    0xbb, 0xb2, 0x8f, 0xff, 0xff, 0xff, 0xff, 0xf3,
    0x8f, 0xff, 0xff, 0xff, 0xff, 0xf3, 0x0, 0x0,
    0x0, 0x0, 0x0, 0x0, 0x0, 0x0, 0x5, 0x40,
    0x0, 0x0, 0x0, 0x0, 0xbf, 0xf5, 0x0, 0x0,
    0x0, 0x0, 0xdf, 0xf8, 0x0, 0x0, 0x0, 0x0,
    0x4c, 0xb1, 0x0, 0x0,

    /* U+1EC7 "ệ" */
    0x0, 0x0, 0x2d, 0xed, 0x30, 0x0, 0x0, 0x0,
    0x1e, 0xfd, 0xff, 0x30, 0x0, 0x0, 0x1d, 0xfc,
    0x9, 0xff, 0x30, 0x0, 0x3, 0x66, 0x10, 0x5,
    0x64, 0x0, 0x0, 0x0, 0x0, 0x21, 0x0, 0x0,
    0x0, 0x0, 0x4c, 0xff, 0xfd, 0x70, 0x0, 0x0,
    0x7f, 0xff, 0xff, 0xff, 0xb0, 0x0, 0x3f, 0xff,
    0x84, 0x6e, 0xff, 0x70, 0xa, 0xff, 0x80, 0x0,
    0x3f, 0xfe, 0x0, 0xff, 0xf5, 0x33, 0x33, 0xef,
    0xf2, 0x1f, 0xff, 0xff, 0xff, 0xff, 0xff, 0x31,
    0xff, 0xfd, 0xdd, 0xdd, 0xdd, 0xd3, 0xf, 0xff,
    0x20, 0x0, 0x0, 0x0, 0x0, 0xbf, 0xf8, 0x0,
    0x0, 0x85, 0x20, 0x4, 0xff, 0xf8, 0x34, 0xbf,
    0xfd, 0x0, 0x8, 0xff, 0xff, 0xff, 0xff, 0x30,
    0x0, 0x5, 0xdf, 0xff, 0xfb, 0x20, 0x0, 0x0,
    0x0, 0x13, 0x20, 0x0, 0x0, 0x0, 0x0, 0x1,
    0x62, 0x0, 0x0, 0x0, 0x0, 0x0, 0xef, 0xf2,
    0x0, 0x0, 0x0, 0x0, 0x1f, 0xff, 0x40, 0x0,
    0x0, 0x0, 0x0, 0x6d, 0x90, 0x0, 0x0,

    /* U+1EC8 "Ỉ" */
    0xdd, 0xc6, 0xb, 0xcf, 0xf0, 0x6, 0xfa, 0x0,
    0x67, 0x10, 0x0, 0x0, 0x8, 0xff, 0xb0, 0x8f,
    0xfb, 0x8, 0xff, 0xb0, 0x8f, 0xfb, 0x8, 0xff,
    0xb0, 0x8f, 0xfb, 0x8, 0xff, 0xb0, 0x8f, 0xfb,
    0x8, 0xff, 0xb0, 0x8f, 0xfb, 0x8, 0xff, 0xb0,
    0x8f, 0xfb, 0x8, 0xff, 0xb0, 0x8f, 0xfb, 0x8,
    0xff, 0xb0, 0x8f, 0xfb, 0x0,

    /* U+1EC9 "ỉ" */
    0x1e, 0xdc, 0x41, 0xcd, 0xfd, 0x0, 0x8f, 0x80,
    0x6, 0x70, 0x0, 0x0, 0x0, 0xaf, 0xf9, 0xa,
    0xff, 0x90, 0xaf, 0xf9, 0xa, 0xff, 0x90, 0xaf,
    0xf9, 0xa, 0xff, 0x90, 0xaf, 0xf9, 0xa, 0xff,
    0x90, 0xaf, 0xf9, 0xa, 0xff, 0x90, 0xaf, 0xf9,
    0xa, 0xff, 0x90,

    /* U+1ECA "Ị" */
    0x8f, 0xfb, 0x8f, 0xfb, 0x8f, 0xfb, 0x8f, 0xfb,
    0x8f, 0xfb, 0x8f, 0xfb, 0x8f, 0xfb, 0x8f, 0xfb,
    0x8f, 0xfb, 0x8f, 0xfb, 0x8f, 0xfb, 0x8f, 0xfb,
    0x8f, 0xfb, 0x8f, 0xfb, 0x8f, 0xfb, 0x8f, 0xfb,
    0x0, 0x0, 0x4, 0x50, 0x7f, 0xf9, 0x9f, 0xfc,
    0x1b, 0xc3,

    /* U+1ECB "ị" */
    0x3c, 0xc2, 0xbf, 0xfb, 0x8f, 0xf8, 0x5, 0x40,
    0x0, 0x0, 0xaf, 0xf9, 0xaf, 0xf9, 0xaf, 0xf9,
    0xaf, 0xf9, 0xaf, 0xf9, 0xaf, 0xf9, 0xaf, 0xf9,
    0xaf, 0xf9, 0xaf, 0xf9, 0xaf, 0xf9, 0xaf, 0xf9,
    0xaf, 0xf9, 0x0, 0x0, 0x5, 0x50, 0x8f, 0xf8,
    0xaf, 0xfb, 0x2c, 0xc2,

    /* U+1ECC "Ọ" */
    0x0, 0x0, 0x0, 0x12, 0x10, 0x0, 0x0, 0x0,
    0x0, 0x29, 0xff, 0xff, 0xe9, 0x20, 0x0, 0x0,
    0x5f, 0xff, 0xff, 0xff, 0xfe, 0x40, 0x0, 0x4f,
    0xff, 0xfd, 0xbd, 0xff, 0xff, 0x30, 0xe, 0xff,
    0xe3, 0x0, 0x4, 0xef, 0xfd, 0x5, 0xff, 0xf3,
    0x0, 0x0, 0x4, 0xff, 0xf4, 0xbf, 0xfb, 0x0,
    0x0, 0x0, 0xc, 0xff, 0xad, 0xff, 0x70, 0x0,
    0x0, 0x0, 0x8f, 0xfc, 0xef, 0xf6, 0x0, 0x0,
    0x0, 0x6, 0xff, 0xef, 0xff, 0x60, 0x0, 0x0,
    0x0, 0x6f, 0xfe, 0xdf, 0xf7, 0x0, 0x0, 0x0,
    0x8, 0xff, 0xcb, 0xff, 0xb0, 0x0, 0x0, 0x0,
    0xcf, 0xfa, 0x5f, 0xff, 0x30, 0x0, 0x0, 0x4f,
    0xff, 0x40, 0xef, 0xfe, 0x30, 0x0, 0x4e, 0xff,
    0xd0, 0x4, 0xff, 0xff, 0xdb, 0xdf, 0xff, 0xf3,
    0x0, 0x5, 0xff, 0xff, 0xff, 0xff, 0xe4, 0x0,
    0x0, 0x2, 0x9f, 0xff, 0xfe, 0x92, 0x0, 0x0,
    0x0, 0x0, 0x1, 0x31, 0x0, 0x0, 0x0, 0x0,
    0x0, 0x0, 0x26, 0x20, 0x0, 0x0, 0x0, 0x0,
    0x0, 0x1f, 0xff, 0x10, 0x0, 0x0, 0x0, 0x0,
    0x3, 0xff, 0xf3, 0x0, 0x0, 0x0, 0x0, 0x0,
    0x8, 0xd8, 0x0, 0x0, 0x0,

    /* U+1ECD "ọ" */
    0x0, 0x0, 0x0, 0x11, 0x0, 0x0, 0x0, 0x0,
    0x4b, 0xff, 0xfe, 0x80, 0x0, 0x0, 0x7f, 0xff,
    0xff, 0xff, 0xd1, 0x0, 0x3f, 0xff, 0xc6, 0x8f,
    0xff, 0xb0, 0xa, 0xff, 0xc0, 0x0, 0x4f, 0xff,
    0x20, 0xff, 0xf5, 0x0, 0x0, 0xdf, 0xf7, 0x1f,
    0xff, 0x30, 0x0, 0xb, 0xff, 0x91, 0xff, 0xf3,
    0x0, 0x0, 0xbf, 0xf9, 0xf, 0xff, 0x50, 0x0,
    0xd, 0xff, 0x70, 0xbf, 0xfb, 0x0, 0x4, 0xff,
    0xf2, 0x4, 0xff, 0xfa, 0x57, 0xef, 0xfb, 0x0,
    0x8, 0xff, 0xff, 0xff, 0xfd, 0x10, 0x0, 0x5,
    0xdf, 0xff, 0xf9, 0x10, 0x0, 0x0, 0x0, 0x13,
    0x20, 0x0, 0x0, 0x0, 0x0, 0x0, 0x63, 0x0,
    0x0, 0x0, 0x0, 0x0, 0xcf, 0xf4, 0x0, 0x0,
    0x0, 0x0, 0xe, 0xff, 0x70, 0x0, 0x0, 0x0,
    0x0, 0x5d, 0xa0, 0x0, 0x0,

    /* U+1ECE "Ỏ" */
    0x0, 0x0, 0x8, 0xed, 0x90, 0x0, 0x0, 0x0,
    0x0, 0x0, 0x7c, 0xff, 0x50, 0x0, 0x0, 0x0,
    0x0, 0x0, 0x1f, 0xf1, 0x0, 0x0, 0x0, 0x0,
    0x0, 0x3, 0x73, 0x0, 0x0, 0x0, 0x0, 0x0,
    0x0, 0x12, 0x10, 0x0, 0x0, 0x0, 0x0, 0x29,
    0xff, 0xff, 0xe9, 0x20, 0x0, 0x0, 0x5f, 0xff,
    0xff, 0xff, 0xfe, 0x40, 0x0, 0x4f, 0xff, 0xfd,
    0xbd, 0xff, 0xff, 0x30, 0xe, 0xff, 0xe3, 0x0,
    0x4, 0xef, 0xfd, 0x5, 0xff, 0xf3, 0x0, 0x0,
    0x4, 0xff, 0xf4, 0xbf, 0xfb, 0x0, 0x0, 0x0,
    0xc, 0xff, 0xad, 0xff, 0x70, 0x0, 0x0, 0x0,
    0x8f, 0xfc, 0xef, 0xf6, 0x0, 0x0, 0x0, 0x6,
    0xff, 0xef, 0xff, 0x60, 0x0, 0x0, 0x0, 0x6f,
    0xfe, 0xdf, 0xf7, 0x0, 0x0, 0x0, 0x8, 0xff,
    0xcb, 0xff, 0xb0, 0x0, 0x0, 0x0, 0xcf, 0xfa,
    0x5f, 0xff, 0x30, 0x0, 0x0, 0x4f, 0xff, 0x40,
    0xef, 0xfe, 0x30, 0x0, 0x4e, 0xff, 0xd0, 0x4,
    0xff, 0xff, 0xdb, 0xdf, 0xff, 0xf3, 0x0, 0x5,
    0xff, 0xff, 0xff, 0xff, 0xe4, 0x0, 0x0, 0x2,
    0x9f, 0xff, 0xfe, 0x92, 0x0, 0x0, 0x0, 0x0,
    0x1, 0x31, 0x0, 0x0, 0x0,

    /* U+1ECF "ỏ" */
    0x0, 0x0, 0x4e, 0xdb, 0x20, 0x0, 0x0, 0x0,
    0x4, 0xce, 0xf9, 0x0, 0x0, 0x0, 0x0, 0x0,
    0xcf, 0x40, 0x0, 0x0, 0x0, 0x0, 0x17, 0x50,
    0x0, 0x0, 0x0, 0x0, 0x0, 0x11, 0x0, 0x0,
    0x0, 0x0, 0x4b, 0xff, 0xfe, 0x80, 0x0, 0x0,
    0x7f, 0xff, 0xff, 0xff, 0xd1, 0x0, 0x3f, 0xff,
    0xc6, 0x8f, 0xff, 0xb0, 0xa, 0xff, 0xc0, 0x0,
    0x4f, 0xff, 0x20, 0xff, 0xf5, 0x0, 0x0, 0xdf,
    0xf7, 0x1f, 0xff, 0x30, 0x0, 0xb, 0xff, 0x91,
    0xff, 0xf3, 0x0, 0x0, 0xbf, 0xf9, 0xf, 0xff,
    0x50, 0x0, 0xd, 0xff, 0x70, 0xbf, 0xfb, 0x0,
    0x4, 0xff, 0xf2, 0x4, 0xff, 0xfa, 0x57, 0xef,
    0xfb, 0x0, 0x8, 0xff, 0xff, 0xff, 0xfd, 0x10,
    0x0, 0x5, 0xdf, 0xff, 0xf9, 0x10, 0x0, 0x0,
    0x0, 0x13, 0x20, 0x0, 0x0,

    /* U+1ED0 "Ố" */
    0x0, 0x0, 0x0, 0x0, 0x0, 0x35, 0x40, 0x0,
    0x0, 0x0, 0x0, 0x0, 0xe, 0xf8, 0x0, 0x0,
    0x0, 0x0, 0x0, 0x5, 0xfc, 0x0, 0x0, 0x0,
    0x0, 0x0, 0x0, 0x69, 0x20, 0x0, 0x0, 0x0,
    0x0, 0x89, 0x80, 0x0, 0x0, 0x0, 0x0, 0x0,
    0xbf, 0xff, 0xc0, 0x0, 0x0, 0x0, 0x0, 0xbf,
    0xe2, 0xdf, 0xb0, 0x0, 0x0, 0x0, 0x6b, 0xa2,
    0x2, 0xab, 0x60, 0x0, 0x0, 0x0, 0x0, 0x12,
    0x10, 0x0, 0x0, 0x0, 0x0, 0x29, 0xff, 0xff,
    0xe9, 0x20, 0x0, 0x0, 0x5f, 0xff, 0xff, 0xff,
    0xfe, 0x40, 0x0, 0x4f, 0xff, 0xfd, 0xbd, 0xff,
    0xff, 0x30, 0xe, 0xff, 0xe3, 0x0, 0x4, 0xef,
    0xfd, 0x5, 0xff, 0xf3, 0x0, 0x0, 0x4, 0xff,
    0xf4, 0xbf, 0xfb, 0x0, 0x0, 0x0, 0xc, 0xff,
    0xad, 0xff, 0x70, 0x0, 0x0, 0x0, 0x8f, 0xfc,
    0xef, 0xf6, 0x0, 0x0, 0x0, 0x6, 0xff, 0xef,
    0xff, 0x60, 0x0, 0x0, 0x0, 0x6f, 0xfe, 0xdf,
    0xf7, 0x0, 0x0, 0x0, 0x8, 0xff, 0xcb, 0xff,
    0xb0, 0x0, 0x0, 0x0, 0xcf, 0xfa, 0x5f, 0xff,
    0x30, 0x0, 0x0, 0x4f, 0xff, 0x40, 0xef, 0xfe,
    0x30, 0x0, 0x4e, 0xff, 0xd0, 0x4, 0xff, 0xff,
    0xdb, 0xdf, 0xff, 0xf3, 0x0, 0x5, 0xff, 0xff,
    0xff, 0xff, 0xe4, 0x0, 0x0, 0x2, 0x9f, 0xff,
    0xfe, 0x92, 0x0, 0x0, 0x0, 0x0, 0x1, 0x31,
    0x0, 0x0, 0x0,

    /* U+1ED1 "ố" */
    0x0, 0x0, 0x0, 0x0, 0x1, 0x55, 0x10, 0x0,
    0x0, 0x0, 0x0, 0xaf, 0xc0, 0x0, 0x0, 0x0,
    0x0, 0x1f, 0xf2, 0x0, 0x0, 0x0, 0x0, 0x4,
    0x84, 0x0, 0x0, 0x0, 0x7, 0x99, 0x20, 0x0,
    0x0, 0x0, 0x8, 0xff, 0xfe, 0x20, 0x0, 0x0,
    0x7, 0xff, 0x4a, 0xfe, 0x20, 0x0, 0x3, 0xaa,
    0x50, 0x9, 0xa9, 0x0, 0x0, 0x0, 0x0, 0x11,
    0x0, 0x0, 0x0, 0x0, 0x4b, 0xff, 0xfe, 0x80,
    0x0, 0x0, 0x7f, 0xff, 0xff, 0xff, 0xd1, 0x0,
    0x3f, 0xff, 0xc6, 0x8f, 0xff, 0xb0, 0xa, 0xff,
    0xc0, 0x0, 0x4f, 0xff, 0x20, 0xff, 0xf5, 0x0,
    0x0, 0xdf, 0xf7, 0x1f, 0xff, 0x30, 0x0, 0xb,
    0xff, 0x91, 0xff, 0xf3, 0x0, 0x0, 0xbf, 0xf9,
    0xf, 0xff, 0x50, 0x0, 0xd, 0xff, 0x70, 0xbf,
    0xfb, 0x0, 0x4, 0xff, 0xf2, 0x4, 0xff, 0xfa,
    0x57, 0xef, 0xfb, 0x0, 0x8, 0xff, 0xff, 0xff,
    0xfd, 0x10, 0x0, 0x5, 0xdf, 0xff, 0xf9, 0x10,
    0x0, 0x0, 0x0, 0x13, 0x20, 0x0, 0x0,

    /* U+1ED2 "Ồ" */
    0x0, 0x0, 0x0, 0x0, 0x45, 0x40, 0x0, 0x0,
    0x0, 0x0, 0x0, 0x4, 0xff, 0x10, 0x0, 0x0,
    0x0, 0x0, 0x0, 0xa, 0xf8, 0x0, 0x0, 0x0,
    0x0, 0x0, 0x0, 0x8, 0x80, 0x0, 0x0, 0x0,
    0x0, 0x89, 0x80, 0x0, 0x0, 0x0, 0x0, 0x0,
    0xbf, 0xff, 0xc0, 0x0, 0x0, 0x0, 0x0, 0xbf,
    0xe2, 0xdf, 0xb0, 0x0, 0x0, 0x0, 0x6b, 0xa2,
    0x2, 0xab, 0x60, 0x0, 0x0, 0x0, 0x0, 0x12,
    0x10, 0x0, 0x0, 0x0, 0x0, 0x29, 0xff, 0xff,
    0xe9, 0x20, 0x0, 0x0, 0x5f, 0xff, 0xff, 0xff,
    0xfe, 0x40, 0x0, 0x4f, 0xff, 0xfd, 0xbd, 0xff,
    0xff, 0x30, 0xe, 0xff, 0xe3, 0x0, 0x4, 0xef,
    0xfd, 0x5, 0xff, 0xf3, 0x0, 0x0, 0x4, 0xff,
    0xf4, 0xbf, 0xfb, 0x0, 0x0, 0x0, 0xc, 0xff,
    0xad, 0xff, 0x70, 0x0, 0x0, 0x0, 0x8f, 0xfc,
    0xef, 0xf6, 0x0, 0x0, 0x0, 0x6, 0xff, 0xef,
    0xff, 0x60, 0x0, 0x0, 0x0, 0x6f, 0xfe, 0xdf,
    0xf7, 0x0, 0x0, 0x0, 0x8, 0xff, 0xcb, 0xff,
    0xb0, 0x0, 0x0, 0x0, 0xcf, 0xfa, 0x5f, 0xff,
    0x30, 0x0, 0x0, 0x4f, 0xff, 0x40, 0xef, 0xfe,
    0x30, 0x0, 0x4e, 0xff, 0xd0, 0x4, 0xff, 0xff,
    0xdb, 0xdf, 0xff, 0xf3, 0x0, 0x5, 0xff, 0xff,
    0xff, 0xff, 0xe4, 0x0, 0x0, 0x2, 0x9f, 0xff,
    0xfe, 0x92, 0x0, 0x0, 0x0, 0x0, 0x1, 0x31,
    0x0, 0x0, 0x0,

    /* U+1ED3 "ồ" */
    0x0, 0x0, 0x0, 0x2, 0x55, 0x0, 0x0, 0x0,
    0x0, 0x0, 0x1e, 0xf5, 0x0, 0x0, 0x0, 0x0,
    0x0, 0x5f, 0xd0, 0x0, 0x0, 0x0, 0x0, 0x0,
    0x78, 0x10, 0x0, 0x0, 0x7, 0x99, 0x20, 0x0,
    0x0, 0x0, 0x8, 0xff, 0xfe, 0x20, 0x0, 0x0,
    0x7, 0xff, 0x4a, 0xfe, 0x20, 0x0, 0x3, 0xaa,
    0x50, 0x9, 0xa9, 0x0, 0x0, 0x0, 0x0, 0x11,
    0x0, 0x0, 0x0, 0x0, 0x4b, 0xff, 0xfe, 0x80,
    0x0, 0x0, 0x7f, 0xff, 0xff, 0xff, 0xd1, 0x0,
    0x3f, 0xff, 0xc6, 0x8f, 0xff, 0xb0, 0xa, 0xff,
    0xc0, 0x0, 0x4f, 0xff, 0x20, 0xff, 0xf5, 0x0,
    0x0, 0xdf, 0xf7, 0x1f, 0xff, 0x30, 0x0, 0xb,
    0xff, 0x91, 0xff, 0xf3, 0x0, 0x0, 0xbf, 0xf9,
    0xf, 0xff, 0x50, 0x0, 0xd, 0xff, 0x70, 0xbf,
    0xfb, 0x0, 0x4, 0xff, 0xf2, 0x4, 0xff, 0xfa,
    0x57, 0xef, 0xfb, 0x0, 0x8, 0xff, 0xff, 0xff,
    0xfd, 0x10, 0x0, 0x5, 0xdf, 0xff, 0xf9, 0x10,
    0x0, 0x0, 0x0, 0x13, 0x20, 0x0, 0x0,

    /* U+1ED4 "Ổ" */
    0x0, 0x0, 0x0, 0x0, 0x45, 0x30, 0x0, 0x0,
    0x0, 0x0, 0x0, 0xc, 0xff, 0x80, 0x0, 0x0,
    0x0, 0x0, 0x0, 0x16, 0xf8, 0x0, 0x0, 0x0,
    0x0, 0x0, 0x0, 0x68, 0x0, 0x0, 0x0, 0x0,
    0x0, 0x89, 0x80, 0x0, 0x0, 0x0, 0x0, 0x0,
    0xbf, 0xff, 0xc0, 0x0, 0x0, 0x0, 0x0, 0xbf,
    0xe2, 0xdf, 0xb0, 0x0, 0x0, 0x0, 0x6b, 0xa2,
    0x2, 0xab, 0x60, 0x0, 0x0, 0x0, 0x0, 0x12,
    0x10, 0x0, 0x0, 0x0, 0x0, 0x29, 0xff, 0xff,
    0xe9, 0x20, 0x0, 0x0, 0x5f, 0xff, 0xff, 0xff,
    0xfe, 0x40, 0x0, 0x4f, 0xff, 0xfd, 0xbd, 0xff,
    0xff, 0x30, 0xe, 0xff, 0xe3, 0x0, 0x4, 0xef,
    0xfd, 0x5, 0xff, 0xf3, 0x0, 0x0, 0x4, 0xff,
    0xf4, 0xbf, 0xfb, 0x0, 0x0, 0x0, 0xc, 0xff,
    0xad, 0xff, 0x70, 0x0, 0x0, 0x0, 0x8f, 0xfc,
    0xef, 0xf6, 0x0, 0x0, 0x0, 0x6, 0xff, 0xef,
    0xff, 0x60, 0x0, 0x0, 0x0, 0x6f, 0xfe, 0xdf,
    0xf7, 0x0, 0x0, 0x0, 0x8, 0xff, 0xcb, 0xff,
    0xb0, 0x0, 0x0, 0x0, 0xcf, 0xfa, 0x5f, 0xff,
    0x30, 0x0, 0x0, 0x4f, 0xff, 0x40, 0xef, 0xfe,
    0x30, 0x0, 0x4e, 0xff, 0xd0, 0x4, 0xff, 0xff,
    0xdb, 0xdf, 0xff, 0xf3, 0x0, 0x5, 0xff, 0xff,
    0xff, 0xff, 0xe4, 0x0, 0x0, 0x2, 0x9f, 0xff,
    0xfe, 0x92, 0x0, 0x0, 0x0, 0x0, 0x1, 0x31,
    0x0, 0x0, 0x0,

    /* U+1ED5 "ổ" */
    0x0, 0x0, 0x0, 0x2, 0x54, 0x0, 0x0, 0x0,
    0x0, 0x0, 0x8f, 0xfc, 0x0, 0x0, 0x0, 0x0,
    0x0, 0x2f, 0xc0, 0x0, 0x0, 0x0, 0x0, 0x3,
    0x82, 0x0, 0x0, 0x0, 0x7, 0x99, 0x20, 0x0,
    0x0, 0x0, 0x8, 0xff, 0xfe, 0x20, 0x0, 0x0,
    0x7, 0xff, 0x4a, 0xfe, 0x20, 0x0, 0x3, 0xaa,
    0x50, 0x9, 0xa9, 0x0, 0x0, 0x0, 0x0, 0x11,
    0x0, 0x0, 0x0, 0x0, 0x4b, 0xff, 0xfe, 0x80,
    0x0, 0x0, 0x7f, 0xff, 0xff, 0xff, 0xd1, 0x0,
    0x3f, 0xff, 0xc6, 0x8f, 0xff, 0xb0, 0xa, 0xff,
    0xc0, 0x0, 0x4f, 0xff, 0x20, 0xff, 0xf5, 0x0,
    0x0, 0xdf, 0xf7, 0x1f, 0xff, 0x30, 0x0, 0xb,
    0xff, 0x91, 0xff, 0xf3, 0x0, 0x0, 0xbf, 0xf9,
    0xf, 0xff, 0x50, 0x0, 0xd, 0xff, 0x70, 0xbf,
    0xfb, 0x0, 0x4, 0xff, 0xf2, 0x4, 0xff, 0xfa,
    0x57, 0xef, 0xfb, 0x0, 0x8, 0xff, 0xff, 0xff,
    0xfd, 0x10, 0x0, 0x5, 0xdf, 0xff, 0xf9, 0x10,
    0x0, 0x0, 0x0, 0x13, 0x20, 0x0, 0x0,

    /* U+1ED6 "Ỗ" */
    0x0, 0x0, 0x0, 0x0, 0x0, 0x10, 0x0, 0x0,
    0x0, 0x7, 0xff, 0xa3, 0xbf, 0x20, 0x0, 0x0,
    0x1, 0xfe, 0x9f, 0xff, 0xb0, 0x0, 0x0, 0x0,
    0x16, 0x30, 0x16, 0x50, 0x0, 0x0, 0x0, 0x0,
    0x0, 0x89, 0x80, 0x0, 0x0, 0x0, 0x0, 0x0,
    0xbf, 0xff, 0xc0, 0x0, 0x0, 0x0, 0x0, 0xbf,
    0xe2, 0xdf, 0xb0, 0x0, 0x0, 0x0, 0x6b, 0xa2,
    0x2, 0xab, 0x60, 0x0, 0x0, 0x0, 0x0, 0x12,
    0x10, 0x0, 0x0, 0x0, 0x0, 0x29, 0xff, 0xff,
    0xe9, 0x20, 0x0, 0x0, 0x5f, 0xff, 0xff, 0xff,
    0xfe, 0x40, 0x0, 0x4f, 0xff, 0xfd, 0xbd, 0xff,
    0xff, 0x30, 0xe, 0xff, 0xe3, 0x0, 0x4, 0xef,
    0xfd, 0x5, 0xff, 0xf3, 0x0, 0x0, 0x4, 0xff,
    0xf4, 0xbf, 0xfb, 0x0, 0x0, 0x0, 0xc, 0xff,
    0xad, 0xff, 0x70, 0x0, 0x0, 0x0, 0x8f, 0xfc,
    0xef, 0xf6, 0x0, 0x0, 0x0, 0x6, 0xff, 0xef,
    0xff, 0x60, 0x0, 0x0, 0x0, 0x6f, 0xfe, 0xdf,
    0xf7, 0x0, 0x0, 0x0, 0x8, 0xff, 0xcb, 0xff,
    0xb0, 0x0, 0x0, 0x0, 0xcf, 0xfa, 0x5f, 0xff,
    0x30, 0x0, 0x0, 0x4f, 0xff, 0x40, 0xef, 0xfe,
    0x30, 0x0, 0x4e, 0xff, 0xd0, 0x4, 0xff, 0xff,
    0xdb, 0xdf, 0xff, 0xf3, 0x0, 0x5, 0xff, 0xff,
    0xff, 0xff, 0xe4, 0x0, 0x0, 0x2, 0x9f, 0xff,
    0xfe, 0x92, 0x0, 0x0, 0x0, 0x0, 0x1, 0x31,
    0x0, 0x0, 0x0,

    /* U+1ED7 "ỗ" */
    0x0, 0x0, 0x1, 0x0, 0x1, 0x0, 0x0, 0x0,
    0x4e, 0xfc, 0x48, 0xf6, 0x0, 0x0, 0xc, 0xf8,
    0xdf, 0xfe, 0x10, 0x0, 0x0, 0x65, 0x0, 0x56,
    0x10, 0x0, 0x0, 0x0, 0x7, 0x99, 0x20, 0x0,
    0x0, 0x0, 0x8, 0xff, 0xfe, 0x20, 0x0, 0x0,
    0x7, 0xff, 0x4a, 0xfe, 0x20, 0x0, 0x3, 0xaa,
    0x50, 0x9, 0xa9, 0x0, 0x0, 0x0, 0x0, 0x11,
    0x0, 0x0, 0x0, 0x0, 0x4b, 0xff, 0xfe, 0x80,
    0x0, 0x0, 0x7f, 0xff, 0xff, 0xff, 0xd1, 0x0,
    0x3f, 0xff, 0xc6, 0x8f, 0xff, 0xb0, 0xa, 0xff,
    0xc0, 0x0, 0x4f, 0xff, 0x20, 0xff, 0xf5, 0x0,
    0x0, 0xdf, 0xf7, 0x1f, 0xff, 0x30, 0x0, 0xb,
    0xff, 0x91, 0xff, 0xf3, 0x0, 0x0, 0xbf, 0xf9,
    0xf, 0xff, 0x50, 0x0, 0xd, 0xff, 0x70, 0xbf,
    0xfb, 0x0, 0x4, 0xff, 0xf2, 0x4, 0xff, 0xfa,
    0x57, 0xef, 0xfb, 0x0, 0x8, 0xff, 0xff, 0xff,
    0xfd, 0x10, 0x0, 0x5, 0xdf, 0xff, 0xf9, 0x10,
    0x0, 0x0, 0x0, 0x13, 0x20, 0x0, 0x0,

    /* U+1ED8 "Ộ" */
    0x0, 0x0, 0x3, 0xde, 0xd2, 0x0, 0x0, 0x0,
    0x0, 0x2, 0xef, 0xdf, 0xe2, 0x0, 0x0, 0x0,
    0x2, 0xef, 0xa0, 0xbf, 0xe2, 0x0, 0x0, 0x0,
    0x46, 0x50, 0x0, 0x66, 0x40, 0x0, 0x0, 0x0,
    0x0, 0x12, 0x10, 0x0, 0x0, 0x0, 0x0, 0x29,
    0xff, 0xff, 0xe9, 0x20, 0x0, 0x0, 0x5f, 0xff,
    0xff, 0xff, 0xfe, 0x40, 0x0, 0x4f, 0xff, 0xfd,
    0xbd, 0xff, 0xff, 0x30, 0xe, 0xff, 0xe3, 0x0,
    0x4, 0xef, 0xfd, 0x5, 0xff, 0xf3, 0x0, 0x0,
    0x4, 0xff, 0xf4, 0xbf, 0xfb, 0x0, 0x0, 0x0,
    0xc, 0xff, 0xad, 0xff, 0x70, 0x0, 0x0, 0x0,
    0x8f, 0xfc, 0xef, 0xf6, 0x0, 0x0, 0x0, 0x6,
    0xff, 0xef, 0xff, 0x60, 0x0, 0x0, 0x0, 0x6f,
    0xfe, 0xdf, 0xf7, 0x0, 0x0, 0x0, 0x8, 0xff,
    0xcb, 0xff, 0xb0, 0x0, 0x0, 0x0, 0xcf, 0xfa,
    0x5f, 0xff, 0x30, 0x0, 0x0, 0x4f, 0xff, 0x40,
    0xef, 0xfe, 0x30, 0x0, 0x4e, 0xff, 0xd0, 0x4,
    0xff, 0xff, 0xdb, 0xdf, 0xff, 0xf3, 0x0, 0x5,
    0xff, 0xff, 0xff, 0xff, 0xe4, 0x0, 0x0, 0x2,
    0x9f, 0xff, 0xfe, 0x92, 0x0, 0x0, 0x0, 0x0,
    0x1, 0x31, 0x0, 0x0, 0x0, 0x0, 0x0, 0x0,
    0x26, 0x20, 0x0, 0x0, 0x0, 0x0, 0x0, 0x1f,
    0xff, 0x10, 0x0, 0x0, 0x0, 0x0, 0x3, 0xff,
    0xf3, 0x0, 0x0, 0x0, 0x0, 0x0, 0x8, 0xd8,
    0x0, 0x0, 0x0,

    /* U+1ED9 "ộ" */
    0x0, 0x0, 0xb, 0xed, 0x50, 0x0, 0x0, 0x0,
    0xc, 0xfd, 0xff, 0x50, 0x0, 0x0, 0xc, 0xfd,
    0x17, 0xff, 0x50, 0x0, 0x2, 0x66, 0x20, 0x5,
    0x65, 0x0, 0x0, 0x0, 0x0, 0x11, 0x0, 0x0,
    0x0, 0x0, 0x4b, 0xff, 0xfe, 0x80, 0x0, 0x0,
    0x7f, 0xff, 0xff, 0xff, 0xd1, 0x0, 0x3f, 0xff,
    0xc6, 0x8f, 0xff, 0xb0, 0xa, 0xff, 0xc0, 0x0,
    0x4f, 0xff, 0x20, 0xff, 0xf5, 0x0, 0x0, 0xdf,
    0xf7, 0x1f, 0xff, 0x30, 0x0, 0xb, 0xff, 0x91,
    0xff, 0xf3, 0x0, 0x0, 0xbf, 0xf9, 0xf, 0xff,
    0x50, 0x0, 0xd, 0xff, 0x70, 0xbf, 0xfb, 0x0,
    0x4, 0xff, 0xf2, 0x4, 0xff, 0xfa, 0x57, 0xef,
    0xfb, 0x0, 0x8, 0xff, 0xff, 0xff, 0xfd, 0x10,
    0x0, 0x5, 0xdf, 0xff, 0xf9, 0x10, 0x0, 0x0,
    0x0, 0x13, 0x20, 0x0, 0x0, 0x0, 0x0, 0x0,
    0x63, 0x0, 0x0, 0x0, 0x0, 0x0, 0xcf, 0xf4,
    0x0, 0x0, 0x0, 0x0, 0xe, 0xff, 0x70, 0x0,
    0x0, 0x0, 0x0, 0x5d, 0xa0, 0x0, 0x0,

    /* U+1EDA "Ớ" */
    0x0, 0x0, 0x0, 0x5, 0xee, 0x70, 0x0, 0x0,
    0x0, 0x0, 0x0, 0xc, 0xfd, 0x0, 0x0, 0x0,
    0x0, 0x0, 0x0, 0x4f, 0xf3, 0x0, 0x33, 0x30,
    0x0, 0x0, 0x0, 0x47, 0x50, 0x0, 0xdf, 0xf0,
    0x0, 0x0, 0x0, 0x13, 0x21, 0x0, 0xdf, 0xf0,
    0x0, 0x2, 0x9f, 0xff, 0xff, 0xff, 0xff, 0xe0,
    0x0, 0x5f, 0xff, 0xff, 0xff, 0xff, 0xfe, 0x50,
    0x4, 0xff, 0xff, 0xdb, 0xdf, 0xff, 0xf3, 0x0,
    0xe, 0xff, 0xe3, 0x0, 0x4, 0xef, 0xfe, 0x0,
    0x5f, 0xff, 0x30, 0x0, 0x0, 0x4f, 0xff, 0x40,
    0xbf, 0xfb, 0x0, 0x0, 0x0, 0xc, 0xff, 0xa0,
    0xdf, 0xf7, 0x0, 0x0, 0x0, 0x8, 0xff, 0xc0,
    0xef, 0xf6, 0x0, 0x0, 0x0, 0x6, 0xff, 0xe0,
    0xff, 0xf6, 0x0, 0x0, 0x0, 0x6, 0xff, 0xe0,
    0xdf, 0xf7, 0x0, 0x0, 0x0, 0x8, 0xff, 0xc0,
    0xbf, 0xfb, 0x0, 0x0, 0x0, 0xc, 0xff, 0xa0,
    0x5f, 0xff, 0x30, 0x0, 0x0, 0x4f, 0xff, 0x40,
    0xe, 0xff, 0xe3, 0x0, 0x4, 0xef, 0xfd, 0x0,
    0x4, 0xff, 0xff, 0xdb, 0xdf, 0xff, 0xf3, 0x0,
    0x0, 0x5f, 0xff, 0xff, 0xff, 0xfe, 0x40, 0x0,
    0x0, 0x2, 0x9f, 0xff, 0xfe, 0x92, 0x0, 0x0,
    0x0, 0x0, 0x0, 0x13, 0x10, 0x0, 0x0, 0x0,

    /* U+1EDB "ớ" */
    0x0, 0x0, 0x0, 0x1d, 0xea, 0x0, 0x0, 0x0,
    0x0, 0x0, 0x8f, 0xf2, 0x0, 0x0, 0x0, 0x0,
    0x0, 0xff, 0x70, 0x3a, 0xa2, 0x0, 0x0, 0x2,
    0x77, 0x0, 0x5f, 0xf4, 0x0, 0x0, 0x0, 0x12,
    0x10, 0x6f, 0xf3, 0x0, 0x4, 0xbf, 0xff, 0xff,
    0xff, 0xd0, 0x0, 0x7f, 0xff, 0xff, 0xff, 0xf7,
    0x0, 0x3, 0xff, 0xfc, 0x68, 0xff, 0xfb, 0x0,
    0xa, 0xff, 0xc0, 0x0, 0x4f, 0xff, 0x20, 0xf,
    0xff, 0x50, 0x0, 0xd, 0xff, 0x70, 0x1f, 0xff,
    0x30, 0x0, 0xb, 0xff, 0x90, 0x1f, 0xff, 0x30,
    0x0, 0xb, 0xff, 0x90, 0xf, 0xff, 0x50, 0x0,
    0xd, 0xff, 0x70, 0xb, 0xff, 0xb0, 0x0, 0x4f,
    0xff, 0x20, 0x4, 0xff, 0xfa, 0x57, 0xef, 0xfb,
    0x0, 0x0, 0x8f, 0xff, 0xff, 0xff, 0xd1, 0x0,
    0x0, 0x5, 0xdf, 0xff, 0xf9, 0x10, 0x0, 0x0,
    0x0, 0x1, 0x32, 0x0, 0x0, 0x0,

    /* U+1EDC "Ờ" */
    0x0, 0x0, 0x7e, 0xe4, 0x0, 0x0, 0x0, 0x0,
    0x0, 0x0, 0xe, 0xfc, 0x0, 0x0, 0x0, 0x0,
    0x0, 0x0, 0x4, 0xff, 0x30, 0x0, 0x33, 0x30,
    0x0, 0x0, 0x0, 0x57, 0x40, 0x0, 0xdf, 0xf0,
    0x0, 0x0, 0x0, 0x13, 0x21, 0x0, 0xdf, 0xf0,
    0x0, 0x2, 0x9f, 0xff, 0xff, 0xff, 0xff, 0xe0,
    0x0, 0x5f, 0xff, 0xff, 0xff, 0xff, 0xfe, 0x50,
    0x4, 0xff, 0xff, 0xdb, 0xdf, 0xff, 0xf3, 0x0,
    0xe, 0xff, 0xe3, 0x0, 0x4, 0xef, 0xfe, 0x0,
    0x5f, 0xff, 0x30, 0x0, 0x0, 0x4f, 0xff, 0x40,
    0xbf, 0xfb, 0x0, 0x0, 0x0, 0xc, 0xff, 0xa0,
    0xdf, 0xf7, 0x0, 0x0, 0x0, 0x8, 0xff, 0xc0,
    0xef, 0xf6, 0x0, 0x0, 0x0, 0x6, 0xff, 0xe0,
    0xff, 0xf6, 0x0, 0x0, 0x0, 0x6, 0xff, 0xe0,
    0xdf, 0xf7, 0x0, 0x0, 0x0, 0x8, 0xff, 0xc0,
    0xbf, 0xfb, 0x0, 0x0, 0x0, 0xc, 0xff, 0xa0,
    0x5f, 0xff, 0x30, 0x0, 0x0, 0x4f, 0xff, 0x40,
    0xe, 0xff, 0xe3, 0x0, 0x4, 0xef, 0xfd, 0x0,
    0x4, 0xff, 0xff, 0xdb, 0xdf, 0xff, 0xf3, 0x0,
    0x0, 0x5f, 0xff, 0xff, 0xff, 0xfe, 0x40, 0x0,
    0x0, 0x2, 0x9f, 0xff, 0xfe, 0x92, 0x0, 0x0,
    0x0, 0x0, 0x0, 0x13, 0x10, 0x0, 0x0, 0x0,

    /* U+1EDD "ờ" */
    0x0, 0x4, 0xee, 0x80, 0x0, 0x0, 0x0, 0x0,
    0x0, 0xaf, 0xf1, 0x0, 0x0, 0x0, 0x0, 0x0,
    0x1e, 0xf7, 0x0, 0x3a, 0xa2, 0x0, 0x0, 0x3,
    0x75, 0x0, 0x5f, 0xf4, 0x0, 0x0, 0x0, 0x12,
    0x10, 0x6f, 0xf3, 0x0, 0x4, 0xbf, 0xff, 0xff,
    0xff, 0xd0, 0x0, 0x7f, 0xff, 0xff, 0xff, 0xf7,
    0x0, 0x3, 0xff, 0xfc, 0x68, 0xff, 0xfb, 0x0,
    0xa, 0xff, 0xc0, 0x0, 0x4f, 0xff, 0x20, 0xf,
    0xff, 0x50, 0x0, 0xd, 0xff, 0x70, 0x1f, 0xff,
    0x30, 0x0, 0xb, 0xff, 0x90, 0x1f, 0xff, 0x30,
    0x0, 0xb, 0xff, 0x90, 0xf, 0xff, 0x50, 0x0,
    0xd, 0xff, 0x70, 0xb, 0xff, 0xb0, 0x0, 0x4f,
    0xff, 0x20, 0x4, 0xff, 0xfa, 0x57, 0xef, 0xfb,
    0x0, 0x0, 0x8f, 0xff, 0xff, 0xff, 0xd1, 0x0,
    0x0, 0x5, 0xdf, 0xff, 0xf9, 0x10, 0x0, 0x0,
    0x0, 0x1, 0x32, 0x0, 0x0, 0x0,

    /* U+1EDE "Ở" */
    0x0, 0x0, 0x8, 0xed, 0x90, 0x0, 0x0, 0x0,
    0x0, 0x0, 0x7, 0xcf, 0xf5, 0x0, 0x0, 0x0,
    0x0, 0x0, 0x0, 0x1f, 0xf1, 0x0, 0x33, 0x30,
    0x0, 0x0, 0x0, 0x37, 0x30, 0x0, 0xdf, 0xf0,
    0x0, 0x0, 0x0, 0x13, 0x21, 0x0, 0xdf, 0xf0,
    0x0, 0x2, 0x9f, 0xff, 0xff, 0xff, 0xff, 0xe0,
    0x0, 0x5f, 0xff, 0xff, 0xff, 0xff, 0xfe, 0x50,
    0x4, 0xff, 0xff, 0xdb, 0xdf, 0xff, 0xf3, 0x0,
    0xe, 0xff, 0xe3, 0x0, 0x4, 0xef, 0xfe, 0x0,
    0x5f, 0xff, 0x30, 0x0, 0x0, 0x4f, 0xff, 0x40,
    0xbf, 0xfb, 0x0, 0x0, 0x0, 0xc, 0xff, 0xa0,
    0xdf, 0xf7, 0x0, 0x0, 0x0, 0x8, 0xff, 0xc0,
    0xef, 0xf6, 0x0, 0x0, 0x0, 0x6, 0xff, 0xe0,
    0xff, 0xf6, 0x0, 0x0, 0x0, 0x6, 0xff, 0xe0,
    0xdf, 0xf7, 0x0, 0x0, 0x0, 0x8, 0xff, 0xc0,
    0xbf, 0xfb, 0x0, 0x0, 0x0, 0xc, 0xff, 0xa0,
    0x5f, 0xff, 0x30, 0x0, 0x0, 0x4f, 0xff, 0x40,
    0xe, 0xff, 0xe3, 0x0, 0x4, 0xef, 0xfd, 0x0,
    0x4, 0xff, 0xff, 0xdb, 0xdf, 0xff, 0xf3, 0x0,
    0x0, 0x5f, 0xff, 0xff, 0xff, 0xfe, 0x40, 0x0,
    0x0, 0x2, 0x9f, 0xff, 0xfe, 0x92, 0x0, 0x0,
    0x0, 0x0, 0x0, 0x13, 0x10, 0x0, 0x0, 0x0,

    /* U+1EDF "ở" */
    0x0, 0x0, 0x4e, 0xdb, 0x20, 0x0, 0x0, 0x0,
    0x0, 0x4c, 0xef, 0x90, 0x0, 0x0, 0x0, 0x0,
    0x0, 0xcf, 0x40, 0x3a, 0xa2, 0x0, 0x0, 0x1,
    0x75, 0x0, 0x5f, 0xf4, 0x0, 0x0, 0x0, 0x12,
    0x10, 0x6f, 0xf3, 0x0, 0x4, 0xbf, 0xff, 0xff,
    0xff, 0xd0, 0x0, 0x7f, 0xff, 0xff, 0xff, 0xf7,
    0x0, 0x3, 0xff, 0xfc, 0x68, 0xff, 0xfb, 0x0,
    0xa, 0xff, 0xc0, 0x0, 0x4f, 0xff, 0x20, 0xf,
    0xff, 0x50, 0x0, 0xd, 0xff, 0x70, 0x1f, 0xff,
    0x30, 0x0, 0xb, 0xff, 0x90, 0x1f, 0xff, 0x30,
    0x0, 0xb, 0xff, 0x90, 0xf, 0xff, 0x50, 0x0,
    0xd, 0xff, 0x70, 0xb, 0xff, 0xb0, 0x0, 0x4f,
    0xff, 0x20, 0x4, 0xff, 0xfa, 0x57, 0xef, 0xfb,
    0x0, 0x0, 0x8f, 0xff, 0xff, 0xff, 0xd1, 0x0,
    0x0, 0x5, 0xdf, 0xff, 0xf9, 0x10, 0x0, 0x0,
    0x0, 0x1, 0x32, 0x0, 0x0, 0x0,

    /* U+1EE0 "Ỡ" */
    0x0, 0x0, 0x19, 0x92, 0x5, 0x91, 0x0, 0x0,
    0x0, 0x0, 0xdf, 0xff, 0xae, 0xf0, 0x0, 0x0,
    0x0, 0x2, 0xfb, 0x3c, 0xff, 0x70, 0x33, 0x30,
    0x0, 0x0, 0x21, 0x0, 0x21, 0x0, 0xdf, 0xf0,
    0x0, 0x0, 0x0, 0x13, 0x21, 0x0, 0xdf, 0xf0,
    0x0, 0x2, 0x9f, 0xff, 0xff, 0xff, 0xff, 0xe0,
    0x0, 0x5f, 0xff, 0xff, 0xff, 0xff, 0xfe, 0x50,
    0x4, 0xff, 0xff, 0xdb, 0xdf, 0xff, 0xf3, 0x0,
    0xe, 0xff, 0xe3, 0x0, 0x4, 0xef, 0xfe, 0x0,
    0x5f, 0xff, 0x30, 0x0, 0x0, 0x4f, 0xff, 0x40,
    0xbf, 0xfb, 0x0, 0x0, 0x0, 0xc, 0xff, 0xa0,
    0xdf, 0xf7, 0x0, 0x0, 0x0, 0x8, 0xff, 0xc0,
    0xef, 0xf6, 0x0, 0x0, 0x0, 0x6, 0xff, 0xe0,
    0xff, 0xf6, 0x0, 0x0, 0x0, 0x6, 0xff, 0xe0,
    0xdf, 0xf7, 0x0, 0x0, 0x0, 0x8, 0xff, 0xc0,
    0xbf, 0xfb, 0x0, 0x0, 0x0, 0xc, 0xff, 0xa0,
    0x5f, 0xff, 0x30, 0x0, 0x0, 0x4f, 0xff, 0x40,
    0xe, 0xff, 0xe3, 0x0, 0x4, 0xef, 0xfd, 0x0,
    0x4, 0xff, 0xff, 0xdb, 0xdf, 0xff, 0xf3, 0x0,
    0x0, 0x5f, 0xff, 0xff, 0xff, 0xfe, 0x40, 0x0,
    0x0, 0x2, 0x9f, 0xff, 0xfe, 0x92, 0x0, 0x0,
    0x0, 0x0, 0x0, 0x13, 0x10, 0x0, 0x0, 0x0,

    /* U+1EE1 "ỡ" */
    0x0, 0x0, 0x15, 0x20, 0x34, 0x0, 0x0, 0x0,
    0x0, 0xef, 0xf9, 0xe9, 0x0, 0x0, 0x0, 0x3,
    0xe4, 0x6d, 0xc2, 0x3a, 0xa2, 0x0, 0x0, 0x0,
    0x0, 0x0, 0x5f, 0xf4, 0x0, 0x0, 0x0, 0x12,
    0x10, 0x6f, 0xf3, 0x0, 0x4, 0xbf, 0xff, 0xff,
    0xff, 0xd0, 0x0, 0x7f, 0xff, 0xff, 0xff, 0xf7,
    0x0, 0x3, 0xff, 0xfc, 0x68, 0xff, 0xfb, 0x0,
    0xa, 0xff, 0xc0, 0x0, 0x4f, 0xff, 0x20, 0xf,
    0xff, 0x50, 0x0, 0xd, 0xff, 0x70, 0x1f, 0xff,
    0x30, 0x0, 0xb, 0xff, 0x90, 0x1f, 0xff, 0x30,
    0x0, 0xb, 0xff, 0x90, 0xf, 0xff, 0x50, 0x0,
    0xd, 0xff, 0x70, 0xb, 0xff, 0xb0, 0x0, 0x4f,
    0xff, 0x20, 0x4, 0xff, 0xfa, 0x57, 0xef, 0xfb,
    0x0, 0x0, 0x8f, 0xff, 0xff, 0xff, 0xd1, 0x0,
    0x0, 0x5, 0xdf, 0xff, 0xf9, 0x10, 0x0, 0x0,
    0x0, 0x1, 0x32, 0x0, 0x0, 0x0,

    /* U+1EE2 "Ợ" */
    0x0, 0x0, 0x0, 0x0, 0x0, 0x0, 0x33, 0x30,
    0x0, 0x0, 0x0, 0x0, 0x0, 0x0, 0xdf, 0xf0,
    0x0, 0x0, 0x0, 0x13, 0x21, 0x0, 0xdf, 0xf0,
    0x0, 0x2, 0x9f, 0xff, 0xff, 0xff, 0xff, 0xe0,
    0x0, 0x5f, 0xff, 0xff, 0xff, 0xff, 0xfe, 0x50,
    0x4, 0xff, 0xff, 0xdb, 0xdf, 0xff, 0xf3, 0x0,
    0xe, 0xff, 0xe3, 0x0, 0x4, 0xef, 0xfe, 0x0,
    0x5f, 0xff, 0x30, 0x0, 0x0, 0x4f, 0xff, 0x40,
    0xbf, 0xfb, 0x0, 0x0, 0x0, 0xc, 0xff, 0xa0,
    0xdf, 0xf7, 0x0, 0x0, 0x0, 0x8, 0xff, 0xc0,
    0xef, 0xf6, 0x0, 0x0, 0x0, 0x6, 0xff, 0xe0,
    0xff, 0xf6, 0x0, 0x0, 0x0, 0x6, 0xff, 0xe0,
    0xdf, 0xf7, 0x0, 0x0, 0x0, 0x8, 0xff, 0xc0,
    0xbf, 0xfb, 0x0, 0x0, 0x0, 0xc, 0xff, 0xa0,
    0x5f, 0xff, 0x30, 0x0, 0x0, 0x4f, 0xff, 0x40,
    0xe, 0xff, 0xe3, 0x0, 0x4, 0xef, 0xfd, 0x0,
    0x4, 0xff, 0xff, 0xdb, 0xdf, 0xff, 0xf3, 0x0,
    0x0, 0x5f, 0xff, 0xff, 0xff, 0xfe, 0x40, 0x0,
    0x0, 0x2, 0x9f, 0xff, 0xfe, 0x92, 0x0, 0x0,
    0x0, 0x0, 0x0, 0x13, 0x10, 0x0, 0x0, 0x0,
    0x0, 0x0, 0x0, 0x26, 0x20, 0x0, 0x0, 0x0,
    0x0, 0x0, 0x1, 0xff, 0xf1, 0x0, 0x0, 0x0,
    0x0, 0x0, 0x3, 0xff, 0xf3, 0x0, 0x0, 0x0,
    0x0, 0x0, 0x0, 0x8d, 0x80, 0x0, 0x0, 0x0,

    /* U+1EE3 "ợ" */
    0x0, 0x0, 0x0, 0x0, 0x0, 0x3a, 0xa2, 0x0,
    0x0, 0x0, 0x0, 0x0, 0x5f, 0xf4, 0x0, 0x0,
    0x0, 0x12, 0x10, 0x6f, 0xf3, 0x0, 0x4, 0xbf,
    0xff, 0xff, 0xff, 0xd0, 0x0, 0x7f, 0xff, 0xff,
    0xff, 0xf7, 0x0, 0x3, 0xff, 0xfc, 0x68, 0xff,
    0xfb, 0x0, 0xa, 0xff, 0xc0, 0x0, 0x4f, 0xff,
    0x20, 0xf, 0xff, 0x50, 0x0, 0xd, 0xff, 0x70,
    0x1f, 0xff, 0x30, 0x0, 0xb, 0xff, 0x90, 0x1f,
    0xff, 0x30, 0x0, 0xb, 0xff, 0x90, 0xf, 0xff,
    0x50, 0x0, 0xd, 0xff, 0x70, 0xb, 0xff, 0xb0,
    0x0, 0x4f, 0xff, 0x20, 0x4, 0xff, 0xfa, 0x57,
    0xef, 0xfb, 0x0, 0x0, 0x8f, 0xff, 0xff, 0xff,
    0xd1, 0x0, 0x0, 0x5, 0xdf, 0xff, 0xf9, 0x10,
    0x0, 0x0, 0x0, 0x1, 0x32, 0x0, 0x0, 0x0,
    0x0, 0x0, 0x0, 0x63, 0x0, 0x0, 0x0, 0x0,
    0x0, 0xc, 0xff, 0x40, 0x0, 0x0, 0x0, 0x0,
    0xe, 0xff, 0x70, 0x0, 0x0, 0x0, 0x0, 0x5,
    0xda, 0x0, 0x0, 0x0,

    /* U+1EE4 "Ụ" */
    0x8f, 0xfb, 0x0, 0x0, 0x0, 0xaf, 0xfa, 0x8f,
    0xfb, 0x0, 0x0, 0x0, 0xaf, 0xfa, 0x8f, 0xfb,
    0x0, 0x0, 0x0, 0xaf, 0xfa, 0x8f, 0xfb, 0x0,
    0x0, 0x0, 0xaf, 0xfa, 0x8f, 0xfb, 0x0, 0x0,
    0x0, 0xaf, 0xfa, 0x8f, 0xfb, 0x0, 0x0, 0x0,
    0xaf, 0xfa, 0x8f, 0xfb, 0x0, 0x0, 0x0, 0xaf,
    0xfa, 0x8f, 0xfb, 0x0, 0x0, 0x0, 0xaf, 0xfa,
    0x8f, 0xfb, 0x0, 0x0, 0x0, 0xaf, 0xfa, 0x8f,
    0xfb, 0x0, 0x0, 0x0, 0xaf, 0xfa, 0x8f, 0xfc,
    0x0, 0x0, 0x0, 0xaf, 0xfa, 0x6f, 0xff, 0x10,
    0x0, 0x0, 0xef, 0xf8, 0x2f, 0xff, 0xb1, 0x0,
    0xa, 0xff, 0xf3, 0xa, 0xff, 0xff, 0xbb, 0xef,
    0xff, 0xb0, 0x0, 0xbf, 0xff, 0xff, 0xff, 0xfc,
    0x10, 0x0, 0x6, 0xcf, 0xff, 0xfd, 0x70, 0x0,
    0x0, 0x0, 0x1, 0x22, 0x10, 0x0, 0x0, 0x0,
    0x0, 0x0, 0x45, 0x0, 0x0, 0x0, 0x0, 0x0,
    0x7, 0xff, 0x90, 0x0, 0x0, 0x0, 0x0, 0x9,
    0xff, 0xc0, 0x0, 0x0, 0x0, 0x0, 0x2, 0xbc,
    0x30, 0x0, 0x0,

    /* U+1EE5 "ụ" */
    0x0, 0x0, 0x0, 0x0, 0x0, 0x0, 0xaf, 0xf9,
    0x0, 0x0, 0xef, 0xf5, 0xaf, 0xf9, 0x0, 0x0,
    0xef, 0xf5, 0xaf, 0xf9, 0x0, 0x0, 0xef, 0xf5,
    0xaf, 0xf9, 0x0, 0x0, 0xef, 0xf5, 0xaf, 0xf9,
    0x0, 0x0, 0xef, 0xf5, 0xaf, 0xf9, 0x0, 0x0,
    0xef, 0xf5, 0xaf, 0xf9, 0x0, 0x0, 0xef, 0xf5,
    0x9f, 0xfa, 0x0, 0x0, 0xff, 0xf5, 0x8f, 0xfe,
    0x10, 0x5, 0xff, 0xf5, 0x5f, 0xff, 0xe9, 0xaf,
    0xef, 0xf5, 0xc, 0xff, 0xff, 0xfa, 0xbf, 0xf5,
    0x1, 0xaf, 0xff, 0x90, 0xbf, 0xf5, 0x0, 0x0,
    0x10, 0x0, 0x0, 0x0, 0x0, 0x0, 0x5, 0x40,
    0x0, 0x0, 0x0, 0x0, 0x9f, 0xf7, 0x0, 0x0,
    0x0, 0x0, 0xbf, 0xfa, 0x0, 0x0, 0x0, 0x0,
    0x3c, 0xb2, 0x0, 0x0,

    /* U+1EE6 "Ủ" */
    0x0, 0x0, 0xe, 0xdc, 0x50, 0x0, 0x0, 0x0,
    0x0, 0xc, 0xcf, 0xe0, 0x0, 0x0, 0x0, 0x0,
    0x0, 0x7f, 0x90, 0x0, 0x0, 0x0, 0x0, 0x0,
    0x67, 0x0, 0x0, 0x0, 0x0, 0x0, 0x0, 0x0,
    0x0, 0x0, 0x0, 0x8f, 0xfb, 0x0, 0x0, 0x0,
    0xaf, 0xfa, 0x8f, 0xfb, 0x0, 0x0, 0x0, 0xaf,
    0xfa, 0x8f, 0xfb, 0x0, 0x0, 0x0, 0xaf, 0xfa,
    0x8f, 0xfb, 0x0, 0x0, 0x0, 0xaf, 0xfa, 0x8f,
    0xfb, 0x0, 0x0, 0x0, 0xaf, 0xfa, 0x8f, 0xfb,
    0x0, 0x0, 0x0, 0xaf, 0xfa, 0x8f, 0xfb, 0x0,
    0x0, 0x0, 0xaf, 0xfa, 0x8f, 0xfb, 0x0, 0x0,
    0x0, 0xaf, 0xfa, 0x8f, 0xfb, 0x0, 0x0, 0x0,
    0xaf, 0xfa, 0x8f, 0xfb, 0x0, 0x0, 0x0, 0xaf,
    0xfa, 0x8f, 0xfc, 0x0, 0x0, 0x0, 0xaf, 0xfa,
    0x6f, 0xff, 0x10, 0x0, 0x0, 0xef, 0xf8, 0x2f,
    0xff, 0xb1, 0x0, 0xa, 0xff, 0xf3, 0xa, 0xff,
    0xff, 0xbb, 0xef, 0xff, 0xb0, 0x0, 0xbf, 0xff,
    0xff, 0xff, 0xfc, 0x10, 0x0, 0x6, 0xcf, 0xff,
    0xfd, 0x70, 0x0, 0x0, 0x0, 0x1, 0x22, 0x10,
    0x0, 0x0,

    /* U+1EE7 "ủ" */
    0x0, 0x2, 0xed, 0xc3, 0x0, 0x0, 0x0, 0x2,
    0xcd, 0xfb, 0x0, 0x0, 0x0, 0x0, 0xa, 0xf6,
    0x0, 0x0, 0x0, 0x0, 0x7, 0x60, 0x0, 0x0,
    0x0, 0x0, 0x0, 0x0, 0x0, 0x0, 0xaf, 0xf9,
    0x0, 0x0, 0xef, 0xf5, 0xaf, 0xf9, 0x0, 0x0,
    0xef, 0xf5, 0xaf, 0xf9, 0x0, 0x0, 0xef, 0xf5,
    0xaf, 0xf9, 0x0, 0x0, 0xef, 0xf5, 0xaf, 0xf9,
    0x0, 0x0, 0xef, 0xf5, 0xaf, 0xf9, 0x0, 0x0,
    0xef, 0xf5, 0xaf, 0xf9, 0x0, 0x0, 0xef, 0xf5,
    0x9f, 0xfa, 0x0, 0x0, 0xff, 0xf5, 0x8f, 0xfe,
    0x10, 0x5, 0xff, 0xf5, 0x5f, 0xff, 0xe9, 0xaf,
    0xef, 0xf5, 0xc, 0xff, 0xff, 0xfa, 0xbf, 0xf5,
    0x1, 0xaf, 0xff, 0x90, 0xbf, 0xf5, 0x0, 0x0,
    0x10, 0x0, 0x0, 0x0,

    /* U+1EE8 "Ứ" */
    0x0, 0x0, 0x0, 0xb, 0xed, 0x10, 0x0, 0x0,
    0x0, 0x0, 0x0, 0x3f, 0xf7, 0x0, 0x0, 0x0,
    0x0, 0x0, 0x0, 0xaf, 0xc0, 0x0, 0x13, 0x31,
    0x0, 0x0, 0x0, 0x77, 0x20, 0x0, 0x5f, 0xf8,
    0x0, 0x0, 0x0, 0x0, 0x0, 0x0, 0x5f, 0xf8,
    0x8f, 0xfb, 0x0, 0x0, 0x0, 0xaf, 0xff, 0xf6,
    0x8f, 0xfb, 0x0, 0x0, 0x0, 0xaf, 0xff, 0xc0,
    0x8f, 0xfb, 0x0, 0x0, 0x0, 0xaf, 0xfa, 0x0,
    0x8f, 0xfb, 0x0, 0x0, 0x0, 0xaf, 0xfa, 0x0,
    0x8f, 0xfb, 0x0, 0x0, 0x0, 0xaf, 0xfa, 0x0,
    0x8f, 0xfb, 0x0, 0x0, 0x0, 0xaf, 0xfa, 0x0,
    0x8f, 0xfb, 0x0, 0x0, 0x0, 0xaf, 0xfa, 0x0,
    0x8f, 0xfb, 0x0, 0x0, 0x0, 0xaf, 0xfa, 0x0,
    0x8f, 0xfb, 0x0, 0x0, 0x0, 0xaf, 0xfa, 0x0,
    0x8f, 0xfb, 0x0, 0x0, 0x0, 0xaf, 0xfa, 0x0,
    0x8f, 0xfc, 0x0, 0x0, 0x0, 0xaf, 0xfa, 0x0,
    0x6f, 0xff, 0x10, 0x0, 0x0, 0xef, 0xf8, 0x0,
    0x2f, 0xff, 0xb1, 0x0, 0xa, 0xff, 0xf3, 0x0,
    0xa, 0xff, 0xff, 0xbb, 0xef, 0xff, 0xb0, 0x0,
    0x0, 0xbf, 0xff, 0xff, 0xff, 0xfc, 0x10, 0x0,
    0x0, 0x6, 0xcf, 0xff, 0xfd, 0x70, 0x0, 0x0,
    0x0, 0x0, 0x1, 0x22, 0x10, 0x0, 0x0, 0x0,

    /* U+1EE9 "ứ" */
    0x0, 0x0, 0x0, 0xde, 0xb0, 0x0, 0x0, 0x0,
    0x0, 0x7, 0xff, 0x40, 0x0, 0x0, 0x0, 0x0,
    0xd, 0xf9, 0x0, 0x4a, 0xa1, 0x0, 0x0, 0x17,
    0x70, 0x0, 0x6f, 0xf1, 0x0, 0x0, 0x0, 0x0,
    0x0, 0x7f, 0xf1, 0xaf, 0xf9, 0x0, 0x0, 0xef,
    0xff, 0xf0, 0xaf, 0xf9, 0x0, 0x0, 0xef, 0xfe,
    0x50, 0xaf, 0xf9, 0x0, 0x0, 0xef, 0xf5, 0x0,
    0xaf, 0xf9, 0x0, 0x0, 0xef, 0xf5, 0x0, 0xaf,
    0xf9, 0x0, 0x0, 0xef, 0xf5, 0x0, 0xaf, 0xf9,
    0x0, 0x0, 0xef, 0xf5, 0x0, 0xaf, 0xf9, 0x0,
    0x0, 0xef, 0xf5, 0x0, 0x9f, 0xfa, 0x0, 0x0,
    0xff, 0xf5, 0x0, 0x8f, 0xfe, 0x10, 0x5, 0xff,
    0xf5, 0x0, 0x5f, 0xff, 0xe9, 0xaf, 0xef, 0xf5,
    0x0, 0xc, 0xff, 0xff, 0xfa, 0xbf, 0xf5, 0x0,
    0x1, 0xaf, 0xff, 0x90, 0xbf, 0xf5, 0x0, 0x0,
    0x0, 0x10, 0x0, 0x0, 0x0, 0x0,

    /* U+1EEA "Ừ" */
    0x0, 0x0, 0xce, 0xc0, 0x0, 0x0, 0x0, 0x0,
    0x0, 0x0, 0x5f, 0xf5, 0x0, 0x0, 0x0, 0x0,
    0x0, 0x0, 0xb, 0xfc, 0x0, 0x0, 0x13, 0x31,
    0x0, 0x0, 0x1, 0x77, 0x0, 0x0, 0x5f, 0xf8,
    0x0, 0x0, 0x0, 0x0, 0x0, 0x0, 0x5f, 0xf8,
    0x8f, 0xfb, 0x0, 0x0, 0x0, 0xaf, 0xff, 0xf6,
    0x8f, 0xfb, 0x0, 0x0, 0x0, 0xaf, 0xff, 0xc0,
    0x8f, 0xfb, 0x0, 0x0, 0x0, 0xaf, 0xfa, 0x0,
    0x8f, 0xfb, 0x0, 0x0, 0x0, 0xaf, 0xfa, 0x0,
    0x8f, 0xfb, 0x0, 0x0, 0x0, 0xaf, 0xfa, 0x0,
    0x8f, 0xfb, 0x0, 0x0, 0x0, 0xaf, 0xfa, 0x0,
    0x8f, 0xfb, 0x0, 0x0, 0x0, 0xaf, 0xfa, 0x0,
    0x8f, 0xfb, 0x0, 0x0, 0x0, 0xaf, 0xfa, 0x0,
    0x8f, 0xfb, 0x0, 0x0, 0x0, 0xaf, 0xfa, 0x0,
    0x8f, 0xfb, 0x0, 0x0, 0x0, 0xaf, 0xfa, 0x0,
    0x8f, 0xfc, 0x0, 0x0, 0x0, 0xaf, 0xfa, 0x0,
    0x6f, 0xff, 0x10, 0x0, 0x0, 0xef, 0xf8, 0x0,
    0x2f, 0xff, 0xb1, 0x0, 0xa, 0xff, 0xf3, 0x0,
    0xa, 0xff, 0xff, 0xbb, 0xef, 0xff, 0xb0, 0x0,
    0x0, 0xbf, 0xff, 0xff, 0xff, 0xfc, 0x10, 0x0,
    0x0, 0x6, 0xcf, 0xff, 0xfd, 0x70, 0x0, 0x0,
    0x0, 0x0, 0x1, 0x22, 0x10, 0x0, 0x0, 0x0,

    /* U+1EEB "ừ" */
    0x0, 0x2d, 0xe9, 0x0, 0x0, 0x0, 0x0, 0x0,
    0x8, 0xff, 0x20, 0x0, 0x0, 0x0, 0x0, 0x0,
    0xdf, 0x90, 0x0, 0x4a, 0xa1, 0x0, 0x0, 0x37,
    0x60, 0x0, 0x6f, 0xf1, 0x0, 0x0, 0x0, 0x0,
    0x0, 0x7f, 0xf1, 0xaf, 0xf9, 0x0, 0x0, 0xef,
    0xff, 0xf0, 0xaf, 0xf9, 0x0, 0x0, 0xef, 0xfe,
    0x50, 0xaf, 0xf9, 0x0, 0x0, 0xef, 0xf5, 0x0,
    0xaf, 0xf9, 0x0, 0x0, 0xef, 0xf5, 0x0, 0xaf,
    0xf9, 0x0, 0x0, 0xef, 0xf5, 0x0, 0xaf, 0xf9,
    0x0, 0x0, 0xef, 0xf5, 0x0, 0xaf, 0xf9, 0x0,
    0x0, 0xef, 0xf5, 0x0, 0x9f, 0xfa, 0x0, 0x0,
    0xff, 0xf5, 0x0, 0x8f, 0xfe, 0x10, 0x5, 0xff,
    0xf5, 0x0, 0x5f, 0xff, 0xe9, 0xaf, 0xef, 0xf5,
    0x0, 0xc, 0xff, 0xff, 0xfa, 0xbf, 0xf5, 0x0,
    0x1, 0xaf, 0xff, 0x90, 0xbf, 0xf5, 0x0, 0x0,
    0x0, 0x10, 0x0, 0x0, 0x0, 0x0,

    /* U+1EEC "Ử" */
    0x0, 0x0, 0xe, 0xdc, 0x50, 0x0, 0x0, 0x0,
    0x0, 0x0, 0xc, 0xcf, 0xe0, 0x0, 0x0, 0x0,
    0x0, 0x0, 0x0, 0x7f, 0x90, 0x0, 0x13, 0x31,
    0x0, 0x0, 0x0, 0x67, 0x0, 0x0, 0x5f, 0xf8,
    0x0, 0x0, 0x0, 0x0, 0x0, 0x0, 0x5f, 0xf8,
    0x8f, 0xfb, 0x0, 0x0, 0x0, 0xaf, 0xff, 0xf6,
    0x8f, 0xfb, 0x0, 0x0, 0x0, 0xaf, 0xff, 0xc0,
    0x8f, 0xfb, 0x0, 0x0, 0x0, 0xaf, 0xfa, 0x0,
    0x8f, 0xfb, 0x0, 0x0, 0x0, 0xaf, 0xfa, 0x0,
    0x8f, 0xfb, 0x0, 0x0, 0x0, 0xaf, 0xfa, 0x0,
    0x8f, 0xfb, 0x0, 0x0, 0x0, 0xaf, 0xfa, 0x0,
    0x8f, 0xfb, 0x0, 0x0, 0x0, 0xaf, 0xfa, 0x0,
    0x8f, 0xfb, 0x0, 0x0, 0x0, 0xaf, 0xfa, 0x0,
    0x8f, 0xfb, 0x0, 0x0, 0x0, 0xaf, 0xfa, 0x0,
    0x8f, 0xfb, 0x0, 0x0, 0x0, 0xaf, 0xfa, 0x0,
    0x8f, 0xfc, 0x0, 0x0, 0x0, 0xaf, 0xfa, 0x0,
    0x6f, 0xff, 0x10, 0x0, 0x0, 0xef, 0xf8, 0x0,
    0x2f, 0xff, 0xb1, 0x0, 0xa, 0xff, 0xf3, 0x0,
    0xa, 0xff, 0xff, 0xbb, 0xef, 0xff, 0xb0, 0x0,
    0x0, 0xbf, 0xff, 0xff, 0xff, 0xfc, 0x10, 0x0,
    0x0, 0x6, 0xcf, 0xff, 0xfd, 0x70, 0x0, 0x0,
    0x0, 0x0, 0x1, 0x22, 0x10, 0x0, 0x0, 0x0,

    /* U+1EED "ử" */
    0x0, 0x2, 0xed, 0xc3, 0x0, 0x0, 0x0, 0x0,
    0x2, 0xcd, 0xfb, 0x0, 0x0, 0x0, 0x0, 0x0,
    0xa, 0xf6, 0x0, 0x4a, 0xa1, 0x0, 0x0, 0x7,
    0x60, 0x0, 0x6f, 0xf1, 0x0, 0x0, 0x0, 0x0,
    0x0, 0x7f, 0xf1, 0xaf, 0xf9, 0x0, 0x0, 0xef,
    0xff, 0xf0, 0xaf, 0xf9, 0x0, 0x0, 0xef, 0xfe,
    0x50, 0xaf, 0xf9, 0x0, 0x0, 0xef, 0xf5, 0x0,
    0xaf, 0xf9, 0x0, 0x0, 0xef, 0xf5, 0x0, 0xaf,
    0xf9, 0x0, 0x0, 0xef, 0xf5, 0x0, 0xaf, 0xf9,
    0x0, 0x0, 0xef, 0xf5, 0x0, 0xaf, 0xf9, 0x0,
    0x0, 0xef, 0xf5, 0x0, 0x9f, 0xfa, 0x0, 0x0,
    0xff, 0xf5, 0x0, 0x8f, 0xfe, 0x10, 0x5, 0xff,
    0xf5, 0x0, 0x5f, 0xff, 0xe9, 0xaf, 0xef, 0xf5,
    0x0, 0xc, 0xff, 0xff, 0xfa, 0xbf, 0xf5, 0x0,
    0x1, 0xaf, 0xff, 0x90, 0xbf, 0xf5, 0x0, 0x0,
    0x0, 0x10, 0x0, 0x0, 0x0, 0x0,

    /* U+1EEE "Ữ" */
    0x0, 0x0, 0x59, 0x70, 0x9, 0x70, 0x0, 0x0,
    0x0, 0x4, 0xff, 0xfd, 0xbf, 0x90, 0x0, 0x0,
    0x0, 0x9, 0xf6, 0x6e, 0xfe, 0x20, 0x13, 0x31,
    0x0, 0x1, 0x20, 0x0, 0x30, 0x0, 0x5f, 0xf8,
    0x0, 0x0, 0x0, 0x0, 0x0, 0x0, 0x5f, 0xf8,
    0x8f, 0xfb, 0x0, 0x0, 0x0, 0xaf, 0xff, 0xf6,
    0x8f, 0xfb, 0x0, 0x0, 0x0, 0xaf, 0xff, 0xc0,
    0x8f, 0xfb, 0x0, 0x0, 0x0, 0xaf, 0xfa, 0x0,
    0x8f, 0xfb, 0x0, 0x0, 0x0, 0xaf, 0xfa, 0x0,
    0x8f, 0xfb, 0x0, 0x0, 0x0, 0xaf, 0xfa, 0x0,
    0x8f, 0xfb, 0x0, 0x0, 0x0, 0xaf, 0xfa, 0x0,
    0x8f, 0xfb, 0x0, 0x0, 0x0, 0xaf, 0xfa, 0x0,
    0x8f, 0xfb, 0x0, 0x0, 0x0, 0xaf, 0xfa, 0x0,
    0x8f, 0xfb, 0x0, 0x0, 0x0, 0xaf, 0xfa, 0x0,
    0x8f, 0xfb, 0x0, 0x0, 0x0, 0xaf, 0xfa, 0x0,
    0x8f, 0xfc, 0x0, 0x0, 0x0, 0xaf, 0xfa, 0x0,
    0x6f, 0xff, 0x10, 0x0, 0x0, 0xef, 0xf8, 0x0,
    0x2f, 0xff, 0xb1, 0x0, 0xa, 0xff, 0xf3, 0x0,
    0xa, 0xff, 0xff, 0xbb, 0xef, 0xff, 0xb0, 0x0,
    0x0, 0xbf, 0xff, 0xff, 0xff, 0xfc, 0x10, 0x0,
    0x0, 0x6, 0xcf, 0xff, 0xfd, 0x70, 0x0, 0x0,
    0x0, 0x0, 0x1, 0x22, 0x10, 0x0, 0x0, 0x0,

    /* U+1EEF "ữ" */
    0x0, 0x7, 0xa6, 0x2, 0xa5, 0x0, 0x0, 0x0,
    0x7f, 0xff, 0xcc, 0xf6, 0x0, 0x0, 0x0, 0xcf,
    0x38, 0xff, 0xc0, 0x4a, 0xa1, 0x0, 0x22, 0x0,
    0x12, 0x0, 0x6f, 0xf1, 0x0, 0x0, 0x0, 0x0,
    0x0, 0x7f, 0xf1, 0xaf, 0xf9, 0x0, 0x0, 0xef,
    0xff, 0xf0, 0xaf, 0xf9, 0x0, 0x0, 0xef, 0xfe,
    0x50, 0xaf, 0xf9, 0x0, 0x0, 0xef, 0xf5, 0x0,
    0xaf, 0xf9, 0x0, 0x0, 0xef, 0xf5, 0x0, 0xaf,
    0xf9, 0x0, 0x0, 0xef, 0xf5, 0x0, 0xaf, 0xf9,
    0x0, 0x0, 0xef, 0xf5, 0x0, 0xaf, 0xf9, 0x0,
    0x0, 0xef, 0xf5, 0x0, 0x9f, 0xfa, 0x0, 0x0,
    0xff, 0xf5, 0x0, 0x8f, 0xfe, 0x10, 0x5, 0xff,
    0xf5, 0x0, 0x5f, 0xff, 0xe9, 0xaf, 0xef, 0xf5,
    0x0, 0xc, 0xff, 0xff, 0xfa, 0xbf, 0xf5, 0x0,
    0x1, 0xaf, 0xff, 0x90, 0xbf, 0xf5, 0x0, 0x0,
    0x0, 0x10, 0x0, 0x0, 0x0, 0x0,

    /* U+1EF0 "Ự" */
    0x0, 0x0, 0x0, 0x0, 0x0, 0x0, 0x13, 0x31,
    0x0, 0x0, 0x0, 0x0, 0x0, 0x0, 0x5f, 0xf8,
    0x0, 0x0, 0x0, 0x0, 0x0, 0x0, 0x5f, 0xf8,
    0x8f, 0xfb, 0x0, 0x0, 0x0, 0xaf, 0xff, 0xf6,
    0x8f, 0xfb, 0x0, 0x0, 0x0, 0xaf, 0xff, 0xc0,
    0x8f, 0xfb, 0x0, 0x0, 0x0, 0xaf, 0xfa, 0x0,
    0x8f, 0xfb, 0x0, 0x0, 0x0, 0xaf, 0xfa, 0x0,
    0x8f, 0xfb, 0x0, 0x0, 0x0, 0xaf, 0xfa, 0x0,
    0x8f, 0xfb, 0x0, 0x0, 0x0, 0xaf, 0xfa, 0x0,
    0x8f, 0xfb, 0x0, 0x0, 0x0, 0xaf, 0xfa, 0x0,
    0x8f, 0xfb, 0x0, 0x0, 0x0, 0xaf, 0xfa, 0x0,
    0x8f, 0xfb, 0x0, 0x0, 0x0, 0xaf, 0xfa, 0x0,
    0x8f, 0xfb, 0x0, 0x0, 0x0, 0xaf, 0xfa, 0x0,
    0x8f, 0xfc, 0x0, 0x0, 0x0, 0xaf, 0xfa, 0x0,
    0x6f, 0xff, 0x10, 0x0, 0x0, 0xef, 0xf8, 0x0,
    0x2f, 0xff, 0xb1, 0x0, 0xa, 0xff, 0xf3, 0x0,
    0xa, 0xff, 0xff, 0xbb, 0xef, 0xff, 0xb0, 0x0,
    0x0, 0xbf, 0xff, 0xff, 0xff, 0xfc, 0x10, 0x0,
    0x0, 0x6, 0xcf, 0xff, 0xfd, 0x70, 0x0, 0x0,
    0x0, 0x0, 0x1, 0x22, 0x10, 0x0, 0x0, 0x0,
    0x0, 0x0, 0x0, 0x45, 0x0, 0x0, 0x0, 0x0,
    0x0, 0x0, 0x7, 0xff, 0x90, 0x0, 0x0, 0x0,
    0x0, 0x0, 0x9, 0xff, 0xc0, 0x0, 0x0, 0x0,
    0x0, 0x0, 0x2, 0xbc, 0x30, 0x0, 0x0, 0x0,

    /* U+1EF1 "ự" */
    0x0, 0x0, 0x0, 0x0, 0x0, 0x4a, 0xa1, 0x0,
    0x0, 0x0, 0x0, 0x0, 0x6f, 0xf1, 0x0, 0x0,
    0x0, 0x0, 0x0, 0x7f, 0xf1, 0xaf, 0xf9, 0x0,
    0x0, 0xef, 0xff, 0xf0, 0xaf, 0xf9, 0x0, 0x0,
    0xef, 0xfe, 0x50, 0xaf, 0xf9, 0x0, 0x0, 0xef,
    0xf5, 0x0, 0xaf, 0xf9, 0x0, 0x0, 0xef, 0xf5,
    0x0, 0xaf, 0xf9, 0x0, 0x0, 0xef, 0xf5, 0x0,
    0xaf, 0xf9, 0x0, 0x0, 0xef, 0xf5, 0x0, 0xaf,
    0xf9, 0x0, 0x0, 0xef, 0xf5, 0x0, 0x9f, 0xfa,
    0x0, 0x0, 0xff, 0xf5, 0x0, 0x8f, 0xfe, 0x10,
    0x5, 0xff, 0xf5, 0x0, 0x5f, 0xff, 0xe9, 0xaf,
    0xef, 0xf5, 0x0, 0xc, 0xff, 0xff, 0xfa, 0xbf,
    0xf5, 0x0, 0x1, 0xaf, 0xff, 0x90, 0xbf, 0xf5,
    0x0, 0x0, 0x0, 0x10, 0x0, 0x0, 0x0, 0x0,
    0x0, 0x0, 0x5, 0x40, 0x0, 0x0, 0x0, 0x0,
    0x0, 0x9f, 0xf7, 0x0, 0x0, 0x0, 0x0, 0x0,
    0xbf, 0xfa, 0x0, 0x0, 0x0, 0x0, 0x0, 0x3c,
    0xb2, 0x0, 0x0, 0x0,

    /* U+1EF2 "Ỳ" */
    0x0, 0x0, 0xc, 0xec, 0x0, 0x0, 0x0, 0x0,
    0x0, 0x0, 0x6, 0xff, 0x50, 0x0, 0x0, 0x0,
    0x0, 0x0, 0x0, 0xbf, 0xc0, 0x0, 0x0, 0x0,
    0x0, 0x0, 0x0, 0x17, 0x70, 0x0, 0x0, 0x0,
    0x0, 0x0, 0x0, 0x0, 0x0, 0x0, 0x0, 0x0,
    0x2f, 0xff, 0xa0, 0x0, 0x0, 0x8, 0xff, 0xf4,
    0x9, 0xff, 0xf2, 0x0, 0x0, 0x1f, 0xff, 0xa0,
    0x1, 0xef, 0xfb, 0x0, 0x0, 0x9f, 0xff, 0x20,
    0x0, 0x6f, 0xff, 0x40, 0x2, 0xff, 0xf8, 0x0,
    0x0, 0xc, 0xff, 0xc0, 0xa, 0xff, 0xe0, 0x0,
    0x0, 0x3, 0xff, 0xf5, 0x2f, 0xff, 0x50, 0x0,
    0x0, 0x0, 0x9f, 0xfc, 0x9f, 0xfc, 0x0, 0x0,
    0x0, 0x0, 0x1e, 0xff, 0xff, 0xf2, 0x0, 0x0,
    0x0, 0x0, 0x6, 0xff, 0xff, 0x90, 0x0, 0x0,
    0x0, 0x0, 0x0, 0xdf, 0xfe, 0x10, 0x0, 0x0,
    0x0, 0x0, 0x0, 0x8f, 0xfb, 0x0, 0x0, 0x0,
    0x0, 0x0, 0x0, 0x8f, 0xfb, 0x0, 0x0, 0x0,
    0x0, 0x0, 0x0, 0x8f, 0xfb, 0x0, 0x0, 0x0,
    0x0, 0x0, 0x0, 0x8f, 0xfb, 0x0, 0x0, 0x0,
    0x0, 0x0, 0x0, 0x8f, 0xfb, 0x0, 0x0, 0x0,
    0x0, 0x0, 0x0, 0x8f, 0xfb, 0x0, 0x0, 0x0,

    /* U+1EF3 "ỳ" */
    0x0, 0x5, 0xee, 0x70, 0x0, 0x0, 0x0, 0x0,
    0xc, 0xfe, 0x0, 0x0, 0x0, 0x0, 0x0, 0x2f,
    0xf5, 0x0, 0x0, 0x0, 0x0, 0x0, 0x47, 0x50,
    0x0, 0x0, 0x0, 0x0, 0x0, 0x0, 0x0, 0x0,
    0x7, 0xff, 0xe0, 0x0, 0x0, 0xaf, 0xfb, 0x1f,
    0xff, 0x40, 0x0, 0xf, 0xff, 0x50, 0xbf, 0xf9,
    0x0, 0x5, 0xff, 0xe0, 0x5, 0xff, 0xe0, 0x0,
    0xaf, 0xf9, 0x0, 0xf, 0xff, 0x30, 0xf, 0xff,
    0x30, 0x0, 0x9f, 0xf8, 0x5, 0xff, 0xc0, 0x0,
    0x3, 0xff, 0xd0, 0xaf, 0xf6, 0x0, 0x0, 0xd,
    0xff, 0x1f, 0xff, 0x10, 0x0, 0x0, 0x7f, 0xf9,
    0xff, 0xa0, 0x0, 0x0, 0x1, 0xff, 0xff, 0xf4,
    0x0, 0x0, 0x0, 0xb, 0xff, 0xfe, 0x0, 0x0,
    0x0, 0x0, 0x5f, 0xff, 0x80, 0x0, 0x0, 0x0,
    0x3, 0xff, 0xf2, 0x0, 0x0, 0x0, 0x10, 0xaf,
    0xfc, 0x0, 0x0, 0x0, 0x2f, 0xff, 0xff, 0x40,
    0x0, 0x0, 0x7, 0xff, 0xff, 0x60, 0x0, 0x0,
    0x0, 0x38, 0x87, 0x20, 0x0, 0x0, 0x0,

    /* U+1EF4 "Ỵ" */
    0x2f, 0xff, 0xa0, 0x0, 0x0, 0x8, 0xff, 0xf4,
    0x9, 0xff, 0xf2, 0x0, 0x0, 0x1f, 0xff, 0xa0,
    0x1, 0xef, 0xfb, 0x0, 0x0, 0x9f, 0xff, 0x20,
    0x0, 0x6f, 0xff, 0x40, 0x2, 0xff, 0xf8, 0x0,
    0x0, 0xc, 0xff, 0xc0, 0xa, 0xff, 0xe0, 0x0,
    0x0, 0x3, 0xff, 0xf5, 0x2f, 0xff, 0x50, 0x0,
    0x0, 0x0, 0x9f, 0xfc, 0x9f, 0xfc, 0x0, 0x0,
    0x0, 0x0, 0x1e, 0xff, 0xff, 0xf2, 0x0, 0x0,
    0x0, 0x0, 0x6, 0xff, 0xff, 0x90, 0x0, 0x0,
    0x0, 0x0, 0x0, 0xdf, 0xfe, 0x10, 0x0, 0x0,
    0x0, 0x0, 0x0, 0x8f, 0xfb, 0x0, 0x0, 0x0,
    0x0, 0x0, 0x0, 0x8f, 0xfb, 0x0, 0x0, 0x0,
    0x0, 0x0, 0x0, 0x8f, 0xfb, 0x0, 0x0, 0x0,
    0x0, 0x0, 0x0, 0x8f, 0xfb, 0x0, 0x0, 0x0,
    0x0, 0x0, 0x0, 0x8f, 0xfb, 0x0, 0x0, 0x0,
    0x0, 0x0, 0x0, 0x8f, 0xfb, 0x0, 0x0, 0x0,
    0x0, 0x0, 0x0, 0x0, 0x0, 0x0, 0x0, 0x0,
    0x0, 0x0, 0x0, 0x4, 0x50, 0x0, 0x0, 0x0,
    0x0, 0x0, 0x0, 0x7f, 0xf9, 0x0, 0x0, 0x0,
    0x0, 0x0, 0x0, 0x9f, 0xfc, 0x0, 0x0, 0x0,
    0x0, 0x0, 0x0, 0x1b, 0xc3, 0x0, 0x0, 0x0,

    /* U+1EF5 "ỵ" */
    0x0, 0x0, 0x0, 0x0, 0x0, 0x0, 0x7, 0xff,
    0xe0, 0x0, 0x0, 0xaf, 0xfb, 0x1f, 0xff, 0x40,
    0x0, 0xf, 0xff, 0x50, 0xbf, 0xf9, 0x0, 0x5,
    0xff, 0xe0, 0x5, 0xff, 0xe0, 0x0, 0xaf, 0xf9,
    0x0, 0xf, 0xff, 0x30, 0xf, 0xff, 0x30, 0x0,
    0x9f, 0xf8, 0x5, 0xff, 0xc0, 0x0, 0x3, 0xff,
    0xd0, 0xaf, 0xf6, 0x0, 0x0, 0xd, 0xff, 0x1f,
    0xff, 0x10, 0x0, 0x0, 0x7f, 0xf9, 0xff, 0xa0,
    0x0, 0x0, 0x1, 0xff, 0xff, 0xf4, 0x0, 0x0,
    0x0, 0xb, 0xff, 0xfe, 0x0, 0x0, 0x0, 0x0,
    0x5f, 0xff, 0x80, 0x0, 0x0, 0x0, 0x3, 0xff,
    0xf2, 0x0, 0x0, 0x0, 0x10, 0xaf, 0xfc, 0x3,
    0x60, 0x0, 0x2f, 0xff, 0xff, 0x44, 0xff, 0xc0,
    0x7, 0xff, 0xff, 0x60, 0x7f, 0xff, 0x0, 0x38,
    0x87, 0x20, 0x0, 0xad, 0x50,

    /* U+1EF6 "Ỷ" */
    0x0, 0x0, 0x0, 0xed, 0xc5, 0x0, 0x0, 0x0,
    0x0, 0x0, 0x0, 0xcc, 0xfe, 0x0, 0x0, 0x0,
    0x0, 0x0, 0x0, 0x7, 0xf9, 0x0, 0x0, 0x0,
    0x0, 0x0, 0x0, 0x6, 0x70, 0x0, 0x0, 0x0,
    0x0, 0x0, 0x0, 0x0, 0x0, 0x0, 0x0, 0x0,
    0x2f, 0xff, 0xa0, 0x0, 0x0, 0x8, 0xff, 0xf4,
    0x9, 0xff, 0xf2, 0x0, 0x0, 0x1f, 0xff, 0xa0,
    0x1, 0xef, 0xfb, 0x0, 0x0, 0x9f, 0xff, 0x20,
    0x0, 0x6f, 0xff, 0x40, 0x2, 0xff, 0xf8, 0x0,
    0x0, 0xc, 0xff, 0xc0, 0xa, 0xff, 0xe0, 0x0,
    0x0, 0x3, 0xff, 0xf5, 0x2f, 0xff, 0x50, 0x0,
    0x0, 0x0, 0x9f, 0xfc, 0x9f, 0xfc, 0x0, 0x0,
    0x0, 0x0, 0x1e, 0xff, 0xff, 0xf2, 0x0, 0x0,
    0x0, 0x0, 0x6, 0xff, 0xff, 0x90, 0x0, 0x0,
    0x0, 0x0, 0x0, 0xdf, 0xfe, 0x10, 0x0, 0x0,
    0x0, 0x0, 0x0, 0x8f, 0xfb, 0x0, 0x0, 0x0,
    0x0, 0x0, 0x0, 0x8f, 0xfb, 0x0, 0x0, 0x0,
    0x0, 0x0, 0x0, 0x8f, 0xfb, 0x0, 0x0, 0x0,
    0x0, 0x0, 0x0, 0x8f, 0xfb, 0x0, 0x0, 0x0,
    0x0, 0x0, 0x0, 0x8f, 0xfb, 0x0, 0x0, 0x0,
    0x0, 0x0, 0x0, 0x8f, 0xfb, 0x0, 0x0, 0x0,

    /* U+1EF7 "ỷ" */
    0x0, 0x0, 0x5e, 0xdb, 0x10, 0x0, 0x0, 0x0,
    0x5, 0xce, 0xf7, 0x0, 0x0, 0x0, 0x0, 0x0,
    0xdf, 0x20, 0x0, 0x0, 0x0, 0x0, 0x27, 0x50,
    0x0, 0x0, 0x0, 0x0, 0x0, 0x0, 0x0, 0x0,
    0x7, 0xff, 0xe0, 0x0, 0x0, 0xaf, 0xfb, 0x1f,
    0xff, 0x40, 0x0, 0xf, 0xff, 0x50, 0xbf, 0xf9,
    0x0, 0x5, 0xff, 0xe0, 0x5, 0xff, 0xe0, 0x0,
    0xaf, 0xf9, 0x0, 0xf, 0xff, 0x30, 0xf, 0xff,
    0x30, 0x0, 0x9f, 0xf8, 0x5, 0xff, 0xc0, 0x0,
    0x3, 0xff, 0xd0, 0xaf, 0xf6, 0x0, 0x0, 0xd,
    0xff, 0x1f, 0xff, 0x10, 0x0, 0x0, 0x7f, 0xf9,
    0xff, 0xa0, 0x0, 0x0, 0x1, 0xff, 0xff, 0xf4,
    0x0, 0x0, 0x0, 0xb, 0xff, 0xfe, 0x0, 0x0,
    0x0, 0x0, 0x5f, 0xff, 0x80, 0x0, 0x0, 0x0,
    0x3, 0xff, 0xf2, 0x0, 0x0, 0x0, 0x10, 0xaf,
    0xfc, 0x0, 0x0, 0x0, 0x2f, 0xff, 0xff, 0x40,
    0x0, 0x0, 0x7, 0xff, 0xff, 0x60, 0x0, 0x0,
    0x0, 0x38, 0x87, 0x20, 0x0, 0x0, 0x0,

    /* U+1EF8 "Ỹ" */
    0x0, 0x0, 0x5, 0x97, 0x0, 0x97, 0x0, 0x0,
    0x0, 0x0, 0x4f, 0xff, 0xdb, 0xf9, 0x0, 0x0,
    0x0, 0x0, 0x9f, 0x57, 0xff, 0xe2, 0x0, 0x0,
    0x0, 0x0, 0x12, 0x0, 0x3, 0x0, 0x0, 0x0,
    0x0, 0x0, 0x0, 0x0, 0x0, 0x0, 0x0, 0x0,
    0x2f, 0xff, 0xa0, 0x0, 0x0, 0x8, 0xff, 0xf4,
    0x9, 0xff, 0xf2, 0x0, 0x0, 0x1f, 0xff, 0xa0,
    0x1, 0xef, 0xfb, 0x0, 0x0, 0x9f, 0xff, 0x20,
    0x0, 0x6f, 0xff, 0x40, 0x2, 0xff, 0xf8, 0x0,
    0x0, 0xc, 0xff, 0xc0, 0xa, 0xff, 0xe0, 0x0,
    0x0, 0x3, 0xff, 0xf5, 0x2f, 0xff, 0x50, 0x0,
    0x0, 0x0, 0x9f, 0xfc, 0x9f, 0xfc, 0x0, 0x0,
    0x0, 0x0, 0x1e, 0xff, 0xff, 0xf2, 0x0, 0x0,
    0x0, 0x0, 0x6, 0xff, 0xff, 0x90, 0x0, 0x0,
    0x0, 0x0, 0x0, 0xdf, 0xfe, 0x10, 0x0, 0x0,
    0x0, 0x0, 0x0, 0x8f, 0xfb, 0x0, 0x0, 0x0,
    0x0, 0x0, 0x0, 0x8f, 0xfb, 0x0, 0x0, 0x0,
    0x0, 0x0, 0x0, 0x8f, 0xfb, 0x0, 0x0, 0x0,
    0x0, 0x0, 0x0, 0x8f, 0xfb, 0x0, 0x0, 0x0,
    0x0, 0x0, 0x0, 0x8f, 0xfb, 0x0, 0x0, 0x0,
    0x0, 0x0, 0x0, 0x8f, 0xfb, 0x0, 0x0, 0x0,

    /* U+1EF9 "ỹ" */
    0x0, 0x0, 0x89, 0x40, 0x4a, 0x30, 0x0, 0x0,
    0xaf, 0xff, 0xbd, 0xf2, 0x0, 0x0, 0xf, 0xd3,
    0xaf, 0xfa, 0x0, 0x0, 0x0, 0x21, 0x0, 0x12,
    0x0, 0x0, 0x0, 0x0, 0x0, 0x0, 0x0, 0x0,
    0x7, 0xff, 0xe0, 0x0, 0x0, 0xaf, 0xfb, 0x1f,
    0xff, 0x40, 0x0, 0xf, 0xff, 0x50, 0xbf, 0xf9,
    0x0, 0x5, 0xff, 0xe0, 0x5, 0xff, 0xe0, 0x0,
    0xaf, 0xf9, 0x0, 0xf, 0xff, 0x30, 0xf, 0xff,
    0x30, 0x0, 0x9f, 0xf8, 0x5, 0xff, 0xc0, 0x0,
    0x3, 0xff, 0xd0, 0xaf, 0xf6, 0x0, 0x0, 0xd,
    0xff, 0x1f, 0xff, 0x10, 0x0, 0x0, 0x7f, 0xf9,
    0xff, 0xa0, 0x0, 0x0, 0x1, 0xff, 0xff, 0xf4,
    0x0, 0x0, 0x0, 0xb, 0xff, 0xfe, 0x0, 0x0,
    0x0, 0x0, 0x5f, 0xff, 0x80, 0x0, 0x0, 0x0,
    0x3, 0xff, 0xf2, 0x0, 0x0, 0x0, 0x10, 0xaf,
    0xfc, 0x0, 0x0, 0x0, 0x2f, 0xff, 0xff, 0x40,
    0x0, 0x0, 0x7, 0xff, 0xff, 0x60, 0x0, 0x0,
    0x0, 0x38, 0x87, 0x20, 0x0, 0x0, 0x0,

    /* U+2013 "–" */
    0x88, 0x88, 0x88, 0x88, 0x88, 0x8f, 0xff, 0xff,
    0xff, 0xff, 0xff, 0xff, 0xff, 0xff, 0xff, 0xff,
    0xf0,

    /* U+2014 "—" */
    0x88, 0x88, 0x88, 0x88, 0x88, 0x88, 0x88, 0x88,
    0x88, 0x88, 0x88, 0xff, 0xff, 0xff, 0xff, 0xff,
    0xff, 0xff, 0xff, 0xff, 0xff, 0xff, 0xff, 0xff,
    0xff, 0xff, 0xff, 0xff, 0xff, 0xff, 0xff, 0xff,
    0xff,

    /* U+2018 "‘" */
    0x0, 0x6f, 0xd0, 0xb, 0xfb, 0x0, 0xff, 0x90,
    0x4f, 0xf7, 0x9, 0xff, 0x40, 0xef, 0xf2, 0x19,
    0x99, 0x0,

    /* U+2019 "’" */
    0x2, 0x99, 0x70, 0x7f, 0xf9, 0x9, 0xff, 0x50,
    0xbf, 0xf0, 0xd, 0xfb, 0x0, 0xff, 0x60, 0x2f,
    0xf1, 0x0,

    /* U+201A "‚" */
    0x7, 0x99, 0x30, 0xef, 0xf2, 0xf, 0xfd, 0x3,
    0xff, 0x80, 0x5f, 0xf3, 0x7, 0xfe, 0x0, 0xaf,
    0xa0, 0x0,

    /* U+201C "“" */
    0x0, 0x6f, 0xd0, 0x5, 0xfe, 0x0, 0xbf, 0xb0,
    0xa, 0xfc, 0x0, 0xff, 0x90, 0xe, 0xfa, 0x4,
    0xff, 0x70, 0x4f, 0xf7, 0x9, 0xff, 0x40, 0x8f,
    0xf5, 0xe, 0xff, 0x20, 0xdf, 0xf3, 0x19, 0x99,
    0x0, 0x99, 0x90,

    /* U+201D "”" */
    0x5, 0xff, 0xc0, 0x7f, 0xfa, 0x8, 0xff, 0x70,
    0xaf, 0xf5, 0xa, 0xff, 0x30, 0xcf, 0xf1, 0xc,
    0xfe, 0x0, 0xef, 0xc0, 0xe, 0xf9, 0x1, 0xff,
    0x70, 0x1f, 0xf4, 0x3, 0xff, 0x20, 0x19, 0x90,
    0x2, 0x98, 0x0,

    /* U+201E "„" */
    0x7, 0x99, 0x30, 0x89, 0x92, 0xe, 0xff, 0x20,
    0xff, 0xf0, 0x1f, 0xfd, 0x3, 0xff, 0xb0, 0x3f,
    0xf8, 0x5, 0xff, 0x60, 0x5f, 0xf3, 0x7, 0xff,
    0x10, 0x7f, 0xe0, 0xa, 0xfc, 0x0, 0xaf, 0xa0,
    0xc, 0xf7, 0x0,

    /* U+2022 "•" */
    0x0, 0x4a, 0xb8, 0x0, 0x7, 0xff, 0xff, 0xd0,
    0xf, 0xff, 0xff, 0xf6, 0x3f, 0xff, 0xff, 0xf9,
    0x1f, 0xff, 0xff, 0xf7, 0x9, 0xff, 0xff, 0xe1,
    0x0, 0x8e, 0xfb, 0x20,

    /* U+2026 "…" */
    0x3, 0x96, 0x0, 0x0, 0x18, 0x81, 0x0, 0x0,
    0x69, 0x30, 0xf, 0xff, 0x50, 0x0, 0xaf, 0xfb,
    0x0, 0x4, 0xff, 0xf1, 0x1f, 0xff, 0x70, 0x0,
    0xcf, 0xfc, 0x0, 0x6, 0xff, 0xf2, 0x8, 0xfc,
    0x10, 0x0, 0x4e, 0xe4, 0x0, 0x0, 0xbf, 0x90,

    /* U+2032 "′" */
    0x3f, 0xfa, 0x5f, 0xf7, 0x6f, 0xf3, 0x8f, 0xf0,
    0x9f, 0xc0, 0xbf, 0x90, 0x11, 0x0,

    /* U+2033 "″" */
    0x3f, 0xfa, 0x0, 0x3f, 0xfa, 0x5f, 0xf7, 0x0,
    0x5f, 0xf7, 0x6f, 0xf3, 0x0, 0x6f, 0xf3, 0x8f,
    0xf0, 0x0, 0x7f, 0xf0, 0x9f, 0xc0, 0x0, 0x9f,
    0xc0, 0xbf, 0x90, 0x0, 0xaf, 0x90, 0x11, 0x0,
    0x0, 0x11, 0x0,

    /* U+2039 "‹" */
    0x0, 0x0, 0x3f, 0xff, 0x40, 0x0, 0x1e, 0xff,
    0x60, 0x0, 0xd, 0xff, 0x90, 0x0, 0xb, 0xff,
    0xb0, 0x0, 0x9, 0xff, 0xd0, 0x0, 0x0, 0x9f,
    0xfd, 0x0, 0x0, 0x0, 0xbf, 0xfb, 0x0, 0x0,
    0x0, 0xdf, 0xf9, 0x0, 0x0, 0x1, 0xef, 0xf6,
    0x0, 0x0, 0x3, 0xff, 0xf4,

    /* U+203A "›" */
    0xb, 0xff, 0xa0, 0x0, 0x0, 0x1d, 0xff, 0x80,
    0x0, 0x0, 0x2e, 0xff, 0x60, 0x0, 0x0, 0x4f,
    0xff, 0x40, 0x0, 0x0, 0x6f, 0xfe, 0x20, 0x0,
    0x6, 0xff, 0xe2, 0x0, 0x4, 0xff, 0xf4, 0x0,
    0x2, 0xef, 0xf6, 0x0, 0x1, 0xdf, 0xf8, 0x0,
    0x0, 0xbf, 0xfa, 0x0, 0x0
};


/*---------------------
 *  GLYPH DESCRIPTION
 *--------------------*/

static const lv_font_fmt_txt_glyph_dsc_t glyph_dsc[] = {
    {.bitmap_index = 0, .adv_w = 0, .box_w = 0, .box_h = 0, .ofs_x = 0, .ofs_y = 0} /* id = 0 reserved */,
    {.bitmap_index = 0, .adv_w = 83, .box_w = 0, .box_h = 0, .ofs_x = 0, .ofs_y = 0},
    {.bitmap_index = 0, .adv_w = 119, .box_w = 5, .box_h = 16, .ofs_x = 1, .ofs_y = 0},
    {.bitmap_index = 40, .adv_w = 194, .box_w = 8, .box_h = 7, .ofs_x = 2, .ofs_y = 9},
    {.bitmap_index = 68, .adv_w = 228, .box_w = 15, .box_h = 16, .ofs_x = 0, .ofs_y = 0},
    {.bitmap_index = 188, .adv_w = 230, .box_w = 14, .box_h = 21, .ofs_x = 0, .ofs_y = -2},
    {.bitmap_index = 335, .adv_w = 358, .box_w = 19, .box_h = 16, .ofs_x = 2, .ofs_y = 0},
    {.bitmap_index = 487, .adv_w = 237, .box_w = 15, .box_h = 16, .ofs_x = 0, .ofs_y = 0},
    {.bitmap_index = 607, .adv_w = 119, .box_w = 4, .box_h = 7, .ofs_x = 2, .ofs_y = 9},
    {.bitmap_index = 621, .adv_w = 133, .box_w = 7, .box_h = 20, .ofs_x = 1, .ofs_y = -3},
    {.bitmap_index = 691, .adv_w = 133, .box_w = 7, .box_h = 20, .ofs_x = 0, .ofs_y = -3},
    {.bitmap_index = 761, .adv_w = 197, .box_w = 10, .box_h = 9, .ofs_x = 1, .ofs_y = 7},
    {.bitmap_index = 806, .adv_w = 239, .box_w = 12, .box_h = 11, .ofs_x = 1, .ofs_y = 1},
    {.bitmap_index = 872, .adv_w = 118, .box_w = 5, .box_h = 7, .ofs_x = 1, .ofs_y = -4},
    {.bitmap_index = 890, .adv_w = 165, .box_w = 8, .box_h = 3, .ofs_x = 1, .ofs_y = 5},
    {.bitmap_index = 902, .adv_w = 118, .box_w = 5, .box_h = 4, .ofs_x = 1, .ofs_y = 0},
    {.bitmap_index = 912, .adv_w = 137, .box_w = 9, .box_h = 19, .ofs_x = 0, .ofs_y = -2},
    {.bitmap_index = 998, .adv_w = 237, .box_w = 13, .box_h = 16, .ofs_x = 1, .ofs_y = 0},
    {.bitmap_index = 1102, .adv_w = 152, .box_w = 8, .box_h = 16, .ofs_x = 1, .ofs_y = 0},
    {.bitmap_index = 1166, .adv_w = 222, .box_w = 12, .box_h = 16, .ofs_x = 1, .ofs_y = 0},
    {.bitmap_index = 1262, .adv_w = 227, .box_w = 13, .box_h = 16, .ofs_x = 1, .ofs_y = 0},
    {.bitmap_index = 1366, .adv_w = 238, .box_w = 13, .box_h = 16, .ofs_x = 1, .ofs_y = 0},
    {.bitmap_index = 1470, .adv_w = 219, .box_w = 12, .box_h = 16, .ofs_x = 1, .ofs_y = 0},
    {.bitmap_index = 1566, .adv_w = 229, .box_w = 13, .box_h = 16, .ofs_x = 1, .ofs_y = 0},
    {.bitmap_index = 1670, .adv_w = 205, .box_w = 12, .box_h = 16, .ofs_x = 0, .ofs_y = 0},
    {.bitmap_index = 1766, .adv_w = 229, .box_w = 13, .box_h = 16, .ofs_x = 1, .ofs_y = 0},
    {.bitmap_index = 1870, .adv_w = 229, .box_w = 13, .box_h = 16, .ofs_x = 1, .ofs_y = 0},
    {.bitmap_index = 1974, .adv_w = 118, .box_w = 5, .box_h = 12, .ofs_x = 1, .ofs_y = 0},
    {.bitmap_index = 2004, .adv_w = 121, .box_w = 5, .box_h = 16, .ofs_x = 1, .ofs_y = -4},
    {.bitmap_index = 2044, .adv_w = 239, .box_w = 12, .box_h = 13, .ofs_x = 1, .ofs_y = 0},
    {.bitmap_index = 2122, .adv_w = 239, .box_w = 11, .box_h = 8, .ofs_x = 2, .ofs_y = 2},
    {.bitmap_index = 2166, .adv_w = 239, .box_w = 12, .box_h = 13, .ofs_x = 2, .ofs_y = 0},
    {.bitmap_index = 2244, .adv_w = 197, .box_w = 12, .box_h = 16, .ofs_x = 0, .ofs_y = 0},
    {.bitmap_index = 2340, .adv_w = 358, .box_w = 21, .box_h = 20, .ofs_x = 1, .ofs_y = -4},
    {.bitmap_index = 2550, .adv_w = 263, .box_w = 16, .box_h = 16, .ofs_x = 0, .ofs_y = 0},
    {.bitmap_index = 2678, .adv_w = 233, .box_w = 13, .box_h = 16, .ofs_x = 1, .ofs_y = 0},
    {.bitmap_index = 2782, .adv_w = 260, .box_w = 15, .box_h = 16, .ofs_x = 1, .ofs_y = 0},
    {.bitmap_index = 2902, .adv_w = 254, .box_w = 14, .box_h = 16, .ofs_x = 1, .ofs_y = 0},
    {.bitmap_index = 3014, .adv_w = 214, .box_w = 12, .box_h = 16, .ofs_x = 1, .ofs_y = 0},
    {.bitmap_index = 3110, .adv_w = 207, .box_w = 11, .box_h = 16, .ofs_x = 1, .ofs_y = 0},
    {.bitmap_index = 3198, .adv_w = 264, .box_w = 15, .box_h = 16, .ofs_x = 1, .ofs_y = 0},
    {.bitmap_index = 3318, .adv_w = 263, .box_w = 14, .box_h = 16, .ofs_x = 1, .ofs_y = 0},
    {.bitmap_index = 3430, .adv_w = 99, .box_w = 4, .box_h = 16, .ofs_x = 1, .ofs_y = 0},
    {.bitmap_index = 3462, .adv_w = 206, .box_w = 12, .box_h = 16, .ofs_x = 0, .ofs_y = 0},
    {.bitmap_index = 3558, .adv_w = 253, .box_w = 15, .box_h = 16, .ofs_x = 1, .ofs_y = 0},
    {.bitmap_index = 3678, .adv_w = 199, .box_w = 11, .box_h = 16, .ofs_x = 1, .ofs_y = 0},
    {.bitmap_index = 3766, .adv_w = 328, .box_w = 19, .box_h = 16, .ofs_x = 1, .ofs_y = 0},
    {.bitmap_index = 3918, .adv_w = 268, .box_w = 15, .box_h = 16, .ofs_x = 1, .ofs_y = 0},
    {.bitmap_index = 4038, .adv_w = 271, .box_w = 15, .box_h = 16, .ofs_x = 1, .ofs_y = 0},
    {.bitmap_index = 4158, .adv_w = 228, .box_w = 13, .box_h = 16, .ofs_x = 1, .ofs_y = 0},
    {.bitmap_index = 4262, .adv_w = 273, .box_w = 15, .box_h = 17, .ofs_x = 1, .ofs_y = -1},
    {.bitmap_index = 4390, .adv_w = 231, .box_w = 13, .box_h = 16, .ofs_x = 1, .ofs_y = 0},
    {.bitmap_index = 4494, .adv_w = 230, .box_w = 14, .box_h = 16, .ofs_x = 0, .ofs_y = 0},
    {.bitmap_index = 4606, .adv_w = 235, .box_w = 14, .box_h = 16, .ofs_x = 0, .ofs_y = 0},
    {.bitmap_index = 4718, .adv_w = 258, .box_w = 14, .box_h = 16, .ofs_x = 1, .ofs_y = 0},
    {.bitmap_index = 4830, .adv_w = 263, .box_w = 16, .box_h = 16, .ofs_x = 0, .ofs_y = 0},
    {.bitmap_index = 4958, .adv_w = 365, .box_w = 23, .box_h = 16, .ofs_x = 0, .ofs_y = 0},
    {.bitmap_index = 5142, .adv_w = 260, .box_w = 16, .box_h = 16, .ofs_x = 0, .ofs_y = 0},
    {.bitmap_index = 5270, .adv_w = 257, .box_w = 16, .box_h = 16, .ofs_x = 0, .ofs_y = 0},
    {.bitmap_index = 5398, .adv_w = 234, .box_w = 13, .box_h = 16, .ofs_x = 1, .ofs_y = 0},
    {.bitmap_index = 5502, .adv_w = 133, .box_w = 7, .box_h = 20, .ofs_x = 1, .ofs_y = -3},
    {.bitmap_index = 5572, .adv_w = 137, .box_w = 9, .box_h = 19, .ofs_x = 0, .ofs_y = -2},
    {.bitmap_index = 5658, .adv_w = 133, .box_w = 6, .box_h = 20, .ofs_x = 1, .ofs_y = -3},
    {.bitmap_index = 5718, .adv_w = 171, .box_w = 10, .box_h = 7, .ofs_x = 0, .ofs_y = 9},
    {.bitmap_index = 5753, .adv_w = 168, .box_w = 11, .box_h = 3, .ofs_x = 0, .ofs_y = -2},
    {.bitmap_index = 5770, .adv_w = 129, .box_w = 6, .box_h = 4, .ofs_x = 1, .ofs_y = 13},
    {.bitmap_index = 5782, .adv_w = 204, .box_w = 12, .box_h = 12, .ofs_x = 0, .ofs_y = 0},
    {.bitmap_index = 5854, .adv_w = 222, .box_w = 12, .box_h = 16, .ofs_x = 1, .ofs_y = 0},
    {.bitmap_index = 5950, .adv_w = 207, .box_w = 13, .box_h = 12, .ofs_x = 0, .ofs_y = 0},
    {.bitmap_index = 6028, .adv_w = 222, .box_w = 13, .box_h = 16, .ofs_x = 0, .ofs_y = 0},
    {.bitmap_index = 6132, .adv_w = 210, .box_w = 13, .box_h = 12, .ofs_x = 0, .ofs_y = 0},
    {.bitmap_index = 6210, .adv_w = 140, .box_w = 9, .box_h = 17, .ofs_x = 0, .ofs_y = 0},
    {.bitmap_index = 6287, .adv_w = 222, .box_w = 13, .box_h = 16, .ofs_x = 0, .ofs_y = -4},
    {.bitmap_index = 6391, .adv_w = 219, .box_w = 12, .box_h = 16, .ofs_x = 1, .ofs_y = 0},
    {.bitmap_index = 6487, .adv_w = 95, .box_w = 4, .box_h = 17, .ofs_x = 1, .ofs_y = 0},
    {.bitmap_index = 6521, .adv_w = 95, .box_w = 6, .box_h = 21, .ofs_x = -1, .ofs_y = -4},
    {.bitmap_index = 6584, .adv_w = 204, .box_w = 12, .box_h = 16, .ofs_x = 1, .ofs_y = 0},
    {.bitmap_index = 6680, .adv_w = 95, .box_w = 4, .box_h = 16, .ofs_x = 1, .ofs_y = 0},
    {.bitmap_index = 6712, .adv_w = 321, .box_w = 18, .box_h = 12, .ofs_x = 1, .ofs_y = 0},
    {.bitmap_index = 6820, .adv_w = 219, .box_w = 12, .box_h = 12, .ofs_x = 1, .ofs_y = 0},
    {.bitmap_index = 6892, .adv_w = 216, .box_w = 13, .box_h = 12, .ofs_x = 0, .ofs_y = 0},
    {.bitmap_index = 6970, .adv_w = 222, .box_w = 12, .box_h = 16, .ofs_x = 1, .ofs_y = -4},
    {.bitmap_index = 7066, .adv_w = 222, .box_w = 13, .box_h = 16, .ofs_x = 0, .ofs_y = -4},
    {.bitmap_index = 7170, .adv_w = 143, .box_w = 8, .box_h = 13, .ofs_x = 1, .ofs_y = 0},
    {.bitmap_index = 7222, .adv_w = 197, .box_w = 12, .box_h = 12, .ofs_x = 0, .ofs_y = 0},
    {.bitmap_index = 7294, .adv_w = 129, .box_w = 8, .box_h = 15, .ofs_x = 0, .ofs_y = 0},
    {.bitmap_index = 7354, .adv_w = 219, .box_w = 12, .box_h = 12, .ofs_x = 1, .ofs_y = 0},
    {.bitmap_index = 7426, .adv_w = 211, .box_w = 13, .box_h = 12, .ofs_x = 0, .ofs_y = 0},
    {.bitmap_index = 7504, .adv_w = 299, .box_w = 19, .box_h = 12, .ofs_x = 0, .ofs_y = 0},
    {.bitmap_index = 7618, .adv_w = 204, .box_w = 13, .box_h = 12, .ofs_x = 0, .ofs_y = 0},
    {.bitmap_index = 7696, .adv_w = 212, .box_w = 13, .box_h = 16, .ofs_x = 0, .ofs_y = -4},
    {.bitmap_index = 7800, .adv_w = 202, .box_w = 11, .box_h = 12, .ofs_x = 1, .ofs_y = 0},
    {.bitmap_index = 7866, .adv_w = 165, .box_w = 9, .box_h = 20, .ofs_x = 1, .ofs_y = -3},
    {.bitmap_index = 7956, .adv_w = 131, .box_w = 4, .box_h = 26, .ofs_x = 2, .ofs_y = -5},
    {.bitmap_index = 8008, .adv_w = 165, .box_w = 8, .box_h = 20, .ofs_x = 1, .ofs_y = -3},
    {.bitmap_index = 8088, .adv_w = 239, .box_w = 13, .box_h = 5, .ofs_x = 1, .ofs_y = 4},
    {.bitmap_index = 8121, .adv_w = 83, .box_w = 0, .box_h = 0, .ofs_x = 0, .ofs_y = 0},
    {.bitmap_index = 8121, .adv_w = 119, .box_w = 5, .box_h = 16, .ofs_x = 1, .ofs_y = -4},
    {.bitmap_index = 8161, .adv_w = 207, .box_w = 13, .box_h = 16, .ofs_x = 0, .ofs_y = 0},
    {.bitmap_index = 8265, .adv_w = 225, .box_w = 13, .box_h = 16, .ofs_x = 1, .ofs_y = 0},
    {.bitmap_index = 8369, .adv_w = 268, .box_w = 15, .box_h = 15, .ofs_x = 1, .ofs_y = -1},
    {.bitmap_index = 8482, .adv_w = 201, .box_w = 13, .box_h = 16, .ofs_x = 0, .ofs_y = 0},
    {.bitmap_index = 8586, .adv_w = 119, .box_w = 4, .box_h = 19, .ofs_x = 2, .ofs_y = -3},
    {.bitmap_index = 8624, .adv_w = 200, .box_w = 11, .box_h = 19, .ofs_x = 1, .ofs_y = -3},
    {.bitmap_index = 8729, .adv_w = 219, .box_w = 9, .box_h = 4, .ofs_x = 2, .ofs_y = 13},
    {.bitmap_index = 8747, .adv_w = 322, .box_w = 18, .box_h = 17, .ofs_x = 1, .ofs_y = 0},
    {.bitmap_index = 8900, .adv_w = 163, .box_w = 10, .box_h = 9, .ofs_x = 0, .ofs_y = 7},
    {.bitmap_index = 8945, .adv_w = 232, .box_w = 14, .box_h = 10, .ofs_x = 0, .ofs_y = 2},
    {.bitmap_index = 9015, .adv_w = 239, .box_w = 11, .box_h = 6, .ofs_x = 2, .ofs_y = 3},
    {.bitmap_index = 9048, .adv_w = 233, .box_w = 13, .box_h = 13, .ofs_x = 1, .ofs_y = 4},
    {.bitmap_index = 9133, .adv_w = 155, .box_w = 7, .box_h = 3, .ofs_x = 1, .ofs_y = 14},
    {.bitmap_index = 9144, .adv_w = 162, .box_w = 8, .box_h = 8, .ofs_x = 1, .ofs_y = 8},
    {.bitmap_index = 9176, .adv_w = 239, .box_w = 12, .box_h = 12, .ofs_x = 1, .ofs_y = 0},
    {.bitmap_index = 9248, .adv_w = 162, .box_w = 9, .box_h = 9, .ofs_x = 1, .ofs_y = 10},
    {.bitmap_index = 9289, .adv_w = 166, .box_w = 9, .box_h = 9, .ofs_x = 1, .ofs_y = 10},
    {.bitmap_index = 9330, .adv_w = 129, .box_w = 6, .box_h = 4, .ofs_x = 1, .ofs_y = 13},
    {.bitmap_index = 9342, .adv_w = 221, .box_w = 13, .box_h = 16, .ofs_x = 1, .ofs_y = -4},
    {.bitmap_index = 9446, .adv_w = 211, .box_w = 12, .box_h = 16, .ofs_x = 0, .ofs_y = 0},
    {.bitmap_index = 9542, .adv_w = 118, .box_w = 5, .box_h = 4, .ofs_x = 1, .ofs_y = 6},
    {.bitmap_index = 9552, .adv_w = 128, .box_w = 5, .box_h = 6, .ofs_x = 2, .ofs_y = -5},
    {.bitmap_index = 9567, .adv_w = 117, .box_w = 6, .box_h = 9, .ofs_x = 1, .ofs_y = 10},
    {.bitmap_index = 9594, .adv_w = 172, .box_w = 11, .box_h = 9, .ofs_x = 0, .ofs_y = 7},
    {.bitmap_index = 9644, .adv_w = 232, .box_w = 14, .box_h = 10, .ofs_x = 0, .ofs_y = 2},
    {.bitmap_index = 9714, .adv_w = 298, .box_w = 18, .box_h = 16, .ofs_x = 0, .ofs_y = 0},
    {.bitmap_index = 9858, .adv_w = 310, .box_w = 19, .box_h = 16, .ofs_x = 0, .ofs_y = 0},
    {.bitmap_index = 10010, .adv_w = 324, .box_w = 20, .box_h = 16, .ofs_x = 0, .ofs_y = 0},
    {.bitmap_index = 10170, .adv_w = 197, .box_w = 11, .box_h = 16, .ofs_x = 1, .ofs_y = -4},
    {.bitmap_index = 10258, .adv_w = 263, .box_w = 16, .box_h = 21, .ofs_x = 0, .ofs_y = 0},
    {.bitmap_index = 10426, .adv_w = 263, .box_w = 16, .box_h = 21, .ofs_x = 0, .ofs_y = 0},
    {.bitmap_index = 10594, .adv_w = 263, .box_w = 16, .box_h = 21, .ofs_x = 0, .ofs_y = 0},
    {.bitmap_index = 10762, .adv_w = 263, .box_w = 16, .box_h = 21, .ofs_x = 0, .ofs_y = 0},
    {.bitmap_index = 10930, .adv_w = 263, .box_w = 16, .box_h = 21, .ofs_x = 0, .ofs_y = 0},
    {.bitmap_index = 11098, .adv_w = 263, .box_w = 16, .box_h = 22, .ofs_x = 0, .ofs_y = 0},
    {.bitmap_index = 11274, .adv_w = 360, .box_w = 22, .box_h = 16, .ofs_x = 0, .ofs_y = 0},
    {.bitmap_index = 11450, .adv_w = 260, .box_w = 15, .box_h = 20, .ofs_x = 1, .ofs_y = -4},
    {.bitmap_index = 11600, .adv_w = 214, .box_w = 12, .box_h = 21, .ofs_x = 1, .ofs_y = 0},
    {.bitmap_index = 11726, .adv_w = 214, .box_w = 12, .box_h = 21, .ofs_x = 1, .ofs_y = 0},
    {.bitmap_index = 11852, .adv_w = 214, .box_w = 12, .box_h = 21, .ofs_x = 1, .ofs_y = 0},
    {.bitmap_index = 11978, .adv_w = 214, .box_w = 12, .box_h = 21, .ofs_x = 1, .ofs_y = 0},
    {.bitmap_index = 12104, .adv_w = 99, .box_w = 6, .box_h = 21, .ofs_x = -1, .ofs_y = 0},
    {.bitmap_index = 12167, .adv_w = 99, .box_w = 6, .box_h = 21, .ofs_x = 1, .ofs_y = 0},
    {.bitmap_index = 12230, .adv_w = 99, .box_w = 10, .box_h = 21, .ofs_x = -2, .ofs_y = 0},
    {.bitmap_index = 12335, .adv_w = 99, .box_w = 9, .box_h = 21, .ofs_x = -1, .ofs_y = 0},
    {.bitmap_index = 12430, .adv_w = 267, .box_w = 16, .box_h = 16, .ofs_x = 0, .ofs_y = 0},
    {.bitmap_index = 12558, .adv_w = 268, .box_w = 15, .box_h = 21, .ofs_x = 1, .ofs_y = 0},
    {.bitmap_index = 12716, .adv_w = 271, .box_w = 15, .box_h = 21, .ofs_x = 1, .ofs_y = 0},
    {.bitmap_index = 12874, .adv_w = 271, .box_w = 15, .box_h = 21, .ofs_x = 1, .ofs_y = 0},
    {.bitmap_index = 13032, .adv_w = 271, .box_w = 15, .box_h = 21, .ofs_x = 1, .ofs_y = 0},
    {.bitmap_index = 13190, .adv_w = 271, .box_w = 15, .box_h = 21, .ofs_x = 1, .ofs_y = 0},
    {.bitmap_index = 13348, .adv_w = 271, .box_w = 15, .box_h = 21, .ofs_x = 1, .ofs_y = 0},
    {.bitmap_index = 13506, .adv_w = 239, .box_w = 13, .box_h = 12, .ofs_x = 1, .ofs_y = 0},
    {.bitmap_index = 13584, .adv_w = 271, .box_w = 15, .box_h = 18, .ofs_x = 1, .ofs_y = -1},
    {.bitmap_index = 13719, .adv_w = 258, .box_w = 14, .box_h = 21, .ofs_x = 1, .ofs_y = 0},
    {.bitmap_index = 13866, .adv_w = 258, .box_w = 14, .box_h = 21, .ofs_x = 1, .ofs_y = 0},
    {.bitmap_index = 14013, .adv_w = 258, .box_w = 14, .box_h = 21, .ofs_x = 1, .ofs_y = 0},
    {.bitmap_index = 14160, .adv_w = 258, .box_w = 14, .box_h = 21, .ofs_x = 1, .ofs_y = 0},
    {.bitmap_index = 14307, .adv_w = 257, .box_w = 16, .box_h = 21, .ofs_x = 0, .ofs_y = 0},
    {.bitmap_index = 14475, .adv_w = 235, .box_w = 13, .box_h = 16, .ofs_x = 1, .ofs_y = 0},
    {.bitmap_index = 14579, .adv_w = 231, .box_w = 13, .box_h = 16, .ofs_x = 1, .ofs_y = 0},
    {.bitmap_index = 14683, .adv_w = 204, .box_w = 12, .box_h = 17, .ofs_x = 0, .ofs_y = 0},
    {.bitmap_index = 14785, .adv_w = 204, .box_w = 12, .box_h = 17, .ofs_x = 0, .ofs_y = 0},
    {.bitmap_index = 14887, .adv_w = 204, .box_w = 12, .box_h = 17, .ofs_x = 0, .ofs_y = 0},
    {.bitmap_index = 14989, .adv_w = 204, .box_w = 12, .box_h = 16, .ofs_x = 0, .ofs_y = 0},
    {.bitmap_index = 15085, .adv_w = 204, .box_w = 12, .box_h = 17, .ofs_x = 0, .ofs_y = 0},
    {.bitmap_index = 15187, .adv_w = 204, .box_w = 12, .box_h = 19, .ofs_x = 0, .ofs_y = 0},
    {.bitmap_index = 15301, .adv_w = 320, .box_w = 20, .box_h = 12, .ofs_x = 0, .ofs_y = 0},
    {.bitmap_index = 15421, .adv_w = 207, .box_w = 13, .box_h = 16, .ofs_x = 0, .ofs_y = -4},
    {.bitmap_index = 15525, .adv_w = 210, .box_w = 13, .box_h = 17, .ofs_x = 0, .ofs_y = 0},
    {.bitmap_index = 15636, .adv_w = 210, .box_w = 13, .box_h = 17, .ofs_x = 0, .ofs_y = 0},
    {.bitmap_index = 15747, .adv_w = 210, .box_w = 13, .box_h = 17, .ofs_x = 0, .ofs_y = 0},
    {.bitmap_index = 15858, .adv_w = 210, .box_w = 13, .box_h = 17, .ofs_x = 0, .ofs_y = 0},
    {.bitmap_index = 15969, .adv_w = 95, .box_w = 6, .box_h = 17, .ofs_x = -1, .ofs_y = 0},
    {.bitmap_index = 16020, .adv_w = 95, .box_w = 6, .box_h = 17, .ofs_x = 1, .ofs_y = 0},
    {.bitmap_index = 16071, .adv_w = 95, .box_w = 10, .box_h = 17, .ofs_x = -2, .ofs_y = 0},
    {.bitmap_index = 16156, .adv_w = 95, .box_w = 9, .box_h = 17, .ofs_x = -2, .ofs_y = 0},
    {.bitmap_index = 16233, .adv_w = 211, .box_w = 13, .box_h = 17, .ofs_x = 0, .ofs_y = 0},
    {.bitmap_index = 16344, .adv_w = 219, .box_w = 12, .box_h = 16, .ofs_x = 1, .ofs_y = 0},
    {.bitmap_index = 16440, .adv_w = 216, .box_w = 13, .box_h = 17, .ofs_x = 0, .ofs_y = 0},
    {.bitmap_index = 16551, .adv_w = 216, .box_w = 13, .box_h = 17, .ofs_x = 0, .ofs_y = 0},
    {.bitmap_index = 16662, .adv_w = 216, .box_w = 13, .box_h = 17, .ofs_x = 0, .ofs_y = 0},
    {.bitmap_index = 16773, .adv_w = 216, .box_w = 13, .box_h = 16, .ofs_x = 0, .ofs_y = 0},
    {.bitmap_index = 16877, .adv_w = 216, .box_w = 13, .box_h = 17, .ofs_x = 0, .ofs_y = 0},
    {.bitmap_index = 16988, .adv_w = 239, .box_w = 11, .box_h = 12, .ofs_x = 2, .ofs_y = 0},
    {.bitmap_index = 17054, .adv_w = 216, .box_w = 13, .box_h = 14, .ofs_x = 0, .ofs_y = -1},
    {.bitmap_index = 17145, .adv_w = 219, .box_w = 12, .box_h = 17, .ofs_x = 1, .ofs_y = 0},
    {.bitmap_index = 17247, .adv_w = 219, .box_w = 12, .box_h = 17, .ofs_x = 1, .ofs_y = 0},
    {.bitmap_index = 17349, .adv_w = 219, .box_w = 12, .box_h = 17, .ofs_x = 1, .ofs_y = 0},
    {.bitmap_index = 17451, .adv_w = 219, .box_w = 12, .box_h = 17, .ofs_x = 1, .ofs_y = 0},
    {.bitmap_index = 17553, .adv_w = 212, .box_w = 13, .box_h = 22, .ofs_x = 0, .ofs_y = -4},
    {.bitmap_index = 17696, .adv_w = 222, .box_w = 12, .box_h = 20, .ofs_x = 1, .ofs_y = -4},
    {.bitmap_index = 17816, .adv_w = 212, .box_w = 13, .box_h = 22, .ofs_x = 0, .ofs_y = -4},
    {.bitmap_index = 17959, .adv_w = 263, .box_w = 16, .box_h = 21, .ofs_x = 0, .ofs_y = 0},
    {.bitmap_index = 18127, .adv_w = 204, .box_w = 12, .box_h = 18, .ofs_x = 0, .ofs_y = -1},
    {.bitmap_index = 18235, .adv_w = 267, .box_w = 16, .box_h = 16, .ofs_x = 0, .ofs_y = 0},
    {.bitmap_index = 18363, .adv_w = 222, .box_w = 14, .box_h = 17, .ofs_x = 0, .ofs_y = -1},
    {.bitmap_index = 18482, .adv_w = 274, .box_w = 16, .box_h = 20, .ofs_x = 1, .ofs_y = -1},
    {.bitmap_index = 18642, .adv_w = 215, .box_w = 14, .box_h = 16, .ofs_x = 0, .ofs_y = -1},
    {.bitmap_index = 18754, .adv_w = 257, .box_w = 16, .box_h = 20, .ofs_x = 1, .ofs_y = -1},
    {.bitmap_index = 18914, .adv_w = 232, .box_w = 14, .box_h = 16, .ofs_x = 1, .ofs_y = -1},
    {.bitmap_index = 19026, .adv_w = 263, .box_w = 16, .box_h = 21, .ofs_x = 0, .ofs_y = -5},
    {.bitmap_index = 19194, .adv_w = 204, .box_w = 12, .box_h = 18, .ofs_x = 0, .ofs_y = -5},
    {.bitmap_index = 19302, .adv_w = 263, .box_w = 16, .box_h = 21, .ofs_x = 0, .ofs_y = 0},
    {.bitmap_index = 19470, .adv_w = 204, .box_w = 12, .box_h = 18, .ofs_x = 0, .ofs_y = -1},
    {.bitmap_index = 19578, .adv_w = 263, .box_w = 16, .box_h = 25, .ofs_x = 0, .ofs_y = 0},
    {.bitmap_index = 19778, .adv_w = 204, .box_w = 12, .box_h = 22, .ofs_x = 0, .ofs_y = -1},
    {.bitmap_index = 19910, .adv_w = 263, .box_w = 16, .box_h = 25, .ofs_x = 0, .ofs_y = 0},
    {.bitmap_index = 20110, .adv_w = 204, .box_w = 12, .box_h = 22, .ofs_x = 0, .ofs_y = -1},
    {.bitmap_index = 20242, .adv_w = 263, .box_w = 16, .box_h = 25, .ofs_x = 0, .ofs_y = 0},
    {.bitmap_index = 20442, .adv_w = 204, .box_w = 12, .box_h = 22, .ofs_x = 0, .ofs_y = -1},
    {.bitmap_index = 20574, .adv_w = 263, .box_w = 16, .box_h = 25, .ofs_x = 0, .ofs_y = 0},
    {.bitmap_index = 20774, .adv_w = 204, .box_w = 12, .box_h = 22, .ofs_x = 0, .ofs_y = -1},
    {.bitmap_index = 20906, .adv_w = 263, .box_w = 16, .box_h = 26, .ofs_x = 0, .ofs_y = -5},
    {.bitmap_index = 21114, .adv_w = 204, .box_w = 12, .box_h = 22, .ofs_x = 0, .ofs_y = -5},
    {.bitmap_index = 21246, .adv_w = 263, .box_w = 16, .box_h = 25, .ofs_x = 0, .ofs_y = 0},
    {.bitmap_index = 21446, .adv_w = 204, .box_w = 12, .box_h = 22, .ofs_x = 0, .ofs_y = -1},
    {.bitmap_index = 21578, .adv_w = 263, .box_w = 16, .box_h = 25, .ofs_x = 0, .ofs_y = 0},
    {.bitmap_index = 21778, .adv_w = 204, .box_w = 12, .box_h = 22, .ofs_x = 0, .ofs_y = -1},
    {.bitmap_index = 21910, .adv_w = 263, .box_w = 16, .box_h = 25, .ofs_x = 0, .ofs_y = 0},
    {.bitmap_index = 22110, .adv_w = 204, .box_w = 12, .box_h = 22, .ofs_x = 0, .ofs_y = -1},
    {.bitmap_index = 22242, .adv_w = 263, .box_w = 16, .box_h = 25, .ofs_x = 0, .ofs_y = 0},
    {.bitmap_index = 22442, .adv_w = 204, .box_w = 12, .box_h = 22, .ofs_x = 0, .ofs_y = -1},
    {.bitmap_index = 22574, .adv_w = 263, .box_w = 16, .box_h = 26, .ofs_x = 0, .ofs_y = -5},
    {.bitmap_index = 22782, .adv_w = 204, .box_w = 12, .box_h = 22, .ofs_x = 0, .ofs_y = -5},
    {.bitmap_index = 22914, .adv_w = 214, .box_w = 12, .box_h = 21, .ofs_x = 1, .ofs_y = -5},
    {.bitmap_index = 23040, .adv_w = 210, .box_w = 13, .box_h = 18, .ofs_x = 0, .ofs_y = -5},
    {.bitmap_index = 23157, .adv_w = 214, .box_w = 12, .box_h = 21, .ofs_x = 1, .ofs_y = 0},
    {.bitmap_index = 23283, .adv_w = 210, .box_w = 13, .box_h = 18, .ofs_x = 0, .ofs_y = -1},
    {.bitmap_index = 23400, .adv_w = 214, .box_w = 12, .box_h = 21, .ofs_x = 1, .ofs_y = 0},
    {.bitmap_index = 23526, .adv_w = 210, .box_w = 13, .box_h = 18, .ofs_x = 0, .ofs_y = -1},
    {.bitmap_index = 23643, .adv_w = 214, .box_w = 12, .box_h = 25, .ofs_x = 1, .ofs_y = 0},
    {.bitmap_index = 23793, .adv_w = 210, .box_w = 13, .box_h = 22, .ofs_x = 0, .ofs_y = -1},
    {.bitmap_index = 23936, .adv_w = 214, .box_w = 12, .box_h = 25, .ofs_x = 1, .ofs_y = 0},
    {.bitmap_index = 24086, .adv_w = 210, .box_w = 13, .box_h = 22, .ofs_x = 0, .ofs_y = -1},
    {.bitmap_index = 24229, .adv_w = 214, .box_w = 12, .box_h = 25, .ofs_x = 1, .ofs_y = 0},
    {.bitmap_index = 24379, .adv_w = 210, .box_w = 13, .box_h = 22, .ofs_x = 0, .ofs_y = -1},
    {.bitmap_index = 24522, .adv_w = 214, .box_w = 12, .box_h = 25, .ofs_x = 1, .ofs_y = 0},
    {.bitmap_index = 24672, .adv_w = 210, .box_w = 13, .box_h = 22, .ofs_x = 0, .ofs_y = -1},
    {.bitmap_index = 24815, .adv_w = 214, .box_w = 12, .box_h = 26, .ofs_x = 1, .ofs_y = -5},
    {.bitmap_index = 24971, .adv_w = 210, .box_w = 13, .box_h = 22, .ofs_x = 0, .ofs_y = -5},
    {.bitmap_index = 25114, .adv_w = 99, .box_w = 5, .box_h = 21, .ofs_x = 1, .ofs_y = 0},
    {.bitmap_index = 25167, .adv_w = 95, .box_w = 5, .box_h = 17, .ofs_x = 0, .ofs_y = 0},
    {.bitmap_index = 25210, .adv_w = 99, .box_w = 4, .box_h = 21, .ofs_x = 1, .ofs_y = -5},
    {.bitmap_index = 25252, .adv_w = 95, .box_w = 4, .box_h = 22, .ofs_x = 1, .ofs_y = -5},
    {.bitmap_index = 25296, .adv_w = 271, .box_w = 15, .box_h = 22, .ofs_x = 1, .ofs_y = -5},
    {.bitmap_index = 25461, .adv_w = 216, .box_w = 13, .box_h = 18, .ofs_x = 0, .ofs_y = -5},
    {.bitmap_index = 25578, .adv_w = 271, .box_w = 15, .box_h = 22, .ofs_x = 1, .ofs_y = -1},
    {.bitmap_index = 25743, .adv_w = 216, .box_w = 13, .box_h = 18, .ofs_x = 0, .ofs_y = -1},
    {.bitmap_index = 25860, .adv_w = 271, .box_w = 15, .box_h = 26, .ofs_x = 1, .ofs_y = -1},
    {.bitmap_index = 26055, .adv_w = 216, .box_w = 13, .box_h = 22, .ofs_x = 0, .ofs_y = -1},
    {.bitmap_index = 26198, .adv_w = 271, .box_w = 15, .box_h = 26, .ofs_x = 1, .ofs_y = -1},
    {.bitmap_index = 26393, .adv_w = 216, .box_w = 13, .box_h = 22, .ofs_x = 0, .ofs_y = -1},
    {.bitmap_index = 26536, .adv_w = 271, .box_w = 15, .box_h = 26, .ofs_x = 1, .ofs_y = -1},
    {.bitmap_index = 26731, .adv_w = 216, .box_w = 13, .box_h = 22, .ofs_x = 0, .ofs_y = -1},
    {.bitmap_index = 26874, .adv_w = 271, .box_w = 15, .box_h = 26, .ofs_x = 1, .ofs_y = -1},
    {.bitmap_index = 27069, .adv_w = 216, .box_w = 13, .box_h = 22, .ofs_x = 0, .ofs_y = -1},
    {.bitmap_index = 27212, .adv_w = 271, .box_w = 15, .box_h = 26, .ofs_x = 1, .ofs_y = -5},
    {.bitmap_index = 27407, .adv_w = 216, .box_w = 13, .box_h = 22, .ofs_x = 0, .ofs_y = -5},
    {.bitmap_index = 27550, .adv_w = 274, .box_w = 16, .box_h = 22, .ofs_x = 1, .ofs_y = -1},
    {.bitmap_index = 27726, .adv_w = 215, .box_w = 14, .box_h = 18, .ofs_x = 0, .ofs_y = -1},
    {.bitmap_index = 27852, .adv_w = 274, .box_w = 16, .box_h = 22, .ofs_x = 1, .ofs_y = -1},
    {.bitmap_index = 28028, .adv_w = 215, .box_w = 14, .box_h = 18, .ofs_x = 0, .ofs_y = -1},
    {.bitmap_index = 28154, .adv_w = 274, .box_w = 16, .box_h = 22, .ofs_x = 1, .ofs_y = -1},
    {.bitmap_index = 28330, .adv_w = 215, .box_w = 14, .box_h = 18, .ofs_x = 0, .ofs_y = -1},
    {.bitmap_index = 28456, .adv_w = 274, .box_w = 16, .box_h = 22, .ofs_x = 1, .ofs_y = -1},
    {.bitmap_index = 28632, .adv_w = 215, .box_w = 14, .box_h = 18, .ofs_x = 0, .ofs_y = -1},
    {.bitmap_index = 28758, .adv_w = 274, .box_w = 16, .box_h = 24, .ofs_x = 1, .ofs_y = -5},
    {.bitmap_index = 28950, .adv_w = 215, .box_w = 14, .box_h = 20, .ofs_x = 0, .ofs_y = -5},
    {.bitmap_index = 29090, .adv_w = 258, .box_w = 14, .box_h = 21, .ofs_x = 1, .ofs_y = -5},
    {.bitmap_index = 29237, .adv_w = 219, .box_w = 12, .box_h = 18, .ofs_x = 1, .ofs_y = -5},
    {.bitmap_index = 29345, .adv_w = 258, .box_w = 14, .box_h = 22, .ofs_x = 1, .ofs_y = -1},
    {.bitmap_index = 29499, .adv_w = 219, .box_w = 12, .box_h = 18, .ofs_x = 1, .ofs_y = -1},
    {.bitmap_index = 29607, .adv_w = 257, .box_w = 16, .box_h = 22, .ofs_x = 1, .ofs_y = -1},
    {.bitmap_index = 29783, .adv_w = 232, .box_w = 14, .box_h = 18, .ofs_x = 1, .ofs_y = -1},
    {.bitmap_index = 29909, .adv_w = 257, .box_w = 16, .box_h = 22, .ofs_x = 1, .ofs_y = -1},
    {.bitmap_index = 30085, .adv_w = 232, .box_w = 14, .box_h = 18, .ofs_x = 1, .ofs_y = -1},
    {.bitmap_index = 30211, .adv_w = 257, .box_w = 16, .box_h = 22, .ofs_x = 1, .ofs_y = -1},
    {.bitmap_index = 30387, .adv_w = 232, .box_w = 14, .box_h = 18, .ofs_x = 1, .ofs_y = -1},
    {.bitmap_index = 30513, .adv_w = 257, .box_w = 16, .box_h = 22, .ofs_x = 1, .ofs_y = -1},
    {.bitmap_index = 30689, .adv_w = 232, .box_w = 14, .box_h = 18, .ofs_x = 1, .ofs_y = -1},
    {.bitmap_index = 30815, .adv_w = 257, .box_w = 16, .box_h = 24, .ofs_x = 1, .ofs_y = -5},
    {.bitmap_index = 31007, .adv_w = 232, .box_w = 14, .box_h = 20, .ofs_x = 1, .ofs_y = -5},
    {.bitmap_index = 31147, .adv_w = 257, .box_w = 16, .box_h = 21, .ofs_x = 0, .ofs_y = 0},
    {.bitmap_index = 31315, .adv_w = 212, .box_w = 13, .box_h = 22, .ofs_x = 0, .ofs_y = -5},
    {.bitmap_index = 31458, .adv_w = 257, .box_w = 16, .box_h = 21, .ofs_x = 0, .ofs_y = -5},
    {.bitmap_index = 31626, .adv_w = 212, .box_w = 13, .box_h = 18, .ofs_x = 0, .ofs_y = -5},
    {.bitmap_index = 31743, .adv_w = 257, .box_w = 16, .box_h = 21, .ofs_x = 0, .ofs_y = 0},
    {.bitmap_index = 31911, .adv_w = 212, .box_w = 13, .box_h = 22, .ofs_x = 0, .ofs_y = -5},
    {.bitmap_index = 32054, .adv_w = 257, .box_w = 16, .box_h = 21, .ofs_x = 0, .ofs_y = 0},
    {.bitmap_index = 32222, .adv_w = 212, .box_w = 13, .box_h = 22, .ofs_x = 0, .ofs_y = -5},
    {.bitmap_index = 32365, .adv_w = 176, .box_w = 11, .box_h = 3, .ofs_x = 0, .ofs_y = 5},
    {.bitmap_index = 32382, .adv_w = 352, .box_w = 22, .box_h = 3, .ofs_x = 0, .ofs_y = 5},
    {.bitmap_index = 32415, .adv_w = 109, .box_w = 5, .box_h = 7, .ofs_x = 1, .ofs_y = 9},
    {.bitmap_index = 32433, .adv_w = 109, .box_w = 5, .box_h = 7, .ofs_x = 1, .ofs_y = 9},
    {.bitmap_index = 32451, .adv_w = 102, .box_w = 5, .box_h = 7, .ofs_x = 1, .ofs_y = -4},
    {.bitmap_index = 32469, .adv_w = 190, .box_w = 10, .box_h = 7, .ofs_x = 1, .ofs_y = 9},
    {.bitmap_index = 32504, .adv_w = 187, .box_w = 10, .box_h = 7, .ofs_x = 1, .ofs_y = 9},
    {.bitmap_index = 32539, .adv_w = 179, .box_w = 10, .box_h = 7, .ofs_x = 1, .ofs_y = -4},
    {.bitmap_index = 32574, .adv_w = 167, .box_w = 8, .box_h = 7, .ofs_x = 1, .ofs_y = 3},
    {.bitmap_index = 32602, .adv_w = 353, .box_w = 20, .box_h = 4, .ofs_x = 1, .ofs_y = 0},
    {.bitmap_index = 32642, .adv_w = 97, .box_w = 4, .box_h = 7, .ofs_x = 1, .ofs_y = 9},
    {.bitmap_index = 32656, .adv_w = 193, .box_w = 10, .box_h = 7, .ofs_x = 1, .ofs_y = 9},
    {.bitmap_index = 32691, .adv_w = 152, .box_w = 9, .box_h = 10, .ofs_x = 0, .ofs_y = 2},
    {.bitmap_index = 32736, .adv_w = 152, .box_w = 9, .box_h = 10, .ofs_x = 0, .ofs_y = 2}
};

/*---------------------
 *  CHARACTER MAPPING
 *--------------------*/

static const uint16_t unicode_list_3[] = {
    0x0, 0x1, 0xe, 0xf, 0x9e, 0x9f, 0xad, 0xae
};

static const uint16_t unicode_list_5[] = {
    0x0, 0x1, 0x5, 0x6, 0x7, 0x9, 0xa, 0xb,
    0xf, 0x13, 0x1f, 0x20, 0x26, 0x27
};

/*Collect the unicode lists and glyph_id offsets*/
static const lv_font_fmt_txt_cmap_t cmaps[] =
{
    {
        .range_start = 32, .range_length = 95, .glyph_id_start = 1,
        .unicode_list = NULL, .glyph_id_ofs_list = NULL, .list_length = 0, .type = LV_FONT_FMT_TXT_CMAP_FORMAT0_TINY
    },
    {
        .range_start = 160, .range_length = 13, .glyph_id_start = 96,
        .unicode_list = NULL, .glyph_id_ofs_list = NULL, .list_length = 0, .type = LV_FONT_FMT_TXT_CMAP_FORMAT0_TINY
    },
    {
        .range_start = 174, .range_length = 82, .glyph_id_start = 109,
        .unicode_list = NULL, .glyph_id_ofs_list = NULL, .list_length = 0, .type = LV_FONT_FMT_TXT_CMAP_FORMAT0_TINY
    },
    {
        .range_start = 258, .range_length = 175, .glyph_id_start = 191,
        .unicode_list = unicode_list_3, .glyph_id_ofs_list = NULL, .list_length = 8, .type = LV_FONT_FMT_TXT_CMAP_SPARSE_TINY
    },
    {
        .range_start = 7840, .range_length = 90, .glyph_id_start = 199,
        .unicode_list = NULL, .glyph_id_ofs_list = NULL, .list_length = 0, .type = LV_FONT_FMT_TXT_CMAP_FORMAT0_TINY
    },
    {
        .range_start = 8211, .range_length = 40, .glyph_id_start = 289,
        .unicode_list = unicode_list_5, .glyph_id_ofs_list = NULL, .list_length = 14, .type = LV_FONT_FMT_TXT_CMAP_SPARSE_TINY
    }
};

/*-----------------
 *    KERNING
 *----------------*/


/*Map glyph_ids to kern left classes*/
static const uint8_t kern_left_class_mapping[] =
{
    0, 0, 0, 1, 0, 0, 2, 3,
    1, 4, 5, 6, 7, 8, 7, 8,
    9, 10, 11, 12, 13, 14, 15, 16,
    17, 13, 10, 18, 18, 0, 19, 20,
    0, 21, 0, 0, 0, 0, 0, 0,
    0, 0, 0, 0, 0, 0, 0, 0,
    0, 0, 0, 0, 0, 0, 0, 0,
    0, 0, 0, 0, 4, 22, 5, 6,
    23, 0, 0, 0, 0, 0, 0, 0,
    0, 0, 0, 0, 0, 0, 0, 0,
    0, 0, 0, 0, 0, 0, 0, 0,
    0, 0, 0, 0, 4, 11, 5, 7,
    0, 24, 25, 0, 0, 0, 0, 0,
    0, 21, 0, 0, 0, 26, 0, 6,
    19, 0, 0, 0, 27, 11, 28, 0,
    0, 0, 29, 0, 0, 0, 30, 0,
    0, 0, 0, 0, 0, 0, 0, 0,
    0, 0, 0, 0, 0, 0, 0, 0,
    0, 0, 0, 0, 0, 0, 31, 0,
    0, 0, 0, 0, 0, 0, 0, 0,
    0, 0, 0, 0, 0, 0, 0, 0,
    0, 0, 0, 0, 0, 0, 0, 0,
    0, 0, 0, 0, 0, 0, 7, 0,
    0, 0, 0, 0, 0, 0, 0, 0,
    0, 0, 0, 0, 0, 0, 0, 0,
    0, 0, 0, 0, 0, 0, 0, 0,
    0, 0, 0, 0, 0, 0, 0, 0,
    0, 0, 0, 0, 0, 0, 0, 0,
    0, 0, 0, 0, 0, 0, 0, 0,
    0, 0, 0, 0, 0, 0, 0, 0,
    0, 0, 0, 0, 0, 0, 0, 0,
    0, 0, 0, 0, 0, 0, 0, 0,
    0, 0, 0, 0, 0, 0, 0, 0,
    0, 0, 0, 0, 0, 0, 0, 0,
    0, 0, 0, 0, 0, 0, 0, 0,
    0, 0, 0, 0, 0, 0, 0, 0,
    0, 0, 0, 32, 33, 34, 32, 33,
    34, 31, 8, 0, 0, 0, 29
};

/*Map glyph_ids to kern right classes*/
static const uint8_t kern_right_class_mapping[] =
{
    0, 1, 2, 3, 4, 5, 0, 6,
    3, 0, 7, 8, 9, 10, 9, 10,
    11, 12, 13, 14, 15, 16, 17, 12,
    18, 19, 20, 21, 21, 22, 23, 0,
    24, 25, 0, 0, 0, 0, 0, 0,
    0, 0, 0, 0, 0, 0, 0, 0,
    0, 0, 0, 0, 0, 0, 0, 0,
    0, 0, 0, 0, 0, 26, 7, 8,
    27, 0, 0, 0, 0, 0, 0, 0,
    0, 0, 0, 0, 0, 0, 0, 0,
    0, 0, 0, 0, 0, 0, 0, 0,
    0, 0, 0, 0, 0, 28, 7, 29,
    0, 0, 30, 0, 0, 0, 0, 0,
    0, 25, 0, 31, 32, 33, 0, 8,
    23, 0, 0, 0, 34, 35, 9, 0,
    0, 0, 36, 0, 0, 0, 37, 0,
    0, 0, 0, 0, 0, 0, 0, 0,
    0, 0, 0, 0, 0, 0, 0, 0,
    0, 0, 0, 0, 0, 0, 36, 0,
    0, 0, 0, 0, 0, 0, 0, 0,
    0, 0, 0, 0, 0, 0, 0, 0,
    0, 0, 0, 0, 0, 0, 0, 0,
    0, 0, 0, 0, 0, 0, 9, 0,
    0, 0, 0, 0, 0, 0, 0, 0,
    0, 0, 0, 0, 0, 0, 0, 0,
    0, 0, 0, 0, 0, 0, 0, 0,
    0, 0, 0, 0, 0, 0, 0, 0,
    0, 0, 0, 0, 0, 0, 0, 0,
    0, 0, 0, 0, 0, 0, 0, 0,
    0, 0, 0, 0, 0, 0, 0, 0,
    0, 0, 0, 0, 0, 0, 0, 0,
    0, 0, 0, 0, 0, 0, 0, 0,
    0, 0, 0, 0, 0, 0, 0, 0,
    0, 0, 0, 0, 0, 0, 0, 0,
    0, 0, 0, 0, 0, 0, 0, 0,
    0, 0, 0, 0, 0, 0, 0, 0,
    0, 0, 0, 38, 39, 40, 38, 39,
    40, 36, 10, 0, 0, 31, 36
};

/*Kern values between classes*/
static const int8_t kern_class_values[] =
{
    0, 0, 0, 0, 0, -12, 0, 0,
    0, -32, 0, 0, 0, 0, 0, -22,
    0, 0, 0, 0, 0, 0, 0, 0,
    0, 0, 0, 0, 0, -7, 0, 0,
    0, 0, 0, 0, 0, 0, 0, 0,
    0, 0, 0, 0, 0, 0, 0, 0,
    0, 0, 0, 0, 0, 0, 0, 0,
    0, 0, 0, 0, 0, 0, 0, 0,
    0, 0, 0, 0, 0, 0, 0, 0,
    0, 0, 0, 0, 0, -22, -24, 0,
    0, 0, -12, 0, 0, 0, 0, 0,
    0, 0, 0, 0, 0, 0, 0, 0,
    0, 0, 0, 0, 0, 0, 0, 0,
    0, -22, 0, 0, 0, 0, 0, 0,
    -8, 0, 0, 0, 0, -32, 0, 0,
    0, 0, 0, 0, 0, 0, 0, 0,
    0, 0, 0, 0, 0, 0, 0, 0,
    0, 0, 0, 0, 0, 0, 0, 0,
    0, 0, 0, 6, 0, -2, 0, 0,
    0, 0, 0, 0, 0, 0, 0, 0,
    0, 0, 0, 0, 0, 0, 0, 0,
    0, 0, 0, 0, 0, 0, 0, 0,
    0, 0, 0, 0, 0, 0, 0, 0,
    0, 0, 0, 0, 0, 0, 0, 0,
    0, 0, 0, 0, 0, -12, 0, 0,
    0, 0, 0, 0, 0, -12, 0, 0,
    0, -48, 0, 0, 0, 0, 0, -16,
    0, 0, 0, 0, 0, 0, 0, 0,
    -6, 0, -24, 0, 0, 0, 0, 0,
    0, 0, 0, 0, 0, 0, 0, 0,
    0, 0, 0, 0, 0, 0, 0, 0,
    0, 0, 0, 0, 0, -8, -2, 0,
    0, -10, 0, 0, 0, 0, 0, 0,
    0, -16, 0, 0, 0, 0, 0, 0,
    0, 0, -3, 0, 0, -10, 0, 0,
    -11, -4, -35, 0, 0, 0, 0, 0,
    0, 0, 0, -10, -32, 0, -8, 0,
    -2, -9, -10, -4, 0, 0, 0, -31,
    -15, 0, 0, 0, 0, 0, 0, 0,
    0, 0, -18, 0, 0, 0, -33, 0,
    0, 0, 0, 0, 0, 0, 0, 0,
    0, -14, 0, 0, 0, 0, 0, 0,
    0, 0, 0, 0, 0, 0, 0, 0,
    0, 3, 0, 0, 0, 0, 0, 0,
    0, 0, 0, 0, 0, 0, 0, 0,
    0, 0, 0, 0, 0, 0, 0, 0,
    0, -10, 0, 0, 0, 0, 0, 0,
    0, -7, 0, 0, 0, 0, 0, 0,
    0, -9, -16, 0, 0, 0, 0, 0,
    0, 0, 0, 0, 0, -16, 0, -18,
    0, 0, 0, 0, 0, 0, 6, 0,
    0, 0, 0, 0, 0, 0, 0, 0,
    0, 0, 0, 0, 0, 0, 0, 0,
    0, 0, 6, 0, 0, 0, 0, 0,
    0, 0, 0, 0, 0, 0, 0, 0,
    0, 0, 0, 0, 0, 0, 0, 0,
    0, 0, 0, 0, 0, 0, 0, -5,
    0, 0, 0, 0, 0, 0, 0, 0,
    0, 0, 0, 0, 0, 0, 0, 0,
    0, 0, 0, 0, 0, 0, 0, 0,
    0, 0, 0, 0, 0, 0, 0, -2,
    0, -7, 0, 0, 0, 0, 0, 0,
    0, 0, 0, 0, 0, 0, 0, 0,
    0, 0, 0, 0, 0, 0, -12, 0,
    0, 0, 0, 0, 0, 0, 0, -18,
    0, 0, 0, 0, 0, 0, 0, -12,
    0, -12, 0, 0, -13, 0, 0, 0,
    0, 0, 0, 0, 0, 0, 0, 0,
    0, 0, 0, 0, 0, 0, 0, 0,
    -2, 0, -16, 0, 0, 0, 0, 0,
    0, 0, 0, 0, 0, 0, 0, -2,
    0, -8, 0, 0, 0, 0, 0, 0,
    0, 0, 0, 0, 0, 0, 0, 0,
    0, 0, 0, 0, 0, 0, 0, 0,
    -2, 0, 0, 0, 0, 0, 0, 0,
    0, 0, 0, 0, 0, 0, 0, 0,
    0, -10, 0, 0, 0, 0, 0, 0,
    0, 0, 0, 0, 0, 0, 0, 0,
    0, 0, -16, 0, 0, 0, 0, 0,
    0, 0, 0, 0, 0, 0, 0, -16,
    0, 0, 0, -20, 0, -16, 0, 0,
    0, -44, 0, -5, 0, 0, -6, -20,
    -3, 7, -5, -3, -12, -32, 0, 0,
    0, 0, -56, 0, 0, -18, -22, 0,
    0, 0, 0, 0, 0, 0, 0, -50,
    0, 0, 0, 0, 0, 0, 0, 0,
    0, 0, 0, 0, 0, 0, 0, 0,
    0, 0, 0, 0, 0, 0, 0, 0,
    0, -22, 0, 0, 0, 0, 0, 0,
    0, 0, 0, 0, 0, -16, 0, 0,
    0, 0, 0, 0, 0, 0, 0, 0,
    0, 0, 0, 0, 0, 0, 0, 0,
    0, 0, 0, 0, 0, 0, 0, 0,
    0, -24, 0, 0, 0, 0, 0, 0,
    0, 0, 0, 0, 0, -20, 0, 0,
    0, 0, 0, 0, 0, 0, 0, 0,
    0, 0, 0, 0, 0, 0, 0, 0,
    0, -26, 0, 0, 0, 0, 0, 0,
    0, -26, 0, 0, 0, 0, 0, 0,
    0, 0, 0, 0, 0, -34, 0, 0,
    0, 0, 0, 0, 0, 0, 0, 0,
    0, -15, -14, 0, 0, 0, 0, 0,
    0, 0, 0, 0, 0, 0, 0, 0,
    0, -14, -14, 0, 0, 0, 0, 0,
    -2, 0, 0, 0, 0, -12, 0, -14,
    0, 0, -28, 0, -5, 0, 0, -33,
    -12, 0, 4, 0, -18, 0, 0, 0,
    0, 0, 0, 0, 0, -13, -18, -22,
    -15, -17, 0, 0, -12, -8, -12, -12,
    -25, 0, -18, -12, 0, -15, -20, 0,
    0, 0, 0, 0, 0, 0, 0, -24,
    0, 0, 0, -16, -38, 0, -16, -20,
    -16, 0, -16, -16, 0, 0, 0, 0,
    -14, -28, 0, 12, 0, 0, 0, 0,
    0, 0, -16, 0, 0, -14, 0, 0,
    0, 0, 0, 0, 0, 0, 0, 0,
    0, 0, 0, 0, 0, 0, 0, 0,
    0, 0, 0, 0, 0, 0, 0, 0,
    0, -12, 0, 0, 0, 0, 0, 0,
    0, 0, 0, 0, 0, -12, 0, 0,
    0, 0, -7, 0, 0, 0, -4, 0,
    0, 0, 0, 0, -12, 0, 0, 0,
    0, 0, 0, 0, 0, 0, 0, 0,
    0, -21, 0, 0, 0, 0, 0, 0,
    -4, 0, 0, 0, 0, -22, -8, 0,
    0, 0, 0, 0, 0, -12, 0, 0,
    0, 0, 0, 0, 0, 0, 0, -17,
    0, 0, 0, 0, 0, 0, 0, 0,
    -2, 0, 0, 0, 0, -10, 0, 0,
    0, 0, 0, 0, 0, 0, 0, 0,
    0, 0, 0, 0, 0, 0, 0, 0,
    -13, 0, -12, 0, 0, 0, 0, 0,
    0, 0, 0, 0, 0, -14, 0, 0,
    0, 0, -12, 0, -13, 0, 0, -12,
    0, 0, 0, 0, 0, -18, 5, 0,
    0, 0, 0, 0, 0, 0, 0, 0,
    0, 0, 0, 0, 0, -8, -2, 0,
    0, -10, 0, 0, 0, 0, 0, 0,
    0, -14, 0, 0, 0, 0, 0, 0,
    0, 0, -3, 0, 0, -10, 0, 0,
    0, 0, 0, 0, 0, 0, 0, 0,
    0, 0, 0, 0, -14, -18, -16, 0,
    0, -18, -12, 0, 0, 0, 0, 0,
    0, -22, 0, 0, 0, 0, 0, 0,
    0, 0, 0, 0, 0, -30, 0, 0,
    0, 0, 0, 0, 0, 0, 0, 0,
    0, 0, 0, 0, 0, 0, 0, 0,
    0, 0, 0, 0, 0, 0, 0, 0,
    0, -41, 0, 0, 0, 0, 0, 0,
    0, 0, 0, 0, 0, -22, -12, 0,
    0, 0, 0, 0, 0, 0, 0, 0,
    0, 0, 0, 0, 0, 0, 0, 0,
    0, 0, 0, 0, 0, 0, 0, 0,
    0, -14, 0, 0, 0, 0, 0, 0,
    0, 0, 0, 0, 0, 0, 0, 0,
    0, 0, 0, 0, 0, -22, 0, 0,
    0, -37, -34, 0, 0, 0, 0, -22,
    0, 0, 0, 0, 0, 0, 0, 0,
    0, 0, 0, 0, 0, -14, 0, 0,
    0, 0, 0, 0, -22, 0, 0, -34,
    0, 0, 0, -44, 0, -24, 0, 0,
    -19, -46, -50, -16, 0, 0, 0, -34,
    0, -22, -14, 0, -20, -34, -20, 0,
    -20, 0, -14, 0, -16, -22, -30, -19,
    0, -16, -4, 0, -24, 0, 0, 0,
    0, 0, 0, 0, 0, 0, 0, 0,
    0, 0, 0, 0, -24, 0, 0, 0,
    0, 0, 0, 0, 0, 0, 0, 0,
    0, -32, 0, 0, 0, 0, 0, 0,
    0, 0, 0, 0, 0, -44, -34, 0
};


/*Collect the kern class' data in one place*/
static const lv_font_fmt_txt_kern_classes_t kern_classes =
{
    .class_pair_values   = kern_class_values,
    .left_class_mapping  = kern_left_class_mapping,
    .right_class_mapping = kern_right_class_mapping,
    .left_class_cnt      = 34,
    .right_class_cnt     = 40,
};

/*--------------------
 *  ALL CUSTOM DATA
 *--------------------*/

#if LVGL_VERSION_MAJOR == 8
/*Store all the custom data of the font*/
static  lv_font_fmt_txt_glyph_cache_t cache;
#endif

#if LVGL_VERSION_MAJOR >= 8
static const lv_font_fmt_txt_dsc_t font_dsc = {
#else
static lv_font_fmt_txt_dsc_t font_dsc = {
#endif
    .glyph_bitmap = glyph_bitmap,
    .glyph_dsc = glyph_dsc,
    .cmaps = cmaps,
    .kern_dsc = &kern_classes,
    .kern_scale = 16,
    .cmap_num = 6,
    .bpp = 4,
    .kern_classes = 1,
    .bitmap_format = 0,
#if LVGL_VERSION_MAJOR == 8
    .cache = &cache
#endif
};



/*-----------------
 *  PUBLIC FONT
 *----------------*/

/*Initialize a public general font descriptor*/
#if LVGL_VERSION_MAJOR >= 8
const lv_font_t font_inter_bold_22 = {
#else
lv_font_t font_inter_bold_22 = {
#endif
    .get_glyph_dsc = lv_font_get_glyph_dsc_fmt_txt,    /*Function pointer to get glyph's data*/
    .get_glyph_bitmap = lv_font_get_bitmap_fmt_txt,    /*Function pointer to get glyph's bitmap*/
    .line_height = 30,          /*The maximum line height required by the font*/
    .base_line = 5,             /*Baseline measured from the bottom of the line*/
#if !(LVGL_VERSION_MAJOR == 6 && LVGL_VERSION_MINOR == 0)
    .subpx = LV_FONT_SUBPX_NONE,
#endif
#if LV_VERSION_CHECK(7, 4, 0) || LVGL_VERSION_MAJOR >= 8
    .underline_position = -3,
    .underline_thickness = 2,
#endif
    .dsc = &font_dsc,          /*The custom font data. Will be accessed by `get_glyph_bitmap/dsc` */
#if LV_VERSION_CHECK(8, 2, 0) || LVGL_VERSION_MAJOR >= 9
    .fallback = NULL,
#endif
    .user_data = NULL,
};



#endif /*#if FONT_INTER_BOLD_22*/

