/*******************************************************************************
 * Size: 27 px
 * Bpp: 4
 * Opts: --font node_modules/@fontsource/inter/files/inter-latin-700-normal.woff -r 0x20-0x7E,0xA0-0xFF,0x2010-0x2043 --symbols ‹› --font node_modules/@fontsource/inter/files/inter-vietnamese-700-normal.woff -r 0x0102-0x0103,0x0110-0x0111,0x01A0-0x01A1,0x01AF-0x01B0,0x1EA0-0x1EF9 --size 27 --bpp 4 --no-compress --format lvgl --lv-font-name font_inter_bold_18 -o out15/font_inter_bold_18.c
 ******************************************************************************/

#ifdef LV_LVGL_H_INCLUDE_SIMPLE
#include "lvgl.h"
#else
#include "lvgl/lvgl.h"
#endif

#ifndef FONT_INTER_BOLD_18
#define FONT_INTER_BOLD_18 1
#endif

#if FONT_INTER_BOLD_18

/*-----------------
 *    BITMAPS
 *----------------*/

/*Store the image of the glyphs*/
static LV_ATTRIBUTE_LARGE_CONST const uint8_t glyph_bitmap[] = {
    /* U+0020 " " */

    /* U+0021 "!" */
    0x9f, 0xff, 0xa8, 0xff, 0xfa, 0x8f, 0xff, 0xa8,
    0xff, 0xf9, 0x7f, 0xff, 0x97, 0xff, 0xf9, 0x7f,
    0xff, 0x86, 0xff, 0xf8, 0x6f, 0xff, 0x75, 0xff,
    0xf7, 0x5f, 0xff, 0x75, 0xff, 0xf6, 0x4f, 0xff,
    0x62, 0x88, 0x83, 0x0, 0x0, 0x0, 0x37, 0x40,
    0x5f, 0xff, 0x7b, 0xff, 0xfd, 0x9f, 0xff, 0xb1,
    0xbf, 0xc2,

    /* U+0022 "\"" */
    0x5f, 0xff, 0x70, 0x9f, 0xff, 0x34, 0xff, 0xf6,
    0x8, 0xff, 0xf2, 0x3f, 0xff, 0x50, 0x7f, 0xff,
    0x12, 0xff, 0xf4, 0x6, 0xff, 0xf0, 0x1f, 0xff,
    0x40, 0x5f, 0xff, 0x1, 0xff, 0xf3, 0x5, 0xff,
    0xf0, 0xf, 0xff, 0x20, 0x4f, 0xfe, 0x0, 0xff,
    0xf1, 0x3, 0xff, 0xd0, 0x3, 0x33, 0x0, 0x3,
    0x32, 0x0,

    /* U+0023 "#" */
    0x0, 0x0, 0xa, 0xff, 0x50, 0x0, 0xcf, 0xf3,
    0x0, 0x0, 0x0, 0xd, 0xff, 0x20, 0x0, 0xef,
    0xf1, 0x0, 0x0, 0x0, 0xf, 0xff, 0x0, 0x1,
    0xff, 0xe0, 0x0, 0x0, 0x0, 0x2f, 0xfd, 0x0,
    0x3, 0xff, 0xc0, 0x0, 0x0, 0x0, 0x4f, 0xfb,
    0x0, 0x6, 0xff, 0x90, 0x0, 0x2, 0xff, 0xff,
    0xff, 0xff, 0xff, 0xff, 0xff, 0xf2, 0x5, 0xff,
    0xff, 0xff, 0xff, 0xff, 0xff, 0xff, 0xf0, 0x7,
    0xff, 0xff, 0xff, 0xff, 0xff, 0xff, 0xff, 0xc0,
    0x0, 0x0, 0xff, 0xf0, 0x0, 0x1f, 0xfe, 0x0,
    0x0, 0x0, 0x1, 0xff, 0xe0, 0x0, 0x3f, 0xfc,
    0x0, 0x0, 0x0, 0x4, 0xff, 0xb0, 0x0, 0x6f,
    0xf9, 0x0, 0x0, 0x0, 0x6, 0xff, 0x90, 0x0,
    0x8f, 0xf7, 0x0, 0x0, 0x4f, 0xff, 0xff, 0xff,
    0xff, 0xff, 0xff, 0xff, 0x0, 0x7f, 0xff, 0xff,
    0xff, 0xff, 0xff, 0xff, 0xfd, 0x0, 0x9f, 0xff,
    0xff, 0xff, 0xff, 0xff, 0xff, 0xfa, 0x0, 0x0,
    0x1f, 0xfe, 0x0, 0x2, 0xff, 0xc0, 0x0, 0x0,
    0x0, 0x3f, 0xfc, 0x0, 0x5, 0xff, 0xa0, 0x0,
    0x0, 0x0, 0x6f, 0xf9, 0x0, 0x8, 0xff, 0x70,
    0x0, 0x0, 0x0, 0x8f, 0xf6, 0x0, 0xa, 0xff,
    0x50, 0x0, 0x0, 0x0, 0xbf, 0xf4, 0x0, 0xd,
    0xff, 0x20, 0x0, 0x0,

    /* U+0024 "$" */
    0x0, 0x0, 0x0, 0xd, 0xc0, 0x0, 0x0, 0x0,
    0x0, 0x0, 0x0, 0xd, 0xc0, 0x0, 0x0, 0x0,
    0x0, 0x0, 0x0, 0xd, 0xc0, 0x0, 0x0, 0x0,
    0x0, 0x0, 0x6c, 0xff, 0xfe, 0xc7, 0x10, 0x0,
    0x0, 0x3e, 0xff, 0xff, 0xff, 0xff, 0xe4, 0x0,
    0x3, 0xff, 0xff, 0xff, 0xff, 0xff, 0xff, 0x30,
    0xc, 0xff, 0xfe, 0x8e, 0xd8, 0xef, 0xff, 0xb0,
    0x2f, 0xff, 0xf2, 0xd, 0xc0, 0x2f, 0xff, 0xf1,
    0x4f, 0xff, 0xd0, 0xd, 0xc0, 0x8, 0xcc, 0xc2,
    0x4f, 0xff, 0xf1, 0xd, 0xc0, 0x0, 0x0, 0x0,
    0x1f, 0xff, 0xfe, 0x6d, 0xc0, 0x0, 0x0, 0x0,
    0x9, 0xff, 0xff, 0xff, 0xe8, 0x40, 0x0, 0x0,
    0x0, 0x9f, 0xff, 0xff, 0xff, 0xfe, 0x80, 0x0,
    0x0, 0x3, 0xbf, 0xff, 0xff, 0xff, 0xfd, 0x10,
    0x0, 0x0, 0x0, 0x4e, 0xff, 0xff, 0xff, 0xc0,
    0x0, 0x0, 0x0, 0xd, 0xc1, 0x9f, 0xff, 0xf4,
    0x44, 0x44, 0x0, 0xd, 0xc0, 0xa, 0xff, 0xf7,
    0xcf, 0xff, 0x30, 0xd, 0xc0, 0x8, 0xff, 0xf8,
    0x9f, 0xff, 0xc0, 0xd, 0xc0, 0x1e, 0xff, 0xf6,
    0x3f, 0xff, 0xfe, 0x8e, 0xd8, 0xef, 0xff, 0xf1,
    0x9, 0xff, 0xff, 0xff, 0xff, 0xff, 0xff, 0x70,
    0x0, 0x9f, 0xff, 0xff, 0xff, 0xff, 0xf8, 0x0,
    0x0, 0x3, 0x9d, 0xff, 0xff, 0xd8, 0x20, 0x0,
    0x0, 0x0, 0x0, 0xd, 0xc0, 0x0, 0x0, 0x0,
    0x0, 0x0, 0x0, 0xd, 0xc0, 0x0, 0x0, 0x0,
    0x0, 0x0, 0x0, 0x0, 0x0, 0x0, 0x0, 0x0,

    /* U+0025 "%" */
    0x0, 0x6d, 0xfe, 0xa2, 0x0, 0x0, 0x0, 0x0,
    0x4f, 0xf6, 0x0, 0x0, 0x9f, 0xff, 0xff, 0xf2,
    0x0, 0x0, 0x0, 0x1e, 0xfb, 0x0, 0x0, 0x3f,
    0xfe, 0x7a, 0xff, 0xa0, 0x0, 0x0, 0xa, 0xff,
    0x10, 0x0, 0x7, 0xff, 0x50, 0xd, 0xfe, 0x0,
    0x0, 0x5, 0xff, 0x60, 0x0, 0x0, 0x8f, 0xf3,
    0x0, 0xbf, 0xf0, 0x0, 0x1, 0xef, 0xb0, 0x0,
    0x0, 0x8, 0xff, 0x30, 0xc, 0xff, 0x0, 0x0,
    0xaf, 0xe1, 0x0, 0x0, 0x0, 0x5f, 0xfa, 0x3,
    0xff, 0xc0, 0x0, 0x5f, 0xf5, 0x0, 0x0, 0x0,
    0x0, 0xef, 0xff, 0xff, 0xf6, 0x0, 0x1e, 0xfa,
    0x0, 0x0, 0x0, 0x0, 0x2, 0xdf, 0xff, 0xf8,
    0x0, 0xb, 0xfe, 0x10, 0x0, 0x0, 0x0, 0x0,
    0x0, 0x46, 0x51, 0x0, 0x6, 0xff, 0x50, 0x0,
    0x0, 0x0, 0x0, 0x0, 0x0, 0x0, 0x0, 0x1,
    0xff, 0xa0, 0x0, 0x6d, 0xfe, 0x91, 0x0, 0x0,
    0x0, 0x0, 0x0, 0xbf, 0xe1, 0x0, 0x9f, 0xff,
    0xff, 0xe1, 0x0, 0x0, 0x0, 0x0, 0x6f, 0xf5,
    0x0, 0x2f, 0xfe, 0x7b, 0xff, 0x90, 0x0, 0x0,
    0x0, 0x2f, 0xfa, 0x0, 0x7, 0xff, 0x50, 0xe,
    0xfd, 0x0, 0x0, 0x0, 0xc, 0xfe, 0x10, 0x0,
    0x9f, 0xf2, 0x0, 0xcf, 0xf0, 0x0, 0x0, 0x6,
    0xff, 0x40, 0x0, 0x9, 0xff, 0x20, 0xc, 0xff,
    0x0, 0x0, 0x2, 0xff, 0x90, 0x0, 0x0, 0x7f,
    0xf5, 0x0, 0xef, 0xd0, 0x0, 0x0, 0xcf, 0xe0,
    0x0, 0x0, 0x3, 0xff, 0xe7, 0xbf, 0xf8, 0x0,
    0x0, 0x7f, 0xf4, 0x0, 0x0, 0x0, 0x9, 0xff,
    0xff, 0xfe, 0x10, 0x0, 0x2f, 0xf9, 0x0, 0x0,
    0x0, 0x0, 0x6, 0xdf, 0xea, 0x10,

    /* U+0026 "&" */
    0x0, 0x0, 0x6c, 0xef, 0xd7, 0x0, 0x0, 0x0,
    0x0, 0x0, 0xb, 0xff, 0xff, 0xff, 0xc0, 0x0,
    0x0, 0x0, 0x0, 0x8f, 0xff, 0xff, 0xff, 0xf9,
    0x0, 0x0, 0x0, 0x0, 0xff, 0xfe, 0x54, 0xbf,
    0xff, 0x0, 0x0, 0x0, 0x2, 0xff, 0xf5, 0x0,
    0x1f, 0xff, 0x20, 0x0, 0x0, 0x2, 0xff, 0xf4,
    0x0, 0x3f, 0xff, 0x10, 0x0, 0x0, 0x0, 0xff,
    0xfa, 0x1, 0xcf, 0xfc, 0x0, 0x0, 0x0, 0x0,
    0xaf, 0xff, 0x8e, 0xff, 0xf3, 0x0, 0x0, 0x0,
    0x0, 0x2f, 0xff, 0xff, 0xff, 0x50, 0x0, 0x0,
    0x0, 0x0, 0x8, 0xff, 0xff, 0xe3, 0x0, 0x0,
    0x0, 0x0, 0x0, 0x8f, 0xff, 0xff, 0xc0, 0x0,
    0x49, 0x97, 0x0, 0xa, 0xff, 0xfe, 0xff, 0xfb,
    0x0, 0x8f, 0xfc, 0x0, 0x5f, 0xff, 0xc0, 0x9f,
    0xff, 0x90, 0xcf, 0xfa, 0x0, 0xcf, 0xff, 0x10,
    0xa, 0xff, 0xfa, 0xff, 0xf7, 0x0, 0xef, 0xff,
    0x0, 0x0, 0xcf, 0xff, 0xff, 0xf1, 0x0, 0xdf,
    0xff, 0x30, 0x0, 0x1d, 0xff, 0xff, 0x90, 0x0,
    0x8f, 0xff, 0xe7, 0x34, 0x8f, 0xff, 0xff, 0x40,
    0x0, 0x1e, 0xff, 0xff, 0xff, 0xff, 0xff, 0xff,
    0xe1, 0x0, 0x2, 0xdf, 0xff, 0xff, 0xff, 0xfb,
    0xff, 0xfc, 0x0, 0x0, 0x6, 0xbe, 0xff, 0xc8,
    0x20, 0x8f, 0xff, 0x90,

    /* U+0027 "'" */
    0x5f, 0xff, 0x74, 0xff, 0xf6, 0x3f, 0xff, 0x52,
    0xff, 0xf4, 0x1f, 0xff, 0x41, 0xff, 0xf3, 0xf,
    0xff, 0x20, 0xff, 0xf1, 0x3, 0x33, 0x0,

    /* U+0028 "(" */
    0x0, 0x5, 0xaa, 0xa1, 0x0, 0x1e, 0xff, 0xd0,
    0x0, 0x7f, 0xff, 0x60, 0x0, 0xdf, 0xff, 0x10,
    0x3, 0xff, 0xfb, 0x0, 0x8, 0xff, 0xf6, 0x0,
    0xd, 0xff, 0xf2, 0x0, 0x1f, 0xff, 0xe0, 0x0,
    0x4f, 0xff, 0xb0, 0x0, 0x7f, 0xff, 0x90, 0x0,
    0x9f, 0xff, 0x70, 0x0, 0xaf, 0xff, 0x50, 0x0,
    0xbf, 0xff, 0x40, 0x0, 0xbf, 0xff, 0x40, 0x0,
    0xaf, 0xff, 0x50, 0x0, 0x9f, 0xff, 0x60, 0x0,
    0x7f, 0xff, 0x80, 0x0, 0x4f, 0xff, 0xb0, 0x0,
    0x1f, 0xff, 0xf0, 0x0, 0xc, 0xff, 0xf3, 0x0,
    0x7, 0xff, 0xf8, 0x0, 0x1, 0xff, 0xfe, 0x0,
    0x0, 0xaf, 0xff, 0x40, 0x0, 0x2f, 0xff, 0xb0,
    0x0, 0xa, 0xff, 0xf1,

    /* U+0029 ")" */
    0x9, 0xaa, 0x70, 0x0, 0xa, 0xff, 0xf2, 0x0,
    0x3, 0xff, 0xfa, 0x0, 0x0, 0xef, 0xff, 0x10,
    0x0, 0x8f, 0xff, 0x60, 0x0, 0x4f, 0xff, 0xb0,
    0x0, 0xf, 0xff, 0xf0, 0x0, 0xc, 0xff, 0xf3,
    0x0, 0x9, 0xff, 0xf7, 0x0, 0x6, 0xff, 0xfa,
    0x0, 0x4, 0xff, 0xfc, 0x0, 0x2, 0xff, 0xfd,
    0x0, 0x1, 0xff, 0xfe, 0x0, 0x1, 0xff, 0xfe,
    0x0, 0x2, 0xff, 0xfd, 0x0, 0x3, 0xff, 0xfc,
    0x0, 0x5, 0xff, 0xfa, 0x0, 0x8, 0xff, 0xf7,
    0x0, 0xc, 0xff, 0xf3, 0x0, 0x1f, 0xff, 0xf0,
    0x0, 0x6f, 0xff, 0x90, 0x0, 0xbf, 0xff, 0x40,
    0x1, 0xff, 0xfd, 0x0, 0x7, 0xff, 0xf5, 0x0,
    0xe, 0xff, 0xc0, 0x0,

    /* U+002A "*" */
    0x0, 0x0, 0xbf, 0xc0, 0x0, 0x0, 0x10, 0x9,
    0xfb, 0x0, 0x10, 0x1f, 0x90, 0x8f, 0xa0, 0x8f,
    0x2a, 0xff, 0xeb, 0xfb, 0xdf, 0xfb, 0x19, 0xff,
    0xff, 0xff, 0xfa, 0x20, 0x2, 0xef, 0xff, 0xe3,
    0x0, 0x7, 0xef, 0xff, 0xff, 0xe7, 0x1a, 0xff,
    0xec, 0xfc, 0xef, 0xfb, 0x2f, 0xb1, 0x8f, 0xa1,
    0xaf, 0x30, 0x30, 0x9, 0xfb, 0x0, 0x30, 0x0,
    0x0, 0xaf, 0xc0, 0x0, 0x0, 0x0, 0x1, 0x11,
    0x0, 0x0,

    /* U+002B "+" */
    0x0, 0x0, 0x8, 0xff, 0xd0, 0x0, 0x0, 0x0,
    0x0, 0x8, 0xff, 0xd0, 0x0, 0x0, 0x0, 0x0,
    0x8, 0xff, 0xd0, 0x0, 0x0, 0x0, 0x0, 0x8,
    0xff, 0xd0, 0x0, 0x0, 0x0, 0x0, 0x8, 0xff,
    0xd0, 0x0, 0x0, 0x9f, 0xff, 0xff, 0xff, 0xff,
    0xff, 0xfe, 0x9f, 0xff, 0xff, 0xff, 0xff, 0xff,
    0xfe, 0x9f, 0xff, 0xff, 0xff, 0xff, 0xff, 0xfe,
    0x12, 0x22, 0x29, 0xff, 0xd2, 0x22, 0x22, 0x0,
    0x0, 0x8, 0xff, 0xd0, 0x0, 0x0, 0x0, 0x0,
    0x8, 0xff, 0xd0, 0x0, 0x0, 0x0, 0x0, 0x8,
    0xff, 0xd0, 0x0, 0x0, 0x0, 0x0, 0x8, 0xff,
    0xd0, 0x0, 0x0, 0x0, 0x0, 0x4, 0x99, 0x80,
    0x0, 0x0,

    /* U+002C "," */
    0x0, 0x33, 0x32, 0x5, 0xff, 0xf7, 0x8, 0xff,
    0xf2, 0xa, 0xff, 0xe0, 0xc, 0xff, 0x90, 0xf,
    0xff, 0x40, 0x1f, 0xff, 0x0, 0x3f, 0xfb, 0x0,
    0x5f, 0xf6, 0x0,

    /* U+002D "-" */
    0x3, 0x33, 0x33, 0x33, 0x32, 0x2f, 0xff, 0xff,
    0xff, 0xfc, 0x2f, 0xff, 0xff, 0xff, 0xfc, 0x2f,
    0xff, 0xff, 0xff, 0xfc,

    /* U+002E "." */
    0x4, 0x84, 0x5, 0xff, 0xf6, 0xbf, 0xff, 0xb9,
    0xff, 0xf9, 0x1b, 0xfb, 0x10,

    /* U+002F "/" */
    0x0, 0x0, 0x0, 0x28, 0x87, 0x0, 0x0, 0x0,
    0x9, 0xff, 0xd0, 0x0, 0x0, 0x0, 0xdf, 0xf9,
    0x0, 0x0, 0x0, 0x1f, 0xff, 0x50, 0x0, 0x0,
    0x6, 0xff, 0xf0, 0x0, 0x0, 0x0, 0xaf, 0xfc,
    0x0, 0x0, 0x0, 0xe, 0xff, 0x80, 0x0, 0x0,
    0x2, 0xff, 0xf3, 0x0, 0x0, 0x0, 0x7f, 0xff,
    0x0, 0x0, 0x0, 0xb, 0xff, 0xb0, 0x0, 0x0,
    0x0, 0xff, 0xf6, 0x0, 0x0, 0x0, 0x4f, 0xff,
    0x20, 0x0, 0x0, 0x8, 0xff, 0xe0, 0x0, 0x0,
    0x0, 0xcf, 0xf9, 0x0, 0x0, 0x0, 0x1f, 0xff,
    0x50, 0x0, 0x0, 0x5, 0xff, 0xf1, 0x0, 0x0,
    0x0, 0x9f, 0xfd, 0x0, 0x0, 0x0, 0xe, 0xff,
    0x80, 0x0, 0x0, 0x2, 0xff, 0xf4, 0x0, 0x0,
    0x0, 0x6f, 0xff, 0x0, 0x0, 0x0, 0xa, 0xff,
    0xb0, 0x0, 0x0, 0x0, 0xff, 0xf7, 0x0, 0x0,
    0x0, 0x3f, 0xff, 0x30, 0x0, 0x0, 0x7, 0xff,
    0xe0, 0x0, 0x0, 0x0,

    /* U+0030 "0" */
    0x0, 0x0, 0x29, 0xdf, 0xfd, 0xa4, 0x0, 0x0,
    0x0, 0x8, 0xff, 0xff, 0xff, 0xff, 0xa0, 0x0,
    0x0, 0x8f, 0xff, 0xff, 0xff, 0xff, 0xfb, 0x0,
    0x3, 0xff, 0xff, 0xd7, 0x6b, 0xff, 0xff, 0x60,
    0xb, 0xff, 0xfc, 0x0, 0x0, 0x9f, 0xff, 0xe0,
    0x1f, 0xff, 0xf2, 0x0, 0x0, 0xe, 0xff, 0xf4,
    0x5f, 0xff, 0xc0, 0x0, 0x0, 0x9, 0xff, 0xf8,
    0x9f, 0xff, 0x80, 0x0, 0x0, 0x5, 0xff, 0xfc,
    0xaf, 0xff, 0x60, 0x0, 0x0, 0x3, 0xff, 0xfd,
    0xbf, 0xff, 0x50, 0x0, 0x0, 0x2, 0xff, 0xfe,
    0xbf, 0xff, 0x50, 0x0, 0x0, 0x2, 0xff, 0xfe,
    0xaf, 0xff, 0x60, 0x0, 0x0, 0x3, 0xff, 0xfd,
    0x9f, 0xff, 0x80, 0x0, 0x0, 0x5, 0xff, 0xfc,
    0x5f, 0xff, 0xc0, 0x0, 0x0, 0x9, 0xff, 0xf9,
    0x1f, 0xff, 0xf2, 0x0, 0x0, 0xe, 0xff, 0xf4,
    0xc, 0xff, 0xfb, 0x0, 0x0, 0x9f, 0xff, 0xe0,
    0x4, 0xff, 0xff, 0xd7, 0x6b, 0xff, 0xff, 0x70,
    0x0, 0x8f, 0xff, 0xff, 0xff, 0xff, 0xfb, 0x0,
    0x0, 0x8, 0xff, 0xff, 0xff, 0xff, 0xa0, 0x0,
    0x0, 0x0, 0x29, 0xdf, 0xfe, 0xa4, 0x0, 0x0,

    /* U+0031 "1" */
    0x0, 0x4, 0xef, 0xff, 0xe0, 0x8, 0xff, 0xff,
    0xfe, 0x2c, 0xff, 0xff, 0xff, 0xec, 0xff, 0xfd,
    0xff, 0xfe, 0xcf, 0xf7, 0x2f, 0xff, 0xec, 0xd3,
    0x2, 0xff, 0xfe, 0x70, 0x0, 0x2f, 0xff, 0xe0,
    0x0, 0x2, 0xff, 0xfe, 0x0, 0x0, 0x2f, 0xff,
    0xe0, 0x0, 0x2, 0xff, 0xfe, 0x0, 0x0, 0x2f,
    0xff, 0xe0, 0x0, 0x2, 0xff, 0xfe, 0x0, 0x0,
    0x2f, 0xff, 0xe0, 0x0, 0x2, 0xff, 0xfe, 0x0,
    0x0, 0x2f, 0xff, 0xe0, 0x0, 0x2, 0xff, 0xfe,
    0x0, 0x0, 0x2f, 0xff, 0xe0, 0x0, 0x2, 0xff,
    0xfe, 0x0, 0x0, 0x2f, 0xff, 0xe0, 0x0, 0x2,
    0xff, 0xfe,

    /* U+0032 "2" */
    0x0, 0x1, 0x7c, 0xef, 0xeb, 0x60, 0x0, 0x0,
    0x5, 0xff, 0xff, 0xff, 0xff, 0xd3, 0x0, 0x4,
    0xff, 0xff, 0xff, 0xff, 0xff, 0xf2, 0x0, 0xef,
    0xff, 0xc5, 0x47, 0xef, 0xff, 0xb0, 0x4f, 0xff,
    0xc0, 0x0, 0x2, 0xff, 0xff, 0x17, 0xff, 0xf6,
    0x0, 0x0, 0xb, 0xff, 0xf3, 0x25, 0x55, 0x10,
    0x0, 0x0, 0xbf, 0xff, 0x30, 0x0, 0x0, 0x0,
    0x0, 0xe, 0xff, 0xf0, 0x0, 0x0, 0x0, 0x0,
    0x8, 0xff, 0xf9, 0x0, 0x0, 0x0, 0x0, 0x6,
    0xff, 0xfe, 0x10, 0x0, 0x0, 0x0, 0x6, 0xff,
    0xff, 0x40, 0x0, 0x0, 0x0, 0x6, 0xff, 0xff,
    0x50, 0x0, 0x0, 0x0, 0x7, 0xff, 0xff, 0x60,
    0x0, 0x0, 0x0, 0x8, 0xff, 0xff, 0x50, 0x0,
    0x0, 0x0, 0x9, 0xff, 0xff, 0x50, 0x0, 0x0,
    0x0, 0xa, 0xff, 0xff, 0x50, 0x0, 0x0, 0x0,
    0xb, 0xff, 0xff, 0xb6, 0x66, 0x66, 0x66, 0x35,
    0xff, 0xff, 0xff, 0xff, 0xff, 0xff, 0xf8, 0x5f,
    0xff, 0xff, 0xff, 0xff, 0xff, 0xff, 0x85, 0xff,
    0xff, 0xff, 0xff, 0xff, 0xff, 0xf8,

    /* U+0033 "3" */
    0x0, 0x0, 0x6b, 0xef, 0xed, 0x82, 0x0, 0x0,
    0x0, 0x3d, 0xff, 0xff, 0xff, 0xff, 0x70, 0x0,
    0x3, 0xff, 0xff, 0xff, 0xff, 0xff, 0xf7, 0x0,
    0xc, 0xff, 0xfd, 0x64, 0x5b, 0xff, 0xff, 0x10,
    0x2f, 0xff, 0xd0, 0x0, 0x0, 0xbf, 0xff, 0x50,
    0x28, 0x88, 0x50, 0x0, 0x0, 0x7f, 0xff, 0x70,
    0x0, 0x0, 0x0, 0x0, 0x0, 0xaf, 0xff, 0x40,
    0x0, 0x0, 0x0, 0x0, 0x29, 0xff, 0xfc, 0x0,
    0x0, 0x0, 0x7, 0xff, 0xff, 0xff, 0xa0, 0x0,
    0x0, 0x0, 0x7, 0xff, 0xff, 0xf7, 0x10, 0x0,
    0x0, 0x0, 0x7, 0xff, 0xff, 0xff, 0xf7, 0x0,
    0x0, 0x0, 0x0, 0x0, 0x27, 0xff, 0xff, 0x60,
    0x0, 0x0, 0x0, 0x0, 0x0, 0x6f, 0xff, 0xe0,
    0x0, 0x0, 0x0, 0x0, 0x0, 0xf, 0xff, 0xf1,
    0x8e, 0xee, 0x60, 0x0, 0x0, 0x1f, 0xff, 0xf2,
    0x7f, 0xff, 0xd1, 0x0, 0x0, 0x9f, 0xff, 0xf0,
    0x1f, 0xff, 0xfe, 0x86, 0x7c, 0xff, 0xff, 0x80,
    0x6, 0xff, 0xff, 0xff, 0xff, 0xff, 0xfc, 0x0,
    0x0, 0x6f, 0xff, 0xff, 0xff, 0xff, 0xa1, 0x0,
    0x0, 0x1, 0x7c, 0xef, 0xed, 0x93, 0x0, 0x0,

    /* U+0034 "4" */
    0x0, 0x0, 0x0, 0x0, 0xcf, 0xff, 0xf9, 0x0,
    0x0, 0x0, 0x0, 0x0, 0x6f, 0xff, 0xff, 0x90,
    0x0, 0x0, 0x0, 0x0, 0x1e, 0xff, 0xff, 0xf9,
    0x0, 0x0, 0x0, 0x0, 0xa, 0xff, 0xff, 0xff,
    0x90, 0x0, 0x0, 0x0, 0x4, 0xff, 0xfd, 0xff,
    0xf9, 0x0, 0x0, 0x0, 0x0, 0xdf, 0xfe, 0x4f,
    0xff, 0x90, 0x0, 0x0, 0x0, 0x8f, 0xff, 0x63,
    0xff, 0xf9, 0x0, 0x0, 0x0, 0x3f, 0xff, 0xc0,
    0x3f, 0xff, 0x90, 0x0, 0x0, 0xc, 0xff, 0xf2,
    0x3, 0xff, 0xf9, 0x0, 0x0, 0x6, 0xff, 0xf8,
    0x0, 0x3f, 0xff, 0x90, 0x0, 0x1, 0xff, 0xfe,
    0x0, 0x3, 0xff, 0xf9, 0x0, 0x0, 0xbf, 0xff,
    0x50, 0x0, 0x3f, 0xff, 0x90, 0x0, 0x5f, 0xff,
    0xb0, 0x0, 0x3, 0xff, 0xf9, 0x0, 0xa, 0xff,
    0xff, 0xff, 0xff, 0xff, 0xff, 0xff, 0xf0, 0xaf,
    0xff, 0xff, 0xff, 0xff, 0xff, 0xff, 0xff, 0xa,
    0xff, 0xff, 0xff, 0xff, 0xff, 0xff, 0xff, 0xf0,
    0x24, 0x44, 0x44, 0x44, 0x47, 0xff, 0xfb, 0x44,
    0x0, 0x0, 0x0, 0x0, 0x0, 0x4f, 0xff, 0x90,
    0x0, 0x0, 0x0, 0x0, 0x0, 0x4, 0xff, 0xf9,
    0x0, 0x0, 0x0, 0x0, 0x0, 0x0, 0x4f, 0xff,
    0x90, 0x0,

    /* U+0035 "5" */
    0x7, 0xff, 0xff, 0xff, 0xff, 0xff, 0xf7, 0x0,
    0x8f, 0xff, 0xff, 0xff, 0xff, 0xff, 0x70, 0xa,
    0xff, 0xff, 0xff, 0xff, 0xff, 0xf7, 0x0, 0xbf,
    0xfe, 0x55, 0x55, 0x55, 0x55, 0x20, 0xd, 0xff,
    0xc0, 0x0, 0x0, 0x0, 0x0, 0x0, 0xef, 0xfb,
    0x0, 0x0, 0x0, 0x0, 0x0, 0xf, 0xff, 0x90,
    0x0, 0x0, 0x0, 0x0, 0x1, 0xff, 0xf8, 0x3a,
    0xef, 0xea, 0x20, 0x0, 0x2f, 0xff, 0xcf, 0xff,
    0xff, 0xff, 0x70, 0x4, 0xff, 0xff, 0xff, 0xff,
    0xff, 0xff, 0x50, 0x3c, 0xef, 0xe6, 0x10, 0x3c,
    0xff, 0xfe, 0x0, 0x0, 0x11, 0x0, 0x0, 0xd,
    0xff, 0xf4, 0x0, 0x0, 0x0, 0x0, 0x0, 0x7f,
    0xff, 0x70, 0x0, 0x0, 0x0, 0x0, 0x5, 0xff,
    0xf8, 0x8b, 0xbb, 0x20, 0x0, 0x0, 0x8f, 0xff,
    0x69, 0xff, 0xf9, 0x0, 0x0, 0x1e, 0xff, 0xf2,
    0x3f, 0xff, 0xfa, 0x43, 0x6e, 0xff, 0xfc, 0x0,
    0x8f, 0xff, 0xff, 0xff, 0xff, 0xfe, 0x20, 0x0,
    0x8f, 0xff, 0xff, 0xff, 0xfd, 0x20, 0x0, 0x0,
    0x28, 0xde, 0xfd, 0xb5, 0x0, 0x0,

    /* U+0036 "6" */
    0x0, 0x0, 0x17, 0xce, 0xfd, 0x93, 0x0, 0x0,
    0x0, 0x5, 0xef, 0xff, 0xff, 0xff, 0xa0, 0x0,
    0x0, 0x5f, 0xff, 0xff, 0xff, 0xff, 0xfa, 0x0,
    0x1, 0xff, 0xff, 0xe9, 0x8c, 0xff, 0xff, 0x50,
    0x9, 0xff, 0xfb, 0x0, 0x0, 0x8f, 0xff, 0xc0,
    0xf, 0xff, 0xf1, 0x0, 0x0, 0xb, 0xbb, 0xb0,
    0x4f, 0xff, 0xa0, 0x0, 0x0, 0x0, 0x0, 0x0,
    0x8f, 0xff, 0x60, 0x5b, 0xef, 0xd8, 0x20, 0x0,
    0xaf, 0xff, 0x4a, 0xff, 0xff, 0xff, 0xf4, 0x0,
    0xbf, 0xff, 0xbf, 0xff, 0xff, 0xff, 0xff, 0x20,
    0xcf, 0xff, 0xfe, 0x50, 0x5, 0xef, 0xff, 0xb0,
    0xbf, 0xff, 0xf3, 0x0, 0x0, 0x2f, 0xff, 0xf1,
    0xaf, 0xff, 0xc0, 0x0, 0x0, 0xb, 0xff, 0xf3,
    0x7f, 0xff, 0xa0, 0x0, 0x0, 0xa, 0xff, 0xf4,
    0x3f, 0xff, 0xd0, 0x0, 0x0, 0xd, 0xff, 0xf2,
    0xd, 0xff, 0xf5, 0x0, 0x0, 0x5f, 0xff, 0xe0,
    0x6, 0xff, 0xff, 0x94, 0x49, 0xff, 0xff, 0x70,
    0x0, 0xaf, 0xff, 0xff, 0xff, 0xff, 0xfc, 0x0,
    0x0, 0x9, 0xff, 0xff, 0xff, 0xff, 0xa1, 0x0,
    0x0, 0x0, 0x39, 0xdf, 0xfd, 0x94, 0x0, 0x0,

    /* U+0037 "7" */
    0xf, 0xff, 0xff, 0xff, 0xff, 0xff, 0xff, 0xb0,
    0xff, 0xff, 0xff, 0xff, 0xff, 0xff, 0xfb, 0xf,
    0xff, 0xff, 0xff, 0xff, 0xff, 0xff, 0xb0, 0x66,
    0x66, 0x66, 0x66, 0x6c, 0xff, 0xfa, 0x0, 0x0,
    0x0, 0x0, 0x1, 0xff, 0xff, 0x20, 0x0, 0x0,
    0x0, 0x0, 0x8f, 0xff, 0xa0, 0x0, 0x0, 0x0,
    0x0, 0x1f, 0xff, 0xf2, 0x0, 0x0, 0x0, 0x0,
    0x8, 0xff, 0xfb, 0x0, 0x0, 0x0, 0x0, 0x1,
    0xff, 0xff, 0x30, 0x0, 0x0, 0x0, 0x0, 0x8f,
    0xff, 0xb0, 0x0, 0x0, 0x0, 0x0, 0xe, 0xff,
    0xf3, 0x0, 0x0, 0x0, 0x0, 0x7, 0xff, 0xfb,
    0x0, 0x0, 0x0, 0x0, 0x0, 0xef, 0xff, 0x30,
    0x0, 0x0, 0x0, 0x0, 0x7f, 0xff, 0xb0, 0x0,
    0x0, 0x0, 0x0, 0xe, 0xff, 0xf3, 0x0, 0x0,
    0x0, 0x0, 0x7, 0xff, 0xfb, 0x0, 0x0, 0x0,
    0x0, 0x0, 0xef, 0xff, 0x30, 0x0, 0x0, 0x0,
    0x0, 0x7f, 0xff, 0xb0, 0x0, 0x0, 0x0, 0x0,
    0xe, 0xff, 0xf4, 0x0, 0x0, 0x0, 0x0, 0x6,
    0xff, 0xfc, 0x0, 0x0, 0x0, 0x0,

    /* U+0038 "8" */
    0x0, 0x0, 0x6b, 0xef, 0xed, 0x93, 0x0, 0x0,
    0x0, 0x3e, 0xff, 0xff, 0xff, 0xff, 0xa0, 0x0,
    0x2, 0xff, 0xff, 0xff, 0xff, 0xff, 0xfb, 0x0,
    0xb, 0xff, 0xfe, 0x52, 0x28, 0xff, 0xff, 0x40,
    0xf, 0xff, 0xf2, 0x0, 0x0, 0x9f, 0xff, 0x80,
    0xf, 0xff, 0xe0, 0x0, 0x0, 0x5f, 0xff, 0x80,
    0xc, 0xff, 0xf1, 0x0, 0x0, 0x8f, 0xff, 0x50,
    0x4, 0xff, 0xfd, 0x30, 0x7, 0xff, 0xfc, 0x0,
    0x0, 0x4e, 0xff, 0xff, 0xff, 0xff, 0xb1, 0x0,
    0x0, 0x5, 0xdf, 0xff, 0xff, 0xf9, 0x10, 0x0,
    0x1, 0xcf, 0xff, 0xff, 0xff, 0xff, 0xf6, 0x0,
    0xc, 0xff, 0xfc, 0x30, 0x17, 0xff, 0xff, 0x50,
    0x5f, 0xff, 0xd0, 0x0, 0x0, 0x5f, 0xff, 0xe0,
    0xaf, 0xff, 0x70, 0x0, 0x0, 0xe, 0xff, 0xf3,
    0xbf, 0xff, 0x70, 0x0, 0x0, 0xe, 0xff, 0xf4,
    0x9f, 0xff, 0xc0, 0x0, 0x0, 0x4f, 0xff, 0xf2,
    0x3f, 0xff, 0xfb, 0x30, 0x16, 0xef, 0xff, 0xc0,
    0x8, 0xff, 0xff, 0xff, 0xff, 0xff, 0xfe, 0x20,
    0x0, 0x7f, 0xff, 0xff, 0xff, 0xff, 0xc2, 0x0,
    0x0, 0x1, 0x7b, 0xef, 0xfd, 0xa4, 0x0, 0x0,

    /* U+0039 "9" */
    0x0, 0x0, 0x6b, 0xef, 0xeb, 0x70, 0x0, 0x0,
    0x0, 0x4e, 0xff, 0xff, 0xff, 0xfe, 0x30, 0x0,
    0x3, 0xff, 0xff, 0xff, 0xff, 0xff, 0xf3, 0x0,
    0xe, 0xff, 0xfe, 0x74, 0x6d, 0xff, 0xfe, 0x0,
    0x5f, 0xff, 0xd1, 0x0, 0x0, 0xcf, 0xff, 0x60,
    0x9f, 0xff, 0x50, 0x0, 0x0, 0x4f, 0xff, 0xc0,
    0xbf, 0xff, 0x30, 0x0, 0x0, 0x1f, 0xff, 0xf0,
    0xaf, 0xff, 0x40, 0x0, 0x0, 0x3f, 0xff, 0xf2,
    0x8f, 0xff, 0xb0, 0x0, 0x0, 0xbf, 0xff, 0xf3,
    0x2f, 0xff, 0xfa, 0x20, 0x2b, 0xff, 0xff, 0xf4,
    0x9, 0xff, 0xff, 0xff, 0xff, 0xec, 0xff, 0xf4,
    0x0, 0xaf, 0xff, 0xff, 0xfe, 0x3b, 0xff, 0xf3,
    0x0, 0x4, 0xbd, 0xfd, 0x81, 0xd, 0xff, 0xf0,
    0x0, 0x0, 0x0, 0x0, 0x0, 0x1f, 0xff, 0xd0,
    0x5c, 0xcc, 0x70, 0x0, 0x0, 0x8f, 0xff, 0x80,
    0x3f, 0xff, 0xe2, 0x0, 0x4, 0xff, 0xff, 0x20,
    0xc, 0xff, 0xff, 0xa8, 0xbf, 0xff, 0xf9, 0x0,
    0x3, 0xff, 0xff, 0xff, 0xff, 0xff, 0xd0, 0x0,
    0x0, 0x3e, 0xff, 0xff, 0xff, 0xfb, 0x10, 0x0,
    0x0, 0x0, 0x6c, 0xef, 0xeb, 0x50, 0x0, 0x0,

    /* U+003A ":" */
    0x4, 0x84, 0x5, 0xff, 0xf6, 0xbf, 0xff, 0xb9,
    0xff, 0xf9, 0x1b, 0xfb, 0x10, 0x0, 0x0, 0x0,
    0x0, 0x0, 0x0, 0x0, 0x0, 0x0, 0x0, 0x0,
    0x0, 0x4, 0x84, 0x5, 0xff, 0xf6, 0xbf, 0xff,
    0xb9, 0xff, 0xf9, 0x1b, 0xfb, 0x10,

    /* U+003B ";" */
    0x0, 0x28, 0x60, 0x0, 0x2f, 0xff, 0xa0, 0x7,
    0xff, 0xff, 0x0, 0x5f, 0xff, 0xd0, 0x0, 0x9f,
    0xd3, 0x0, 0x0, 0x0, 0x0, 0x0, 0x0, 0x0,
    0x0, 0x0, 0x0, 0x0, 0x0, 0x0, 0x0, 0x0,
    0x0, 0x0, 0x0, 0x0, 0x0, 0x0, 0x0, 0x3,
    0x33, 0x20, 0x5, 0xff, 0xf7, 0x0, 0x8f, 0xff,
    0x20, 0xa, 0xff, 0xe0, 0x0, 0xcf, 0xf9, 0x0,
    0xf, 0xff, 0x40, 0x1, 0xff, 0xf0, 0x0, 0x3f,
    0xfb, 0x0, 0x5, 0xff, 0x60, 0x0,

    /* U+003C "<" */
    0x0, 0x0, 0x0, 0x0, 0x0, 0x0, 0x13, 0x0,
    0x0, 0x0, 0x0, 0x0, 0x29, 0xfa, 0x0, 0x0,
    0x0, 0x0, 0x3a, 0xff, 0xfa, 0x0, 0x0, 0x0,
    0x5c, 0xff, 0xff, 0xfa, 0x0, 0x0, 0x7e, 0xff,
    0xff, 0xff, 0xc4, 0x1, 0x8f, 0xff, 0xff, 0xff,
    0x92, 0x0, 0x9f, 0xff, 0xff, 0xfc, 0x60, 0x0,
    0x0, 0xdf, 0xff, 0xf9, 0x30, 0x0, 0x0, 0x0,
    0xdf, 0xff, 0xd5, 0x0, 0x0, 0x0, 0x0, 0xcf,
    0xff, 0xff, 0xe8, 0x20, 0x0, 0x0, 0x5, 0xcf,
    0xff, 0xff, 0xfb, 0x50, 0x0, 0x0, 0x3, 0xbf,
    0xff, 0xff, 0xfe, 0x81, 0x0, 0x0, 0x2, 0x9f,
    0xff, 0xff, 0xfa, 0x0, 0x0, 0x0, 0x1, 0x7e,
    0xff, 0xfa, 0x0, 0x0, 0x0, 0x0, 0x0, 0x5c,
    0xfa, 0x0, 0x0, 0x0, 0x0, 0x0, 0x0, 0x46,

    /* U+003D "=" */
    0x6f, 0xff, 0xff, 0xff, 0xff, 0xff, 0xfb, 0x6f,
    0xff, 0xff, 0xff, 0xff, 0xff, 0xfb, 0x6f, 0xff,
    0xff, 0xff, 0xff, 0xff, 0xfb, 0x25, 0x55, 0x55,
    0x55, 0x55, 0x55, 0x53, 0x0, 0x0, 0x0, 0x0,
    0x0, 0x0, 0x0, 0x0, 0x0, 0x0, 0x0, 0x0,
    0x0, 0x0, 0x25, 0x55, 0x55, 0x55, 0x55, 0x55,
    0x54, 0x6f, 0xff, 0xff, 0xff, 0xff, 0xff, 0xfb,
    0x6f, 0xff, 0xff, 0xff, 0xff, 0xff, 0xfb, 0x6f,
    0xff, 0xff, 0xff, 0xff, 0xff, 0xfb,

    /* U+003E ">" */
    0x22, 0x0, 0x0, 0x0, 0x0, 0x0, 0x0, 0x4,
    0xfb, 0x40, 0x0, 0x0, 0x0, 0x0, 0x0, 0x4f,
    0xff, 0xd6, 0x0, 0x0, 0x0, 0x0, 0x4, 0xff,
    0xff, 0xfe, 0x71, 0x0, 0x0, 0x0, 0x19, 0xff,
    0xff, 0xff, 0xf9, 0x20, 0x0, 0x0, 0x1, 0x7d,
    0xff, 0xff, 0xff, 0xb3, 0x0, 0x0, 0x0, 0x4,
    0xaf, 0xff, 0xff, 0xfc, 0x10, 0x0, 0x0, 0x0,
    0x17, 0xef, 0xff, 0xf2, 0x0, 0x0, 0x0, 0x0,
    0x3a, 0xff, 0xff, 0x20, 0x0, 0x0, 0x6, 0xdf,
    0xff, 0xff, 0xf1, 0x0, 0x3, 0x9f, 0xff, 0xff,
    0xfe, 0x81, 0x0, 0x6c, 0xff, 0xff, 0xff, 0xd6,
    0x0, 0x0, 0x4f, 0xff, 0xff, 0xfb, 0x40, 0x0,
    0x0, 0x4, 0xff, 0xff, 0x92, 0x0, 0x0, 0x0,
    0x0, 0x4f, 0xe8, 0x10, 0x0, 0x0, 0x0, 0x0,
    0x3, 0x60, 0x0, 0x0, 0x0, 0x0, 0x0, 0x0,

    /* U+003F "?" */
    0x0, 0x7, 0xce, 0xfe, 0xb6, 0x0, 0x0, 0x3e,
    0xff, 0xff, 0xff, 0xfd, 0x20, 0x1e, 0xff, 0xff,
    0xff, 0xff, 0xfe, 0x18, 0xff, 0xfe, 0x63, 0x8f,
    0xff, 0xf8, 0xcf, 0xff, 0x20, 0x0, 0x7f, 0xff,
    0xb8, 0x99, 0x80, 0x0, 0x4, 0xff, 0xfc, 0x0,
    0x0, 0x0, 0x0, 0x8f, 0xff, 0xa0, 0x0, 0x0,
    0x0, 0x5f, 0xff, 0xf4, 0x0, 0x0, 0x0, 0x9f,
    0xff, 0xf9, 0x0, 0x0, 0x0, 0xcf, 0xff, 0xf7,
    0x0, 0x0, 0x0, 0x6f, 0xff, 0xe3, 0x0, 0x0,
    0x0, 0xb, 0xff, 0xf3, 0x0, 0x0, 0x0, 0x0,
    0xdf, 0xfc, 0x0, 0x0, 0x0, 0x0, 0x9, 0xbb,
    0x70, 0x0, 0x0, 0x0, 0x0, 0x0, 0x0, 0x0,
    0x0, 0x0, 0x0, 0x1, 0x66, 0x0, 0x0, 0x0,
    0x0, 0x1, 0xef, 0xfd, 0x0, 0x0, 0x0, 0x0,
    0x5f, 0xff, 0xf3, 0x0, 0x0, 0x0, 0x4, 0xff,
    0xff, 0x10, 0x0, 0x0, 0x0, 0x8, 0xee, 0x60,
    0x0, 0x0,

    /* U+0040 "@" */
    0x0, 0x0, 0x0, 0x1, 0x59, 0xce, 0xff, 0xdc,
    0x84, 0x0, 0x0, 0x0, 0x0, 0x0, 0x0, 0x1,
    0x8f, 0xff, 0xff, 0xff, 0xff, 0xff, 0xd5, 0x0,
    0x0, 0x0, 0x0, 0x0, 0x4e, 0xff, 0xff, 0xff,
    0xff, 0xff, 0xff, 0xff, 0xb1, 0x0, 0x0, 0x0,
    0x5, 0xff, 0xff, 0xe9, 0x42, 0x10, 0x24, 0x8e,
    0xff, 0xfd, 0x10, 0x0, 0x0, 0x2f, 0xff, 0xf7,
    0x0, 0x0, 0x0, 0x0, 0x0, 0x7f, 0xff, 0xc0,
    0x0, 0x0, 0xdf, 0xff, 0x40, 0x0, 0x0, 0x0,
    0x0, 0x0, 0x5, 0xff, 0xf8, 0x0, 0x5, 0xff,
    0xf6, 0x0, 0x0, 0x0, 0x0, 0x0, 0x0, 0x0,
    0x8f, 0xff, 0x10, 0xc, 0xff, 0xc0, 0x0, 0x4,
    0xbe, 0xfd, 0x61, 0xbb, 0x60, 0xe, 0xff, 0x70,
    0x1f, 0xff, 0x50, 0x0, 0x9f, 0xff, 0xff, 0xfb,
    0xff, 0x90, 0x8, 0xff, 0xb0, 0x5f, 0xff, 0x0,
    0x7, 0xff, 0xff, 0xff, 0xff, 0xff, 0x90, 0x4,
    0xff, 0xf0, 0x9f, 0xfc, 0x0, 0xf, 0xff, 0xb2,
    0x2, 0x9f, 0xff, 0x90, 0x1, 0xff, 0xf1, 0xaf,
    0xfa, 0x0, 0x4f, 0xfd, 0x0, 0x0, 0xb, 0xff,
    0x90, 0x0, 0xff, 0xf2, 0xbf, 0xf9, 0x0, 0x7f,
    0xf7, 0x0, 0x0, 0x6, 0xff, 0x90, 0x0, 0xff,
    0xf2, 0xbf, 0xf9, 0x0, 0x8f, 0xf6, 0x0, 0x0,
    0x5, 0xff, 0x90, 0x0, 0xff, 0xf1, 0xaf, 0xfa,
    0x0, 0x7f, 0xf7, 0x0, 0x0, 0x6, 0xff, 0x90,
    0x2, 0xff, 0xf0, 0x9f, 0xfc, 0x0, 0x5f, 0xfb,
    0x0, 0x0, 0xa, 0xff, 0x90, 0x5, 0xff, 0xc0,
    0x7f, 0xff, 0x0, 0xf, 0xff, 0x50, 0x0, 0x4f,
    0xff, 0xa0, 0xb, 0xff, 0x70, 0x3f, 0xff, 0x40,
    0x8, 0xff, 0xfc, 0x9b, 0xff, 0xff, 0xfa, 0xcf,
    0xfe, 0x0, 0xe, 0xff, 0xc0, 0x0, 0xbf, 0xff,
    0xff, 0xfa, 0x8f, 0xff, 0xff, 0xf4, 0x0, 0x7,
    0xff, 0xf5, 0x0, 0x6, 0xce, 0xfd, 0x70, 0x6,
    0xdf, 0xea, 0x30, 0x0, 0x1, 0xff, 0xff, 0x40,
    0x0, 0x0, 0x0, 0x0, 0x0, 0x0, 0x0, 0x0,
    0x0, 0x0, 0x5f, 0xff, 0xf7, 0x0, 0x0, 0x0,
    0x0, 0x0, 0x0, 0x0, 0x0, 0x0, 0x0, 0x8,
    0xff, 0xff, 0xe9, 0x52, 0x11, 0x23, 0x7b, 0xb0,
    0x0, 0x0, 0x0, 0x0, 0x0, 0x5f, 0xff, 0xff,
    0xff, 0xff, 0xff, 0xff, 0xf2, 0x0, 0x0, 0x0,
    0x0, 0x0, 0x2, 0x9f, 0xff, 0xff, 0xff, 0xff,
    0xff, 0xf6, 0x0, 0x0, 0x0, 0x0, 0x0, 0x0,
    0x1, 0x5a, 0xce, 0xff, 0xec, 0x96, 0x10, 0x0,
    0x0, 0x0,

    /* U+0041 "A" */
    0x0, 0x0, 0x0, 0xd, 0xff, 0xff, 0xc0, 0x0,
    0x0, 0x0, 0x0, 0x0, 0x0, 0x2f, 0xff, 0xff,
    0xf2, 0x0, 0x0, 0x0, 0x0, 0x0, 0x0, 0x7f,
    0xff, 0xff, 0xf7, 0x0, 0x0, 0x0, 0x0, 0x0,
    0x0, 0xdf, 0xfe, 0xff, 0xfd, 0x0, 0x0, 0x0,
    0x0, 0x0, 0x2, 0xff, 0xfa, 0xbf, 0xff, 0x20,
    0x0, 0x0, 0x0, 0x0, 0x7, 0xff, 0xf6, 0x6f,
    0xff, 0x80, 0x0, 0x0, 0x0, 0x0, 0xd, 0xff,
    0xf2, 0x2f, 0xff, 0xd0, 0x0, 0x0, 0x0, 0x0,
    0x2f, 0xff, 0xe0, 0xe, 0xff, 0xf3, 0x0, 0x0,
    0x0, 0x0, 0x8f, 0xff, 0x90, 0x9, 0xff, 0xf8,
    0x0, 0x0, 0x0, 0x0, 0xdf, 0xff, 0x50, 0x5,
    0xff, 0xfe, 0x0, 0x0, 0x0, 0x2, 0xff, 0xff,
    0x0, 0x0, 0xff, 0xff, 0x30, 0x0, 0x0, 0x8,
    0xff, 0xfb, 0x0, 0x0, 0xaf, 0xff, 0x90, 0x0,
    0x0, 0xd, 0xff, 0xff, 0xff, 0xff, 0xff, 0xff,
    0xe0, 0x0, 0x0, 0x2f, 0xff, 0xff, 0xff, 0xff,
    0xff, 0xff, 0xf4, 0x0, 0x0, 0x8f, 0xff, 0xff,
    0xff, 0xff, 0xff, 0xff, 0xf9, 0x0, 0x0, 0xdf,
    0xff, 0x82, 0x22, 0x22, 0x27, 0xff, 0xfe, 0x0,
    0x3, 0xff, 0xff, 0x20, 0x0, 0x0, 0x1, 0xff,
    0xff, 0x40, 0x8, 0xff, 0xfd, 0x0, 0x0, 0x0,
    0x0, 0xbf, 0xff, 0xa0, 0xd, 0xff, 0xf8, 0x0,
    0x0, 0x0, 0x0, 0x6f, 0xff, 0xf0, 0x3f, 0xff,
    0xf3, 0x0, 0x0, 0x0, 0x0, 0x1f, 0xff, 0xf5,

    /* U+0042 "B" */
    0x3f, 0xff, 0xff, 0xff, 0xfe, 0xd8, 0x20, 0x0,
    0x3f, 0xff, 0xff, 0xff, 0xff, 0xff, 0xf7, 0x0,
    0x3f, 0xff, 0xff, 0xff, 0xff, 0xff, 0xff, 0x50,
    0x3f, 0xff, 0xd4, 0x44, 0x59, 0xff, 0xff, 0xc0,
    0x3f, 0xff, 0xc0, 0x0, 0x0, 0x6f, 0xff, 0xf0,
    0x3f, 0xff, 0xc0, 0x0, 0x0, 0x1f, 0xff, 0xf0,
    0x3f, 0xff, 0xc0, 0x0, 0x0, 0x2f, 0xff, 0xc0,
    0x3f, 0xff, 0xc0, 0x0, 0x1, 0xcf, 0xff, 0x40,
    0x3f, 0xff, 0xfc, 0xcc, 0xdf, 0xff, 0xe5, 0x0,
    0x3f, 0xff, 0xff, 0xff, 0xff, 0xfd, 0x50, 0x0,
    0x3f, 0xff, 0xff, 0xff, 0xff, 0xff, 0xfe, 0x30,
    0x3f, 0xff, 0xc0, 0x0, 0x2, 0xaf, 0xff, 0xe1,
    0x3f, 0xff, 0xc0, 0x0, 0x0, 0xb, 0xff, 0xf7,
    0x3f, 0xff, 0xc0, 0x0, 0x0, 0x6, 0xff, 0xfb,
    0x3f, 0xff, 0xc0, 0x0, 0x0, 0x6, 0xff, 0xfc,
    0x3f, 0xff, 0xc0, 0x0, 0x0, 0xc, 0xff, 0xfa,
    0x3f, 0xff, 0xd5, 0x55, 0x57, 0xdf, 0xff, 0xf6,
    0x3f, 0xff, 0xff, 0xff, 0xff, 0xff, 0xff, 0xd0,
    0x3f, 0xff, 0xff, 0xff, 0xff, 0xff, 0xfc, 0x10,
    0x3f, 0xff, 0xff, 0xff, 0xff, 0xdb, 0x50, 0x0,

    /* U+0043 "C" */
    0x0, 0x0, 0x3, 0x9d, 0xff, 0xec, 0x71, 0x0,
    0x0, 0x0, 0x1, 0xaf, 0xff, 0xff, 0xff, 0xff,
    0x80, 0x0, 0x0, 0x1d, 0xff, 0xff, 0xff, 0xff,
    0xff, 0xfb, 0x0, 0x0, 0xdf, 0xff, 0xff, 0xba,
    0xcf, 0xff, 0xff, 0x80, 0x7, 0xff, 0xff, 0x90,
    0x0, 0x1, 0xbf, 0xff, 0xf1, 0xe, 0xff, 0xf9,
    0x0, 0x0, 0x0, 0xd, 0xff, 0xf7, 0x4f, 0xff,
    0xf1, 0x0, 0x0, 0x0, 0x6, 0xff, 0xfa, 0x8f,
    0xff, 0xa0, 0x0, 0x0, 0x0, 0x0, 0x0, 0x0,
    0xaf, 0xff, 0x70, 0x0, 0x0, 0x0, 0x0, 0x0,
    0x0, 0xbf, 0xff, 0x50, 0x0, 0x0, 0x0, 0x0,
    0x0, 0x0, 0xbf, 0xff, 0x50, 0x0, 0x0, 0x0,
    0x0, 0x0, 0x0, 0xaf, 0xff, 0x70, 0x0, 0x0,
    0x0, 0x0, 0x0, 0x0, 0x8f, 0xff, 0xa0, 0x0,
    0x0, 0x0, 0x0, 0x0, 0x0, 0x4f, 0xff, 0xf0,
    0x0, 0x0, 0x0, 0x6, 0xff, 0xfb, 0xe, 0xff,
    0xf9, 0x0, 0x0, 0x0, 0xd, 0xff, 0xf7, 0x8,
    0xff, 0xff, 0x80, 0x0, 0x1, 0xbf, 0xff, 0xf1,
    0x0, 0xdf, 0xff, 0xff, 0xba, 0xbf, 0xff, 0xff,
    0x70, 0x0, 0x2e, 0xff, 0xff, 0xff, 0xff, 0xff,
    0xfa, 0x0, 0x0, 0x1, 0xbf, 0xff, 0xff, 0xff,
    0xff, 0x70, 0x0, 0x0, 0x0, 0x3, 0x9d, 0xff,
    0xec, 0x71, 0x0, 0x0,

    /* U+0044 "D" */
    0x3f, 0xff, 0xff, 0xff, 0xfd, 0xa6, 0x0, 0x0,
    0x0, 0x3f, 0xff, 0xff, 0xff, 0xff, 0xff, 0xe5,
    0x0, 0x0, 0x3f, 0xff, 0xff, 0xff, 0xff, 0xff,
    0xff, 0x80, 0x0, 0x3f, 0xff, 0xe7, 0x77, 0x9c,
    0xff, 0xff, 0xf6, 0x0, 0x3f, 0xff, 0xc0, 0x0,
    0x0, 0x2c, 0xff, 0xfe, 0x10, 0x3f, 0xff, 0xc0,
    0x0, 0x0, 0x0, 0xef, 0xff, 0x70, 0x3f, 0xff,
    0xc0, 0x0, 0x0, 0x0, 0x5f, 0xff, 0xc0, 0x3f,
    0xff, 0xc0, 0x0, 0x0, 0x0, 0x1f, 0xff, 0xf0,
    0x3f, 0xff, 0xc0, 0x0, 0x0, 0x0, 0xd, 0xff,
    0xf2, 0x3f, 0xff, 0xc0, 0x0, 0x0, 0x0, 0xc,
    0xff, 0xf3, 0x3f, 0xff, 0xc0, 0x0, 0x0, 0x0,
    0xc, 0xff, 0xf3, 0x3f, 0xff, 0xc0, 0x0, 0x0,
    0x0, 0xd, 0xff, 0xf2, 0x3f, 0xff, 0xc0, 0x0,
    0x0, 0x0, 0x1f, 0xff, 0xf0, 0x3f, 0xff, 0xc0,
    0x0, 0x0, 0x0, 0x5f, 0xff, 0xc0, 0x3f, 0xff,
    0xc0, 0x0, 0x0, 0x0, 0xef, 0xff, 0x70, 0x3f,
    0xff, 0xc0, 0x0, 0x0, 0x2c, 0xff, 0xfe, 0x10,
    0x3f, 0xff, 0xe7, 0x77, 0x9c, 0xff, 0xff, 0xf6,
    0x0, 0x3f, 0xff, 0xff, 0xff, 0xff, 0xff, 0xff,
    0x80, 0x0, 0x3f, 0xff, 0xff, 0xff, 0xff, 0xff,
    0xe5, 0x0, 0x0, 0x3f, 0xff, 0xff, 0xff, 0xfd,
    0xa6, 0x0, 0x0, 0x0,

    /* U+0045 "E" */
    0x3f, 0xff, 0xff, 0xff, 0xff, 0xff, 0xfe, 0x3f,
    0xff, 0xff, 0xff, 0xff, 0xff, 0xfe, 0x3f, 0xff,
    0xff, 0xff, 0xff, 0xff, 0xfe, 0x3f, 0xff, 0xd5,
    0x55, 0x55, 0x55, 0x55, 0x3f, 0xff, 0xc0, 0x0,
    0x0, 0x0, 0x0, 0x3f, 0xff, 0xc0, 0x0, 0x0,
    0x0, 0x0, 0x3f, 0xff, 0xc0, 0x0, 0x0, 0x0,
    0x0, 0x3f, 0xff, 0xc0, 0x0, 0x0, 0x0, 0x0,
    0x3f, 0xff, 0xd4, 0x44, 0x44, 0x44, 0x41, 0x3f,
    0xff, 0xff, 0xff, 0xff, 0xff, 0xf3, 0x3f, 0xff,
    0xff, 0xff, 0xff, 0xff, 0xf3, 0x3f, 0xff, 0xff,
    0xff, 0xff, 0xff, 0xf3, 0x3f, 0xff, 0xc0, 0x0,
    0x0, 0x0, 0x0, 0x3f, 0xff, 0xc0, 0x0, 0x0,
    0x0, 0x0, 0x3f, 0xff, 0xc0, 0x0, 0x0, 0x0,
    0x0, 0x3f, 0xff, 0xc0, 0x0, 0x0, 0x0, 0x0,
    0x3f, 0xff, 0xd5, 0x55, 0x55, 0x55, 0x55, 0x3f,
    0xff, 0xff, 0xff, 0xff, 0xff, 0xff, 0x3f, 0xff,
    0xff, 0xff, 0xff, 0xff, 0xff, 0x3f, 0xff, 0xff,
    0xff, 0xff, 0xff, 0xff,

    /* U+0046 "F" */
    0x3f, 0xff, 0xff, 0xff, 0xff, 0xff, 0xfb, 0x3f,
    0xff, 0xff, 0xff, 0xff, 0xff, 0xfb, 0x3f, 0xff,
    0xff, 0xff, 0xff, 0xff, 0xfb, 0x3f, 0xff, 0xd5,
    0x55, 0x55, 0x55, 0x54, 0x3f, 0xff, 0xc0, 0x0,
    0x0, 0x0, 0x0, 0x3f, 0xff, 0xc0, 0x0, 0x0,
    0x0, 0x0, 0x3f, 0xff, 0xc0, 0x0, 0x0, 0x0,
    0x0, 0x3f, 0xff, 0xc0, 0x0, 0x0, 0x0, 0x0,
    0x3f, 0xff, 0xc0, 0x0, 0x0, 0x0, 0x0, 0x3f,
    0xff, 0xff, 0xff, 0xff, 0xff, 0xd0, 0x3f, 0xff,
    0xff, 0xff, 0xff, 0xff, 0xd0, 0x3f, 0xff, 0xff,
    0xff, 0xff, 0xff, 0xd0, 0x3f, 0xff, 0xd4, 0x44,
    0x44, 0x44, 0x30, 0x3f, 0xff, 0xc0, 0x0, 0x0,
    0x0, 0x0, 0x3f, 0xff, 0xc0, 0x0, 0x0, 0x0,
    0x0, 0x3f, 0xff, 0xc0, 0x0, 0x0, 0x0, 0x0,
    0x3f, 0xff, 0xc0, 0x0, 0x0, 0x0, 0x0, 0x3f,
    0xff, 0xc0, 0x0, 0x0, 0x0, 0x0, 0x3f, 0xff,
    0xc0, 0x0, 0x0, 0x0, 0x0, 0x3f, 0xff, 0xc0,
    0x0, 0x0, 0x0, 0x0,

    /* U+0047 "G" */
    0x0, 0x0, 0x2, 0x8c, 0xff, 0xec, 0x71, 0x0,
    0x0, 0x0, 0x1, 0xaf, 0xff, 0xff, 0xff, 0xff,
    0x80, 0x0, 0x0, 0x1d, 0xff, 0xff, 0xff, 0xff,
    0xff, 0xfb, 0x0, 0x0, 0xcf, 0xff, 0xff, 0xba,
    0xbf, 0xff, 0xff, 0x90, 0x7, 0xff, 0xff, 0x91,
    0x0, 0x1, 0xaf, 0xff, 0xf2, 0xe, 0xff, 0xf9,
    0x0, 0x0, 0x0, 0xc, 0xff, 0xf8, 0x4f, 0xff,
    0xf1, 0x0, 0x0, 0x0, 0x2, 0x66, 0x64, 0x8f,
    0xff, 0xa0, 0x0, 0x0, 0x0, 0x0, 0x0, 0x0,
    0xaf, 0xff, 0x70, 0x0, 0x0, 0x0, 0x0, 0x0,
    0x0, 0xbf, 0xff, 0x50, 0x0, 0x3, 0xff, 0xff,
    0xff, 0xff, 0xbf, 0xff, 0x50, 0x0, 0x3, 0xff,
    0xff, 0xff, 0xff, 0xaf, 0xff, 0x70, 0x0, 0x3,
    0xff, 0xff, 0xff, 0xff, 0x8f, 0xff, 0xa0, 0x0,
    0x0, 0x11, 0x11, 0xff, 0xfe, 0x4f, 0xff, 0xf1,
    0x0, 0x0, 0x0, 0x3, 0xff, 0xfc, 0xe, 0xff,
    0xf9, 0x0, 0x0, 0x0, 0xa, 0xff, 0xf8, 0x7,
    0xff, 0xff, 0x91, 0x0, 0x0, 0x8f, 0xff, 0xf2,
    0x0, 0xdf, 0xff, 0xff, 0xb9, 0xbe, 0xff, 0xff,
    0x80, 0x0, 0x2d, 0xff, 0xff, 0xff, 0xff, 0xff,
    0xfb, 0x0, 0x0, 0x1, 0xbf, 0xff, 0xff, 0xff,
    0xff, 0x80, 0x0, 0x0, 0x0, 0x3, 0x9d, 0xff,
    0xfc, 0x82, 0x0, 0x0,

    /* U+0048 "H" */
    0x3f, 0xff, 0xc0, 0x0, 0x0, 0x0, 0xa, 0xff,
    0xf6, 0x3f, 0xff, 0xc0, 0x0, 0x0, 0x0, 0xa,
    0xff, 0xf6, 0x3f, 0xff, 0xc0, 0x0, 0x0, 0x0,
    0xa, 0xff, 0xf6, 0x3f, 0xff, 0xc0, 0x0, 0x0,
    0x0, 0xa, 0xff, 0xf6, 0x3f, 0xff, 0xc0, 0x0,
    0x0, 0x0, 0xa, 0xff, 0xf6, 0x3f, 0xff, 0xc0,
    0x0, 0x0, 0x0, 0xa, 0xff, 0xf6, 0x3f, 0xff,
    0xc0, 0x0, 0x0, 0x0, 0xa, 0xff, 0xf6, 0x3f,
    0xff, 0xc0, 0x0, 0x0, 0x0, 0xa, 0xff, 0xf6,
    0x3f, 0xff, 0xff, 0xff, 0xff, 0xff, 0xff, 0xff,
    0xf6, 0x3f, 0xff, 0xff, 0xff, 0xff, 0xff, 0xff,
    0xff, 0xf6, 0x3f, 0xff, 0xff, 0xff, 0xff, 0xff,
    0xff, 0xff, 0xf6, 0x3f, 0xff, 0xd5, 0x55, 0x55,
    0x55, 0x5c, 0xff, 0xf6, 0x3f, 0xff, 0xc0, 0x0,
    0x0, 0x0, 0xa, 0xff, 0xf6, 0x3f, 0xff, 0xc0,
    0x0, 0x0, 0x0, 0xa, 0xff, 0xf6, 0x3f, 0xff,
    0xc0, 0x0, 0x0, 0x0, 0xa, 0xff, 0xf6, 0x3f,
    0xff, 0xc0, 0x0, 0x0, 0x0, 0xa, 0xff, 0xf6,
    0x3f, 0xff, 0xc0, 0x0, 0x0, 0x0, 0xa, 0xff,
    0xf6, 0x3f, 0xff, 0xc0, 0x0, 0x0, 0x0, 0xa,
    0xff, 0xf6, 0x3f, 0xff, 0xc0, 0x0, 0x0, 0x0,
    0xa, 0xff, 0xf6, 0x3f, 0xff, 0xc0, 0x0, 0x0,
    0x0, 0xa, 0xff, 0xf6,

    /* U+0049 "I" */
    0x3f, 0xff, 0xc3, 0xff, 0xfc, 0x3f, 0xff, 0xc3,
    0xff, 0xfc, 0x3f, 0xff, 0xc3, 0xff, 0xfc, 0x3f,
    0xff, 0xc3, 0xff, 0xfc, 0x3f, 0xff, 0xc3, 0xff,
    0xfc, 0x3f, 0xff, 0xc3, 0xff, 0xfc, 0x3f, 0xff,
    0xc3, 0xff, 0xfc, 0x3f, 0xff, 0xc3, 0xff, 0xfc,
    0x3f, 0xff, 0xc3, 0xff, 0xfc, 0x3f, 0xff, 0xc3,
    0xff, 0xfc,

    /* U+004A "J" */
    0x0, 0x0, 0x0, 0x0, 0x0, 0xff, 0xff, 0x0,
    0x0, 0x0, 0x0, 0x0, 0xff, 0xff, 0x0, 0x0,
    0x0, 0x0, 0x0, 0xff, 0xff, 0x0, 0x0, 0x0,
    0x0, 0x0, 0xff, 0xff, 0x0, 0x0, 0x0, 0x0,
    0x0, 0xff, 0xff, 0x0, 0x0, 0x0, 0x0, 0x0,
    0xff, 0xff, 0x0, 0x0, 0x0, 0x0, 0x0, 0xff,
    0xff, 0x0, 0x0, 0x0, 0x0, 0x0, 0xff, 0xff,
    0x0, 0x0, 0x0, 0x0, 0x0, 0xff, 0xff, 0x0,
    0x0, 0x0, 0x0, 0x0, 0xff, 0xff, 0x0, 0x0,
    0x0, 0x0, 0x0, 0xff, 0xff, 0x0, 0x0, 0x0,
    0x0, 0x0, 0xff, 0xff, 0x5, 0x55, 0x50, 0x0,
    0x0, 0xff, 0xff, 0x1f, 0xff, 0xe0, 0x0, 0x0,
    0xff, 0xff, 0xf, 0xff, 0xf0, 0x0, 0x1, 0xff,
    0xff, 0xe, 0xff, 0xf5, 0x0, 0x6, 0xff, 0xfc,
    0x9, 0xff, 0xff, 0x74, 0x7f, 0xff, 0xf8, 0x2,
    0xff, 0xff, 0xff, 0xff, 0xff, 0xe1, 0x0, 0x3e,
    0xff, 0xff, 0xff, 0xfe, 0x20, 0x0, 0x1, 0x7c,
    0xef, 0xec, 0x70, 0x0,

    /* U+004B "K" */
    0x3f, 0xff, 0xc0, 0x0, 0x0, 0x0, 0xcf, 0xff,
    0xf2, 0x3f, 0xff, 0xc0, 0x0, 0x0, 0xa, 0xff,
    0xff, 0x40, 0x3f, 0xff, 0xc0, 0x0, 0x0, 0x7f,
    0xff, 0xf6, 0x0, 0x3f, 0xff, 0xc0, 0x0, 0x5,
    0xff, 0xff, 0x80, 0x0, 0x3f, 0xff, 0xc0, 0x0,
    0x3f, 0xff, 0xfb, 0x0, 0x0, 0x3f, 0xff, 0xc0,
    0x1, 0xef, 0xff, 0xd0, 0x0, 0x0, 0x3f, 0xff,
    0xc0, 0xc, 0xff, 0xfe, 0x10, 0x0, 0x0, 0x3f,
    0xff, 0xc0, 0x8f, 0xff, 0xf3, 0x0, 0x0, 0x0,
    0x3f, 0xff, 0xc4, 0xff, 0xff, 0x60, 0x0, 0x0,
    0x0, 0x3f, 0xff, 0xce, 0xff, 0xff, 0xb0, 0x0,
    0x0, 0x0, 0x3f, 0xff, 0xff, 0xff, 0xff, 0xf6,
    0x0, 0x0, 0x0, 0x3f, 0xff, 0xff, 0xfb, 0xff,
    0xff, 0x20, 0x0, 0x0, 0x3f, 0xff, 0xff, 0x60,
    0xdf, 0xff, 0xb0, 0x0, 0x0, 0x3f, 0xff, 0xf7,
    0x0, 0x3f, 0xff, 0xf6, 0x0, 0x0, 0x3f, 0xff,
    0xd0, 0x0, 0x9, 0xff, 0xff, 0x20, 0x0, 0x3f,
    0xff, 0xc0, 0x0, 0x0, 0xef, 0xff, 0xb0, 0x0,
    0x3f, 0xff, 0xc0, 0x0, 0x0, 0x4f, 0xff, 0xf6,
    0x0, 0x3f, 0xff, 0xc0, 0x0, 0x0, 0xa, 0xff,
    0xff, 0x20, 0x3f, 0xff, 0xc0, 0x0, 0x0, 0x1,
    0xef, 0xff, 0xb0, 0x3f, 0xff, 0xc0, 0x0, 0x0,
    0x0, 0x5f, 0xff, 0xf6,

    /* U+004C "L" */
    0x3f, 0xff, 0xc0, 0x0, 0x0, 0x0, 0x0, 0x3f,
    0xff, 0xc0, 0x0, 0x0, 0x0, 0x0, 0x3f, 0xff,
    0xc0, 0x0, 0x0, 0x0, 0x0, 0x3f, 0xff, 0xc0,
    0x0, 0x0, 0x0, 0x0, 0x3f, 0xff, 0xc0, 0x0,
    0x0, 0x0, 0x0, 0x3f, 0xff, 0xc0, 0x0, 0x0,
    0x0, 0x0, 0x3f, 0xff, 0xc0, 0x0, 0x0, 0x0,
    0x0, 0x3f, 0xff, 0xc0, 0x0, 0x0, 0x0, 0x0,
    0x3f, 0xff, 0xc0, 0x0, 0x0, 0x0, 0x0, 0x3f,
    0xff, 0xc0, 0x0, 0x0, 0x0, 0x0, 0x3f, 0xff,
    0xc0, 0x0, 0x0, 0x0, 0x0, 0x3f, 0xff, 0xc0,
    0x0, 0x0, 0x0, 0x0, 0x3f, 0xff, 0xc0, 0x0,
    0x0, 0x0, 0x0, 0x3f, 0xff, 0xc0, 0x0, 0x0,
    0x0, 0x0, 0x3f, 0xff, 0xc0, 0x0, 0x0, 0x0,
    0x0, 0x3f, 0xff, 0xc0, 0x0, 0x0, 0x0, 0x0,
    0x3f, 0xff, 0xd5, 0x55, 0x55, 0x55, 0x51, 0x3f,
    0xff, 0xff, 0xff, 0xff, 0xff, 0xf4, 0x3f, 0xff,
    0xff, 0xff, 0xff, 0xff, 0xf4, 0x3f, 0xff, 0xff,
    0xff, 0xff, 0xff, 0xf4,

    /* U+004D "M" */
    0x3f, 0xff, 0xff, 0xf2, 0x0, 0x0, 0x0, 0x0,
    0xff, 0xff, 0xff, 0x63, 0xff, 0xff, 0xff, 0x70,
    0x0, 0x0, 0x0, 0x5f, 0xff, 0xff, 0xf6, 0x3f,
    0xff, 0xff, 0xfd, 0x0, 0x0, 0x0, 0xa, 0xff,
    0xff, 0xff, 0x63, 0xff, 0xff, 0xff, 0xf2, 0x0,
    0x0, 0x0, 0xff, 0xff, 0xff, 0xf6, 0x3f, 0xff,
    0xcf, 0xff, 0x80, 0x0, 0x0, 0x5f, 0xff, 0xcf,
    0xff, 0x63, 0xff, 0xfa, 0xef, 0xfd, 0x0, 0x0,
    0xb, 0xff, 0xf9, 0xff, 0xf6, 0x3f, 0xff, 0xb9,
    0xff, 0xf3, 0x0, 0x1, 0xff, 0xfb, 0x9f, 0xff,
    0x63, 0xff, 0xfb, 0x5f, 0xff, 0x80, 0x0, 0x6f,
    0xff, 0x79, 0xff, 0xf6, 0x3f, 0xff, 0xb1, 0xff,
    0xfe, 0x0, 0xb, 0xff, 0xf2, 0xaf, 0xff, 0x63,
    0xff, 0xfc, 0xb, 0xff, 0xf3, 0x0, 0xff, 0xfd,
    0xa, 0xff, 0xf6, 0x3f, 0xff, 0xc0, 0x7f, 0xff,
    0x80, 0x5f, 0xff, 0x80, 0xaf, 0xff, 0x63, 0xff,
    0xfc, 0x1, 0xff, 0xfb, 0x8, 0xff, 0xf3, 0xa,
    0xff, 0xf6, 0x3f, 0xff, 0xc0, 0xc, 0xff, 0xf0,
    0xcf, 0xfd, 0x0, 0xaf, 0xff, 0x63, 0xff, 0xfc,
    0x0, 0x6f, 0xff, 0x3f, 0xff, 0x80, 0xa, 0xff,
    0xf6, 0x3f, 0xff, 0xc0, 0x1, 0xff, 0xfa, 0xff,
    0xf2, 0x0, 0xaf, 0xff, 0x63, 0xff, 0xfc, 0x0,
    0xb, 0xff, 0xff, 0xfd, 0x0, 0xa, 0xff, 0xf6,
    0x3f, 0xff, 0xc0, 0x0, 0x5f, 0xff, 0xff, 0x70,
    0x0, 0xaf, 0xff, 0x63, 0xff, 0xfc, 0x0, 0x0,
    0xff, 0xff, 0xf2, 0x0, 0xa, 0xff, 0xf6, 0x3f,
    0xff, 0xc0, 0x0, 0xa, 0xff, 0xfc, 0x0, 0x0,
    0xaf, 0xff, 0x63, 0xff, 0xfc, 0x0, 0x0, 0x4f,
    0xff, 0x70, 0x0, 0xa, 0xff, 0xf6,

    /* U+004E "N" */
    0x3f, 0xff, 0xf9, 0x0, 0x0, 0x0, 0x5, 0xff,
    0xfc, 0x3f, 0xff, 0xff, 0x30, 0x0, 0x0, 0x5,
    0xff, 0xfc, 0x3f, 0xff, 0xff, 0xc0, 0x0, 0x0,
    0x5, 0xff, 0xfc, 0x3f, 0xff, 0xff, 0xf6, 0x0,
    0x0, 0x5, 0xff, 0xfc, 0x3f, 0xff, 0xff, 0xfe,
    0x10, 0x0, 0x5, 0xff, 0xfc, 0x3f, 0xff, 0xcf,
    0xff, 0xa0, 0x0, 0x5, 0xff, 0xfc, 0x3f, 0xff,
    0xba, 0xff, 0xf3, 0x0, 0x5, 0xff, 0xfc, 0x3f,
    0xff, 0xc2, 0xff, 0xfd, 0x0, 0x5, 0xff, 0xfc,
    0x3f, 0xff, 0xd0, 0xaf, 0xff, 0x70, 0x5, 0xff,
    0xfc, 0x3f, 0xff, 0xd0, 0x2f, 0xff, 0xf1, 0x4,
    0xff, 0xfc, 0x3f, 0xff, 0xe0, 0x8, 0xff, 0xfa,
    0x4, 0xff, 0xfc, 0x3f, 0xff, 0xe0, 0x0, 0xef,
    0xff, 0x44, 0xff, 0xfc, 0x3f, 0xff, 0xe0, 0x0,
    0x5f, 0xff, 0xc3, 0xff, 0xfc, 0x3f, 0xff, 0xe0,
    0x0, 0xb, 0xff, 0xf6, 0xff, 0xfc, 0x3f, 0xff,
    0xe0, 0x0, 0x2, 0xff, 0xfd, 0xff, 0xfc, 0x3f,
    0xff, 0xe0, 0x0, 0x0, 0x7f, 0xff, 0xff, 0xfc,
    0x3f, 0xff, 0xe0, 0x0, 0x0, 0xd, 0xff, 0xff,
    0xfc, 0x3f, 0xff, 0xe0, 0x0, 0x0, 0x3, 0xff,
    0xff, 0xfc, 0x3f, 0xff, 0xe0, 0x0, 0x0, 0x0,
    0xaf, 0xff, 0xfc, 0x3f, 0xff, 0xe0, 0x0, 0x0,
    0x0, 0x1e, 0xff, 0xfc,

    /* U+004F "O" */
    0x0, 0x0, 0x2, 0x8c, 0xff, 0xec, 0x71, 0x0,
    0x0, 0x0, 0x0, 0x1a, 0xff, 0xff, 0xff, 0xff,
    0xf8, 0x0, 0x0, 0x0, 0x1d, 0xff, 0xff, 0xff,
    0xff, 0xff, 0xfb, 0x0, 0x0, 0xc, 0xff, 0xff,
    0xfb, 0xab, 0xff, 0xff, 0xfa, 0x0, 0x7, 0xff,
    0xff, 0x90, 0x0, 0x1, 0xbf, 0xff, 0xf4, 0x0,
    0xef, 0xff, 0x90, 0x0, 0x0, 0x0, 0xcf, 0xff,
    0xc0, 0x4f, 0xff, 0xf0, 0x0, 0x0, 0x0, 0x3,
    0xff, 0xff, 0x18, 0xff, 0xfa, 0x0, 0x0, 0x0,
    0x0, 0xd, 0xff, 0xf5, 0xaf, 0xff, 0x70, 0x0,
    0x0, 0x0, 0x0, 0xaf, 0xff, 0x7b, 0xff, 0xf5,
    0x0, 0x0, 0x0, 0x0, 0x8, 0xff, 0xf8, 0xbf,
    0xff, 0x50, 0x0, 0x0, 0x0, 0x0, 0x8f, 0xff,
    0x8a, 0xff, 0xf7, 0x0, 0x0, 0x0, 0x0, 0xa,
    0xff, 0xf7, 0x8f, 0xff, 0xa0, 0x0, 0x0, 0x0,
    0x0, 0xdf, 0xff, 0x54, 0xff, 0xff, 0x0, 0x0,
    0x0, 0x0, 0x3f, 0xff, 0xf1, 0xe, 0xff, 0xf9,
    0x0, 0x0, 0x0, 0xc, 0xff, 0xfc, 0x0, 0x7f,
    0xff, 0xf8, 0x0, 0x0, 0x1b, 0xff, 0xff, 0x40,
    0x0, 0xdf, 0xff, 0xff, 0xba, 0xbf, 0xff, 0xff,
    0xa0, 0x0, 0x1, 0xdf, 0xff, 0xff, 0xff, 0xff,
    0xff, 0xb0, 0x0, 0x0, 0x1, 0xaf, 0xff, 0xff,
    0xff, 0xff, 0x80, 0x0, 0x0, 0x0, 0x0, 0x39,
    0xdf, 0xfe, 0xc8, 0x20, 0x0, 0x0,

    /* U+0050 "P" */
    0x3f, 0xff, 0xff, 0xff, 0xfe, 0xc6, 0x0, 0x0,
    0x3f, 0xff, 0xff, 0xff, 0xff, 0xff, 0xe3, 0x0,
    0x3f, 0xff, 0xff, 0xff, 0xff, 0xff, 0xff, 0x20,
    0x3f, 0xff, 0xd5, 0x55, 0x6b, 0xff, 0xff, 0xb0,
    0x3f, 0xff, 0xc0, 0x0, 0x0, 0x6f, 0xff, 0xf2,
    0x3f, 0xff, 0xc0, 0x0, 0x0, 0xd, 0xff, 0xf5,
    0x3f, 0xff, 0xc0, 0x0, 0x0, 0xb, 0xff, 0xf6,
    0x3f, 0xff, 0xc0, 0x0, 0x0, 0xc, 0xff, 0xf5,
    0x3f, 0xff, 0xc0, 0x0, 0x0, 0x3f, 0xff, 0xf3,
    0x3f, 0xff, 0xc0, 0x0, 0x15, 0xef, 0xff, 0xd0,
    0x3f, 0xff, 0xff, 0xff, 0xff, 0xff, 0xff, 0x50,
    0x3f, 0xff, 0xff, 0xff, 0xff, 0xff, 0xf7, 0x0,
    0x3f, 0xff, 0xff, 0xff, 0xff, 0xfa, 0x30, 0x0,
    0x3f, 0xff, 0xd4, 0x44, 0x32, 0x0, 0x0, 0x0,
    0x3f, 0xff, 0xc0, 0x0, 0x0, 0x0, 0x0, 0x0,
    0x3f, 0xff, 0xc0, 0x0, 0x0, 0x0, 0x0, 0x0,
    0x3f, 0xff, 0xc0, 0x0, 0x0, 0x0, 0x0, 0x0,
    0x3f, 0xff, 0xc0, 0x0, 0x0, 0x0, 0x0, 0x0,
    0x3f, 0xff, 0xc0, 0x0, 0x0, 0x0, 0x0, 0x0,
    0x3f, 0xff, 0xc0, 0x0, 0x0, 0x0, 0x0, 0x0,

    /* U+0051 "Q" */
    0x0, 0x0, 0x2, 0x8c, 0xff, 0xec, 0x71, 0x0,
    0x0, 0x0, 0x0, 0x1a, 0xff, 0xff, 0xff, 0xff,
    0xf8, 0x0, 0x0, 0x0, 0x1d, 0xff, 0xff, 0xff,
    0xff, 0xff, 0xfb, 0x0, 0x0, 0xc, 0xff, 0xff,
    0xfb, 0xab, 0xff, 0xff, 0xfa, 0x0, 0x7, 0xff,
    0xff, 0x90, 0x0, 0x1, 0xbf, 0xff, 0xf4, 0x0,
    0xef, 0xff, 0x90, 0x0, 0x0, 0x0, 0xcf, 0xff,
    0xc0, 0x4f, 0xff, 0xf0, 0x0, 0x0, 0x0, 0x3,
    0xff, 0xff, 0x18, 0xff, 0xfa, 0x0, 0x0, 0x0,
    0x0, 0xd, 0xff, 0xf5, 0xaf, 0xff, 0x70, 0x0,
    0x0, 0x0, 0x0, 0xaf, 0xff, 0x7b, 0xff, 0xf5,
    0x0, 0x0, 0x0, 0x0, 0x8, 0xff, 0xf8, 0xbf,
    0xff, 0x50, 0x0, 0x0, 0x0, 0x0, 0x8f, 0xff,
    0x8a, 0xff, 0xf7, 0x0, 0x0, 0x0, 0x0, 0xa,
    0xff, 0xf7, 0x8f, 0xff, 0xa0, 0x0, 0x0, 0x0,
    0x0, 0xdf, 0xff, 0x54, 0xff, 0xff, 0x0, 0x7,
    0xff, 0xd1, 0x3f, 0xff, 0xf1, 0xe, 0xff, 0xf9,
    0x0, 0xb, 0xff, 0xcc, 0xff, 0xfb, 0x0, 0x7f,
    0xff, 0xf8, 0x0, 0x1d, 0xff, 0xff, 0xff, 0x40,
    0x0, 0xdf, 0xff, 0xff, 0xb9, 0xdf, 0xff, 0xff,
    0x90, 0x0, 0x1, 0xdf, 0xff, 0xff, 0xff, 0xff,
    0xff, 0xc0, 0x0, 0x0, 0x1, 0xaf, 0xff, 0xff,
    0xff, 0xff, 0xfe, 0x10, 0x0, 0x0, 0x0, 0x39,
    0xdf, 0xfe, 0xc7, 0xdf, 0xfc, 0x0, 0x0, 0x0,
    0x0, 0x0, 0x0, 0x0, 0x3, 0xff, 0xf9, 0x0,
    0x0, 0x0, 0x0, 0x0, 0x0, 0x0, 0x5, 0x88,
    0x71,

    /* U+0052 "R" */
    0x3f, 0xff, 0xff, 0xff, 0xfe, 0xc7, 0x10, 0x0,
    0x3, 0xff, 0xff, 0xff, 0xff, 0xff, 0xfe, 0x40,
    0x0, 0x3f, 0xff, 0xff, 0xff, 0xff, 0xff, 0xff,
    0x30, 0x3, 0xff, 0xfd, 0x55, 0x56, 0xaf, 0xff,
    0xfc, 0x0, 0x3f, 0xff, 0xc0, 0x0, 0x0, 0x5f,
    0xff, 0xf2, 0x3, 0xff, 0xfc, 0x0, 0x0, 0x0,
    0xdf, 0xff, 0x50, 0x3f, 0xff, 0xc0, 0x0, 0x0,
    0xb, 0xff, 0xf7, 0x3, 0xff, 0xfc, 0x0, 0x0,
    0x0, 0xdf, 0xff, 0x50, 0x3f, 0xff, 0xc0, 0x0,
    0x0, 0x4f, 0xff, 0xf3, 0x3, 0xff, 0xfd, 0x44,
    0x45, 0x9f, 0xff, 0xfd, 0x0, 0x3f, 0xff, 0xff,
    0xff, 0xff, 0xff, 0xff, 0x40, 0x3, 0xff, 0xff,
    0xff, 0xff, 0xff, 0xfe, 0x50, 0x0, 0x3f, 0xff,
    0xff, 0xff, 0xff, 0xff, 0x30, 0x0, 0x3, 0xff,
    0xfc, 0x0, 0xc, 0xff, 0xf9, 0x0, 0x0, 0x3f,
    0xff, 0xc0, 0x0, 0x3f, 0xff, 0xf2, 0x0, 0x3,
    0xff, 0xfc, 0x0, 0x0, 0xbf, 0xff, 0xb0, 0x0,
    0x3f, 0xff, 0xc0, 0x0, 0x2, 0xff, 0xff, 0x40,
    0x3, 0xff, 0xfc, 0x0, 0x0, 0xa, 0xff, 0xfc,
    0x0, 0x3f, 0xff, 0xc0, 0x0, 0x0, 0x2f, 0xff,
    0xf5, 0x3, 0xff, 0xfc, 0x0, 0x0, 0x0, 0x9f,
    0xff, 0xd0,

    /* U+0053 "S" */
    0x0, 0x0, 0x5a, 0xdf, 0xfd, 0xa5, 0x0, 0x0,
    0x0, 0x3d, 0xff, 0xff, 0xff, 0xff, 0xd2, 0x0,
    0x2, 0xef, 0xff, 0xff, 0xff, 0xff, 0xfe, 0x20,
    0xc, 0xff, 0xff, 0xa7, 0x7a, 0xff, 0xff, 0xb0,
    0x2f, 0xff, 0xf3, 0x0, 0x0, 0x3f, 0xff, 0xf1,
    0x4f, 0xff, 0xd0, 0x0, 0x0, 0x9, 0xdd, 0xd3,
    0x4f, 0xff, 0xf1, 0x0, 0x0, 0x0, 0x0, 0x0,
    0x1f, 0xff, 0xfd, 0x50, 0x0, 0x0, 0x0, 0x0,
    0x8, 0xff, 0xff, 0xff, 0xc8, 0x30, 0x0, 0x0,
    0x0, 0x9f, 0xff, 0xff, 0xff, 0xfe, 0x70, 0x0,
    0x0, 0x3, 0xaf, 0xff, 0xff, 0xff, 0xfc, 0x10,
    0x0, 0x0, 0x0, 0x47, 0xbf, 0xff, 0xff, 0xc0,
    0x0, 0x0, 0x0, 0x0, 0x1, 0x8f, 0xff, 0xf4,
    0x45, 0x55, 0x0, 0x0, 0x0, 0xa, 0xff, 0xf7,
    0xcf, 0xff, 0x30, 0x0, 0x0, 0x8, 0xff, 0xf8,
    0x9f, 0xff, 0xc1, 0x0, 0x0, 0x2e, 0xff, 0xf6,
    0x2f, 0xff, 0xff, 0x97, 0x7a, 0xff, 0xff, 0xf1,
    0x8, 0xff, 0xff, 0xff, 0xff, 0xff, 0xff, 0x60,
    0x0, 0x7f, 0xff, 0xff, 0xff, 0xff, 0xf6, 0x0,
    0x0, 0x1, 0x7b, 0xef, 0xfe, 0xb7, 0x10, 0x0,

    /* U+0054 "T" */
    0xf, 0xff, 0xff, 0xff, 0xff, 0xff, 0xff, 0xff,
    0xf0, 0xf, 0xff, 0xff, 0xff, 0xff, 0xff, 0xff,
    0xff, 0xf0, 0xf, 0xff, 0xff, 0xff, 0xff, 0xff,
    0xff, 0xff, 0xf0, 0x5, 0x55, 0x55, 0x5f, 0xff,
    0xf6, 0x55, 0x55, 0x50, 0x0, 0x0, 0x0, 0xf,
    0xff, 0xf0, 0x0, 0x0, 0x0, 0x0, 0x0, 0x0,
    0xf, 0xff, 0xf0, 0x0, 0x0, 0x0, 0x0, 0x0,
    0x0, 0xf, 0xff, 0xf0, 0x0, 0x0, 0x0, 0x0,
    0x0, 0x0, 0xf, 0xff, 0xf0, 0x0, 0x0, 0x0,
    0x0, 0x0, 0x0, 0xf, 0xff, 0xf0, 0x0, 0x0,
    0x0, 0x0, 0x0, 0x0, 0xf, 0xff, 0xf0, 0x0,
    0x0, 0x0, 0x0, 0x0, 0x0, 0xf, 0xff, 0xf0,
    0x0, 0x0, 0x0, 0x0, 0x0, 0x0, 0xf, 0xff,
    0xf0, 0x0, 0x0, 0x0, 0x0, 0x0, 0x0, 0xf,
    0xff, 0xf0, 0x0, 0x0, 0x0, 0x0, 0x0, 0x0,
    0xf, 0xff, 0xf0, 0x0, 0x0, 0x0, 0x0, 0x0,
    0x0, 0xf, 0xff, 0xf0, 0x0, 0x0, 0x0, 0x0,
    0x0, 0x0, 0xf, 0xff, 0xf0, 0x0, 0x0, 0x0,
    0x0, 0x0, 0x0, 0xf, 0xff, 0xf0, 0x0, 0x0,
    0x0, 0x0, 0x0, 0x0, 0xf, 0xff, 0xf0, 0x0,
    0x0, 0x0, 0x0, 0x0, 0x0, 0xf, 0xff, 0xf0,
    0x0, 0x0, 0x0, 0x0, 0x0, 0x0, 0xf, 0xff,
    0xf0, 0x0, 0x0, 0x0,

    /* U+0055 "U" */
    0x3f, 0xff, 0xc0, 0x0, 0x0, 0x0, 0xf, 0xff,
    0xf3, 0xff, 0xfc, 0x0, 0x0, 0x0, 0x0, 0xff,
    0xff, 0x3f, 0xff, 0xc0, 0x0, 0x0, 0x0, 0xf,
    0xff, 0xf3, 0xff, 0xfc, 0x0, 0x0, 0x0, 0x0,
    0xff, 0xff, 0x3f, 0xff, 0xc0, 0x0, 0x0, 0x0,
    0xf, 0xff, 0xf3, 0xff, 0xfc, 0x0, 0x0, 0x0,
    0x0, 0xff, 0xff, 0x3f, 0xff, 0xc0, 0x0, 0x0,
    0x0, 0xf, 0xff, 0xf3, 0xff, 0xfc, 0x0, 0x0,
    0x0, 0x0, 0xff, 0xff, 0x3f, 0xff, 0xc0, 0x0,
    0x0, 0x0, 0xf, 0xff, 0xf3, 0xff, 0xfc, 0x0,
    0x0, 0x0, 0x0, 0xff, 0xff, 0x3f, 0xff, 0xc0,
    0x0, 0x0, 0x0, 0xf, 0xff, 0xf3, 0xff, 0xfc,
    0x0, 0x0, 0x0, 0x0, 0xff, 0xff, 0x3f, 0xff,
    0xd0, 0x0, 0x0, 0x0, 0xf, 0xff, 0xf2, 0xff,
    0xfe, 0x0, 0x0, 0x0, 0x2, 0xff, 0xff, 0xf,
    0xff, 0xf5, 0x0, 0x0, 0x0, 0x9f, 0xff, 0xc0,
    0xaf, 0xff, 0xe4, 0x0, 0x0, 0x7f, 0xff, 0xf8,
    0x3, 0xff, 0xff, 0xfc, 0x9a, 0xef, 0xff, 0xfe,
    0x10, 0x7, 0xff, 0xff, 0xff, 0xff, 0xff, 0xff,
    0x30, 0x0, 0x5, 0xef, 0xff, 0xff, 0xff, 0xfd,
    0x30, 0x0, 0x0, 0x1, 0x6b, 0xdf, 0xfd, 0xa5,
    0x0, 0x0,

    /* U+0056 "V" */
    0x3f, 0xff, 0xf4, 0x0, 0x0, 0x0, 0x0, 0x1f,
    0xff, 0xf5, 0xd, 0xff, 0xf9, 0x0, 0x0, 0x0,
    0x0, 0x6f, 0xff, 0xf0, 0x8, 0xff, 0xfe, 0x0,
    0x0, 0x0, 0x0, 0xbf, 0xff, 0xa0, 0x2, 0xff,
    0xff, 0x30, 0x0, 0x0, 0x0, 0xff, 0xff, 0x50,
    0x0, 0xdf, 0xff, 0x90, 0x0, 0x0, 0x5, 0xff,
    0xff, 0x0, 0x0, 0x7f, 0xff, 0xe0, 0x0, 0x0,
    0xa, 0xff, 0xfa, 0x0, 0x0, 0x1f, 0xff, 0xf3,
    0x0, 0x0, 0xf, 0xff, 0xf5, 0x0, 0x0, 0xc,
    0xff, 0xf8, 0x0, 0x0, 0x4f, 0xff, 0xf0, 0x0,
    0x0, 0x6, 0xff, 0xfd, 0x0, 0x0, 0x9f, 0xff,
    0xa0, 0x0, 0x0, 0x1, 0xff, 0xff, 0x30, 0x0,
    0xef, 0xff, 0x50, 0x0, 0x0, 0x0, 0xbf, 0xff,
    0x80, 0x3, 0xff, 0xff, 0x0, 0x0, 0x0, 0x0,
    0x6f, 0xff, 0xc0, 0x7, 0xff, 0xfa, 0x0, 0x0,
    0x0, 0x0, 0x1f, 0xff, 0xf1, 0xc, 0xff, 0xf4,
    0x0, 0x0, 0x0, 0x0, 0xb, 0xff, 0xf5, 0xf,
    0xff, 0xf0, 0x0, 0x0, 0x0, 0x0, 0x5, 0xff,
    0xf9, 0x4f, 0xff, 0xa0, 0x0, 0x0, 0x0, 0x0,
    0x0, 0xff, 0xfd, 0x8f, 0xff, 0x40, 0x0, 0x0,
    0x0, 0x0, 0x0, 0xaf, 0xff, 0xdf, 0xfe, 0x0,
    0x0, 0x0, 0x0, 0x0, 0x0, 0x5f, 0xff, 0xff,
    0xf9, 0x0, 0x0, 0x0, 0x0, 0x0, 0x0, 0xf,
    0xff, 0xff, 0xf4, 0x0, 0x0, 0x0, 0x0, 0x0,
    0x0, 0xa, 0xff, 0xff, 0xe0, 0x0, 0x0, 0x0,

    /* U+0057 "W" */
    0x3f, 0xff, 0xf2, 0x0, 0x0, 0x3, 0xff, 0xff,
    0x30, 0x0, 0x0, 0x2f, 0xff, 0xf3, 0xf, 0xff,
    0xf6, 0x0, 0x0, 0x7, 0xff, 0xff, 0x70, 0x0,
    0x0, 0x6f, 0xff, 0xf0, 0xb, 0xff, 0xf9, 0x0,
    0x0, 0xb, 0xff, 0xff, 0xb0, 0x0, 0x0, 0x9f,
    0xff, 0xb0, 0x7, 0xff, 0xfd, 0x0, 0x0, 0xe,
    0xff, 0xff, 0xe0, 0x0, 0x0, 0xdf, 0xff, 0x70,
    0x2, 0xff, 0xff, 0x10, 0x0, 0x2f, 0xff, 0xff,
    0xf2, 0x0, 0x1, 0xff, 0xff, 0x20, 0x0, 0xef,
    0xff, 0x40, 0x0, 0x6f, 0xfe, 0xef, 0xf6, 0x0,
    0x4, 0xff, 0xfe, 0x0, 0x0, 0xaf, 0xff, 0x80,
    0x0, 0xaf, 0xfb, 0xcf, 0xfa, 0x0, 0x8, 0xff,
    0xfa, 0x0, 0x0, 0x6f, 0xff, 0xc0, 0x0, 0xef,
    0xf8, 0x9f, 0xfe, 0x0, 0xc, 0xff, 0xf6, 0x0,
    0x0, 0x1f, 0xff, 0xf0, 0x2, 0xff, 0xf5, 0x6f,
    0xff, 0x20, 0xf, 0xff, 0xf1, 0x0, 0x0, 0xd,
    0xff, 0xf3, 0x6, 0xff, 0xf2, 0x2f, 0xff, 0x60,
    0x3f, 0xff, 0xd0, 0x0, 0x0, 0x9, 0xff, 0xf7,
    0x9, 0xff, 0xe0, 0xe, 0xff, 0x90, 0x7f, 0xff,
    0x90, 0x0, 0x0, 0x5, 0xff, 0xfa, 0xd, 0xff,
    0xa0, 0xa, 0xff, 0xd0, 0xaf, 0xff, 0x50, 0x0,
    0x0, 0x1, 0xff, 0xfd, 0xf, 0xff, 0x60, 0x6,
    0xff, 0xf0, 0xdf, 0xff, 0x10, 0x0, 0x0, 0x0,
    0xcf, 0xff, 0x3f, 0xff, 0x20, 0x2, 0xff, 0xf3,
    0xff, 0xfc, 0x0, 0x0, 0x0, 0x0, 0x8f, 0xff,
    0x8f, 0xfe, 0x0, 0x0, 0xef, 0xf8, 0xff, 0xf8,
    0x0, 0x0, 0x0, 0x0, 0x4f, 0xff, 0xdf, 0xfa,
    0x0, 0x0, 0xaf, 0xfe, 0xff, 0xf4, 0x0, 0x0,
    0x0, 0x0, 0xf, 0xff, 0xff, 0xf6, 0x0, 0x0,
    0x6f, 0xff, 0xff, 0xf0, 0x0, 0x0, 0x0, 0x0,
    0xb, 0xff, 0xff, 0xf2, 0x0, 0x0, 0x2f, 0xff,
    0xff, 0xb0, 0x0, 0x0, 0x0, 0x0, 0x7, 0xff,
    0xff, 0xe0, 0x0, 0x0, 0xe, 0xff, 0xff, 0x70,
    0x0, 0x0, 0x0, 0x0, 0x3, 0xff, 0xff, 0xa0,
    0x0, 0x0, 0xa, 0xff, 0xff, 0x30, 0x0, 0x0,

    /* U+0058 "X" */
    0x5, 0xff, 0xff, 0x40, 0x0, 0x0, 0x3, 0xff,
    0xff, 0x50, 0x0, 0xbf, 0xff, 0xe0, 0x0, 0x0,
    0xd, 0xff, 0xfb, 0x0, 0x0, 0x1f, 0xff, 0xf9,
    0x0, 0x0, 0x8f, 0xff, 0xe1, 0x0, 0x0, 0x6,
    0xff, 0xff, 0x30, 0x2, 0xff, 0xff, 0x60, 0x0,
    0x0, 0x0, 0xbf, 0xff, 0xc0, 0xb, 0xff, 0xfb,
    0x0, 0x0, 0x0, 0x0, 0x2f, 0xff, 0xf5, 0x4f,
    0xff, 0xf1, 0x0, 0x0, 0x0, 0x0, 0x6, 0xff,
    0xfd, 0xcf, 0xff, 0x60, 0x0, 0x0, 0x0, 0x0,
    0x0, 0xcf, 0xff, 0xff, 0xfb, 0x0, 0x0, 0x0,
    0x0, 0x0, 0x0, 0x2f, 0xff, 0xff, 0xf2, 0x0,
    0x0, 0x0, 0x0, 0x0, 0x0, 0x7, 0xff, 0xff,
    0x80, 0x0, 0x0, 0x0, 0x0, 0x0, 0x0, 0xc,
    0xff, 0xff, 0xd0, 0x0, 0x0, 0x0, 0x0, 0x0,
    0x0, 0x7f, 0xff, 0xff, 0xf9, 0x0, 0x0, 0x0,
    0x0, 0x0, 0x3, 0xff, 0xff, 0xff, 0xff, 0x30,
    0x0, 0x0, 0x0, 0x0, 0xd, 0xff, 0xf8, 0x9f,
    0xff, 0xd0, 0x0, 0x0, 0x0, 0x0, 0x8f, 0xff,
    0xe0, 0x1f, 0xff, 0xf9, 0x0, 0x0, 0x0, 0x3,
    0xff, 0xff, 0x50, 0x6, 0xff, 0xff, 0x40, 0x0,
    0x0, 0xd, 0xff, 0xfa, 0x0, 0x0, 0xcf, 0xff,
    0xd0, 0x0, 0x0, 0x9f, 0xff, 0xe1, 0x0, 0x0,
    0x2f, 0xff, 0xf9, 0x0, 0x4, 0xff, 0xff, 0x50,
    0x0, 0x0, 0x7, 0xff, 0xff, 0x40, 0x1e, 0xff,
    0xfa, 0x0, 0x0, 0x0, 0x0, 0xdf, 0xff, 0xe0,

    /* U+0059 "Y" */
    0x1f, 0xff, 0xf9, 0x0, 0x0, 0x0, 0x0, 0xdf,
    0xff, 0xc0, 0x7, 0xff, 0xff, 0x20, 0x0, 0x0,
    0x6, 0xff, 0xff, 0x30, 0x0, 0xdf, 0xff, 0xb0,
    0x0, 0x0, 0xd, 0xff, 0xfa, 0x0, 0x0, 0x5f,
    0xff, 0xf3, 0x0, 0x0, 0x6f, 0xff, 0xf1, 0x0,
    0x0, 0xb, 0xff, 0xfb, 0x0, 0x0, 0xef, 0xff,
    0x80, 0x0, 0x0, 0x2, 0xff, 0xff, 0x40, 0x7,
    0xff, 0xfe, 0x0, 0x0, 0x0, 0x0, 0x9f, 0xff,
    0xc0, 0xe, 0xff, 0xf5, 0x0, 0x0, 0x0, 0x0,
    0x1e, 0xff, 0xf4, 0x6f, 0xff, 0xc0, 0x0, 0x0,
    0x0, 0x0, 0x6, 0xff, 0xfb, 0xdf, 0xff, 0x30,
    0x0, 0x0, 0x0, 0x0, 0x0, 0xcf, 0xff, 0xff,
    0xfa, 0x0, 0x0, 0x0, 0x0, 0x0, 0x0, 0x3f,
    0xff, 0xff, 0xf1, 0x0, 0x0, 0x0, 0x0, 0x0,
    0x0, 0xa, 0xff, 0xff, 0x80, 0x0, 0x0, 0x0,
    0x0, 0x0, 0x0, 0x2, 0xff, 0xff, 0x0, 0x0,
    0x0, 0x0, 0x0, 0x0, 0x0, 0x1, 0xff, 0xff,
    0x0, 0x0, 0x0, 0x0, 0x0, 0x0, 0x0, 0x1,
    0xff, 0xff, 0x0, 0x0, 0x0, 0x0, 0x0, 0x0,
    0x0, 0x1, 0xff, 0xff, 0x0, 0x0, 0x0, 0x0,
    0x0, 0x0, 0x0, 0x1, 0xff, 0xff, 0x0, 0x0,
    0x0, 0x0, 0x0, 0x0, 0x0, 0x1, 0xff, 0xff,
    0x0, 0x0, 0x0, 0x0, 0x0, 0x0, 0x0, 0x1,
    0xff, 0xff, 0x0, 0x0, 0x0, 0x0, 0x0, 0x0,
    0x0, 0x1, 0xff, 0xff, 0x0, 0x0, 0x0, 0x0,

    /* U+005A "Z" */
    0x8f, 0xff, 0xff, 0xff, 0xff, 0xff, 0xff, 0xf6,
    0x8f, 0xff, 0xff, 0xff, 0xff, 0xff, 0xff, 0xf6,
    0x8f, 0xff, 0xff, 0xff, 0xff, 0xff, 0xff, 0xf4,
    0x25, 0x55, 0x55, 0x55, 0x55, 0xcf, 0xff, 0xa0,
    0x0, 0x0, 0x0, 0x0, 0x4, 0xff, 0xfe, 0x10,
    0x0, 0x0, 0x0, 0x0, 0x2e, 0xff, 0xf4, 0x0,
    0x0, 0x0, 0x0, 0x0, 0xcf, 0xff, 0x90, 0x0,
    0x0, 0x0, 0x0, 0x7, 0xff, 0xfd, 0x0, 0x0,
    0x0, 0x0, 0x0, 0x3f, 0xff, 0xf3, 0x0, 0x0,
    0x0, 0x0, 0x0, 0xdf, 0xff, 0x80, 0x0, 0x0,
    0x0, 0x0, 0x9, 0xff, 0xfc, 0x0, 0x0, 0x0,
    0x0, 0x0, 0x4f, 0xff, 0xf2, 0x0, 0x0, 0x0,
    0x0, 0x1, 0xef, 0xff, 0x60, 0x0, 0x0, 0x0,
    0x0, 0xa, 0xff, 0xfb, 0x0, 0x0, 0x0, 0x0,
    0x0, 0x5f, 0xff, 0xe1, 0x0, 0x0, 0x0, 0x0,
    0x1, 0xef, 0xff, 0x30, 0x0, 0x0, 0x0, 0x0,
    0xb, 0xff, 0xfb, 0x55, 0x55, 0x55, 0x55, 0x52,
    0x5f, 0xff, 0xff, 0xff, 0xff, 0xff, 0xff, 0xf7,
    0x7f, 0xff, 0xff, 0xff, 0xff, 0xff, 0xff, 0xf7,
    0x7f, 0xff, 0xff, 0xff, 0xff, 0xff, 0xff, 0xf7,

    /* U+005B "[" */
    0x9f, 0xff, 0xff, 0xd9, 0xff, 0xff, 0xfd, 0x9f,
    0xff, 0xff, 0xd9, 0xff, 0xf3, 0x0, 0x9f, 0xff,
    0x30, 0x9, 0xff, 0xf3, 0x0, 0x9f, 0xff, 0x30,
    0x9, 0xff, 0xf3, 0x0, 0x9f, 0xff, 0x30, 0x9,
    0xff, 0xf3, 0x0, 0x9f, 0xff, 0x30, 0x9, 0xff,
    0xf3, 0x0, 0x9f, 0xff, 0x30, 0x9, 0xff, 0xf3,
    0x0, 0x9f, 0xff, 0x30, 0x9, 0xff, 0xf3, 0x0,
    0x9f, 0xff, 0x30, 0x9, 0xff, 0xf3, 0x0, 0x9f,
    0xff, 0x30, 0x9, 0xff, 0xf3, 0x0, 0x9f, 0xff,
    0x30, 0x9, 0xff, 0xf3, 0x0, 0x9f, 0xff, 0xff,
    0xd9, 0xff, 0xff, 0xfd, 0x9f, 0xff, 0xff, 0xd0,

    /* U+005C "\\" */
    0x48, 0x86, 0x0, 0x0, 0x0, 0x5, 0xff, 0xf1,
    0x0, 0x0, 0x0, 0x1f, 0xff, 0x50, 0x0, 0x0,
    0x0, 0xdf, 0xf9, 0x0, 0x0, 0x0, 0x8, 0xff,
    0xd0, 0x0, 0x0, 0x0, 0x4f, 0xff, 0x20, 0x0,
    0x0, 0x0, 0xff, 0xf6, 0x0, 0x0, 0x0, 0xb,
    0xff, 0xa0, 0x0, 0x0, 0x0, 0x7f, 0xfe, 0x0,
    0x0, 0x0, 0x3, 0xff, 0xf3, 0x0, 0x0, 0x0,
    0xe, 0xff, 0x70, 0x0, 0x0, 0x0, 0xaf, 0xfc,
    0x0, 0x0, 0x0, 0x6, 0xff, 0xf0, 0x0, 0x0,
    0x0, 0x2f, 0xff, 0x40, 0x0, 0x0, 0x0, 0xdf,
    0xf9, 0x0, 0x0, 0x0, 0x9, 0xff, 0xd0, 0x0,
    0x0, 0x0, 0x5f, 0xff, 0x10, 0x0, 0x0, 0x0,
    0xff, 0xf5, 0x0, 0x0, 0x0, 0xc, 0xff, 0xa0,
    0x0, 0x0, 0x0, 0x8f, 0xfe, 0x0, 0x0, 0x0,
    0x3, 0xff, 0xf2, 0x0, 0x0, 0x0, 0xf, 0xff,
    0x70, 0x0, 0x0, 0x0, 0xbf, 0xfb, 0x0, 0x0,
    0x0, 0x6, 0xff, 0xf0,

    /* U+005D "]" */
    0xaf, 0xff, 0xff, 0xca, 0xff, 0xff, 0xfc, 0xaf,
    0xff, 0xff, 0xc0, 0x0, 0xff, 0xfc, 0x0, 0xf,
    0xff, 0xc0, 0x0, 0xff, 0xfc, 0x0, 0xf, 0xff,
    0xc0, 0x0, 0xff, 0xfc, 0x0, 0xf, 0xff, 0xc0,
    0x0, 0xff, 0xfc, 0x0, 0xf, 0xff, 0xc0, 0x0,
    0xff, 0xfc, 0x0, 0xf, 0xff, 0xc0, 0x0, 0xff,
    0xfc, 0x0, 0xf, 0xff, 0xc0, 0x0, 0xff, 0xfc,
    0x0, 0xf, 0xff, 0xc0, 0x0, 0xff, 0xfc, 0x0,
    0xf, 0xff, 0xc0, 0x0, 0xff, 0xfc, 0x0, 0xf,
    0xff, 0xc0, 0x0, 0xff, 0xfc, 0xaf, 0xff, 0xff,
    0xca, 0xff, 0xff, 0xfc, 0xaf, 0xff, 0xff, 0xc0,

    /* U+005E "^" */
    0x0, 0x0, 0x18, 0x88, 0x20, 0x0, 0x0, 0x0,
    0x8, 0xff, 0xfa, 0x0, 0x0, 0x0, 0x0, 0xff,
    0xff, 0xf2, 0x0, 0x0, 0x0, 0x7f, 0xf9, 0xff,
    0x90, 0x0, 0x0, 0xe, 0xfe, 0xc, 0xff, 0x10,
    0x0, 0x6, 0xff, 0x70, 0x5f, 0xf9, 0x0, 0x0,
    0xef, 0xf1, 0x0, 0xef, 0xf1, 0x0, 0x6f, 0xf9,
    0x0, 0x7, 0xff, 0x80, 0xd, 0xff, 0x20, 0x0,
    0x1f, 0xff, 0x0,

    /* U+005F "_" */
    0x11, 0x11, 0x11, 0x11, 0x11, 0x11, 0xf, 0xff,
    0xff, 0xff, 0xff, 0xff, 0xfd, 0xff, 0xff, 0xff,
    0xff, 0xff, 0xff, 0xdf, 0xff, 0xff, 0xff, 0xff,
    0xff, 0xfd,

    /* U+0060 "`" */
    0x11, 0x11, 0x0, 0x7f, 0xff, 0x10, 0xc, 0xff,
    0x80, 0x2, 0xff, 0xe0, 0x0, 0x7f, 0xf6,

    /* U+0061 "a" */
    0x0, 0x0, 0x6b, 0xef, 0xfd, 0x92, 0x0, 0x0,
    0x2d, 0xff, 0xff, 0xff, 0xff, 0x70, 0x0, 0xdf,
    0xff, 0xff, 0xff, 0xff, 0xf4, 0x7, 0xff, 0xfc,
    0x30, 0x19, 0xff, 0xfb, 0x0, 0x35, 0x81, 0x0,
    0x0, 0xff, 0xfe, 0x0, 0x0, 0x0, 0x0, 0x5,
    0xff, 0xff, 0x0, 0x1, 0x69, 0xce, 0xff, 0xff,
    0xff, 0x0, 0x8f, 0xff, 0xff, 0xff, 0xff, 0xff,
    0x8, 0xff, 0xff, 0xc8, 0x62, 0xff, 0xff, 0xf,
    0xff, 0xf3, 0x0, 0x0, 0xff, 0xff, 0x1f, 0xff,
    0xb0, 0x0, 0x2, 0xff, 0xff, 0xf, 0xff, 0xf3,
    0x0, 0x2d, 0xff, 0xff, 0xb, 0xff, 0xff, 0xdd,
    0xff, 0xef, 0xff, 0x2, 0xef, 0xff, 0xff, 0xf7,
    0xcf, 0xff, 0x0, 0x19, 0xdf, 0xfb, 0x40, 0xcf,
    0xff,

    /* U+0062 "b" */
    0x5f, 0xff, 0xa0, 0x0, 0x0, 0x0, 0x0, 0x5,
    0xff, 0xfa, 0x0, 0x0, 0x0, 0x0, 0x0, 0x5f,
    0xff, 0xa0, 0x0, 0x0, 0x0, 0x0, 0x5, 0xff,
    0xfa, 0x0, 0x0, 0x0, 0x0, 0x0, 0x5f, 0xff,
    0xa0, 0x0, 0x0, 0x0, 0x0, 0x5, 0xff, 0xfa,
    0x5, 0xcf, 0xec, 0x50, 0x0, 0x5f, 0xff, 0xa7,
    0xff, 0xff, 0xff, 0xb0, 0x5, 0xff, 0xfc, 0xff,
    0xff, 0xff, 0xff, 0x90, 0x5f, 0xff, 0xff, 0x73,
    0x4c, 0xff, 0xff, 0x25, 0xff, 0xff, 0x50, 0x0,
    0xd, 0xff, 0xf7, 0x5f, 0xff, 0xd0, 0x0, 0x0,
    0x6f, 0xff, 0xc5, 0xff, 0xf9, 0x0, 0x0, 0x3,
    0xff, 0xfd, 0x5f, 0xff, 0x90, 0x0, 0x0, 0x2f,
    0xff, 0xe5, 0xff, 0xfa, 0x0, 0x0, 0x3, 0xff,
    0xfd, 0x5f, 0xff, 0xd0, 0x0, 0x0, 0x6f, 0xff,
    0xb5, 0xff, 0xff, 0x50, 0x0, 0xd, 0xff, 0xf7,
    0x5f, 0xff, 0xff, 0x73, 0x5c, 0xff, 0xff, 0x25,
    0xff, 0xfc, 0xff, 0xff, 0xff, 0xff, 0x90, 0x5f,
    0xff, 0x97, 0xff, 0xff, 0xff, 0xa0, 0x5, 0xff,
    0xf9, 0x5, 0xcf, 0xec, 0x50, 0x0,

    /* U+0063 "c" */
    0x0, 0x1, 0x7c, 0xef, 0xeb, 0x50, 0x0, 0x0,
    0x5f, 0xff, 0xff, 0xff, 0xfc, 0x10, 0x4, 0xff,
    0xff, 0xff, 0xff, 0xff, 0xc0, 0xe, 0xff, 0xfc,
    0x42, 0x6e, 0xff, 0xf6, 0x6f, 0xff, 0xd0, 0x0,
    0x4, 0xff, 0xfa, 0xbf, 0xff, 0x60, 0x0, 0x0,
    0x64, 0x10, 0xdf, 0xff, 0x30, 0x0, 0x0, 0x0,
    0x0, 0xef, 0xff, 0x20, 0x0, 0x0, 0x0, 0x0,
    0xdf, 0xff, 0x30, 0x0, 0x0, 0x0, 0x0, 0xbf,
    0xff, 0x60, 0x0, 0x0, 0x86, 0x30, 0x6f, 0xff,
    0xd0, 0x0, 0x4, 0xff, 0xfb, 0x1e, 0xff, 0xfc,
    0x42, 0x6e, 0xff, 0xf6, 0x4, 0xff, 0xff, 0xff,
    0xff, 0xff, 0xc0, 0x0, 0x5f, 0xff, 0xff, 0xff,
    0xfc, 0x10, 0x0, 0x1, 0x7c, 0xef, 0xeb, 0x50,
    0x0,

    /* U+0064 "d" */
    0x0, 0x0, 0x0, 0x0, 0x0, 0xaf, 0xff, 0x50,
    0x0, 0x0, 0x0, 0x0, 0xa, 0xff, 0xf5, 0x0,
    0x0, 0x0, 0x0, 0x0, 0xaf, 0xff, 0x50, 0x0,
    0x0, 0x0, 0x0, 0xa, 0xff, 0xf5, 0x0, 0x0,
    0x0, 0x0, 0x0, 0xaf, 0xff, 0x50, 0x0, 0x5c,
    0xef, 0xc5, 0xa, 0xff, 0xf5, 0x0, 0xaf, 0xff,
    0xff, 0xf7, 0xaf, 0xff, 0x50, 0x9f, 0xff, 0xff,
    0xff, 0xfc, 0xff, 0xf5, 0x2f, 0xff, 0xfc, 0x43,
    0x7f, 0xff, 0xff, 0x58, 0xff, 0xfd, 0x0, 0x0,
    0x4f, 0xff, 0xf5, 0xcf, 0xff, 0x60, 0x0, 0x0,
    0xdf, 0xff, 0x5d, 0xff, 0xf3, 0x0, 0x0, 0xa,
    0xff, 0xf5, 0xef, 0xff, 0x20, 0x0, 0x0, 0x9f,
    0xff, 0x5d, 0xff, 0xf3, 0x0, 0x0, 0xa, 0xff,
    0xf5, 0xcf, 0xff, 0x60, 0x0, 0x0, 0xdf, 0xff,
    0x57, 0xff, 0xfd, 0x0, 0x0, 0x5f, 0xff, 0xf5,
    0x2f, 0xff, 0xfc, 0x53, 0x7f, 0xff, 0xff, 0x50,
    0x9f, 0xff, 0xff, 0xff, 0xfc, 0xff, 0xf5, 0x0,
    0xaf, 0xff, 0xff, 0xf8, 0x9f, 0xff, 0x50, 0x0,
    0x5c, 0xef, 0xc5, 0x9, 0xff, 0xf5,

    /* U+0065 "e" */
    0x0, 0x1, 0x7c, 0xef, 0xda, 0x30, 0x0, 0x0,
    0x5, 0xff, 0xff, 0xff, 0xff, 0x90, 0x0, 0x4,
    0xff, 0xff, 0xff, 0xff, 0xff, 0x90, 0x0, 0xef,
    0xff, 0x71, 0x4, 0xef, 0xff, 0x30, 0x6f, 0xff,
    0x70, 0x0, 0x3, 0xff, 0xf9, 0xb, 0xff, 0xf2,
    0x0, 0x0, 0xd, 0xff, 0xe0, 0xdf, 0xff, 0xff,
    0xff, 0xff, 0xff, 0xff, 0xe, 0xff, 0xff, 0xff,
    0xff, 0xff, 0xff, 0xf0, 0xdf, 0xff, 0x77, 0x77,
    0x77, 0x77, 0x77, 0xb, 0xff, 0xf2, 0x0, 0x0,
    0x0, 0x0, 0x0, 0x6f, 0xff, 0x80, 0x0, 0x0,
    0x97, 0x41, 0x1, 0xff, 0xff, 0x82, 0x2, 0xbf,
    0xff, 0x90, 0x5, 0xff, 0xff, 0xff, 0xff, 0xff,
    0xe1, 0x0, 0x5, 0xff, 0xff, 0xff, 0xff, 0xe3,
    0x0, 0x0, 0x1, 0x7c, 0xef, 0xeb, 0x60, 0x0,
    0x0,

    /* U+0066 "f" */
    0x0, 0x0, 0x18, 0xdf, 0xec, 0x40, 0x0, 0x1e,
    0xff, 0xff, 0xf3, 0x0, 0xa, 0xff, 0xff, 0xff,
    0x0, 0x0, 0xff, 0xff, 0x73, 0x40, 0x0, 0x1f,
    0xff, 0xd0, 0x0, 0x0, 0x2, 0xff, 0xfc, 0x0,
    0x0, 0xbf, 0xff, 0xff, 0xff, 0xfe, 0xb, 0xff,
    0xff, 0xff, 0xff, 0xe0, 0xbf, 0xff, 0xff, 0xff,
    0xfe, 0x0, 0x2, 0xff, 0xfc, 0x0, 0x0, 0x0,
    0x2f, 0xff, 0xc0, 0x0, 0x0, 0x2, 0xff, 0xfc,
    0x0, 0x0, 0x0, 0x2f, 0xff, 0xc0, 0x0, 0x0,
    0x2, 0xff, 0xfc, 0x0, 0x0, 0x0, 0x2f, 0xff,
    0xc0, 0x0, 0x0, 0x2, 0xff, 0xfc, 0x0, 0x0,
    0x0, 0x2f, 0xff, 0xc0, 0x0, 0x0, 0x2, 0xff,
    0xfc, 0x0, 0x0, 0x0, 0x2f, 0xff, 0xc0, 0x0,
    0x0, 0x2, 0xff, 0xfc, 0x0, 0x0, 0x0, 0x2f,
    0xff, 0xc0, 0x0, 0x0,

    /* U+0067 "g" */
    0x0, 0x5, 0xbe, 0xfc, 0x50, 0x8f, 0xff, 0x60,
    0xa, 0xff, 0xff, 0xff, 0x88, 0xff, 0xf6, 0x8,
    0xff, 0xff, 0xff, 0xff, 0xcf, 0xff, 0x61, 0xff,
    0xff, 0xd5, 0x37, 0xff, 0xff, 0xf6, 0x7f, 0xff,
    0xe1, 0x0, 0x5, 0xff, 0xff, 0x6b, 0xff, 0xf7,
    0x0, 0x0, 0xd, 0xff, 0xf6, 0xdf, 0xff, 0x30,
    0x0, 0x0, 0xaf, 0xff, 0x6e, 0xff, 0xf2, 0x0,
    0x0, 0x8, 0xff, 0xf6, 0xdf, 0xff, 0x20, 0x0,
    0x0, 0x9f, 0xff, 0x6c, 0xff, 0xf5, 0x0, 0x0,
    0xc, 0xff, 0xf6, 0x8f, 0xff, 0xc0, 0x0, 0x2,
    0xff, 0xff, 0x63, 0xff, 0xff, 0xa2, 0x4, 0xef,
    0xff, 0xf6, 0xa, 0xff, 0xff, 0xff, 0xff, 0xdf,
    0xff, 0x60, 0x1c, 0xff, 0xff, 0xff, 0x88, 0xff,
    0xf6, 0x0, 0x6, 0xce, 0xfd, 0x60, 0x8f, 0xff,
    0x50, 0x0, 0x0, 0x0, 0x0, 0x9, 0xff, 0xf4,
    0x0, 0x26, 0x10, 0x0, 0x0, 0xcf, 0xff, 0x22,
    0xdf, 0xfd, 0x30, 0x1, 0x9f, 0xff, 0xd0, 0xc,
    0xff, 0xff, 0xfe, 0xff, 0xff, 0xf4, 0x0, 0x1c,
    0xff, 0xff, 0xff, 0xff, 0xe5, 0x0, 0x0, 0x5,
    0xad, 0xff, 0xeb, 0x71, 0x0, 0x0,

    /* U+0068 "h" */
    0x5f, 0xff, 0x90, 0x0, 0x0, 0x0, 0x0, 0x5,
    0xff, 0xf9, 0x0, 0x0, 0x0, 0x0, 0x0, 0x5f,
    0xff, 0x90, 0x0, 0x0, 0x0, 0x0, 0x5, 0xff,
    0xf9, 0x0, 0x0, 0x0, 0x0, 0x0, 0x5f, 0xff,
    0x90, 0x0, 0x0, 0x0, 0x0, 0x5, 0xff, 0xf9,
    0x4, 0xbe, 0xfc, 0x60, 0x0, 0x5f, 0xff, 0x96,
    0xff, 0xff, 0xff, 0xa0, 0x5, 0xff, 0xfb, 0xff,
    0xff, 0xff, 0xff, 0x60, 0x5f, 0xff, 0xff, 0x85,
    0x8f, 0xff, 0xfd, 0x5, 0xff, 0xff, 0x30, 0x0,
    0x5f, 0xff, 0xf0, 0x5f, 0xff, 0xc0, 0x0, 0x0,
    0xff, 0xff, 0x15, 0xff, 0xfa, 0x0, 0x0, 0xd,
    0xff, 0xf2, 0x5f, 0xff, 0xa0, 0x0, 0x0, 0xdf,
    0xff, 0x25, 0xff, 0xfa, 0x0, 0x0, 0xd, 0xff,
    0xf2, 0x5f, 0xff, 0xa0, 0x0, 0x0, 0xdf, 0xff,
    0x25, 0xff, 0xfa, 0x0, 0x0, 0xd, 0xff, 0xf2,
    0x5f, 0xff, 0xa0, 0x0, 0x0, 0xdf, 0xff, 0x25,
    0xff, 0xfa, 0x0, 0x0, 0xd, 0xff, 0xf2, 0x5f,
    0xff, 0xa0, 0x0, 0x0, 0xdf, 0xff, 0x25, 0xff,
    0xfa, 0x0, 0x0, 0xd, 0xff, 0xf2,

    /* U+0069 "i" */
    0xa, 0xfc, 0x26, 0xff, 0xfb, 0x6f, 0xff, 0xb0,
    0xbf, 0xd3, 0x0, 0x0, 0x0, 0x0, 0x0, 0x5f,
    0xff, 0xa5, 0xff, 0xfa, 0x5f, 0xff, 0xa5, 0xff,
    0xfa, 0x5f, 0xff, 0xa5, 0xff, 0xfa, 0x5f, 0xff,
    0xa5, 0xff, 0xfa, 0x5f, 0xff, 0xa5, 0xff, 0xfa,
    0x5f, 0xff, 0xa5, 0xff, 0xfa, 0x5f, 0xff, 0xa5,
    0xff, 0xfa, 0x5f, 0xff, 0xa0,

    /* U+006A "j" */
    0x0, 0x0, 0x0, 0x0, 0x0, 0xbf, 0xd3, 0x0,
    0x6f, 0xff, 0xb0, 0x6, 0xff, 0xfb, 0x0, 0xa,
    0xfc, 0x20, 0x0, 0x0, 0x0, 0x0, 0x5f, 0xff,
    0xa0, 0x5, 0xff, 0xfa, 0x0, 0x5f, 0xff, 0xa0,
    0x5, 0xff, 0xfa, 0x0, 0x5f, 0xff, 0xa0, 0x5,
    0xff, 0xfa, 0x0, 0x5f, 0xff, 0xa0, 0x5, 0xff,
    0xfa, 0x0, 0x5f, 0xff, 0xa0, 0x5, 0xff, 0xfa,
    0x0, 0x5f, 0xff, 0xa0, 0x5, 0xff, 0xfa, 0x0,
    0x5f, 0xff, 0xa0, 0x5, 0xff, 0xfa, 0x0, 0x5f,
    0xff, 0xa0, 0x5, 0xff, 0xfa, 0x0, 0x6f, 0xff,
    0x91, 0x3d, 0xff, 0xf7, 0xaf, 0xff, 0xff, 0x2a,
    0xff, 0xff, 0x70, 0xaf, 0xea, 0x40, 0x0,

    /* U+006B "k" */
    0x5f, 0xff, 0xa0, 0x0, 0x0, 0x0, 0x0, 0x5,
    0xff, 0xfa, 0x0, 0x0, 0x0, 0x0, 0x0, 0x5f,
    0xff, 0xa0, 0x0, 0x0, 0x0, 0x0, 0x5, 0xff,
    0xfa, 0x0, 0x0, 0x0, 0x0, 0x0, 0x5f, 0xff,
    0xa0, 0x0, 0x0, 0x0, 0x0, 0x5, 0xff, 0xfa,
    0x0, 0x0, 0xbf, 0xff, 0xc0, 0x5f, 0xff, 0xa0,
    0x0, 0x9f, 0xff, 0xe1, 0x5, 0xff, 0xfa, 0x0,
    0x6f, 0xff, 0xf3, 0x0, 0x5f, 0xff, 0xa0, 0x4f,
    0xff, 0xf4, 0x0, 0x5, 0xff, 0xfa, 0x2e, 0xff,
    0xf7, 0x0, 0x0, 0x5f, 0xff, 0xbd, 0xff, 0xf9,
    0x0, 0x0, 0x5, 0xff, 0xff, 0xff, 0xfe, 0x0,
    0x0, 0x0, 0x5f, 0xff, 0xff, 0xff, 0xf6, 0x0,
    0x0, 0x5, 0xff, 0xff, 0xff, 0xff, 0xf2, 0x0,
    0x0, 0x5f, 0xff, 0xf4, 0xcf, 0xff, 0xc0, 0x0,
    0x5, 0xff, 0xfa, 0x2, 0xff, 0xff, 0x70, 0x0,
    0x5f, 0xff, 0xa0, 0x7, 0xff, 0xff, 0x20, 0x5,
    0xff, 0xfa, 0x0, 0xc, 0xff, 0xfd, 0x0, 0x5f,
    0xff, 0xa0, 0x0, 0x2f, 0xff, 0xf8, 0x5, 0xff,
    0xfa, 0x0, 0x0, 0x7f, 0xff, 0xf3,

    /* U+006C "l" */
    0x5f, 0xff, 0xa5, 0xff, 0xfa, 0x5f, 0xff, 0xa5,
    0xff, 0xfa, 0x5f, 0xff, 0xa5, 0xff, 0xfa, 0x5f,
    0xff, 0xa5, 0xff, 0xfa, 0x5f, 0xff, 0xa5, 0xff,
    0xfa, 0x5f, 0xff, 0xa5, 0xff, 0xfa, 0x5f, 0xff,
    0xa5, 0xff, 0xfa, 0x5f, 0xff, 0xa5, 0xff, 0xfa,
    0x5f, 0xff, 0xa5, 0xff, 0xfa, 0x5f, 0xff, 0xa5,
    0xff, 0xfa,

    /* U+006D "m" */
    0x5f, 0xff, 0x60, 0x6d, 0xfd, 0x80, 0x0, 0x3b,
    0xef, 0xd7, 0x0, 0x5f, 0xff, 0x79, 0xff, 0xff,
    0xfb, 0x6, 0xff, 0xff, 0xff, 0xb0, 0x5f, 0xff,
    0xcf, 0xff, 0xff, 0xff, 0x6f, 0xff, 0xff, 0xff,
    0xf6, 0x5f, 0xff, 0xfb, 0x32, 0x9f, 0xff, 0xff,
    0x62, 0x4d, 0xff, 0xfc, 0x5f, 0xff, 0xe0, 0x0,
    0xc, 0xff, 0xf7, 0x0, 0x3, 0xff, 0xfe, 0x5f,
    0xff, 0xa0, 0x0, 0x9, 0xff, 0xf3, 0x0, 0x0,
    0xff, 0xff, 0x5f, 0xff, 0xa0, 0x0, 0x9, 0xff,
    0xf3, 0x0, 0x0, 0xff, 0xff, 0x5f, 0xff, 0xa0,
    0x0, 0x9, 0xff, 0xf3, 0x0, 0x0, 0xff, 0xff,
    0x5f, 0xff, 0xa0, 0x0, 0x9, 0xff, 0xf3, 0x0,
    0x0, 0xff, 0xff, 0x5f, 0xff, 0xa0, 0x0, 0x9,
    0xff, 0xf3, 0x0, 0x0, 0xff, 0xff, 0x5f, 0xff,
    0xa0, 0x0, 0x9, 0xff, 0xf3, 0x0, 0x0, 0xff,
    0xff, 0x5f, 0xff, 0xa0, 0x0, 0x9, 0xff, 0xf3,
    0x0, 0x0, 0xff, 0xff, 0x5f, 0xff, 0xa0, 0x0,
    0x9, 0xff, 0xf3, 0x0, 0x0, 0xff, 0xff, 0x5f,
    0xff, 0xa0, 0x0, 0x9, 0xff, 0xf3, 0x0, 0x0,
    0xff, 0xff, 0x5f, 0xff, 0xa0, 0x0, 0x9, 0xff,
    0xf3, 0x0, 0x0, 0xff, 0xff,

    /* U+006E "n" */
    0x5f, 0xff, 0x60, 0x5c, 0xef, 0xc6, 0x0, 0x5,
    0xff, 0xf7, 0x8f, 0xff, 0xff, 0xfa, 0x0, 0x5f,
    0xff, 0xaf, 0xff, 0xff, 0xff, 0xf6, 0x5, 0xff,
    0xff, 0xd5, 0x25, 0xef, 0xff, 0xc0, 0x5f, 0xff,
    0xf1, 0x0, 0x3, 0xff, 0xff, 0x5, 0xff, 0xfb,
    0x0, 0x0, 0xe, 0xff, 0xf1, 0x5f, 0xff, 0xa0,
    0x0, 0x0, 0xdf, 0xff, 0x25, 0xff, 0xfa, 0x0,
    0x0, 0xd, 0xff, 0xf2, 0x5f, 0xff, 0xa0, 0x0,
    0x0, 0xdf, 0xff, 0x25, 0xff, 0xfa, 0x0, 0x0,
    0xd, 0xff, 0xf2, 0x5f, 0xff, 0xa0, 0x0, 0x0,
    0xdf, 0xff, 0x25, 0xff, 0xfa, 0x0, 0x0, 0xd,
    0xff, 0xf2, 0x5f, 0xff, 0xa0, 0x0, 0x0, 0xdf,
    0xff, 0x25, 0xff, 0xfa, 0x0, 0x0, 0xd, 0xff,
    0xf2, 0x5f, 0xff, 0xa0, 0x0, 0x0, 0xdf, 0xff,
    0x20,

    /* U+006F "o" */
    0x0, 0x1, 0x7c, 0xef, 0xda, 0x40, 0x0, 0x0,
    0x5, 0xff, 0xff, 0xff, 0xff, 0xb1, 0x0, 0x4,
    0xff, 0xff, 0xff, 0xff, 0xff, 0xd0, 0x0, 0xef,
    0xff, 0xc4, 0x26, 0xff, 0xff, 0x80, 0x6f, 0xff,
    0xd0, 0x0, 0x4, 0xff, 0xfe, 0xb, 0xff, 0xf6,
    0x0, 0x0, 0xd, 0xff, 0xf4, 0xdf, 0xff, 0x20,
    0x0, 0x0, 0x9f, 0xff, 0x6e, 0xff, 0xf2, 0x0,
    0x0, 0x8, 0xff, 0xf7, 0xdf, 0xff, 0x30, 0x0,
    0x0, 0x9f, 0xff, 0x6b, 0xff, 0xf6, 0x0, 0x0,
    0xd, 0xff, 0xf4, 0x6f, 0xff, 0xd0, 0x0, 0x4,
    0xff, 0xfe, 0x1, 0xef, 0xff, 0xc4, 0x26, 0xff,
    0xff, 0x80, 0x4, 0xff, 0xff, 0xff, 0xff, 0xff,
    0xd0, 0x0, 0x5, 0xff, 0xff, 0xff, 0xff, 0xb1,
    0x0, 0x0, 0x1, 0x7c, 0xef, 0xdb, 0x40, 0x0,
    0x0,

    /* U+0070 "p" */
    0x5f, 0xff, 0x90, 0x6c, 0xfe, 0xc5, 0x0, 0x5,
    0xff, 0xf9, 0x8f, 0xff, 0xff, 0xfb, 0x0, 0x5f,
    0xff, 0xdf, 0xff, 0xff, 0xff, 0xf9, 0x5, 0xff,
    0xff, 0xe4, 0x1, 0xaf, 0xff, 0xf2, 0x5f, 0xff,
    0xf3, 0x0, 0x0, 0xcf, 0xff, 0x75, 0xff, 0xfc,
    0x0, 0x0, 0x5, 0xff, 0xfc, 0x5f, 0xff, 0x90,
    0x0, 0x0, 0x2f, 0xff, 0xd5, 0xff, 0xf9, 0x0,
    0x0, 0x2, 0xff, 0xfe, 0x5f, 0xff, 0xa0, 0x0,
    0x0, 0x3f, 0xff, 0xd5, 0xff, 0xfd, 0x0, 0x0,
    0x6, 0xff, 0xfb, 0x5f, 0xff, 0xf5, 0x0, 0x0,
    0xdf, 0xff, 0x75, 0xff, 0xff, 0xf7, 0x35, 0xcf,
    0xff, 0xf2, 0x5f, 0xff, 0xdf, 0xff, 0xff, 0xff,
    0xf9, 0x5, 0xff, 0xfa, 0x7f, 0xff, 0xff, 0xfa,
    0x0, 0x5f, 0xff, 0xa0, 0x5c, 0xfe, 0xc5, 0x0,
    0x5, 0xff, 0xfa, 0x0, 0x0, 0x0, 0x0, 0x0,
    0x5f, 0xff, 0xa0, 0x0, 0x0, 0x0, 0x0, 0x5,
    0xff, 0xfa, 0x0, 0x0, 0x0, 0x0, 0x0, 0x5f,
    0xff, 0xa0, 0x0, 0x0, 0x0, 0x0, 0x5, 0xff,
    0xfa, 0x0, 0x0, 0x0, 0x0, 0x0, 0x5f, 0xff,
    0xa0, 0x0, 0x0, 0x0, 0x0, 0x0,

    /* U+0071 "q" */
    0x0, 0x5, 0xce, 0xfc, 0x50, 0x9f, 0xff, 0x50,
    0xa, 0xff, 0xff, 0xff, 0x79, 0xff, 0xf5, 0x9,
    0xff, 0xff, 0xff, 0xff, 0xcf, 0xff, 0x52, 0xff,
    0xff, 0xc4, 0x37, 0xff, 0xff, 0xf5, 0x8f, 0xff,
    0xd0, 0x0, 0x4, 0xff, 0xff, 0x5c, 0xff, 0xf6,
    0x0, 0x0, 0xd, 0xff, 0xf5, 0xdf, 0xff, 0x30,
    0x0, 0x0, 0xaf, 0xff, 0x5e, 0xff, 0xf2, 0x0,
    0x0, 0x9, 0xff, 0xf5, 0xdf, 0xff, 0x30, 0x0,
    0x0, 0xaf, 0xff, 0x5c, 0xff, 0xf6, 0x0, 0x0,
    0xd, 0xff, 0xf5, 0x7f, 0xff, 0xd0, 0x0, 0x5,
    0xff, 0xff, 0x52, 0xff, 0xff, 0xc5, 0x37, 0xff,
    0xff, 0xf5, 0x9, 0xff, 0xff, 0xff, 0xff, 0xdf,
    0xff, 0x50, 0xa, 0xff, 0xff, 0xff, 0x7a, 0xff,
    0xf5, 0x0, 0x5, 0xce, 0xfc, 0x50, 0xaf, 0xff,
    0x50, 0x0, 0x0, 0x0, 0x0, 0xa, 0xff, 0xf5,
    0x0, 0x0, 0x0, 0x0, 0x0, 0xaf, 0xff, 0x50,
    0x0, 0x0, 0x0, 0x0, 0xa, 0xff, 0xf5, 0x0,
    0x0, 0x0, 0x0, 0x0, 0xaf, 0xff, 0x50, 0x0,
    0x0, 0x0, 0x0, 0xa, 0xff, 0xf5, 0x0, 0x0,
    0x0, 0x0, 0x0, 0xaf, 0xff, 0x50,

    /* U+0072 "r" */
    0x0, 0x0, 0x0, 0x0, 0x0, 0x5f, 0xff, 0x80,
    0x9e, 0xf8, 0x5f, 0xff, 0x8b, 0xff, 0xf8, 0x5f,
    0xff, 0xdf, 0xff, 0xf8, 0x5f, 0xff, 0xff, 0x95,
    0x53, 0x5f, 0xff, 0xf4, 0x0, 0x0, 0x5f, 0xff,
    0xc0, 0x0, 0x0, 0x5f, 0xff, 0xa0, 0x0, 0x0,
    0x5f, 0xff, 0xa0, 0x0, 0x0, 0x5f, 0xff, 0xa0,
    0x0, 0x0, 0x5f, 0xff, 0xa0, 0x0, 0x0, 0x5f,
    0xff, 0xa0, 0x0, 0x0, 0x5f, 0xff, 0xa0, 0x0,
    0x0, 0x5f, 0xff, 0xa0, 0x0, 0x0, 0x5f, 0xff,
    0xa0, 0x0, 0x0, 0x5f, 0xff, 0xa0, 0x0, 0x0,

    /* U+0073 "s" */
    0x0, 0x17, 0xce, 0xfe, 0xc8, 0x10, 0x0, 0x3,
    0xef, 0xff, 0xff, 0xff, 0xf5, 0x0, 0x1f, 0xff,
    0xff, 0xef, 0xff, 0xff, 0x20, 0x7f, 0xff, 0xb1,
    0x0, 0x7f, 0xff, 0x90, 0x9f, 0xff, 0x60, 0x0,
    0x6, 0x42, 0x0, 0x7f, 0xff, 0xe6, 0x20, 0x0,
    0x0, 0x0, 0x1e, 0xff, 0xff, 0xfe, 0xb8, 0x30,
    0x0, 0x3, 0xdf, 0xff, 0xff, 0xff, 0xfa, 0x0,
    0x0, 0x4, 0x8c, 0xff, 0xff, 0xff, 0xa0, 0x0,
    0x0, 0x0, 0x3, 0xaf, 0xff, 0xf0, 0x58, 0xbc,
    0x0, 0x0, 0xf, 0xff, 0xf1, 0xbf, 0xff, 0xa1,
    0x0, 0x7f, 0xff, 0xe0, 0x3f, 0xff, 0xff, 0xff,
    0xff, 0xff, 0x60, 0x5, 0xff, 0xff, 0xff, 0xff,
    0xf7, 0x0, 0x0, 0x18, 0xce, 0xfe, 0xc8, 0x20,
    0x0,

    /* U+0074 "t" */
    0x0, 0x58, 0x88, 0x20, 0x0, 0x0, 0xbf, 0xff,
    0x40, 0x0, 0x0, 0xbf, 0xff, 0x40, 0x0, 0x0,
    0xbf, 0xff, 0x40, 0x0, 0xbf, 0xff, 0xff, 0xff,
    0xf0, 0xbf, 0xff, 0xff, 0xff, 0xf0, 0xbf, 0xff,
    0xff, 0xff, 0xf0, 0x0, 0xbf, 0xff, 0x40, 0x0,
    0x0, 0xbf, 0xff, 0x40, 0x0, 0x0, 0xbf, 0xff,
    0x40, 0x0, 0x0, 0xbf, 0xff, 0x40, 0x0, 0x0,
    0xbf, 0xff, 0x40, 0x0, 0x0, 0xbf, 0xff, 0x40,
    0x0, 0x0, 0xbf, 0xff, 0x40, 0x0, 0x0, 0xbf,
    0xff, 0x40, 0x0, 0x0, 0xaf, 0xff, 0xa3, 0x30,
    0x0, 0x6f, 0xff, 0xff, 0xf0, 0x0, 0xd, 0xff,
    0xff, 0xf3, 0x0, 0x0, 0x8d, 0xff, 0xd3,

    /* U+0075 "u" */
    0x5f, 0xff, 0xa0, 0x0, 0x0, 0xdf, 0xff, 0x25,
    0xff, 0xfa, 0x0, 0x0, 0xd, 0xff, 0xf2, 0x5f,
    0xff, 0xa0, 0x0, 0x0, 0xdf, 0xff, 0x25, 0xff,
    0xfa, 0x0, 0x0, 0xd, 0xff, 0xf2, 0x5f, 0xff,
    0xa0, 0x0, 0x0, 0xdf, 0xff, 0x25, 0xff, 0xfa,
    0x0, 0x0, 0xd, 0xff, 0xf2, 0x5f, 0xff, 0xa0,
    0x0, 0x0, 0xdf, 0xff, 0x25, 0xff, 0xfa, 0x0,
    0x0, 0xd, 0xff, 0xf2, 0x5f, 0xff, 0xa0, 0x0,
    0x0, 0xdf, 0xff, 0x24, 0xff, 0xfb, 0x0, 0x0,
    0xf, 0xff, 0xf2, 0x3f, 0xff, 0xf2, 0x0, 0x6,
    0xff, 0xff, 0x20, 0xff, 0xff, 0xe7, 0x59, 0xff,
    0xff, 0xf2, 0x9, 0xff, 0xff, 0xff, 0xfe, 0xaf,
    0xff, 0x20, 0xd, 0xff, 0xff, 0xff, 0x4a, 0xff,
    0xf2, 0x0, 0x7, 0xdf, 0xeb, 0x30, 0x9f, 0xff,
    0x20,

    /* U+0076 "v" */
    0x6f, 0xff, 0xc0, 0x0, 0x0, 0x8, 0xff, 0xf9,
    0x1f, 0xff, 0xf1, 0x0, 0x0, 0xd, 0xff, 0xf3,
    0xb, 0xff, 0xf6, 0x0, 0x0, 0x2f, 0xff, 0xd0,
    0x5, 0xff, 0xfb, 0x0, 0x0, 0x7f, 0xff, 0x80,
    0x0, 0xef, 0xff, 0x10, 0x0, 0xcf, 0xff, 0x20,
    0x0, 0x9f, 0xff, 0x50, 0x1, 0xff, 0xfc, 0x0,
    0x0, 0x3f, 0xff, 0xa0, 0x6, 0xff, 0xf6, 0x0,
    0x0, 0xd, 0xff, 0xf0, 0xb, 0xff, 0xf1, 0x0,
    0x0, 0x8, 0xff, 0xf4, 0xf, 0xff, 0xb0, 0x0,
    0x0, 0x2, 0xff, 0xf8, 0x4f, 0xff, 0x50, 0x0,
    0x0, 0x0, 0xcf, 0xfd, 0x8f, 0xff, 0x0, 0x0,
    0x0, 0x0, 0x6f, 0xff, 0xdf, 0xf9, 0x0, 0x0,
    0x0, 0x0, 0x1f, 0xff, 0xff, 0xf3, 0x0, 0x0,
    0x0, 0x0, 0xb, 0xff, 0xff, 0xe0, 0x0, 0x0,
    0x0, 0x0, 0x5, 0xff, 0xff, 0x80, 0x0, 0x0,

    /* U+0077 "w" */
    0x7f, 0xff, 0xa0, 0x0, 0x7, 0xff, 0xf6, 0x0,
    0x0, 0xcf, 0xff, 0x62, 0xff, 0xfe, 0x0, 0x0,
    0xbf, 0xff, 0xa0, 0x0, 0xf, 0xff, 0xf1, 0xd,
    0xff, 0xf2, 0x0, 0xf, 0xff, 0xfe, 0x0, 0x3,
    0xff, 0xfd, 0x0, 0x9f, 0xff, 0x50, 0x3, 0xff,
    0xff, 0xf2, 0x0, 0x7f, 0xff, 0x80, 0x4, 0xff,
    0xf9, 0x0, 0x7f, 0xff, 0xff, 0x60, 0xb, 0xff,
    0xf3, 0x0, 0xf, 0xff, 0xd0, 0xa, 0xff, 0xaf,
    0xf9, 0x0, 0xef, 0xfe, 0x0, 0x0, 0xbf, 0xff,
    0x0, 0xef, 0xf3, 0xff, 0xd0, 0x2f, 0xff, 0xa0,
    0x0, 0x6, 0xff, 0xf4, 0x2f, 0xfd, 0xe, 0xff,
    0x15, 0xff, 0xf5, 0x0, 0x0, 0x1f, 0xff, 0x76,
    0xff, 0x90, 0xaf, 0xf4, 0x9f, 0xff, 0x10, 0x0,
    0x0, 0xdf, 0xfb, 0x9f, 0xf5, 0x6, 0xff, 0x8c,
    0xff, 0xc0, 0x0, 0x0, 0x8, 0xff, 0xec, 0xff,
    0x10, 0x2f, 0xfb, 0xff, 0xf7, 0x0, 0x0, 0x0,
    0x4f, 0xff, 0xff, 0xc0, 0x0, 0xdf, 0xff, 0xff,
    0x30, 0x0, 0x0, 0x0, 0xff, 0xff, 0xf7, 0x0,
    0x9, 0xff, 0xff, 0xe0, 0x0, 0x0, 0x0, 0xa,
    0xff, 0xff, 0x30, 0x0, 0x4f, 0xff, 0xf9, 0x0,
    0x0, 0x0, 0x0, 0x6f, 0xff, 0xe0, 0x0, 0x0,
    0xff, 0xff, 0x50, 0x0, 0x0,

    /* U+0078 "x" */
    0xd, 0xff, 0xf6, 0x0, 0x0, 0x9f, 0xff, 0x90,
    0x3, 0xff, 0xfe, 0x0, 0x2, 0xff, 0xfe, 0x0,
    0x0, 0xaf, 0xff, 0x80, 0xb, 0xff, 0xf5, 0x0,
    0x0, 0x1e, 0xff, 0xf1, 0x3f, 0xff, 0xb0, 0x0,
    0x0, 0x6, 0xff, 0xf8, 0xcf, 0xff, 0x20, 0x0,
    0x0, 0x0, 0xcf, 0xff, 0xff, 0xf7, 0x0, 0x0,
    0x0, 0x0, 0x3f, 0xff, 0xff, 0xd0, 0x0, 0x0,
    0x0, 0x0, 0xd, 0xff, 0xff, 0x80, 0x0, 0x0,
    0x0, 0x0, 0x7f, 0xff, 0xff, 0xf1, 0x0, 0x0,
    0x0, 0x1, 0xff, 0xfc, 0xff, 0xfa, 0x0, 0x0,
    0x0, 0xa, 0xff, 0xf3, 0xaf, 0xff, 0x40, 0x0,
    0x0, 0x4f, 0xff, 0xb0, 0x2f, 0xff, 0xe0, 0x0,
    0x0, 0xdf, 0xff, 0x30, 0x9, 0xff, 0xf8, 0x0,
    0x8, 0xff, 0xf9, 0x0, 0x1, 0xef, 0xff, 0x30,
    0x2f, 0xff, 0xf1, 0x0, 0x0, 0x6f, 0xff, 0xc0,

    /* U+0079 "y" */
    0x6f, 0xff, 0xc0, 0x0, 0x0, 0x7, 0xff, 0xfa,
    0x1f, 0xff, 0xf1, 0x0, 0x0, 0xc, 0xff, 0xf4,
    0xa, 0xff, 0xf6, 0x0, 0x0, 0x2f, 0xff, 0xe0,
    0x5, 0xff, 0xfb, 0x0, 0x0, 0x7f, 0xff, 0x80,
    0x0, 0xef, 0xff, 0x0, 0x0, 0xcf, 0xff, 0x20,
    0x0, 0x9f, 0xff, 0x50, 0x1, 0xff, 0xfc, 0x0,
    0x0, 0x3f, 0xff, 0xa0, 0x7, 0xff, 0xf7, 0x0,
    0x0, 0xd, 0xff, 0xf0, 0xc, 0xff, 0xf1, 0x0,
    0x0, 0x8, 0xff, 0xf3, 0x1f, 0xff, 0xb0, 0x0,
    0x0, 0x2, 0xff, 0xf7, 0x5f, 0xff, 0x50, 0x0,
    0x0, 0x0, 0xcf, 0xfb, 0xaf, 0xfe, 0x0, 0x0,
    0x0, 0x0, 0x6f, 0xff, 0xef, 0xf9, 0x0, 0x0,
    0x0, 0x0, 0x1f, 0xff, 0xff, 0xf3, 0x0, 0x0,
    0x0, 0x0, 0xa, 0xff, 0xff, 0xd0, 0x0, 0x0,
    0x0, 0x0, 0x5, 0xff, 0xff, 0x70, 0x0, 0x0,
    0x0, 0x0, 0x1, 0xff, 0xff, 0x20, 0x0, 0x0,
    0x0, 0x0, 0x4, 0xff, 0xfc, 0x0, 0x0, 0x0,
    0x0, 0x44, 0x4d, 0xff, 0xf5, 0x0, 0x0, 0x0,
    0x0, 0xcf, 0xff, 0xff, 0xc0, 0x0, 0x0, 0x0,
    0x1, 0xff, 0xff, 0xfe, 0x20, 0x0, 0x0, 0x0,
    0x3, 0xdf, 0xfd, 0x81, 0x0, 0x0, 0x0, 0x0,

    /* U+007A "z" */
    0x3f, 0xff, 0xff, 0xff, 0xff, 0xff, 0xa3, 0xff,
    0xff, 0xff, 0xff, 0xff, 0xfa, 0x3f, 0xff, 0xff,
    0xff, 0xff, 0xff, 0x90, 0x44, 0x44, 0x44, 0x9f,
    0xff, 0xe1, 0x0, 0x0, 0x0, 0x2f, 0xff, 0xf3,
    0x0, 0x0, 0x0, 0xd, 0xff, 0xf7, 0x0, 0x0,
    0x0, 0xa, 0xff, 0xfb, 0x0, 0x0, 0x0, 0x7,
    0xff, 0xfe, 0x10, 0x0, 0x0, 0x4, 0xff, 0xff,
    0x30, 0x0, 0x0, 0x1, 0xef, 0xff, 0x70, 0x0,
    0x0, 0x0, 0xcf, 0xff, 0xb0, 0x0, 0x0, 0x0,
    0x9f, 0xff, 0xf5, 0x44, 0x44, 0x43, 0x4f, 0xff,
    0xff, 0xff, 0xff, 0xff, 0xe6, 0xff, 0xff, 0xff,
    0xff, 0xff, 0xfe, 0x6f, 0xff, 0xff, 0xff, 0xff,
    0xff, 0xe0,

    /* U+007B "{" */
    0x0, 0x0, 0x0, 0x7b, 0xde, 0x50, 0x0, 0x1,
    0xdf, 0xff, 0xf5, 0x0, 0x0, 0x9f, 0xff, 0xff,
    0x50, 0x0, 0xf, 0xff, 0xf6, 0x10, 0x0, 0x2,
    0xff, 0xfa, 0x0, 0x0, 0x0, 0x3f, 0xff, 0x80,
    0x0, 0x0, 0x3, 0xff, 0xf7, 0x0, 0x0, 0x0,
    0x3f, 0xff, 0x70, 0x0, 0x0, 0x4, 0xff, 0xf7,
    0x0, 0x0, 0x0, 0x6f, 0xff, 0x50, 0x0, 0x0,
    0x3e, 0xff, 0xf2, 0x0, 0x2, 0xff, 0xff, 0xf8,
    0x0, 0x0, 0x2f, 0xff, 0xb3, 0x0, 0x0, 0x2,
    0xff, 0xff, 0x91, 0x0, 0x0, 0x1b, 0xef, 0xff,
    0xd0, 0x0, 0x0, 0x0, 0xbf, 0xff, 0x40, 0x0,
    0x0, 0x5, 0xff, 0xf6, 0x0, 0x0, 0x0, 0x3f,
    0xff, 0x70, 0x0, 0x0, 0x3, 0xff, 0xf7, 0x0,
    0x0, 0x0, 0x3f, 0xff, 0x70, 0x0, 0x0, 0x2,
    0xff, 0xfa, 0x0, 0x0, 0x0, 0xf, 0xff, 0xf5,
    0x0, 0x0, 0x0, 0xbf, 0xff, 0xff, 0x50, 0x0,
    0x2, 0xef, 0xff, 0xf5, 0x0, 0x0, 0x1, 0x7c,
    0xdf, 0x50,

    /* U+007C "|" */
    0x67, 0x76, 0xdf, 0xfe, 0xdf, 0xfe, 0xdf, 0xfe,
    0xdf, 0xfe, 0xdf, 0xfe, 0xdf, 0xfe, 0xdf, 0xfe,
    0xdf, 0xfe, 0xdf, 0xfe, 0xdf, 0xfe, 0xdf, 0xfe,
    0xdf, 0xfe, 0xdf, 0xfe, 0xdf, 0xfe, 0xdf, 0xfe,
    0xdf, 0xfe, 0xdf, 0xfe, 0xdf, 0xfe, 0xdf, 0xfe,
    0xdf, 0xfe, 0xdf, 0xfe, 0xdf, 0xfe, 0xdf, 0xfe,
    0xdf, 0xfe, 0xdf, 0xfe, 0xdf, 0xfe, 0xdf, 0xfe,
    0xdf, 0xfe, 0xdf, 0xfe, 0xdf, 0xfe, 0xdf, 0xfe,
    0xdf, 0xfe,

    /* U+007D "}" */
    0xaf, 0xda, 0x40, 0x0, 0x0, 0xaf, 0xff, 0xf9,
    0x0, 0x0, 0xaf, 0xff, 0xff, 0x40, 0x0, 0x2,
    0xaf, 0xff, 0x90, 0x0, 0x0, 0xf, 0xff, 0xc0,
    0x0, 0x0, 0xd, 0xff, 0xd0, 0x0, 0x0, 0xc,
    0xff, 0xe0, 0x0, 0x0, 0xc, 0xff, 0xe0, 0x0,
    0x0, 0xc, 0xff, 0xe0, 0x0, 0x0, 0xb, 0xff,
    0xf1, 0x0, 0x0, 0x7, 0xff, 0xfc, 0x30, 0x0,
    0x0, 0xcf, 0xff, 0xfd, 0x0, 0x0, 0x5, 0xef,
    0xfd, 0x0, 0x0, 0x4c, 0xff, 0xfd, 0x0, 0x3,
    0xff, 0xff, 0xc8, 0x0, 0xa, 0xff, 0xf6, 0x0,
    0x0, 0xc, 0xff, 0xf0, 0x0, 0x0, 0xc, 0xff,
    0xe0, 0x0, 0x0, 0xc, 0xff, 0xe0, 0x0, 0x0,
    0xd, 0xff, 0xd0, 0x0, 0x0, 0xf, 0xff, 0xc0,
    0x0, 0x1, 0x9f, 0xff, 0xa0, 0x0, 0xaf, 0xff,
    0xff, 0x50, 0x0, 0xaf, 0xff, 0xfa, 0x0, 0x0,
    0xaf, 0xda, 0x50, 0x0, 0x0,

    /* U+007E "~" */
    0x1, 0x9e, 0xfc, 0x40, 0x0, 0x7, 0x88, 0x20,
    0xdf, 0xff, 0xff, 0x80, 0x0, 0xff, 0xf3, 0x7f,
    0xff, 0xff, 0xff, 0xc6, 0xaf, 0xff, 0x1b, 0xff,
    0xd6, 0x9f, 0xff, 0xff, 0xff, 0xb0, 0xef, 0xf4,
    0x0, 0x5f, 0xff, 0xff, 0xf3, 0x8, 0x88, 0x10,
    0x0, 0x2a, 0xef, 0xb3, 0x0,

    /* U+00A0 " " */

    /* U+00A1 "¡" */
    0x1b, 0xfc, 0x29, 0xff, 0xfb, 0xbf, 0xff, 0xd5,
    0xff, 0xf7, 0x3, 0x74, 0x0, 0x0, 0x0, 0x27,
    0x77, 0x34, 0xff, 0xf6, 0x5f, 0xff, 0x75, 0xff,
    0xf7, 0x5f, 0xff, 0x76, 0xff, 0xf8, 0x6f, 0xff,
    0x86, 0xff, 0xf8, 0x7f, 0xff, 0x97, 0xff, 0xf9,
    0x7f, 0xff, 0xa8, 0xff, 0xfa, 0x8f, 0xff, 0xa8,
    0xff, 0xfb,

    /* U+00A2 "¢" */
    0x0, 0x0, 0x0, 0x8f, 0x0, 0x0, 0x0, 0x0,
    0x0, 0x0, 0x8f, 0x0, 0x0, 0x0, 0x0, 0x0,
    0x38, 0xdf, 0xa6, 0x10, 0x0, 0x0, 0x1c, 0xff,
    0xff, 0xff, 0xf7, 0x0, 0x1, 0xef, 0xff, 0xff,
    0xff, 0xff, 0x80, 0xc, 0xff, 0xff, 0xdf, 0xbf,
    0xff, 0xf3, 0x4f, 0xff, 0xf2, 0x8f, 0x8, 0xff,
    0xf9, 0x9f, 0xff, 0x80, 0x8f, 0x0, 0xdb, 0x84,
    0xcf, 0xff, 0x40, 0x8f, 0x0, 0x0, 0x0, 0xef,
    0xff, 0x20, 0x8f, 0x0, 0x0, 0x0, 0xef, 0xff,
    0x20, 0x8f, 0x0, 0x0, 0x0, 0xcf, 0xff, 0x40,
    0x8f, 0x0, 0x0, 0x0, 0x9f, 0xff, 0x80, 0x8f,
    0x0, 0xec, 0x95, 0x4f, 0xff, 0xf2, 0x8f, 0x8,
    0xff, 0xfa, 0xc, 0xff, 0xff, 0xdf, 0xbf, 0xff,
    0xf3, 0x2, 0xef, 0xff, 0xff, 0xff, 0xff, 0x80,
    0x0, 0x1c, 0xff, 0xff, 0xff, 0xf7, 0x0, 0x0,
    0x0, 0x38, 0xdf, 0xa6, 0x10, 0x0, 0x0, 0x0,
    0x0, 0x8f, 0x0, 0x0, 0x0, 0x0, 0x0, 0x0,
    0x8f, 0x0, 0x0, 0x0,

    /* U+00A3 "£" */
    0x0, 0x0, 0x5, 0xbe, 0xfe, 0xb5, 0x0, 0x0,
    0x0, 0x1, 0xbf, 0xff, 0xff, 0xff, 0xc1, 0x0,
    0x0, 0xb, 0xff, 0xff, 0xff, 0xff, 0xfc, 0x0,
    0x0, 0x5f, 0xff, 0xf9, 0x68, 0xff, 0xff, 0x50,
    0x0, 0xbf, 0xff, 0x50, 0x0, 0x4f, 0xff, 0xb0,
    0x0, 0xdf, 0xff, 0x0, 0x0, 0xc, 0xb9, 0x60,
    0x0, 0xef, 0xfe, 0x0, 0x0, 0x0, 0x0, 0x0,
    0x0, 0xef, 0xfe, 0x0, 0x0, 0x0, 0x0, 0x0,
    0x0, 0xdf, 0xfe, 0x0, 0x0, 0x0, 0x0, 0x0,
    0xcf, 0xff, 0xff, 0xff, 0xff, 0xf1, 0x0, 0x0,
    0xcf, 0xff, 0xff, 0xff, 0xff, 0xf1, 0x0, 0x0,
    0x69, 0xdf, 0xff, 0x99, 0x99, 0x90, 0x0, 0x0,
    0x0, 0xaf, 0xff, 0x10, 0x0, 0x0, 0x0, 0x0,
    0x0, 0x9f, 0xff, 0x10, 0x0, 0x0, 0x0, 0x0,
    0x0, 0x9f, 0xff, 0x10, 0x0, 0x0, 0x0, 0x0,
    0x0, 0xbf, 0xfb, 0x0, 0x0, 0x7, 0xcc, 0xc1,
    0x5a, 0xff, 0xe6, 0x55, 0x55, 0x5d, 0xff, 0xf0,
    0xcf, 0xff, 0xff, 0xff, 0xff, 0xff, 0xff, 0xd0,
    0xcf, 0xff, 0xff, 0xff, 0xff, 0xff, 0xff, 0x50,
    0xcf, 0xff, 0xff, 0xff, 0xff, 0xff, 0xc5, 0x0,

    /* U+00A4 "¤" */
    0x0, 0x91, 0x0, 0x4, 0x67, 0x51, 0x0, 0x5,
    0x50, 0xb, 0xfd, 0x27, 0xef, 0xff, 0xff, 0xc3,
    0x5f, 0xf5, 0xb, 0xff, 0xff, 0xff, 0xff, 0xff,
    0xff, 0xff, 0xf6, 0x0, 0xbf, 0xff, 0xc5, 0x10,
    0x28, 0xff, 0xff, 0x50, 0x0, 0x9f, 0xf8, 0x0,
    0x0, 0x0, 0x2d, 0xff, 0x20, 0x2, 0xff, 0xa0,
    0x0, 0x0, 0x0, 0x2, 0xff, 0xa0, 0x7, 0xff,
    0x10, 0x0, 0x0, 0x0, 0x0, 0x9f, 0xf0, 0xa,
    0xfc, 0x0, 0x0, 0x0, 0x0, 0x0, 0x4f, 0xf3,
    0xc, 0xfa, 0x0, 0x0, 0x0, 0x0, 0x0, 0x2f,
    0xf4, 0xb, 0xfb, 0x0, 0x0, 0x0, 0x0, 0x0,
    0x3f, 0xf4, 0x9, 0xfe, 0x0, 0x0, 0x0, 0x0,
    0x0, 0x6f, 0xf2, 0x4, 0xff, 0x50, 0x0, 0x0,
    0x0, 0x0, 0xcf, 0xd0, 0x0, 0xdf, 0xe1, 0x0,
    0x0, 0x0, 0x8, 0xff, 0x60, 0x0, 0xaf, 0xfe,
    0x30, 0x0, 0x0, 0x9f, 0xff, 0x30, 0x8, 0xff,
    0xff, 0xfc, 0x98, 0xaf, 0xff, 0xff, 0xf3, 0xd,
    0xff, 0x8e, 0xff, 0xff, 0xff, 0xfb, 0x9f, 0xf7,
    0x1, 0xc3, 0x1, 0x7c, 0xef, 0xea, 0x40, 0x8,
    0x80, 0x0, 0x0, 0x0, 0x0, 0x0, 0x0, 0x0,
    0x0, 0x0,

    /* U+00A5 "¥" */
    0x6f, 0xff, 0xb0, 0x0, 0x0, 0x5f, 0xff, 0xc0,
    0xe, 0xff, 0xf2, 0x0, 0x0, 0xbf, 0xff, 0x50,
    0x8, 0xff, 0xf8, 0x0, 0x2, 0xff, 0xfe, 0x0,
    0x1, 0xff, 0xfe, 0x0, 0x8, 0xff, 0xf7, 0x0,
    0x0, 0xaf, 0xff, 0x40, 0xe, 0xff, 0xf1, 0x0,
    0x0, 0x3f, 0xff, 0xb0, 0x4f, 0xff, 0x90, 0x0,
    0x0, 0xc, 0xff, 0xf1, 0xbf, 0xff, 0x20, 0x0,
    0x0, 0x5, 0xff, 0xf9, 0xff, 0xfb, 0x0, 0x0,
    0x0, 0x0, 0xef, 0xff, 0xff, 0xf4, 0x0, 0x0,
    0x0, 0x0, 0x7f, 0xff, 0xff, 0xd0, 0x0, 0x0,
    0x8, 0xff, 0xff, 0xff, 0xff, 0xff, 0xf8, 0x0,
    0x8, 0xff, 0xff, 0xff, 0xff, 0xff, 0xf8, 0x0,
    0x3, 0x55, 0x59, 0xff, 0xfc, 0x55, 0x53, 0x0,
    0x2, 0x55, 0x58, 0xff, 0xfc, 0x55, 0x53, 0x0,
    0x8, 0xff, 0xff, 0xff, 0xff, 0xff, 0xf8, 0x0,
    0x8, 0xff, 0xff, 0xff, 0xff, 0xff, 0xf8, 0x0,
    0x0, 0x0, 0x5, 0xff, 0xfa, 0x0, 0x0, 0x0,
    0x0, 0x0, 0x5, 0xff, 0xfa, 0x0, 0x0, 0x0,
    0x0, 0x0, 0x5, 0xff, 0xfa, 0x0, 0x0, 0x0,
    0x0, 0x0, 0x5, 0xff, 0xfa, 0x0, 0x0, 0x0,

    /* U+00A6 "¦" */
    0x3f, 0xff, 0x53, 0xff, 0xf5, 0x3f, 0xff, 0x53,
    0xff, 0xf5, 0x3f, 0xff, 0x53, 0xff, 0xf5, 0x3f,
    0xff, 0x53, 0xff, 0xf5, 0x3f, 0xff, 0x50, 0x22,
    0x20, 0x0, 0x0, 0x0, 0x0, 0x0, 0x0, 0x0,
    0x0, 0x0, 0x0, 0x3f, 0xff, 0x53, 0xff, 0xf5,
    0x3f, 0xff, 0x53, 0xff, 0xf5, 0x3f, 0xff, 0x53,
    0xff, 0xf5, 0x3f, 0xff, 0x53, 0xff, 0xf5, 0x3f,
    0xff, 0x50, 0x33, 0x31,

    /* U+00A7 "§" */
    0x0, 0x5, 0xbe, 0xfe, 0xc6, 0x0, 0x0, 0x0,
    0xaf, 0xff, 0xff, 0xff, 0xa0, 0x0, 0x6, 0xff,
    0xff, 0xff, 0xff, 0xf6, 0x0, 0xc, 0xff, 0xf5,
    0x14, 0xdf, 0xfd, 0x0, 0xe, 0xff, 0x90, 0x0,
    0x4f, 0xc9, 0x0, 0xd, 0xff, 0xc0, 0x0, 0x0,
    0x0, 0x0, 0x9, 0xff, 0xfa, 0x20, 0x0, 0x0,
    0x0, 0x1, 0xdf, 0xff, 0xfb, 0x40, 0x0, 0x0,
    0x0, 0x3e, 0xff, 0xff, 0xfe, 0x70, 0x0, 0xa,
    0xff, 0x9b, 0xff, 0xff, 0xfc, 0x10, 0x7f, 0xf7,
    0x0, 0x28, 0xef, 0xff, 0x90, 0xbf, 0xf5, 0x0,
    0x0, 0xb, 0xff, 0xf0, 0xaf, 0xfd, 0x10, 0x0,
    0x1, 0xff, 0xf1, 0x4f, 0xff, 0xe8, 0x10, 0x2,
    0xff, 0xd0, 0x9, 0xff, 0xff, 0xfb, 0x7d, 0xfd,
    0x20, 0x0, 0x4d, 0xff, 0xff, 0xff, 0x70, 0x0,
    0x0, 0x0, 0x3a, 0xff, 0xff, 0xf5, 0x0, 0x0,
    0x0, 0x0, 0x18, 0xff, 0xfe, 0x0, 0x0, 0x0,
    0x0, 0x0, 0x7f, 0xff, 0x20, 0x1a, 0xdf, 0x40,
    0x0, 0x5f, 0xff, 0x40, 0xf, 0xff, 0xe5, 0x24,
    0xdf, 0xff, 0x10, 0x8, 0xff, 0xff, 0xff, 0xff,
    0xfa, 0x0, 0x0, 0xaf, 0xff, 0xff, 0xff, 0xc1,
    0x0, 0x0, 0x5, 0xbe, 0xfe, 0xb6, 0x0, 0x0,

    /* U+00A8 "¨" */
    0x8, 0xc8, 0x0, 0xa, 0xc6, 0x5, 0xff, 0xf5,
    0x8, 0xff, 0xf2, 0x6f, 0xff, 0x50, 0x8f, 0xff,
    0x30, 0xbf, 0xa0, 0x1, 0xcf, 0x80,

    /* U+00A9 "©" */
    0x0, 0x0, 0x0, 0x0, 0x0, 0x10, 0x0, 0x0,
    0x0, 0x0, 0x0, 0x0, 0x0, 0x5, 0xbf, 0xff,
    0xfe, 0x93, 0x0, 0x0, 0x0, 0x0, 0x0, 0x4d,
    0xff, 0xff, 0xff, 0xff, 0xfa, 0x10, 0x0, 0x0,
    0x0, 0x7f, 0xff, 0xff, 0xff, 0xff, 0xff, 0xfe,
    0x30, 0x0, 0x0, 0x6f, 0xff, 0xf9, 0x41, 0x1,
    0x5c, 0xff, 0xfe, 0x20, 0x0, 0x2f, 0xff, 0xd2,
    0x4, 0x9a, 0x83, 0x6, 0xff, 0xfd, 0x0, 0xb,
    0xff, 0xe1, 0x1c, 0xff, 0xff, 0xfa, 0x5, 0xff,
    0xf6, 0x2, 0xff, 0xf4, 0xd, 0xff, 0xff, 0xff,
    0xfb, 0x9, 0xff, 0xd0, 0x7f, 0xfc, 0x8, 0xff,
    0xc3, 0x4, 0xef, 0xf4, 0x2f, 0xff, 0x2a, 0xff,
    0x80, 0xdf, 0xe0, 0x0, 0x3, 0xaa, 0x50, 0xdf,
    0xf5, 0xbf, 0xf6, 0xf, 0xfb, 0x0, 0x0, 0x0,
    0x0, 0xb, 0xff, 0x6b, 0xff, 0x60, 0xef, 0xd0,
    0x0, 0x1, 0x55, 0x20, 0xbf, 0xf6, 0xaf, 0xf8,
    0xa, 0xff, 0x90, 0x0, 0xcf, 0xf4, 0xd, 0xff,
    0x46, 0xff, 0xd0, 0x2f, 0xff, 0xeb, 0xef, 0xfd,
    0x2, 0xff, 0xf1, 0x1f, 0xff, 0x50, 0x5f, 0xff,
    0xff, 0xfe, 0x20, 0xbf, 0xfc, 0x0, 0xaf, 0xff,
    0x20, 0x29, 0xef, 0xd8, 0x10, 0x7f, 0xff, 0x40,
    0x1, 0xff, 0xfe, 0x50, 0x0, 0x0, 0x0, 0x8f,
    0xff, 0xb0, 0x0, 0x4, 0xff, 0xff, 0xc6, 0x32,
    0x48, 0xef, 0xff, 0xd1, 0x0, 0x0, 0x5, 0xff,
    0xff, 0xff, 0xff, 0xff, 0xff, 0xd1, 0x0, 0x0,
    0x0, 0x2, 0xbf, 0xff, 0xff, 0xff, 0xff, 0x80,
    0x0, 0x0, 0x0, 0x0, 0x0, 0x38, 0xde, 0xfe,
    0xc7, 0x10, 0x0, 0x0, 0x0,

    /* U+00AA "ª" */
    0x0, 0x0, 0x3, 0x31, 0x0, 0x0, 0x0, 0x2b,
    0xff, 0xff, 0xd5, 0x0, 0x3, 0xff, 0xff, 0xff,
    0xff, 0x80, 0xa, 0xff, 0x81, 0x6, 0xff, 0xf0,
    0x0, 0x2, 0x0, 0x0, 0xff, 0xf2, 0x0, 0x4,
    0x7a, 0xbe, 0xff, 0xf2, 0x4, 0xef, 0xff, 0xfe,
    0xff, 0xf2, 0xe, 0xff, 0x94, 0x10, 0xef, 0xf2,
    0x3f, 0xfc, 0x0, 0x1, 0xff, 0xf2, 0x2f, 0xff,
    0x63, 0x5c, 0xff, 0xf2, 0xb, 0xff, 0xff, 0xfd,
    0xdf, 0xf2, 0x0, 0x8d, 0xfe, 0xa1, 0x9c, 0xc1,

    /* U+00AB "«" */
    0x0, 0x0, 0x1e, 0xff, 0xf4, 0xc, 0xff, 0xf6,
    0x0, 0x0, 0xcf, 0xff, 0x60, 0x9f, 0xff, 0x90,
    0x0, 0xa, 0xff, 0xf9, 0x7, 0xff, 0xfc, 0x0,
    0x0, 0x8f, 0xff, 0xb0, 0x5f, 0xff, 0xd1, 0x0,
    0x5, 0xff, 0xfd, 0x13, 0xff, 0xff, 0x20, 0x0,
    0x3f, 0xff, 0xf2, 0x1e, 0xff, 0xf4, 0x0, 0x0,
    0x9f, 0xff, 0xb0, 0x6f, 0xff, 0xd0, 0x0, 0x0,
    0xc, 0xff, 0xf7, 0x9, 0xff, 0xfa, 0x0, 0x0,
    0x1, 0xdf, 0xff, 0x50, 0xbf, 0xff, 0x80, 0x0,
    0x0, 0x2e, 0xff, 0xf3, 0x1d, 0xff, 0xf5, 0x0,
    0x0, 0x4, 0xff, 0xfe, 0x12, 0xef, 0xff, 0x30,
    0x0, 0x0, 0x6f, 0xff, 0xc0, 0x3f, 0xff, 0xe1,
    0x0, 0x0, 0x6, 0x88, 0x83, 0x4, 0x88, 0x85,

    /* U+00AC "¬" */
    0x2, 0x22, 0x22, 0x22, 0x22, 0x22, 0x22, 0xff,
    0xff, 0xff, 0xff, 0xff, 0xfc, 0x2f, 0xff, 0xff,
    0xff, 0xff, 0xff, 0xc2, 0xff, 0xff, 0xff, 0xff,
    0xff, 0xfc, 0x0, 0x0, 0x0, 0x0, 0x9, 0xff,
    0xc0, 0x0, 0x0, 0x0, 0x0, 0x9f, 0xfc, 0x0,
    0x0, 0x0, 0x0, 0x9, 0xff, 0xc0, 0x0, 0x0,
    0x0, 0x0, 0x48, 0x86,

    /* U+00AE "®" */
    0x0, 0x0, 0x0, 0x0, 0x0, 0x0, 0x0, 0x0,
    0x0, 0x0, 0x39, 0xdf, 0xfd, 0x92, 0x0, 0x0,
    0x0, 0x9, 0xff, 0xff, 0xff, 0xff, 0x80, 0x0,
    0x0, 0xbf, 0xf9, 0x30, 0x13, 0xaf, 0xfa, 0x0,
    0x8, 0xfe, 0x31, 0x11, 0x10, 0x4, 0xff, 0x60,
    0x1f, 0xf4, 0xd, 0xff, 0xfe, 0x40, 0x5f, 0xe0,
    0x6f, 0xb0, 0xd, 0xf4, 0x5f, 0xf0, 0xd, 0xf4,
    0x9f, 0x60, 0xd, 0xf0, 0x1e, 0xf0, 0x8, 0xf8,
    0xbf, 0x50, 0xd, 0xff, 0xff, 0x50, 0x7, 0xf9,
    0x9f, 0x60, 0xd, 0xf3, 0xbf, 0x40, 0x8, 0xf8,
    0x6f, 0xb0, 0xd, 0xf0, 0x3f, 0xb0, 0xd, 0xf4,
    0x1f, 0xf4, 0x9, 0xa0, 0x9, 0xa1, 0x6f, 0xe0,
    0x8, 0xfe, 0x30, 0x0, 0x0, 0x4, 0xff, 0x60,
    0x0, 0xbf, 0xf9, 0x31, 0x14, 0xaf, 0xf9, 0x0,
    0x0, 0x9, 0xff, 0xff, 0xff, 0xff, 0x70, 0x0,
    0x0, 0x0, 0x29, 0xdf, 0xfd, 0x81, 0x0, 0x0,

    /* U+00AF "¯" */
    0x78, 0x88, 0x88, 0x86, 0xef, 0xff, 0xff, 0xfc,
    0xef, 0xff, 0xff, 0xfc,

    /* U+00B0 "°" */
    0x0, 0x5, 0x9a, 0x71, 0x0, 0x1, 0xcf, 0xff,
    0xff, 0x40, 0xb, 0xff, 0xff, 0xff, 0xf2, 0x2f,
    0xfe, 0x20, 0x9f, 0xf9, 0x6f, 0xf4, 0x0, 0xe,
    0xfc, 0x7f, 0xf3, 0x0, 0xd, 0xfd, 0x4f, 0xfb,
    0x0, 0x4f, 0xfa, 0xd, 0xff, 0xdb, 0xff, 0xf4,
    0x3, 0xef, 0xff, 0xff, 0x80, 0x0, 0x2a, 0xef,
    0xc5, 0x0,

    /* U+00B1 "±" */
    0x0, 0x0, 0x8, 0xff, 0xd0, 0x0, 0x0, 0x0,
    0x0, 0x8, 0xff, 0xd0, 0x0, 0x0, 0x0, 0x0,
    0x8, 0xff, 0xd0, 0x0, 0x0, 0x9f, 0xff, 0xff,
    0xff, 0xff, 0xff, 0xfe, 0x9f, 0xff, 0xff, 0xff,
    0xff, 0xff, 0xfe, 0x9f, 0xff, 0xff, 0xff, 0xff,
    0xff, 0xfe, 0x1, 0x11, 0x18, 0xff, 0xd1, 0x11,
    0x11, 0x0, 0x0, 0x8, 0xff, 0xd0, 0x0, 0x0,
    0x0, 0x0, 0x8, 0xff, 0xd0, 0x0, 0x0, 0x0,
    0x0, 0x7, 0xee, 0xb0, 0x0, 0x0, 0x0, 0x0,
    0x0, 0x0, 0x0, 0x0, 0x0, 0x9f, 0xff, 0xff,
    0xff, 0xff, 0xff, 0xfe, 0x9f, 0xff, 0xff, 0xff,
    0xff, 0xff, 0xfe, 0x9f, 0xff, 0xff, 0xff, 0xff,
    0xff, 0xfe, 0x13, 0x33, 0x33, 0x33, 0x33, 0x33,
    0x32,

    /* U+00B2 "²" */
    0x1, 0x7d, 0xff, 0xd8, 0x10, 0x1, 0xef, 0xff,
    0xff, 0xfe, 0x20, 0x8f, 0xfc, 0x66, 0xdf, 0xfb,
    0x5, 0x88, 0x20, 0x4, 0xff, 0xc0, 0x0, 0x0,
    0x0, 0xaf, 0xf9, 0x0, 0x0, 0x1, 0xbf, 0xfe,
    0x10, 0x0, 0x4, 0xef, 0xfc, 0x20, 0x0, 0x9,
    0xff, 0xf7, 0x0, 0x0, 0x2d, 0xff, 0xf9, 0x77,
    0x77, 0x8, 0xff, 0xff, 0xff, 0xff, 0xf1, 0x8f,
    0xff, 0xff, 0xff, 0xff, 0x10,

    /* U+00B3 "³" */
    0x0, 0x6b, 0xef, 0xea, 0x30, 0x0, 0xbf, 0xff,
    0xff, 0xff, 0x60, 0x5f, 0xfe, 0x86, 0xaf, 0xfe,
    0x1, 0x33, 0x10, 0x2, 0xff, 0xd0, 0x0, 0x2,
    0xcc, 0xff, 0xb2, 0x0, 0x0, 0x2f, 0xff, 0xea,
    0x30, 0x0, 0x0, 0x0, 0x5f, 0xff, 0x25, 0x88,
    0x40, 0x0, 0xef, 0xf7, 0x7f, 0xff, 0x87, 0xbf,
    0xff, 0x40, 0xbf, 0xff, 0xff, 0xff, 0xa0, 0x0,
    0x5b, 0xef, 0xeb, 0x50, 0x0,

    /* U+00B4 "´" */
    0x0, 0x11, 0x11, 0x3, 0xff, 0xf5, 0xa, 0xff,
    0xa0, 0x1f, 0xfe, 0x10, 0x8f, 0xf5, 0x0,

    /* U+00B5 "µ" */
    0x5f, 0xff, 0xa0, 0x0, 0x0, 0xdf, 0xff, 0x20,
    0x5f, 0xff, 0xa0, 0x0, 0x0, 0xdf, 0xff, 0x20,
    0x5f, 0xff, 0xa0, 0x0, 0x0, 0xdf, 0xff, 0x20,
    0x5f, 0xff, 0xa0, 0x0, 0x0, 0xdf, 0xff, 0x20,
    0x5f, 0xff, 0xa0, 0x0, 0x0, 0xdf, 0xff, 0x20,
    0x5f, 0xff, 0xa0, 0x0, 0x0, 0xdf, 0xff, 0x20,
    0x5f, 0xff, 0xa0, 0x0, 0x0, 0xdf, 0xff, 0x20,
    0x5f, 0xff, 0xa0, 0x0, 0x0, 0xdf, 0xff, 0x20,
    0x5f, 0xff, 0xa0, 0x0, 0x0, 0xdf, 0xff, 0x20,
    0x5f, 0xff, 0xa0, 0x0, 0x0, 0xdf, 0xff, 0x20,
    0x5f, 0xff, 0xe0, 0x0, 0x2, 0xff, 0xff, 0x20,
    0x5f, 0xff, 0xfb, 0x20, 0x3d, 0xff, 0xff, 0x50,
    0x5f, 0xff, 0xff, 0xff, 0xff, 0xff, 0xff, 0xfd,
    0x5f, 0xff, 0xbf, 0xff, 0xff, 0x4f, 0xff, 0xfd,
    0x5f, 0xff, 0xa3, 0xcf, 0xc3, 0x2, 0xbe, 0xfd,
    0x5f, 0xff, 0xa0, 0x0, 0x0, 0x0, 0x0, 0x0,
    0x5f, 0xff, 0xa0, 0x0, 0x0, 0x0, 0x0, 0x0,
    0x5f, 0xff, 0xa0, 0x0, 0x0, 0x0, 0x0, 0x0,
    0x5f, 0xff, 0xa0, 0x0, 0x0, 0x0, 0x0, 0x0,
    0x5f, 0xff, 0xa0, 0x0, 0x0, 0x0, 0x0, 0x0,
    0x5f, 0xff, 0xa0, 0x0, 0x0, 0x0, 0x0, 0x0,

    /* U+00B6 "¶" */
    0x0, 0x5, 0xbe, 0xff, 0xff, 0xff, 0xf6, 0x1,
    0xbf, 0xff, 0xff, 0xff, 0xff, 0xf6, 0xc, 0xff,
    0xff, 0xff, 0xff, 0xff, 0xf6, 0x5f, 0xff, 0xff,
    0xfd, 0x11, 0xdf, 0xf6, 0xbf, 0xff, 0xff, 0xfd,
    0x0, 0xdf, 0xf6, 0xdf, 0xff, 0xff, 0xfd, 0x0,
    0xdf, 0xf6, 0xef, 0xff, 0xff, 0xfd, 0x0, 0xdf,
    0xf6, 0xdf, 0xff, 0xff, 0xfd, 0x0, 0xdf, 0xf6,
    0x9f, 0xff, 0xff, 0xfd, 0x0, 0xdf, 0xf6, 0x2f,
    0xff, 0xff, 0xfd, 0x0, 0xdf, 0xf6, 0x7, 0xff,
    0xff, 0xfd, 0x0, 0xdf, 0xf6, 0x0, 0x5e, 0xff,
    0xfd, 0x0, 0xdf, 0xf6, 0x0, 0x0, 0x47, 0x87,
    0x0, 0xdf, 0xf6, 0x0, 0x0, 0x0, 0x0, 0x0,
    0xdf, 0xf6, 0x0, 0x0, 0x0, 0x0, 0x0, 0xdf,
    0xf6, 0x0, 0x0, 0x0, 0x0, 0x0, 0xdf, 0xf6,
    0x0, 0x0, 0x0, 0x0, 0x0, 0xdf, 0xf6, 0x0,
    0x0, 0x0, 0x0, 0x0, 0xdf, 0xf6, 0x0, 0x0,
    0x0, 0x0, 0x0, 0xdf, 0xf6, 0x0, 0x0, 0x0,
    0x0, 0x0, 0xdf, 0xf6,

    /* U+00B7 "·" */
    0x4, 0x84, 0x5, 0xff, 0xf6, 0xbf, 0xff, 0xb9,
    0xff, 0xf9, 0x1b, 0xfb, 0x10,

    /* U+00B8 "¸" */
    0xf, 0x90, 0x0, 0x3f, 0xa2, 0x0, 0x5e, 0xff,
    0x90, 0x0, 0x2f, 0xf0, 0x89, 0xbf, 0xf0, 0xef,
    0xfc, 0x40,

    /* U+00B9 "¹" */
    0x1, 0x9f, 0xff, 0x84, 0xef, 0xff, 0xf8, 0x8f,
    0xfd, 0xff, 0x88, 0xa1, 0x9f, 0xf8, 0x0, 0x9,
    0xff, 0x80, 0x0, 0x9f, 0xf8, 0x0, 0x9, 0xff,
    0x80, 0x0, 0x9f, 0xf8, 0x0, 0x9, 0xff, 0x80,
    0x0, 0x9f, 0xf8, 0x0, 0x9, 0xff, 0x80,

    /* U+00BA "º" */
    0x0, 0x0, 0x14, 0x65, 0x20, 0x0, 0x0, 0x0,
    0x9f, 0xff, 0xff, 0xb2, 0x0, 0x0, 0xcf, 0xff,
    0xff, 0xff, 0xe2, 0x0, 0x7f, 0xfe, 0x40, 0x2c,
    0xff, 0xb0, 0xd, 0xff, 0x50, 0x0, 0x2f, 0xff,
    0x10, 0xff, 0xf1, 0x0, 0x0, 0xdf, 0xf4, 0x1f,
    0xff, 0x0, 0x0, 0xd, 0xff, 0x50, 0xff, 0xf2,
    0x0, 0x0, 0xff, 0xf3, 0xb, 0xff, 0x90, 0x0,
    0x6f, 0xfe, 0x0, 0x4f, 0xff, 0xb7, 0x9f, 0xff,
    0x70, 0x0, 0x7f, 0xff, 0xff, 0xff, 0xa0, 0x0,
    0x0, 0x3a, 0xef, 0xeb, 0x50, 0x0,

    /* U+00BB "»" */
    0x9, 0xff, 0xf9, 0x6, 0xff, 0xfc, 0x0, 0x0,
    0x0, 0xc, 0xff, 0xf7, 0x9, 0xff, 0xf9, 0x0,
    0x0, 0x0, 0x1d, 0xff, 0xf4, 0xb, 0xff, 0xf7,
    0x0, 0x0, 0x0, 0x2f, 0xff, 0xf2, 0x1d, 0xff,
    0xf5, 0x0, 0x0, 0x0, 0x4f, 0xff, 0xe1, 0x2f,
    0xff, 0xf3, 0x0, 0x0, 0x0, 0x7f, 0xff, 0xc0,
    0x4f, 0xff, 0xe1, 0x0, 0x0, 0x1, 0xff, 0xff,
    0x30, 0xdf, 0xff, 0x60, 0x0, 0x0, 0xcf, 0xff,
    0x60, 0xaf, 0xff, 0x90, 0x0, 0x0, 0xaf, 0xff,
    0x90, 0x7f, 0xff, 0xb0, 0x0, 0x0, 0x8f, 0xff,
    0xb0, 0x5f, 0xff, 0xd1, 0x0, 0x0, 0x5f, 0xff,
    0xd0, 0x3f, 0xff, 0xe2, 0x0, 0x0, 0x3f, 0xff,
    0xe2, 0x1e, 0xff, 0xf3, 0x0, 0x0, 0x6, 0x88,
    0x83, 0x5, 0x88, 0x84, 0x0, 0x0, 0x0,

    /* U+00BC "¼" */
    0x6, 0xff, 0xf4, 0x0, 0x0, 0x0, 0x0, 0x1e,
    0xfa, 0x0, 0xa, 0xff, 0xff, 0x40, 0x0, 0x0,
    0x0, 0xb, 0xfe, 0x10, 0x0, 0xfe, 0xaf, 0xf4,
    0x0, 0x0, 0x0, 0x6, 0xff, 0x40, 0x0, 0xa,
    0x16, 0xff, 0x40, 0x0, 0x0, 0x2, 0xff, 0x90,
    0x0, 0x0, 0x0, 0x6f, 0xf4, 0x0, 0x0, 0x0,
    0xcf, 0xd0, 0x0, 0x0, 0x0, 0x6, 0xff, 0x40,
    0x0, 0x0, 0x7f, 0xf3, 0x0, 0x0, 0x0, 0x0,
    0x6f, 0xf4, 0x0, 0x0, 0x3f, 0xf8, 0x0, 0x0,
    0x0, 0x0, 0x6, 0xff, 0x40, 0x0, 0xd, 0xfd,
    0x0, 0x0, 0x0, 0x0, 0x0, 0x6f, 0xf4, 0x0,
    0x9, 0xff, 0x20, 0x0, 0x23, 0x32, 0x0, 0x6,
    0xff, 0x40, 0x4, 0xff, 0x70, 0x0, 0x2f, 0xff,
    0xb0, 0x0, 0x6f, 0xf4, 0x1, 0xef, 0xc0, 0x0,
    0xb, 0xff, 0xfb, 0x0, 0x0, 0x0, 0x0, 0xaf,
    0xf1, 0x0, 0x4, 0xff, 0xff, 0xb0, 0x0, 0x0,
    0x0, 0x5f, 0xf6, 0x0, 0x0, 0xdf, 0xbc, 0xfb,
    0x0, 0x0, 0x0, 0x1e, 0xfa, 0x0, 0x0, 0x8f,
    0xf2, 0xcf, 0xb0, 0x0, 0x0, 0xb, 0xfe, 0x10,
    0x0, 0x2f, 0xf8, 0xc, 0xfb, 0x0, 0x0, 0x6,
    0xff, 0x40, 0x0, 0xb, 0xff, 0x32, 0xcf, 0xb2,
    0x0, 0x2, 0xff, 0x90, 0x0, 0x0, 0xff, 0xff,
    0xff, 0xff, 0xf0, 0x0, 0xcf, 0xd0, 0x0, 0x0,
    0xf, 0xff, 0xff, 0xff, 0xff, 0x0, 0x7f, 0xf3,
    0x0, 0x0, 0x0, 0x0, 0x0, 0xd, 0xfb, 0x0,
    0x7, 0x85, 0x0, 0x0, 0x0, 0x0, 0x0, 0x0,
    0x68, 0x50,

    /* U+00BD "½" */
    0x2, 0xaa, 0xa2, 0x0, 0x0, 0x0, 0x0, 0x9,
    0xa8, 0x0, 0x0, 0x5f, 0xff, 0xf4, 0x0, 0x0,
    0x0, 0x0, 0x7f, 0xf3, 0x0, 0x0, 0xff, 0xdf,
    0xf4, 0x0, 0x0, 0x0, 0x3, 0xff, 0x80, 0x0,
    0x0, 0xe5, 0x6f, 0xf4, 0x0, 0x0, 0x0, 0xd,
    0xfd, 0x0, 0x0, 0x0, 0x10, 0x6f, 0xf4, 0x0,
    0x0, 0x0, 0x8f, 0xf3, 0x0, 0x0, 0x0, 0x0,
    0x6f, 0xf4, 0x0, 0x0, 0x3, 0xff, 0x70, 0x0,
    0x0, 0x0, 0x0, 0x6f, 0xf4, 0x0, 0x0, 0xd,
    0xfc, 0x0, 0x0, 0x0, 0x0, 0x0, 0x6f, 0xf4,
    0x0, 0x0, 0x9f, 0xf2, 0x0, 0x0, 0x0, 0x0,
    0x0, 0x6f, 0xf4, 0x0, 0x4, 0xff, 0x60, 0x0,
    0x0, 0x0, 0x0, 0x0, 0x6f, 0xf4, 0x0, 0x1e,
    0xfb, 0x0, 0x7, 0xdf, 0xea, 0x20, 0x0, 0x6f,
    0xf4, 0x0, 0xaf, 0xf1, 0x0, 0xbf, 0xff, 0xff,
    0xf2, 0x0, 0x25, 0x51, 0x5, 0xff, 0x50, 0x3,
    0xff, 0xb6, 0xaf, 0xf8, 0x0, 0x0, 0x0, 0x1e,
    0xfa, 0x0, 0x1, 0x44, 0x10, 0xf, 0xf9, 0x0,
    0x0, 0x0, 0xbf, 0xe1, 0x0, 0x0, 0x0, 0x0,
    0x4f, 0xf4, 0x0, 0x0, 0x6, 0xff, 0x40, 0x0,
    0x0, 0x0, 0x3, 0xef, 0xa0, 0x0, 0x0, 0x2f,
    0xf9, 0x0, 0x0, 0x0, 0x0, 0x4f, 0xfc, 0x0,
    0x0, 0x0, 0xcf, 0xe0, 0x0, 0x0, 0x0, 0x5,
    0xff, 0xc0, 0x0, 0x0, 0x7, 0xff, 0x40, 0x0,
    0x0, 0x0, 0x6f, 0xfe, 0x43, 0x33, 0x0, 0x2f,
    0xf8, 0x0, 0x0, 0x0, 0x1, 0xff, 0xff, 0xff,
    0xfd, 0x0, 0xdf, 0xd0, 0x0, 0x0, 0x0, 0x1,
    0xff, 0xff, 0xff, 0xfd,

    /* U+00BE "¾" */
    0x0, 0x0, 0x12, 0x0, 0x0, 0x0, 0x0, 0x0,
    0x0, 0x12, 0x20, 0x0, 0x0, 0x5d, 0xff, 0xf9,
    0x0, 0x0, 0x0, 0x0, 0x2, 0xff, 0x90, 0x0,
    0x5, 0xff, 0xff, 0xff, 0xb0, 0x0, 0x0, 0x0,
    0xd, 0xfd, 0x0, 0x0, 0x9, 0xcb, 0x20, 0xbf,
    0xf1, 0x0, 0x0, 0x0, 0x8f, 0xf3, 0x0, 0x0,
    0x0, 0x0, 0x0, 0xbf, 0xe0, 0x0, 0x0, 0x3,
    0xff, 0x80, 0x0, 0x0, 0x0, 0x1, 0xef, 0xfc,
    0x30, 0x0, 0x0, 0xd, 0xfc, 0x0, 0x0, 0x0,
    0x0, 0x2, 0xff, 0xfd, 0x60, 0x0, 0x0, 0x9f,
    0xf2, 0x0, 0x0, 0x0, 0x0, 0x0, 0x1, 0xbf,
    0xf4, 0x0, 0x4, 0xff, 0x70, 0x0, 0x0, 0x0,
    0x0, 0x0, 0x0, 0x5f, 0xf8, 0x0, 0x1e, 0xfc,
    0x0, 0x0, 0x0, 0x0, 0xe, 0xfe, 0x64, 0xcf,
    0xf6, 0x0, 0xaf, 0xf2, 0x0, 0x2, 0x44, 0x20,
    0x7, 0xff, 0xff, 0xff, 0xd0, 0x5, 0xff, 0x60,
    0x0, 0x2f, 0xff, 0xb0, 0x0, 0x5b, 0xff, 0xd7,
    0x0, 0x1e, 0xfb, 0x0, 0x0, 0xbf, 0xff, 0xb0,
    0x0, 0x0, 0x0, 0x0, 0x0, 0xbf, 0xe1, 0x0,
    0x5, 0xff, 0xff, 0xb0, 0x0, 0x0, 0x0, 0x0,
    0x6, 0xff, 0x50, 0x0, 0xe, 0xfa, 0xcf, 0xb0,
    0x0, 0x0, 0x0, 0x0, 0x2f, 0xfa, 0x0, 0x0,
    0x8f, 0xf2, 0xcf, 0xb0, 0x0, 0x0, 0x0, 0x0,
    0xcf, 0xe1, 0x0, 0x2, 0xff, 0x80, 0xcf, 0xb0,
    0x0, 0x0, 0x0, 0x7, 0xff, 0x40, 0x0, 0xb,
    0xff, 0x32, 0xcf, 0xb2, 0x0, 0x0, 0x0, 0x2f,
    0xf9, 0x0, 0x0, 0xf, 0xff, 0xff, 0xff, 0xff,
    0x0, 0x0, 0x0, 0xcf, 0xd0, 0x0, 0x0, 0xf,
    0xff, 0xff, 0xff, 0xff, 0x0, 0x0, 0x8, 0xff,
    0x30, 0x0, 0x0, 0x0, 0x0, 0x0, 0xdf, 0xb0,
    0x0, 0x0, 0x7, 0x85, 0x0, 0x0, 0x0, 0x0,
    0x0, 0x0, 0x68, 0x50,

    /* U+00BF "¿" */
    0x0, 0x0, 0x5, 0xdf, 0x90, 0x0, 0x0, 0x0,
    0x0, 0xf, 0xff, 0xf5, 0x0, 0x0, 0x0, 0x0,
    0x1f, 0xff, 0xf7, 0x0, 0x0, 0x0, 0x0, 0xb,
    0xff, 0xf2, 0x0, 0x0, 0x0, 0x0, 0x0, 0x56,
    0x20, 0x0, 0x0, 0x0, 0x0, 0x0, 0x0, 0x0,
    0x0, 0x0, 0x0, 0x0, 0x5, 0x99, 0x80, 0x0,
    0x0, 0x0, 0x0, 0x9, 0xff, 0xe0, 0x0, 0x0,
    0x0, 0x0, 0xe, 0xff, 0xd0, 0x0, 0x0, 0x0,
    0x0, 0x9f, 0xff, 0xa0, 0x0, 0x0, 0x0, 0x1b,
    0xff, 0xff, 0x40, 0x0, 0x0, 0x2, 0xef, 0xff,
    0xf7, 0x0, 0x0, 0x0, 0xd, 0xff, 0xfe, 0x40,
    0x0, 0x0, 0x0, 0x6f, 0xff, 0xf3, 0x0, 0x0,
    0x0, 0x0, 0x9f, 0xff, 0x80, 0x0, 0x0, 0x0,
    0x0, 0xbf, 0xff, 0x60, 0x0, 0xa, 0xcc, 0xc0,
    0x9f, 0xff, 0x90, 0x0, 0x2f, 0xff, 0xe0, 0x5f,
    0xff, 0xf9, 0x35, 0xdf, 0xff, 0x90, 0xc, 0xff,
    0xff, 0xff, 0xff, 0xff, 0x20, 0x1, 0xcf, 0xff,
    0xff, 0xff, 0xe3, 0x0, 0x0, 0x5, 0xbe, 0xfe,
    0xc7, 0x10, 0x0,

    /* U+00C0 "À" */
    0x0, 0x0, 0x0, 0xbf, 0xfd, 0x0, 0x0, 0x0,
    0x0, 0x0, 0x0, 0x0, 0x0, 0x1f, 0xff, 0x40,
    0x0, 0x0, 0x0, 0x0, 0x0, 0x0, 0x0, 0x6,
    0xff, 0xb0, 0x0, 0x0, 0x0, 0x0, 0x0, 0x0,
    0x0, 0x0, 0xbf, 0xf3, 0x0, 0x0, 0x0, 0x0,
    0x0, 0x0, 0x0, 0x0, 0x2, 0x20, 0x0, 0x0,
    0x0, 0x0, 0x0, 0x0, 0x0, 0x0, 0x0, 0x0,
    0x0, 0x0, 0x0, 0x0, 0x0, 0x0, 0x0, 0xd,
    0xff, 0xff, 0xc0, 0x0, 0x0, 0x0, 0x0, 0x0,
    0x0, 0x2f, 0xff, 0xff, 0xf2, 0x0, 0x0, 0x0,
    0x0, 0x0, 0x0, 0x7f, 0xff, 0xff, 0xf7, 0x0,
    0x0, 0x0, 0x0, 0x0, 0x0, 0xdf, 0xfe, 0xff,
    0xfd, 0x0, 0x0, 0x0, 0x0, 0x0, 0x2, 0xff,
    0xfa, 0xbf, 0xff, 0x20, 0x0, 0x0, 0x0, 0x0,
    0x7, 0xff, 0xf6, 0x6f, 0xff, 0x80, 0x0, 0x0,
    0x0, 0x0, 0xd, 0xff, 0xf2, 0x2f, 0xff, 0xd0,
    0x0, 0x0, 0x0, 0x0, 0x2f, 0xff, 0xe0, 0xe,
    0xff, 0xf3, 0x0, 0x0, 0x0, 0x0, 0x8f, 0xff,
    0x90, 0x9, 0xff, 0xf8, 0x0, 0x0, 0x0, 0x0,
    0xdf, 0xff, 0x50, 0x5, 0xff, 0xfe, 0x0, 0x0,
    0x0, 0x2, 0xff, 0xff, 0x0, 0x0, 0xff, 0xff,
    0x30, 0x0, 0x0, 0x8, 0xff, 0xfb, 0x0, 0x0,
    0xaf, 0xff, 0x90, 0x0, 0x0, 0xd, 0xff, 0xff,
    0xff, 0xff, 0xff, 0xff, 0xe0, 0x0, 0x0, 0x2f,
    0xff, 0xff, 0xff, 0xff, 0xff, 0xff, 0xf4, 0x0,
    0x0, 0x8f, 0xff, 0xff, 0xff, 0xff, 0xff, 0xff,
    0xf9, 0x0, 0x0, 0xdf, 0xff, 0x82, 0x22, 0x22,
    0x27, 0xff, 0xfe, 0x0, 0x3, 0xff, 0xff, 0x20,
    0x0, 0x0, 0x1, 0xff, 0xff, 0x40, 0x8, 0xff,
    0xfd, 0x0, 0x0, 0x0, 0x0, 0xbf, 0xff, 0xa0,
    0xd, 0xff, 0xf8, 0x0, 0x0, 0x0, 0x0, 0x6f,
    0xff, 0xf0, 0x3f, 0xff, 0xf3, 0x0, 0x0, 0x0,
    0x0, 0x1f, 0xff, 0xf5,

    /* U+00C1 "Á" */
    0x0, 0x0, 0x0, 0x0, 0x0, 0xcf, 0xfc, 0x0,
    0x0, 0x0, 0x0, 0x0, 0x0, 0x0, 0x3, 0xff,
    0xf2, 0x0, 0x0, 0x0, 0x0, 0x0, 0x0, 0x0,
    0xa, 0xff, 0x70, 0x0, 0x0, 0x0, 0x0, 0x0,
    0x0, 0x0, 0x2f, 0xfc, 0x0, 0x0, 0x0, 0x0,
    0x0, 0x0, 0x0, 0x0, 0x2, 0x20, 0x0, 0x0,
    0x0, 0x0, 0x0, 0x0, 0x0, 0x0, 0x0, 0x0,
    0x0, 0x0, 0x0, 0x0, 0x0, 0x0, 0x0, 0xd,
    0xff, 0xff, 0xc0, 0x0, 0x0, 0x0, 0x0, 0x0,
    0x0, 0x2f, 0xff, 0xff, 0xf2, 0x0, 0x0, 0x0,
    0x0, 0x0, 0x0, 0x7f, 0xff, 0xff, 0xf7, 0x0,
    0x0, 0x0, 0x0, 0x0, 0x0, 0xdf, 0xfe, 0xff,
    0xfd, 0x0, 0x0, 0x0, 0x0, 0x0, 0x2, 0xff,
    0xfa, 0xbf, 0xff, 0x20, 0x0, 0x0, 0x0, 0x0,
    0x7, 0xff, 0xf6, 0x6f, 0xff, 0x80, 0x0, 0x0,
    0x0, 0x0, 0xd, 0xff, 0xf2, 0x2f, 0xff, 0xd0,
    0x0, 0x0, 0x0, 0x0, 0x2f, 0xff, 0xe0, 0xe,
    0xff, 0xf3, 0x0, 0x0, 0x0, 0x0, 0x8f, 0xff,
    0x90, 0x9, 0xff, 0xf8, 0x0, 0x0, 0x0, 0x0,
    0xdf, 0xff, 0x50, 0x5, 0xff, 0xfe, 0x0, 0x0,
    0x0, 0x2, 0xff, 0xff, 0x0, 0x0, 0xff, 0xff,
    0x30, 0x0, 0x0, 0x8, 0xff, 0xfb, 0x0, 0x0,
    0xaf, 0xff, 0x90, 0x0, 0x0, 0xd, 0xff, 0xff,
    0xff, 0xff, 0xff, 0xff, 0xe0, 0x0, 0x0, 0x2f,
    0xff, 0xff, 0xff, 0xff, 0xff, 0xff, 0xf4, 0x0,
    0x0, 0x8f, 0xff, 0xff, 0xff, 0xff, 0xff, 0xff,
    0xf9, 0x0, 0x0, 0xdf, 0xff, 0x82, 0x22, 0x22,
    0x27, 0xff, 0xfe, 0x0, 0x3, 0xff, 0xff, 0x20,
    0x0, 0x0, 0x1, 0xff, 0xff, 0x40, 0x8, 0xff,
    0xfd, 0x0, 0x0, 0x0, 0x0, 0xbf, 0xff, 0xa0,
    0xd, 0xff, 0xf8, 0x0, 0x0, 0x0, 0x0, 0x6f,
    0xff, 0xf0, 0x3f, 0xff, 0xf3, 0x0, 0x0, 0x0,
    0x0, 0x1f, 0xff, 0xf5,

    /* U+00C2 "Â" */
    0x0, 0x0, 0x0, 0x1, 0xdf, 0xfe, 0x10, 0x0,
    0x0, 0x0, 0x0, 0x0, 0x0, 0xb, 0xff, 0xff,
    0xc0, 0x0, 0x0, 0x0, 0x0, 0x0, 0x0, 0xaf,
    0xfa, 0x9f, 0xfa, 0x0, 0x0, 0x0, 0x0, 0x0,
    0x8, 0xff, 0xd0, 0xc, 0xff, 0x80, 0x0, 0x0,
    0x0, 0x0, 0x17, 0x88, 0x20, 0x2, 0x88, 0x71,
    0x0, 0x0, 0x0, 0x0, 0x0, 0x0, 0x0, 0x0,
    0x0, 0x0, 0x0, 0x0, 0x0, 0x0, 0x0, 0xd,
    0xff, 0xff, 0xc0, 0x0, 0x0, 0x0, 0x0, 0x0,
    0x0, 0x2f, 0xff, 0xff, 0xf2, 0x0, 0x0, 0x0,
    0x0, 0x0, 0x0, 0x7f, 0xff, 0xff, 0xf7, 0x0,
    0x0, 0x0, 0x0, 0x0, 0x0, 0xdf, 0xfe, 0xff,
    0xfd, 0x0, 0x0, 0x0, 0x0, 0x0, 0x2, 0xff,
    0xfa, 0xbf, 0xff, 0x20, 0x0, 0x0, 0x0, 0x0,
    0x7, 0xff, 0xf6, 0x6f, 0xff, 0x80, 0x0, 0x0,
    0x0, 0x0, 0xd, 0xff, 0xf2, 0x2f, 0xff, 0xd0,
    0x0, 0x0, 0x0, 0x0, 0x2f, 0xff, 0xe0, 0xe,
    0xff, 0xf3, 0x0, 0x0, 0x0, 0x0, 0x8f, 0xff,
    0x90, 0x9, 0xff, 0xf8, 0x0, 0x0, 0x0, 0x0,
    0xdf, 0xff, 0x50, 0x5, 0xff, 0xfe, 0x0, 0x0,
    0x0, 0x2, 0xff, 0xff, 0x0, 0x0, 0xff, 0xff,
    0x30, 0x0, 0x0, 0x8, 0xff, 0xfb, 0x0, 0x0,
    0xaf, 0xff, 0x90, 0x0, 0x0, 0xd, 0xff, 0xff,
    0xff, 0xff, 0xff, 0xff, 0xe0, 0x0, 0x0, 0x2f,
    0xff, 0xff, 0xff, 0xff, 0xff, 0xff, 0xf4, 0x0,
    0x0, 0x8f, 0xff, 0xff, 0xff, 0xff, 0xff, 0xff,
    0xf9, 0x0, 0x0, 0xdf, 0xff, 0x82, 0x22, 0x22,
    0x27, 0xff, 0xfe, 0x0, 0x3, 0xff, 0xff, 0x20,
    0x0, 0x0, 0x1, 0xff, 0xff, 0x40, 0x8, 0xff,
    0xfd, 0x0, 0x0, 0x0, 0x0, 0xbf, 0xff, 0xa0,
    0xd, 0xff, 0xf8, 0x0, 0x0, 0x0, 0x0, 0x6f,
    0xff, 0xf0, 0x3f, 0xff, 0xf3, 0x0, 0x0, 0x0,
    0x0, 0x1f, 0xff, 0xf5,

    /* U+00C3 "Ã" */
    0x0, 0x0, 0x0, 0x1, 0x20, 0x0, 0x23, 0x20,
    0x0, 0x0, 0x0, 0x0, 0x0, 0x8f, 0xff, 0x94,
    0xcf, 0x80, 0x0, 0x0, 0x0, 0x0, 0x3, 0xff,
    0xff, 0xff, 0xff, 0x30, 0x0, 0x0, 0x0, 0x0,
    0x7, 0xfd, 0x5, 0xbf, 0xe6, 0x0, 0x0, 0x0,
    0x0, 0x0, 0x0, 0x0, 0x0, 0x0, 0x0, 0x0,
    0x0, 0x0, 0x0, 0x0, 0x0, 0x0, 0x0, 0x0,
    0x0, 0x0, 0x0, 0x0, 0x0, 0x0, 0x0, 0xd,
    0xff, 0xff, 0xc0, 0x0, 0x0, 0x0, 0x0, 0x0,
    0x0, 0x2f, 0xff, 0xff, 0xf2, 0x0, 0x0, 0x0,
    0x0, 0x0, 0x0, 0x7f, 0xff, 0xff, 0xf7, 0x0,
    0x0, 0x0, 0x0, 0x0, 0x0, 0xdf, 0xfe, 0xff,
    0xfd, 0x0, 0x0, 0x0, 0x0, 0x0, 0x2, 0xff,
    0xfa, 0xbf, 0xff, 0x20, 0x0, 0x0, 0x0, 0x0,
    0x7, 0xff, 0xf6, 0x6f, 0xff, 0x80, 0x0, 0x0,
    0x0, 0x0, 0xd, 0xff, 0xf2, 0x2f, 0xff, 0xd0,
    0x0, 0x0, 0x0, 0x0, 0x2f, 0xff, 0xe0, 0xe,
    0xff, 0xf3, 0x0, 0x0, 0x0, 0x0, 0x8f, 0xff,
    0x90, 0x9, 0xff, 0xf8, 0x0, 0x0, 0x0, 0x0,
    0xdf, 0xff, 0x50, 0x5, 0xff, 0xfe, 0x0, 0x0,
    0x0, 0x2, 0xff, 0xff, 0x0, 0x0, 0xff, 0xff,
    0x30, 0x0, 0x0, 0x8, 0xff, 0xfb, 0x0, 0x0,
    0xaf, 0xff, 0x90, 0x0, 0x0, 0xd, 0xff, 0xff,
    0xff, 0xff, 0xff, 0xff, 0xe0, 0x0, 0x0, 0x2f,
    0xff, 0xff, 0xff, 0xff, 0xff, 0xff, 0xf4, 0x0,
    0x0, 0x8f, 0xff, 0xff, 0xff, 0xff, 0xff, 0xff,
    0xf9, 0x0, 0x0, 0xdf, 0xff, 0x82, 0x22, 0x22,
    0x27, 0xff, 0xfe, 0x0, 0x3, 0xff, 0xff, 0x20,
    0x0, 0x0, 0x1, 0xff, 0xff, 0x40, 0x8, 0xff,
    0xfd, 0x0, 0x0, 0x0, 0x0, 0xbf, 0xff, 0xa0,
    0xd, 0xff, 0xf8, 0x0, 0x0, 0x0, 0x0, 0x6f,
    0xff, 0xf0, 0x3f, 0xff, 0xf3, 0x0, 0x0, 0x0,
    0x0, 0x1f, 0xff, 0xf5,

    /* U+00C4 "Ä" */
    0x0, 0x0, 0x2, 0xbc, 0x40, 0x3, 0xcb, 0x30,
    0x0, 0x0, 0x0, 0x0, 0xb, 0xff, 0xf0, 0xd,
    0xff, 0xd0, 0x0, 0x0, 0x0, 0x0, 0xb, 0xff,
    0xf0, 0xe, 0xff, 0xd0, 0x0, 0x0, 0x0, 0x0,
    0x3, 0xde, 0x60, 0x4, 0xee, 0x40, 0x0, 0x0,
    0x0, 0x0, 0x0, 0x0, 0x0, 0x0, 0x0, 0x0,
    0x0, 0x0, 0x0, 0x0, 0x0, 0x0, 0x0, 0x0,
    0x0, 0x0, 0x0, 0x0, 0x0, 0x0, 0x0, 0xd,
    0xff, 0xff, 0xc0, 0x0, 0x0, 0x0, 0x0, 0x0,
    0x0, 0x2f, 0xff, 0xff, 0xf2, 0x0, 0x0, 0x0,
    0x0, 0x0, 0x0, 0x7f, 0xff, 0xff, 0xf7, 0x0,
    0x0, 0x0, 0x0, 0x0, 0x0, 0xdf, 0xfe, 0xff,
    0xfd, 0x0, 0x0, 0x0, 0x0, 0x0, 0x2, 0xff,
    0xfa, 0xbf, 0xff, 0x20, 0x0, 0x0, 0x0, 0x0,
    0x7, 0xff, 0xf6, 0x6f, 0xff, 0x80, 0x0, 0x0,
    0x0, 0x0, 0xd, 0xff, 0xf2, 0x2f, 0xff, 0xd0,
    0x0, 0x0, 0x0, 0x0, 0x2f, 0xff, 0xe0, 0xe,
    0xff, 0xf3, 0x0, 0x0, 0x0, 0x0, 0x8f, 0xff,
    0x90, 0x9, 0xff, 0xf8, 0x0, 0x0, 0x0, 0x0,
    0xdf, 0xff, 0x50, 0x5, 0xff, 0xfe, 0x0, 0x0,
    0x0, 0x2, 0xff, 0xff, 0x0, 0x0, 0xff, 0xff,
    0x30, 0x0, 0x0, 0x8, 0xff, 0xfb, 0x0, 0x0,
    0xaf, 0xff, 0x90, 0x0, 0x0, 0xd, 0xff, 0xff,
    0xff, 0xff, 0xff, 0xff, 0xe0, 0x0, 0x0, 0x2f,
    0xff, 0xff, 0xff, 0xff, 0xff, 0xff, 0xf4, 0x0,
    0x0, 0x8f, 0xff, 0xff, 0xff, 0xff, 0xff, 0xff,
    0xf9, 0x0, 0x0, 0xdf, 0xff, 0x82, 0x22, 0x22,
    0x27, 0xff, 0xfe, 0x0, 0x3, 0xff, 0xff, 0x20,
    0x0, 0x0, 0x1, 0xff, 0xff, 0x40, 0x8, 0xff,
    0xfd, 0x0, 0x0, 0x0, 0x0, 0xbf, 0xff, 0xa0,
    0xd, 0xff, 0xf8, 0x0, 0x0, 0x0, 0x0, 0x6f,
    0xff, 0xf0, 0x3f, 0xff, 0xf3, 0x0, 0x0, 0x0,
    0x0, 0x1f, 0xff, 0xf5,

    /* U+00C5 "Å" */
    0x0, 0x0, 0x0, 0x2, 0xaf, 0xfb, 0x20, 0x0,
    0x0, 0x0, 0x0, 0x0, 0x0, 0x1e, 0xfd, 0xdf,
    0xf2, 0x0, 0x0, 0x0, 0x0, 0x0, 0x0, 0x6f,
    0xc0, 0xa, 0xf8, 0x0, 0x0, 0x0, 0x0, 0x0,
    0x0, 0x8f, 0x80, 0x6, 0xfa, 0x0, 0x0, 0x0,
    0x0, 0x0, 0x0, 0x5f, 0xe2, 0x1c, 0xf7, 0x0,
    0x0, 0x0, 0x0, 0x0, 0x0, 0xb, 0xff, 0xff,
    0xc0, 0x0, 0x0, 0x0, 0x0, 0x0, 0x0, 0x0,
    0x6b, 0xb7, 0x0, 0x0, 0x0, 0x0, 0x0, 0x0,
    0x0, 0xd, 0xff, 0xff, 0xc0, 0x0, 0x0, 0x0,
    0x0, 0x0, 0x0, 0x2f, 0xff, 0xff, 0xf2, 0x0,
    0x0, 0x0, 0x0, 0x0, 0x0, 0x7f, 0xff, 0xff,
    0xf7, 0x0, 0x0, 0x0, 0x0, 0x0, 0x0, 0xdf,
    0xfe, 0xff, 0xfd, 0x0, 0x0, 0x0, 0x0, 0x0,
    0x2, 0xff, 0xfa, 0xbf, 0xff, 0x20, 0x0, 0x0,
    0x0, 0x0, 0x7, 0xff, 0xf6, 0x6f, 0xff, 0x80,
    0x0, 0x0, 0x0, 0x0, 0xd, 0xff, 0xf2, 0x2f,
    0xff, 0xd0, 0x0, 0x0, 0x0, 0x0, 0x2f, 0xff,
    0xe0, 0xe, 0xff, 0xf3, 0x0, 0x0, 0x0, 0x0,
    0x8f, 0xff, 0x90, 0x9, 0xff, 0xf8, 0x0, 0x0,
    0x0, 0x0, 0xdf, 0xff, 0x50, 0x5, 0xff, 0xfe,
    0x0, 0x0, 0x0, 0x2, 0xff, 0xff, 0x0, 0x0,
    0xff, 0xff, 0x30, 0x0, 0x0, 0x8, 0xff, 0xfb,
    0x0, 0x0, 0xaf, 0xff, 0x90, 0x0, 0x0, 0xd,
    0xff, 0xff, 0xff, 0xff, 0xff, 0xff, 0xe0, 0x0,
    0x0, 0x2f, 0xff, 0xff, 0xff, 0xff, 0xff, 0xff,
    0xf4, 0x0, 0x0, 0x8f, 0xff, 0xff, 0xff, 0xff,
    0xff, 0xff, 0xf9, 0x0, 0x0, 0xdf, 0xff, 0x82,
    0x22, 0x22, 0x27, 0xff, 0xfe, 0x0, 0x3, 0xff,
    0xff, 0x20, 0x0, 0x0, 0x1, 0xff, 0xff, 0x40,
    0x8, 0xff, 0xfd, 0x0, 0x0, 0x0, 0x0, 0xbf,
    0xff, 0xa0, 0xd, 0xff, 0xf8, 0x0, 0x0, 0x0,
    0x0, 0x6f, 0xff, 0xf0, 0x3f, 0xff, 0xf3, 0x0,
    0x0, 0x0, 0x0, 0x1f, 0xff, 0xf5,

    /* U+00C6 "Æ" */
    0x0, 0x0, 0x0, 0x0, 0x1f, 0xff, 0xff, 0xff,
    0xff, 0xff, 0xff, 0xff, 0xff, 0x20, 0x0, 0x0,
    0x0, 0x8, 0xff, 0xff, 0xff, 0xff, 0xff, 0xff,
    0xff, 0xff, 0xf2, 0x0, 0x0, 0x0, 0x0, 0xef,
    0xff, 0x9f, 0xff, 0xff, 0xff, 0xff, 0xff, 0xff,
    0x20, 0x0, 0x0, 0x0, 0x5f, 0xff, 0xc0, 0xdf,
    0xff, 0x55, 0x55, 0x55, 0x55, 0x50, 0x0, 0x0,
    0x0, 0xc, 0xff, 0xf5, 0xd, 0xff, 0xf0, 0x0,
    0x0, 0x0, 0x0, 0x0, 0x0, 0x0, 0x3, 0xff,
    0xfe, 0x0, 0xdf, 0xff, 0x0, 0x0, 0x0, 0x0,
    0x0, 0x0, 0x0, 0x0, 0xaf, 0xff, 0x80, 0xd,
    0xff, 0xf0, 0x0, 0x0, 0x0, 0x0, 0x0, 0x0,
    0x0, 0x1f, 0xff, 0xf2, 0x0, 0xdf, 0xff, 0x0,
    0x0, 0x0, 0x0, 0x0, 0x0, 0x0, 0x7, 0xff,
    0xfb, 0x0, 0xd, 0xff, 0xf4, 0x44, 0x44, 0x44,
    0x42, 0x0, 0x0, 0x0, 0xef, 0xff, 0x40, 0x0,
    0xdf, 0xff, 0xff, 0xff, 0xff, 0xff, 0x70, 0x0,
    0x0, 0x5f, 0xff, 0xd0, 0x0, 0xd, 0xff, 0xff,
    0xff, 0xff, 0xff, 0xf7, 0x0, 0x0, 0xc, 0xff,
    0xf7, 0x0, 0x0, 0xdf, 0xff, 0xff, 0xff, 0xff,
    0xff, 0x70, 0x0, 0x2, 0xff, 0xff, 0xee, 0xee,
    0xef, 0xff, 0xf0, 0x0, 0x0, 0x0, 0x0, 0x0,
    0x0, 0x9f, 0xff, 0xff, 0xff, 0xff, 0xff, 0xff,
    0x0, 0x0, 0x0, 0x0, 0x0, 0x0, 0x1f, 0xff,
    0xff, 0xff, 0xff, 0xff, 0xff, 0xf0, 0x0, 0x0,
    0x0, 0x0, 0x0, 0x7, 0xff, 0xfd, 0x0, 0x0,
    0x0, 0xdf, 0xff, 0x0, 0x0, 0x0, 0x0, 0x0,
    0x0, 0xdf, 0xff, 0x70, 0x0, 0x0, 0xd, 0xff,
    0xf5, 0x55, 0x55, 0x55, 0x55, 0x0, 0x4f, 0xff,
    0xf1, 0x0, 0x0, 0x0, 0xdf, 0xff, 0xff, 0xff,
    0xff, 0xff, 0xf2, 0xb, 0xff, 0xfa, 0x0, 0x0,
    0x0, 0xd, 0xff, 0xff, 0xff, 0xff, 0xff, 0xff,
    0x22, 0xff, 0xff, 0x40, 0x0, 0x0, 0x0, 0xdf,
    0xff, 0xff, 0xff, 0xff, 0xff, 0xf2,

    /* U+00C7 "Ç" */
    0x0, 0x0, 0x3, 0x9d, 0xff, 0xec, 0x71, 0x0,
    0x0, 0x0, 0x1, 0xaf, 0xff, 0xff, 0xff, 0xff,
    0x70, 0x0, 0x0, 0x1d, 0xff, 0xff, 0xff, 0xff,
    0xff, 0xfa, 0x0, 0x0, 0xdf, 0xff, 0xff, 0xba,
    0xcf, 0xff, 0xff, 0x70, 0x7, 0xff, 0xff, 0x91,
    0x0, 0x2, 0xbf, 0xff, 0xf1, 0xe, 0xff, 0xfa,
    0x0, 0x0, 0x0, 0xd, 0xff, 0xf6, 0x4f, 0xff,
    0xf1, 0x0, 0x0, 0x0, 0x7, 0xff, 0xfa, 0x8f,
    0xff, 0xb0, 0x0, 0x0, 0x0, 0x0, 0x11, 0x11,
    0xaf, 0xff, 0x70, 0x0, 0x0, 0x0, 0x0, 0x0,
    0x0, 0xbf, 0xff, 0x60, 0x0, 0x0, 0x0, 0x0,
    0x0, 0x0, 0xbf, 0xff, 0x50, 0x0, 0x0, 0x0,
    0x0, 0x0, 0x0, 0xaf, 0xff, 0x60, 0x0, 0x0,
    0x0, 0x0, 0x0, 0x0, 0x8f, 0xff, 0x80, 0x0,
    0x0, 0x0, 0x0, 0x0, 0x0, 0x5f, 0xff, 0xd0,
    0x0, 0x0, 0x0, 0x2, 0x88, 0x86, 0xf, 0xff,
    0xf4, 0x0, 0x0, 0x0, 0x9, 0xff, 0xf9, 0x8,
    0xff, 0xfd, 0x10, 0x0, 0x0, 0x3f, 0xff, 0xf3,
    0x0, 0xdf, 0xff, 0xe6, 0x10, 0x28, 0xff, 0xff,
    0xa0, 0x0, 0x2e, 0xff, 0xff, 0xff, 0xff, 0xff,
    0xfc, 0x0, 0x0, 0x2, 0xcf, 0xff, 0xff, 0xff,
    0xff, 0xa0, 0x0, 0x0, 0x0, 0x4, 0xad, 0xff,
    0xfd, 0x93, 0x0, 0x0, 0x0, 0x0, 0x0, 0x0,
    0xaf, 0x0, 0x0, 0x0, 0x0, 0x0, 0x0, 0x0,
    0x0, 0xcf, 0xb6, 0x0, 0x0, 0x0, 0x0, 0x0,
    0x0, 0x0, 0x9b, 0xff, 0x50, 0x0, 0x0, 0x0,
    0x0, 0x0, 0x0, 0x0, 0x9f, 0x90, 0x0, 0x0,
    0x0, 0x0, 0x0, 0x3, 0x99, 0xff, 0x60, 0x0,
    0x0, 0x0, 0x0, 0x0, 0x6, 0xff, 0xe9, 0x0,
    0x0, 0x0,

    /* U+00C8 "È" */
    0x0, 0x5, 0xff, 0xf3, 0x0, 0x0, 0x0, 0x0,
    0x0, 0xbf, 0xfa, 0x0, 0x0, 0x0, 0x0, 0x0,
    0x1e, 0xff, 0x10, 0x0, 0x0, 0x0, 0x0, 0x6,
    0xff, 0x80, 0x0, 0x0, 0x0, 0x0, 0x0, 0x12,
    0x10, 0x0, 0x0, 0x0, 0x0, 0x0, 0x0, 0x0,
    0x0, 0x0, 0x3f, 0xff, 0xff, 0xff, 0xff, 0xff,
    0xfe, 0x3f, 0xff, 0xff, 0xff, 0xff, 0xff, 0xfe,
    0x3f, 0xff, 0xff, 0xff, 0xff, 0xff, 0xfe, 0x3f,
    0xff, 0xd5, 0x55, 0x55, 0x55, 0x55, 0x3f, 0xff,
    0xc0, 0x0, 0x0, 0x0, 0x0, 0x3f, 0xff, 0xc0,
    0x0, 0x0, 0x0, 0x0, 0x3f, 0xff, 0xc0, 0x0,
    0x0, 0x0, 0x0, 0x3f, 0xff, 0xc0, 0x0, 0x0,
    0x0, 0x0, 0x3f, 0xff, 0xd4, 0x44, 0x44, 0x44,
    0x41, 0x3f, 0xff, 0xff, 0xff, 0xff, 0xff, 0xf3,
    0x3f, 0xff, 0xff, 0xff, 0xff, 0xff, 0xf3, 0x3f,
    0xff, 0xff, 0xff, 0xff, 0xff, 0xf3, 0x3f, 0xff,
    0xc0, 0x0, 0x0, 0x0, 0x0, 0x3f, 0xff, 0xc0,
    0x0, 0x0, 0x0, 0x0, 0x3f, 0xff, 0xc0, 0x0,
    0x0, 0x0, 0x0, 0x3f, 0xff, 0xc0, 0x0, 0x0,
    0x0, 0x0, 0x3f, 0xff, 0xd5, 0x55, 0x55, 0x55,
    0x55, 0x3f, 0xff, 0xff, 0xff, 0xff, 0xff, 0xff,
    0x3f, 0xff, 0xff, 0xff, 0xff, 0xff, 0xff, 0x3f,
    0xff, 0xff, 0xff, 0xff, 0xff, 0xff,

    /* U+00C9 "É" */
    0x0, 0x0, 0x0, 0x7, 0xff, 0xf2, 0x0, 0x0,
    0x0, 0x0, 0xd, 0xff, 0x70, 0x0, 0x0, 0x0,
    0x0, 0x5f, 0xfc, 0x0, 0x0, 0x0, 0x0, 0x0,
    0xcf, 0xf2, 0x0, 0x0, 0x0, 0x0, 0x0, 0x12,
    0x10, 0x0, 0x0, 0x0, 0x0, 0x0, 0x0, 0x0,
    0x0, 0x0, 0x3f, 0xff, 0xff, 0xff, 0xff, 0xff,
    0xfe, 0x3f, 0xff, 0xff, 0xff, 0xff, 0xff, 0xfe,
    0x3f, 0xff, 0xff, 0xff, 0xff, 0xff, 0xfe, 0x3f,
    0xff, 0xd5, 0x55, 0x55, 0x55, 0x55, 0x3f, 0xff,
    0xc0, 0x0, 0x0, 0x0, 0x0, 0x3f, 0xff, 0xc0,
    0x0, 0x0, 0x0, 0x0, 0x3f, 0xff, 0xc0, 0x0,
    0x0, 0x0, 0x0, 0x3f, 0xff, 0xc0, 0x0, 0x0,
    0x0, 0x0, 0x3f, 0xff, 0xd4, 0x44, 0x44, 0x44,
    0x41, 0x3f, 0xff, 0xff, 0xff, 0xff, 0xff, 0xf3,
    0x3f, 0xff, 0xff, 0xff, 0xff, 0xff, 0xf3, 0x3f,
    0xff, 0xff, 0xff, 0xff, 0xff, 0xf3, 0x3f, 0xff,
    0xc0, 0x0, 0x0, 0x0, 0x0, 0x3f, 0xff, 0xc0,
    0x0, 0x0, 0x0, 0x0, 0x3f, 0xff, 0xc0, 0x0,
    0x0, 0x0, 0x0, 0x3f, 0xff, 0xc0, 0x0, 0x0,
    0x0, 0x0, 0x3f, 0xff, 0xd5, 0x55, 0x55, 0x55,
    0x55, 0x3f, 0xff, 0xff, 0xff, 0xff, 0xff, 0xff,
    0x3f, 0xff, 0xff, 0xff, 0xff, 0xff, 0xff, 0x3f,
    0xff, 0xff, 0xff, 0xff, 0xff, 0xff,

    /* U+00CA "Ê" */
    0x0, 0x0, 0x9, 0xff, 0xf5, 0x0, 0x0, 0x0,
    0x0, 0x6f, 0xff, 0xff, 0x30, 0x0, 0x0, 0x4,
    0xff, 0xe5, 0xff, 0xe1, 0x0, 0x0, 0x3f, 0xff,
    0x40, 0x7f, 0xfd, 0x0, 0x0, 0x68, 0x85, 0x0,
    0x7, 0x88, 0x40, 0x0, 0x0, 0x0, 0x0, 0x0,
    0x0, 0x0, 0x3f, 0xff, 0xff, 0xff, 0xff, 0xff,
    0xfe, 0x3f, 0xff, 0xff, 0xff, 0xff, 0xff, 0xfe,
    0x3f, 0xff, 0xff, 0xff, 0xff, 0xff, 0xfe, 0x3f,
    0xff, 0xd5, 0x55, 0x55, 0x55, 0x55, 0x3f, 0xff,
    0xc0, 0x0, 0x0, 0x0, 0x0, 0x3f, 0xff, 0xc0,
    0x0, 0x0, 0x0, 0x0, 0x3f, 0xff, 0xc0, 0x0,
    0x0, 0x0, 0x0, 0x3f, 0xff, 0xc0, 0x0, 0x0,
    0x0, 0x0, 0x3f, 0xff, 0xd4, 0x44, 0x44, 0x44,
    0x41, 0x3f, 0xff, 0xff, 0xff, 0xff, 0xff, 0xf3,
    0x3f, 0xff, 0xff, 0xff, 0xff, 0xff, 0xf3, 0x3f,
    0xff, 0xff, 0xff, 0xff, 0xff, 0xf3, 0x3f, 0xff,
    0xc0, 0x0, 0x0, 0x0, 0x0, 0x3f, 0xff, 0xc0,
    0x0, 0x0, 0x0, 0x0, 0x3f, 0xff, 0xc0, 0x0,
    0x0, 0x0, 0x0, 0x3f, 0xff, 0xc0, 0x0, 0x0,
    0x0, 0x0, 0x3f, 0xff, 0xd5, 0x55, 0x55, 0x55,
    0x55, 0x3f, 0xff, 0xff, 0xff, 0xff, 0xff, 0xff,
    0x3f, 0xff, 0xff, 0xff, 0xff, 0xff, 0xff, 0x3f,
    0xff, 0xff, 0xff, 0xff, 0xff, 0xff,

    /* U+00CB "Ë" */
    0x0, 0x9, 0xc8, 0x0, 0xa, 0xc6, 0x0, 0x0,
    0x6f, 0xff, 0x40, 0x8f, 0xff, 0x20, 0x0, 0x6f,
    0xff, 0x50, 0x9f, 0xff, 0x20, 0x0, 0xb, 0xfa,
    0x0, 0x1c, 0xf8, 0x0, 0x0, 0x0, 0x0, 0x0,
    0x0, 0x0, 0x0, 0x0, 0x0, 0x0, 0x0, 0x0,
    0x0, 0x0, 0x3f, 0xff, 0xff, 0xff, 0xff, 0xff,
    0xfe, 0x3f, 0xff, 0xff, 0xff, 0xff, 0xff, 0xfe,
    0x3f, 0xff, 0xff, 0xff, 0xff, 0xff, 0xfe, 0x3f,
    0xff, 0xd5, 0x55, 0x55, 0x55, 0x55, 0x3f, 0xff,
    0xc0, 0x0, 0x0, 0x0, 0x0, 0x3f, 0xff, 0xc0,
    0x0, 0x0, 0x0, 0x0, 0x3f, 0xff, 0xc0, 0x0,
    0x0, 0x0, 0x0, 0x3f, 0xff, 0xc0, 0x0, 0x0,
    0x0, 0x0, 0x3f, 0xff, 0xd4, 0x44, 0x44, 0x44,
    0x41, 0x3f, 0xff, 0xff, 0xff, 0xff, 0xff, 0xf3,
    0x3f, 0xff, 0xff, 0xff, 0xff, 0xff, 0xf3, 0x3f,
    0xff, 0xff, 0xff, 0xff, 0xff, 0xf3, 0x3f, 0xff,
    0xc0, 0x0, 0x0, 0x0, 0x0, 0x3f, 0xff, 0xc0,
    0x0, 0x0, 0x0, 0x0, 0x3f, 0xff, 0xc0, 0x0,
    0x0, 0x0, 0x0, 0x3f, 0xff, 0xc0, 0x0, 0x0,
    0x0, 0x0, 0x3f, 0xff, 0xd5, 0x55, 0x55, 0x55,
    0x55, 0x3f, 0xff, 0xff, 0xff, 0xff, 0xff, 0xff,
    0x3f, 0xff, 0xff, 0xff, 0xff, 0xff, 0xff, 0x3f,
    0xff, 0xff, 0xff, 0xff, 0xff, 0xff,

    /* U+00CC "Ì" */
    0xe, 0xff, 0x90, 0x0, 0x4f, 0xff, 0x10, 0x0,
    0xaf, 0xf7, 0x0, 0x1, 0xef, 0xe0, 0x0, 0x1,
    0x22, 0x0, 0x0, 0x0, 0x0, 0x0, 0x3f, 0xff,
    0xc0, 0x3, 0xff, 0xfc, 0x0, 0x3f, 0xff, 0xc0,
    0x3, 0xff, 0xfc, 0x0, 0x3f, 0xff, 0xc0, 0x3,
    0xff, 0xfc, 0x0, 0x3f, 0xff, 0xc0, 0x3, 0xff,
    0xfc, 0x0, 0x3f, 0xff, 0xc0, 0x3, 0xff, 0xfc,
    0x0, 0x3f, 0xff, 0xc0, 0x3, 0xff, 0xfc, 0x0,
    0x3f, 0xff, 0xc0, 0x3, 0xff, 0xfc, 0x0, 0x3f,
    0xff, 0xc0, 0x3, 0xff, 0xfc, 0x0, 0x3f, 0xff,
    0xc0, 0x3, 0xff, 0xfc, 0x0, 0x3f, 0xff, 0xc0,
    0x3, 0xff, 0xfc,

    /* U+00CD "Í" */
    0x0, 0x1f, 0xff, 0x80, 0x7, 0xff, 0xd0, 0x0,
    0xef, 0xf3, 0x0, 0x5f, 0xf8, 0x0, 0x1, 0x22,
    0x0, 0x0, 0x0, 0x0, 0x0, 0x3f, 0xff, 0xc0,
    0x3, 0xff, 0xfc, 0x0, 0x3f, 0xff, 0xc0, 0x3,
    0xff, 0xfc, 0x0, 0x3f, 0xff, 0xc0, 0x3, 0xff,
    0xfc, 0x0, 0x3f, 0xff, 0xc0, 0x3, 0xff, 0xfc,
    0x0, 0x3f, 0xff, 0xc0, 0x3, 0xff, 0xfc, 0x0,
    0x3f, 0xff, 0xc0, 0x3, 0xff, 0xfc, 0x0, 0x3f,
    0xff, 0xc0, 0x3, 0xff, 0xfc, 0x0, 0x3f, 0xff,
    0xc0, 0x3, 0xff, 0xfc, 0x0, 0x3f, 0xff, 0xc0,
    0x3, 0xff, 0xfc, 0x0, 0x3f, 0xff, 0xc0, 0x3,
    0xff, 0xfc, 0x0,

    /* U+00CE "Î" */
    0x0, 0x3, 0xff, 0xfb, 0x0, 0x0, 0x0, 0x1e,
    0xff, 0xff, 0x90, 0x0, 0x0, 0xdf, 0xf6, 0xcf,
    0xf6, 0x0, 0xb, 0xff, 0xa0, 0x2f, 0xff, 0x40,
    0x38, 0x87, 0x0, 0x4, 0x88, 0x70, 0x0, 0x0,
    0x0, 0x0, 0x0, 0x0, 0x0, 0x3, 0xff, 0xfc,
    0x0, 0x0, 0x0, 0x3, 0xff, 0xfc, 0x0, 0x0,
    0x0, 0x3, 0xff, 0xfc, 0x0, 0x0, 0x0, 0x3,
    0xff, 0xfc, 0x0, 0x0, 0x0, 0x3, 0xff, 0xfc,
    0x0, 0x0, 0x0, 0x3, 0xff, 0xfc, 0x0, 0x0,
    0x0, 0x3, 0xff, 0xfc, 0x0, 0x0, 0x0, 0x3,
    0xff, 0xfc, 0x0, 0x0, 0x0, 0x3, 0xff, 0xfc,
    0x0, 0x0, 0x0, 0x3, 0xff, 0xfc, 0x0, 0x0,
    0x0, 0x3, 0xff, 0xfc, 0x0, 0x0, 0x0, 0x3,
    0xff, 0xfc, 0x0, 0x0, 0x0, 0x3, 0xff, 0xfc,
    0x0, 0x0, 0x0, 0x3, 0xff, 0xfc, 0x0, 0x0,
    0x0, 0x3, 0xff, 0xfc, 0x0, 0x0, 0x0, 0x3,
    0xff, 0xfc, 0x0, 0x0, 0x0, 0x3, 0xff, 0xfc,
    0x0, 0x0, 0x0, 0x3, 0xff, 0xfc, 0x0, 0x0,
    0x0, 0x3, 0xff, 0xfc, 0x0, 0x0, 0x0, 0x3,
    0xff, 0xfc, 0x0, 0x0,

    /* U+00CF "Ï" */
    0x4, 0xcb, 0x20, 0x6, 0xca, 0x10, 0xff, 0xfb,
    0x1, 0xff, 0xf9, 0xf, 0xff, 0xb0, 0x2f, 0xff,
    0x90, 0x6e, 0xd3, 0x0, 0x8f, 0xc2, 0x0, 0x0,
    0x0, 0x0, 0x0, 0x0, 0x0, 0x0, 0x0, 0x0,
    0x0, 0x0, 0x3, 0xff, 0xfc, 0x0, 0x0, 0x0,
    0x3f, 0xff, 0xc0, 0x0, 0x0, 0x3, 0xff, 0xfc,
    0x0, 0x0, 0x0, 0x3f, 0xff, 0xc0, 0x0, 0x0,
    0x3, 0xff, 0xfc, 0x0, 0x0, 0x0, 0x3f, 0xff,
    0xc0, 0x0, 0x0, 0x3, 0xff, 0xfc, 0x0, 0x0,
    0x0, 0x3f, 0xff, 0xc0, 0x0, 0x0, 0x3, 0xff,
    0xfc, 0x0, 0x0, 0x0, 0x3f, 0xff, 0xc0, 0x0,
    0x0, 0x3, 0xff, 0xfc, 0x0, 0x0, 0x0, 0x3f,
    0xff, 0xc0, 0x0, 0x0, 0x3, 0xff, 0xfc, 0x0,
    0x0, 0x0, 0x3f, 0xff, 0xc0, 0x0, 0x0, 0x3,
    0xff, 0xfc, 0x0, 0x0, 0x0, 0x3f, 0xff, 0xc0,
    0x0, 0x0, 0x3, 0xff, 0xfc, 0x0, 0x0, 0x0,
    0x3f, 0xff, 0xc0, 0x0, 0x0, 0x3, 0xff, 0xfc,
    0x0, 0x0, 0x0, 0x3f, 0xff, 0xc0, 0x0,

    /* U+00D0 "Ð" */
    0x0, 0x3f, 0xff, 0xff, 0xff, 0xfd, 0xa6, 0x0,
    0x0, 0x0, 0x0, 0x3f, 0xff, 0xff, 0xff, 0xff,
    0xff, 0xe5, 0x0, 0x0, 0x0, 0x3f, 0xff, 0xff,
    0xff, 0xff, 0xff, 0xff, 0x80, 0x0, 0x0, 0x3f,
    0xff, 0xe7, 0x77, 0x9c, 0xff, 0xff, 0xf6, 0x0,
    0x0, 0x3f, 0xff, 0xd0, 0x0, 0x0, 0x2c, 0xff,
    0xff, 0x10, 0x0, 0x3f, 0xff, 0xd0, 0x0, 0x0,
    0x0, 0xdf, 0xff, 0x70, 0x0, 0x3f, 0xff, 0xd0,
    0x0, 0x0, 0x0, 0x5f, 0xff, 0xd0, 0x0, 0x3f,
    0xff, 0xd0, 0x0, 0x0, 0x0, 0xf, 0xff, 0xf0,
    0x0, 0x3f, 0xff, 0xd0, 0x0, 0x0, 0x0, 0xd,
    0xff, 0xf3, 0xbf, 0xff, 0xff, 0xff, 0xff, 0xf0,
    0x0, 0xc, 0xff, 0xf4, 0xbf, 0xff, 0xff, 0xff,
    0xff, 0xf0, 0x0, 0xc, 0xff, 0xf4, 0x8b, 0xcf,
    0xff, 0xfb, 0xbb, 0xb0, 0x0, 0xd, 0xff, 0xf3,
    0x0, 0x3f, 0xff, 0xd0, 0x0, 0x0, 0x0, 0xf,
    0xff, 0xf0, 0x0, 0x3f, 0xff, 0xd0, 0x0, 0x0,
    0x0, 0x5f, 0xff, 0xd0, 0x0, 0x3f, 0xff, 0xd0,
    0x0, 0x0, 0x0, 0xdf, 0xff, 0x70, 0x0, 0x3f,
    0xff, 0xd0, 0x0, 0x0, 0x2c, 0xff, 0xff, 0x10,
    0x0, 0x3f, 0xff, 0xe7, 0x77, 0x9c, 0xff, 0xff,
    0xf6, 0x0, 0x0, 0x3f, 0xff, 0xff, 0xff, 0xff,
    0xff, 0xff, 0x80, 0x0, 0x0, 0x3f, 0xff, 0xff,
    0xff, 0xff, 0xff, 0xe5, 0x0, 0x0, 0x0, 0x3f,
    0xff, 0xff, 0xff, 0xfd, 0xa6, 0x0, 0x0, 0x0,

    /* U+00D1 "Ñ" */
    0x0, 0x0, 0x0, 0x3, 0x10, 0x1, 0x33, 0x0,
    0x0, 0x0, 0x0, 0x5, 0xff, 0xfa, 0x4a, 0xfc,
    0x0, 0x0, 0x0, 0x0, 0xe, 0xff, 0xff, 0xff,
    0xf7, 0x0, 0x0, 0x0, 0x0, 0x3f, 0xf1, 0x3a,
    0xee, 0x90, 0x0, 0x0, 0x0, 0x0, 0x0, 0x0,
    0x0, 0x0, 0x0, 0x0, 0x0, 0x0, 0x0, 0x0,
    0x0, 0x0, 0x0, 0x0, 0x0, 0x0, 0x3f, 0xff,
    0xf9, 0x0, 0x0, 0x0, 0x5, 0xff, 0xfc, 0x3f,
    0xff, 0xff, 0x30, 0x0, 0x0, 0x5, 0xff, 0xfc,
    0x3f, 0xff, 0xff, 0xc0, 0x0, 0x0, 0x5, 0xff,
    0xfc, 0x3f, 0xff, 0xff, 0xf6, 0x0, 0x0, 0x5,
    0xff, 0xfc, 0x3f, 0xff, 0xff, 0xfe, 0x10, 0x0,
    0x5, 0xff, 0xfc, 0x3f, 0xff, 0xcf, 0xff, 0xa0,
    0x0, 0x5, 0xff, 0xfc, 0x3f, 0xff, 0xba, 0xff,
    0xf3, 0x0, 0x5, 0xff, 0xfc, 0x3f, 0xff, 0xc2,
    0xff, 0xfd, 0x0, 0x5, 0xff, 0xfc, 0x3f, 0xff,
    0xd0, 0xaf, 0xff, 0x70, 0x5, 0xff, 0xfc, 0x3f,
    0xff, 0xd0, 0x2f, 0xff, 0xf1, 0x4, 0xff, 0xfc,
    0x3f, 0xff, 0xe0, 0x8, 0xff, 0xfa, 0x4, 0xff,
    0xfc, 0x3f, 0xff, 0xe0, 0x0, 0xef, 0xff, 0x44,
    0xff, 0xfc, 0x3f, 0xff, 0xe0, 0x0, 0x5f, 0xff,
    0xc3, 0xff, 0xfc, 0x3f, 0xff, 0xe0, 0x0, 0xb,
    0xff, 0xf6, 0xff, 0xfc, 0x3f, 0xff, 0xe0, 0x0,
    0x2, 0xff, 0xfd, 0xff, 0xfc, 0x3f, 0xff, 0xe0,
    0x0, 0x0, 0x7f, 0xff, 0xff, 0xfc, 0x3f, 0xff,
    0xe0, 0x0, 0x0, 0xd, 0xff, 0xff, 0xfc, 0x3f,
    0xff, 0xe0, 0x0, 0x0, 0x3, 0xff, 0xff, 0xfc,
    0x3f, 0xff, 0xe0, 0x0, 0x0, 0x0, 0xaf, 0xff,
    0xfc, 0x3f, 0xff, 0xe0, 0x0, 0x0, 0x0, 0x1e,
    0xff, 0xfc,

    /* U+00D2 "Ò" */
    0x0, 0x0, 0x5, 0xff, 0xf3, 0x0, 0x0, 0x0,
    0x0, 0x0, 0x0, 0x0, 0xa, 0xff, 0xa0, 0x0,
    0x0, 0x0, 0x0, 0x0, 0x0, 0x0, 0x1e, 0xff,
    0x10, 0x0, 0x0, 0x0, 0x0, 0x0, 0x0, 0x0,
    0x5f, 0xf8, 0x0, 0x0, 0x0, 0x0, 0x0, 0x0,
    0x0, 0x0, 0x12, 0x10, 0x0, 0x0, 0x0, 0x0,
    0x0, 0x0, 0x0, 0x0, 0x0, 0x0, 0x0, 0x0,
    0x0, 0x0, 0x0, 0x2, 0x8c, 0xff, 0xec, 0x71,
    0x0, 0x0, 0x0, 0x0, 0x1a, 0xff, 0xff, 0xff,
    0xff, 0xf8, 0x0, 0x0, 0x0, 0x1d, 0xff, 0xff,
    0xff, 0xff, 0xff, 0xfb, 0x0, 0x0, 0xc, 0xff,
    0xff, 0xfb, 0xab, 0xff, 0xff, 0xfa, 0x0, 0x7,
    0xff, 0xff, 0x90, 0x0, 0x1, 0xbf, 0xff, 0xf4,
    0x0, 0xef, 0xff, 0x90, 0x0, 0x0, 0x0, 0xcf,
    0xff, 0xc0, 0x4f, 0xff, 0xf0, 0x0, 0x0, 0x0,
    0x3, 0xff, 0xff, 0x18, 0xff, 0xfa, 0x0, 0x0,
    0x0, 0x0, 0xd, 0xff, 0xf5, 0xaf, 0xff, 0x70,
    0x0, 0x0, 0x0, 0x0, 0xaf, 0xff, 0x7b, 0xff,
    0xf5, 0x0, 0x0, 0x0, 0x0, 0x8, 0xff, 0xf8,
    0xbf, 0xff, 0x50, 0x0, 0x0, 0x0, 0x0, 0x8f,
    0xff, 0x8a, 0xff, 0xf7, 0x0, 0x0, 0x0, 0x0,
    0xa, 0xff, 0xf7, 0x8f, 0xff, 0xa0, 0x0, 0x0,
    0x0, 0x0, 0xdf, 0xff, 0x54, 0xff, 0xff, 0x0,
    0x0, 0x0, 0x0, 0x3f, 0xff, 0xf1, 0xe, 0xff,
    0xf9, 0x0, 0x0, 0x0, 0xc, 0xff, 0xfc, 0x0,
    0x7f, 0xff, 0xf8, 0x0, 0x0, 0x1b, 0xff, 0xff,
    0x40, 0x0, 0xdf, 0xff, 0xff, 0xba, 0xbf, 0xff,
    0xff, 0xa0, 0x0, 0x1, 0xdf, 0xff, 0xff, 0xff,
    0xff, 0xff, 0xb0, 0x0, 0x0, 0x1, 0xaf, 0xff,
    0xff, 0xff, 0xff, 0x80, 0x0, 0x0, 0x0, 0x0,
    0x39, 0xdf, 0xfe, 0xc8, 0x20, 0x0, 0x0,

    /* U+00D3 "Ó" */
    0x0, 0x0, 0x0, 0x0, 0x6, 0xff, 0xf2, 0x0,
    0x0, 0x0, 0x0, 0x0, 0x0, 0x0, 0xdf, 0xf7,
    0x0, 0x0, 0x0, 0x0, 0x0, 0x0, 0x0, 0x4f,
    0xfc, 0x0, 0x0, 0x0, 0x0, 0x0, 0x0, 0x0,
    0xb, 0xff, 0x20, 0x0, 0x0, 0x0, 0x0, 0x0,
    0x0, 0x0, 0x12, 0x10, 0x0, 0x0, 0x0, 0x0,
    0x0, 0x0, 0x0, 0x0, 0x0, 0x0, 0x0, 0x0,
    0x0, 0x0, 0x0, 0x2, 0x8c, 0xff, 0xec, 0x71,
    0x0, 0x0, 0x0, 0x0, 0x1a, 0xff, 0xff, 0xff,
    0xff, 0xf8, 0x0, 0x0, 0x0, 0x1d, 0xff, 0xff,
    0xff, 0xff, 0xff, 0xfb, 0x0, 0x0, 0xc, 0xff,
    0xff, 0xfb, 0xab, 0xff, 0xff, 0xfa, 0x0, 0x7,
    0xff, 0xff, 0x90, 0x0, 0x1, 0xbf, 0xff, 0xf4,
    0x0, 0xef, 0xff, 0x90, 0x0, 0x0, 0x0, 0xcf,
    0xff, 0xc0, 0x4f, 0xff, 0xf0, 0x0, 0x0, 0x0,
    0x3, 0xff, 0xff, 0x18, 0xff, 0xfa, 0x0, 0x0,
    0x0, 0x0, 0xd, 0xff, 0xf5, 0xaf, 0xff, 0x70,
    0x0, 0x0, 0x0, 0x0, 0xaf, 0xff, 0x7b, 0xff,
    0xf5, 0x0, 0x0, 0x0, 0x0, 0x8, 0xff, 0xf8,
    0xbf, 0xff, 0x50, 0x0, 0x0, 0x0, 0x0, 0x8f,
    0xff, 0x8a, 0xff, 0xf7, 0x0, 0x0, 0x0, 0x0,
    0xa, 0xff, 0xf7, 0x8f, 0xff, 0xa0, 0x0, 0x0,
    0x0, 0x0, 0xdf, 0xff, 0x54, 0xff, 0xff, 0x0,
    0x0, 0x0, 0x0, 0x3f, 0xff, 0xf1, 0xe, 0xff,
    0xf9, 0x0, 0x0, 0x0, 0xc, 0xff, 0xfc, 0x0,
    0x7f, 0xff, 0xf8, 0x0, 0x0, 0x1b, 0xff, 0xff,
    0x40, 0x0, 0xdf, 0xff, 0xff, 0xba, 0xbf, 0xff,
    0xff, 0xa0, 0x0, 0x1, 0xdf, 0xff, 0xff, 0xff,
    0xff, 0xff, 0xb0, 0x0, 0x0, 0x1, 0xaf, 0xff,
    0xff, 0xff, 0xff, 0x80, 0x0, 0x0, 0x0, 0x0,
    0x39, 0xdf, 0xfe, 0xc8, 0x20, 0x0, 0x0,

    /* U+00D4 "Ô" */
    0x0, 0x0, 0x0, 0x9, 0xff, 0xf6, 0x0, 0x0,
    0x0, 0x0, 0x0, 0x0, 0x9, 0xff, 0xff, 0xf5,
    0x0, 0x0, 0x0, 0x0, 0x0, 0x8, 0xff, 0xc1,
    0xef, 0xf5, 0x0, 0x0, 0x0, 0x0, 0x8, 0xff,
    0xd1, 0x2, 0xff, 0xf4, 0x0, 0x0, 0x0, 0x0,
    0x0, 0x0, 0x0, 0x0, 0x0, 0x0, 0x0, 0x0,
    0x0, 0x0, 0x0, 0x0, 0x0, 0x0, 0x0, 0x0,
    0x0, 0x0, 0x0, 0x2, 0x8c, 0xff, 0xec, 0x71,
    0x0, 0x0, 0x0, 0x0, 0x1a, 0xff, 0xff, 0xff,
    0xff, 0xf8, 0x0, 0x0, 0x0, 0x1d, 0xff, 0xff,
    0xff, 0xff, 0xff, 0xfb, 0x0, 0x0, 0xc, 0xff,
    0xff, 0xfb, 0xab, 0xff, 0xff, 0xfa, 0x0, 0x7,
    0xff, 0xff, 0x90, 0x0, 0x1, 0xbf, 0xff, 0xf4,
    0x0, 0xef, 0xff, 0x90, 0x0, 0x0, 0x0, 0xcf,
    0xff, 0xc0, 0x4f, 0xff, 0xf0, 0x0, 0x0, 0x0,
    0x3, 0xff, 0xff, 0x18, 0xff, 0xfa, 0x0, 0x0,
    0x0, 0x0, 0xd, 0xff, 0xf5, 0xaf, 0xff, 0x70,
    0x0, 0x0, 0x0, 0x0, 0xaf, 0xff, 0x7b, 0xff,
    0xf5, 0x0, 0x0, 0x0, 0x0, 0x8, 0xff, 0xf8,
    0xbf, 0xff, 0x50, 0x0, 0x0, 0x0, 0x0, 0x8f,
    0xff, 0x8a, 0xff, 0xf7, 0x0, 0x0, 0x0, 0x0,
    0xa, 0xff, 0xf7, 0x8f, 0xff, 0xa0, 0x0, 0x0,
    0x0, 0x0, 0xdf, 0xff, 0x54, 0xff, 0xff, 0x0,
    0x0, 0x0, 0x0, 0x3f, 0xff, 0xf1, 0xe, 0xff,
    0xf9, 0x0, 0x0, 0x0, 0xc, 0xff, 0xfc, 0x0,
    0x7f, 0xff, 0xf8, 0x0, 0x0, 0x1b, 0xff, 0xff,
    0x40, 0x0, 0xdf, 0xff, 0xff, 0xba, 0xbf, 0xff,
    0xff, 0xa0, 0x0, 0x1, 0xdf, 0xff, 0xff, 0xff,
    0xff, 0xff, 0xb0, 0x0, 0x0, 0x1, 0xaf, 0xff,
    0xff, 0xff, 0xff, 0x80, 0x0, 0x0, 0x0, 0x0,
    0x39, 0xdf, 0xfe, 0xc8, 0x20, 0x0, 0x0,

    /* U+00D5 "Õ" */
    0x0, 0x0, 0x1, 0xbf, 0xc2, 0x3, 0xfe, 0x0,
    0x0, 0x0, 0x0, 0x0, 0x9f, 0xff, 0xf6, 0x9f,
    0xc0, 0x0, 0x0, 0x0, 0x0, 0xf, 0xf8, 0x8f,
    0xff, 0xf6, 0x0, 0x0, 0x0, 0x0, 0x1, 0xff,
    0x0, 0x4d, 0xf9, 0x0, 0x0, 0x0, 0x0, 0x0,
    0x0, 0x0, 0x0, 0x0, 0x0, 0x0, 0x0, 0x0,
    0x0, 0x0, 0x0, 0x0, 0x0, 0x0, 0x0, 0x0,
    0x0, 0x0, 0x0, 0x2, 0x8c, 0xff, 0xec, 0x71,
    0x0, 0x0, 0x0, 0x0, 0x1a, 0xff, 0xff, 0xff,
    0xff, 0xf8, 0x0, 0x0, 0x0, 0x1d, 0xff, 0xff,
    0xff, 0xff, 0xff, 0xfb, 0x0, 0x0, 0xc, 0xff,
    0xff, 0xfb, 0xab, 0xff, 0xff, 0xfa, 0x0, 0x7,
    0xff, 0xff, 0x90, 0x0, 0x1, 0xbf, 0xff, 0xf4,
    0x0, 0xef, 0xff, 0x90, 0x0, 0x0, 0x0, 0xcf,
    0xff, 0xc0, 0x4f, 0xff, 0xf0, 0x0, 0x0, 0x0,
    0x3, 0xff, 0xff, 0x18, 0xff, 0xfa, 0x0, 0x0,
    0x0, 0x0, 0xd, 0xff, 0xf5, 0xaf, 0xff, 0x70,
    0x0, 0x0, 0x0, 0x0, 0xaf, 0xff, 0x7b, 0xff,
    0xf5, 0x0, 0x0, 0x0, 0x0, 0x8, 0xff, 0xf8,
    0xbf, 0xff, 0x50, 0x0, 0x0, 0x0, 0x0, 0x8f,
    0xff, 0x8a, 0xff, 0xf7, 0x0, 0x0, 0x0, 0x0,
    0xa, 0xff, 0xf7, 0x8f, 0xff, 0xa0, 0x0, 0x0,
    0x0, 0x0, 0xdf, 0xff, 0x54, 0xff, 0xff, 0x0,
    0x0, 0x0, 0x0, 0x3f, 0xff, 0xf1, 0xe, 0xff,
    0xf9, 0x0, 0x0, 0x0, 0xc, 0xff, 0xfc, 0x0,
    0x7f, 0xff, 0xf8, 0x0, 0x0, 0x1b, 0xff, 0xff,
    0x40, 0x0, 0xdf, 0xff, 0xff, 0xba, 0xbf, 0xff,
    0xff, 0xa0, 0x0, 0x1, 0xdf, 0xff, 0xff, 0xff,
    0xff, 0xff, 0xb0, 0x0, 0x0, 0x1, 0xaf, 0xff,
    0xff, 0xff, 0xff, 0x80, 0x0, 0x0, 0x0, 0x0,
    0x39, 0xdf, 0xfe, 0xc8, 0x20, 0x0, 0x0,

    /* U+00D6 "Ö" */
    0x0, 0x0, 0x8, 0xc8, 0x0, 0xa, 0xc6, 0x0,
    0x0, 0x0, 0x0, 0x5, 0xff, 0xf5, 0x8, 0xff,
    0xf2, 0x0, 0x0, 0x0, 0x0, 0x6f, 0xff, 0x50,
    0x8f, 0xff, 0x30, 0x0, 0x0, 0x0, 0x0, 0xaf,
    0xa0, 0x1, 0xcf, 0x80, 0x0, 0x0, 0x0, 0x0,
    0x0, 0x0, 0x0, 0x0, 0x0, 0x0, 0x0, 0x0,
    0x0, 0x0, 0x0, 0x0, 0x0, 0x0, 0x0, 0x0,
    0x0, 0x0, 0x0, 0x2, 0x8c, 0xff, 0xec, 0x71,
    0x0, 0x0, 0x0, 0x0, 0x1a, 0xff, 0xff, 0xff,
    0xff, 0xf8, 0x0, 0x0, 0x0, 0x1d, 0xff, 0xff,
    0xff, 0xff, 0xff, 0xfb, 0x0, 0x0, 0xc, 0xff,
    0xff, 0xfb, 0xab, 0xff, 0xff, 0xfa, 0x0, 0x7,
    0xff, 0xff, 0x90, 0x0, 0x1, 0xbf, 0xff, 0xf4,
    0x0, 0xef, 0xff, 0x90, 0x0, 0x0, 0x0, 0xcf,
    0xff, 0xc0, 0x4f, 0xff, 0xf0, 0x0, 0x0, 0x0,
    0x3, 0xff, 0xff, 0x18, 0xff, 0xfa, 0x0, 0x0,
    0x0, 0x0, 0xd, 0xff, 0xf5, 0xaf, 0xff, 0x70,
    0x0, 0x0, 0x0, 0x0, 0xaf, 0xff, 0x7b, 0xff,
    0xf5, 0x0, 0x0, 0x0, 0x0, 0x8, 0xff, 0xf8,
    0xbf, 0xff, 0x50, 0x0, 0x0, 0x0, 0x0, 0x8f,
    0xff, 0x8a, 0xff, 0xf7, 0x0, 0x0, 0x0, 0x0,
    0xa, 0xff, 0xf7, 0x8f, 0xff, 0xa0, 0x0, 0x0,
    0x0, 0x0, 0xdf, 0xff, 0x54, 0xff, 0xff, 0x0,
    0x0, 0x0, 0x0, 0x3f, 0xff, 0xf1, 0xe, 0xff,
    0xf9, 0x0, 0x0, 0x0, 0xc, 0xff, 0xfc, 0x0,
    0x7f, 0xff, 0xf8, 0x0, 0x0, 0x1b, 0xff, 0xff,
    0x40, 0x0, 0xdf, 0xff, 0xff, 0xba, 0xbf, 0xff,
    0xff, 0xa0, 0x0, 0x1, 0xdf, 0xff, 0xff, 0xff,
    0xff, 0xff, 0xb0, 0x0, 0x0, 0x1, 0xaf, 0xff,
    0xff, 0xff, 0xff, 0x80, 0x0, 0x0, 0x0, 0x0,
    0x39, 0xdf, 0xfe, 0xc8, 0x20, 0x0, 0x0,

    /* U+00D7 "×" */
    0x0, 0x82, 0x0, 0x0, 0x0, 0x9, 0x20, 0x0,
    0x9f, 0xe2, 0x0, 0x0, 0xa, 0xfe, 0x10, 0x7f,
    0xff, 0xe2, 0x0, 0xa, 0xff, 0xfd, 0x1, 0xdf,
    0xff, 0xe2, 0xa, 0xff, 0xff, 0x40, 0x1, 0xdf,
    0xff, 0xea, 0xff, 0xff, 0x40, 0x0, 0x1, 0xdf,
    0xff, 0xff, 0xff, 0x40, 0x0, 0x0, 0x1, 0xdf,
    0xff, 0xff, 0x40, 0x0, 0x0, 0x0, 0xa, 0xff,
    0xff, 0xe2, 0x0, 0x0, 0x0, 0x9, 0xff, 0xff,
    0xff, 0xe1, 0x0, 0x0, 0x9, 0xff, 0xff, 0xdf,
    0xff, 0xd1, 0x0, 0x9, 0xff, 0xff, 0x41, 0xdf,
    0xff, 0xd1, 0x7, 0xff, 0xff, 0x40, 0x1, 0xdf,
    0xff, 0xd0, 0x1c, 0xff, 0x40, 0x0, 0x1, 0xdf,
    0xf4, 0x0, 0x1c, 0x40, 0x0, 0x0, 0x1, 0xc4,
    0x0, 0x0, 0x0, 0x0, 0x0, 0x0, 0x0, 0x0,
    0x0,

    /* U+00D8 "Ø" */
    0x0, 0x0, 0x0, 0x0, 0x0, 0x0, 0x0, 0x4,
    0x0, 0x0, 0x0, 0x0, 0x28, 0xcf, 0xfe, 0xc7,
    0x14, 0xfc, 0x10, 0x0, 0x1, 0xaf, 0xff, 0xff,
    0xff, 0xff, 0xff, 0xd0, 0x0, 0x1, 0xdf, 0xff,
    0xff, 0xff, 0xff, 0xff, 0xf4, 0x0, 0x0, 0xdf,
    0xff, 0xff, 0xba, 0xbf, 0xff, 0xff, 0x80, 0x0,
    0x7f, 0xff, 0xf9, 0x0, 0x0, 0x3f, 0xff, 0xff,
    0x40, 0xe, 0xff, 0xf9, 0x0, 0x0, 0xc, 0xff,
    0xff, 0xfb, 0x4, 0xff, 0xff, 0x0, 0x0, 0x8,
    0xff, 0x8f, 0xff, 0xf1, 0x8f, 0xff, 0xa0, 0x0,
    0x4, 0xff, 0xa0, 0xdf, 0xff, 0x5a, 0xff, 0xf7,
    0x0, 0x1, 0xef, 0xe0, 0xa, 0xff, 0xf7, 0xbf,
    0xff, 0x50, 0x0, 0xaf, 0xf3, 0x0, 0x8f, 0xff,
    0x8b, 0xff, 0xf5, 0x0, 0x6f, 0xf8, 0x0, 0x8,
    0xff, 0xf8, 0xaf, 0xff, 0x70, 0x2f, 0xfc, 0x0,
    0x0, 0xaf, 0xff, 0x78, 0xff, 0xfa, 0xc, 0xff,
    0x20, 0x0, 0xd, 0xff, 0xf5, 0x4f, 0xff, 0xe9,
    0xff, 0x50, 0x0, 0x3, 0xff, 0xff, 0x10, 0xef,
    0xff, 0xff, 0xa0, 0x0, 0x0, 0xcf, 0xff, 0xc0,
    0x7, 0xff, 0xff, 0xf1, 0x0, 0x1, 0xbf, 0xff,
    0xf4, 0x0, 0xb, 0xff, 0xff, 0xfb, 0xab, 0xff,
    0xff, 0xfa, 0x0, 0x0, 0x6f, 0xff, 0xff, 0xff,
    0xff, 0xff, 0xfb, 0x0, 0x0, 0x2f, 0xfe, 0xff,
    0xff, 0xff, 0xff, 0xf8, 0x0, 0x0, 0x3, 0xef,
    0x22, 0x8c, 0xff, 0xec, 0x82, 0x0, 0x0, 0x0,
    0x1, 0x40, 0x0, 0x0, 0x0, 0x0, 0x0, 0x0,
    0x0,

    /* U+00D9 "Ù" */
    0x0, 0x0, 0xd, 0xff, 0xb0, 0x0, 0x0, 0x0,
    0x0, 0x0, 0x0, 0x3f, 0xff, 0x20, 0x0, 0x0,
    0x0, 0x0, 0x0, 0x0, 0x8f, 0xf9, 0x0, 0x0,
    0x0, 0x0, 0x0, 0x0, 0x0, 0xdf, 0xf1, 0x0,
    0x0, 0x0, 0x0, 0x0, 0x0, 0x1, 0x22, 0x0,
    0x0, 0x0, 0x0, 0x0, 0x0, 0x0, 0x0, 0x0,
    0x0, 0x0, 0x0, 0x3f, 0xff, 0xc0, 0x0, 0x0,
    0x0, 0xf, 0xff, 0xf3, 0xff, 0xfc, 0x0, 0x0,
    0x0, 0x0, 0xff, 0xff, 0x3f, 0xff, 0xc0, 0x0,
    0x0, 0x0, 0xf, 0xff, 0xf3, 0xff, 0xfc, 0x0,
    0x0, 0x0, 0x0, 0xff, 0xff, 0x3f, 0xff, 0xc0,
    0x0, 0x0, 0x0, 0xf, 0xff, 0xf3, 0xff, 0xfc,
    0x0, 0x0, 0x0, 0x0, 0xff, 0xff, 0x3f, 0xff,
    0xc0, 0x0, 0x0, 0x0, 0xf, 0xff, 0xf3, 0xff,
    0xfc, 0x0, 0x0, 0x0, 0x0, 0xff, 0xff, 0x3f,
    0xff, 0xc0, 0x0, 0x0, 0x0, 0xf, 0xff, 0xf3,
    0xff, 0xfc, 0x0, 0x0, 0x0, 0x0, 0xff, 0xff,
    0x3f, 0xff, 0xc0, 0x0, 0x0, 0x0, 0xf, 0xff,
    0xf3, 0xff, 0xfc, 0x0, 0x0, 0x0, 0x0, 0xff,
    0xff, 0x3f, 0xff, 0xd0, 0x0, 0x0, 0x0, 0xf,
    0xff, 0xf2, 0xff, 0xfe, 0x0, 0x0, 0x0, 0x2,
    0xff, 0xff, 0xf, 0xff, 0xf5, 0x0, 0x0, 0x0,
    0x9f, 0xff, 0xc0, 0xaf, 0xff, 0xe4, 0x0, 0x0,
    0x7f, 0xff, 0xf8, 0x3, 0xff, 0xff, 0xfc, 0x9a,
    0xef, 0xff, 0xfe, 0x10, 0x7, 0xff, 0xff, 0xff,
    0xff, 0xff, 0xff, 0x30, 0x0, 0x5, 0xef, 0xff,
    0xff, 0xff, 0xfd, 0x30, 0x0, 0x0, 0x1, 0x6b,
    0xdf, 0xfd, 0xa5, 0x0, 0x0,

    /* U+00DA "Ú" */
    0x0, 0x0, 0x0, 0x0, 0xe, 0xff, 0x90, 0x0,
    0x0, 0x0, 0x0, 0x0, 0x6, 0xff, 0xe1, 0x0,
    0x0, 0x0, 0x0, 0x0, 0x0, 0xdf, 0xf4, 0x0,
    0x0, 0x0, 0x0, 0x0, 0x0, 0x4f, 0xfa, 0x0,
    0x0, 0x0, 0x0, 0x0, 0x0, 0x1, 0x22, 0x0,
    0x0, 0x0, 0x0, 0x0, 0x0, 0x0, 0x0, 0x0,
    0x0, 0x0, 0x0, 0x3f, 0xff, 0xc0, 0x0, 0x0,
    0x0, 0xf, 0xff, 0xf3, 0xff, 0xfc, 0x0, 0x0,
    0x0, 0x0, 0xff, 0xff, 0x3f, 0xff, 0xc0, 0x0,
    0x0, 0x0, 0xf, 0xff, 0xf3, 0xff, 0xfc, 0x0,
    0x0, 0x0, 0x0, 0xff, 0xff, 0x3f, 0xff, 0xc0,
    0x0, 0x0, 0x0, 0xf, 0xff, 0xf3, 0xff, 0xfc,
    0x0, 0x0, 0x0, 0x0, 0xff, 0xff, 0x3f, 0xff,
    0xc0, 0x0, 0x0, 0x0, 0xf, 0xff, 0xf3, 0xff,
    0xfc, 0x0, 0x0, 0x0, 0x0, 0xff, 0xff, 0x3f,
    0xff, 0xc0, 0x0, 0x0, 0x0, 0xf, 0xff, 0xf3,
    0xff, 0xfc, 0x0, 0x0, 0x0, 0x0, 0xff, 0xff,
    0x3f, 0xff, 0xc0, 0x0, 0x0, 0x0, 0xf, 0xff,
    0xf3, 0xff, 0xfc, 0x0, 0x0, 0x0, 0x0, 0xff,
    0xff, 0x3f, 0xff, 0xd0, 0x0, 0x0, 0x0, 0xf,
    0xff, 0xf2, 0xff, 0xfe, 0x0, 0x0, 0x0, 0x2,
    0xff, 0xff, 0xf, 0xff, 0xf5, 0x0, 0x0, 0x0,
    0x9f, 0xff, 0xc0, 0xaf, 0xff, 0xe4, 0x0, 0x0,
    0x7f, 0xff, 0xf8, 0x3, 0xff, 0xff, 0xfc, 0x9a,
    0xef, 0xff, 0xfe, 0x10, 0x7, 0xff, 0xff, 0xff,
    0xff, 0xff, 0xff, 0x30, 0x0, 0x5, 0xef, 0xff,
    0xff, 0xff, 0xfd, 0x30, 0x0, 0x0, 0x1, 0x6b,
    0xdf, 0xfd, 0xa5, 0x0, 0x0,

    /* U+00DB "Û" */
    0x0, 0x0, 0x0, 0x3e, 0xff, 0xc0, 0x0, 0x0,
    0x0, 0x0, 0x0, 0x2e, 0xff, 0xff, 0xc0, 0x0,
    0x0, 0x0, 0x0, 0x2e, 0xff, 0x48, 0xff, 0xb0,
    0x0, 0x0, 0x0, 0x2e, 0xff, 0x60, 0xa, 0xff,
    0xb0, 0x0, 0x0, 0x0, 0x0, 0x0, 0x0, 0x0,
    0x0, 0x0, 0x0, 0x0, 0x0, 0x0, 0x0, 0x0,
    0x0, 0x0, 0x0, 0x3f, 0xff, 0xc0, 0x0, 0x0,
    0x0, 0xf, 0xff, 0xf3, 0xff, 0xfc, 0x0, 0x0,
    0x0, 0x0, 0xff, 0xff, 0x3f, 0xff, 0xc0, 0x0,
    0x0, 0x0, 0xf, 0xff, 0xf3, 0xff, 0xfc, 0x0,
    0x0, 0x0, 0x0, 0xff, 0xff, 0x3f, 0xff, 0xc0,
    0x0, 0x0, 0x0, 0xf, 0xff, 0xf3, 0xff, 0xfc,
    0x0, 0x0, 0x0, 0x0, 0xff, 0xff, 0x3f, 0xff,
    0xc0, 0x0, 0x0, 0x0, 0xf, 0xff, 0xf3, 0xff,
    0xfc, 0x0, 0x0, 0x0, 0x0, 0xff, 0xff, 0x3f,
    0xff, 0xc0, 0x0, 0x0, 0x0, 0xf, 0xff, 0xf3,
    0xff, 0xfc, 0x0, 0x0, 0x0, 0x0, 0xff, 0xff,
    0x3f, 0xff, 0xc0, 0x0, 0x0, 0x0, 0xf, 0xff,
    0xf3, 0xff, 0xfc, 0x0, 0x0, 0x0, 0x0, 0xff,
    0xff, 0x3f, 0xff, 0xd0, 0x0, 0x0, 0x0, 0xf,
    0xff, 0xf2, 0xff, 0xfe, 0x0, 0x0, 0x0, 0x2,
    0xff, 0xff, 0xf, 0xff, 0xf5, 0x0, 0x0, 0x0,
    0x9f, 0xff, 0xc0, 0xaf, 0xff, 0xe4, 0x0, 0x0,
    0x7f, 0xff, 0xf8, 0x3, 0xff, 0xff, 0xfc, 0x9a,
    0xef, 0xff, 0xfe, 0x10, 0x7, 0xff, 0xff, 0xff,
    0xff, 0xff, 0xff, 0x30, 0x0, 0x5, 0xef, 0xff,
    0xff, 0xff, 0xfd, 0x30, 0x0, 0x0, 0x1, 0x6b,
    0xdf, 0xfd, 0xa5, 0x0, 0x0,

    /* U+00DC "Ü" */
    0x0, 0x0, 0x3c, 0xb2, 0x0, 0x5c, 0xa1, 0x0,
    0x0, 0x0, 0xe, 0xff, 0xc0, 0x1f, 0xff, 0xa0,
    0x0, 0x0, 0x0, 0xef, 0xfd, 0x1, 0xff, 0xfa,
    0x0, 0x0, 0x0, 0x5, 0xee, 0x40, 0x7, 0xed,
    0x20, 0x0, 0x0, 0x0, 0x0, 0x0, 0x0, 0x0,
    0x0, 0x0, 0x0, 0x0, 0x0, 0x0, 0x0, 0x0,
    0x0, 0x0, 0x0, 0x3f, 0xff, 0xc0, 0x0, 0x0,
    0x0, 0xf, 0xff, 0xf3, 0xff, 0xfc, 0x0, 0x0,
    0x0, 0x0, 0xff, 0xff, 0x3f, 0xff, 0xc0, 0x0,
    0x0, 0x0, 0xf, 0xff, 0xf3, 0xff, 0xfc, 0x0,
    0x0, 0x0, 0x0, 0xff, 0xff, 0x3f, 0xff, 0xc0,
    0x0, 0x0, 0x0, 0xf, 0xff, 0xf3, 0xff, 0xfc,
    0x0, 0x0, 0x0, 0x0, 0xff, 0xff, 0x3f, 0xff,
    0xc0, 0x0, 0x0, 0x0, 0xf, 0xff, 0xf3, 0xff,
    0xfc, 0x0, 0x0, 0x0, 0x0, 0xff, 0xff, 0x3f,
    0xff, 0xc0, 0x0, 0x0, 0x0, 0xf, 0xff, 0xf3,
    0xff, 0xfc, 0x0, 0x0, 0x0, 0x0, 0xff, 0xff,
    0x3f, 0xff, 0xc0, 0x0, 0x0, 0x0, 0xf, 0xff,
    0xf3, 0xff, 0xfc, 0x0, 0x0, 0x0, 0x0, 0xff,
    0xff, 0x3f, 0xff, 0xd0, 0x0, 0x0, 0x0, 0xf,
    0xff, 0xf2, 0xff, 0xfe, 0x0, 0x0, 0x0, 0x2,
    0xff, 0xff, 0xf, 0xff, 0xf5, 0x0, 0x0, 0x0,
    0x9f, 0xff, 0xc0, 0xaf, 0xff, 0xe4, 0x0, 0x0,
    0x7f, 0xff, 0xf8, 0x3, 0xff, 0xff, 0xfc, 0x9a,
    0xef, 0xff, 0xfe, 0x10, 0x7, 0xff, 0xff, 0xff,
    0xff, 0xff, 0xff, 0x30, 0x0, 0x5, 0xef, 0xff,
    0xff, 0xff, 0xfd, 0x30, 0x0, 0x0, 0x1, 0x6b,
    0xdf, 0xfd, 0xa5, 0x0, 0x0,

    /* U+00DD "Ý" */
    0x0, 0x0, 0x0, 0x0, 0x0, 0xef, 0xf9, 0x0,
    0x0, 0x0, 0x0, 0x0, 0x0, 0x0, 0x6, 0xff,
    0xe0, 0x0, 0x0, 0x0, 0x0, 0x0, 0x0, 0x0,
    0xd, 0xff, 0x40, 0x0, 0x0, 0x0, 0x0, 0x0,
    0x0, 0x0, 0x4f, 0xf9, 0x0, 0x0, 0x0, 0x0,
    0x0, 0x0, 0x0, 0x0, 0x12, 0x20, 0x0, 0x0,
    0x0, 0x0, 0x0, 0x0, 0x0, 0x0, 0x0, 0x0,
    0x0, 0x0, 0x0, 0x0, 0x1f, 0xff, 0xf9, 0x0,
    0x0, 0x0, 0x0, 0xdf, 0xff, 0xc0, 0x7, 0xff,
    0xff, 0x20, 0x0, 0x0, 0x6, 0xff, 0xff, 0x30,
    0x0, 0xdf, 0xff, 0xb0, 0x0, 0x0, 0xd, 0xff,
    0xfa, 0x0, 0x0, 0x5f, 0xff, 0xf3, 0x0, 0x0,
    0x6f, 0xff, 0xf1, 0x0, 0x0, 0xb, 0xff, 0xfb,
    0x0, 0x0, 0xef, 0xff, 0x80, 0x0, 0x0, 0x2,
    0xff, 0xff, 0x40, 0x7, 0xff, 0xfe, 0x0, 0x0,
    0x0, 0x0, 0x9f, 0xff, 0xc0, 0xe, 0xff, 0xf5,
    0x0, 0x0, 0x0, 0x0, 0x1e, 0xff, 0xf4, 0x6f,
    0xff, 0xc0, 0x0, 0x0, 0x0, 0x0, 0x6, 0xff,
    0xfb, 0xdf, 0xff, 0x30, 0x0, 0x0, 0x0, 0x0,
    0x0, 0xcf, 0xff, 0xff, 0xfa, 0x0, 0x0, 0x0,
    0x0, 0x0, 0x0, 0x3f, 0xff, 0xff, 0xf1, 0x0,
    0x0, 0x0, 0x0, 0x0, 0x0, 0xa, 0xff, 0xff,
    0x80, 0x0, 0x0, 0x0, 0x0, 0x0, 0x0, 0x2,
    0xff, 0xff, 0x0, 0x0, 0x0, 0x0, 0x0, 0x0,
    0x0, 0x1, 0xff, 0xff, 0x0, 0x0, 0x0, 0x0,
    0x0, 0x0, 0x0, 0x1, 0xff, 0xff, 0x0, 0x0,
    0x0, 0x0, 0x0, 0x0, 0x0, 0x1, 0xff, 0xff,
    0x0, 0x0, 0x0, 0x0, 0x0, 0x0, 0x0, 0x1,
    0xff, 0xff, 0x0, 0x0, 0x0, 0x0, 0x0, 0x0,
    0x0, 0x1, 0xff, 0xff, 0x0, 0x0, 0x0, 0x0,
    0x0, 0x0, 0x0, 0x1, 0xff, 0xff, 0x0, 0x0,
    0x0, 0x0, 0x0, 0x0, 0x0, 0x1, 0xff, 0xff,
    0x0, 0x0, 0x0, 0x0,

    /* U+00DE "Þ" */
    0x4f, 0xff, 0xc0, 0x0, 0x0, 0x0, 0x0, 0x4,
    0xff, 0xfc, 0x0, 0x0, 0x0, 0x0, 0x0, 0x4f,
    0xff, 0xc0, 0x0, 0x0, 0x0, 0x0, 0x4, 0xff,
    0xfd, 0x22, 0x21, 0x0, 0x0, 0x0, 0x4f, 0xff,
    0xff, 0xff, 0xff, 0xb6, 0x0, 0x4, 0xff, 0xff,
    0xff, 0xff, 0xff, 0xfc, 0x10, 0x4f, 0xff, 0xff,
    0xff, 0xff, 0xff, 0xfd, 0x4, 0xff, 0xfc, 0x0,
    0x1, 0x6e, 0xff, 0xf6, 0x4f, 0xff, 0xc0, 0x0,
    0x0, 0x4f, 0xff, 0xc4, 0xff, 0xfc, 0x0, 0x0,
    0x0, 0xef, 0xfe, 0x4f, 0xff, 0xc0, 0x0, 0x0,
    0xf, 0xff, 0xe4, 0xff, 0xfc, 0x0, 0x0, 0x5,
    0xff, 0xfb, 0x4f, 0xff, 0xc2, 0x22, 0x37, 0xff,
    0xff, 0x54, 0xff, 0xff, 0xff, 0xff, 0xff, 0xff,
    0xb0, 0x4f, 0xff, 0xff, 0xff, 0xff, 0xff, 0xa0,
    0x4, 0xff, 0xff, 0xff, 0xfe, 0xd9, 0x40, 0x0,
    0x4f, 0xff, 0xc0, 0x0, 0x0, 0x0, 0x0, 0x4,
    0xff, 0xfc, 0x0, 0x0, 0x0, 0x0, 0x0, 0x4f,
    0xff, 0xc0, 0x0, 0x0, 0x0, 0x0, 0x4, 0xff,
    0xfc, 0x0, 0x0, 0x0, 0x0, 0x0,

    /* U+00DF "ß" */
    0x0, 0x1, 0x8c, 0xef, 0xec, 0x71, 0x0, 0x0,
    0x0, 0x6f, 0xff, 0xff, 0xff, 0xff, 0x60, 0x0,
    0x4, 0xff, 0xff, 0xff, 0xff, 0xff, 0xf6, 0x0,
    0xd, 0xff, 0xff, 0x96, 0x8f, 0xff, 0xfe, 0x0,
    0x1f, 0xff, 0xf3, 0x0, 0x3, 0xff, 0xff, 0x30,
    0x3f, 0xff, 0xd0, 0x0, 0x0, 0xcf, 0xff, 0x50,
    0x3f, 0xff, 0xb0, 0x0, 0x0, 0xbf, 0xff, 0x40,
    0x3f, 0xff, 0xb0, 0x0, 0x1, 0xff, 0xfe, 0x0,
    0x3f, 0xff, 0xb0, 0x2, 0x3c, 0xff, 0xf6, 0x0,
    0x3f, 0xff, 0xb0, 0xf, 0xff, 0xfd, 0x50, 0x0,
    0x3f, 0xff, 0xb0, 0xf, 0xff, 0xff, 0xc6, 0x0,
    0x3f, 0xff, 0xb0, 0xf, 0xff, 0xff, 0xff, 0x80,
    0x3f, 0xff, 0xb0, 0x0, 0x2, 0x8f, 0xff, 0xf3,
    0x3f, 0xff, 0xb0, 0x0, 0x0, 0x8, 0xff, 0xf8,
    0x3f, 0xff, 0xb0, 0x0, 0x0, 0x5, 0xff, 0xfa,
    0x3f, 0xff, 0xb0, 0x0, 0x0, 0xa, 0xff, 0xf9,
    0x3f, 0xff, 0xb0, 0x4, 0x45, 0xaf, 0xff, 0xf6,
    0x3f, 0xff, 0xb0, 0x2f, 0xff, 0xff, 0xff, 0xe0,
    0x3f, 0xff, 0xb0, 0x2f, 0xff, 0xff, 0xfd, 0x20,
    0x3f, 0xff, 0xb0, 0x2f, 0xff, 0xeb, 0x70, 0x0,

    /* U+00E0 "à" */
    0x0, 0x0, 0x11, 0x10, 0x0, 0x0, 0x0, 0x0,
    0x0, 0xdf, 0xfa, 0x0, 0x0, 0x0, 0x0, 0x0,
    0x4f, 0xff, 0x10, 0x0, 0x0, 0x0, 0x0, 0x9,
    0xff, 0x80, 0x0, 0x0, 0x0, 0x0, 0x0, 0xef,
    0xe0, 0x0, 0x0, 0x0, 0x0, 0x0, 0x0, 0x0,
    0x0, 0x0, 0x0, 0x0, 0x0, 0x0, 0x0, 0x0,
    0x0, 0x0, 0x0, 0x6b, 0xef, 0xfd, 0x92, 0x0,
    0x0, 0x2d, 0xff, 0xff, 0xff, 0xff, 0x70, 0x0,
    0xdf, 0xff, 0xff, 0xff, 0xff, 0xf4, 0x7, 0xff,
    0xfc, 0x30, 0x19, 0xff, 0xfb, 0x0, 0x35, 0x81,
    0x0, 0x0, 0xff, 0xfe, 0x0, 0x0, 0x0, 0x0,
    0x5, 0xff, 0xff, 0x0, 0x1, 0x69, 0xce, 0xff,
    0xff, 0xff, 0x0, 0x8f, 0xff, 0xff, 0xff, 0xff,
    0xff, 0x8, 0xff, 0xff, 0xc8, 0x62, 0xff, 0xff,
    0xf, 0xff, 0xf3, 0x0, 0x0, 0xff, 0xff, 0x1f,
    0xff, 0xb0, 0x0, 0x2, 0xff, 0xff, 0xf, 0xff,
    0xf3, 0x0, 0x2d, 0xff, 0xff, 0xb, 0xff, 0xff,
    0xdd, 0xff, 0xef, 0xff, 0x2, 0xef, 0xff, 0xff,
    0xf7, 0xcf, 0xff, 0x0, 0x19, 0xdf, 0xfb, 0x40,
    0xcf, 0xff,

    /* U+00E1 "á" */
    0x0, 0x0, 0x0, 0x0, 0x11, 0x11, 0x0, 0x0,
    0x0, 0x0, 0x1, 0xff, 0xf7, 0x0, 0x0, 0x0,
    0x0, 0x8, 0xff, 0xc0, 0x0, 0x0, 0x0, 0x0,
    0xf, 0xff, 0x20, 0x0, 0x0, 0x0, 0x0, 0x6f,
    0xf7, 0x0, 0x0, 0x0, 0x0, 0x0, 0x0, 0x0,
    0x0, 0x0, 0x0, 0x0, 0x0, 0x0, 0x0, 0x0,
    0x0, 0x0, 0x0, 0x6b, 0xef, 0xfd, 0x92, 0x0,
    0x0, 0x2d, 0xff, 0xff, 0xff, 0xff, 0x70, 0x0,
    0xdf, 0xff, 0xff, 0xff, 0xff, 0xf4, 0x7, 0xff,
    0xfc, 0x30, 0x19, 0xff, 0xfb, 0x0, 0x35, 0x81,
    0x0, 0x0, 0xff, 0xfe, 0x0, 0x0, 0x0, 0x0,
    0x5, 0xff, 0xff, 0x0, 0x1, 0x69, 0xce, 0xff,
    0xff, 0xff, 0x0, 0x8f, 0xff, 0xff, 0xff, 0xff,
    0xff, 0x8, 0xff, 0xff, 0xc8, 0x62, 0xff, 0xff,
    0xf, 0xff, 0xf3, 0x0, 0x0, 0xff, 0xff, 0x1f,
    0xff, 0xb0, 0x0, 0x2, 0xff, 0xff, 0xf, 0xff,
    0xf3, 0x0, 0x2d, 0xff, 0xff, 0xb, 0xff, 0xff,
    0xdd, 0xff, 0xef, 0xff, 0x2, 0xef, 0xff, 0xff,
    0xf7, 0xcf, 0xff, 0x0, 0x19, 0xdf, 0xfb, 0x40,
    0xcf, 0xff,

    /* U+00E2 "â" */
    0x0, 0x0, 0x4, 0xff, 0xfb, 0x0, 0x0, 0x0,
    0x0, 0x4f, 0xff, 0xff, 0xb0, 0x0, 0x0, 0x3,
    0xff, 0xf2, 0x9f, 0xfa, 0x0, 0x0, 0x3f, 0xff,
    0x40, 0xc, 0xff, 0x90, 0x0, 0x0, 0x0, 0x0,
    0x0, 0x0, 0x0, 0x0, 0x0, 0x0, 0x0, 0x0,
    0x0, 0x0, 0x0, 0x0, 0x6b, 0xef, 0xfd, 0x92,
    0x0, 0x0, 0x2d, 0xff, 0xff, 0xff, 0xff, 0x70,
    0x0, 0xdf, 0xff, 0xff, 0xff, 0xff, 0xf4, 0x7,
    0xff, 0xfc, 0x30, 0x19, 0xff, 0xfb, 0x0, 0x35,
    0x81, 0x0, 0x0, 0xff, 0xfe, 0x0, 0x0, 0x0,
    0x0, 0x5, 0xff, 0xff, 0x0, 0x1, 0x69, 0xce,
    0xff, 0xff, 0xff, 0x0, 0x8f, 0xff, 0xff, 0xff,
    0xff, 0xff, 0x8, 0xff, 0xff, 0xc8, 0x62, 0xff,
    0xff, 0xf, 0xff, 0xf3, 0x0, 0x0, 0xff, 0xff,
    0x1f, 0xff, 0xb0, 0x0, 0x2, 0xff, 0xff, 0xf,
    0xff, 0xf3, 0x0, 0x2d, 0xff, 0xff, 0xb, 0xff,
    0xff, 0xdd, 0xff, 0xef, 0xff, 0x2, 0xef, 0xff,
    0xff, 0xf7, 0xcf, 0xff, 0x0, 0x19, 0xdf, 0xfb,
    0x40, 0xcf, 0xff,

    /* U+00E3 "ã" */
    0x0, 0x0, 0x7e, 0xe6, 0x0, 0xdf, 0x40, 0x0,
    0x3, 0xff, 0xff, 0xa5, 0xff, 0x20, 0x0, 0x9,
    0xfc, 0x5e, 0xff, 0xfc, 0x0, 0x0, 0xc, 0xf6,
    0x1, 0xbf, 0xc2, 0x0, 0x0, 0x0, 0x0, 0x0,
    0x0, 0x0, 0x0, 0x0, 0x0, 0x0, 0x0, 0x0,
    0x0, 0x0, 0x0, 0x0, 0x6b, 0xef, 0xfd, 0x92,
    0x0, 0x0, 0x2d, 0xff, 0xff, 0xff, 0xff, 0x70,
    0x0, 0xdf, 0xff, 0xff, 0xff, 0xff, 0xf4, 0x7,
    0xff, 0xfc, 0x30, 0x19, 0xff, 0xfb, 0x0, 0x35,
    0x81, 0x0, 0x0, 0xff, 0xfe, 0x0, 0x0, 0x0,
    0x0, 0x5, 0xff, 0xff, 0x0, 0x1, 0x69, 0xce,
    0xff, 0xff, 0xff, 0x0, 0x8f, 0xff, 0xff, 0xff,
    0xff, 0xff, 0x8, 0xff, 0xff, 0xc8, 0x62, 0xff,
    0xff, 0xf, 0xff, 0xf3, 0x0, 0x0, 0xff, 0xff,
    0x1f, 0xff, 0xb0, 0x0, 0x2, 0xff, 0xff, 0xf,
    0xff, 0xf3, 0x0, 0x2d, 0xff, 0xff, 0xb, 0xff,
    0xff, 0xdd, 0xff, 0xef, 0xff, 0x2, 0xef, 0xff,
    0xff, 0xf7, 0xcf, 0xff, 0x0, 0x19, 0xdf, 0xfb,
    0x40, 0xcf, 0xff,

    /* U+00E4 "ä" */
    0x0, 0x6, 0xed, 0x30, 0x8, 0xfc, 0x10, 0x0,
    0xf, 0xff, 0xb0, 0x3f, 0xff, 0x90, 0x0, 0xf,
    0xff, 0xa0, 0x2f, 0xff, 0x80, 0x0, 0x4, 0xcb,
    0x10, 0x6, 0xca, 0x0, 0x0, 0x0, 0x0, 0x0,
    0x0, 0x0, 0x0, 0x0, 0x0, 0x0, 0x0, 0x0,
    0x0, 0x0, 0x0, 0x0, 0x6b, 0xef, 0xfd, 0x92,
    0x0, 0x0, 0x2d, 0xff, 0xff, 0xff, 0xff, 0x70,
    0x0, 0xdf, 0xff, 0xff, 0xff, 0xff, 0xf4, 0x7,
    0xff, 0xfc, 0x30, 0x19, 0xff, 0xfb, 0x0, 0x35,
    0x81, 0x0, 0x0, 0xff, 0xfe, 0x0, 0x0, 0x0,
    0x0, 0x5, 0xff, 0xff, 0x0, 0x1, 0x69, 0xce,
    0xff, 0xff, 0xff, 0x0, 0x8f, 0xff, 0xff, 0xff,
    0xff, 0xff, 0x8, 0xff, 0xff, 0xc8, 0x62, 0xff,
    0xff, 0xf, 0xff, 0xf3, 0x0, 0x0, 0xff, 0xff,
    0x1f, 0xff, 0xb0, 0x0, 0x2, 0xff, 0xff, 0xf,
    0xff, 0xf3, 0x0, 0x2d, 0xff, 0xff, 0xb, 0xff,
    0xff, 0xdd, 0xff, 0xef, 0xff, 0x2, 0xef, 0xff,
    0xff, 0xf7, 0xcf, 0xff, 0x0, 0x19, 0xdf, 0xfb,
    0x40, 0xcf, 0xff,

    /* U+00E5 "å" */
    0x0, 0x0, 0x3, 0xbf, 0xe8, 0x0, 0x0, 0x0,
    0x0, 0x3f, 0xfe, 0xff, 0xb0, 0x0, 0x0, 0x0,
    0xaf, 0x80, 0x1e, 0xf3, 0x0, 0x0, 0x0, 0xcf,
    0x30, 0xb, 0xf5, 0x0, 0x0, 0x0, 0xaf, 0xa1,
    0x3f, 0xf2, 0x0, 0x0, 0x0, 0x2e, 0xff, 0xff,
    0x90, 0x0, 0x0, 0x0, 0x1, 0x9c, 0xb6, 0x0,
    0x0, 0x0, 0x0, 0x0, 0x0, 0x0, 0x0, 0x0,
    0x0, 0x0, 0x6b, 0xef, 0xfd, 0x92, 0x0, 0x0,
    0x2d, 0xff, 0xff, 0xff, 0xff, 0x70, 0x0, 0xdf,
    0xff, 0xff, 0xff, 0xff, 0xf4, 0x7, 0xff, 0xfc,
    0x30, 0x19, 0xff, 0xfb, 0x0, 0x35, 0x81, 0x0,
    0x0, 0xff, 0xfe, 0x0, 0x0, 0x0, 0x0, 0x5,
    0xff, 0xff, 0x0, 0x1, 0x69, 0xce, 0xff, 0xff,
    0xff, 0x0, 0x8f, 0xff, 0xff, 0xff, 0xff, 0xff,
    0x8, 0xff, 0xff, 0xc8, 0x62, 0xff, 0xff, 0xf,
    0xff, 0xf3, 0x0, 0x0, 0xff, 0xff, 0x1f, 0xff,
    0xb0, 0x0, 0x2, 0xff, 0xff, 0xf, 0xff, 0xf3,
    0x0, 0x2d, 0xff, 0xff, 0xb, 0xff, 0xff, 0xdd,
    0xff, 0xef, 0xff, 0x2, 0xef, 0xff, 0xff, 0xf7,
    0xcf, 0xff, 0x0, 0x19, 0xdf, 0xfb, 0x40, 0xcf,
    0xff,

    /* U+00E6 "æ" */
    0x0, 0x0, 0x6b, 0xef, 0xfc, 0x70, 0x4, 0xae,
    0xfe, 0xc7, 0x0, 0x0, 0x0, 0x2d, 0xff, 0xff,
    0xff, 0xfc, 0xaf, 0xff, 0xff, 0xff, 0xe3, 0x0,
    0x0, 0xdf, 0xff, 0xff, 0xff, 0xff, 0xff, 0xff,
    0xff, 0xff, 0xff, 0x20, 0x7, 0xff, 0xfc, 0x30,
    0x19, 0xff, 0xff, 0xc2, 0x0, 0x8f, 0xff, 0xb0,
    0x0, 0x35, 0x81, 0x0, 0x0, 0xff, 0xfe, 0x0,
    0x0, 0xa, 0xff, 0xf2, 0x0, 0x0, 0x0, 0x0,
    0x0, 0xff, 0xfa, 0x0, 0x0, 0x5, 0xff, 0xf6,
    0x0, 0x3, 0x9c, 0xef, 0xff, 0xff, 0xff, 0xff,
    0xff, 0xff, 0xff, 0xf7, 0x0, 0x9f, 0xff, 0xff,
    0xff, 0xff, 0xff, 0xff, 0xff, 0xff, 0xff, 0xf8,
    0x8, 0xff, 0xff, 0xa8, 0x77, 0xff, 0xfb, 0x77,
    0x77, 0x77, 0x77, 0x74, 0xe, 0xff, 0xe1, 0x0,
    0x0, 0xff, 0xfa, 0x0, 0x0, 0x0, 0x0, 0x0,
    0x1f, 0xff, 0xb0, 0x0, 0x4, 0xff, 0xff, 0x10,
    0x0, 0x5, 0xa8, 0x72, 0xf, 0xff, 0xf5, 0x0,
    0x5e, 0xff, 0xff, 0xd4, 0x1, 0x6f, 0xff, 0xf1,
    0xb, 0xff, 0xff, 0xff, 0xff, 0xfe, 0xff, 0xff,
    0xff, 0xff, 0xff, 0x80, 0x2, 0xef, 0xff, 0xff,
    0xff, 0x80, 0xaf, 0xff, 0xff, 0xff, 0xf8, 0x0,
    0x0, 0x18, 0xdf, 0xfd, 0x93, 0x0, 0x4, 0xae,
    0xff, 0xd9, 0x30, 0x0,

    /* U+00E7 "ç" */
    0x0, 0x1, 0x7c, 0xef, 0xea, 0x40, 0x0, 0x0,
    0x3e, 0xff, 0xff, 0xff, 0xfb, 0x0, 0x3, 0xff,
    0xff, 0xff, 0xff, 0xff, 0xb0, 0xd, 0xff, 0xfc,
    0x42, 0x7f, 0xff, 0xf5, 0x4f, 0xff, 0xe0, 0x0,
    0x6, 0xff, 0xfa, 0xaf, 0xff, 0x70, 0x0, 0x0,
    0xb8, 0x51, 0xcf, 0xff, 0x30, 0x0, 0x0, 0x0,
    0x0, 0xef, 0xff, 0x20, 0x0, 0x0, 0x0, 0x0,
    0xef, 0xff, 0x20, 0x0, 0x0, 0x0, 0x0, 0xcf,
    0xff, 0x40, 0x0, 0x0, 0x0, 0x0, 0x9f, 0xff,
    0x80, 0x0, 0x0, 0xdb, 0x84, 0x4f, 0xff, 0xe1,
    0x0, 0x6, 0xff, 0xfa, 0xc, 0xff, 0xfd, 0x53,
    0x7f, 0xff, 0xf4, 0x2, 0xff, 0xff, 0xff, 0xff,
    0xff, 0xa0, 0x0, 0x3e, 0xff, 0xff, 0xff, 0xfa,
    0x0, 0x0, 0x0, 0x6b, 0xff, 0xda, 0x40, 0x0,
    0x0, 0x0, 0x0, 0xbf, 0x20, 0x0, 0x0, 0x0,
    0x0, 0x0, 0xdf, 0xfd, 0x10, 0x0, 0x0, 0x0,
    0x0, 0x0, 0xbf, 0x80, 0x0, 0x0, 0x0, 0x3,
    0x99, 0xef, 0x70, 0x0, 0x0, 0x0, 0x6, 0xff,
    0xe9, 0x0, 0x0,

    /* U+00E8 "è" */
    0x0, 0x1, 0x11, 0x10, 0x0, 0x0, 0x0, 0x0,
    0x0, 0x9f, 0xfe, 0x0, 0x0, 0x0, 0x0, 0x0,
    0x0, 0xef, 0xf6, 0x0, 0x0, 0x0, 0x0, 0x0,
    0x4, 0xff, 0xd0, 0x0, 0x0, 0x0, 0x0, 0x0,
    0x9, 0xff, 0x40, 0x0, 0x0, 0x0, 0x0, 0x0,
    0x0, 0x0, 0x0, 0x0, 0x0, 0x0, 0x0, 0x0,
    0x0, 0x0, 0x0, 0x0, 0x0, 0x0, 0x17, 0xce,
    0xfd, 0xa3, 0x0, 0x0, 0x0, 0x5f, 0xff, 0xff,
    0xff, 0xf9, 0x0, 0x0, 0x4f, 0xff, 0xff, 0xff,
    0xff, 0xf9, 0x0, 0xe, 0xff, 0xf7, 0x10, 0x4e,
    0xff, 0xf3, 0x6, 0xff, 0xf7, 0x0, 0x0, 0x3f,
    0xff, 0x90, 0xbf, 0xff, 0x20, 0x0, 0x0, 0xdf,
    0xfe, 0xd, 0xff, 0xff, 0xff, 0xff, 0xff, 0xff,
    0xf0, 0xef, 0xff, 0xff, 0xff, 0xff, 0xff, 0xff,
    0xd, 0xff, 0xf7, 0x77, 0x77, 0x77, 0x77, 0x70,
    0xbf, 0xff, 0x20, 0x0, 0x0, 0x0, 0x0, 0x6,
    0xff, 0xf8, 0x0, 0x0, 0x9, 0x74, 0x10, 0x1f,
    0xff, 0xf8, 0x20, 0x2b, 0xff, 0xf9, 0x0, 0x5f,
    0xff, 0xff, 0xff, 0xff, 0xfe, 0x10, 0x0, 0x5f,
    0xff, 0xff, 0xff, 0xfe, 0x30, 0x0, 0x0, 0x17,
    0xce, 0xfe, 0xb6, 0x0, 0x0,

    /* U+00E9 "é" */
    0x0, 0x0, 0x0, 0x0, 0x11, 0x10, 0x0, 0x0,
    0x0, 0x0, 0x0, 0xcf, 0xfb, 0x0, 0x0, 0x0,
    0x0, 0x0, 0x3f, 0xff, 0x10, 0x0, 0x0, 0x0,
    0x0, 0xb, 0xff, 0x60, 0x0, 0x0, 0x0, 0x0,
    0x2, 0xff, 0xb0, 0x0, 0x0, 0x0, 0x0, 0x0,
    0x0, 0x0, 0x0, 0x0, 0x0, 0x0, 0x0, 0x0,
    0x0, 0x0, 0x0, 0x0, 0x0, 0x0, 0x17, 0xce,
    0xfd, 0xa3, 0x0, 0x0, 0x0, 0x5f, 0xff, 0xff,
    0xff, 0xf9, 0x0, 0x0, 0x4f, 0xff, 0xff, 0xff,
    0xff, 0xf9, 0x0, 0xe, 0xff, 0xf7, 0x10, 0x4e,
    0xff, 0xf3, 0x6, 0xff, 0xf7, 0x0, 0x0, 0x3f,
    0xff, 0x90, 0xbf, 0xff, 0x20, 0x0, 0x0, 0xdf,
    0xfe, 0xd, 0xff, 0xff, 0xff, 0xff, 0xff, 0xff,
    0xf0, 0xef, 0xff, 0xff, 0xff, 0xff, 0xff, 0xff,
    0xd, 0xff, 0xf7, 0x77, 0x77, 0x77, 0x77, 0x70,
    0xbf, 0xff, 0x20, 0x0, 0x0, 0x0, 0x0, 0x6,
    0xff, 0xf8, 0x0, 0x0, 0x9, 0x74, 0x10, 0x1f,
    0xff, 0xf8, 0x20, 0x2b, 0xff, 0xf9, 0x0, 0x5f,
    0xff, 0xff, 0xff, 0xff, 0xfe, 0x10, 0x0, 0x5f,
    0xff, 0xff, 0xff, 0xfe, 0x30, 0x0, 0x0, 0x17,
    0xce, 0xfe, 0xb6, 0x0, 0x0,

    /* U+00EA "ê" */
    0x0, 0x0, 0x1d, 0xff, 0xe2, 0x0, 0x0, 0x0,
    0x0, 0x1d, 0xff, 0xff, 0xe2, 0x0, 0x0, 0x0,
    0x1c, 0xff, 0x74, 0xff, 0xd1, 0x0, 0x0, 0xc,
    0xff, 0x90, 0x7, 0xff, 0xd1, 0x0, 0x0, 0x0,
    0x0, 0x0, 0x0, 0x0, 0x0, 0x0, 0x0, 0x0,
    0x0, 0x0, 0x0, 0x0, 0x0, 0x0, 0x1, 0x7c,
    0xef, 0xda, 0x30, 0x0, 0x0, 0x5, 0xff, 0xff,
    0xff, 0xff, 0x90, 0x0, 0x4, 0xff, 0xff, 0xff,
    0xff, 0xff, 0x90, 0x0, 0xef, 0xff, 0x71, 0x4,
    0xef, 0xff, 0x30, 0x6f, 0xff, 0x70, 0x0, 0x3,
    0xff, 0xf9, 0xb, 0xff, 0xf2, 0x0, 0x0, 0xd,
    0xff, 0xe0, 0xdf, 0xff, 0xff, 0xff, 0xff, 0xff,
    0xff, 0xe, 0xff, 0xff, 0xff, 0xff, 0xff, 0xff,
    0xf0, 0xdf, 0xff, 0x77, 0x77, 0x77, 0x77, 0x77,
    0xb, 0xff, 0xf2, 0x0, 0x0, 0x0, 0x0, 0x0,
    0x6f, 0xff, 0x80, 0x0, 0x0, 0x97, 0x41, 0x1,
    0xff, 0xff, 0x82, 0x2, 0xbf, 0xff, 0x90, 0x5,
    0xff, 0xff, 0xff, 0xff, 0xff, 0xe1, 0x0, 0x5,
    0xff, 0xff, 0xff, 0xff, 0xe3, 0x0, 0x0, 0x1,
    0x7c, 0xef, 0xeb, 0x60, 0x0, 0x0,

    /* U+00EB "ë" */
    0x0, 0x3d, 0xe6, 0x0, 0x4e, 0xe4, 0x0, 0x0,
    0xb, 0xff, 0xf0, 0xe, 0xff, 0xe0, 0x0, 0x0,
    0xaf, 0xff, 0x0, 0xdf, 0xfd, 0x0, 0x0, 0x1,
    0xbc, 0x40, 0x3, 0xcc, 0x30, 0x0, 0x0, 0x0,
    0x0, 0x0, 0x0, 0x0, 0x0, 0x0, 0x0, 0x0,
    0x0, 0x0, 0x0, 0x0, 0x0, 0x0, 0x1, 0x7c,
    0xef, 0xda, 0x30, 0x0, 0x0, 0x5, 0xff, 0xff,
    0xff, 0xff, 0x90, 0x0, 0x4, 0xff, 0xff, 0xff,
    0xff, 0xff, 0x90, 0x0, 0xef, 0xff, 0x71, 0x4,
    0xef, 0xff, 0x30, 0x6f, 0xff, 0x70, 0x0, 0x3,
    0xff, 0xf9, 0xb, 0xff, 0xf2, 0x0, 0x0, 0xd,
    0xff, 0xe0, 0xdf, 0xff, 0xff, 0xff, 0xff, 0xff,
    0xff, 0xe, 0xff, 0xff, 0xff, 0xff, 0xff, 0xff,
    0xf0, 0xdf, 0xff, 0x77, 0x77, 0x77, 0x77, 0x77,
    0xb, 0xff, 0xf2, 0x0, 0x0, 0x0, 0x0, 0x0,
    0x6f, 0xff, 0x80, 0x0, 0x0, 0x97, 0x41, 0x1,
    0xff, 0xff, 0x82, 0x2, 0xbf, 0xff, 0x90, 0x5,
    0xff, 0xff, 0xff, 0xff, 0xff, 0xe1, 0x0, 0x5,
    0xff, 0xff, 0xff, 0xff, 0xe3, 0x0, 0x0, 0x1,
    0x7c, 0xef, 0xeb, 0x60, 0x0, 0x0,

    /* U+00EC "ì" */
    0x2f, 0xff, 0x70, 0x0, 0x6f, 0xfe, 0x0, 0x0,
    0xcf, 0xf5, 0x0, 0x2, 0xff, 0xc0, 0x0, 0x1,
    0x11, 0x0, 0x0, 0x0, 0x0, 0x0, 0x5f, 0xff,
    0xa0, 0x5, 0xff, 0xfa, 0x0, 0x5f, 0xff, 0xa0,
    0x5, 0xff, 0xfa, 0x0, 0x5f, 0xff, 0xa0, 0x5,
    0xff, 0xfa, 0x0, 0x5f, 0xff, 0xa0, 0x5, 0xff,
    0xfa, 0x0, 0x5f, 0xff, 0xa0, 0x5, 0xff, 0xfa,
    0x0, 0x5f, 0xff, 0xa0, 0x5, 0xff, 0xfa, 0x0,
    0x5f, 0xff, 0xa0, 0x5, 0xff, 0xfa, 0x0, 0x5f,
    0xff, 0xa0,

    /* U+00ED "í" */
    0x0, 0x2f, 0xff, 0x60, 0x9, 0xff, 0xb0, 0x1,
    0xff, 0xf1, 0x0, 0x7f, 0xf6, 0x0, 0x1, 0x11,
    0x0, 0x0, 0x0, 0x0, 0x0, 0x5f, 0xff, 0xa0,
    0x5, 0xff, 0xfa, 0x0, 0x5f, 0xff, 0xa0, 0x5,
    0xff, 0xfa, 0x0, 0x5f, 0xff, 0xa0, 0x5, 0xff,
    0xfa, 0x0, 0x5f, 0xff, 0xa0, 0x5, 0xff, 0xfa,
    0x0, 0x5f, 0xff, 0xa0, 0x5, 0xff, 0xfa, 0x0,
    0x5f, 0xff, 0xa0, 0x5, 0xff, 0xfa, 0x0, 0x5f,
    0xff, 0xa0, 0x5, 0xff, 0xfa, 0x0, 0x5f, 0xff,
    0xa0, 0x0,

    /* U+00EE "î" */
    0x0, 0x5, 0xff, 0xfa, 0x0, 0x0, 0x5, 0xff,
    0xff, 0xf9, 0x0, 0x4, 0xff, 0xe2, 0xbf, 0xf8,
    0x4, 0xff, 0xf3, 0x0, 0xdf, 0xf8, 0x0, 0x0,
    0x0, 0x0, 0x0, 0x0, 0x0, 0x0, 0x0, 0x0,
    0x0, 0x0, 0x5, 0xff, 0xfa, 0x0, 0x0, 0x0,
    0x5f, 0xff, 0xa0, 0x0, 0x0, 0x5, 0xff, 0xfa,
    0x0, 0x0, 0x0, 0x5f, 0xff, 0xa0, 0x0, 0x0,
    0x5, 0xff, 0xfa, 0x0, 0x0, 0x0, 0x5f, 0xff,
    0xa0, 0x0, 0x0, 0x5, 0xff, 0xfa, 0x0, 0x0,
    0x0, 0x5f, 0xff, 0xa0, 0x0, 0x0, 0x5, 0xff,
    0xfa, 0x0, 0x0, 0x0, 0x5f, 0xff, 0xa0, 0x0,
    0x0, 0x5, 0xff, 0xfa, 0x0, 0x0, 0x0, 0x5f,
    0xff, 0xa0, 0x0, 0x0, 0x5, 0xff, 0xfa, 0x0,
    0x0, 0x0, 0x5f, 0xff, 0xa0, 0x0, 0x0, 0x5,
    0xff, 0xfa, 0x0, 0x0,

    /* U+00EF "ï" */
    0x5, 0xca, 0x10, 0x7, 0xc9, 0x1, 0xff, 0xf9,
    0x4, 0xff, 0xf6, 0x2f, 0xff, 0x90, 0x4f, 0xff,
    0x70, 0x7f, 0xc2, 0x0, 0xaf, 0xb0, 0x0, 0x0,
    0x0, 0x0, 0x0, 0x0, 0x0, 0x0, 0x0, 0x0,
    0x0, 0x0, 0x5, 0xff, 0xfa, 0x0, 0x0, 0x0,
    0x5f, 0xff, 0xa0, 0x0, 0x0, 0x5, 0xff, 0xfa,
    0x0, 0x0, 0x0, 0x5f, 0xff, 0xa0, 0x0, 0x0,
    0x5, 0xff, 0xfa, 0x0, 0x0, 0x0, 0x5f, 0xff,
    0xa0, 0x0, 0x0, 0x5, 0xff, 0xfa, 0x0, 0x0,
    0x0, 0x5f, 0xff, 0xa0, 0x0, 0x0, 0x5, 0xff,
    0xfa, 0x0, 0x0, 0x0, 0x5f, 0xff, 0xa0, 0x0,
    0x0, 0x5, 0xff, 0xfa, 0x0, 0x0, 0x0, 0x5f,
    0xff, 0xa0, 0x0, 0x0, 0x5, 0xff, 0xfa, 0x0,
    0x0, 0x0, 0x5f, 0xff, 0xa0, 0x0, 0x0, 0x5,
    0xff, 0xfa, 0x0, 0x0,

    /* U+00F0 "ð" */
    0x0, 0x0, 0x0, 0x0, 0x0, 0x0, 0x0, 0x0,
    0x3, 0xe8, 0x20, 0x0, 0x4, 0x30, 0x0, 0x0,
    0x7f, 0xff, 0xa2, 0x4c, 0xf7, 0x0, 0x0, 0x1,
    0x9f, 0xff, 0xff, 0xfa, 0x20, 0x0, 0x0, 0x0,
    0x6f, 0xff, 0xfb, 0x0, 0x0, 0x0, 0x3, 0xbf,
    0xfc, 0xff, 0xfa, 0x0, 0x0, 0x0, 0x8f, 0xc3,
    0x6, 0xff, 0xf7, 0x0, 0x0, 0x3, 0x40, 0x0,
    0x6, 0xff, 0xf3, 0x0, 0x0, 0x5, 0xce, 0xfc,
    0x4a, 0xff, 0xb0, 0x0, 0xb, 0xff, 0xff, 0xff,
    0xaf, 0xff, 0x30, 0x9, 0xff, 0xff, 0xa9, 0xdf,
    0xff, 0xf8, 0x3, 0xff, 0xfd, 0x10, 0x0, 0xaf,
    0xff, 0xd0, 0x9f, 0xff, 0x40, 0x0, 0x1, 0xff,
    0xff, 0xc, 0xff, 0xf0, 0x0, 0x0, 0xb, 0xff,
    0xf0, 0xef, 0xfe, 0x0, 0x0, 0x0, 0x9f, 0xff,
    0x1e, 0xff, 0xe0, 0x0, 0x0, 0xa, 0xff, 0xf0,
    0xcf, 0xff, 0x20, 0x0, 0x0, 0xdf, 0xfd, 0x7,
    0xff, 0xf9, 0x0, 0x0, 0x4f, 0xff, 0x80, 0x1f,
    0xff, 0xf8, 0x21, 0x6f, 0xff, 0xf2, 0x0, 0x6f,
    0xff, 0xff, 0xff, 0xff, 0xf7, 0x0, 0x0, 0x6f,
    0xff, 0xff, 0xff, 0xf7, 0x0, 0x0, 0x0, 0x28,
    0xdf, 0xfd, 0x92, 0x0, 0x0,

    /* U+00F1 "ñ" */
    0x0, 0x0, 0x2, 0x10, 0x0, 0x33, 0x0, 0x0,
    0x0, 0x3e, 0xff, 0xb5, 0x9f, 0xd0, 0x0, 0x0,
    0xd, 0xff, 0xff, 0xff, 0xf8, 0x0, 0x0, 0x1,
    0xff, 0x32, 0x9e, 0xfa, 0x0, 0x0, 0x0, 0x0,
    0x0, 0x0, 0x0, 0x0, 0x0, 0x0, 0x0, 0x0,
    0x0, 0x0, 0x0, 0x0, 0x0, 0x5f, 0xff, 0x60,
    0x5c, 0xef, 0xc6, 0x0, 0x5, 0xff, 0xf7, 0x8f,
    0xff, 0xff, 0xfa, 0x0, 0x5f, 0xff, 0xaf, 0xff,
    0xff, 0xff, 0xf6, 0x5, 0xff, 0xff, 0xd5, 0x25,
    0xef, 0xff, 0xc0, 0x5f, 0xff, 0xf1, 0x0, 0x3,
    0xff, 0xff, 0x5, 0xff, 0xfb, 0x0, 0x0, 0xe,
    0xff, 0xf1, 0x5f, 0xff, 0xa0, 0x0, 0x0, 0xdf,
    0xff, 0x25, 0xff, 0xfa, 0x0, 0x0, 0xd, 0xff,
    0xf2, 0x5f, 0xff, 0xa0, 0x0, 0x0, 0xdf, 0xff,
    0x25, 0xff, 0xfa, 0x0, 0x0, 0xd, 0xff, 0xf2,
    0x5f, 0xff, 0xa0, 0x0, 0x0, 0xdf, 0xff, 0x25,
    0xff, 0xfa, 0x0, 0x0, 0xd, 0xff, 0xf2, 0x5f,
    0xff, 0xa0, 0x0, 0x0, 0xdf, 0xff, 0x25, 0xff,
    0xfa, 0x0, 0x0, 0xd, 0xff, 0xf2, 0x5f, 0xff,
    0xa0, 0x0, 0x0, 0xdf, 0xff, 0x20,

    /* U+00F2 "ò" */
    0x0, 0x1, 0x11, 0x10, 0x0, 0x0, 0x0, 0x0,
    0x0, 0x6f, 0xff, 0x20, 0x0, 0x0, 0x0, 0x0,
    0x0, 0xbf, 0xf9, 0x0, 0x0, 0x0, 0x0, 0x0,
    0x2, 0xff, 0xf1, 0x0, 0x0, 0x0, 0x0, 0x0,
    0x6, 0xff, 0x70, 0x0, 0x0, 0x0, 0x0, 0x0,
    0x0, 0x0, 0x0, 0x0, 0x0, 0x0, 0x0, 0x0,
    0x0, 0x0, 0x0, 0x0, 0x0, 0x0, 0x17, 0xce,
    0xfd, 0xa4, 0x0, 0x0, 0x0, 0x5f, 0xff, 0xff,
    0xff, 0xfb, 0x10, 0x0, 0x4f, 0xff, 0xff, 0xff,
    0xff, 0xfd, 0x0, 0xe, 0xff, 0xfc, 0x42, 0x6f,
    0xff, 0xf8, 0x6, 0xff, 0xfd, 0x0, 0x0, 0x4f,
    0xff, 0xe0, 0xbf, 0xff, 0x60, 0x0, 0x0, 0xdf,
    0xff, 0x4d, 0xff, 0xf2, 0x0, 0x0, 0x9, 0xff,
    0xf6, 0xef, 0xff, 0x20, 0x0, 0x0, 0x8f, 0xff,
    0x7d, 0xff, 0xf3, 0x0, 0x0, 0x9, 0xff, 0xf6,
    0xbf, 0xff, 0x60, 0x0, 0x0, 0xdf, 0xff, 0x46,
    0xff, 0xfd, 0x0, 0x0, 0x4f, 0xff, 0xe0, 0x1e,
    0xff, 0xfc, 0x42, 0x6f, 0xff, 0xf8, 0x0, 0x4f,
    0xff, 0xff, 0xff, 0xff, 0xfd, 0x0, 0x0, 0x5f,
    0xff, 0xff, 0xff, 0xfb, 0x10, 0x0, 0x0, 0x17,
    0xce, 0xfd, 0xb4, 0x0, 0x0,

    /* U+00F3 "ó" */
    0x0, 0x0, 0x0, 0x0, 0x11, 0x10, 0x0, 0x0,
    0x0, 0x0, 0x0, 0x9f, 0xfe, 0x0, 0x0, 0x0,
    0x0, 0x0, 0x1f, 0xff, 0x40, 0x0, 0x0, 0x0,
    0x0, 0x7, 0xff, 0x90, 0x0, 0x0, 0x0, 0x0,
    0x0, 0xef, 0xe0, 0x0, 0x0, 0x0, 0x0, 0x0,
    0x0, 0x0, 0x0, 0x0, 0x0, 0x0, 0x0, 0x0,
    0x0, 0x0, 0x0, 0x0, 0x0, 0x0, 0x17, 0xce,
    0xfd, 0xa4, 0x0, 0x0, 0x0, 0x5f, 0xff, 0xff,
    0xff, 0xfb, 0x10, 0x0, 0x4f, 0xff, 0xff, 0xff,
    0xff, 0xfd, 0x0, 0xe, 0xff, 0xfc, 0x42, 0x6f,
    0xff, 0xf8, 0x6, 0xff, 0xfd, 0x0, 0x0, 0x4f,
    0xff, 0xe0, 0xbf, 0xff, 0x60, 0x0, 0x0, 0xdf,
    0xff, 0x4d, 0xff, 0xf2, 0x0, 0x0, 0x9, 0xff,
    0xf6, 0xef, 0xff, 0x20, 0x0, 0x0, 0x8f, 0xff,
    0x7d, 0xff, 0xf3, 0x0, 0x0, 0x9, 0xff, 0xf6,
    0xbf, 0xff, 0x60, 0x0, 0x0, 0xdf, 0xff, 0x46,
    0xff, 0xfd, 0x0, 0x0, 0x4f, 0xff, 0xe0, 0x1e,
    0xff, 0xfc, 0x42, 0x6f, 0xff, 0xf8, 0x0, 0x4f,
    0xff, 0xff, 0xff, 0xff, 0xfd, 0x0, 0x0, 0x5f,
    0xff, 0xff, 0xff, 0xfb, 0x10, 0x0, 0x0, 0x17,
    0xce, 0xfd, 0xb4, 0x0, 0x0,

    /* U+00F4 "ô" */
    0x0, 0x0, 0xb, 0xff, 0xf4, 0x0, 0x0, 0x0,
    0x0, 0xa, 0xff, 0xff, 0xf4, 0x0, 0x0, 0x0,
    0xa, 0xff, 0xa2, 0xff, 0xf3, 0x0, 0x0, 0xa,
    0xff, 0xc0, 0x4, 0xff, 0xe3, 0x0, 0x0, 0x0,
    0x0, 0x0, 0x0, 0x0, 0x0, 0x0, 0x0, 0x0,
    0x0, 0x0, 0x0, 0x0, 0x0, 0x0, 0x1, 0x7c,
    0xef, 0xda, 0x40, 0x0, 0x0, 0x5, 0xff, 0xff,
    0xff, 0xff, 0xb1, 0x0, 0x4, 0xff, 0xff, 0xff,
    0xff, 0xff, 0xd0, 0x0, 0xef, 0xff, 0xc4, 0x26,
    0xff, 0xff, 0x80, 0x6f, 0xff, 0xd0, 0x0, 0x4,
    0xff, 0xfe, 0xb, 0xff, 0xf6, 0x0, 0x0, 0xd,
    0xff, 0xf4, 0xdf, 0xff, 0x20, 0x0, 0x0, 0x9f,
    0xff, 0x6e, 0xff, 0xf2, 0x0, 0x0, 0x8, 0xff,
    0xf7, 0xdf, 0xff, 0x30, 0x0, 0x0, 0x9f, 0xff,
    0x6b, 0xff, 0xf6, 0x0, 0x0, 0xd, 0xff, 0xf4,
    0x6f, 0xff, 0xd0, 0x0, 0x4, 0xff, 0xfe, 0x1,
    0xef, 0xff, 0xc4, 0x26, 0xff, 0xff, 0x80, 0x4,
    0xff, 0xff, 0xff, 0xff, 0xff, 0xd0, 0x0, 0x5,
    0xff, 0xff, 0xff, 0xff, 0xb1, 0x0, 0x0, 0x1,
    0x7c, 0xef, 0xdb, 0x40, 0x0, 0x0,

    /* U+00F5 "õ" */
    0x0, 0x2, 0xcf, 0xb1, 0x5, 0xfc, 0x0, 0x0,
    0x0, 0xbf, 0xff, 0xe5, 0xbf, 0xa0, 0x0, 0x0,
    0x1f, 0xf6, 0x9f, 0xff, 0xf4, 0x0, 0x0, 0x4,
    0xfe, 0x0, 0x6e, 0xf7, 0x0, 0x0, 0x0, 0x0,
    0x0, 0x0, 0x0, 0x0, 0x0, 0x0, 0x0, 0x0,
    0x0, 0x0, 0x0, 0x0, 0x0, 0x0, 0x1, 0x7c,
    0xef, 0xda, 0x40, 0x0, 0x0, 0x5, 0xff, 0xff,
    0xff, 0xff, 0xb1, 0x0, 0x4, 0xff, 0xff, 0xff,
    0xff, 0xff, 0xd0, 0x0, 0xef, 0xff, 0xc4, 0x26,
    0xff, 0xff, 0x80, 0x6f, 0xff, 0xd0, 0x0, 0x4,
    0xff, 0xfe, 0xb, 0xff, 0xf6, 0x0, 0x0, 0xd,
    0xff, 0xf4, 0xdf, 0xff, 0x20, 0x0, 0x0, 0x9f,
    0xff, 0x6e, 0xff, 0xf2, 0x0, 0x0, 0x8, 0xff,
    0xf7, 0xdf, 0xff, 0x30, 0x0, 0x0, 0x9f, 0xff,
    0x6b, 0xff, 0xf6, 0x0, 0x0, 0xd, 0xff, 0xf4,
    0x6f, 0xff, 0xd0, 0x0, 0x4, 0xff, 0xfe, 0x1,
    0xef, 0xff, 0xc4, 0x26, 0xff, 0xff, 0x80, 0x4,
    0xff, 0xff, 0xff, 0xff, 0xff, 0xd0, 0x0, 0x5,
    0xff, 0xff, 0xff, 0xff, 0xb1, 0x0, 0x0, 0x1,
    0x7c, 0xef, 0xdb, 0x40, 0x0, 0x0,

    /* U+00F6 "ö" */
    0x0, 0x1c, 0xf9, 0x0, 0x2d, 0xe7, 0x0, 0x0,
    0x8, 0xff, 0xf3, 0xb, 0xff, 0xf1, 0x0, 0x0,
    0x7f, 0xff, 0x20, 0xaf, 0xff, 0x0, 0x0, 0x0,
    0x9c, 0x60, 0x1, 0xbc, 0x50, 0x0, 0x0, 0x0,
    0x0, 0x0, 0x0, 0x0, 0x0, 0x0, 0x0, 0x0,
    0x0, 0x0, 0x0, 0x0, 0x0, 0x0, 0x1, 0x7c,
    0xef, 0xda, 0x40, 0x0, 0x0, 0x5, 0xff, 0xff,
    0xff, 0xff, 0xb1, 0x0, 0x4, 0xff, 0xff, 0xff,
    0xff, 0xff, 0xd0, 0x0, 0xef, 0xff, 0xc4, 0x26,
    0xff, 0xff, 0x80, 0x6f, 0xff, 0xd0, 0x0, 0x4,
    0xff, 0xfe, 0xb, 0xff, 0xf6, 0x0, 0x0, 0xd,
    0xff, 0xf4, 0xdf, 0xff, 0x20, 0x0, 0x0, 0x9f,
    0xff, 0x6e, 0xff, 0xf2, 0x0, 0x0, 0x8, 0xff,
    0xf7, 0xdf, 0xff, 0x30, 0x0, 0x0, 0x9f, 0xff,
    0x6b, 0xff, 0xf6, 0x0, 0x0, 0xd, 0xff, 0xf4,
    0x6f, 0xff, 0xd0, 0x0, 0x4, 0xff, 0xfe, 0x1,
    0xef, 0xff, 0xc4, 0x26, 0xff, 0xff, 0x80, 0x4,
    0xff, 0xff, 0xff, 0xff, 0xff, 0xd0, 0x0, 0x5,
    0xff, 0xff, 0xff, 0xff, 0xb1, 0x0, 0x0, 0x1,
    0x7c, 0xef, 0xdb, 0x40, 0x0, 0x0,

    /* U+00F7 "÷" */
    0x0, 0x0, 0x4, 0xde, 0x70, 0x0, 0x0, 0x0,
    0x0, 0xe, 0xff, 0xf3, 0x0, 0x0, 0x0, 0x0,
    0x1f, 0xff, 0xf5, 0x0, 0x0, 0x0, 0x0, 0xb,
    0xff, 0xe1, 0x0, 0x0, 0x0, 0x0, 0x0, 0x67,
    0x10, 0x0, 0x0, 0x13, 0x33, 0x33, 0x33, 0x33,
    0x33, 0x32, 0x8f, 0xff, 0xff, 0xff, 0xff, 0xff,
    0xfd, 0x8f, 0xff, 0xff, 0xff, 0xff, 0xff, 0xfd,
    0x8f, 0xff, 0xff, 0xff, 0xff, 0xff, 0xfd, 0x0,
    0x0, 0x0, 0x0, 0x0, 0x0, 0x0, 0x0, 0x0,
    0x0, 0x67, 0x10, 0x0, 0x0, 0x0, 0x0, 0xb,
    0xff, 0xe1, 0x0, 0x0, 0x0, 0x0, 0x1f, 0xff,
    0xf5, 0x0, 0x0, 0x0, 0x0, 0xe, 0xff, 0xf3,
    0x0, 0x0, 0x0, 0x0, 0x4, 0xde, 0x70, 0x0,
    0x0,

    /* U+00F8 "ø" */
    0x0, 0x0, 0x0, 0x0, 0x0, 0x0, 0x2, 0x0,
    0x0, 0x17, 0xce, 0xfd, 0xa4, 0xb, 0xe2, 0x0,
    0x5f, 0xff, 0xff, 0xff, 0xfe, 0xfd, 0x0, 0x4f,
    0xff, 0xff, 0xff, 0xff, 0xff, 0x20, 0x1e, 0xff,
    0xfc, 0x42, 0x6f, 0xff, 0xf8, 0x6, 0xff, 0xfd,
    0x0, 0x4, 0xff, 0xff, 0xe0, 0xbf, 0xff, 0x60,
    0x2, 0xff, 0xef, 0xff, 0x4d, 0xff, 0xf3, 0x1,
    0xef, 0x5a, 0xff, 0xf6, 0xef, 0xff, 0x20, 0xdf,
    0x70, 0x8f, 0xff, 0x7d, 0xff, 0xf3, 0xbf, 0x80,
    0x9, 0xff, 0xf6, 0xbf, 0xff, 0xdf, 0xa0, 0x0,
    0xdf, 0xff, 0x45, 0xff, 0xff, 0xb0, 0x0, 0x4f,
    0xff, 0xe0, 0xe, 0xff, 0xfc, 0x42, 0x6f, 0xff,
    0xf8, 0x0, 0xaf, 0xff, 0xff, 0xff, 0xff, 0xfd,
    0x0, 0x6f, 0xef, 0xff, 0xff, 0xff, 0xfb, 0x10,
    0x7, 0xf3, 0x17, 0xce, 0xfd, 0xb4, 0x0, 0x0,
    0x1, 0x0, 0x0, 0x0, 0x0, 0x0, 0x0, 0x0,

    /* U+00F9 "ù" */
    0x0, 0x5, 0xff, 0xf3, 0x0, 0x0, 0x0, 0x0,
    0x0, 0xa, 0xff, 0xa0, 0x0, 0x0, 0x0, 0x0,
    0x0, 0x1e, 0xff, 0x10, 0x0, 0x0, 0x0, 0x0,
    0x0, 0x5f, 0xf8, 0x0, 0x0, 0x0, 0x0, 0x0,
    0x0, 0x11, 0x10, 0x0, 0x0, 0x0, 0x0, 0x0,
    0x0, 0x0, 0x0, 0x0, 0x0, 0x5f, 0xff, 0xa0,
    0x0, 0x0, 0xdf, 0xff, 0x25, 0xff, 0xfa, 0x0,
    0x0, 0xd, 0xff, 0xf2, 0x5f, 0xff, 0xa0, 0x0,
    0x0, 0xdf, 0xff, 0x25, 0xff, 0xfa, 0x0, 0x0,
    0xd, 0xff, 0xf2, 0x5f, 0xff, 0xa0, 0x0, 0x0,
    0xdf, 0xff, 0x25, 0xff, 0xfa, 0x0, 0x0, 0xd,
    0xff, 0xf2, 0x5f, 0xff, 0xa0, 0x0, 0x0, 0xdf,
    0xff, 0x25, 0xff, 0xfa, 0x0, 0x0, 0xd, 0xff,
    0xf2, 0x5f, 0xff, 0xa0, 0x0, 0x0, 0xdf, 0xff,
    0x24, 0xff, 0xfb, 0x0, 0x0, 0xf, 0xff, 0xf2,
    0x3f, 0xff, 0xf2, 0x0, 0x6, 0xff, 0xff, 0x20,
    0xff, 0xff, 0xe7, 0x59, 0xff, 0xff, 0xf2, 0x9,
    0xff, 0xff, 0xff, 0xfe, 0xaf, 0xff, 0x20, 0xd,
    0xff, 0xff, 0xff, 0x4a, 0xff, 0xf2, 0x0, 0x7,
    0xdf, 0xeb, 0x30, 0x9f, 0xff, 0x20,

    /* U+00FA "ú" */
    0x0, 0x0, 0x0, 0x6, 0xff, 0xf2, 0x0, 0x0,
    0x0, 0x0, 0x0, 0xdf, 0xf7, 0x0, 0x0, 0x0,
    0x0, 0x0, 0x4f, 0xfc, 0x0, 0x0, 0x0, 0x0,
    0x0, 0xc, 0xff, 0x20, 0x0, 0x0, 0x0, 0x0,
    0x0, 0x11, 0x10, 0x0, 0x0, 0x0, 0x0, 0x0,
    0x0, 0x0, 0x0, 0x0, 0x0, 0x5f, 0xff, 0xa0,
    0x0, 0x0, 0xdf, 0xff, 0x25, 0xff, 0xfa, 0x0,
    0x0, 0xd, 0xff, 0xf2, 0x5f, 0xff, 0xa0, 0x0,
    0x0, 0xdf, 0xff, 0x25, 0xff, 0xfa, 0x0, 0x0,
    0xd, 0xff, 0xf2, 0x5f, 0xff, 0xa0, 0x0, 0x0,
    0xdf, 0xff, 0x25, 0xff, 0xfa, 0x0, 0x0, 0xd,
    0xff, 0xf2, 0x5f, 0xff, 0xa0, 0x0, 0x0, 0xdf,
    0xff, 0x25, 0xff, 0xfa, 0x0, 0x0, 0xd, 0xff,
    0xf2, 0x5f, 0xff, 0xa0, 0x0, 0x0, 0xdf, 0xff,
    0x24, 0xff, 0xfb, 0x0, 0x0, 0xf, 0xff, 0xf2,
    0x3f, 0xff, 0xf2, 0x0, 0x6, 0xff, 0xff, 0x20,
    0xff, 0xff, 0xe7, 0x59, 0xff, 0xff, 0xf2, 0x9,
    0xff, 0xff, 0xff, 0xfe, 0xaf, 0xff, 0x20, 0xd,
    0xff, 0xff, 0xff, 0x4a, 0xff, 0xf2, 0x0, 0x7,
    0xdf, 0xeb, 0x30, 0x9f, 0xff, 0x20,

    /* U+00FB "û" */
    0x0, 0x0, 0x9, 0xff, 0xf6, 0x0, 0x0, 0x0,
    0x0, 0x9, 0xff, 0xff, 0xf5, 0x0, 0x0, 0x0,
    0x8, 0xff, 0xc1, 0xef, 0xf5, 0x0, 0x0, 0x8,
    0xff, 0xd1, 0x2, 0xff, 0xf4, 0x0, 0x0, 0x0,
    0x0, 0x0, 0x0, 0x0, 0x0, 0x0, 0x0, 0x0,
    0x0, 0x0, 0x0, 0x0, 0x0, 0x5f, 0xff, 0xa0,
    0x0, 0x0, 0xdf, 0xff, 0x25, 0xff, 0xfa, 0x0,
    0x0, 0xd, 0xff, 0xf2, 0x5f, 0xff, 0xa0, 0x0,
    0x0, 0xdf, 0xff, 0x25, 0xff, 0xfa, 0x0, 0x0,
    0xd, 0xff, 0xf2, 0x5f, 0xff, 0xa0, 0x0, 0x0,
    0xdf, 0xff, 0x25, 0xff, 0xfa, 0x0, 0x0, 0xd,
    0xff, 0xf2, 0x5f, 0xff, 0xa0, 0x0, 0x0, 0xdf,
    0xff, 0x25, 0xff, 0xfa, 0x0, 0x0, 0xd, 0xff,
    0xf2, 0x5f, 0xff, 0xa0, 0x0, 0x0, 0xdf, 0xff,
    0x24, 0xff, 0xfb, 0x0, 0x0, 0xf, 0xff, 0xf2,
    0x3f, 0xff, 0xf2, 0x0, 0x6, 0xff, 0xff, 0x20,
    0xff, 0xff, 0xe7, 0x59, 0xff, 0xff, 0xf2, 0x9,
    0xff, 0xff, 0xff, 0xfe, 0xaf, 0xff, 0x20, 0xd,
    0xff, 0xff, 0xff, 0x4a, 0xff, 0xf2, 0x0, 0x7,
    0xdf, 0xeb, 0x30, 0x9f, 0xff, 0x20,

    /* U+00FC "ü" */
    0x0, 0x8, 0xd8, 0x0, 0x9, 0xc6, 0x0, 0x0,
    0x5, 0xff, 0xf5, 0x8, 0xff, 0xf2, 0x0, 0x0,
    0x6f, 0xff, 0x50, 0x8f, 0xff, 0x30, 0x0, 0x0,
    0xaf, 0xa0, 0x1, 0xcf, 0x90, 0x0, 0x0, 0x0,
    0x0, 0x0, 0x0, 0x0, 0x0, 0x0, 0x0, 0x0,
    0x0, 0x0, 0x0, 0x0, 0x0, 0x5f, 0xff, 0xa0,
    0x0, 0x0, 0xdf, 0xff, 0x25, 0xff, 0xfa, 0x0,
    0x0, 0xd, 0xff, 0xf2, 0x5f, 0xff, 0xa0, 0x0,
    0x0, 0xdf, 0xff, 0x25, 0xff, 0xfa, 0x0, 0x0,
    0xd, 0xff, 0xf2, 0x5f, 0xff, 0xa0, 0x0, 0x0,
    0xdf, 0xff, 0x25, 0xff, 0xfa, 0x0, 0x0, 0xd,
    0xff, 0xf2, 0x5f, 0xff, 0xa0, 0x0, 0x0, 0xdf,
    0xff, 0x25, 0xff, 0xfa, 0x0, 0x0, 0xd, 0xff,
    0xf2, 0x5f, 0xff, 0xa0, 0x0, 0x0, 0xdf, 0xff,
    0x24, 0xff, 0xfb, 0x0, 0x0, 0xf, 0xff, 0xf2,
    0x3f, 0xff, 0xf2, 0x0, 0x6, 0xff, 0xff, 0x20,
    0xff, 0xff, 0xe7, 0x59, 0xff, 0xff, 0xf2, 0x9,
    0xff, 0xff, 0xff, 0xfe, 0xaf, 0xff, 0x20, 0xd,
    0xff, 0xff, 0xff, 0x4a, 0xff, 0xf2, 0x0, 0x7,
    0xdf, 0xeb, 0x30, 0x9f, 0xff, 0x20,

    /* U+00FD "ý" */
    0x0, 0x0, 0x0, 0x0, 0x1, 0x11, 0x0, 0x0,
    0x0, 0x0, 0x0, 0x0, 0xbf, 0xfc, 0x0, 0x0,
    0x0, 0x0, 0x0, 0x2, 0xff, 0xf2, 0x0, 0x0,
    0x0, 0x0, 0x0, 0x9, 0xff, 0x70, 0x0, 0x0,
    0x0, 0x0, 0x0, 0x1f, 0xfc, 0x0, 0x0, 0x0,
    0x0, 0x0, 0x0, 0x0, 0x0, 0x0, 0x0, 0x0,
    0x6f, 0xff, 0xc0, 0x0, 0x0, 0x7, 0xff, 0xfa,
    0x1f, 0xff, 0xf1, 0x0, 0x0, 0xc, 0xff, 0xf4,
    0xa, 0xff, 0xf6, 0x0, 0x0, 0x2f, 0xff, 0xe0,
    0x5, 0xff, 0xfb, 0x0, 0x0, 0x7f, 0xff, 0x80,
    0x0, 0xef, 0xff, 0x0, 0x0, 0xcf, 0xff, 0x20,
    0x0, 0x9f, 0xff, 0x50, 0x1, 0xff, 0xfc, 0x0,
    0x0, 0x3f, 0xff, 0xa0, 0x7, 0xff, 0xf7, 0x0,
    0x0, 0xd, 0xff, 0xf0, 0xc, 0xff, 0xf1, 0x0,
    0x0, 0x8, 0xff, 0xf3, 0x1f, 0xff, 0xb0, 0x0,
    0x0, 0x2, 0xff, 0xf7, 0x5f, 0xff, 0x50, 0x0,
    0x0, 0x0, 0xcf, 0xfb, 0xaf, 0xfe, 0x0, 0x0,
    0x0, 0x0, 0x6f, 0xff, 0xef, 0xf9, 0x0, 0x0,
    0x0, 0x0, 0x1f, 0xff, 0xff, 0xf3, 0x0, 0x0,
    0x0, 0x0, 0xa, 0xff, 0xff, 0xd0, 0x0, 0x0,
    0x0, 0x0, 0x5, 0xff, 0xff, 0x70, 0x0, 0x0,
    0x0, 0x0, 0x1, 0xff, 0xff, 0x20, 0x0, 0x0,
    0x0, 0x0, 0x4, 0xff, 0xfc, 0x0, 0x0, 0x0,
    0x0, 0x44, 0x4d, 0xff, 0xf5, 0x0, 0x0, 0x0,
    0x0, 0xcf, 0xff, 0xff, 0xc0, 0x0, 0x0, 0x0,
    0x1, 0xff, 0xff, 0xfe, 0x20, 0x0, 0x0, 0x0,
    0x3, 0xdf, 0xfd, 0x81, 0x0, 0x0, 0x0, 0x0,

    /* U+00FE "þ" */
    0x5f, 0xff, 0xa0, 0x0, 0x0, 0x0, 0x0, 0x5,
    0xff, 0xfa, 0x0, 0x0, 0x0, 0x0, 0x0, 0x5f,
    0xff, 0xa0, 0x0, 0x0, 0x0, 0x0, 0x5, 0xff,
    0xfa, 0x0, 0x0, 0x0, 0x0, 0x0, 0x5f, 0xff,
    0xa0, 0x0, 0x0, 0x0, 0x0, 0x5, 0xff, 0xfa,
    0x5, 0xcf, 0xec, 0x50, 0x0, 0x5f, 0xff, 0xa7,
    0xff, 0xff, 0xff, 0xb0, 0x5, 0xff, 0xfc, 0xff,
    0xff, 0xff, 0xff, 0x90, 0x5f, 0xff, 0xff, 0x73,
    0x4c, 0xff, 0xff, 0x25, 0xff, 0xff, 0x50, 0x0,
    0xd, 0xff, 0xf7, 0x5f, 0xff, 0xd0, 0x0, 0x0,
    0x6f, 0xff, 0xc5, 0xff, 0xf9, 0x0, 0x0, 0x3,
    0xff, 0xfd, 0x5f, 0xff, 0x90, 0x0, 0x0, 0x2f,
    0xff, 0xe5, 0xff, 0xfa, 0x0, 0x0, 0x3, 0xff,
    0xfd, 0x5f, 0xff, 0xd0, 0x0, 0x0, 0x6f, 0xff,
    0xb5, 0xff, 0xff, 0x50, 0x0, 0xd, 0xff, 0xf7,
    0x5f, 0xff, 0xff, 0x73, 0x5c, 0xff, 0xff, 0x25,
    0xff, 0xfd, 0xff, 0xff, 0xff, 0xff, 0x90, 0x5f,
    0xff, 0xa7, 0xff, 0xff, 0xff, 0xa0, 0x5, 0xff,
    0xfa, 0x5, 0xcf, 0xec, 0x50, 0x0, 0x5f, 0xff,
    0xa0, 0x0, 0x0, 0x0, 0x0, 0x5, 0xff, 0xfa,
    0x0, 0x0, 0x0, 0x0, 0x0, 0x5f, 0xff, 0xa0,
    0x0, 0x0, 0x0, 0x0, 0x5, 0xff, 0xfa, 0x0,
    0x0, 0x0, 0x0, 0x0, 0x5f, 0xff, 0xa0, 0x0,
    0x0, 0x0, 0x0, 0x5, 0xff, 0xfa, 0x0, 0x0,
    0x0, 0x0, 0x0,

    /* U+00FF "ÿ" */
    0x0, 0x2, 0xcf, 0x70, 0x3, 0xde, 0x50, 0x0,
    0x0, 0xa, 0xff, 0xf1, 0xd, 0xff, 0xf0, 0x0,
    0x0, 0x9, 0xff, 0xf1, 0xc, 0xff, 0xe0, 0x0,
    0x0, 0x1, 0xac, 0x50, 0x2, 0xbc, 0x30, 0x0,
    0x0, 0x0, 0x0, 0x0, 0x0, 0x0, 0x0, 0x0,
    0x6f, 0xff, 0xc0, 0x0, 0x0, 0x7, 0xff, 0xfa,
    0x1f, 0xff, 0xf1, 0x0, 0x0, 0xc, 0xff, 0xf4,
    0xa, 0xff, 0xf6, 0x0, 0x0, 0x2f, 0xff, 0xe0,
    0x5, 0xff, 0xfb, 0x0, 0x0, 0x7f, 0xff, 0x80,
    0x0, 0xef, 0xff, 0x0, 0x0, 0xcf, 0xff, 0x20,
    0x0, 0x9f, 0xff, 0x50, 0x1, 0xff, 0xfc, 0x0,
    0x0, 0x3f, 0xff, 0xa0, 0x7, 0xff, 0xf7, 0x0,
    0x0, 0xd, 0xff, 0xf0, 0xc, 0xff, 0xf1, 0x0,
    0x0, 0x8, 0xff, 0xf3, 0x1f, 0xff, 0xb0, 0x0,
    0x0, 0x2, 0xff, 0xf7, 0x5f, 0xff, 0x50, 0x0,
    0x0, 0x0, 0xcf, 0xfb, 0xaf, 0xfe, 0x0, 0x0,
    0x0, 0x0, 0x6f, 0xff, 0xef, 0xf9, 0x0, 0x0,
    0x0, 0x0, 0x1f, 0xff, 0xff, 0xf3, 0x0, 0x0,
    0x0, 0x0, 0xa, 0xff, 0xff, 0xd0, 0x0, 0x0,
    0x0, 0x0, 0x5, 0xff, 0xff, 0x70, 0x0, 0x0,
    0x0, 0x0, 0x1, 0xff, 0xff, 0x20, 0x0, 0x0,
    0x0, 0x0, 0x4, 0xff, 0xfc, 0x0, 0x0, 0x0,
    0x0, 0x44, 0x4d, 0xff, 0xf5, 0x0, 0x0, 0x0,
    0x0, 0xcf, 0xff, 0xff, 0xc0, 0x0, 0x0, 0x0,
    0x1, 0xff, 0xff, 0xfe, 0x20, 0x0, 0x0, 0x0,
    0x3, 0xdf, 0xfd, 0x81, 0x0, 0x0, 0x0, 0x0,

    /* U+0102 "Ă" */
    0x0, 0x0, 0x4, 0x97, 0x0, 0x0, 0x79, 0x40,
    0x0, 0x0, 0x0, 0x0, 0x5, 0xff, 0x30, 0x2,
    0xff, 0x60, 0x0, 0x0, 0x0, 0x0, 0x0, 0xdf,
    0xfb, 0xbf, 0xfe, 0x0, 0x0, 0x0, 0x0, 0x0,
    0x0, 0x2c, 0xff, 0xff, 0xd2, 0x0, 0x0, 0x0,
    0x0, 0x0, 0x0, 0x0, 0x47, 0x74, 0x0, 0x0,
    0x0, 0x0, 0x0, 0x0, 0x0, 0x0, 0x0, 0x0,
    0x0, 0x0, 0x0, 0x0, 0x0, 0x0, 0x0, 0x7,
    0xaa, 0xaa, 0x70, 0x0, 0x0, 0x0, 0x0, 0x0,
    0x0, 0xf, 0xff, 0xff, 0xf0, 0x0, 0x0, 0x0,
    0x0, 0x0, 0x0, 0x6f, 0xff, 0xff, 0xf6, 0x0,
    0x0, 0x0, 0x0, 0x0, 0x0, 0xbf, 0xff, 0xff,
    0xfb, 0x0, 0x0, 0x0, 0x0, 0x0, 0x1, 0xff,
    0xfb, 0xcf, 0xff, 0x10, 0x0, 0x0, 0x0, 0x0,
    0x6, 0xff, 0xf7, 0x8f, 0xff, 0x60, 0x0, 0x0,
    0x0, 0x0, 0xb, 0xff, 0xf3, 0x4f, 0xff, 0xc0,
    0x0, 0x0, 0x0, 0x0, 0x1f, 0xff, 0xf0, 0xf,
    0xff, 0xf2, 0x0, 0x0, 0x0, 0x0, 0x6f, 0xff,
    0xb0, 0xb, 0xff, 0xf7, 0x0, 0x0, 0x0, 0x0,
    0xcf, 0xff, 0x60, 0x6, 0xff, 0xfd, 0x0, 0x0,
    0x0, 0x1, 0xff, 0xff, 0x20, 0x1, 0xff, 0xff,
    0x20, 0x0, 0x0, 0x7, 0xff, 0xfc, 0x0, 0x0,
    0xcf, 0xff, 0x80, 0x0, 0x0, 0xc, 0xff, 0xfe,
    0xbb, 0xbb, 0xef, 0xff, 0xe0, 0x0, 0x0, 0x2f,
    0xff, 0xff, 0xff, 0xff, 0xff, 0xff, 0xf3, 0x0,
    0x0, 0x7f, 0xff, 0xff, 0xff, 0xff, 0xff, 0xff,
    0xf9, 0x0, 0x0, 0xdf, 0xff, 0xb7, 0x77, 0x77,
    0x7a, 0xff, 0xfe, 0x0, 0x2, 0xff, 0xff, 0x30,
    0x0, 0x0, 0x1, 0xff, 0xff, 0x40, 0x8, 0xff,
    0xfe, 0x0, 0x0, 0x0, 0x0, 0xcf, 0xff, 0xa0,
    0xd, 0xff, 0xf9, 0x0, 0x0, 0x0, 0x0, 0x7f,
    0xff, 0xf0, 0x3f, 0xff, 0xf4, 0x0, 0x0, 0x0,
    0x0, 0x1f, 0xff, 0xf5,

    /* U+0103 "ă" */
    0x0, 0x7, 0xa6, 0x0, 0x0, 0xaa, 0x20, 0x0,
    0x9, 0xfe, 0x10, 0x7, 0xff, 0x10, 0x0, 0x2,
    0xff, 0xfc, 0xdf, 0xf9, 0x0, 0x0, 0x0, 0x3d,
    0xff, 0xff, 0x90, 0x0, 0x0, 0x0, 0x0, 0x46,
    0x51, 0x0, 0x0, 0x0, 0x0, 0x0, 0x0, 0x0,
    0x0, 0x0, 0x0, 0x0, 0x49, 0xde, 0xdb, 0x71,
    0x0, 0x0, 0x1c, 0xff, 0xff, 0xff, 0xff, 0x60,
    0x0, 0xdf, 0xff, 0xff, 0xff, 0xff, 0xf4, 0x6,
    0xff, 0xfd, 0x40, 0x2a, 0xff, 0xfb, 0x1, 0x47,
    0xa1, 0x0, 0x0, 0xff, 0xfe, 0x0, 0x0, 0x0,
    0x0, 0x3, 0xff, 0xff, 0x0, 0x0, 0x47, 0xac,
    0xef, 0xff, 0xff, 0x0, 0x6e, 0xff, 0xff, 0xff,
    0xff, 0xff, 0x6, 0xff, 0xff, 0xfc, 0x95, 0xff,
    0xff, 0xe, 0xff, 0xf6, 0x0, 0x0, 0xff, 0xff,
    0x1f, 0xff, 0xb0, 0x0, 0x1, 0xff, 0xff, 0xf,
    0xff, 0xd0, 0x0, 0xa, 0xff, 0xff, 0xd, 0xff,
    0xfd, 0x88, 0xdf, 0xff, 0xff, 0x4, 0xff, 0xff,
    0xff, 0xfa, 0xcf, 0xff, 0x0, 0x4d, 0xff, 0xff,
    0x80, 0xcf, 0xff, 0x0, 0x0, 0x24, 0x31, 0x0,
    0x0, 0x0,

    /* U+0110 "Đ" */
    0x0, 0x2a, 0xaa, 0xaa, 0xaa, 0x98, 0x50, 0x0,
    0x0, 0x0, 0x0, 0x3f, 0xff, 0xff, 0xff, 0xff,
    0xff, 0x91, 0x0, 0x0, 0x0, 0x3f, 0xff, 0xff,
    0xff, 0xff, 0xff, 0xfe, 0x40, 0x0, 0x0, 0x3f,
    0xff, 0xfd, 0xdd, 0xef, 0xff, 0xff, 0xf3, 0x0,
    0x0, 0x3f, 0xff, 0xd0, 0x0, 0x1, 0x7f, 0xff,
    0xfd, 0x0, 0x0, 0x3f, 0xff, 0xd0, 0x0, 0x0,
    0x2, 0xff, 0xff, 0x60, 0x0, 0x3f, 0xff, 0xd0,
    0x0, 0x0, 0x0, 0x7f, 0xff, 0xc0, 0x0, 0x3f,
    0xff, 0xd0, 0x0, 0x0, 0x0, 0x1f, 0xff, 0xf0,
    0x22, 0x5f, 0xff, 0xd2, 0x22, 0x20, 0x0, 0xe,
    0xff, 0xf2, 0xbf, 0xff, 0xff, 0xff, 0xff, 0xf0,
    0x0, 0xc, 0xff, 0xf3, 0xbf, 0xff, 0xff, 0xff,
    0xff, 0xf0, 0x0, 0xc, 0xff, 0xf4, 0x68, 0x9f,
    0xff, 0xe8, 0x88, 0x80, 0x0, 0xd, 0xff, 0xf3,
    0x0, 0x3f, 0xff, 0xd0, 0x0, 0x0, 0x0, 0xf,
    0xff, 0xf1, 0x0, 0x3f, 0xff, 0xd0, 0x0, 0x0,
    0x0, 0x5f, 0xff, 0xd0, 0x0, 0x3f, 0xff, 0xd0,
    0x0, 0x0, 0x0, 0xdf, 0xff, 0x80, 0x0, 0x3f,
    0xff, 0xd0, 0x0, 0x0, 0x1b, 0xff, 0xff, 0x10,
    0x0, 0x3f, 0xff, 0xe7, 0x77, 0x9b, 0xff, 0xff,
    0xf7, 0x0, 0x0, 0x3f, 0xff, 0xff, 0xff, 0xff,
    0xff, 0xff, 0x90, 0x0, 0x0, 0x3f, 0xff, 0xff,
    0xff, 0xff, 0xff, 0xe6, 0x0, 0x0, 0x0, 0x3f,
    0xff, 0xff, 0xff, 0xfd, 0xb6, 0x0, 0x0, 0x0,

    /* U+0111 "đ" */
    0x0, 0x0, 0x0, 0x0, 0x0, 0x6a, 0xaa, 0x30,
    0x0, 0x0, 0x0, 0x26, 0x66, 0xcf, 0xff, 0x96,
    0x0, 0x0, 0x0, 0x7f, 0xff, 0xff, 0xff, 0xff,
    0x0, 0x0, 0x0, 0x7f, 0xff, 0xff, 0xff, 0xff,
    0x0, 0x0, 0x0, 0x0, 0x0, 0xaf, 0xff, 0x50,
    0x0, 0x4, 0xad, 0xeb, 0x40, 0xaf, 0xff, 0x50,
    0x0, 0x9f, 0xff, 0xff, 0xf6, 0xaf, 0xff, 0x50,
    0x8, 0xff, 0xff, 0xff, 0xff, 0xcf, 0xff, 0x50,
    0x2f, 0xff, 0xfd, 0x64, 0x8f, 0xff, 0xff, 0x50,
    0x7f, 0xff, 0xe1, 0x0, 0x5, 0xff, 0xff, 0x50,
    0xbf, 0xff, 0x70, 0x0, 0x0, 0xdf, 0xff, 0x50,
    0xdf, 0xff, 0x30, 0x0, 0x0, 0xaf, 0xff, 0x50,
    0xef, 0xff, 0x20, 0x0, 0x0, 0x9f, 0xff, 0x50,
    0xdf, 0xff, 0x30, 0x0, 0x0, 0x9f, 0xff, 0x50,
    0xcf, 0xff, 0x50, 0x0, 0x0, 0xcf, 0xff, 0x50,
    0x8f, 0xff, 0xc0, 0x0, 0x3, 0xff, 0xff, 0x50,
    0x3f, 0xff, 0xf9, 0x10, 0x3d, 0xff, 0xff, 0x50,
    0xb, 0xff, 0xff, 0xff, 0xff, 0xef, 0xff, 0x50,
    0x1, 0xdf, 0xff, 0xff, 0xfb, 0x9f, 0xff, 0x50,
    0x0, 0x19, 0xff, 0xff, 0x90, 0x9f, 0xff, 0x50,
    0x0, 0x0, 0x2, 0x30, 0x0, 0x0, 0x0, 0x0,

    /* U+01A0 "Ơ" */
    0x0, 0x0, 0x0, 0x0, 0x0, 0x0, 0x0, 0x5,
    0x66, 0x40, 0x0, 0x0, 0x0, 0x0, 0x0, 0x0,
    0x0, 0xdf, 0xfa, 0x0, 0x0, 0x0, 0x0, 0x0,
    0x0, 0x0, 0xd, 0xff, 0xa0, 0x0, 0x0, 0x17,
    0xbd, 0xed, 0xcb, 0xaa, 0xff, 0xf9, 0x0, 0x0,
    0x8f, 0xff, 0xff, 0xff, 0xff, 0xff, 0xff, 0x50,
    0x1, 0xcf, 0xff, 0xff, 0xff, 0xff, 0xff, 0xfc,
    0x60, 0x0, 0xbf, 0xff, 0xff, 0xcb, 0xdf, 0xff,
    0xff, 0x70, 0x0, 0x6f, 0xff, 0xfa, 0x10, 0x0,
    0x2c, 0xff, 0xff, 0x30, 0xe, 0xff, 0xfa, 0x0,
    0x0, 0x0, 0xc, 0xff, 0xfb, 0x4, 0xff, 0xff,
    0x10, 0x0, 0x0, 0x0, 0x3f, 0xff, 0xf1, 0x8f,
    0xff, 0xb0, 0x0, 0x0, 0x0, 0x0, 0xef, 0xff,
    0x4a, 0xff, 0xf7, 0x0, 0x0, 0x0, 0x0, 0xa,
    0xff, 0xf7, 0xbf, 0xff, 0x60, 0x0, 0x0, 0x0,
    0x0, 0x9f, 0xff, 0x8b, 0xff, 0xf5, 0x0, 0x0,
    0x0, 0x0, 0x8, 0xff, 0xf8, 0xbf, 0xff, 0x60,
    0x0, 0x0, 0x0, 0x0, 0xaf, 0xff, 0x79, 0xff,
    0xf9, 0x0, 0x0, 0x0, 0x0, 0xc, 0xff, 0xf5,
    0x5f, 0xff, 0xe0, 0x0, 0x0, 0x0, 0x1, 0xff,
    0xff, 0x21, 0xff, 0xff, 0x60, 0x0, 0x0, 0x0,
    0x9f, 0xff, 0xd0, 0x9, 0xff, 0xff, 0x40, 0x0,
    0x0, 0x6f, 0xff, 0xf6, 0x0, 0x1e, 0xff, 0xff,
    0xb6, 0x57, 0xcf, 0xff, 0xfc, 0x0, 0x0, 0x4f,
    0xff, 0xff, 0xff, 0xff, 0xff, 0xfe, 0x10, 0x0,
    0x0, 0x3d, 0xff, 0xff, 0xff, 0xff, 0xfc, 0x10,
    0x0, 0x0, 0x0, 0x7, 0xdf, 0xff, 0xff, 0xc5,
    0x0, 0x0, 0x0, 0x0, 0x0, 0x0, 0x13, 0x43,
    0x0, 0x0, 0x0, 0x0,

    /* U+01A1 "ơ" */
    0x0, 0x0, 0x0, 0x0, 0x0, 0x0, 0x0, 0x0,
    0x0, 0x0, 0x0, 0x0, 0x0, 0x0, 0xef, 0xf4,
    0x0, 0x0, 0x0, 0x0, 0x0, 0x0, 0xef, 0xf4,
    0x0, 0x0, 0x0, 0x0, 0x0, 0x0, 0xef, 0xf3,
    0x0, 0x0, 0x6b, 0xde, 0xed, 0xcc, 0xff, 0xe0,
    0x0, 0x3e, 0xff, 0xff, 0xff, 0xff, 0xfe, 0x40,
    0x3, 0xff, 0xff, 0xff, 0xff, 0xff, 0xc0, 0x0,
    0xd, 0xff, 0xfc, 0x53, 0x7f, 0xff, 0xf7, 0x0,
    0x5f, 0xff, 0xd0, 0x0, 0x5, 0xff, 0xfe, 0x0,
    0xaf, 0xff, 0x60, 0x0, 0x0, 0xdf, 0xff, 0x30,
    0xdf, 0xff, 0x30, 0x0, 0x0, 0xaf, 0xff, 0x50,
    0xef, 0xff, 0x20, 0x0, 0x0, 0x8f, 0xff, 0x70,
    0xdf, 0xff, 0x20, 0x0, 0x0, 0x9f, 0xff, 0x60,
    0xbf, 0xff, 0x50, 0x0, 0x0, 0xcf, 0xff, 0x40,
    0x7f, 0xff, 0xb0, 0x0, 0x2, 0xff, 0xff, 0x0,
    0x2f, 0xff, 0xf7, 0x0, 0x2d, 0xff, 0xfa, 0x0,
    0x7, 0xff, 0xff, 0xfd, 0xff, 0xff, 0xe1, 0x0,
    0x0, 0x9f, 0xff, 0xff, 0xff, 0xfe, 0x30, 0x0,
    0x0, 0x5, 0xcf, 0xff, 0xff, 0x91, 0x0, 0x0,
    0x0, 0x0, 0x1, 0x34, 0x20, 0x0, 0x0, 0x0,

    /* U+01AF "Ư" */
    0x0, 0x0, 0x0, 0x0, 0x0, 0x0, 0x0, 0x1,
    0x66, 0x61, 0x0, 0x0, 0x0, 0x0, 0x0, 0x0,
    0x0, 0x3, 0xff, 0xf4, 0x0, 0x0, 0x0, 0x0,
    0x0, 0x0, 0x0, 0x3, 0xff, 0xf4, 0x2a, 0xaa,
    0x80, 0x0, 0x0, 0x0, 0xa, 0xac, 0xff, 0xf3,
    0x3f, 0xff, 0xc0, 0x0, 0x0, 0x0, 0xf, 0xff,
    0xff, 0xe0, 0x3f, 0xff, 0xc0, 0x0, 0x0, 0x0,
    0xf, 0xff, 0xfc, 0x30, 0x3f, 0xff, 0xc0, 0x0,
    0x0, 0x0, 0xf, 0xff, 0xf0, 0x0, 0x3f, 0xff,
    0xc0, 0x0, 0x0, 0x0, 0xf, 0xff, 0xf0, 0x0,
    0x3f, 0xff, 0xc0, 0x0, 0x0, 0x0, 0xf, 0xff,
    0xf0, 0x0, 0x3f, 0xff, 0xc0, 0x0, 0x0, 0x0,
    0xf, 0xff, 0xf0, 0x0, 0x3f, 0xff, 0xc0, 0x0,
    0x0, 0x0, 0xf, 0xff, 0xf0, 0x0, 0x3f, 0xff,
    0xc0, 0x0, 0x0, 0x0, 0xf, 0xff, 0xf0, 0x0,
    0x3f, 0xff, 0xc0, 0x0, 0x0, 0x0, 0xf, 0xff,
    0xf0, 0x0, 0x3f, 0xff, 0xc0, 0x0, 0x0, 0x0,
    0xf, 0xff, 0xf0, 0x0, 0x3f, 0xff, 0xc0, 0x0,
    0x0, 0x0, 0xf, 0xff, 0xf0, 0x0, 0x3f, 0xff,
    0xc0, 0x0, 0x0, 0x0, 0xf, 0xff, 0xf0, 0x0,
    0x2f, 0xff, 0xe0, 0x0, 0x0, 0x0, 0x1f, 0xff,
    0xf0, 0x0, 0xf, 0xff, 0xf2, 0x0, 0x0, 0x0,
    0x6f, 0xff, 0xd0, 0x0, 0xc, 0xff, 0xfc, 0x10,
    0x0, 0x2, 0xef, 0xff, 0x90, 0x0, 0x5, 0xff,
    0xff, 0xe8, 0x55, 0x9f, 0xff, 0xff, 0x20, 0x0,
    0x0, 0xaf, 0xff, 0xff, 0xff, 0xff, 0xff, 0xf7,
    0x0, 0x0, 0x0, 0xa, 0xff, 0xff, 0xff, 0xff,
    0xff, 0x70, 0x0, 0x0, 0x0, 0x0, 0x4a, 0xff,
    0xff, 0xfe, 0x92, 0x0, 0x0, 0x0, 0x0, 0x0,
    0x0, 0x2, 0x33, 0x10, 0x0, 0x0, 0x0, 0x0,

    /* U+01B0 "ư" */
    0x0, 0x0, 0x0, 0x0, 0x0, 0x0, 0x0, 0x0,
    0x0, 0x0, 0x0, 0x0, 0x0, 0x0, 0x0, 0xcf,
    0xf5, 0x0, 0x0, 0x0, 0x0, 0x0, 0x0, 0xc,
    0xff, 0x50, 0x0, 0x0, 0x0, 0x0, 0x0, 0x0,
    0xcf, 0xf5, 0x3b, 0xbb, 0x70, 0x0, 0x0, 0x9b,
    0xbf, 0xff, 0x35, 0xff, 0xfa, 0x0, 0x0, 0xd,
    0xff, 0xff, 0xd0, 0x5f, 0xff, 0xa0, 0x0, 0x0,
    0xdf, 0xff, 0x91, 0x5, 0xff, 0xfa, 0x0, 0x0,
    0xd, 0xff, 0xf2, 0x0, 0x5f, 0xff, 0xa0, 0x0,
    0x0, 0xdf, 0xff, 0x20, 0x5, 0xff, 0xfa, 0x0,
    0x0, 0xd, 0xff, 0xf2, 0x0, 0x5f, 0xff, 0xa0,
    0x0, 0x0, 0xdf, 0xff, 0x20, 0x5, 0xff, 0xfa,
    0x0, 0x0, 0xd, 0xff, 0xf2, 0x0, 0x5f, 0xff,
    0xa0, 0x0, 0x0, 0xdf, 0xff, 0x20, 0x4, 0xff,
    0xfb, 0x0, 0x0, 0xe, 0xff, 0xf2, 0x0, 0x3f,
    0xff, 0xe1, 0x0, 0x4, 0xff, 0xff, 0x20, 0x1,
    0xff, 0xff, 0xc4, 0x26, 0xef, 0xff, 0xf2, 0x0,
    0xb, 0xff, 0xff, 0xff, 0xff, 0xbf, 0xff, 0x20,
    0x0, 0x2e, 0xff, 0xff, 0xff, 0x6a, 0xff, 0xf2,
    0x0, 0x0, 0x2b, 0xff, 0xfd, 0x50, 0x9f, 0xff,
    0x20, 0x0, 0x0, 0x0, 0x21, 0x0, 0x0, 0x0,
    0x0, 0x0,

    /* U+1EA0 "Ạ" */
    0x0, 0x0, 0x0, 0x7, 0xaa, 0xaa, 0x70, 0x0,
    0x0, 0x0, 0x0, 0x0, 0x0, 0xf, 0xff, 0xff,
    0xf0, 0x0, 0x0, 0x0, 0x0, 0x0, 0x0, 0x6f,
    0xff, 0xff, 0xf6, 0x0, 0x0, 0x0, 0x0, 0x0,
    0x0, 0xbf, 0xff, 0xff, 0xfb, 0x0, 0x0, 0x0,
    0x0, 0x0, 0x1, 0xff, 0xfb, 0xcf, 0xff, 0x10,
    0x0, 0x0, 0x0, 0x0, 0x6, 0xff, 0xf7, 0x8f,
    0xff, 0x60, 0x0, 0x0, 0x0, 0x0, 0xb, 0xff,
    0xf3, 0x4f, 0xff, 0xc0, 0x0, 0x0, 0x0, 0x0,
    0x1f, 0xff, 0xf0, 0xf, 0xff, 0xf2, 0x0, 0x0,
    0x0, 0x0, 0x6f, 0xff, 0xb0, 0xb, 0xff, 0xf7,
    0x0, 0x0, 0x0, 0x0, 0xcf, 0xff, 0x60, 0x6,
    0xff, 0xfd, 0x0, 0x0, 0x0, 0x1, 0xff, 0xff,
    0x20, 0x1, 0xff, 0xff, 0x20, 0x0, 0x0, 0x7,
    0xff, 0xfc, 0x0, 0x0, 0xcf, 0xff, 0x80, 0x0,
    0x0, 0xc, 0xff, 0xfe, 0xbb, 0xbb, 0xef, 0xff,
    0xe0, 0x0, 0x0, 0x2f, 0xff, 0xff, 0xff, 0xff,
    0xff, 0xff, 0xf3, 0x0, 0x0, 0x7f, 0xff, 0xff,
    0xff, 0xff, 0xff, 0xff, 0xf9, 0x0, 0x0, 0xdf,
    0xff, 0xb7, 0x77, 0x77, 0x7a, 0xff, 0xfe, 0x0,
    0x2, 0xff, 0xff, 0x30, 0x0, 0x0, 0x1, 0xff,
    0xff, 0x40, 0x8, 0xff, 0xfe, 0x0, 0x0, 0x0,
    0x0, 0xcf, 0xff, 0xa0, 0xd, 0xff, 0xf9, 0x0,
    0x0, 0x0, 0x0, 0x7f, 0xff, 0xf0, 0x3f, 0xff,
    0xf4, 0x0, 0x0, 0x0, 0x0, 0x1f, 0xff, 0xf5,
    0x0, 0x0, 0x0, 0x0, 0x0, 0x0, 0x0, 0x0,
    0x0, 0x0, 0x0, 0x0, 0x0, 0x0, 0x0, 0x0,
    0x0, 0x0, 0x0, 0x0, 0x0, 0x0, 0x0, 0x0,
    0x6f, 0xf7, 0x0, 0x0, 0x0, 0x0, 0x0, 0x0,
    0x0, 0x0, 0xff, 0xff, 0x20, 0x0, 0x0, 0x0,
    0x0, 0x0, 0x0, 0x0, 0xff, 0xff, 0x20, 0x0,
    0x0, 0x0, 0x0, 0x0, 0x0, 0x0, 0x4d, 0xe6,
    0x0, 0x0, 0x0, 0x0,

    /* U+1EA1 "ạ" */
    0x0, 0x0, 0x49, 0xde, 0xdb, 0x71, 0x0, 0x0,
    0x1c, 0xff, 0xff, 0xff, 0xff, 0x60, 0x0, 0xdf,
    0xff, 0xff, 0xff, 0xff, 0xf4, 0x6, 0xff, 0xfd,
    0x40, 0x2a, 0xff, 0xfb, 0x1, 0x47, 0xa1, 0x0,
    0x0, 0xff, 0xfe, 0x0, 0x0, 0x0, 0x0, 0x3,
    0xff, 0xff, 0x0, 0x0, 0x47, 0xac, 0xef, 0xff,
    0xff, 0x0, 0x6e, 0xff, 0xff, 0xff, 0xff, 0xff,
    0x6, 0xff, 0xff, 0xfc, 0x95, 0xff, 0xff, 0xe,
    0xff, 0xf6, 0x0, 0x0, 0xff, 0xff, 0x1f, 0xff,
    0xb0, 0x0, 0x1, 0xff, 0xff, 0xf, 0xff, 0xd0,
    0x0, 0xa, 0xff, 0xff, 0xd, 0xff, 0xfd, 0x88,
    0xdf, 0xff, 0xff, 0x4, 0xff, 0xff, 0xff, 0xfa,
    0xcf, 0xff, 0x0, 0x4d, 0xff, 0xff, 0x80, 0xcf,
    0xff, 0x0, 0x0, 0x24, 0x31, 0x0, 0x0, 0x0,
    0x0, 0x0, 0x0, 0x0, 0x0, 0x0, 0x0, 0x0,
    0x0, 0x0, 0xbf, 0xe3, 0x0, 0x0, 0x0, 0x0,
    0x5, 0xff, 0xfc, 0x0, 0x0, 0x0, 0x0, 0x5,
    0xff, 0xfb, 0x0, 0x0, 0x0, 0x0, 0x0, 0x9e,
    0xc2, 0x0, 0x0,

    /* U+1EA2 "Ả" */
    0x0, 0x0, 0x0, 0x4, 0x99, 0x83, 0x0, 0x0,
    0x0, 0x0, 0x0, 0x0, 0x0, 0x7, 0xff, 0xff,
    0x30, 0x0, 0x0, 0x0, 0x0, 0x0, 0x0, 0x3,
    0x69, 0xff, 0x50, 0x0, 0x0, 0x0, 0x0, 0x0,
    0x0, 0x0, 0xa, 0xfd, 0x0, 0x0, 0x0, 0x0,
    0x0, 0x0, 0x0, 0x0, 0x7, 0x72, 0x0, 0x0,
    0x0, 0x0, 0x0, 0x0, 0x0, 0x0, 0x0, 0x0,
    0x0, 0x0, 0x0, 0x0, 0x0, 0x0, 0x0, 0x7,
    0xaa, 0xaa, 0x70, 0x0, 0x0, 0x0, 0x0, 0x0,
    0x0, 0xf, 0xff, 0xff, 0xf0, 0x0, 0x0, 0x0,
    0x0, 0x0, 0x0, 0x6f, 0xff, 0xff, 0xf6, 0x0,
    0x0, 0x0, 0x0, 0x0, 0x0, 0xbf, 0xff, 0xff,
    0xfb, 0x0, 0x0, 0x0, 0x0, 0x0, 0x1, 0xff,
    0xfb, 0xcf, 0xff, 0x10, 0x0, 0x0, 0x0, 0x0,
    0x6, 0xff, 0xf7, 0x8f, 0xff, 0x60, 0x0, 0x0,
    0x0, 0x0, 0xb, 0xff, 0xf3, 0x4f, 0xff, 0xc0,
    0x0, 0x0, 0x0, 0x0, 0x1f, 0xff, 0xf0, 0xf,
    0xff, 0xf2, 0x0, 0x0, 0x0, 0x0, 0x6f, 0xff,
    0xb0, 0xb, 0xff, 0xf7, 0x0, 0x0, 0x0, 0x0,
    0xcf, 0xff, 0x60, 0x6, 0xff, 0xfd, 0x0, 0x0,
    0x0, 0x1, 0xff, 0xff, 0x20, 0x1, 0xff, 0xff,
    0x20, 0x0, 0x0, 0x7, 0xff, 0xfc, 0x0, 0x0,
    0xcf, 0xff, 0x80, 0x0, 0x0, 0xc, 0xff, 0xfe,
    0xbb, 0xbb, 0xef, 0xff, 0xe0, 0x0, 0x0, 0x2f,
    0xff, 0xff, 0xff, 0xff, 0xff, 0xff, 0xf3, 0x0,
    0x0, 0x7f, 0xff, 0xff, 0xff, 0xff, 0xff, 0xff,
    0xf9, 0x0, 0x0, 0xdf, 0xff, 0xb7, 0x77, 0x77,
    0x7a, 0xff, 0xfe, 0x0, 0x2, 0xff, 0xff, 0x30,
    0x0, 0x0, 0x1, 0xff, 0xff, 0x40, 0x8, 0xff,
    0xfe, 0x0, 0x0, 0x0, 0x0, 0xcf, 0xff, 0xa0,
    0xd, 0xff, 0xf9, 0x0, 0x0, 0x0, 0x0, 0x7f,
    0xff, 0xf0, 0x3f, 0xff, 0xf4, 0x0, 0x0, 0x0,
    0x0, 0x1f, 0xff, 0xf5,

    /* U+1EA3 "ả" */
    0x0, 0x0, 0x8, 0xbb, 0x92, 0x0, 0x0, 0x0,
    0x0, 0xc, 0xff, 0xfe, 0x0, 0x0, 0x0, 0x0,
    0x3, 0x5b, 0xff, 0x0, 0x0, 0x0, 0x0, 0x0,
    0x1e, 0xf7, 0x0, 0x0, 0x0, 0x0, 0x0, 0x26,
    0x50, 0x0, 0x0, 0x0, 0x0, 0x0, 0x0, 0x0,
    0x0, 0x0, 0x0, 0x0, 0x49, 0xde, 0xdb, 0x71,
    0x0, 0x0, 0x1c, 0xff, 0xff, 0xff, 0xff, 0x60,
    0x0, 0xdf, 0xff, 0xff, 0xff, 0xff, 0xf4, 0x6,
    0xff, 0xfd, 0x40, 0x2a, 0xff, 0xfb, 0x1, 0x47,
    0xa1, 0x0, 0x0, 0xff, 0xfe, 0x0, 0x0, 0x0,
    0x0, 0x3, 0xff, 0xff, 0x0, 0x0, 0x47, 0xac,
    0xef, 0xff, 0xff, 0x0, 0x6e, 0xff, 0xff, 0xff,
    0xff, 0xff, 0x6, 0xff, 0xff, 0xfc, 0x95, 0xff,
    0xff, 0xe, 0xff, 0xf6, 0x0, 0x0, 0xff, 0xff,
    0x1f, 0xff, 0xb0, 0x0, 0x1, 0xff, 0xff, 0xf,
    0xff, 0xd0, 0x0, 0xa, 0xff, 0xff, 0xd, 0xff,
    0xfd, 0x88, 0xdf, 0xff, 0xff, 0x4, 0xff, 0xff,
    0xff, 0xfa, 0xcf, 0xff, 0x0, 0x4d, 0xff, 0xff,
    0x80, 0xcf, 0xff, 0x0, 0x0, 0x24, 0x31, 0x0,
    0x0, 0x0,

    /* U+1EA4 "Ấ" */
    0x0, 0x0, 0x0, 0x0, 0x0, 0x0, 0x6, 0xdd,
    0x80, 0x0, 0x0, 0x0, 0x0, 0x0, 0x0, 0x0,
    0xe, 0xfe, 0x10, 0x0, 0x0, 0x0, 0x0, 0x0,
    0x0, 0x0, 0x5f, 0xf4, 0x0, 0x0, 0x0, 0x0,
    0x0, 0x0, 0x0, 0x0, 0x8b, 0x70, 0x0, 0x0,
    0x0, 0x0, 0x0, 0x0, 0x24, 0x43, 0x0, 0x0,
    0x0, 0x0, 0x0, 0x0, 0x0, 0x3, 0xff, 0xff,
    0x50, 0x0, 0x0, 0x0, 0x0, 0x0, 0x0, 0x3f,
    0xfe, 0xdf, 0xf5, 0x0, 0x0, 0x0, 0x0, 0x0,
    0x3, 0xef, 0xf4, 0x2e, 0xff, 0x50, 0x0, 0x0,
    0x0, 0x0, 0xa, 0xcc, 0x60, 0x4, 0xcc, 0xb2,
    0x0, 0x0, 0x0, 0x0, 0x0, 0x0, 0x0, 0x0,
    0x0, 0x0, 0x0, 0x0, 0x0, 0x0, 0x0, 0x7,
    0xaa, 0xaa, 0x70, 0x0, 0x0, 0x0, 0x0, 0x0,
    0x0, 0xf, 0xff, 0xff, 0xf0, 0x0, 0x0, 0x0,
    0x0, 0x0, 0x0, 0x6f, 0xff, 0xff, 0xf6, 0x0,
    0x0, 0x0, 0x0, 0x0, 0x0, 0xbf, 0xff, 0xff,
    0xfb, 0x0, 0x0, 0x0, 0x0, 0x0, 0x1, 0xff,
    0xfb, 0xcf, 0xff, 0x10, 0x0, 0x0, 0x0, 0x0,
    0x6, 0xff, 0xf7, 0x8f, 0xff, 0x60, 0x0, 0x0,
    0x0, 0x0, 0xb, 0xff, 0xf3, 0x4f, 0xff, 0xc0,
    0x0, 0x0, 0x0, 0x0, 0x1f, 0xff, 0xf0, 0xf,
    0xff, 0xf2, 0x0, 0x0, 0x0, 0x0, 0x6f, 0xff,
    0xb0, 0xb, 0xff, 0xf7, 0x0, 0x0, 0x0, 0x0,
    0xcf, 0xff, 0x60, 0x6, 0xff, 0xfd, 0x0, 0x0,
    0x0, 0x1, 0xff, 0xff, 0x20, 0x1, 0xff, 0xff,
    0x20, 0x0, 0x0, 0x7, 0xff, 0xfc, 0x0, 0x0,
    0xcf, 0xff, 0x80, 0x0, 0x0, 0xc, 0xff, 0xfe,
    0xbb, 0xbb, 0xef, 0xff, 0xe0, 0x0, 0x0, 0x2f,
    0xff, 0xff, 0xff, 0xff, 0xff, 0xff, 0xf3, 0x0,
    0x0, 0x7f, 0xff, 0xff, 0xff, 0xff, 0xff, 0xff,
    0xf9, 0x0, 0x0, 0xdf, 0xff, 0xb7, 0x77, 0x77,
    0x7a, 0xff, 0xfe, 0x0, 0x2, 0xff, 0xff, 0x30,
    0x0, 0x0, 0x1, 0xff, 0xff, 0x40, 0x8, 0xff,
    0xfe, 0x0, 0x0, 0x0, 0x0, 0xcf, 0xff, 0xa0,
    0xd, 0xff, 0xf9, 0x0, 0x0, 0x0, 0x0, 0x7f,
    0xff, 0xf0, 0x3f, 0xff, 0xf4, 0x0, 0x0, 0x0,
    0x0, 0x1f, 0xff, 0xf5,

    /* U+1EA5 "ấ" */
    0x0, 0x0, 0x0, 0x0, 0x0, 0xb, 0xfe, 0x40,
    0x0, 0x0, 0x0, 0x0, 0x3, 0xff, 0xa0, 0x0,
    0x0, 0x0, 0x0, 0x0, 0xbf, 0xe0, 0x0, 0x0,
    0x0, 0x0, 0x0, 0x9, 0x93, 0x0, 0x0, 0x0,
    0x0, 0x55, 0x52, 0x0, 0x0, 0x0, 0x0, 0x0,
    0x8f, 0xff, 0xf3, 0x0, 0x0, 0x0, 0x0, 0x8f,
    0xfc, 0xff, 0xe3, 0x0, 0x0, 0x0, 0x8f, 0xfd,
    0x4, 0xff, 0xe2, 0x0, 0x0, 0x3a, 0xaa, 0x20,
    0x6, 0xaa, 0x90, 0x0, 0x0, 0x0, 0x0, 0x0,
    0x0, 0x0, 0x0, 0x0, 0x0, 0x49, 0xde, 0xdb,
    0x71, 0x0, 0x0, 0x1, 0xcf, 0xff, 0xff, 0xff,
    0xf6, 0x0, 0x0, 0xdf, 0xff, 0xff, 0xff, 0xff,
    0xf4, 0x0, 0x6f, 0xff, 0xd4, 0x2, 0xaf, 0xff,
    0xb0, 0x1, 0x47, 0xa1, 0x0, 0x0, 0xff, 0xfe,
    0x0, 0x0, 0x0, 0x0, 0x0, 0x3f, 0xff, 0xf0,
    0x0, 0x0, 0x47, 0xac, 0xef, 0xff, 0xff, 0x0,
    0x6, 0xef, 0xff, 0xff, 0xff, 0xff, 0xf0, 0x6,
    0xff, 0xff, 0xfc, 0x95, 0xff, 0xff, 0x0, 0xef,
    0xff, 0x60, 0x0, 0xf, 0xff, 0xf0, 0x1f, 0xff,
    0xb0, 0x0, 0x1, 0xff, 0xff, 0x0, 0xff, 0xfd,
    0x0, 0x0, 0xaf, 0xff, 0xf0, 0xd, 0xff, 0xfd,
    0x88, 0xdf, 0xff, 0xff, 0x0, 0x4f, 0xff, 0xff,
    0xff, 0xac, 0xff, 0xf0, 0x0, 0x4d, 0xff, 0xff,
    0x80, 0xcf, 0xff, 0x0, 0x0, 0x2, 0x43, 0x10,
    0x0, 0x0, 0x0,

    /* U+1EA6 "Ầ" */
    0x0, 0x0, 0x0, 0x0, 0x0, 0xb, 0xdd, 0x20,
    0x0, 0x0, 0x0, 0x0, 0x0, 0x0, 0x0, 0x3,
    0xff, 0xa0, 0x0, 0x0, 0x0, 0x0, 0x0, 0x0,
    0x0, 0x0, 0x8f, 0xf1, 0x0, 0x0, 0x0, 0x0,
    0x0, 0x0, 0x0, 0x0, 0xa, 0xb5, 0x0, 0x0,
    0x0, 0x0, 0x0, 0x0, 0x24, 0x43, 0x0, 0x0,
    0x0, 0x0, 0x0, 0x0, 0x0, 0x3, 0xff, 0xff,
    0x50, 0x0, 0x0, 0x0, 0x0, 0x0, 0x0, 0x3f,
    0xfe, 0xdf, 0xf5, 0x0, 0x0, 0x0, 0x0, 0x0,
    0x3, 0xef, 0xf4, 0x2e, 0xff, 0x50, 0x0, 0x0,
    0x0, 0x0, 0xa, 0xcc, 0x60, 0x4, 0xcc, 0xb2,
    0x0, 0x0, 0x0, 0x0, 0x0, 0x0, 0x0, 0x0,
    0x0, 0x0, 0x0, 0x0, 0x0, 0x0, 0x0, 0x7,
    0xaa, 0xaa, 0x70, 0x0, 0x0, 0x0, 0x0, 0x0,
    0x0, 0xf, 0xff, 0xff, 0xf0, 0x0, 0x0, 0x0,
    0x0, 0x0, 0x0, 0x6f, 0xff, 0xff, 0xf6, 0x0,
    0x0, 0x0, 0x0, 0x0, 0x0, 0xbf, 0xff, 0xff,
    0xfb, 0x0, 0x0, 0x0, 0x0, 0x0, 0x1, 0xff,
    0xfb, 0xcf, 0xff, 0x10, 0x0, 0x0, 0x0, 0x0,
    0x6, 0xff, 0xf7, 0x8f, 0xff, 0x60, 0x0, 0x0,
    0x0, 0x0, 0xb, 0xff, 0xf3, 0x4f, 0xff, 0xc0,
    0x0, 0x0, 0x0, 0x0, 0x1f, 0xff, 0xf0, 0xf,
    0xff, 0xf2, 0x0, 0x0, 0x0, 0x0, 0x6f, 0xff,
    0xb0, 0xb, 0xff, 0xf7, 0x0, 0x0, 0x0, 0x0,
    0xcf, 0xff, 0x60, 0x6, 0xff, 0xfd, 0x0, 0x0,
    0x0, 0x1, 0xff, 0xff, 0x20, 0x1, 0xff, 0xff,
    0x20, 0x0, 0x0, 0x7, 0xff, 0xfc, 0x0, 0x0,
    0xcf, 0xff, 0x80, 0x0, 0x0, 0xc, 0xff, 0xfe,
    0xbb, 0xbb, 0xef, 0xff, 0xe0, 0x0, 0x0, 0x2f,
    0xff, 0xff, 0xff, 0xff, 0xff, 0xff, 0xf3, 0x0,
    0x0, 0x7f, 0xff, 0xff, 0xff, 0xff, 0xff, 0xff,
    0xf9, 0x0, 0x0, 0xdf, 0xff, 0xb7, 0x77, 0x77,
    0x7a, 0xff, 0xfe, 0x0, 0x2, 0xff, 0xff, 0x30,
    0x0, 0x0, 0x1, 0xff, 0xff, 0x40, 0x8, 0xff,
    0xfe, 0x0, 0x0, 0x0, 0x0, 0xcf, 0xff, 0xa0,
    0xd, 0xff, 0xf9, 0x0, 0x0, 0x0, 0x0, 0x7f,
    0xff, 0xf0, 0x3f, 0xff, 0xf4, 0x0, 0x0, 0x0,
    0x0, 0x1f, 0xff, 0xf5,

    /* U+1EA7 "ầ" */
    0x0, 0x0, 0x0, 0x0, 0x2e, 0xfd, 0x0, 0x0,
    0x0, 0x0, 0x0, 0x7, 0xff, 0x60, 0x0, 0x0,
    0x0, 0x0, 0x0, 0xcf, 0xd0, 0x0, 0x0, 0x0,
    0x0, 0x0, 0x29, 0x92, 0x0, 0x0, 0x0, 0x55,
    0x52, 0x0, 0x0, 0x0, 0x0, 0x8, 0xff, 0xff,
    0x30, 0x0, 0x0, 0x0, 0x8f, 0xfc, 0xff, 0xe3,
    0x0, 0x0, 0x8, 0xff, 0xd0, 0x4f, 0xfe, 0x20,
    0x0, 0x3a, 0xaa, 0x20, 0x6, 0xaa, 0x90, 0x0,
    0x0, 0x0, 0x0, 0x0, 0x0, 0x0, 0x0, 0x0,
    0x49, 0xde, 0xdb, 0x71, 0x0, 0x0, 0x1c, 0xff,
    0xff, 0xff, 0xff, 0x60, 0x0, 0xdf, 0xff, 0xff,
    0xff, 0xff, 0xf4, 0x6, 0xff, 0xfd, 0x40, 0x2a,
    0xff, 0xfb, 0x1, 0x47, 0xa1, 0x0, 0x0, 0xff,
    0xfe, 0x0, 0x0, 0x0, 0x0, 0x3, 0xff, 0xff,
    0x0, 0x0, 0x47, 0xac, 0xef, 0xff, 0xff, 0x0,
    0x6e, 0xff, 0xff, 0xff, 0xff, 0xff, 0x6, 0xff,
    0xff, 0xfc, 0x95, 0xff, 0xff, 0xe, 0xff, 0xf6,
    0x0, 0x0, 0xff, 0xff, 0x1f, 0xff, 0xb0, 0x0,
    0x1, 0xff, 0xff, 0xf, 0xff, 0xd0, 0x0, 0xa,
    0xff, 0xff, 0xd, 0xff, 0xfd, 0x88, 0xdf, 0xff,
    0xff, 0x4, 0xff, 0xff, 0xff, 0xfa, 0xcf, 0xff,
    0x0, 0x4d, 0xff, 0xff, 0x80, 0xcf, 0xff, 0x0,
    0x0, 0x24, 0x31, 0x0, 0x0, 0x0,

    /* U+1EA8 "Ẩ" */
    0x0, 0x0, 0x0, 0x0, 0x0, 0x1d, 0xdc, 0x60,
    0x0, 0x0, 0x0, 0x0, 0x0, 0x0, 0x0, 0x1e,
    0xef, 0xf2, 0x0, 0x0, 0x0, 0x0, 0x0, 0x0,
    0x0, 0x0, 0x4f, 0xe0, 0x0, 0x0, 0x0, 0x0,
    0x0, 0x0, 0x0, 0x0, 0x8b, 0x40, 0x0, 0x0,
    0x0, 0x0, 0x0, 0x0, 0x24, 0x43, 0x0, 0x0,
    0x0, 0x0, 0x0, 0x0, 0x0, 0x3, 0xff, 0xff,
    0x50, 0x0, 0x0, 0x0, 0x0, 0x0, 0x0, 0x3f,
    0xfe, 0xdf, 0xf5, 0x0, 0x0, 0x0, 0x0, 0x0,
    0x3, 0xef, 0xf4, 0x2e, 0xff, 0x50, 0x0, 0x0,
    0x0, 0x0, 0xa, 0xcc, 0x60, 0x4, 0xcc, 0xb2,
    0x0, 0x0, 0x0, 0x0, 0x0, 0x0, 0x0, 0x0,
    0x0, 0x0, 0x0, 0x0, 0x0, 0x0, 0x0, 0x7,
    0xaa, 0xaa, 0x70, 0x0, 0x0, 0x0, 0x0, 0x0,
    0x0, 0xf, 0xff, 0xff, 0xf0, 0x0, 0x0, 0x0,
    0x0, 0x0, 0x0, 0x6f, 0xff, 0xff, 0xf6, 0x0,
    0x0, 0x0, 0x0, 0x0, 0x0, 0xbf, 0xff, 0xff,
    0xfb, 0x0, 0x0, 0x0, 0x0, 0x0, 0x1, 0xff,
    0xfb, 0xcf, 0xff, 0x10, 0x0, 0x0, 0x0, 0x0,
    0x6, 0xff, 0xf7, 0x8f, 0xff, 0x60, 0x0, 0x0,
    0x0, 0x0, 0xb, 0xff, 0xf3, 0x4f, 0xff, 0xc0,
    0x0, 0x0, 0x0, 0x0, 0x1f, 0xff, 0xf0, 0xf,
    0xff, 0xf2, 0x0, 0x0, 0x0, 0x0, 0x6f, 0xff,
    0xb0, 0xb, 0xff, 0xf7, 0x0, 0x0, 0x0, 0x0,
    0xcf, 0xff, 0x60, 0x6, 0xff, 0xfd, 0x0, 0x0,
    0x0, 0x1, 0xff, 0xff, 0x20, 0x1, 0xff, 0xff,
    0x20, 0x0, 0x0, 0x7, 0xff, 0xfc, 0x0, 0x0,
    0xcf, 0xff, 0x80, 0x0, 0x0, 0xc, 0xff, 0xfe,
    0xbb, 0xbb, 0xef, 0xff, 0xe0, 0x0, 0x0, 0x2f,
    0xff, 0xff, 0xff, 0xff, 0xff, 0xff, 0xf3, 0x0,
    0x0, 0x7f, 0xff, 0xff, 0xff, 0xff, 0xff, 0xff,
    0xf9, 0x0, 0x0, 0xdf, 0xff, 0xb7, 0x77, 0x77,
    0x7a, 0xff, 0xfe, 0x0, 0x2, 0xff, 0xff, 0x30,
    0x0, 0x0, 0x1, 0xff, 0xff, 0x40, 0x8, 0xff,
    0xfe, 0x0, 0x0, 0x0, 0x0, 0xcf, 0xff, 0xa0,
    0xd, 0xff, 0xf9, 0x0, 0x0, 0x0, 0x0, 0x7f,
    0xff, 0xf0, 0x3f, 0xff, 0xf4, 0x0, 0x0, 0x0,
    0x0, 0x1f, 0xff, 0xf5,

    /* U+1EA9 "ẩ" */
    0x0, 0x0, 0x0, 0x0, 0x5f, 0xec, 0x50, 0x0,
    0x0, 0x0, 0x0, 0x4d, 0xef, 0xd0, 0x0, 0x0,
    0x0, 0x0, 0x0, 0x9f, 0x90, 0x0, 0x0, 0x0,
    0x0, 0x0, 0x99, 0x0, 0x0, 0x0, 0x0, 0x55,
    0x52, 0x0, 0x0, 0x0, 0x0, 0x8, 0xff, 0xff,
    0x30, 0x0, 0x0, 0x0, 0x8f, 0xfc, 0xff, 0xe3,
    0x0, 0x0, 0x8, 0xff, 0xd0, 0x4f, 0xfe, 0x20,
    0x0, 0x3a, 0xaa, 0x20, 0x6, 0xaa, 0x90, 0x0,
    0x0, 0x0, 0x0, 0x0, 0x0, 0x0, 0x0, 0x0,
    0x49, 0xde, 0xdb, 0x71, 0x0, 0x0, 0x1c, 0xff,
    0xff, 0xff, 0xff, 0x60, 0x0, 0xdf, 0xff, 0xff,
    0xff, 0xff, 0xf4, 0x6, 0xff, 0xfd, 0x40, 0x2a,
    0xff, 0xfb, 0x1, 0x47, 0xa1, 0x0, 0x0, 0xff,
    0xfe, 0x0, 0x0, 0x0, 0x0, 0x3, 0xff, 0xff,
    0x0, 0x0, 0x47, 0xac, 0xef, 0xff, 0xff, 0x0,
    0x6e, 0xff, 0xff, 0xff, 0xff, 0xff, 0x6, 0xff,
    0xff, 0xfc, 0x95, 0xff, 0xff, 0xe, 0xff, 0xf6,
    0x0, 0x0, 0xff, 0xff, 0x1f, 0xff, 0xb0, 0x0,
    0x1, 0xff, 0xff, 0xf, 0xff, 0xd0, 0x0, 0xa,
    0xff, 0xff, 0xd, 0xff, 0xfd, 0x88, 0xdf, 0xff,
    0xff, 0x4, 0xff, 0xff, 0xff, 0xfa, 0xcf, 0xff,
    0x0, 0x4d, 0xff, 0xff, 0x80, 0xcf, 0xff, 0x0,
    0x0, 0x24, 0x31, 0x0, 0x0, 0x0,

    /* U+1EAA "Ẫ" */
    0x0, 0x0, 0x0, 0x17, 0x85, 0x0, 0x48, 0x50,
    0x0, 0x0, 0x0, 0x0, 0x0, 0xdf, 0xff, 0xd7,
    0xdf, 0x70, 0x0, 0x0, 0x0, 0x0, 0x5, 0xff,
    0x6b, 0xff, 0xfe, 0x10, 0x0, 0x0, 0x0, 0x0,
    0x3, 0x85, 0x0, 0x37, 0x71, 0x0, 0x0, 0x0,
    0x0, 0x0, 0x0, 0x0, 0x24, 0x43, 0x0, 0x0,
    0x0, 0x0, 0x0, 0x0, 0x0, 0x3, 0xff, 0xff,
    0x50, 0x0, 0x0, 0x0, 0x0, 0x0, 0x0, 0x3f,
    0xfe, 0xdf, 0xf5, 0x0, 0x0, 0x0, 0x0, 0x0,
    0x3, 0xef, 0xf4, 0x2e, 0xff, 0x50, 0x0, 0x0,
    0x0, 0x0, 0xa, 0xcc, 0x60, 0x4, 0xcc, 0xb2,
    0x0, 0x0, 0x0, 0x0, 0x0, 0x0, 0x0, 0x0,
    0x0, 0x0, 0x0, 0x0, 0x0, 0x0, 0x0, 0x7,
    0xaa, 0xaa, 0x70, 0x0, 0x0, 0x0, 0x0, 0x0,
    0x0, 0xf, 0xff, 0xff, 0xf0, 0x0, 0x0, 0x0,
    0x0, 0x0, 0x0, 0x6f, 0xff, 0xff, 0xf6, 0x0,
    0x0, 0x0, 0x0, 0x0, 0x0, 0xbf, 0xff, 0xff,
    0xfb, 0x0, 0x0, 0x0, 0x0, 0x0, 0x1, 0xff,
    0xfb, 0xcf, 0xff, 0x10, 0x0, 0x0, 0x0, 0x0,
    0x6, 0xff, 0xf7, 0x8f, 0xff, 0x60, 0x0, 0x0,
    0x0, 0x0, 0xb, 0xff, 0xf3, 0x4f, 0xff, 0xc0,
    0x0, 0x0, 0x0, 0x0, 0x1f, 0xff, 0xf0, 0xf,
    0xff, 0xf2, 0x0, 0x0, 0x0, 0x0, 0x6f, 0xff,
    0xb0, 0xb, 0xff, 0xf7, 0x0, 0x0, 0x0, 0x0,
    0xcf, 0xff, 0x60, 0x6, 0xff, 0xfd, 0x0, 0x0,
    0x0, 0x1, 0xff, 0xff, 0x20, 0x1, 0xff, 0xff,
    0x20, 0x0, 0x0, 0x7, 0xff, 0xfc, 0x0, 0x0,
    0xcf, 0xff, 0x80, 0x0, 0x0, 0xc, 0xff, 0xfe,
    0xbb, 0xbb, 0xef, 0xff, 0xe0, 0x0, 0x0, 0x2f,
    0xff, 0xff, 0xff, 0xff, 0xff, 0xff, 0xf3, 0x0,
    0x0, 0x7f, 0xff, 0xff, 0xff, 0xff, 0xff, 0xff,
    0xf9, 0x0, 0x0, 0xdf, 0xff, 0xb7, 0x77, 0x77,
    0x7a, 0xff, 0xfe, 0x0, 0x2, 0xff, 0xff, 0x30,
    0x0, 0x0, 0x1, 0xff, 0xff, 0x40, 0x8, 0xff,
    0xfe, 0x0, 0x0, 0x0, 0x0, 0xcf, 0xff, 0xa0,
    0xd, 0xff, 0xf9, 0x0, 0x0, 0x0, 0x0, 0x7f,
    0xff, 0xf0, 0x3f, 0xff, 0xf4, 0x0, 0x0, 0x0,
    0x0, 0x1f, 0xff, 0xf5,

    /* U+1EAB "ẫ" */
    0x0, 0x0, 0x49, 0x94, 0x0, 0x8a, 0x30, 0x0,
    0x3, 0xff, 0xff, 0xc9, 0xff, 0x20, 0x0, 0xa,
    0xfc, 0x5c, 0xff, 0xf9, 0x0, 0x0, 0x4, 0x62,
    0x0, 0x46, 0x40, 0x0, 0x0, 0x0, 0x0, 0x55,
    0x52, 0x0, 0x0, 0x0, 0x0, 0x8, 0xff, 0xff,
    0x30, 0x0, 0x0, 0x0, 0x8f, 0xfc, 0xff, 0xe3,
    0x0, 0x0, 0x8, 0xff, 0xd0, 0x4f, 0xfe, 0x20,
    0x0, 0x3a, 0xaa, 0x20, 0x6, 0xaa, 0x90, 0x0,
    0x0, 0x0, 0x0, 0x0, 0x0, 0x0, 0x0, 0x0,
    0x49, 0xde, 0xdb, 0x71, 0x0, 0x0, 0x1c, 0xff,
    0xff, 0xff, 0xff, 0x60, 0x0, 0xdf, 0xff, 0xff,
    0xff, 0xff, 0xf4, 0x6, 0xff, 0xfd, 0x40, 0x2a,
    0xff, 0xfb, 0x1, 0x47, 0xa1, 0x0, 0x0, 0xff,
    0xfe, 0x0, 0x0, 0x0, 0x0, 0x3, 0xff, 0xff,
    0x0, 0x0, 0x47, 0xac, 0xef, 0xff, 0xff, 0x0,
    0x6e, 0xff, 0xff, 0xff, 0xff, 0xff, 0x6, 0xff,
    0xff, 0xfc, 0x95, 0xff, 0xff, 0xe, 0xff, 0xf6,
    0x0, 0x0, 0xff, 0xff, 0x1f, 0xff, 0xb0, 0x0,
    0x1, 0xff, 0xff, 0xf, 0xff, 0xd0, 0x0, 0xa,
    0xff, 0xff, 0xd, 0xff, 0xfd, 0x88, 0xdf, 0xff,
    0xff, 0x4, 0xff, 0xff, 0xff, 0xfa, 0xcf, 0xff,
    0x0, 0x4d, 0xff, 0xff, 0x80, 0xcf, 0xff, 0x0,
    0x0, 0x24, 0x31, 0x0, 0x0, 0x0,

    /* U+1EAC "Ậ" */
    0x0, 0x0, 0x0, 0x0, 0x79, 0x98, 0x0, 0x0,
    0x0, 0x0, 0x0, 0x0, 0x0, 0x8, 0xff, 0xff,
    0xa0, 0x0, 0x0, 0x0, 0x0, 0x0, 0x0, 0x8f,
    0xfb, 0xaf, 0xf9, 0x0, 0x0, 0x0, 0x0, 0x0,
    0x8, 0xff, 0xd0, 0xc, 0xff, 0x90, 0x0, 0x0,
    0x0, 0x0, 0x16, 0x66, 0x10, 0x1, 0x66, 0x61,
    0x0, 0x0, 0x0, 0x0, 0x0, 0x0, 0x0, 0x0,
    0x0, 0x0, 0x0, 0x0, 0x0, 0x0, 0x0, 0x7,
    0xaa, 0xaa, 0x70, 0x0, 0x0, 0x0, 0x0, 0x0,
    0x0, 0xf, 0xff, 0xff, 0xf0, 0x0, 0x0, 0x0,
    0x0, 0x0, 0x0, 0x6f, 0xff, 0xff, 0xf6, 0x0,
    0x0, 0x0, 0x0, 0x0, 0x0, 0xbf, 0xff, 0xff,
    0xfb, 0x0, 0x0, 0x0, 0x0, 0x0, 0x1, 0xff,
    0xfb, 0xcf, 0xff, 0x10, 0x0, 0x0, 0x0, 0x0,
    0x6, 0xff, 0xf7, 0x8f, 0xff, 0x60, 0x0, 0x0,
    0x0, 0x0, 0xb, 0xff, 0xf3, 0x4f, 0xff, 0xc0,
    0x0, 0x0, 0x0, 0x0, 0x1f, 0xff, 0xf0, 0xf,
    0xff, 0xf2, 0x0, 0x0, 0x0, 0x0, 0x6f, 0xff,
    0xb0, 0xb, 0xff, 0xf7, 0x0, 0x0, 0x0, 0x0,
    0xcf, 0xff, 0x60, 0x6, 0xff, 0xfd, 0x0, 0x0,
    0x0, 0x1, 0xff, 0xff, 0x20, 0x1, 0xff, 0xff,
    0x20, 0x0, 0x0, 0x7, 0xff, 0xfc, 0x0, 0x0,
    0xcf, 0xff, 0x80, 0x0, 0x0, 0xc, 0xff, 0xfe,
    0xbb, 0xbb, 0xef, 0xff, 0xe0, 0x0, 0x0, 0x2f,
    0xff, 0xff, 0xff, 0xff, 0xff, 0xff, 0xf3, 0x0,
    0x0, 0x7f, 0xff, 0xff, 0xff, 0xff, 0xff, 0xff,
    0xf9, 0x0, 0x0, 0xdf, 0xff, 0xb7, 0x77, 0x77,
    0x7a, 0xff, 0xfe, 0x0, 0x2, 0xff, 0xff, 0x30,
    0x0, 0x0, 0x1, 0xff, 0xff, 0x40, 0x8, 0xff,
    0xfe, 0x0, 0x0, 0x0, 0x0, 0xcf, 0xff, 0xa0,
    0xd, 0xff, 0xf9, 0x0, 0x0, 0x0, 0x0, 0x7f,
    0xff, 0xf0, 0x3f, 0xff, 0xf4, 0x0, 0x0, 0x0,
    0x0, 0x1f, 0xff, 0xf5, 0x0, 0x0, 0x0, 0x0,
    0x0, 0x0, 0x0, 0x0, 0x0, 0x0, 0x0, 0x0,
    0x0, 0x0, 0x0, 0x0, 0x0, 0x0, 0x0, 0x0,
    0x0, 0x0, 0x0, 0x0, 0x6f, 0xf7, 0x0, 0x0,
    0x0, 0x0, 0x0, 0x0, 0x0, 0x0, 0xff, 0xff,
    0x20, 0x0, 0x0, 0x0, 0x0, 0x0, 0x0, 0x0,
    0xff, 0xff, 0x20, 0x0, 0x0, 0x0, 0x0, 0x0,
    0x0, 0x0, 0x4d, 0xe6, 0x0, 0x0, 0x0, 0x0,

    /* U+1EAD "ậ" */
    0x0, 0x0, 0x1, 0xab, 0xb7, 0x0, 0x0, 0x0,
    0x0, 0x1d, 0xff, 0xff, 0x70, 0x0, 0x0, 0x1,
    0xdf, 0xf6, 0xcf, 0xf7, 0x0, 0x0, 0x1d, 0xff,
    0x80, 0x1e, 0xff, 0x60, 0x0, 0x24, 0x44, 0x0,
    0x2, 0x44, 0x40, 0x0, 0x0, 0x0, 0x0, 0x0,
    0x0, 0x0, 0x0, 0x0, 0x49, 0xde, 0xdb, 0x71,
    0x0, 0x0, 0x1c, 0xff, 0xff, 0xff, 0xff, 0x60,
    0x0, 0xdf, 0xff, 0xff, 0xff, 0xff, 0xf4, 0x6,
    0xff, 0xfd, 0x40, 0x2a, 0xff, 0xfb, 0x1, 0x47,
    0xa1, 0x0, 0x0, 0xff, 0xfe, 0x0, 0x0, 0x0,
    0x0, 0x3, 0xff, 0xff, 0x0, 0x0, 0x47, 0xac,
    0xef, 0xff, 0xff, 0x0, 0x6e, 0xff, 0xff, 0xff,
    0xff, 0xff, 0x6, 0xff, 0xff, 0xfc, 0x95, 0xff,
    0xff, 0xe, 0xff, 0xf6, 0x0, 0x0, 0xff, 0xff,
    0x1f, 0xff, 0xb0, 0x0, 0x1, 0xff, 0xff, 0xf,
    0xff, 0xd0, 0x0, 0xa, 0xff, 0xff, 0xd, 0xff,
    0xfd, 0x88, 0xdf, 0xff, 0xff, 0x4, 0xff, 0xff,
    0xff, 0xfa, 0xcf, 0xff, 0x0, 0x4d, 0xff, 0xff,
    0x80, 0xcf, 0xff, 0x0, 0x0, 0x24, 0x31, 0x0,
    0x0, 0x0, 0x0, 0x0, 0x0, 0x0, 0x0, 0x0,
    0x0, 0x0, 0x0, 0x0, 0xbf, 0xe3, 0x0, 0x0,
    0x0, 0x0, 0x5, 0xff, 0xfc, 0x0, 0x0, 0x0,
    0x0, 0x5, 0xff, 0xfb, 0x0, 0x0, 0x0, 0x0,
    0x0, 0x9e, 0xc2, 0x0, 0x0,

    /* U+1EAE "Ắ" */
    0x0, 0x0, 0x0, 0x0, 0x0, 0x9d, 0xd5, 0x0,
    0x0, 0x0, 0x0, 0x0, 0x0, 0x0, 0x2, 0xff,
    0xb0, 0x0, 0x0, 0x0, 0x0, 0x0, 0x0, 0x0,
    0x9, 0xff, 0x10, 0x0, 0x0, 0x0, 0x0, 0x0,
    0x0, 0x0, 0xa, 0xb5, 0x0, 0x0, 0x0, 0x0,
    0x0, 0x0, 0x1, 0x32, 0x0, 0x0, 0x23, 0x10,
    0x0, 0x0, 0x0, 0x0, 0x5, 0xff, 0x10, 0x0,
    0xef, 0x80, 0x0, 0x0, 0x0, 0x0, 0x1, 0xff,
    0xc5, 0x5b, 0xff, 0x30, 0x0, 0x0, 0x0, 0x0,
    0x0, 0x5f, 0xff, 0xff, 0xf7, 0x0, 0x0, 0x0,
    0x0, 0x0, 0x0, 0x3, 0xad, 0xda, 0x30, 0x0,
    0x0, 0x0, 0x0, 0x0, 0x0, 0x0, 0x0, 0x0,
    0x0, 0x0, 0x0, 0x0, 0x0, 0x0, 0x0, 0x7,
    0xaa, 0xaa, 0x70, 0x0, 0x0, 0x0, 0x0, 0x0,
    0x0, 0xf, 0xff, 0xff, 0xf0, 0x0, 0x0, 0x0,
    0x0, 0x0, 0x0, 0x6f, 0xff, 0xff, 0xf6, 0x0,
    0x0, 0x0, 0x0, 0x0, 0x0, 0xbf, 0xff, 0xff,
    0xfb, 0x0, 0x0, 0x0, 0x0, 0x0, 0x1, 0xff,
    0xfb, 0xcf, 0xff, 0x10, 0x0, 0x0, 0x0, 0x0,
    0x6, 0xff, 0xf7, 0x8f, 0xff, 0x60, 0x0, 0x0,
    0x0, 0x0, 0xb, 0xff, 0xf3, 0x4f, 0xff, 0xc0,
    0x0, 0x0, 0x0, 0x0, 0x1f, 0xff, 0xf0, 0xf,
    0xff, 0xf2, 0x0, 0x0, 0x0, 0x0, 0x6f, 0xff,
    0xb0, 0xb, 0xff, 0xf7, 0x0, 0x0, 0x0, 0x0,
    0xcf, 0xff, 0x60, 0x6, 0xff, 0xfd, 0x0, 0x0,
    0x0, 0x1, 0xff, 0xff, 0x20, 0x1, 0xff, 0xff,
    0x20, 0x0, 0x0, 0x7, 0xff, 0xfc, 0x0, 0x0,
    0xcf, 0xff, 0x80, 0x0, 0x0, 0xc, 0xff, 0xfe,
    0xbb, 0xbb, 0xef, 0xff, 0xe0, 0x0, 0x0, 0x2f,
    0xff, 0xff, 0xff, 0xff, 0xff, 0xff, 0xf3, 0x0,
    0x0, 0x7f, 0xff, 0xff, 0xff, 0xff, 0xff, 0xff,
    0xf9, 0x0, 0x0, 0xdf, 0xff, 0xb7, 0x77, 0x77,
    0x7a, 0xff, 0xfe, 0x0, 0x2, 0xff, 0xff, 0x30,
    0x0, 0x0, 0x1, 0xff, 0xff, 0x40, 0x8, 0xff,
    0xfe, 0x0, 0x0, 0x0, 0x0, 0xcf, 0xff, 0xa0,
    0xd, 0xff, 0xf9, 0x0, 0x0, 0x0, 0x0, 0x7f,
    0xff, 0xf0, 0x3f, 0xff, 0xf4, 0x0, 0x0, 0x0,
    0x0, 0x1f, 0xff, 0xf5,

    /* U+1EAF "ắ" */
    0x0, 0x0, 0x0, 0x0, 0xef, 0xe1, 0x0, 0x0,
    0x0, 0x0, 0x7, 0xff, 0x60, 0x0, 0x0, 0x0,
    0x0, 0xe, 0xfb, 0x0, 0x0, 0x0, 0x0, 0x0,
    0x29, 0x91, 0x0, 0x0, 0x0, 0x3, 0x42, 0x0,
    0x0, 0x44, 0x10, 0x0, 0xa, 0xfc, 0x0, 0x3,
    0xff, 0x30, 0x0, 0x4, 0xff, 0xb6, 0x7e, 0xfd,
    0x0, 0x0, 0x0, 0x8f, 0xff, 0xff, 0xe2, 0x0,
    0x0, 0x0, 0x3, 0x9c, 0xb7, 0x10, 0x0, 0x0,
    0x0, 0x0, 0x0, 0x0, 0x0, 0x0, 0x0, 0x0,
    0x49, 0xde, 0xdb, 0x71, 0x0, 0x0, 0x1c, 0xff,
    0xff, 0xff, 0xff, 0x60, 0x0, 0xdf, 0xff, 0xff,
    0xff, 0xff, 0xf4, 0x6, 0xff, 0xfd, 0x40, 0x2a,
    0xff, 0xfb, 0x1, 0x47, 0xa1, 0x0, 0x0, 0xff,
    0xfe, 0x0, 0x0, 0x0, 0x0, 0x3, 0xff, 0xff,
    0x0, 0x0, 0x47, 0xac, 0xef, 0xff, 0xff, 0x0,
    0x6e, 0xff, 0xff, 0xff, 0xff, 0xff, 0x6, 0xff,
    0xff, 0xfc, 0x95, 0xff, 0xff, 0xe, 0xff, 0xf6,
    0x0, 0x0, 0xff, 0xff, 0x1f, 0xff, 0xb0, 0x0,
    0x1, 0xff, 0xff, 0xf, 0xff, 0xd0, 0x0, 0xa,
    0xff, 0xff, 0xd, 0xff, 0xfd, 0x88, 0xdf, 0xff,
    0xff, 0x4, 0xff, 0xff, 0xff, 0xfa, 0xcf, 0xff,
    0x0, 0x4d, 0xff, 0xff, 0x80, 0xcf, 0xff, 0x0,
    0x0, 0x24, 0x31, 0x0, 0x0, 0x0,

    /* U+1EB0 "Ằ" */
    0x0, 0x0, 0x0, 0x3d, 0xda, 0x0, 0x0, 0x0,
    0x0, 0x0, 0x0, 0x0, 0x0, 0xa, 0xff, 0x30,
    0x0, 0x0, 0x0, 0x0, 0x0, 0x0, 0x0, 0x1,
    0xef, 0xa0, 0x0, 0x0, 0x0, 0x0, 0x0, 0x0,
    0x0, 0x0, 0x4b, 0xa0, 0x0, 0x0, 0x0, 0x0,
    0x0, 0x0, 0x1, 0x32, 0x0, 0x0, 0x23, 0x10,
    0x0, 0x0, 0x0, 0x0, 0x7, 0xff, 0x0, 0x0,
    0xef, 0x70, 0x0, 0x0, 0x0, 0x0, 0x2, 0xff,
    0xc5, 0x5c, 0xff, 0x20, 0x0, 0x0, 0x0, 0x0,
    0x0, 0x6f, 0xff, 0xff, 0xf6, 0x0, 0x0, 0x0,
    0x0, 0x0, 0x0, 0x3, 0xad, 0xda, 0x30, 0x0,
    0x0, 0x0, 0x0, 0x0, 0x0, 0x0, 0x0, 0x0,
    0x0, 0x0, 0x0, 0x0, 0x0, 0x0, 0x0, 0x7,
    0xaa, 0xaa, 0x70, 0x0, 0x0, 0x0, 0x0, 0x0,
    0x0, 0xf, 0xff, 0xff, 0xf0, 0x0, 0x0, 0x0,
    0x0, 0x0, 0x0, 0x6f, 0xff, 0xff, 0xf6, 0x0,
    0x0, 0x0, 0x0, 0x0, 0x0, 0xbf, 0xff, 0xff,
    0xfb, 0x0, 0x0, 0x0, 0x0, 0x0, 0x1, 0xff,
    0xfb, 0xcf, 0xff, 0x10, 0x0, 0x0, 0x0, 0x0,
    0x6, 0xff, 0xf7, 0x8f, 0xff, 0x60, 0x0, 0x0,
    0x0, 0x0, 0xb, 0xff, 0xf3, 0x4f, 0xff, 0xc0,
    0x0, 0x0, 0x0, 0x0, 0x1f, 0xff, 0xf0, 0xf,
    0xff, 0xf2, 0x0, 0x0, 0x0, 0x0, 0x6f, 0xff,
    0xb0, 0xb, 0xff, 0xf7, 0x0, 0x0, 0x0, 0x0,
    0xcf, 0xff, 0x60, 0x6, 0xff, 0xfd, 0x0, 0x0,
    0x0, 0x1, 0xff, 0xff, 0x20, 0x1, 0xff, 0xff,
    0x20, 0x0, 0x0, 0x7, 0xff, 0xfc, 0x0, 0x0,
    0xcf, 0xff, 0x80, 0x0, 0x0, 0xc, 0xff, 0xfe,
    0xbb, 0xbb, 0xef, 0xff, 0xe0, 0x0, 0x0, 0x2f,
    0xff, 0xff, 0xff, 0xff, 0xff, 0xff, 0xf3, 0x0,
    0x0, 0x7f, 0xff, 0xff, 0xff, 0xff, 0xff, 0xff,
    0xf9, 0x0, 0x0, 0xdf, 0xff, 0xb7, 0x77, 0x77,
    0x7a, 0xff, 0xfe, 0x0, 0x2, 0xff, 0xff, 0x30,
    0x0, 0x0, 0x1, 0xff, 0xff, 0x40, 0x8, 0xff,
    0xfe, 0x0, 0x0, 0x0, 0x0, 0xcf, 0xff, 0xa0,
    0xd, 0xff, 0xf9, 0x0, 0x0, 0x0, 0x0, 0x7f,
    0xff, 0xf0, 0x3f, 0xff, 0xf4, 0x0, 0x0, 0x0,
    0x0, 0x1f, 0xff, 0xf5,

    /* U+1EB1 "ằ" */
    0x0, 0x0, 0x8f, 0xf7, 0x0, 0x0, 0x0, 0x0,
    0x0, 0xd, 0xfe, 0x0, 0x0, 0x0, 0x0, 0x0,
    0x3, 0xff, 0x70, 0x0, 0x0, 0x0, 0x0, 0x0,
    0x69, 0x70, 0x0, 0x0, 0x0, 0x3, 0x42, 0x0,
    0x0, 0x44, 0x10, 0x0, 0xb, 0xfc, 0x0, 0x4,
    0xff, 0x20, 0x0, 0x5, 0xff, 0xb6, 0x8e, 0xfc,
    0x0, 0x0, 0x0, 0x8f, 0xff, 0xff, 0xe2, 0x0,
    0x0, 0x0, 0x4, 0x9c, 0xb7, 0x10, 0x0, 0x0,
    0x0, 0x0, 0x0, 0x0, 0x0, 0x0, 0x0, 0x0,
    0x49, 0xde, 0xdb, 0x71, 0x0, 0x0, 0x1c, 0xff,
    0xff, 0xff, 0xff, 0x60, 0x0, 0xdf, 0xff, 0xff,
    0xff, 0xff, 0xf4, 0x6, 0xff, 0xfd, 0x40, 0x2a,
    0xff, 0xfb, 0x1, 0x47, 0xa1, 0x0, 0x0, 0xff,
    0xfe, 0x0, 0x0, 0x0, 0x0, 0x3, 0xff, 0xff,
    0x0, 0x0, 0x47, 0xac, 0xef, 0xff, 0xff, 0x0,
    0x6e, 0xff, 0xff, 0xff, 0xff, 0xff, 0x6, 0xff,
    0xff, 0xfc, 0x95, 0xff, 0xff, 0xe, 0xff, 0xf6,
    0x0, 0x0, 0xff, 0xff, 0x1f, 0xff, 0xb0, 0x0,
    0x1, 0xff, 0xff, 0xf, 0xff, 0xd0, 0x0, 0xa,
    0xff, 0xff, 0xd, 0xff, 0xfd, 0x88, 0xdf, 0xff,
    0xff, 0x4, 0xff, 0xff, 0xff, 0xfa, 0xcf, 0xff,
    0x0, 0x4d, 0xff, 0xff, 0x80, 0xcf, 0xff, 0x0,
    0x0, 0x24, 0x31, 0x0, 0x0, 0x0,

    /* U+1EB2 "Ẳ" */
    0x0, 0x0, 0x0, 0x1, 0xdd, 0xc6, 0x0, 0x0,
    0x0, 0x0, 0x0, 0x0, 0x0, 0x1, 0xee, 0xff,
    0x10, 0x0, 0x0, 0x0, 0x0, 0x0, 0x0, 0x0,
    0x4, 0xfe, 0x0, 0x0, 0x0, 0x0, 0x0, 0x0,
    0x0, 0x0, 0x8, 0xb3, 0x0, 0x0, 0x0, 0x0,
    0x0, 0x0, 0x1, 0x32, 0x0, 0x0, 0x23, 0x10,
    0x0, 0x0, 0x0, 0x0, 0x5, 0xff, 0x10, 0x0,
    0xef, 0x80, 0x0, 0x0, 0x0, 0x0, 0x1, 0xff,
    0xc5, 0x5b, 0xff, 0x30, 0x0, 0x0, 0x0, 0x0,
    0x0, 0x5f, 0xff, 0xff, 0xf7, 0x0, 0x0, 0x0,
    0x0, 0x0, 0x0, 0x3, 0xad, 0xda, 0x30, 0x0,
    0x0, 0x0, 0x0, 0x0, 0x0, 0x0, 0x0, 0x0,
    0x0, 0x0, 0x0, 0x0, 0x0, 0x0, 0x0, 0x7,
    0xaa, 0xaa, 0x70, 0x0, 0x0, 0x0, 0x0, 0x0,
    0x0, 0xf, 0xff, 0xff, 0xf0, 0x0, 0x0, 0x0,
    0x0, 0x0, 0x0, 0x6f, 0xff, 0xff, 0xf6, 0x0,
    0x0, 0x0, 0x0, 0x0, 0x0, 0xbf, 0xff, 0xff,
    0xfb, 0x0, 0x0, 0x0, 0x0, 0x0, 0x1, 0xff,
    0xfb, 0xcf, 0xff, 0x10, 0x0, 0x0, 0x0, 0x0,
    0x6, 0xff, 0xf7, 0x8f, 0xff, 0x60, 0x0, 0x0,
    0x0, 0x0, 0xb, 0xff, 0xf3, 0x4f, 0xff, 0xc0,
    0x0, 0x0, 0x0, 0x0, 0x1f, 0xff, 0xf0, 0xf,
    0xff, 0xf2, 0x0, 0x0, 0x0, 0x0, 0x6f, 0xff,
    0xb0, 0xb, 0xff, 0xf7, 0x0, 0x0, 0x0, 0x0,
    0xcf, 0xff, 0x60, 0x6, 0xff, 0xfd, 0x0, 0x0,
    0x0, 0x1, 0xff, 0xff, 0x20, 0x1, 0xff, 0xff,
    0x20, 0x0, 0x0, 0x7, 0xff, 0xfc, 0x0, 0x0,
    0xcf, 0xff, 0x80, 0x0, 0x0, 0xc, 0xff, 0xfe,
    0xbb, 0xbb, 0xef, 0xff, 0xe0, 0x0, 0x0, 0x2f,
    0xff, 0xff, 0xff, 0xff, 0xff, 0xff, 0xf3, 0x0,
    0x0, 0x7f, 0xff, 0xff, 0xff, 0xff, 0xff, 0xff,
    0xf9, 0x0, 0x0, 0xdf, 0xff, 0xb7, 0x77, 0x77,
    0x7a, 0xff, 0xfe, 0x0, 0x2, 0xff, 0xff, 0x30,
    0x0, 0x0, 0x1, 0xff, 0xff, 0x40, 0x8, 0xff,
    0xfe, 0x0, 0x0, 0x0, 0x0, 0xcf, 0xff, 0xa0,
    0xd, 0xff, 0xf9, 0x0, 0x0, 0x0, 0x0, 0x7f,
    0xff, 0xf0, 0x3f, 0xff, 0xf4, 0x0, 0x0, 0x0,
    0x0, 0x1f, 0xff, 0xf5,

    /* U+1EB3 "ẳ" */
    0x0, 0x0, 0x5, 0xfe, 0xc4, 0x0, 0x0, 0x0,
    0x0, 0x5, 0xde, 0xfd, 0x0, 0x0, 0x0, 0x0,
    0x0, 0x9, 0xf9, 0x0, 0x0, 0x0, 0x0, 0x0,
    0x9, 0x90, 0x0, 0x0, 0x0, 0x3, 0x42, 0x0,
    0x0, 0x44, 0x10, 0x0, 0xa, 0xfc, 0x0, 0x3,
    0xff, 0x30, 0x0, 0x4, 0xff, 0xb6, 0x7e, 0xfd,
    0x0, 0x0, 0x0, 0x8f, 0xff, 0xff, 0xe2, 0x0,
    0x0, 0x0, 0x3, 0x9c, 0xb7, 0x10, 0x0, 0x0,
    0x0, 0x0, 0x0, 0x0, 0x0, 0x0, 0x0, 0x0,
    0x49, 0xde, 0xdb, 0x71, 0x0, 0x0, 0x1c, 0xff,
    0xff, 0xff, 0xff, 0x60, 0x0, 0xdf, 0xff, 0xff,
    0xff, 0xff, 0xf4, 0x6, 0xff, 0xfd, 0x40, 0x2a,
    0xff, 0xfb, 0x1, 0x47, 0xa1, 0x0, 0x0, 0xff,
    0xfe, 0x0, 0x0, 0x0, 0x0, 0x3, 0xff, 0xff,
    0x0, 0x0, 0x47, 0xac, 0xef, 0xff, 0xff, 0x0,
    0x6e, 0xff, 0xff, 0xff, 0xff, 0xff, 0x6, 0xff,
    0xff, 0xfc, 0x95, 0xff, 0xff, 0xe, 0xff, 0xf6,
    0x0, 0x0, 0xff, 0xff, 0x1f, 0xff, 0xb0, 0x0,
    0x1, 0xff, 0xff, 0xf, 0xff, 0xd0, 0x0, 0xa,
    0xff, 0xff, 0xd, 0xff, 0xfd, 0x88, 0xdf, 0xff,
    0xff, 0x4, 0xff, 0xff, 0xff, 0xfa, 0xcf, 0xff,
    0x0, 0x4d, 0xff, 0xff, 0x80, 0xcf, 0xff, 0x0,
    0x0, 0x24, 0x31, 0x0, 0x0, 0x0,

    /* U+1EB4 "Ẵ" */
    0x0, 0x0, 0x0, 0x6, 0x85, 0x0, 0x38, 0x60,
    0x0, 0x0, 0x0, 0x0, 0x0, 0xcf, 0xff, 0xd7,
    0xcf, 0x90, 0x0, 0x0, 0x0, 0x0, 0x3, 0xff,
    0x7b, 0xff, 0xff, 0x20, 0x0, 0x0, 0x0, 0x0,
    0x2, 0x86, 0x0, 0x37, 0x72, 0x0, 0x0, 0x0,
    0x0, 0x0, 0x1, 0x43, 0x0, 0x0, 0x34, 0x20,
    0x0, 0x0, 0x0, 0x0, 0x5, 0xff, 0x10, 0x0,
    0xef, 0x70, 0x0, 0x0, 0x0, 0x0, 0x1, 0xff,
    0xd6, 0x6c, 0xff, 0x20, 0x0, 0x0, 0x0, 0x0,
    0x0, 0x4f, 0xff, 0xff, 0xf6, 0x0, 0x0, 0x0,
    0x0, 0x0, 0x0, 0x2, 0x9c, 0xc9, 0x20, 0x0,
    0x0, 0x0, 0x0, 0x0, 0x0, 0x0, 0x0, 0x0,
    0x0, 0x0, 0x0, 0x0, 0x0, 0x0, 0x0, 0x7,
    0xaa, 0xaa, 0x70, 0x0, 0x0, 0x0, 0x0, 0x0,
    0x0, 0xf, 0xff, 0xff, 0xf0, 0x0, 0x0, 0x0,
    0x0, 0x0, 0x0, 0x6f, 0xff, 0xff, 0xf6, 0x0,
    0x0, 0x0, 0x0, 0x0, 0x0, 0xbf, 0xff, 0xff,
    0xfb, 0x0, 0x0, 0x0, 0x0, 0x0, 0x1, 0xff,
    0xfb, 0xcf, 0xff, 0x10, 0x0, 0x0, 0x0, 0x0,
    0x6, 0xff, 0xf7, 0x8f, 0xff, 0x60, 0x0, 0x0,
    0x0, 0x0, 0xb, 0xff, 0xf3, 0x4f, 0xff, 0xc0,
    0x0, 0x0, 0x0, 0x0, 0x1f, 0xff, 0xf0, 0xf,
    0xff, 0xf2, 0x0, 0x0, 0x0, 0x0, 0x6f, 0xff,
    0xb0, 0xb, 0xff, 0xf7, 0x0, 0x0, 0x0, 0x0,
    0xcf, 0xff, 0x60, 0x6, 0xff, 0xfd, 0x0, 0x0,
    0x0, 0x1, 0xff, 0xff, 0x20, 0x1, 0xff, 0xff,
    0x20, 0x0, 0x0, 0x7, 0xff, 0xfc, 0x0, 0x0,
    0xcf, 0xff, 0x80, 0x0, 0x0, 0xc, 0xff, 0xfe,
    0xbb, 0xbb, 0xef, 0xff, 0xe0, 0x0, 0x0, 0x2f,
    0xff, 0xff, 0xff, 0xff, 0xff, 0xff, 0xf3, 0x0,
    0x0, 0x7f, 0xff, 0xff, 0xff, 0xff, 0xff, 0xff,
    0xf9, 0x0, 0x0, 0xdf, 0xff, 0xb7, 0x77, 0x77,
    0x7a, 0xff, 0xfe, 0x0, 0x2, 0xff, 0xff, 0x30,
    0x0, 0x0, 0x1, 0xff, 0xff, 0x40, 0x8, 0xff,
    0xfe, 0x0, 0x0, 0x0, 0x0, 0xcf, 0xff, 0xa0,
    0xd, 0xff, 0xf9, 0x0, 0x0, 0x0, 0x0, 0x7f,
    0xff, 0xf0, 0x3f, 0xff, 0xf4, 0x0, 0x0, 0x0,
    0x0, 0x1f, 0xff, 0xf5,

    /* U+1EB5 "ẵ" */
    0x0, 0x0, 0x29, 0x95, 0x0, 0x7a, 0x40, 0x0,
    0x2, 0xff, 0xff, 0xd8, 0xff, 0x40, 0x0, 0x8,
    0xfd, 0x5b, 0xff, 0xfb, 0x0, 0x0, 0x4, 0x63,
    0x0, 0x36, 0x50, 0x0, 0x0, 0x4, 0x53, 0x0,
    0x0, 0x55, 0x10, 0x0, 0xa, 0xfc, 0x0, 0x4,
    0xff, 0x20, 0x0, 0x4, 0xff, 0xc7, 0x8f, 0xfc,
    0x0, 0x0, 0x0, 0x7f, 0xff, 0xff, 0xd2, 0x0,
    0x0, 0x0, 0x3, 0x8b, 0xa6, 0x0, 0x0, 0x0,
    0x0, 0x0, 0x0, 0x0, 0x0, 0x0, 0x0, 0x0,
    0x49, 0xde, 0xdb, 0x71, 0x0, 0x0, 0x1c, 0xff,
    0xff, 0xff, 0xff, 0x60, 0x0, 0xdf, 0xff, 0xff,
    0xff, 0xff, 0xf4, 0x6, 0xff, 0xfd, 0x40, 0x2a,
    0xff, 0xfb, 0x1, 0x47, 0xa1, 0x0, 0x0, 0xff,
    0xfe, 0x0, 0x0, 0x0, 0x0, 0x3, 0xff, 0xff,
    0x0, 0x0, 0x47, 0xac, 0xef, 0xff, 0xff, 0x0,
    0x6e, 0xff, 0xff, 0xff, 0xff, 0xff, 0x6, 0xff,
    0xff, 0xfc, 0x95, 0xff, 0xff, 0xe, 0xff, 0xf6,
    0x0, 0x0, 0xff, 0xff, 0x1f, 0xff, 0xb0, 0x0,
    0x1, 0xff, 0xff, 0xf, 0xff, 0xd0, 0x0, 0xa,
    0xff, 0xff, 0xd, 0xff, 0xfd, 0x88, 0xdf, 0xff,
    0xff, 0x4, 0xff, 0xff, 0xff, 0xfa, 0xcf, 0xff,
    0x0, 0x4d, 0xff, 0xff, 0x80, 0xcf, 0xff, 0x0,
    0x0, 0x24, 0x31, 0x0, 0x0, 0x0,

    /* U+1EB6 "Ặ" */
    0x0, 0x0, 0x4, 0x97, 0x0, 0x0, 0x79, 0x40,
    0x0, 0x0, 0x0, 0x0, 0x5, 0xff, 0x30, 0x2,
    0xff, 0x60, 0x0, 0x0, 0x0, 0x0, 0x0, 0xdf,
    0xfb, 0xbf, 0xfe, 0x0, 0x0, 0x0, 0x0, 0x0,
    0x0, 0x2c, 0xff, 0xff, 0xd2, 0x0, 0x0, 0x0,
    0x0, 0x0, 0x0, 0x0, 0x47, 0x74, 0x0, 0x0,
    0x0, 0x0, 0x0, 0x0, 0x0, 0x0, 0x0, 0x0,
    0x0, 0x0, 0x0, 0x0, 0x0, 0x0, 0x0, 0x7,
    0xaa, 0xaa, 0x70, 0x0, 0x0, 0x0, 0x0, 0x0,
    0x0, 0xf, 0xff, 0xff, 0xf0, 0x0, 0x0, 0x0,
    0x0, 0x0, 0x0, 0x6f, 0xff, 0xff, 0xf6, 0x0,
    0x0, 0x0, 0x0, 0x0, 0x0, 0xbf, 0xff, 0xff,
    0xfb, 0x0, 0x0, 0x0, 0x0, 0x0, 0x1, 0xff,
    0xfb, 0xcf, 0xff, 0x10, 0x0, 0x0, 0x0, 0x0,
    0x6, 0xff, 0xf7, 0x8f, 0xff, 0x60, 0x0, 0x0,
    0x0, 0x0, 0xb, 0xff, 0xf3, 0x4f, 0xff, 0xc0,
    0x0, 0x0, 0x0, 0x0, 0x1f, 0xff, 0xf0, 0xf,
    0xff, 0xf2, 0x0, 0x0, 0x0, 0x0, 0x6f, 0xff,
    0xb0, 0xb, 0xff, 0xf7, 0x0, 0x0, 0x0, 0x0,
    0xcf, 0xff, 0x60, 0x6, 0xff, 0xfd, 0x0, 0x0,
    0x0, 0x1, 0xff, 0xff, 0x20, 0x1, 0xff, 0xff,
    0x20, 0x0, 0x0, 0x7, 0xff, 0xfc, 0x0, 0x0,
    0xcf, 0xff, 0x80, 0x0, 0x0, 0xc, 0xff, 0xfe,
    0xbb, 0xbb, 0xef, 0xff, 0xe0, 0x0, 0x0, 0x2f,
    0xff, 0xff, 0xff, 0xff, 0xff, 0xff, 0xf3, 0x0,
    0x0, 0x7f, 0xff, 0xff, 0xff, 0xff, 0xff, 0xff,
    0xf9, 0x0, 0x0, 0xdf, 0xff, 0xb7, 0x77, 0x77,
    0x7a, 0xff, 0xfe, 0x0, 0x2, 0xff, 0xff, 0x30,
    0x0, 0x0, 0x1, 0xff, 0xff, 0x40, 0x8, 0xff,
    0xfe, 0x0, 0x0, 0x0, 0x0, 0xcf, 0xff, 0xa0,
    0xd, 0xff, 0xf9, 0x0, 0x0, 0x0, 0x0, 0x7f,
    0xff, 0xf0, 0x3f, 0xff, 0xf4, 0x0, 0x0, 0x0,
    0x0, 0x1f, 0xff, 0xf5, 0x0, 0x0, 0x0, 0x0,
    0x0, 0x0, 0x0, 0x0, 0x0, 0x0, 0x0, 0x0,
    0x0, 0x0, 0x0, 0x0, 0x0, 0x0, 0x0, 0x0,
    0x0, 0x0, 0x0, 0x0, 0x6f, 0xf7, 0x0, 0x0,
    0x0, 0x0, 0x0, 0x0, 0x0, 0x0, 0xff, 0xff,
    0x20, 0x0, 0x0, 0x0, 0x0, 0x0, 0x0, 0x0,
    0xff, 0xff, 0x20, 0x0, 0x0, 0x0, 0x0, 0x0,
    0x0, 0x0, 0x4d, 0xe6, 0x0, 0x0, 0x0, 0x0,

    /* U+1EB7 "ặ" */
    0x0, 0x7, 0xa6, 0x0, 0x0, 0xaa, 0x20, 0x0,
    0x9, 0xfe, 0x10, 0x7, 0xff, 0x10, 0x0, 0x2,
    0xff, 0xfc, 0xdf, 0xf9, 0x0, 0x0, 0x0, 0x3d,
    0xff, 0xff, 0x90, 0x0, 0x0, 0x0, 0x0, 0x46,
    0x51, 0x0, 0x0, 0x0, 0x0, 0x0, 0x0, 0x0,
    0x0, 0x0, 0x0, 0x0, 0x49, 0xde, 0xdb, 0x71,
    0x0, 0x0, 0x1c, 0xff, 0xff, 0xff, 0xff, 0x60,
    0x0, 0xdf, 0xff, 0xff, 0xff, 0xff, 0xf4, 0x6,
    0xff, 0xfd, 0x40, 0x2a, 0xff, 0xfb, 0x1, 0x47,
    0xa1, 0x0, 0x0, 0xff, 0xfe, 0x0, 0x0, 0x0,
    0x0, 0x3, 0xff, 0xff, 0x0, 0x0, 0x47, 0xac,
    0xef, 0xff, 0xff, 0x0, 0x6e, 0xff, 0xff, 0xff,
    0xff, 0xff, 0x6, 0xff, 0xff, 0xfc, 0x95, 0xff,
    0xff, 0xe, 0xff, 0xf6, 0x0, 0x0, 0xff, 0xff,
    0x1f, 0xff, 0xb0, 0x0, 0x1, 0xff, 0xff, 0xf,
    0xff, 0xd0, 0x0, 0xa, 0xff, 0xff, 0xd, 0xff,
    0xfd, 0x88, 0xdf, 0xff, 0xff, 0x4, 0xff, 0xff,
    0xff, 0xfa, 0xcf, 0xff, 0x0, 0x4d, 0xff, 0xff,
    0x80, 0xcf, 0xff, 0x0, 0x0, 0x24, 0x31, 0x0,
    0x0, 0x0, 0x0, 0x0, 0x0, 0x0, 0x0, 0x0,
    0x0, 0x0, 0x0, 0x0, 0xbf, 0xe3, 0x0, 0x0,
    0x0, 0x0, 0x5, 0xff, 0xfc, 0x0, 0x0, 0x0,
    0x0, 0x5, 0xff, 0xfb, 0x0, 0x0, 0x0, 0x0,
    0x0, 0x9e, 0xc2, 0x0, 0x0,

    /* U+1EB8 "Ẹ" */
    0x2a, 0xaa, 0xaa, 0xaa, 0xaa, 0xaa, 0xa9, 0x3f,
    0xff, 0xff, 0xff, 0xff, 0xff, 0xfe, 0x3f, 0xff,
    0xff, 0xff, 0xff, 0xff, 0xfe, 0x3f, 0xff, 0xeb,
    0xbb, 0xbb, 0xbb, 0xba, 0x3f, 0xff, 0xc0, 0x0,
    0x0, 0x0, 0x0, 0x3f, 0xff, 0xc0, 0x0, 0x0,
    0x0, 0x0, 0x3f, 0xff, 0xc0, 0x0, 0x0, 0x0,
    0x0, 0x3f, 0xff, 0xc0, 0x0, 0x0, 0x0, 0x0,
    0x3f, 0xff, 0xe9, 0x99, 0x99, 0x99, 0x92, 0x3f,
    0xff, 0xff, 0xff, 0xff, 0xff, 0xf3, 0x3f, 0xff,
    0xff, 0xff, 0xff, 0xff, 0xf3, 0x3f, 0xff, 0xfb,
    0xbb, 0xbb, 0xbb, 0xb2, 0x3f, 0xff, 0xc0, 0x0,
    0x0, 0x0, 0x0, 0x3f, 0xff, 0xc0, 0x0, 0x0,
    0x0, 0x0, 0x3f, 0xff, 0xc0, 0x0, 0x0, 0x0,
    0x0, 0x3f, 0xff, 0xc0, 0x0, 0x0, 0x0, 0x0,
    0x3f, 0xff, 0xd5, 0x55, 0x55, 0x55, 0x55, 0x3f,
    0xff, 0xff, 0xff, 0xff, 0xff, 0xff, 0x3f, 0xff,
    0xff, 0xff, 0xff, 0xff, 0xff, 0x3f, 0xff, 0xff,
    0xff, 0xff, 0xff, 0xff, 0x0, 0x0, 0x0, 0x0,
    0x0, 0x0, 0x0, 0x0, 0x0, 0x0, 0x0, 0x0,
    0x0, 0x0, 0x0, 0x0, 0x2, 0xdf, 0xb0, 0x0,
    0x0, 0x0, 0x0, 0xa, 0xff, 0xf7, 0x0, 0x0,
    0x0, 0x0, 0xa, 0xff, 0xf7, 0x0, 0x0, 0x0,
    0x0, 0x1, 0xcf, 0xa0, 0x0, 0x0,

    /* U+1EB9 "ẹ" */
    0x0, 0x0, 0x6b, 0xde, 0xc8, 0x20, 0x0, 0x0,
    0x3, 0xef, 0xff, 0xff, 0xff, 0x70, 0x0, 0x3,
    0xff, 0xff, 0xff, 0xff, 0xff, 0x80, 0x0, 0xdf,
    0xff, 0x82, 0x15, 0xef, 0xff, 0x20, 0x5f, 0xff,
    0x80, 0x0, 0x4, 0xff, 0xf9, 0xa, 0xff, 0xf2,
    0x0, 0x0, 0xe, 0xff, 0xd0, 0xdf, 0xff, 0xdd,
    0xdd, 0xdd, 0xff, 0xff, 0xe, 0xff, 0xff, 0xff,
    0xff, 0xff, 0xff, 0xf0, 0xdf, 0xff, 0xaa, 0xaa,
    0xaa, 0xaa, 0xaa, 0xc, 0xff, 0xf1, 0x0, 0x0,
    0x0, 0x0, 0x0, 0x8f, 0xff, 0x60, 0x0, 0x0,
    0x53, 0x0, 0x2, 0xff, 0xff, 0x30, 0x0, 0x7f,
    0xff, 0x90, 0x8, 0xff, 0xff, 0xdb, 0xdf, 0xff,
    0xf3, 0x0, 0xa, 0xff, 0xff, 0xff, 0xff, 0xf6,
    0x0, 0x0, 0x5, 0xcf, 0xff, 0xff, 0xb3, 0x0,
    0x0, 0x0, 0x0, 0x13, 0x43, 0x0, 0x0, 0x0,
    0x0, 0x0, 0x0, 0x0, 0x0, 0x0, 0x0, 0x0,
    0x0, 0x0, 0x5f, 0xf8, 0x0, 0x0, 0x0, 0x0,
    0x0, 0xf, 0xff, 0xf2, 0x0, 0x0, 0x0, 0x0,
    0x0, 0xef, 0xff, 0x20, 0x0, 0x0, 0x0, 0x0,
    0x4, 0xde, 0x60, 0x0, 0x0, 0x0,

    /* U+1EBA "Ẻ" */
    0x0, 0x0, 0x19, 0x99, 0x50, 0x0, 0x0, 0x0,
    0x0, 0x2f, 0xff, 0xf8, 0x0, 0x0, 0x0, 0x0,
    0x16, 0x6f, 0xfa, 0x0, 0x0, 0x0, 0x0, 0x0,
    0x5f, 0xf3, 0x0, 0x0, 0x0, 0x0, 0x0, 0x57,
    0x40, 0x0, 0x0, 0x0, 0x0, 0x0, 0x0, 0x0,
    0x0, 0x0, 0x2a, 0xaa, 0xaa, 0xaa, 0xaa, 0xaa,
    0xa9, 0x3f, 0xff, 0xff, 0xff, 0xff, 0xff, 0xfe,
    0x3f, 0xff, 0xff, 0xff, 0xff, 0xff, 0xfe, 0x3f,
    0xff, 0xeb, 0xbb, 0xbb, 0xbb, 0xba, 0x3f, 0xff,
    0xc0, 0x0, 0x0, 0x0, 0x0, 0x3f, 0xff, 0xc0,
    0x0, 0x0, 0x0, 0x0, 0x3f, 0xff, 0xc0, 0x0,
    0x0, 0x0, 0x0, 0x3f, 0xff, 0xc0, 0x0, 0x0,
    0x0, 0x0, 0x3f, 0xff, 0xe9, 0x99, 0x99, 0x99,
    0x92, 0x3f, 0xff, 0xff, 0xff, 0xff, 0xff, 0xf3,
    0x3f, 0xff, 0xff, 0xff, 0xff, 0xff, 0xf3, 0x3f,
    0xff, 0xfb, 0xbb, 0xbb, 0xbb, 0xb2, 0x3f, 0xff,
    0xc0, 0x0, 0x0, 0x0, 0x0, 0x3f, 0xff, 0xc0,
    0x0, 0x0, 0x0, 0x0, 0x3f, 0xff, 0xc0, 0x0,
    0x0, 0x0, 0x0, 0x3f, 0xff, 0xc0, 0x0, 0x0,
    0x0, 0x0, 0x3f, 0xff, 0xd5, 0x55, 0x55, 0x55,
    0x55, 0x3f, 0xff, 0xff, 0xff, 0xff, 0xff, 0xff,
    0x3f, 0xff, 0xff, 0xff, 0xff, 0xff, 0xff, 0x3f,
    0xff, 0xff, 0xff, 0xff, 0xff, 0xff,

    /* U+1EBB "ẻ" */
    0x0, 0x0, 0x5b, 0xba, 0x50, 0x0, 0x0, 0x0,
    0x0, 0x7, 0xff, 0xff, 0x40, 0x0, 0x0, 0x0,
    0x0, 0x25, 0x7f, 0xf5, 0x0, 0x0, 0x0, 0x0,
    0x0, 0xb, 0xfc, 0x0, 0x0, 0x0, 0x0, 0x0,
    0x0, 0x66, 0x10, 0x0, 0x0, 0x0, 0x0, 0x0,
    0x0, 0x0, 0x0, 0x0, 0x0, 0x0, 0x0, 0x6b,
    0xde, 0xc8, 0x20, 0x0, 0x0, 0x3, 0xef, 0xff,
    0xff, 0xff, 0x70, 0x0, 0x3, 0xff, 0xff, 0xff,
    0xff, 0xff, 0x80, 0x0, 0xdf, 0xff, 0x82, 0x15,
    0xef, 0xff, 0x20, 0x5f, 0xff, 0x80, 0x0, 0x4,
    0xff, 0xf9, 0xa, 0xff, 0xf2, 0x0, 0x0, 0xe,
    0xff, 0xd0, 0xdf, 0xff, 0xdd, 0xdd, 0xdd, 0xff,
    0xff, 0xe, 0xff, 0xff, 0xff, 0xff, 0xff, 0xff,
    0xf0, 0xdf, 0xff, 0xaa, 0xaa, 0xaa, 0xaa, 0xaa,
    0xc, 0xff, 0xf1, 0x0, 0x0, 0x0, 0x0, 0x0,
    0x8f, 0xff, 0x60, 0x0, 0x0, 0x53, 0x0, 0x2,
    0xff, 0xff, 0x30, 0x0, 0x7f, 0xff, 0x90, 0x8,
    0xff, 0xff, 0xdb, 0xdf, 0xff, 0xf3, 0x0, 0xa,
    0xff, 0xff, 0xff, 0xff, 0xf6, 0x0, 0x0, 0x5,
    0xcf, 0xff, 0xff, 0xb3, 0x0, 0x0, 0x0, 0x0,
    0x13, 0x43, 0x0, 0x0, 0x0,

    /* U+1EBC "Ẽ" */
    0x0, 0x0, 0x25, 0x20, 0x0, 0x44, 0x0, 0x0,
    0x5, 0xff, 0xfa, 0x26, 0xfd, 0x0, 0x0, 0xe,
    0xfe, 0xff, 0xff, 0xf9, 0x0, 0x0, 0x1f, 0xf2,
    0x1a, 0xff, 0xc1, 0x0, 0x0, 0x1, 0x10, 0x0,
    0x1, 0x0, 0x0, 0x0, 0x0, 0x0, 0x0, 0x0,
    0x0, 0x0, 0x2a, 0xaa, 0xaa, 0xaa, 0xaa, 0xaa,
    0xa9, 0x3f, 0xff, 0xff, 0xff, 0xff, 0xff, 0xfe,
    0x3f, 0xff, 0xff, 0xff, 0xff, 0xff, 0xfe, 0x3f,
    0xff, 0xeb, 0xbb, 0xbb, 0xbb, 0xba, 0x3f, 0xff,
    0xc0, 0x0, 0x0, 0x0, 0x0, 0x3f, 0xff, 0xc0,
    0x0, 0x0, 0x0, 0x0, 0x3f, 0xff, 0xc0, 0x0,
    0x0, 0x0, 0x0, 0x3f, 0xff, 0xc0, 0x0, 0x0,
    0x0, 0x0, 0x3f, 0xff, 0xe9, 0x99, 0x99, 0x99,
    0x92, 0x3f, 0xff, 0xff, 0xff, 0xff, 0xff, 0xf3,
    0x3f, 0xff, 0xff, 0xff, 0xff, 0xff, 0xf3, 0x3f,
    0xff, 0xfb, 0xbb, 0xbb, 0xbb, 0xb2, 0x3f, 0xff,
    0xc0, 0x0, 0x0, 0x0, 0x0, 0x3f, 0xff, 0xc0,
    0x0, 0x0, 0x0, 0x0, 0x3f, 0xff, 0xc0, 0x0,
    0x0, 0x0, 0x0, 0x3f, 0xff, 0xc0, 0x0, 0x0,
    0x0, 0x0, 0x3f, 0xff, 0xd5, 0x55, 0x55, 0x55,
    0x55, 0x3f, 0xff, 0xff, 0xff, 0xff, 0xff, 0xff,
    0x3f, 0xff, 0xff, 0xff, 0xff, 0xff, 0xff, 0x3f,
    0xff, 0xff, 0xff, 0xff, 0xff, 0xff,

    /* U+1EBD "ẽ" */
    0x0, 0x0, 0x46, 0x20, 0x3, 0x64, 0x0, 0x0,
    0x0, 0xaf, 0xff, 0x92, 0xbf, 0x80, 0x0, 0x0,
    0x3f, 0xfd, 0xff, 0xff, 0xf3, 0x0, 0x0, 0x6,
    0xfc, 0x2, 0xbf, 0xf7, 0x0, 0x0, 0x0, 0x0,
    0x0, 0x0, 0x0, 0x0, 0x0, 0x0, 0x0, 0x0,
    0x0, 0x0, 0x0, 0x0, 0x0, 0x0, 0x0, 0x6b,
    0xde, 0xc8, 0x20, 0x0, 0x0, 0x3, 0xef, 0xff,
    0xff, 0xff, 0x70, 0x0, 0x3, 0xff, 0xff, 0xff,
    0xff, 0xff, 0x80, 0x0, 0xdf, 0xff, 0x82, 0x15,
    0xef, 0xff, 0x20, 0x5f, 0xff, 0x80, 0x0, 0x4,
    0xff, 0xf9, 0xa, 0xff, 0xf2, 0x0, 0x0, 0xe,
    0xff, 0xd0, 0xdf, 0xff, 0xdd, 0xdd, 0xdd, 0xff,
    0xff, 0xe, 0xff, 0xff, 0xff, 0xff, 0xff, 0xff,
    0xf0, 0xdf, 0xff, 0xaa, 0xaa, 0xaa, 0xaa, 0xaa,
    0xc, 0xff, 0xf1, 0x0, 0x0, 0x0, 0x0, 0x0,
    0x8f, 0xff, 0x60, 0x0, 0x0, 0x53, 0x0, 0x2,
    0xff, 0xff, 0x30, 0x0, 0x7f, 0xff, 0x90, 0x8,
    0xff, 0xff, 0xdb, 0xdf, 0xff, 0xf3, 0x0, 0xa,
    0xff, 0xff, 0xff, 0xff, 0xf6, 0x0, 0x0, 0x5,
    0xcf, 0xff, 0xff, 0xb3, 0x0, 0x0, 0x0, 0x0,
    0x13, 0x43, 0x0, 0x0, 0x0,

    /* U+1EBE "Ế" */
    0x0, 0x0, 0x0, 0x0, 0x0, 0x1d, 0xdc, 0x0,
    0x0, 0x0, 0x0, 0x0, 0x9, 0xff, 0x40, 0x0,
    0x0, 0x0, 0x0, 0x1, 0xff, 0xa0, 0x0, 0x0,
    0x0, 0x0, 0x0, 0x4b, 0xa0, 0x0, 0x0, 0x0,
    0x0, 0x44, 0x40, 0x0, 0x0, 0x0, 0x0, 0x0,
    0xcf, 0xff, 0xa0, 0x0, 0x0, 0x0, 0x0, 0xcf,
    0xfc, 0xff, 0xa0, 0x0, 0x0, 0x0, 0xcf, 0xf9,
    0xb, 0xff, 0xa0, 0x0, 0x0, 0x7c, 0xca, 0x0,
    0x1b, 0xcc, 0x50, 0x0, 0x0, 0x0, 0x0, 0x0,
    0x0, 0x0, 0x0, 0x2a, 0xaa, 0xaa, 0xaa, 0xaa,
    0xaa, 0xa9, 0x3, 0xff, 0xff, 0xff, 0xff, 0xff,
    0xff, 0xe0, 0x3f, 0xff, 0xff, 0xff, 0xff, 0xff,
    0xfe, 0x3, 0xff, 0xfe, 0xbb, 0xbb, 0xbb, 0xbb,
    0xa0, 0x3f, 0xff, 0xc0, 0x0, 0x0, 0x0, 0x0,
    0x3, 0xff, 0xfc, 0x0, 0x0, 0x0, 0x0, 0x0,
    0x3f, 0xff, 0xc0, 0x0, 0x0, 0x0, 0x0, 0x3,
    0xff, 0xfc, 0x0, 0x0, 0x0, 0x0, 0x0, 0x3f,
    0xff, 0xe9, 0x99, 0x99, 0x99, 0x92, 0x3, 0xff,
    0xff, 0xff, 0xff, 0xff, 0xff, 0x30, 0x3f, 0xff,
    0xff, 0xff, 0xff, 0xff, 0xf3, 0x3, 0xff, 0xff,
    0xbb, 0xbb, 0xbb, 0xbb, 0x20, 0x3f, 0xff, 0xc0,
    0x0, 0x0, 0x0, 0x0, 0x3, 0xff, 0xfc, 0x0,
    0x0, 0x0, 0x0, 0x0, 0x3f, 0xff, 0xc0, 0x0,
    0x0, 0x0, 0x0, 0x3, 0xff, 0xfc, 0x0, 0x0,
    0x0, 0x0, 0x0, 0x3f, 0xff, 0xd5, 0x55, 0x55,
    0x55, 0x55, 0x3, 0xff, 0xff, 0xff, 0xff, 0xff,
    0xff, 0xf0, 0x3f, 0xff, 0xff, 0xff, 0xff, 0xff,
    0xff, 0x3, 0xff, 0xff, 0xff, 0xff, 0xff, 0xff,
    0xf0,

    /* U+1EBF "ế" */
    0x0, 0x0, 0x0, 0x0, 0x0, 0x6f, 0xf9, 0x0,
    0x0, 0x0, 0x0, 0x0, 0xe, 0xfe, 0x10, 0x0,
    0x0, 0x0, 0x0, 0x5, 0xff, 0x40, 0x0, 0x0,
    0x0, 0x0, 0x0, 0x79, 0x60, 0x0, 0x0, 0x0,
    0x3, 0x55, 0x40, 0x0, 0x0, 0x0, 0x0, 0x4,
    0xff, 0xff, 0x70, 0x0, 0x0, 0x0, 0x3, 0xff,
    0xec, 0xff, 0x70, 0x0, 0x0, 0x3, 0xff, 0xf3,
    0x1e, 0xff, 0x60, 0x0, 0x0, 0x9a, 0xa5, 0x0,
    0x2a, 0xaa, 0x20, 0x0, 0x0, 0x0, 0x0, 0x0,
    0x0, 0x0, 0x0, 0x0, 0x0, 0x6b, 0xde, 0xc8,
    0x20, 0x0, 0x0, 0x3, 0xef, 0xff, 0xff, 0xff,
    0x70, 0x0, 0x3, 0xff, 0xff, 0xff, 0xff, 0xff,
    0x80, 0x0, 0xdf, 0xff, 0x82, 0x15, 0xef, 0xff,
    0x20, 0x5f, 0xff, 0x80, 0x0, 0x4, 0xff, 0xf9,
    0xa, 0xff, 0xf2, 0x0, 0x0, 0xe, 0xff, 0xd0,
    0xdf, 0xff, 0xdd, 0xdd, 0xdd, 0xff, 0xff, 0xe,
    0xff, 0xff, 0xff, 0xff, 0xff, 0xff, 0xf0, 0xdf,
    0xff, 0xaa, 0xaa, 0xaa, 0xaa, 0xaa, 0xc, 0xff,
    0xf1, 0x0, 0x0, 0x0, 0x0, 0x0, 0x8f, 0xff,
    0x60, 0x0, 0x0, 0x53, 0x0, 0x2, 0xff, 0xff,
    0x30, 0x0, 0x7f, 0xff, 0x90, 0x8, 0xff, 0xff,
    0xdb, 0xdf, 0xff, 0xf3, 0x0, 0xa, 0xff, 0xff,
    0xff, 0xff, 0xf6, 0x0, 0x0, 0x5, 0xcf, 0xff,
    0xff, 0xb3, 0x0, 0x0, 0x0, 0x0, 0x13, 0x43,
    0x0, 0x0, 0x0,

    /* U+1EC0 "Ề" */
    0x0, 0x0, 0x0, 0x0, 0x7d, 0xd7, 0x0, 0x0,
    0x0, 0x0, 0x0, 0xd, 0xfe, 0x0, 0x0, 0x0,
    0x0, 0x0, 0x3, 0xff, 0x70, 0x0, 0x0, 0x0,
    0x0, 0x0, 0x7b, 0x90, 0x0, 0x0, 0x0, 0x44,
    0x40, 0x0, 0x0, 0x0, 0x0, 0xc, 0xff, 0xfa,
    0x0, 0x0, 0x0, 0x0, 0xcf, 0xfc, 0xff, 0xa0,
    0x0, 0x0, 0xc, 0xff, 0x90, 0xbf, 0xfa, 0x0,
    0x0, 0x7c, 0xca, 0x0, 0x1b, 0xcc, 0x50, 0x0,
    0x0, 0x0, 0x0, 0x0, 0x0, 0x0, 0x2a, 0xaa,
    0xaa, 0xaa, 0xaa, 0xaa, 0xa9, 0x3f, 0xff, 0xff,
    0xff, 0xff, 0xff, 0xfe, 0x3f, 0xff, 0xff, 0xff,
    0xff, 0xff, 0xfe, 0x3f, 0xff, 0xeb, 0xbb, 0xbb,
    0xbb, 0xba, 0x3f, 0xff, 0xc0, 0x0, 0x0, 0x0,
    0x0, 0x3f, 0xff, 0xc0, 0x0, 0x0, 0x0, 0x0,
    0x3f, 0xff, 0xc0, 0x0, 0x0, 0x0, 0x0, 0x3f,
    0xff, 0xc0, 0x0, 0x0, 0x0, 0x0, 0x3f, 0xff,
    0xe9, 0x99, 0x99, 0x99, 0x92, 0x3f, 0xff, 0xff,
    0xff, 0xff, 0xff, 0xf3, 0x3f, 0xff, 0xff, 0xff,
    0xff, 0xff, 0xf3, 0x3f, 0xff, 0xfb, 0xbb, 0xbb,
    0xbb, 0xb2, 0x3f, 0xff, 0xc0, 0x0, 0x0, 0x0,
    0x0, 0x3f, 0xff, 0xc0, 0x0, 0x0, 0x0, 0x0,
    0x3f, 0xff, 0xc0, 0x0, 0x0, 0x0, 0x0, 0x3f,
    0xff, 0xc0, 0x0, 0x0, 0x0, 0x0, 0x3f, 0xff,
    0xd5, 0x55, 0x55, 0x55, 0x55, 0x3f, 0xff, 0xff,
    0xff, 0xff, 0xff, 0xff, 0x3f, 0xff, 0xff, 0xff,
    0xff, 0xff, 0xff, 0x3f, 0xff, 0xff, 0xff, 0xff,
    0xff, 0xff,

    /* U+1EC1 "ề" */
    0x0, 0x0, 0x0, 0x0, 0xbf, 0xf3, 0x0, 0x0,
    0x0, 0x0, 0x0, 0x2, 0xff, 0xb0, 0x0, 0x0,
    0x0, 0x0, 0x0, 0x7, 0xff, 0x20, 0x0, 0x0,
    0x0, 0x0, 0x0, 0x8, 0x95, 0x0, 0x0, 0x0,
    0x3, 0x55, 0x40, 0x0, 0x0, 0x0, 0x0, 0x4,
    0xff, 0xff, 0x70, 0x0, 0x0, 0x0, 0x3, 0xff,
    0xec, 0xff, 0x70, 0x0, 0x0, 0x3, 0xff, 0xf3,
    0x1e, 0xff, 0x60, 0x0, 0x0, 0x9a, 0xa5, 0x0,
    0x2a, 0xaa, 0x20, 0x0, 0x0, 0x0, 0x0, 0x0,
    0x0, 0x0, 0x0, 0x0, 0x0, 0x6b, 0xde, 0xc8,
    0x20, 0x0, 0x0, 0x3, 0xef, 0xff, 0xff, 0xff,
    0x70, 0x0, 0x3, 0xff, 0xff, 0xff, 0xff, 0xff,
    0x80, 0x0, 0xdf, 0xff, 0x82, 0x15, 0xef, 0xff,
    0x20, 0x5f, 0xff, 0x80, 0x0, 0x4, 0xff, 0xf9,
    0xa, 0xff, 0xf2, 0x0, 0x0, 0xe, 0xff, 0xd0,
    0xdf, 0xff, 0xdd, 0xdd, 0xdd, 0xff, 0xff, 0xe,
    0xff, 0xff, 0xff, 0xff, 0xff, 0xff, 0xf0, 0xdf,
    0xff, 0xaa, 0xaa, 0xaa, 0xaa, 0xaa, 0xc, 0xff,
    0xf1, 0x0, 0x0, 0x0, 0x0, 0x0, 0x8f, 0xff,
    0x60, 0x0, 0x0, 0x53, 0x0, 0x2, 0xff, 0xff,
    0x30, 0x0, 0x7f, 0xff, 0x90, 0x8, 0xff, 0xff,
    0xdb, 0xdf, 0xff, 0xf3, 0x0, 0xa, 0xff, 0xff,
    0xff, 0xff, 0xf6, 0x0, 0x0, 0x5, 0xcf, 0xff,
    0xff, 0xb3, 0x0, 0x0, 0x0, 0x0, 0x13, 0x43,
    0x0, 0x0, 0x0,

    /* U+1EC2 "Ể" */
    0x0, 0x0, 0x0, 0x0, 0xad, 0xc9, 0x0, 0x0,
    0x0, 0x0, 0x0, 0xbe, 0xff, 0x70, 0x0, 0x0,
    0x0, 0x0, 0x0, 0xef, 0x40, 0x0, 0x0, 0x0,
    0x0, 0x4, 0xb7, 0x0, 0x0, 0x0, 0x0, 0x44,
    0x40, 0x0, 0x0, 0x0, 0x0, 0xc, 0xff, 0xfa,
    0x0, 0x0, 0x0, 0x0, 0xcf, 0xfc, 0xff, 0xa0,
    0x0, 0x0, 0xc, 0xff, 0x90, 0xbf, 0xfa, 0x0,
    0x0, 0x7c, 0xca, 0x0, 0x1b, 0xcc, 0x50, 0x0,
    0x0, 0x0, 0x0, 0x0, 0x0, 0x0, 0x2a, 0xaa,
    0xaa, 0xaa, 0xaa, 0xaa, 0xa9, 0x3f, 0xff, 0xff,
    0xff, 0xff, 0xff, 0xfe, 0x3f, 0xff, 0xff, 0xff,
    0xff, 0xff, 0xfe, 0x3f, 0xff, 0xeb, 0xbb, 0xbb,
    0xbb, 0xba, 0x3f, 0xff, 0xc0, 0x0, 0x0, 0x0,
    0x0, 0x3f, 0xff, 0xc0, 0x0, 0x0, 0x0, 0x0,
    0x3f, 0xff, 0xc0, 0x0, 0x0, 0x0, 0x0, 0x3f,
    0xff, 0xc0, 0x0, 0x0, 0x0, 0x0, 0x3f, 0xff,
    0xe9, 0x99, 0x99, 0x99, 0x92, 0x3f, 0xff, 0xff,
    0xff, 0xff, 0xff, 0xf3, 0x3f, 0xff, 0xff, 0xff,
    0xff, 0xff, 0xf3, 0x3f, 0xff, 0xfb, 0xbb, 0xbb,
    0xbb, 0xb2, 0x3f, 0xff, 0xc0, 0x0, 0x0, 0x0,
    0x0, 0x3f, 0xff, 0xc0, 0x0, 0x0, 0x0, 0x0,
    0x3f, 0xff, 0xc0, 0x0, 0x0, 0x0, 0x0, 0x3f,
    0xff, 0xc0, 0x0, 0x0, 0x0, 0x0, 0x3f, 0xff,
    0xd5, 0x55, 0x55, 0x55, 0x55, 0x3f, 0xff, 0xff,
    0xff, 0xff, 0xff, 0xff, 0x3f, 0xff, 0xff, 0xff,
    0xff, 0xff, 0xff, 0x3f, 0xff, 0xff, 0xff, 0xff,
    0xff, 0xff,

    /* U+1EC3 "ể" */
    0x0, 0x0, 0x0, 0x0, 0xfe, 0xd8, 0x0, 0x0,
    0x0, 0x0, 0x0, 0xd, 0xdf, 0xf2, 0x0, 0x0,
    0x0, 0x0, 0x0, 0x4, 0xfe, 0x0, 0x0, 0x0,
    0x0, 0x0, 0x0, 0x69, 0x30, 0x0, 0x0, 0x0,
    0x3, 0x55, 0x40, 0x0, 0x0, 0x0, 0x0, 0x4,
    0xff, 0xff, 0x70, 0x0, 0x0, 0x0, 0x3, 0xff,
    0xec, 0xff, 0x70, 0x0, 0x0, 0x3, 0xff, 0xf3,
    0x1e, 0xff, 0x60, 0x0, 0x0, 0x9a, 0xa5, 0x0,
    0x2a, 0xaa, 0x20, 0x0, 0x0, 0x0, 0x0, 0x0,
    0x0, 0x0, 0x0, 0x0, 0x0, 0x6b, 0xde, 0xc8,
    0x20, 0x0, 0x0, 0x3, 0xef, 0xff, 0xff, 0xff,
    0x70, 0x0, 0x3, 0xff, 0xff, 0xff, 0xff, 0xff,
    0x80, 0x0, 0xdf, 0xff, 0x82, 0x15, 0xef, 0xff,
    0x20, 0x5f, 0xff, 0x80, 0x0, 0x4, 0xff, 0xf9,
    0xa, 0xff, 0xf2, 0x0, 0x0, 0xe, 0xff, 0xd0,
    0xdf, 0xff, 0xdd, 0xdd, 0xdd, 0xff, 0xff, 0xe,
    0xff, 0xff, 0xff, 0xff, 0xff, 0xff, 0xf0, 0xdf,
    0xff, 0xaa, 0xaa, 0xaa, 0xaa, 0xaa, 0xc, 0xff,
    0xf1, 0x0, 0x0, 0x0, 0x0, 0x0, 0x8f, 0xff,
    0x60, 0x0, 0x0, 0x53, 0x0, 0x2, 0xff, 0xff,
    0x30, 0x0, 0x7f, 0xff, 0x90, 0x8, 0xff, 0xff,
    0xdb, 0xdf, 0xff, 0xf3, 0x0, 0xa, 0xff, 0xff,
    0xff, 0xff, 0xf6, 0x0, 0x0, 0x5, 0xcf, 0xff,
    0xff, 0xb3, 0x0, 0x0, 0x0, 0x0, 0x13, 0x43,
    0x0, 0x0, 0x0,

    /* U+1EC4 "Ễ" */
    0x0, 0x0, 0x58, 0x71, 0x1, 0x88, 0x0, 0x0,
    0x8, 0xff, 0xff, 0x8a, 0xfc, 0x0, 0x0, 0xf,
    0xf9, 0x9f, 0xff, 0xf5, 0x0, 0x0, 0x18, 0x80,
    0x1, 0x78, 0x30, 0x0, 0x0, 0x0, 0x0, 0x44,
    0x40, 0x0, 0x0, 0x0, 0x0, 0xc, 0xff, 0xfa,
    0x0, 0x0, 0x0, 0x0, 0xcf, 0xfc, 0xff, 0xa0,
    0x0, 0x0, 0xc, 0xff, 0x90, 0xbf, 0xfa, 0x0,
    0x0, 0x7c, 0xca, 0x0, 0x1b, 0xcc, 0x50, 0x0,
    0x0, 0x0, 0x0, 0x0, 0x0, 0x0, 0x2a, 0xaa,
    0xaa, 0xaa, 0xaa, 0xaa, 0xa9, 0x3f, 0xff, 0xff,
    0xff, 0xff, 0xff, 0xfe, 0x3f, 0xff, 0xff, 0xff,
    0xff, 0xff, 0xfe, 0x3f, 0xff, 0xeb, 0xbb, 0xbb,
    0xbb, 0xba, 0x3f, 0xff, 0xc0, 0x0, 0x0, 0x0,
    0x0, 0x3f, 0xff, 0xc0, 0x0, 0x0, 0x0, 0x0,
    0x3f, 0xff, 0xc0, 0x0, 0x0, 0x0, 0x0, 0x3f,
    0xff, 0xc0, 0x0, 0x0, 0x0, 0x0, 0x3f, 0xff,
    0xe9, 0x99, 0x99, 0x99, 0x92, 0x3f, 0xff, 0xff,
    0xff, 0xff, 0xff, 0xf3, 0x3f, 0xff, 0xff, 0xff,
    0xff, 0xff, 0xf3, 0x3f, 0xff, 0xfb, 0xbb, 0xbb,
    0xbb, 0xb2, 0x3f, 0xff, 0xc0, 0x0, 0x0, 0x0,
    0x0, 0x3f, 0xff, 0xc0, 0x0, 0x0, 0x0, 0x0,
    0x3f, 0xff, 0xc0, 0x0, 0x0, 0x0, 0x0, 0x3f,
    0xff, 0xc0, 0x0, 0x0, 0x0, 0x0, 0x3f, 0xff,
    0xd5, 0x55, 0x55, 0x55, 0x55, 0x3f, 0xff, 0xff,
    0xff, 0xff, 0xff, 0xff, 0x3f, 0xff, 0xff, 0xff,
    0xff, 0xff, 0xff, 0x3f, 0xff, 0xff, 0xff, 0xff,
    0xff, 0xff,

    /* U+1EC5 "ễ" */
    0x0, 0x1, 0x8a, 0x60, 0x5, 0xa6, 0x0, 0x0,
    0x0, 0xef, 0xff, 0xe9, 0xef, 0x70, 0x0, 0x0,
    0x5f, 0xf5, 0xaf, 0xff, 0xd1, 0x0, 0x0, 0x2,
    0x64, 0x0, 0x26, 0x50, 0x0, 0x0, 0x0, 0x0,
    0x3, 0x55, 0x40, 0x0, 0x0, 0x0, 0x0, 0x4,
    0xff, 0xff, 0x70, 0x0, 0x0, 0x0, 0x3, 0xff,
    0xec, 0xff, 0x70, 0x0, 0x0, 0x3, 0xff, 0xf3,
    0x1e, 0xff, 0x60, 0x0, 0x0, 0x9a, 0xa5, 0x0,
    0x2a, 0xaa, 0x20, 0x0, 0x0, 0x0, 0x0, 0x0,
    0x0, 0x0, 0x0, 0x0, 0x0, 0x6b, 0xde, 0xc8,
    0x20, 0x0, 0x0, 0x3, 0xef, 0xff, 0xff, 0xff,
    0x70, 0x0, 0x3, 0xff, 0xff, 0xff, 0xff, 0xff,
    0x80, 0x0, 0xdf, 0xff, 0x82, 0x15, 0xef, 0xff,
    0x20, 0x5f, 0xff, 0x80, 0x0, 0x4, 0xff, 0xf9,
    0xa, 0xff, 0xf2, 0x0, 0x0, 0xe, 0xff, 0xd0,
    0xdf, 0xff, 0xdd, 0xdd, 0xdd, 0xff, 0xff, 0xe,
    0xff, 0xff, 0xff, 0xff, 0xff, 0xff, 0xf0, 0xdf,
    0xff, 0xaa, 0xaa, 0xaa, 0xaa, 0xaa, 0xc, 0xff,
    0xf1, 0x0, 0x0, 0x0, 0x0, 0x0, 0x8f, 0xff,
    0x60, 0x0, 0x0, 0x53, 0x0, 0x2, 0xff, 0xff,
    0x30, 0x0, 0x7f, 0xff, 0x90, 0x8, 0xff, 0xff,
    0xdb, 0xdf, 0xff, 0xf3, 0x0, 0xa, 0xff, 0xff,
    0xff, 0xff, 0xf6, 0x0, 0x0, 0x5, 0xcf, 0xff,
    0xff, 0xb3, 0x0, 0x0, 0x0, 0x0, 0x13, 0x43,
    0x0, 0x0, 0x0,

    /* U+1EC6 "Ệ" */
    0x0, 0x0, 0x4, 0x99, 0x92, 0x0, 0x0, 0x0,
    0x0, 0x4f, 0xff, 0xfd, 0x10, 0x0, 0x0, 0x3,
    0xff, 0xe7, 0xff, 0xd1, 0x0, 0x0, 0x3f, 0xff,
    0x40, 0x7f, 0xfd, 0x10, 0x0, 0x56, 0x63, 0x0,
    0x5, 0x66, 0x30, 0x0, 0x0, 0x0, 0x0, 0x0,
    0x0, 0x0, 0x2a, 0xaa, 0xaa, 0xaa, 0xaa, 0xaa,
    0xa9, 0x3f, 0xff, 0xff, 0xff, 0xff, 0xff, 0xfe,
    0x3f, 0xff, 0xff, 0xff, 0xff, 0xff, 0xfe, 0x3f,
    0xff, 0xeb, 0xbb, 0xbb, 0xbb, 0xba, 0x3f, 0xff,
    0xc0, 0x0, 0x0, 0x0, 0x0, 0x3f, 0xff, 0xc0,
    0x0, 0x0, 0x0, 0x0, 0x3f, 0xff, 0xc0, 0x0,
    0x0, 0x0, 0x0, 0x3f, 0xff, 0xc0, 0x0, 0x0,
    0x0, 0x0, 0x3f, 0xff, 0xe9, 0x99, 0x99, 0x99,
    0x92, 0x3f, 0xff, 0xff, 0xff, 0xff, 0xff, 0xf3,
    0x3f, 0xff, 0xff, 0xff, 0xff, 0xff, 0xf3, 0x3f,
    0xff, 0xfb, 0xbb, 0xbb, 0xbb, 0xb2, 0x3f, 0xff,
    0xc0, 0x0, 0x0, 0x0, 0x0, 0x3f, 0xff, 0xc0,
    0x0, 0x0, 0x0, 0x0, 0x3f, 0xff, 0xc0, 0x0,
    0x0, 0x0, 0x0, 0x3f, 0xff, 0xc0, 0x0, 0x0,
    0x0, 0x0, 0x3f, 0xff, 0xd5, 0x55, 0x55, 0x55,
    0x55, 0x3f, 0xff, 0xff, 0xff, 0xff, 0xff, 0xff,
    0x3f, 0xff, 0xff, 0xff, 0xff, 0xff, 0xff, 0x3f,
    0xff, 0xff, 0xff, 0xff, 0xff, 0xff, 0x0, 0x0,
    0x0, 0x0, 0x0, 0x0, 0x0, 0x0, 0x0, 0x0,
    0x0, 0x0, 0x0, 0x0, 0x0, 0x0, 0x2, 0xdf,
    0xb0, 0x0, 0x0, 0x0, 0x0, 0xa, 0xff, 0xf7,
    0x0, 0x0, 0x0, 0x0, 0xa, 0xff, 0xf7, 0x0,
    0x0, 0x0, 0x0, 0x1, 0xcf, 0xa0, 0x0, 0x0,

    /* U+1EC7 "ệ" */
    0x0, 0x0, 0x8, 0xbb, 0xa0, 0x0, 0x0, 0x0,
    0x0, 0x9, 0xff, 0xff, 0xb0, 0x0, 0x0, 0x0,
    0x9, 0xff, 0xb8, 0xff, 0xb0, 0x0, 0x0, 0x9,
    0xff, 0xc0, 0xb, 0xff, 0xb0, 0x0, 0x0, 0x44,
    0x41, 0x0, 0x4, 0x44, 0x10, 0x0, 0x0, 0x0,
    0x0, 0x0, 0x0, 0x0, 0x0, 0x0, 0x0, 0x6b,
    0xde, 0xc8, 0x20, 0x0, 0x0, 0x3, 0xef, 0xff,
    0xff, 0xff, 0x70, 0x0, 0x3, 0xff, 0xff, 0xff,
    0xff, 0xff, 0x80, 0x0, 0xdf, 0xff, 0x82, 0x15,
    0xef, 0xff, 0x20, 0x5f, 0xff, 0x80, 0x0, 0x4,
    0xff, 0xf9, 0xa, 0xff, 0xf2, 0x0, 0x0, 0xe,
    0xff, 0xd0, 0xdf, 0xff, 0xdd, 0xdd, 0xdd, 0xff,
    0xff, 0xe, 0xff, 0xff, 0xff, 0xff, 0xff, 0xff,
    0xf0, 0xdf, 0xff, 0xaa, 0xaa, 0xaa, 0xaa, 0xaa,
    0xc, 0xff, 0xf1, 0x0, 0x0, 0x0, 0x0, 0x0,
    0x8f, 0xff, 0x60, 0x0, 0x0, 0x53, 0x0, 0x2,
    0xff, 0xff, 0x30, 0x0, 0x7f, 0xff, 0x90, 0x8,
    0xff, 0xff, 0xdb, 0xdf, 0xff, 0xf3, 0x0, 0xa,
    0xff, 0xff, 0xff, 0xff, 0xf6, 0x0, 0x0, 0x5,
    0xcf, 0xff, 0xff, 0xb3, 0x0, 0x0, 0x0, 0x0,
    0x13, 0x43, 0x0, 0x0, 0x0, 0x0, 0x0, 0x0,
    0x0, 0x0, 0x0, 0x0, 0x0, 0x0, 0x0, 0x5f,
    0xf8, 0x0, 0x0, 0x0, 0x0, 0x0, 0xf, 0xff,
    0xf2, 0x0, 0x0, 0x0, 0x0, 0x0, 0xef, 0xff,
    0x20, 0x0, 0x0, 0x0, 0x0, 0x4, 0xde, 0x60,
    0x0, 0x0, 0x0,

    /* U+1EC8 "Ỉ" */
    0x79, 0x97, 0x10, 0xbf, 0xff, 0xe0, 0x46, 0xbf,
    0xf1, 0x0, 0xef, 0x90, 0x2, 0x77, 0x0, 0x0,
    0x0, 0x0, 0x2a, 0xaa, 0x80, 0x3f, 0xff, 0xc0,
    0x3f, 0xff, 0xc0, 0x3f, 0xff, 0xc0, 0x3f, 0xff,
    0xc0, 0x3f, 0xff, 0xc0, 0x3f, 0xff, 0xc0, 0x3f,
    0xff, 0xc0, 0x3f, 0xff, 0xc0, 0x3f, 0xff, 0xc0,
    0x3f, 0xff, 0xc0, 0x3f, 0xff, 0xc0, 0x3f, 0xff,
    0xc0, 0x3f, 0xff, 0xc0, 0x3f, 0xff, 0xc0, 0x3f,
    0xff, 0xc0, 0x3f, 0xff, 0xc0, 0x3f, 0xff, 0xc0,
    0x3f, 0xff, 0xc0, 0x3f, 0xff, 0xc0,

    /* U+1EC9 "ỉ" */
    0xab, 0xb8, 0x10, 0xef, 0xff, 0xd0, 0x45, 0xcf,
    0xe0, 0x2, 0xff, 0x50, 0x3, 0x65, 0x0, 0x0,
    0x0, 0x0, 0x3b, 0xbb, 0x70, 0x5f, 0xff, 0xa0,
    0x5f, 0xff, 0xa0, 0x5f, 0xff, 0xa0, 0x5f, 0xff,
    0xa0, 0x5f, 0xff, 0xa0, 0x5f, 0xff, 0xa0, 0x5f,
    0xff, 0xa0, 0x5f, 0xff, 0xa0, 0x5f, 0xff, 0xa0,
    0x5f, 0xff, 0xa0, 0x5f, 0xff, 0xa0, 0x5f, 0xff,
    0xa0, 0x5f, 0xff, 0xa0, 0x5f, 0xff, 0xa0,

    /* U+1ECA "Ị" */
    0x2a, 0xaa, 0x83, 0xff, 0xfc, 0x3f, 0xff, 0xc3,
    0xff, 0xfc, 0x3f, 0xff, 0xc3, 0xff, 0xfc, 0x3f,
    0xff, 0xc3, 0xff, 0xfc, 0x3f, 0xff, 0xc3, 0xff,
    0xfc, 0x3f, 0xff, 0xc3, 0xff, 0xfc, 0x3f, 0xff,
    0xc3, 0xff, 0xfc, 0x3f, 0xff, 0xc3, 0xff, 0xfc,
    0x3f, 0xff, 0xc3, 0xff, 0xfc, 0x3f, 0xff, 0xc3,
    0xff, 0xfc, 0x0, 0x0, 0x0, 0x0, 0x0, 0x9,
    0xfe, 0x44, 0xff, 0xfd, 0x3f, 0xff, 0xd0, 0x8e,
    0xd3,

    /* U+1ECB "ị" */
    0x5, 0xa8, 0x4, 0xff, 0xf9, 0x7f, 0xff, 0xc1,
    0xef, 0xf5, 0x0, 0x42, 0x0, 0x0, 0x0, 0x3b,
    0xbb, 0x75, 0xff, 0xfa, 0x5f, 0xff, 0xa5, 0xff,
    0xfa, 0x5f, 0xff, 0xa5, 0xff, 0xfa, 0x5f, 0xff,
    0xa5, 0xff, 0xfa, 0x5f, 0xff, 0xa5, 0xff, 0xfa,
    0x5f, 0xff, 0xa5, 0xff, 0xfa, 0x5f, 0xff, 0xa5,
    0xff, 0xfa, 0x5f, 0xff, 0xa0, 0x0, 0x0, 0x0,
    0x0, 0x0, 0xaf, 0xe3, 0x5f, 0xff, 0xc5, 0xff,
    0xfb, 0x9, 0xec, 0x20,

    /* U+1ECC "Ọ" */
    0x0, 0x0, 0x1, 0x7b, 0xde, 0xda, 0x60, 0x0,
    0x0, 0x0, 0x0, 0x8, 0xff, 0xff, 0xff, 0xff,
    0xf6, 0x0, 0x0, 0x0, 0x1c, 0xff, 0xff, 0xff,
    0xff, 0xff, 0xfa, 0x0, 0x0, 0xb, 0xff, 0xff,
    0xfc, 0xbd, 0xff, 0xff, 0xf8, 0x0, 0x6, 0xff,
    0xff, 0xa1, 0x0, 0x2, 0xcf, 0xff, 0xf3, 0x0,
    0xef, 0xff, 0xa0, 0x0, 0x0, 0x0, 0xcf, 0xff,
    0xb0, 0x4f, 0xff, 0xf1, 0x0, 0x0, 0x0, 0x3,
    0xff, 0xff, 0x18, 0xff, 0xfb, 0x0, 0x0, 0x0,
    0x0, 0xe, 0xff, 0xf4, 0xaf, 0xff, 0x70, 0x0,
    0x0, 0x0, 0x0, 0xaf, 0xff, 0x7b, 0xff, 0xf6,
    0x0, 0x0, 0x0, 0x0, 0x9, 0xff, 0xf8, 0xbf,
    0xff, 0x50, 0x0, 0x0, 0x0, 0x0, 0x8f, 0xff,
    0x8b, 0xff, 0xf6, 0x0, 0x0, 0x0, 0x0, 0xa,
    0xff, 0xf7, 0x9f, 0xff, 0x90, 0x0, 0x0, 0x0,
    0x0, 0xcf, 0xff, 0x55, 0xff, 0xfe, 0x0, 0x0,
    0x0, 0x0, 0x1f, 0xff, 0xf2, 0x1f, 0xff, 0xf6,
    0x0, 0x0, 0x0, 0x9, 0xff, 0xfd, 0x0, 0x9f,
    0xff, 0xf4, 0x0, 0x0, 0x6, 0xff, 0xff, 0x60,
    0x1, 0xef, 0xff, 0xfb, 0x65, 0x7c, 0xff, 0xff,
    0xc0, 0x0, 0x4, 0xff, 0xff, 0xff, 0xff, 0xff,
    0xff, 0xe1, 0x0, 0x0, 0x3, 0xdf, 0xff, 0xff,
    0xff, 0xff, 0xc1, 0x0, 0x0, 0x0, 0x0, 0x7d,
    0xff, 0xff, 0xfc, 0x50, 0x0, 0x0, 0x0, 0x0,
    0x0, 0x1, 0x34, 0x30, 0x0, 0x0, 0x0, 0x0,
    0x0, 0x0, 0x0, 0x0, 0x0, 0x0, 0x0, 0x0,
    0x0, 0x0, 0x0, 0x0, 0x2, 0xdf, 0xc1, 0x0,
    0x0, 0x0, 0x0, 0x0, 0x0, 0x0, 0xaf, 0xff,
    0x80, 0x0, 0x0, 0x0, 0x0, 0x0, 0x0, 0x9,
    0xff, 0xf7, 0x0, 0x0, 0x0, 0x0, 0x0, 0x0,
    0x0, 0x1b, 0xfa, 0x0, 0x0, 0x0, 0x0,

    /* U+1ECD "ọ" */
    0x0, 0x0, 0x6b, 0xde, 0xc9, 0x30, 0x0, 0x0,
    0x3, 0xef, 0xff, 0xff, 0xff, 0xa0, 0x0, 0x3,
    0xff, 0xff, 0xff, 0xff, 0xff, 0xc0, 0x0, 0xdf,
    0xff, 0xc5, 0x37, 0xff, 0xff, 0x70, 0x5f, 0xff,
    0xd0, 0x0, 0x5, 0xff, 0xfe, 0xa, 0xff, 0xf6,
    0x0, 0x0, 0xd, 0xff, 0xf3, 0xdf, 0xff, 0x30,
    0x0, 0x0, 0xaf, 0xff, 0x5e, 0xff, 0xf2, 0x0,
    0x0, 0x8, 0xff, 0xf7, 0xdf, 0xff, 0x20, 0x0,
    0x0, 0x9f, 0xff, 0x6b, 0xff, 0xf5, 0x0, 0x0,
    0xc, 0xff, 0xf4, 0x7f, 0xff, 0xb0, 0x0, 0x2,
    0xff, 0xff, 0x2, 0xff, 0xff, 0x70, 0x2, 0xdf,
    0xff, 0xa0, 0x7, 0xff, 0xff, 0xfd, 0xff, 0xff,
    0xe1, 0x0, 0x9, 0xff, 0xff, 0xff, 0xff, 0xe3,
    0x0, 0x0, 0x5, 0xcf, 0xff, 0xff, 0x91, 0x0,
    0x0, 0x0, 0x0, 0x13, 0x42, 0x0, 0x0, 0x0,
    0x0, 0x0, 0x0, 0x0, 0x0, 0x0, 0x0, 0x0,
    0x0, 0x0, 0x3e, 0xfa, 0x0, 0x0, 0x0, 0x0,
    0x0, 0xc, 0xff, 0xf5, 0x0, 0x0, 0x0, 0x0,
    0x0, 0xbf, 0xff, 0x50, 0x0, 0x0, 0x0, 0x0,
    0x2, 0xce, 0x90, 0x0, 0x0, 0x0,

    /* U+1ECE "Ỏ" */
    0x0, 0x0, 0x0, 0x19, 0x99, 0x50, 0x0, 0x0,
    0x0, 0x0, 0x0, 0x0, 0x2, 0xff, 0xff, 0x90,
    0x0, 0x0, 0x0, 0x0, 0x0, 0x0, 0x6, 0x6f,
    0xfa, 0x0, 0x0, 0x0, 0x0, 0x0, 0x0, 0x0,
    0x5, 0xff, 0x30, 0x0, 0x0, 0x0, 0x0, 0x0,
    0x0, 0x0, 0x57, 0x50, 0x0, 0x0, 0x0, 0x0,
    0x0, 0x0, 0x0, 0x0, 0x0, 0x0, 0x0, 0x0,
    0x0, 0x0, 0x0, 0x1, 0x7b, 0xde, 0xda, 0x60,
    0x0, 0x0, 0x0, 0x0, 0x8, 0xff, 0xff, 0xff,
    0xff, 0xf6, 0x0, 0x0, 0x0, 0x1c, 0xff, 0xff,
    0xff, 0xff, 0xff, 0xfa, 0x0, 0x0, 0xb, 0xff,
    0xff, 0xfc, 0xbd, 0xff, 0xff, 0xf8, 0x0, 0x6,
    0xff, 0xff, 0xa1, 0x0, 0x2, 0xcf, 0xff, 0xf3,
    0x0, 0xef, 0xff, 0xa0, 0x0, 0x0, 0x0, 0xcf,
    0xff, 0xb0, 0x4f, 0xff, 0xf1, 0x0, 0x0, 0x0,
    0x3, 0xff, 0xff, 0x18, 0xff, 0xfb, 0x0, 0x0,
    0x0, 0x0, 0xe, 0xff, 0xf4, 0xaf, 0xff, 0x70,
    0x0, 0x0, 0x0, 0x0, 0xaf, 0xff, 0x7b, 0xff,
    0xf6, 0x0, 0x0, 0x0, 0x0, 0x9, 0xff, 0xf8,
    0xbf, 0xff, 0x50, 0x0, 0x0, 0x0, 0x0, 0x8f,
    0xff, 0x8b, 0xff, 0xf6, 0x0, 0x0, 0x0, 0x0,
    0xa, 0xff, 0xf7, 0x9f, 0xff, 0x90, 0x0, 0x0,
    0x0, 0x0, 0xcf, 0xff, 0x55, 0xff, 0xfe, 0x0,
    0x0, 0x0, 0x0, 0x1f, 0xff, 0xf2, 0x1f, 0xff,
    0xf6, 0x0, 0x0, 0x0, 0x9, 0xff, 0xfd, 0x0,
    0x9f, 0xff, 0xf4, 0x0, 0x0, 0x6, 0xff, 0xff,
    0x60, 0x1, 0xef, 0xff, 0xfb, 0x65, 0x7c, 0xff,
    0xff, 0xc0, 0x0, 0x4, 0xff, 0xff, 0xff, 0xff,
    0xff, 0xff, 0xe1, 0x0, 0x0, 0x3, 0xdf, 0xff,
    0xff, 0xff, 0xff, 0xc1, 0x0, 0x0, 0x0, 0x0,
    0x7d, 0xff, 0xff, 0xfc, 0x50, 0x0, 0x0, 0x0,
    0x0, 0x0, 0x1, 0x34, 0x30, 0x0, 0x0, 0x0,
    0x0,

    /* U+1ECF "ỏ" */
    0x0, 0x0, 0x3b, 0xba, 0x60, 0x0, 0x0, 0x0,
    0x0, 0x4, 0xff, 0xff, 0x70, 0x0, 0x0, 0x0,
    0x0, 0x15, 0x5f, 0xf8, 0x0, 0x0, 0x0, 0x0,
    0x0, 0x8, 0xfe, 0x10, 0x0, 0x0, 0x0, 0x0,
    0x0, 0x56, 0x20, 0x0, 0x0, 0x0, 0x0, 0x0,
    0x0, 0x0, 0x0, 0x0, 0x0, 0x0, 0x0, 0x6b,
    0xde, 0xc9, 0x30, 0x0, 0x0, 0x3, 0xef, 0xff,
    0xff, 0xff, 0xa0, 0x0, 0x3, 0xff, 0xff, 0xff,
    0xff, 0xff, 0xc0, 0x0, 0xdf, 0xff, 0xc5, 0x37,
    0xff, 0xff, 0x70, 0x5f, 0xff, 0xd0, 0x0, 0x5,
    0xff, 0xfe, 0xa, 0xff, 0xf6, 0x0, 0x0, 0xd,
    0xff, 0xf3, 0xdf, 0xff, 0x30, 0x0, 0x0, 0xaf,
    0xff, 0x5e, 0xff, 0xf2, 0x0, 0x0, 0x8, 0xff,
    0xf7, 0xdf, 0xff, 0x20, 0x0, 0x0, 0x9f, 0xff,
    0x6b, 0xff, 0xf5, 0x0, 0x0, 0xc, 0xff, 0xf4,
    0x7f, 0xff, 0xb0, 0x0, 0x2, 0xff, 0xff, 0x2,
    0xff, 0xff, 0x70, 0x2, 0xdf, 0xff, 0xa0, 0x7,
    0xff, 0xff, 0xfd, 0xff, 0xff, 0xe1, 0x0, 0x9,
    0xff, 0xff, 0xff, 0xff, 0xe3, 0x0, 0x0, 0x5,
    0xcf, 0xff, 0xff, 0x91, 0x0, 0x0, 0x0, 0x0,
    0x13, 0x42, 0x0, 0x0, 0x0,

    /* U+1ED0 "Ố" */
    0x0, 0x0, 0x0, 0x0, 0x0, 0x0, 0x1d, 0xdc,
    0x0, 0x0, 0x0, 0x0, 0x0, 0x0, 0x0, 0x8,
    0xff, 0x50, 0x0, 0x0, 0x0, 0x0, 0x0, 0x0,
    0x0, 0xff, 0xa0, 0x0, 0x0, 0x0, 0x0, 0x0,
    0x0, 0x0, 0x4b, 0xa1, 0x0, 0x0, 0x0, 0x0,
    0x0, 0x0, 0x44, 0x40, 0x0, 0x0, 0x0, 0x0,
    0x0, 0x0, 0x0, 0xcf, 0xff, 0xb0, 0x0, 0x0,
    0x0, 0x0, 0x0, 0x0, 0xbf, 0xfc, 0xff, 0xa0,
    0x0, 0x0, 0x0, 0x0, 0x0, 0xbf, 0xf9, 0xb,
    0xff, 0xa0, 0x0, 0x0, 0x0, 0x0, 0x7c, 0xca,
    0x0, 0xa, 0xcc, 0x60, 0x0, 0x0, 0x0, 0x0,
    0x0, 0x0, 0x0, 0x0, 0x0, 0x0, 0x0, 0x0,
    0x0, 0x1, 0x7b, 0xde, 0xda, 0x60, 0x0, 0x0,
    0x0, 0x0, 0x8, 0xff, 0xff, 0xff, 0xff, 0xf6,
    0x0, 0x0, 0x0, 0x1c, 0xff, 0xff, 0xff, 0xff,
    0xff, 0xfa, 0x0, 0x0, 0xb, 0xff, 0xff, 0xfc,
    0xbd, 0xff, 0xff, 0xf8, 0x0, 0x6, 0xff, 0xff,
    0xa1, 0x0, 0x2, 0xcf, 0xff, 0xf3, 0x0, 0xef,
    0xff, 0xa0, 0x0, 0x0, 0x0, 0xcf, 0xff, 0xb0,
    0x4f, 0xff, 0xf1, 0x0, 0x0, 0x0, 0x3, 0xff,
    0xff, 0x18, 0xff, 0xfb, 0x0, 0x0, 0x0, 0x0,
    0xe, 0xff, 0xf4, 0xaf, 0xff, 0x70, 0x0, 0x0,
    0x0, 0x0, 0xaf, 0xff, 0x7b, 0xff, 0xf6, 0x0,
    0x0, 0x0, 0x0, 0x9, 0xff, 0xf8, 0xbf, 0xff,
    0x50, 0x0, 0x0, 0x0, 0x0, 0x8f, 0xff, 0x8b,
    0xff, 0xf6, 0x0, 0x0, 0x0, 0x0, 0xa, 0xff,
    0xf7, 0x9f, 0xff, 0x90, 0x0, 0x0, 0x0, 0x0,
    0xcf, 0xff, 0x55, 0xff, 0xfe, 0x0, 0x0, 0x0,
    0x0, 0x1f, 0xff, 0xf2, 0x1f, 0xff, 0xf6, 0x0,
    0x0, 0x0, 0x9, 0xff, 0xfd, 0x0, 0x9f, 0xff,
    0xf4, 0x0, 0x0, 0x6, 0xff, 0xff, 0x60, 0x1,
    0xef, 0xff, 0xfb, 0x65, 0x7c, 0xff, 0xff, 0xc0,
    0x0, 0x4, 0xff, 0xff, 0xff, 0xff, 0xff, 0xff,
    0xe1, 0x0, 0x0, 0x3, 0xdf, 0xff, 0xff, 0xff,
    0xff, 0xc1, 0x0, 0x0, 0x0, 0x0, 0x7d, 0xff,
    0xff, 0xfc, 0x50, 0x0, 0x0, 0x0, 0x0, 0x0,
    0x1, 0x34, 0x30, 0x0, 0x0, 0x0, 0x0,

    /* U+1ED1 "ố" */
    0x0, 0x0, 0x0, 0x0, 0x0, 0x3f, 0xfc, 0x0,
    0x0, 0x0, 0x0, 0x0, 0xb, 0xff, 0x20, 0x0,
    0x0, 0x0, 0x0, 0x2, 0xff, 0x70, 0x0, 0x0,
    0x0, 0x0, 0x0, 0x59, 0x80, 0x0, 0x0, 0x0,
    0x2, 0x55, 0x50, 0x0, 0x0, 0x0, 0x0, 0x2,
    0xef, 0xff, 0xa0, 0x0, 0x0, 0x0, 0x2, 0xef,
    0xfb, 0xff, 0xa0, 0x0, 0x0, 0x1, 0xdf, 0xf6,
    0xc, 0xff, 0x90, 0x0, 0x0, 0x8a, 0xa7, 0x0,
    0x1a, 0xaa, 0x40, 0x0, 0x0, 0x0, 0x0, 0x0,
    0x0, 0x0, 0x0, 0x0, 0x0, 0x6b, 0xde, 0xc9,
    0x30, 0x0, 0x0, 0x3, 0xef, 0xff, 0xff, 0xff,
    0xa0, 0x0, 0x3, 0xff, 0xff, 0xff, 0xff, 0xff,
    0xc0, 0x0, 0xdf, 0xff, 0xc5, 0x37, 0xff, 0xff,
    0x70, 0x5f, 0xff, 0xd0, 0x0, 0x5, 0xff, 0xfe,
    0xa, 0xff, 0xf6, 0x0, 0x0, 0xd, 0xff, 0xf3,
    0xdf, 0xff, 0x30, 0x0, 0x0, 0xaf, 0xff, 0x5e,
    0xff, 0xf2, 0x0, 0x0, 0x8, 0xff, 0xf7, 0xdf,
    0xff, 0x20, 0x0, 0x0, 0x9f, 0xff, 0x6b, 0xff,
    0xf5, 0x0, 0x0, 0xc, 0xff, 0xf4, 0x7f, 0xff,
    0xb0, 0x0, 0x2, 0xff, 0xff, 0x2, 0xff, 0xff,
    0x70, 0x2, 0xdf, 0xff, 0xa0, 0x7, 0xff, 0xff,
    0xfd, 0xff, 0xff, 0xe1, 0x0, 0x9, 0xff, 0xff,
    0xff, 0xff, 0xe3, 0x0, 0x0, 0x5, 0xcf, 0xff,
    0xff, 0x91, 0x0, 0x0, 0x0, 0x0, 0x13, 0x42,
    0x0, 0x0, 0x0,

    /* U+1ED2 "Ồ" */
    0x0, 0x0, 0x0, 0x0, 0x0, 0x6d, 0xd7, 0x0,
    0x0, 0x0, 0x0, 0x0, 0x0, 0x0, 0x0, 0xdf,
    0xf0, 0x0, 0x0, 0x0, 0x0, 0x0, 0x0, 0x0,
    0x3, 0xff, 0x70, 0x0, 0x0, 0x0, 0x0, 0x0,
    0x0, 0x0, 0x6, 0xb9, 0x0, 0x0, 0x0, 0x0,
    0x0, 0x0, 0x44, 0x40, 0x0, 0x0, 0x0, 0x0,
    0x0, 0x0, 0x0, 0xcf, 0xff, 0xb0, 0x0, 0x0,
    0x0, 0x0, 0x0, 0x0, 0xbf, 0xfc, 0xff, 0xa0,
    0x0, 0x0, 0x0, 0x0, 0x0, 0xbf, 0xf9, 0xb,
    0xff, 0xa0, 0x0, 0x0, 0x0, 0x0, 0x7c, 0xca,
    0x0, 0xa, 0xcc, 0x60, 0x0, 0x0, 0x0, 0x0,
    0x0, 0x0, 0x0, 0x0, 0x0, 0x0, 0x0, 0x0,
    0x0, 0x1, 0x7b, 0xde, 0xda, 0x60, 0x0, 0x0,
    0x0, 0x0, 0x8, 0xff, 0xff, 0xff, 0xff, 0xf6,
    0x0, 0x0, 0x0, 0x1c, 0xff, 0xff, 0xff, 0xff,
    0xff, 0xfa, 0x0, 0x0, 0xb, 0xff, 0xff, 0xfc,
    0xbd, 0xff, 0xff, 0xf8, 0x0, 0x6, 0xff, 0xff,
    0xa1, 0x0, 0x2, 0xcf, 0xff, 0xf3, 0x0, 0xef,
    0xff, 0xa0, 0x0, 0x0, 0x0, 0xcf, 0xff, 0xb0,
    0x4f, 0xff, 0xf1, 0x0, 0x0, 0x0, 0x3, 0xff,
    0xff, 0x18, 0xff, 0xfb, 0x0, 0x0, 0x0, 0x0,
    0xe, 0xff, 0xf4, 0xaf, 0xff, 0x70, 0x0, 0x0,
    0x0, 0x0, 0xaf, 0xff, 0x7b, 0xff, 0xf6, 0x0,
    0x0, 0x0, 0x0, 0x9, 0xff, 0xf8, 0xbf, 0xff,
    0x50, 0x0, 0x0, 0x0, 0x0, 0x8f, 0xff, 0x8b,
    0xff, 0xf6, 0x0, 0x0, 0x0, 0x0, 0xa, 0xff,
    0xf7, 0x9f, 0xff, 0x90, 0x0, 0x0, 0x0, 0x0,
    0xcf, 0xff, 0x55, 0xff, 0xfe, 0x0, 0x0, 0x0,
    0x0, 0x1f, 0xff, 0xf2, 0x1f, 0xff, 0xf6, 0x0,
    0x0, 0x0, 0x9, 0xff, 0xfd, 0x0, 0x9f, 0xff,
    0xf4, 0x0, 0x0, 0x6, 0xff, 0xff, 0x60, 0x1,
    0xef, 0xff, 0xfb, 0x65, 0x7c, 0xff, 0xff, 0xc0,
    0x0, 0x4, 0xff, 0xff, 0xff, 0xff, 0xff, 0xff,
    0xe1, 0x0, 0x0, 0x3, 0xdf, 0xff, 0xff, 0xff,
    0xff, 0xc1, 0x0, 0x0, 0x0, 0x0, 0x7d, 0xff,
    0xff, 0xfc, 0x50, 0x0, 0x0, 0x0, 0x0, 0x0,
    0x1, 0x34, 0x30, 0x0, 0x0, 0x0, 0x0,

    /* U+1ED3 "ồ" */
    0x0, 0x0, 0x0, 0x0, 0x9f, 0xf6, 0x0, 0x0,
    0x0, 0x0, 0x0, 0x0, 0xef, 0xe0, 0x0, 0x0,
    0x0, 0x0, 0x0, 0x4, 0xff, 0x50, 0x0, 0x0,
    0x0, 0x0, 0x0, 0x6, 0x97, 0x0, 0x0, 0x0,
    0x2, 0x55, 0x50, 0x0, 0x0, 0x0, 0x0, 0x2,
    0xef, 0xff, 0xa0, 0x0, 0x0, 0x0, 0x2, 0xef,
    0xfb, 0xff, 0xa0, 0x0, 0x0, 0x1, 0xdf, 0xf6,
    0xc, 0xff, 0x90, 0x0, 0x0, 0x8a, 0xa7, 0x0,
    0x1a, 0xaa, 0x40, 0x0, 0x0, 0x0, 0x0, 0x0,
    0x0, 0x0, 0x0, 0x0, 0x0, 0x6b, 0xde, 0xc9,
    0x30, 0x0, 0x0, 0x3, 0xef, 0xff, 0xff, 0xff,
    0xa0, 0x0, 0x3, 0xff, 0xff, 0xff, 0xff, 0xff,
    0xc0, 0x0, 0xdf, 0xff, 0xc5, 0x37, 0xff, 0xff,
    0x70, 0x5f, 0xff, 0xd0, 0x0, 0x5, 0xff, 0xfe,
    0xa, 0xff, 0xf6, 0x0, 0x0, 0xd, 0xff, 0xf3,
    0xdf, 0xff, 0x30, 0x0, 0x0, 0xaf, 0xff, 0x5e,
    0xff, 0xf2, 0x0, 0x0, 0x8, 0xff, 0xf7, 0xdf,
    0xff, 0x20, 0x0, 0x0, 0x9f, 0xff, 0x6b, 0xff,
    0xf5, 0x0, 0x0, 0xc, 0xff, 0xf4, 0x7f, 0xff,
    0xb0, 0x0, 0x2, 0xff, 0xff, 0x2, 0xff, 0xff,
    0x70, 0x2, 0xdf, 0xff, 0xa0, 0x7, 0xff, 0xff,
    0xfd, 0xff, 0xff, 0xe1, 0x0, 0x9, 0xff, 0xff,
    0xff, 0xff, 0xe3, 0x0, 0x0, 0x5, 0xcf, 0xff,
    0xff, 0x91, 0x0, 0x0, 0x0, 0x0, 0x13, 0x42,
    0x0, 0x0, 0x0,

    /* U+1ED4 "Ổ" */
    0x0, 0x0, 0x0, 0x0, 0x0, 0x9d, 0xc9, 0x10,
    0x0, 0x0, 0x0, 0x0, 0x0, 0x0, 0xa, 0xef,
    0xf8, 0x0, 0x0, 0x0, 0x0, 0x0, 0x0, 0x0,
    0x0, 0xdf, 0x40, 0x0, 0x0, 0x0, 0x0, 0x0,
    0x0, 0x0, 0x3b, 0x80, 0x0, 0x0, 0x0, 0x0,
    0x0, 0x0, 0x44, 0x40, 0x0, 0x0, 0x0, 0x0,
    0x0, 0x0, 0x0, 0xcf, 0xff, 0xb0, 0x0, 0x0,
    0x0, 0x0, 0x0, 0x0, 0xbf, 0xfc, 0xff, 0xa0,
    0x0, 0x0, 0x0, 0x0, 0x0, 0xbf, 0xf9, 0xb,
    0xff, 0xa0, 0x0, 0x0, 0x0, 0x0, 0x7c, 0xca,
    0x0, 0xa, 0xcc, 0x60, 0x0, 0x0, 0x0, 0x0,
    0x0, 0x0, 0x0, 0x0, 0x0, 0x0, 0x0, 0x0,
    0x0, 0x1, 0x7b, 0xde, 0xda, 0x60, 0x0, 0x0,
    0x0, 0x0, 0x8, 0xff, 0xff, 0xff, 0xff, 0xf6,
    0x0, 0x0, 0x0, 0x1c, 0xff, 0xff, 0xff, 0xff,
    0xff, 0xfa, 0x0, 0x0, 0xb, 0xff, 0xff, 0xfc,
    0xbd, 0xff, 0xff, 0xf8, 0x0, 0x6, 0xff, 0xff,
    0xa1, 0x0, 0x2, 0xcf, 0xff, 0xf3, 0x0, 0xef,
    0xff, 0xa0, 0x0, 0x0, 0x0, 0xcf, 0xff, 0xb0,
    0x4f, 0xff, 0xf1, 0x0, 0x0, 0x0, 0x3, 0xff,
    0xff, 0x18, 0xff, 0xfb, 0x0, 0x0, 0x0, 0x0,
    0xe, 0xff, 0xf4, 0xaf, 0xff, 0x70, 0x0, 0x0,
    0x0, 0x0, 0xaf, 0xff, 0x7b, 0xff, 0xf6, 0x0,
    0x0, 0x0, 0x0, 0x9, 0xff, 0xf8, 0xbf, 0xff,
    0x50, 0x0, 0x0, 0x0, 0x0, 0x8f, 0xff, 0x8b,
    0xff, 0xf6, 0x0, 0x0, 0x0, 0x0, 0xa, 0xff,
    0xf7, 0x9f, 0xff, 0x90, 0x0, 0x0, 0x0, 0x0,
    0xcf, 0xff, 0x55, 0xff, 0xfe, 0x0, 0x0, 0x0,
    0x0, 0x1f, 0xff, 0xf2, 0x1f, 0xff, 0xf6, 0x0,
    0x0, 0x0, 0x9, 0xff, 0xfd, 0x0, 0x9f, 0xff,
    0xf4, 0x0, 0x0, 0x6, 0xff, 0xff, 0x60, 0x1,
    0xef, 0xff, 0xfb, 0x65, 0x7c, 0xff, 0xff, 0xc0,
    0x0, 0x4, 0xff, 0xff, 0xff, 0xff, 0xff, 0xff,
    0xe1, 0x0, 0x0, 0x3, 0xdf, 0xff, 0xff, 0xff,
    0xff, 0xc1, 0x0, 0x0, 0x0, 0x0, 0x7d, 0xff,
    0xff, 0xfc, 0x50, 0x0, 0x0, 0x0, 0x0, 0x0,
    0x1, 0x34, 0x30, 0x0, 0x0, 0x0, 0x0,

    /* U+1ED5 "ổ" */
    0x0, 0x0, 0x0, 0x0, 0xcf, 0xea, 0x0, 0x0,
    0x0, 0x0, 0x0, 0xb, 0xdf, 0xf6, 0x0, 0x0,
    0x0, 0x0, 0x0, 0x1, 0xff, 0x20, 0x0, 0x0,
    0x0, 0x0, 0x0, 0x49, 0x50, 0x0, 0x0, 0x0,
    0x2, 0x55, 0x50, 0x0, 0x0, 0x0, 0x0, 0x2,
    0xef, 0xff, 0xa0, 0x0, 0x0, 0x0, 0x2, 0xef,
    0xfb, 0xff, 0xa0, 0x0, 0x0, 0x1, 0xdf, 0xf6,
    0xc, 0xff, 0x90, 0x0, 0x0, 0x8a, 0xa7, 0x0,
    0x1a, 0xaa, 0x40, 0x0, 0x0, 0x0, 0x0, 0x0,
    0x0, 0x0, 0x0, 0x0, 0x0, 0x6b, 0xde, 0xc9,
    0x30, 0x0, 0x0, 0x3, 0xef, 0xff, 0xff, 0xff,
    0xa0, 0x0, 0x3, 0xff, 0xff, 0xff, 0xff, 0xff,
    0xc0, 0x0, 0xdf, 0xff, 0xc5, 0x37, 0xff, 0xff,
    0x70, 0x5f, 0xff, 0xd0, 0x0, 0x5, 0xff, 0xfe,
    0xa, 0xff, 0xf6, 0x0, 0x0, 0xd, 0xff, 0xf3,
    0xdf, 0xff, 0x30, 0x0, 0x0, 0xaf, 0xff, 0x5e,
    0xff, 0xf2, 0x0, 0x0, 0x8, 0xff, 0xf7, 0xdf,
    0xff, 0x20, 0x0, 0x0, 0x9f, 0xff, 0x6b, 0xff,
    0xf5, 0x0, 0x0, 0xc, 0xff, 0xf4, 0x7f, 0xff,
    0xb0, 0x0, 0x2, 0xff, 0xff, 0x2, 0xff, 0xff,
    0x70, 0x2, 0xdf, 0xff, 0xa0, 0x7, 0xff, 0xff,
    0xfd, 0xff, 0xff, 0xe1, 0x0, 0x9, 0xff, 0xff,
    0xff, 0xff, 0xe3, 0x0, 0x0, 0x5, 0xcf, 0xff,
    0xff, 0x91, 0x0, 0x0, 0x0, 0x0, 0x13, 0x42,
    0x0, 0x0, 0x0,

    /* U+1ED6 "Ỗ" */
    0x0, 0x0, 0x0, 0x58, 0x71, 0x1, 0x88, 0x0,
    0x0, 0x0, 0x0, 0x0, 0x8f, 0xff, 0xf8, 0xaf,
    0xd0, 0x0, 0x0, 0x0, 0x0, 0xf, 0xf9, 0x9f,
    0xff, 0xf5, 0x0, 0x0, 0x0, 0x0, 0x0, 0x88,
    0x0, 0x16, 0x83, 0x0, 0x0, 0x0, 0x0, 0x0,
    0x0, 0x0, 0x44, 0x40, 0x0, 0x0, 0x0, 0x0,
    0x0, 0x0, 0x0, 0xcf, 0xff, 0xb0, 0x0, 0x0,
    0x0, 0x0, 0x0, 0x0, 0xbf, 0xfc, 0xff, 0xa0,
    0x0, 0x0, 0x0, 0x0, 0x0, 0xbf, 0xf9, 0xb,
    0xff, 0xa0, 0x0, 0x0, 0x0, 0x0, 0x7c, 0xca,
    0x0, 0xa, 0xcc, 0x60, 0x0, 0x0, 0x0, 0x0,
    0x0, 0x0, 0x0, 0x0, 0x0, 0x0, 0x0, 0x0,
    0x0, 0x1, 0x7b, 0xde, 0xda, 0x60, 0x0, 0x0,
    0x0, 0x0, 0x8, 0xff, 0xff, 0xff, 0xff, 0xf6,
    0x0, 0x0, 0x0, 0x1c, 0xff, 0xff, 0xff, 0xff,
    0xff, 0xfa, 0x0, 0x0, 0xb, 0xff, 0xff, 0xfc,
    0xbd, 0xff, 0xff, 0xf8, 0x0, 0x6, 0xff, 0xff,
    0xa1, 0x0, 0x2, 0xcf, 0xff, 0xf3, 0x0, 0xef,
    0xff, 0xa0, 0x0, 0x0, 0x0, 0xcf, 0xff, 0xb0,
    0x4f, 0xff, 0xf1, 0x0, 0x0, 0x0, 0x3, 0xff,
    0xff, 0x18, 0xff, 0xfb, 0x0, 0x0, 0x0, 0x0,
    0xe, 0xff, 0xf4, 0xaf, 0xff, 0x70, 0x0, 0x0,
    0x0, 0x0, 0xaf, 0xff, 0x7b, 0xff, 0xf6, 0x0,
    0x0, 0x0, 0x0, 0x9, 0xff, 0xf8, 0xbf, 0xff,
    0x50, 0x0, 0x0, 0x0, 0x0, 0x8f, 0xff, 0x8b,
    0xff, 0xf6, 0x0, 0x0, 0x0, 0x0, 0xa, 0xff,
    0xf7, 0x9f, 0xff, 0x90, 0x0, 0x0, 0x0, 0x0,
    0xcf, 0xff, 0x55, 0xff, 0xfe, 0x0, 0x0, 0x0,
    0x0, 0x1f, 0xff, 0xf2, 0x1f, 0xff, 0xf6, 0x0,
    0x0, 0x0, 0x9, 0xff, 0xfd, 0x0, 0x9f, 0xff,
    0xf4, 0x0, 0x0, 0x6, 0xff, 0xff, 0x60, 0x1,
    0xef, 0xff, 0xfb, 0x65, 0x7c, 0xff, 0xff, 0xc0,
    0x0, 0x4, 0xff, 0xff, 0xff, 0xff, 0xff, 0xff,
    0xe1, 0x0, 0x0, 0x3, 0xdf, 0xff, 0xff, 0xff,
    0xff, 0xc1, 0x0, 0x0, 0x0, 0x0, 0x7d, 0xff,
    0xff, 0xfc, 0x50, 0x0, 0x0, 0x0, 0x0, 0x0,
    0x1, 0x34, 0x30, 0x0, 0x0, 0x0, 0x0,

    /* U+1ED7 "ỗ" */
    0x0, 0x0, 0x7a, 0x81, 0x3, 0xa8, 0x0, 0x0,
    0x0, 0xbf, 0xff, 0xf9, 0xcf, 0xa0, 0x0, 0x0,
    0x2f, 0xf6, 0x8f, 0xff, 0xf3, 0x0, 0x0, 0x1,
    0x66, 0x0, 0x15, 0x61, 0x0, 0x0, 0x0, 0x0,
    0x2, 0x55, 0x50, 0x0, 0x0, 0x0, 0x0, 0x2,
    0xef, 0xff, 0xa0, 0x0, 0x0, 0x0, 0x2, 0xef,
    0xfb, 0xff, 0xa0, 0x0, 0x0, 0x1, 0xdf, 0xf6,
    0xc, 0xff, 0x90, 0x0, 0x0, 0x8a, 0xa7, 0x0,
    0x1a, 0xaa, 0x40, 0x0, 0x0, 0x0, 0x0, 0x0,
    0x0, 0x0, 0x0, 0x0, 0x0, 0x6b, 0xde, 0xc9,
    0x30, 0x0, 0x0, 0x3, 0xef, 0xff, 0xff, 0xff,
    0xa0, 0x0, 0x3, 0xff, 0xff, 0xff, 0xff, 0xff,
    0xc0, 0x0, 0xdf, 0xff, 0xc5, 0x37, 0xff, 0xff,
    0x70, 0x5f, 0xff, 0xd0, 0x0, 0x5, 0xff, 0xfe,
    0xa, 0xff, 0xf6, 0x0, 0x0, 0xd, 0xff, 0xf3,
    0xdf, 0xff, 0x30, 0x0, 0x0, 0xaf, 0xff, 0x5e,
    0xff, 0xf2, 0x0, 0x0, 0x8, 0xff, 0xf7, 0xdf,
    0xff, 0x20, 0x0, 0x0, 0x9f, 0xff, 0x6b, 0xff,
    0xf5, 0x0, 0x0, 0xc, 0xff, 0xf4, 0x7f, 0xff,
    0xb0, 0x0, 0x2, 0xff, 0xff, 0x2, 0xff, 0xff,
    0x70, 0x2, 0xdf, 0xff, 0xa0, 0x7, 0xff, 0xff,
    0xfd, 0xff, 0xff, 0xe1, 0x0, 0x9, 0xff, 0xff,
    0xff, 0xff, 0xe3, 0x0, 0x0, 0x5, 0xcf, 0xff,
    0xff, 0x91, 0x0, 0x0, 0x0, 0x0, 0x13, 0x42,
    0x0, 0x0, 0x0,

    /* U+1ED8 "Ộ" */
    0x0, 0x0, 0x0, 0x3, 0x99, 0x92, 0x0, 0x0,
    0x0, 0x0, 0x0, 0x0, 0x3, 0xff, 0xff, 0xe2,
    0x0, 0x0, 0x0, 0x0, 0x0, 0x3, 0xff, 0xf7,
    0xff, 0xd1, 0x0, 0x0, 0x0, 0x0, 0x3, 0xff,
    0xf4, 0x7, 0xff, 0xd1, 0x0, 0x0, 0x0, 0x0,
    0x46, 0x64, 0x0, 0x5, 0x66, 0x30, 0x0, 0x0,
    0x0, 0x0, 0x0, 0x0, 0x0, 0x0, 0x0, 0x0,
    0x0, 0x0, 0x0, 0x1, 0x7b, 0xde, 0xda, 0x60,
    0x0, 0x0, 0x0, 0x0, 0x8, 0xff, 0xff, 0xff,
    0xff, 0xf6, 0x0, 0x0, 0x0, 0x1c, 0xff, 0xff,
    0xff, 0xff, 0xff, 0xfa, 0x0, 0x0, 0xb, 0xff,
    0xff, 0xfc, 0xbd, 0xff, 0xff, 0xf8, 0x0, 0x6,
    0xff, 0xff, 0xa1, 0x0, 0x2, 0xcf, 0xff, 0xf3,
    0x0, 0xef, 0xff, 0xa0, 0x0, 0x0, 0x0, 0xcf,
    0xff, 0xb0, 0x4f, 0xff, 0xf1, 0x0, 0x0, 0x0,
    0x3, 0xff, 0xff, 0x18, 0xff, 0xfb, 0x0, 0x0,
    0x0, 0x0, 0xe, 0xff, 0xf4, 0xaf, 0xff, 0x70,
    0x0, 0x0, 0x0, 0x0, 0xaf, 0xff, 0x7b, 0xff,
    0xf6, 0x0, 0x0, 0x0, 0x0, 0x9, 0xff, 0xf8,
    0xbf, 0xff, 0x50, 0x0, 0x0, 0x0, 0x0, 0x8f,
    0xff, 0x8b, 0xff, 0xf6, 0x0, 0x0, 0x0, 0x0,
    0xa, 0xff, 0xf7, 0x9f, 0xff, 0x90, 0x0, 0x0,
    0x0, 0x0, 0xcf, 0xff, 0x55, 0xff, 0xfe, 0x0,
    0x0, 0x0, 0x0, 0x1f, 0xff, 0xf2, 0x1f, 0xff,
    0xf6, 0x0, 0x0, 0x0, 0x9, 0xff, 0xfd, 0x0,
    0x9f, 0xff, 0xf4, 0x0, 0x0, 0x6, 0xff, 0xff,
    0x60, 0x1, 0xef, 0xff, 0xfb, 0x65, 0x7c, 0xff,
    0xff, 0xc0, 0x0, 0x4, 0xff, 0xff, 0xff, 0xff,
    0xff, 0xff, 0xe1, 0x0, 0x0, 0x3, 0xdf, 0xff,
    0xff, 0xff, 0xff, 0xc1, 0x0, 0x0, 0x0, 0x0,
    0x7d, 0xff, 0xff, 0xfc, 0x50, 0x0, 0x0, 0x0,
    0x0, 0x0, 0x1, 0x34, 0x30, 0x0, 0x0, 0x0,
    0x0, 0x0, 0x0, 0x0, 0x0, 0x0, 0x0, 0x0,
    0x0, 0x0, 0x0, 0x0, 0x0, 0x2, 0xdf, 0xc1,
    0x0, 0x0, 0x0, 0x0, 0x0, 0x0, 0x0, 0xaf,
    0xff, 0x80, 0x0, 0x0, 0x0, 0x0, 0x0, 0x0,
    0x9, 0xff, 0xf7, 0x0, 0x0, 0x0, 0x0, 0x0,
    0x0, 0x0, 0x1b, 0xfa, 0x0, 0x0, 0x0, 0x0,

    /* U+1ED9 "ộ" */
    0x0, 0x0, 0x6, 0xbb, 0xb2, 0x0, 0x0, 0x0,
    0x0, 0x6, 0xff, 0xff, 0xd1, 0x0, 0x0, 0x0,
    0x6, 0xff, 0xd6, 0xff, 0xd1, 0x0, 0x0, 0x6,
    0xff, 0xe2, 0x8, 0xff, 0xd1, 0x0, 0x0, 0x44,
    0x42, 0x0, 0x4, 0x44, 0x20, 0x0, 0x0, 0x0,
    0x0, 0x0, 0x0, 0x0, 0x0, 0x0, 0x0, 0x6b,
    0xde, 0xc9, 0x30, 0x0, 0x0, 0x3, 0xef, 0xff,
    0xff, 0xff, 0xa0, 0x0, 0x3, 0xff, 0xff, 0xff,
    0xff, 0xff, 0xc0, 0x0, 0xdf, 0xff, 0xc5, 0x37,
    0xff, 0xff, 0x70, 0x5f, 0xff, 0xd0, 0x0, 0x5,
    0xff, 0xfe, 0xa, 0xff, 0xf6, 0x0, 0x0, 0xd,
    0xff, 0xf3, 0xdf, 0xff, 0x30, 0x0, 0x0, 0xaf,
    0xff, 0x5e, 0xff, 0xf2, 0x0, 0x0, 0x8, 0xff,
    0xf7, 0xdf, 0xff, 0x20, 0x0, 0x0, 0x9f, 0xff,
    0x6b, 0xff, 0xf5, 0x0, 0x0, 0xc, 0xff, 0xf4,
    0x7f, 0xff, 0xb0, 0x0, 0x2, 0xff, 0xff, 0x2,
    0xff, 0xff, 0x70, 0x2, 0xdf, 0xff, 0xa0, 0x7,
    0xff, 0xff, 0xfd, 0xff, 0xff, 0xe1, 0x0, 0x9,
    0xff, 0xff, 0xff, 0xff, 0xe3, 0x0, 0x0, 0x5,
    0xcf, 0xff, 0xff, 0x91, 0x0, 0x0, 0x0, 0x0,
    0x13, 0x42, 0x0, 0x0, 0x0, 0x0, 0x0, 0x0,
    0x0, 0x0, 0x0, 0x0, 0x0, 0x0, 0x0, 0x3e,
    0xfa, 0x0, 0x0, 0x0, 0x0, 0x0, 0xc, 0xff,
    0xf5, 0x0, 0x0, 0x0, 0x0, 0x0, 0xbf, 0xff,
    0x50, 0x0, 0x0, 0x0, 0x0, 0x2, 0xce, 0x90,
    0x0, 0x0, 0x0,

    /* U+1EDA "Ớ" */
    0x0, 0x0, 0x0, 0x0, 0x3, 0x99, 0x92, 0x0,
    0x0, 0x0, 0x0, 0x0, 0x0, 0x0, 0xaf, 0xfb,
    0x0, 0x0, 0x0, 0x0, 0x0, 0x0, 0x0, 0x2f,
    0xff, 0x10, 0x0, 0x0, 0x0, 0x0, 0x0, 0x0,
    0x9, 0xff, 0x60, 0x0, 0x56, 0x64, 0x0, 0x0,
    0x0, 0x0, 0x77, 0x70, 0x0, 0xd, 0xff, 0xa0,
    0x0, 0x0, 0x0, 0x0, 0x0, 0x0, 0x0, 0xdf,
    0xfa, 0x0, 0x0, 0x1, 0x7b, 0xde, 0xdc, 0xba,
    0xaf, 0xff, 0x90, 0x0, 0x8, 0xff, 0xff, 0xff,
    0xff, 0xff, 0xff, 0xf5, 0x0, 0x1c, 0xff, 0xff,
    0xff, 0xff, 0xff, 0xff, 0xc6, 0x0, 0xb, 0xff,
    0xff, 0xfc, 0xbd, 0xff, 0xff, 0xf7, 0x0, 0x6,
    0xff, 0xff, 0xa1, 0x0, 0x2, 0xcf, 0xff, 0xf3,
    0x0, 0xef, 0xff, 0xa0, 0x0, 0x0, 0x0, 0xcf,
    0xff, 0xb0, 0x4f, 0xff, 0xf1, 0x0, 0x0, 0x0,
    0x3, 0xff, 0xff, 0x18, 0xff, 0xfb, 0x0, 0x0,
    0x0, 0x0, 0xe, 0xff, 0xf4, 0xaf, 0xff, 0x70,
    0x0, 0x0, 0x0, 0x0, 0xaf, 0xff, 0x7b, 0xff,
    0xf6, 0x0, 0x0, 0x0, 0x0, 0x9, 0xff, 0xf8,
    0xbf, 0xff, 0x50, 0x0, 0x0, 0x0, 0x0, 0x8f,
    0xff, 0x8b, 0xff, 0xf6, 0x0, 0x0, 0x0, 0x0,
    0xa, 0xff, 0xf7, 0x9f, 0xff, 0x90, 0x0, 0x0,
    0x0, 0x0, 0xcf, 0xff, 0x55, 0xff, 0xfe, 0x0,
    0x0, 0x0, 0x0, 0x1f, 0xff, 0xf2, 0x1f, 0xff,
    0xf6, 0x0, 0x0, 0x0, 0x9, 0xff, 0xfd, 0x0,
    0x9f, 0xff, 0xf4, 0x0, 0x0, 0x6, 0xff, 0xff,
    0x60, 0x1, 0xef, 0xff, 0xfb, 0x65, 0x7c, 0xff,
    0xff, 0xc0, 0x0, 0x4, 0xff, 0xff, 0xff, 0xff,
    0xff, 0xff, 0xe1, 0x0, 0x0, 0x3, 0xdf, 0xff,
    0xff, 0xff, 0xff, 0xc1, 0x0, 0x0, 0x0, 0x0,
    0x7d, 0xff, 0xff, 0xfc, 0x50, 0x0, 0x0, 0x0,
    0x0, 0x0, 0x1, 0x34, 0x30, 0x0, 0x0, 0x0,
    0x0,

    /* U+1EDB "ớ" */
    0x0, 0x0, 0x0, 0x5, 0xbb, 0xb1, 0x0, 0x0,
    0x0, 0x0, 0x0, 0xd, 0xff, 0x80, 0x0, 0x0,
    0x0, 0x0, 0x0, 0x5f, 0xfd, 0x0, 0x0, 0x0,
    0x0, 0x0, 0x0, 0xcf, 0xf3, 0x0, 0xef, 0xf4,
    0x0, 0x0, 0x0, 0x66, 0x40, 0x0, 0xef, 0xf4,
    0x0, 0x0, 0x0, 0x0, 0x0, 0x0, 0xef, 0xf3,
    0x0, 0x0, 0x6b, 0xde, 0xed, 0xcc, 0xff, 0xe0,
    0x0, 0x3e, 0xff, 0xff, 0xff, 0xff, 0xfe, 0x40,
    0x3, 0xff, 0xff, 0xff, 0xff, 0xff, 0xc0, 0x0,
    0xd, 0xff, 0xfc, 0x53, 0x7f, 0xff, 0xf7, 0x0,
    0x5f, 0xff, 0xd0, 0x0, 0x5, 0xff, 0xfe, 0x0,
    0xaf, 0xff, 0x60, 0x0, 0x0, 0xdf, 0xff, 0x30,
    0xdf, 0xff, 0x30, 0x0, 0x0, 0xaf, 0xff, 0x50,
    0xef, 0xff, 0x20, 0x0, 0x0, 0x8f, 0xff, 0x70,
    0xdf, 0xff, 0x20, 0x0, 0x0, 0x9f, 0xff, 0x60,
    0xbf, 0xff, 0x50, 0x0, 0x0, 0xcf, 0xff, 0x40,
    0x7f, 0xff, 0xb0, 0x0, 0x2, 0xff, 0xff, 0x0,
    0x2f, 0xff, 0xf7, 0x0, 0x2d, 0xff, 0xfa, 0x0,
    0x7, 0xff, 0xff, 0xfd, 0xff, 0xff, 0xe1, 0x0,
    0x0, 0x9f, 0xff, 0xff, 0xff, 0xfe, 0x30, 0x0,
    0x0, 0x5, 0xcf, 0xff, 0xff, 0x91, 0x0, 0x0,
    0x0, 0x0, 0x1, 0x34, 0x20, 0x0, 0x0, 0x0,

    /* U+1EDC "Ờ" */
    0x0, 0x0, 0x4, 0x99, 0x91, 0x0, 0x0, 0x0,
    0x0, 0x0, 0x0, 0x0, 0xe, 0xff, 0x70, 0x0,
    0x0, 0x0, 0x0, 0x0, 0x0, 0x0, 0x4f, 0xfe,
    0x0, 0x0, 0x0, 0x0, 0x0, 0x0, 0x0, 0x0,
    0x9f, 0xf6, 0x0, 0x0, 0x56, 0x64, 0x0, 0x0,
    0x0, 0x0, 0x77, 0x50, 0x0, 0xd, 0xff, 0xa0,
    0x0, 0x0, 0x0, 0x0, 0x0, 0x0, 0x0, 0xdf,
    0xfa, 0x0, 0x0, 0x1, 0x7b, 0xde, 0xdc, 0xba,
    0xaf, 0xff, 0x90, 0x0, 0x8, 0xff, 0xff, 0xff,
    0xff, 0xff, 0xff, 0xf5, 0x0, 0x1c, 0xff, 0xff,
    0xff, 0xff, 0xff, 0xff, 0xc6, 0x0, 0xb, 0xff,
    0xff, 0xfc, 0xbd, 0xff, 0xff, 0xf7, 0x0, 0x6,
    0xff, 0xff, 0xa1, 0x0, 0x2, 0xcf, 0xff, 0xf3,
    0x0, 0xef, 0xff, 0xa0, 0x0, 0x0, 0x0, 0xcf,
    0xff, 0xb0, 0x4f, 0xff, 0xf1, 0x0, 0x0, 0x0,
    0x3, 0xff, 0xff, 0x18, 0xff, 0xfb, 0x0, 0x0,
    0x0, 0x0, 0xe, 0xff, 0xf4, 0xaf, 0xff, 0x70,
    0x0, 0x0, 0x0, 0x0, 0xaf, 0xff, 0x7b, 0xff,
    0xf6, 0x0, 0x0, 0x0, 0x0, 0x9, 0xff, 0xf8,
    0xbf, 0xff, 0x50, 0x0, 0x0, 0x0, 0x0, 0x8f,
    0xff, 0x8b, 0xff, 0xf6, 0x0, 0x0, 0x0, 0x0,
    0xa, 0xff, 0xf7, 0x9f, 0xff, 0x90, 0x0, 0x0,
    0x0, 0x0, 0xcf, 0xff, 0x55, 0xff, 0xfe, 0x0,
    0x0, 0x0, 0x0, 0x1f, 0xff, 0xf2, 0x1f, 0xff,
    0xf6, 0x0, 0x0, 0x0, 0x9, 0xff, 0xfd, 0x0,
    0x9f, 0xff, 0xf4, 0x0, 0x0, 0x6, 0xff, 0xff,
    0x60, 0x1, 0xef, 0xff, 0xfb, 0x65, 0x7c, 0xff,
    0xff, 0xc0, 0x0, 0x4, 0xff, 0xff, 0xff, 0xff,
    0xff, 0xff, 0xe1, 0x0, 0x0, 0x3, 0xdf, 0xff,
    0xff, 0xff, 0xff, 0xc1, 0x0, 0x0, 0x0, 0x0,
    0x7d, 0xff, 0xff, 0xfc, 0x50, 0x0, 0x0, 0x0,
    0x0, 0x0, 0x1, 0x34, 0x30, 0x0, 0x0, 0x0,
    0x0,

    /* U+1EDD "ờ" */
    0x0, 0x6, 0xbb, 0xb0, 0x0, 0x0, 0x0, 0x0,
    0x0, 0x1, 0xef, 0xf6, 0x0, 0x0, 0x0, 0x0,
    0x0, 0x0, 0x5f, 0xfd, 0x0, 0x0, 0x0, 0x0,
    0x0, 0x0, 0xa, 0xff, 0x40, 0x0, 0xef, 0xf4,
    0x0, 0x0, 0x1, 0x66, 0x30, 0x0, 0xef, 0xf4,
    0x0, 0x0, 0x0, 0x0, 0x0, 0x0, 0xef, 0xf3,
    0x0, 0x0, 0x6b, 0xde, 0xed, 0xcc, 0xff, 0xe0,
    0x0, 0x3e, 0xff, 0xff, 0xff, 0xff, 0xfe, 0x40,
    0x3, 0xff, 0xff, 0xff, 0xff, 0xff, 0xc0, 0x0,
    0xd, 0xff, 0xfc, 0x53, 0x7f, 0xff, 0xf7, 0x0,
    0x5f, 0xff, 0xd0, 0x0, 0x5, 0xff, 0xfe, 0x0,
    0xaf, 0xff, 0x60, 0x0, 0x0, 0xdf, 0xff, 0x30,
    0xdf, 0xff, 0x30, 0x0, 0x0, 0xaf, 0xff, 0x50,
    0xef, 0xff, 0x20, 0x0, 0x0, 0x8f, 0xff, 0x70,
    0xdf, 0xff, 0x20, 0x0, 0x0, 0x9f, 0xff, 0x60,
    0xbf, 0xff, 0x50, 0x0, 0x0, 0xcf, 0xff, 0x40,
    0x7f, 0xff, 0xb0, 0x0, 0x2, 0xff, 0xff, 0x0,
    0x2f, 0xff, 0xf7, 0x0, 0x2d, 0xff, 0xfa, 0x0,
    0x7, 0xff, 0xff, 0xfd, 0xff, 0xff, 0xe1, 0x0,
    0x0, 0x9f, 0xff, 0xff, 0xff, 0xfe, 0x30, 0x0,
    0x0, 0x5, 0xcf, 0xff, 0xff, 0x91, 0x0, 0x0,
    0x0, 0x0, 0x1, 0x34, 0x20, 0x0, 0x0, 0x0,

    /* U+1EDE "Ở" */
    0x0, 0x0, 0x0, 0x19, 0x99, 0x50, 0x0, 0x0,
    0x0, 0x0, 0x0, 0x0, 0x2, 0xff, 0xff, 0x90,
    0x0, 0x0, 0x0, 0x0, 0x0, 0x0, 0x6, 0x6f,
    0xfa, 0x0, 0x0, 0x0, 0x0, 0x0, 0x0, 0x0,
    0x5, 0xff, 0x30, 0x0, 0x56, 0x64, 0x0, 0x0,
    0x0, 0x0, 0x57, 0x50, 0x0, 0xd, 0xff, 0xa0,
    0x0, 0x0, 0x0, 0x0, 0x0, 0x0, 0x0, 0xdf,
    0xfa, 0x0, 0x0, 0x1, 0x7b, 0xde, 0xdc, 0xba,
    0xaf, 0xff, 0x90, 0x0, 0x8, 0xff, 0xff, 0xff,
    0xff, 0xff, 0xff, 0xf5, 0x0, 0x1c, 0xff, 0xff,
    0xff, 0xff, 0xff, 0xff, 0xc6, 0x0, 0xb, 0xff,
    0xff, 0xfc, 0xbd, 0xff, 0xff, 0xf7, 0x0, 0x6,
    0xff, 0xff, 0xa1, 0x0, 0x2, 0xcf, 0xff, 0xf3,
    0x0, 0xef, 0xff, 0xa0, 0x0, 0x0, 0x0, 0xcf,
    0xff, 0xb0, 0x4f, 0xff, 0xf1, 0x0, 0x0, 0x0,
    0x3, 0xff, 0xff, 0x18, 0xff, 0xfb, 0x0, 0x0,
    0x0, 0x0, 0xe, 0xff, 0xf4, 0xaf, 0xff, 0x70,
    0x0, 0x0, 0x0, 0x0, 0xaf, 0xff, 0x7b, 0xff,
    0xf6, 0x0, 0x0, 0x0, 0x0, 0x9, 0xff, 0xf8,
    0xbf, 0xff, 0x50, 0x0, 0x0, 0x0, 0x0, 0x8f,
    0xff, 0x8b, 0xff, 0xf6, 0x0, 0x0, 0x0, 0x0,
    0xa, 0xff, 0xf7, 0x9f, 0xff, 0x90, 0x0, 0x0,
    0x0, 0x0, 0xcf, 0xff, 0x55, 0xff, 0xfe, 0x0,
    0x0, 0x0, 0x0, 0x1f, 0xff, 0xf2, 0x1f, 0xff,
    0xf6, 0x0, 0x0, 0x0, 0x9, 0xff, 0xfd, 0x0,
    0x9f, 0xff, 0xf4, 0x0, 0x0, 0x6, 0xff, 0xff,
    0x60, 0x1, 0xef, 0xff, 0xfb, 0x65, 0x7c, 0xff,
    0xff, 0xc0, 0x0, 0x4, 0xff, 0xff, 0xff, 0xff,
    0xff, 0xff, 0xe1, 0x0, 0x0, 0x3, 0xdf, 0xff,
    0xff, 0xff, 0xff, 0xc1, 0x0, 0x0, 0x0, 0x0,
    0x7d, 0xff, 0xff, 0xfc, 0x50, 0x0, 0x0, 0x0,
    0x0, 0x0, 0x1, 0x34, 0x30, 0x0, 0x0, 0x0,
    0x0,

    /* U+1EDF "ở" */
    0x0, 0x0, 0x3b, 0xba, 0x60, 0x0, 0x0, 0x0,
    0x0, 0x0, 0x4f, 0xff, 0xf7, 0x0, 0x0, 0x0,
    0x0, 0x0, 0x15, 0x5f, 0xf8, 0x0, 0x0, 0x0,
    0x0, 0x0, 0x0, 0x8f, 0xe1, 0x0, 0xef, 0xf4,
    0x0, 0x0, 0x0, 0x56, 0x20, 0x0, 0xef, 0xf4,
    0x0, 0x0, 0x0, 0x0, 0x0, 0x0, 0xef, 0xf3,
    0x0, 0x0, 0x6b, 0xde, 0xed, 0xcc, 0xff, 0xe0,
    0x0, 0x3e, 0xff, 0xff, 0xff, 0xff, 0xfe, 0x40,
    0x3, 0xff, 0xff, 0xff, 0xff, 0xff, 0xc0, 0x0,
    0xd, 0xff, 0xfc, 0x53, 0x7f, 0xff, 0xf7, 0x0,
    0x5f, 0xff, 0xd0, 0x0, 0x5, 0xff, 0xfe, 0x0,
    0xaf, 0xff, 0x60, 0x0, 0x0, 0xdf, 0xff, 0x30,
    0xdf, 0xff, 0x30, 0x0, 0x0, 0xaf, 0xff, 0x50,
    0xef, 0xff, 0x20, 0x0, 0x0, 0x8f, 0xff, 0x70,
    0xdf, 0xff, 0x20, 0x0, 0x0, 0x9f, 0xff, 0x60,
    0xbf, 0xff, 0x50, 0x0, 0x0, 0xcf, 0xff, 0x40,
    0x7f, 0xff, 0xb0, 0x0, 0x2, 0xff, 0xff, 0x0,
    0x2f, 0xff, 0xf7, 0x0, 0x2d, 0xff, 0xfa, 0x0,
    0x7, 0xff, 0xff, 0xfd, 0xff, 0xff, 0xe1, 0x0,
    0x0, 0x9f, 0xff, 0xff, 0xff, 0xfe, 0x30, 0x0,
    0x0, 0x5, 0xcf, 0xff, 0xff, 0x91, 0x0, 0x0,
    0x0, 0x0, 0x1, 0x34, 0x20, 0x0, 0x0, 0x0,

    /* U+1EE0 "Ỡ" */
    0x0, 0x0, 0x0, 0x15, 0x20, 0x0, 0x44, 0x0,
    0x0, 0x0, 0x0, 0x0, 0x4f, 0xff, 0xb2, 0x6f,
    0xd0, 0x0, 0x0, 0x0, 0x0, 0xd, 0xff, 0xff,
    0xff, 0xf9, 0x0, 0x0, 0x0, 0x0, 0x1, 0xff,
    0x21, 0xaf, 0xfc, 0x10, 0x56, 0x64, 0x0, 0x0,
    0x1, 0x10, 0x0, 0x1, 0x0, 0xd, 0xff, 0xa0,
    0x0, 0x0, 0x0, 0x0, 0x0, 0x0, 0x0, 0xdf,
    0xfa, 0x0, 0x0, 0x1, 0x7b, 0xde, 0xdc, 0xba,
    0xaf, 0xff, 0x90, 0x0, 0x8, 0xff, 0xff, 0xff,
    0xff, 0xff, 0xff, 0xf5, 0x0, 0x1c, 0xff, 0xff,
    0xff, 0xff, 0xff, 0xff, 0xc6, 0x0, 0xb, 0xff,
    0xff, 0xfc, 0xbd, 0xff, 0xff, 0xf7, 0x0, 0x6,
    0xff, 0xff, 0xa1, 0x0, 0x2, 0xcf, 0xff, 0xf3,
    0x0, 0xef, 0xff, 0xa0, 0x0, 0x0, 0x0, 0xcf,
    0xff, 0xb0, 0x4f, 0xff, 0xf1, 0x0, 0x0, 0x0,
    0x3, 0xff, 0xff, 0x18, 0xff, 0xfb, 0x0, 0x0,
    0x0, 0x0, 0xe, 0xff, 0xf4, 0xaf, 0xff, 0x70,
    0x0, 0x0, 0x0, 0x0, 0xaf, 0xff, 0x7b, 0xff,
    0xf6, 0x0, 0x0, 0x0, 0x0, 0x9, 0xff, 0xf8,
    0xbf, 0xff, 0x50, 0x0, 0x0, 0x0, 0x0, 0x8f,
    0xff, 0x8b, 0xff, 0xf6, 0x0, 0x0, 0x0, 0x0,
    0xa, 0xff, 0xf7, 0x9f, 0xff, 0x90, 0x0, 0x0,
    0x0, 0x0, 0xcf, 0xff, 0x55, 0xff, 0xfe, 0x0,
    0x0, 0x0, 0x0, 0x1f, 0xff, 0xf2, 0x1f, 0xff,
    0xf6, 0x0, 0x0, 0x0, 0x9, 0xff, 0xfd, 0x0,
    0x9f, 0xff, 0xf4, 0x0, 0x0, 0x6, 0xff, 0xff,
    0x60, 0x1, 0xef, 0xff, 0xfb, 0x65, 0x7c, 0xff,
    0xff, 0xc0, 0x0, 0x4, 0xff, 0xff, 0xff, 0xff,
    0xff, 0xff, 0xe1, 0x0, 0x0, 0x3, 0xdf, 0xff,
    0xff, 0xff, 0xff, 0xc1, 0x0, 0x0, 0x0, 0x0,
    0x7d, 0xff, 0xff, 0xfc, 0x50, 0x0, 0x0, 0x0,
    0x0, 0x0, 0x1, 0x34, 0x30, 0x0, 0x0, 0x0,
    0x0,

    /* U+1EE1 "ỡ" */
    0x0, 0x0, 0x0, 0x0, 0x0, 0x10, 0x0, 0x0,
    0x0, 0x0, 0x9f, 0xf7, 0x1e, 0xd0, 0x0, 0x0,
    0x0, 0x3, 0xfd, 0xdf, 0xff, 0x90, 0x0, 0x0,
    0x0, 0x4, 0xb4, 0x6, 0xb8, 0x0, 0xef, 0xf4,
    0x0, 0x0, 0x0, 0x0, 0x0, 0x0, 0xef, 0xf4,
    0x0, 0x0, 0x0, 0x0, 0x0, 0x0, 0xef, 0xf3,
    0x0, 0x0, 0x6b, 0xde, 0xed, 0xcc, 0xff, 0xe0,
    0x0, 0x3e, 0xff, 0xff, 0xff, 0xff, 0xfe, 0x40,
    0x3, 0xff, 0xff, 0xff, 0xff, 0xff, 0xc0, 0x0,
    0xd, 0xff, 0xfc, 0x53, 0x7f, 0xff, 0xf7, 0x0,
    0x5f, 0xff, 0xd0, 0x0, 0x5, 0xff, 0xfe, 0x0,
    0xaf, 0xff, 0x60, 0x0, 0x0, 0xdf, 0xff, 0x30,
    0xdf, 0xff, 0x30, 0x0, 0x0, 0xaf, 0xff, 0x50,
    0xef, 0xff, 0x20, 0x0, 0x0, 0x8f, 0xff, 0x70,
    0xdf, 0xff, 0x20, 0x0, 0x0, 0x9f, 0xff, 0x60,
    0xbf, 0xff, 0x50, 0x0, 0x0, 0xcf, 0xff, 0x40,
    0x7f, 0xff, 0xb0, 0x0, 0x2, 0xff, 0xff, 0x0,
    0x2f, 0xff, 0xf7, 0x0, 0x2d, 0xff, 0xfa, 0x0,
    0x7, 0xff, 0xff, 0xfd, 0xff, 0xff, 0xe1, 0x0,
    0x0, 0x9f, 0xff, 0xff, 0xff, 0xfe, 0x30, 0x0,
    0x0, 0x5, 0xcf, 0xff, 0xff, 0x91, 0x0, 0x0,
    0x0, 0x0, 0x1, 0x34, 0x20, 0x0, 0x0, 0x0,

    /* U+1EE2 "Ợ" */
    0x0, 0x0, 0x0, 0x0, 0x0, 0x0, 0x0, 0x5,
    0x66, 0x40, 0x0, 0x0, 0x0, 0x0, 0x0, 0x0,
    0x0, 0xdf, 0xfa, 0x0, 0x0, 0x0, 0x0, 0x0,
    0x0, 0x0, 0xd, 0xff, 0xa0, 0x0, 0x0, 0x17,
    0xbd, 0xed, 0xcb, 0xaa, 0xff, 0xf9, 0x0, 0x0,
    0x8f, 0xff, 0xff, 0xff, 0xff, 0xff, 0xff, 0x50,
    0x1, 0xcf, 0xff, 0xff, 0xff, 0xff, 0xff, 0xfc,
    0x60, 0x0, 0xbf, 0xff, 0xff, 0xcb, 0xdf, 0xff,
    0xff, 0x70, 0x0, 0x6f, 0xff, 0xfa, 0x10, 0x0,
    0x2c, 0xff, 0xff, 0x30, 0xe, 0xff, 0xfa, 0x0,
    0x0, 0x0, 0xc, 0xff, 0xfb, 0x4, 0xff, 0xff,
    0x10, 0x0, 0x0, 0x0, 0x3f, 0xff, 0xf1, 0x8f,
    0xff, 0xb0, 0x0, 0x0, 0x0, 0x0, 0xef, 0xff,
    0x4a, 0xff, 0xf7, 0x0, 0x0, 0x0, 0x0, 0xa,
    0xff, 0xf7, 0xbf, 0xff, 0x60, 0x0, 0x0, 0x0,
    0x0, 0x9f, 0xff, 0x8b, 0xff, 0xf5, 0x0, 0x0,
    0x0, 0x0, 0x8, 0xff, 0xf8, 0xbf, 0xff, 0x60,
    0x0, 0x0, 0x0, 0x0, 0xaf, 0xff, 0x79, 0xff,
    0xf9, 0x0, 0x0, 0x0, 0x0, 0xc, 0xff, 0xf5,
    0x5f, 0xff, 0xe0, 0x0, 0x0, 0x0, 0x1, 0xff,
    0xff, 0x21, 0xff, 0xff, 0x60, 0x0, 0x0, 0x0,
    0x9f, 0xff, 0xd0, 0x9, 0xff, 0xff, 0x40, 0x0,
    0x0, 0x6f, 0xff, 0xf6, 0x0, 0x1e, 0xff, 0xff,
    0xb6, 0x57, 0xcf, 0xff, 0xfc, 0x0, 0x0, 0x4f,
    0xff, 0xff, 0xff, 0xff, 0xff, 0xfe, 0x10, 0x0,
    0x0, 0x3d, 0xff, 0xff, 0xff, 0xff, 0xfc, 0x10,
    0x0, 0x0, 0x0, 0x7, 0xdf, 0xff, 0xff, 0xc5,
    0x0, 0x0, 0x0, 0x0, 0x0, 0x0, 0x13, 0x43,
    0x0, 0x0, 0x0, 0x0, 0x0, 0x0, 0x0, 0x0,
    0x0, 0x0, 0x0, 0x0, 0x0, 0x0, 0x0, 0x0,
    0x0, 0x2d, 0xfc, 0x10, 0x0, 0x0, 0x0, 0x0,
    0x0, 0x0, 0xa, 0xff, 0xf8, 0x0, 0x0, 0x0,
    0x0, 0x0, 0x0, 0x0, 0x9f, 0xff, 0x70, 0x0,
    0x0, 0x0, 0x0, 0x0, 0x0, 0x1, 0xbf, 0xa0,
    0x0, 0x0, 0x0, 0x0,

    /* U+1EE3 "ợ" */
    0x0, 0x0, 0x0, 0x0, 0x0, 0x0, 0x0, 0x0,
    0x0, 0x0, 0x0, 0x0, 0x0, 0x0, 0xef, 0xf4,
    0x0, 0x0, 0x0, 0x0, 0x0, 0x0, 0xef, 0xf4,
    0x0, 0x0, 0x0, 0x0, 0x0, 0x0, 0xef, 0xf3,
    0x0, 0x0, 0x6b, 0xde, 0xed, 0xcc, 0xff, 0xe0,
    0x0, 0x3e, 0xff, 0xff, 0xff, 0xff, 0xfe, 0x40,
    0x3, 0xff, 0xff, 0xff, 0xff, 0xff, 0xc0, 0x0,
    0xd, 0xff, 0xfc, 0x53, 0x7f, 0xff, 0xf7, 0x0,
    0x5f, 0xff, 0xd0, 0x0, 0x5, 0xff, 0xfe, 0x0,
    0xaf, 0xff, 0x60, 0x0, 0x0, 0xdf, 0xff, 0x30,
    0xdf, 0xff, 0x30, 0x0, 0x0, 0xaf, 0xff, 0x50,
    0xef, 0xff, 0x20, 0x0, 0x0, 0x8f, 0xff, 0x70,
    0xdf, 0xff, 0x20, 0x0, 0x0, 0x9f, 0xff, 0x60,
    0xbf, 0xff, 0x50, 0x0, 0x0, 0xcf, 0xff, 0x40,
    0x7f, 0xff, 0xb0, 0x0, 0x2, 0xff, 0xff, 0x0,
    0x2f, 0xff, 0xf7, 0x0, 0x2d, 0xff, 0xfa, 0x0,
    0x7, 0xff, 0xff, 0xfd, 0xff, 0xff, 0xe1, 0x0,
    0x0, 0x9f, 0xff, 0xff, 0xff, 0xfe, 0x30, 0x0,
    0x0, 0x5, 0xcf, 0xff, 0xff, 0x91, 0x0, 0x0,
    0x0, 0x0, 0x1, 0x34, 0x20, 0x0, 0x0, 0x0,
    0x0, 0x0, 0x0, 0x0, 0x0, 0x0, 0x0, 0x0,
    0x0, 0x0, 0x3, 0xef, 0xa0, 0x0, 0x0, 0x0,
    0x0, 0x0, 0xc, 0xff, 0xf5, 0x0, 0x0, 0x0,
    0x0, 0x0, 0xb, 0xff, 0xf5, 0x0, 0x0, 0x0,
    0x0, 0x0, 0x2, 0xce, 0x90, 0x0, 0x0, 0x0,

    /* U+1EE4 "Ụ" */
    0x2a, 0xaa, 0x80, 0x0, 0x0, 0x0, 0xa, 0xaa,
    0xa3, 0xff, 0xfc, 0x0, 0x0, 0x0, 0x0, 0xff,
    0xff, 0x3f, 0xff, 0xc0, 0x0, 0x0, 0x0, 0xf,
    0xff, 0xf3, 0xff, 0xfc, 0x0, 0x0, 0x0, 0x0,
    0xff, 0xff, 0x3f, 0xff, 0xc0, 0x0, 0x0, 0x0,
    0xf, 0xff, 0xf3, 0xff, 0xfc, 0x0, 0x0, 0x0,
    0x0, 0xff, 0xff, 0x3f, 0xff, 0xc0, 0x0, 0x0,
    0x0, 0xf, 0xff, 0xf3, 0xff, 0xfc, 0x0, 0x0,
    0x0, 0x0, 0xff, 0xff, 0x3f, 0xff, 0xc0, 0x0,
    0x0, 0x0, 0xf, 0xff, 0xf3, 0xff, 0xfc, 0x0,
    0x0, 0x0, 0x0, 0xff, 0xff, 0x3f, 0xff, 0xc0,
    0x0, 0x0, 0x0, 0xf, 0xff, 0xf3, 0xff, 0xfc,
    0x0, 0x0, 0x0, 0x0, 0xff, 0xff, 0x3f, 0xff,
    0xc0, 0x0, 0x0, 0x0, 0xf, 0xff, 0xf2, 0xff,
    0xfe, 0x0, 0x0, 0x0, 0x1, 0xff, 0xff, 0xf,
    0xff, 0xf2, 0x0, 0x0, 0x0, 0x6f, 0xff, 0xd0,
    0xcf, 0xff, 0xc1, 0x0, 0x0, 0x2e, 0xff, 0xf9,
    0x5, 0xff, 0xff, 0xe8, 0x55, 0x9f, 0xff, 0xff,
    0x20, 0xa, 0xff, 0xff, 0xff, 0xff, 0xff, 0xff,
    0x70, 0x0, 0xa, 0xff, 0xff, 0xff, 0xff, 0xff,
    0x70, 0x0, 0x0, 0x4, 0xaf, 0xff, 0xff, 0xe9,
    0x20, 0x0, 0x0, 0x0, 0x0, 0x2, 0x33, 0x10,
    0x0, 0x0, 0x0, 0x0, 0x0, 0x0, 0x0, 0x0,
    0x0, 0x0, 0x0, 0x0, 0x0, 0x0, 0x8, 0xff,
    0x50, 0x0, 0x0, 0x0, 0x0, 0x0, 0x2, 0xff,
    0xff, 0x0, 0x0, 0x0, 0x0, 0x0, 0x0, 0x2f,
    0xff, 0xe0, 0x0, 0x0, 0x0, 0x0, 0x0, 0x0,
    0x6e, 0xd4, 0x0, 0x0, 0x0,

    /* U+1EE5 "ụ" */
    0x3b, 0xbb, 0x70, 0x0, 0x0, 0x9b, 0xbb, 0x15,
    0xff, 0xfa, 0x0, 0x0, 0xd, 0xff, 0xf2, 0x5f,
    0xff, 0xa0, 0x0, 0x0, 0xdf, 0xff, 0x25, 0xff,
    0xfa, 0x0, 0x0, 0xd, 0xff, 0xf2, 0x5f, 0xff,
    0xa0, 0x0, 0x0, 0xdf, 0xff, 0x25, 0xff, 0xfa,
    0x0, 0x0, 0xd, 0xff, 0xf2, 0x5f, 0xff, 0xa0,
    0x0, 0x0, 0xdf, 0xff, 0x25, 0xff, 0xfa, 0x0,
    0x0, 0xd, 0xff, 0xf2, 0x5f, 0xff, 0xa0, 0x0,
    0x0, 0xdf, 0xff, 0x24, 0xff, 0xfb, 0x0, 0x0,
    0xe, 0xff, 0xf2, 0x3f, 0xff, 0xe1, 0x0, 0x4,
    0xff, 0xff, 0x21, 0xff, 0xff, 0xc4, 0x26, 0xef,
    0xff, 0xf2, 0xb, 0xff, 0xff, 0xff, 0xff, 0xbf,
    0xff, 0x20, 0x2e, 0xff, 0xff, 0xff, 0x6a, 0xff,
    0xf2, 0x0, 0x2b, 0xff, 0xfd, 0x50, 0x9f, 0xff,
    0x20, 0x0, 0x0, 0x21, 0x0, 0x0, 0x0, 0x0,
    0x0, 0x0, 0x0, 0x0, 0x0, 0x0, 0x0, 0x0,
    0x0, 0x0, 0x1c, 0xfd, 0x20, 0x0, 0x0, 0x0,
    0x0, 0x8, 0xff, 0xf9, 0x0, 0x0, 0x0, 0x0,
    0x0, 0x7f, 0xff, 0x90, 0x0, 0x0, 0x0, 0x0,
    0x0, 0xaf, 0xb1, 0x0, 0x0, 0x0,

    /* U+1EE6 "Ủ" */
    0x0, 0x0, 0x0, 0x69, 0x97, 0x20, 0x0, 0x0,
    0x0, 0x0, 0x0, 0xa, 0xff, 0xff, 0x10, 0x0,
    0x0, 0x0, 0x0, 0x0, 0x46, 0xaf, 0xf2, 0x0,
    0x0, 0x0, 0x0, 0x0, 0x0, 0xd, 0xfa, 0x0,
    0x0, 0x0, 0x0, 0x0, 0x0, 0x2, 0x77, 0x10,
    0x0, 0x0, 0x0, 0x0, 0x0, 0x0, 0x0, 0x0,
    0x0, 0x0, 0x0, 0x2a, 0xaa, 0x80, 0x0, 0x0,
    0x0, 0xa, 0xaa, 0xa3, 0xff, 0xfc, 0x0, 0x0,
    0x0, 0x0, 0xff, 0xff, 0x3f, 0xff, 0xc0, 0x0,
    0x0, 0x0, 0xf, 0xff, 0xf3, 0xff, 0xfc, 0x0,
    0x0, 0x0, 0x0, 0xff, 0xff, 0x3f, 0xff, 0xc0,
    0x0, 0x0, 0x0, 0xf, 0xff, 0xf3, 0xff, 0xfc,
    0x0, 0x0, 0x0, 0x0, 0xff, 0xff, 0x3f, 0xff,
    0xc0, 0x0, 0x0, 0x0, 0xf, 0xff, 0xf3, 0xff,
    0xfc, 0x0, 0x0, 0x0, 0x0, 0xff, 0xff, 0x3f,
    0xff, 0xc0, 0x0, 0x0, 0x0, 0xf, 0xff, 0xf3,
    0xff, 0xfc, 0x0, 0x0, 0x0, 0x0, 0xff, 0xff,
    0x3f, 0xff, 0xc0, 0x0, 0x0, 0x0, 0xf, 0xff,
    0xf3, 0xff, 0xfc, 0x0, 0x0, 0x0, 0x0, 0xff,
    0xff, 0x3f, 0xff, 0xc0, 0x0, 0x0, 0x0, 0xf,
    0xff, 0xf2, 0xff, 0xfe, 0x0, 0x0, 0x0, 0x1,
    0xff, 0xff, 0xf, 0xff, 0xf2, 0x0, 0x0, 0x0,
    0x6f, 0xff, 0xd0, 0xcf, 0xff, 0xc1, 0x0, 0x0,
    0x2e, 0xff, 0xf9, 0x5, 0xff, 0xff, 0xe8, 0x55,
    0x9f, 0xff, 0xff, 0x20, 0xa, 0xff, 0xff, 0xff,
    0xff, 0xff, 0xff, 0x70, 0x0, 0xa, 0xff, 0xff,
    0xff, 0xff, 0xff, 0x70, 0x0, 0x0, 0x4, 0xaf,
    0xff, 0xff, 0xe9, 0x20, 0x0, 0x0, 0x0, 0x0,
    0x2, 0x33, 0x10, 0x0, 0x0, 0x0,

    /* U+1EE7 "ủ" */
    0x0, 0x0, 0x1b, 0xba, 0x70, 0x0, 0x0, 0x0,
    0x0, 0x2, 0xff, 0xff, 0x90, 0x0, 0x0, 0x0,
    0x0, 0x5, 0x5f, 0xfa, 0x0, 0x0, 0x0, 0x0,
    0x0, 0x5, 0xff, 0x20, 0x0, 0x0, 0x0, 0x0,
    0x0, 0x46, 0x30, 0x0, 0x0, 0x0, 0x0, 0x0,
    0x0, 0x0, 0x0, 0x0, 0x0, 0x3b, 0xbb, 0x70,
    0x0, 0x0, 0x9b, 0xbb, 0x15, 0xff, 0xfa, 0x0,
    0x0, 0xd, 0xff, 0xf2, 0x5f, 0xff, 0xa0, 0x0,
    0x0, 0xdf, 0xff, 0x25, 0xff, 0xfa, 0x0, 0x0,
    0xd, 0xff, 0xf2, 0x5f, 0xff, 0xa0, 0x0, 0x0,
    0xdf, 0xff, 0x25, 0xff, 0xfa, 0x0, 0x0, 0xd,
    0xff, 0xf2, 0x5f, 0xff, 0xa0, 0x0, 0x0, 0xdf,
    0xff, 0x25, 0xff, 0xfa, 0x0, 0x0, 0xd, 0xff,
    0xf2, 0x5f, 0xff, 0xa0, 0x0, 0x0, 0xdf, 0xff,
    0x24, 0xff, 0xfb, 0x0, 0x0, 0xe, 0xff, 0xf2,
    0x3f, 0xff, 0xe1, 0x0, 0x4, 0xff, 0xff, 0x21,
    0xff, 0xff, 0xc4, 0x26, 0xef, 0xff, 0xf2, 0xb,
    0xff, 0xff, 0xff, 0xff, 0xbf, 0xff, 0x20, 0x2e,
    0xff, 0xff, 0xff, 0x6a, 0xff, 0xf2, 0x0, 0x2b,
    0xff, 0xfd, 0x50, 0x9f, 0xff, 0x20, 0x0, 0x0,
    0x21, 0x0, 0x0, 0x0, 0x0,

    /* U+1EE8 "Ứ" */
    0x0, 0x0, 0x0, 0x0, 0x8, 0x99, 0x70, 0x0,
    0x0, 0x0, 0x0, 0x0, 0x0, 0x0, 0x3f, 0xff,
    0x30, 0x0, 0x0, 0x0, 0x0, 0x0, 0x0, 0x0,
    0xaf, 0xf8, 0x0, 0x0, 0x0, 0x0, 0x0, 0x0,
    0x0, 0x1, 0xff, 0xd0, 0x0, 0x1, 0x66, 0x61,
    0x0, 0x0, 0x0, 0x3, 0x77, 0x20, 0x0, 0x3,
    0xff, 0xf4, 0x0, 0x0, 0x0, 0x0, 0x0, 0x0,
    0x0, 0x3, 0xff, 0xf4, 0x2a, 0xaa, 0x80, 0x0,
    0x0, 0x0, 0xa, 0xac, 0xff, 0xf3, 0x3f, 0xff,
    0xc0, 0x0, 0x0, 0x0, 0xf, 0xff, 0xff, 0xe0,
    0x3f, 0xff, 0xc0, 0x0, 0x0, 0x0, 0xf, 0xff,
    0xfc, 0x30, 0x3f, 0xff, 0xc0, 0x0, 0x0, 0x0,
    0xf, 0xff, 0xf0, 0x0, 0x3f, 0xff, 0xc0, 0x0,
    0x0, 0x0, 0xf, 0xff, 0xf0, 0x0, 0x3f, 0xff,
    0xc0, 0x0, 0x0, 0x0, 0xf, 0xff, 0xf0, 0x0,
    0x3f, 0xff, 0xc0, 0x0, 0x0, 0x0, 0xf, 0xff,
    0xf0, 0x0, 0x3f, 0xff, 0xc0, 0x0, 0x0, 0x0,
    0xf, 0xff, 0xf0, 0x0, 0x3f, 0xff, 0xc0, 0x0,
    0x0, 0x0, 0xf, 0xff, 0xf0, 0x0, 0x3f, 0xff,
    0xc0, 0x0, 0x0, 0x0, 0xf, 0xff, 0xf0, 0x0,
    0x3f, 0xff, 0xc0, 0x0, 0x0, 0x0, 0xf, 0xff,
    0xf0, 0x0, 0x3f, 0xff, 0xc0, 0x0, 0x0, 0x0,
    0xf, 0xff, 0xf0, 0x0, 0x3f, 0xff, 0xc0, 0x0,
    0x0, 0x0, 0xf, 0xff, 0xf0, 0x0, 0x2f, 0xff,
    0xe0, 0x0, 0x0, 0x0, 0x1f, 0xff, 0xf0, 0x0,
    0xf, 0xff, 0xf2, 0x0, 0x0, 0x0, 0x6f, 0xff,
    0xd0, 0x0, 0xc, 0xff, 0xfc, 0x10, 0x0, 0x2,
    0xef, 0xff, 0x90, 0x0, 0x5, 0xff, 0xff, 0xe8,
    0x55, 0x9f, 0xff, 0xff, 0x20, 0x0, 0x0, 0xaf,
    0xff, 0xff, 0xff, 0xff, 0xff, 0xf7, 0x0, 0x0,
    0x0, 0xa, 0xff, 0xff, 0xff, 0xff, 0xff, 0x70,
    0x0, 0x0, 0x0, 0x0, 0x4a, 0xff, 0xff, 0xfe,
    0x92, 0x0, 0x0, 0x0, 0x0, 0x0, 0x0, 0x2,
    0x33, 0x10, 0x0, 0x0, 0x0, 0x0,

    /* U+1EE9 "ứ" */
    0x0, 0x0, 0x0, 0x4, 0xbb, 0xb2, 0x0, 0x0,
    0x0, 0x0, 0x0, 0x0, 0xbf, 0xfa, 0x0, 0x0,
    0x0, 0x0, 0x0, 0x0, 0x2f, 0xfe, 0x10, 0x0,
    0x0, 0x0, 0x0, 0x0, 0xa, 0xff, 0x50, 0x0,
    0xcf, 0xf5, 0x0, 0x0, 0x0, 0x56, 0x50, 0x0,
    0xc, 0xff, 0x50, 0x0, 0x0, 0x0, 0x0, 0x0,
    0x0, 0xcf, 0xf5, 0x3b, 0xbb, 0x70, 0x0, 0x0,
    0x9b, 0xbf, 0xff, 0x35, 0xff, 0xfa, 0x0, 0x0,
    0xd, 0xff, 0xff, 0xd0, 0x5f, 0xff, 0xa0, 0x0,
    0x0, 0xdf, 0xff, 0x91, 0x5, 0xff, 0xfa, 0x0,
    0x0, 0xd, 0xff, 0xf2, 0x0, 0x5f, 0xff, 0xa0,
    0x0, 0x0, 0xdf, 0xff, 0x20, 0x5, 0xff, 0xfa,
    0x0, 0x0, 0xd, 0xff, 0xf2, 0x0, 0x5f, 0xff,
    0xa0, 0x0, 0x0, 0xdf, 0xff, 0x20, 0x5, 0xff,
    0xfa, 0x0, 0x0, 0xd, 0xff, 0xf2, 0x0, 0x5f,
    0xff, 0xa0, 0x0, 0x0, 0xdf, 0xff, 0x20, 0x4,
    0xff, 0xfb, 0x0, 0x0, 0xe, 0xff, 0xf2, 0x0,
    0x3f, 0xff, 0xe1, 0x0, 0x4, 0xff, 0xff, 0x20,
    0x1, 0xff, 0xff, 0xc4, 0x26, 0xef, 0xff, 0xf2,
    0x0, 0xb, 0xff, 0xff, 0xff, 0xff, 0xbf, 0xff,
    0x20, 0x0, 0x2e, 0xff, 0xff, 0xff, 0x6a, 0xff,
    0xf2, 0x0, 0x0, 0x2b, 0xff, 0xfd, 0x50, 0x9f,
    0xff, 0x20, 0x0, 0x0, 0x0, 0x21, 0x0, 0x0,
    0x0, 0x0, 0x0,

    /* U+1EEA "Ừ" */
    0x0, 0x0, 0x9, 0x99, 0x50, 0x0, 0x0, 0x0,
    0x0, 0x0, 0x0, 0x0, 0x7, 0xff, 0xe0, 0x0,
    0x0, 0x0, 0x0, 0x0, 0x0, 0x0, 0x0, 0xcf,
    0xf6, 0x0, 0x0, 0x0, 0x0, 0x0, 0x0, 0x0,
    0x0, 0x2f, 0xfd, 0x0, 0x0, 0x1, 0x66, 0x61,
    0x0, 0x0, 0x0, 0x5, 0x77, 0x10, 0x0, 0x3,
    0xff, 0xf4, 0x0, 0x0, 0x0, 0x0, 0x0, 0x0,
    0x0, 0x3, 0xff, 0xf4, 0x2a, 0xaa, 0x80, 0x0,
    0x0, 0x0, 0xa, 0xac, 0xff, 0xf3, 0x3f, 0xff,
    0xc0, 0x0, 0x0, 0x0, 0xf, 0xff, 0xff, 0xe0,
    0x3f, 0xff, 0xc0, 0x0, 0x0, 0x0, 0xf, 0xff,
    0xfc, 0x30, 0x3f, 0xff, 0xc0, 0x0, 0x0, 0x0,
    0xf, 0xff, 0xf0, 0x0, 0x3f, 0xff, 0xc0, 0x0,
    0x0, 0x0, 0xf, 0xff, 0xf0, 0x0, 0x3f, 0xff,
    0xc0, 0x0, 0x0, 0x0, 0xf, 0xff, 0xf0, 0x0,
    0x3f, 0xff, 0xc0, 0x0, 0x0, 0x0, 0xf, 0xff,
    0xf0, 0x0, 0x3f, 0xff, 0xc0, 0x0, 0x0, 0x0,
    0xf, 0xff, 0xf0, 0x0, 0x3f, 0xff, 0xc0, 0x0,
    0x0, 0x0, 0xf, 0xff, 0xf0, 0x0, 0x3f, 0xff,
    0xc0, 0x0, 0x0, 0x0, 0xf, 0xff, 0xf0, 0x0,
    0x3f, 0xff, 0xc0, 0x0, 0x0, 0x0, 0xf, 0xff,
    0xf0, 0x0, 0x3f, 0xff, 0xc0, 0x0, 0x0, 0x0,
    0xf, 0xff, 0xf0, 0x0, 0x3f, 0xff, 0xc0, 0x0,
    0x0, 0x0, 0xf, 0xff, 0xf0, 0x0, 0x2f, 0xff,
    0xe0, 0x0, 0x0, 0x0, 0x1f, 0xff, 0xf0, 0x0,
    0xf, 0xff, 0xf2, 0x0, 0x0, 0x0, 0x6f, 0xff,
    0xd0, 0x0, 0xc, 0xff, 0xfc, 0x10, 0x0, 0x2,
    0xef, 0xff, 0x90, 0x0, 0x5, 0xff, 0xff, 0xe8,
    0x55, 0x9f, 0xff, 0xff, 0x20, 0x0, 0x0, 0xaf,
    0xff, 0xff, 0xff, 0xff, 0xff, 0xf7, 0x0, 0x0,
    0x0, 0xa, 0xff, 0xff, 0xff, 0xff, 0xff, 0x70,
    0x0, 0x0, 0x0, 0x0, 0x4a, 0xff, 0xff, 0xfe,
    0x92, 0x0, 0x0, 0x0, 0x0, 0x0, 0x0, 0x2,
    0x33, 0x10, 0x0, 0x0, 0x0, 0x0,

    /* U+1EEB "ừ" */
    0x0, 0x4, 0xbb, 0xb1, 0x0, 0x0, 0x0, 0x0,
    0x0, 0x0, 0xd, 0xff, 0x80, 0x0, 0x0, 0x0,
    0x0, 0x0, 0x0, 0x3f, 0xfe, 0x0, 0x0, 0x0,
    0x0, 0x0, 0x0, 0x0, 0x8f, 0xf6, 0x0, 0x0,
    0xcf, 0xf5, 0x0, 0x0, 0x0, 0x66, 0x40, 0x0,
    0xc, 0xff, 0x50, 0x0, 0x0, 0x0, 0x0, 0x0,
    0x0, 0xcf, 0xf5, 0x3b, 0xbb, 0x70, 0x0, 0x0,
    0x9b, 0xbf, 0xff, 0x35, 0xff, 0xfa, 0x0, 0x0,
    0xd, 0xff, 0xff, 0xd0, 0x5f, 0xff, 0xa0, 0x0,
    0x0, 0xdf, 0xff, 0x91, 0x5, 0xff, 0xfa, 0x0,
    0x0, 0xd, 0xff, 0xf2, 0x0, 0x5f, 0xff, 0xa0,
    0x0, 0x0, 0xdf, 0xff, 0x20, 0x5, 0xff, 0xfa,
    0x0, 0x0, 0xd, 0xff, 0xf2, 0x0, 0x5f, 0xff,
    0xa0, 0x0, 0x0, 0xdf, 0xff, 0x20, 0x5, 0xff,
    0xfa, 0x0, 0x0, 0xd, 0xff, 0xf2, 0x0, 0x5f,
    0xff, 0xa0, 0x0, 0x0, 0xdf, 0xff, 0x20, 0x4,
    0xff, 0xfb, 0x0, 0x0, 0xe, 0xff, 0xf2, 0x0,
    0x3f, 0xff, 0xe1, 0x0, 0x4, 0xff, 0xff, 0x20,
    0x1, 0xff, 0xff, 0xc4, 0x26, 0xef, 0xff, 0xf2,
    0x0, 0xb, 0xff, 0xff, 0xff, 0xff, 0xbf, 0xff,
    0x20, 0x0, 0x2e, 0xff, 0xff, 0xff, 0x6a, 0xff,
    0xf2, 0x0, 0x0, 0x2b, 0xff, 0xfd, 0x50, 0x9f,
    0xff, 0x20, 0x0, 0x0, 0x0, 0x21, 0x0, 0x0,
    0x0, 0x0, 0x0,

    /* U+1EEC "Ử" */
    0x0, 0x0, 0x0, 0x69, 0x97, 0x20, 0x0, 0x0,
    0x0, 0x0, 0x0, 0x0, 0x0, 0xaf, 0xff, 0xf1,
    0x0, 0x0, 0x0, 0x0, 0x0, 0x0, 0x0, 0x46,
    0xaf, 0xf2, 0x0, 0x0, 0x0, 0x0, 0x0, 0x0,
    0x0, 0x0, 0xdf, 0xa0, 0x0, 0x1, 0x66, 0x61,
    0x0, 0x0, 0x0, 0x2, 0x77, 0x10, 0x0, 0x3,
    0xff, 0xf4, 0x0, 0x0, 0x0, 0x0, 0x0, 0x0,
    0x0, 0x3, 0xff, 0xf4, 0x2a, 0xaa, 0x80, 0x0,
    0x0, 0x0, 0xa, 0xac, 0xff, 0xf3, 0x3f, 0xff,
    0xc0, 0x0, 0x0, 0x0, 0xf, 0xff, 0xff, 0xe0,
    0x3f, 0xff, 0xc0, 0x0, 0x0, 0x0, 0xf, 0xff,
    0xfc, 0x30, 0x3f, 0xff, 0xc0, 0x0, 0x0, 0x0,
    0xf, 0xff, 0xf0, 0x0, 0x3f, 0xff, 0xc0, 0x0,
    0x0, 0x0, 0xf, 0xff, 0xf0, 0x0, 0x3f, 0xff,
    0xc0, 0x0, 0x0, 0x0, 0xf, 0xff, 0xf0, 0x0,
    0x3f, 0xff, 0xc0, 0x0, 0x0, 0x0, 0xf, 0xff,
    0xf0, 0x0, 0x3f, 0xff, 0xc0, 0x0, 0x0, 0x0,
    0xf, 0xff, 0xf0, 0x0, 0x3f, 0xff, 0xc0, 0x0,
    0x0, 0x0, 0xf, 0xff, 0xf0, 0x0, 0x3f, 0xff,
    0xc0, 0x0, 0x0, 0x0, 0xf, 0xff, 0xf0, 0x0,
    0x3f, 0xff, 0xc0, 0x0, 0x0, 0x0, 0xf, 0xff,
    0xf0, 0x0, 0x3f, 0xff, 0xc0, 0x0, 0x0, 0x0,
    0xf, 0xff, 0xf0, 0x0, 0x3f, 0xff, 0xc0, 0x0,
    0x0, 0x0, 0xf, 0xff, 0xf0, 0x0, 0x2f, 0xff,
    0xe0, 0x0, 0x0, 0x0, 0x1f, 0xff, 0xf0, 0x0,
    0xf, 0xff, 0xf2, 0x0, 0x0, 0x0, 0x6f, 0xff,
    0xd0, 0x0, 0xc, 0xff, 0xfc, 0x10, 0x0, 0x2,
    0xef, 0xff, 0x90, 0x0, 0x5, 0xff, 0xff, 0xe8,
    0x55, 0x9f, 0xff, 0xff, 0x20, 0x0, 0x0, 0xaf,
    0xff, 0xff, 0xff, 0xff, 0xff, 0xf7, 0x0, 0x0,
    0x0, 0xa, 0xff, 0xff, 0xff, 0xff, 0xff, 0x70,
    0x0, 0x0, 0x0, 0x0, 0x4a, 0xff, 0xff, 0xfe,
    0x92, 0x0, 0x0, 0x0, 0x0, 0x0, 0x0, 0x2,
    0x33, 0x10, 0x0, 0x0, 0x0, 0x0,

    /* U+1EED "ử" */
    0x0, 0x0, 0x1b, 0xba, 0x70, 0x0, 0x0, 0x0,
    0x0, 0x0, 0x2, 0xff, 0xff, 0x90, 0x0, 0x0,
    0x0, 0x0, 0x0, 0x5, 0x5f, 0xfa, 0x0, 0x0,
    0x0, 0x0, 0x0, 0x0, 0x5, 0xff, 0x20, 0x0,
    0xcf, 0xf5, 0x0, 0x0, 0x0, 0x46, 0x30, 0x0,
    0xc, 0xff, 0x50, 0x0, 0x0, 0x0, 0x0, 0x0,
    0x0, 0xcf, 0xf5, 0x3b, 0xbb, 0x70, 0x0, 0x0,
    0x9b, 0xbf, 0xff, 0x35, 0xff, 0xfa, 0x0, 0x0,
    0xd, 0xff, 0xff, 0xd0, 0x5f, 0xff, 0xa0, 0x0,
    0x0, 0xdf, 0xff, 0x91, 0x5, 0xff, 0xfa, 0x0,
    0x0, 0xd, 0xff, 0xf2, 0x0, 0x5f, 0xff, 0xa0,
    0x0, 0x0, 0xdf, 0xff, 0x20, 0x5, 0xff, 0xfa,
    0x0, 0x0, 0xd, 0xff, 0xf2, 0x0, 0x5f, 0xff,
    0xa0, 0x0, 0x0, 0xdf, 0xff, 0x20, 0x5, 0xff,
    0xfa, 0x0, 0x0, 0xd, 0xff, 0xf2, 0x0, 0x5f,
    0xff, 0xa0, 0x0, 0x0, 0xdf, 0xff, 0x20, 0x4,
    0xff, 0xfb, 0x0, 0x0, 0xe, 0xff, 0xf2, 0x0,
    0x3f, 0xff, 0xe1, 0x0, 0x4, 0xff, 0xff, 0x20,
    0x1, 0xff, 0xff, 0xc4, 0x26, 0xef, 0xff, 0xf2,
    0x0, 0xb, 0xff, 0xff, 0xff, 0xff, 0xbf, 0xff,
    0x20, 0x0, 0x2e, 0xff, 0xff, 0xff, 0x6a, 0xff,
    0xf2, 0x0, 0x0, 0x2b, 0xff, 0xfd, 0x50, 0x9f,
    0xff, 0x20, 0x0, 0x0, 0x0, 0x21, 0x0, 0x0,
    0x0, 0x0, 0x0,

    /* U+1EEE "Ữ" */
    0x0, 0x0, 0x0, 0x44, 0x0, 0x3, 0x42, 0x0,
    0x0, 0x0, 0x0, 0x0, 0xc, 0xff, 0xe6, 0x1d,
    0xf5, 0x0, 0x0, 0x0, 0x0, 0x0, 0x6f, 0xfe,
    0xff, 0xff, 0xf1, 0x0, 0x0, 0x0, 0x0, 0x0,
    0x9f, 0xa0, 0x6e, 0xff, 0x60, 0x1, 0x66, 0x61,
    0x0, 0x0, 0x11, 0x0, 0x0, 0x20, 0x0, 0x3,
    0xff, 0xf4, 0x0, 0x0, 0x0, 0x0, 0x0, 0x0,
    0x0, 0x3, 0xff, 0xf4, 0x2a, 0xaa, 0x80, 0x0,
    0x0, 0x0, 0xa, 0xac, 0xff, 0xf3, 0x3f, 0xff,
    0xc0, 0x0, 0x0, 0x0, 0xf, 0xff, 0xff, 0xe0,
    0x3f, 0xff, 0xc0, 0x0, 0x0, 0x0, 0xf, 0xff,
    0xfc, 0x30, 0x3f, 0xff, 0xc0, 0x0, 0x0, 0x0,
    0xf, 0xff, 0xf0, 0x0, 0x3f, 0xff, 0xc0, 0x0,
    0x0, 0x0, 0xf, 0xff, 0xf0, 0x0, 0x3f, 0xff,
    0xc0, 0x0, 0x0, 0x0, 0xf, 0xff, 0xf0, 0x0,
    0x3f, 0xff, 0xc0, 0x0, 0x0, 0x0, 0xf, 0xff,
    0xf0, 0x0, 0x3f, 0xff, 0xc0, 0x0, 0x0, 0x0,
    0xf, 0xff, 0xf0, 0x0, 0x3f, 0xff, 0xc0, 0x0,
    0x0, 0x0, 0xf, 0xff, 0xf0, 0x0, 0x3f, 0xff,
    0xc0, 0x0, 0x0, 0x0, 0xf, 0xff, 0xf0, 0x0,
    0x3f, 0xff, 0xc0, 0x0, 0x0, 0x0, 0xf, 0xff,
    0xf0, 0x0, 0x3f, 0xff, 0xc0, 0x0, 0x0, 0x0,
    0xf, 0xff, 0xf0, 0x0, 0x3f, 0xff, 0xc0, 0x0,
    0x0, 0x0, 0xf, 0xff, 0xf0, 0x0, 0x2f, 0xff,
    0xe0, 0x0, 0x0, 0x0, 0x1f, 0xff, 0xf0, 0x0,
    0xf, 0xff, 0xf2, 0x0, 0x0, 0x0, 0x6f, 0xff,
    0xd0, 0x0, 0xc, 0xff, 0xfc, 0x10, 0x0, 0x2,
    0xef, 0xff, 0x90, 0x0, 0x5, 0xff, 0xff, 0xe8,
    0x55, 0x9f, 0xff, 0xff, 0x20, 0x0, 0x0, 0xaf,
    0xff, 0xff, 0xff, 0xff, 0xff, 0xf7, 0x0, 0x0,
    0x0, 0xa, 0xff, 0xff, 0xff, 0xff, 0xff, 0x70,
    0x0, 0x0, 0x0, 0x0, 0x4a, 0xff, 0xff, 0xfe,
    0x92, 0x0, 0x0, 0x0, 0x0, 0x0, 0x0, 0x2,
    0x33, 0x10, 0x0, 0x0, 0x0, 0x0,

    /* U+1EEF "ữ" */
    0x0, 0x0, 0x36, 0x40, 0x1, 0x66, 0x0, 0x0,
    0x0, 0x0, 0x5f, 0xff, 0xc4, 0x7f, 0xd0, 0x0,
    0x0, 0x0, 0xe, 0xfd, 0xef, 0xff, 0xf9, 0x0,
    0x0, 0x0, 0x1, 0xff, 0x20, 0x8f, 0xfb, 0x10,
    0xcf, 0xf5, 0x0, 0x0, 0x0, 0x0, 0x0, 0x0,
    0xc, 0xff, 0x50, 0x0, 0x0, 0x0, 0x0, 0x0,
    0x0, 0xcf, 0xf5, 0x3b, 0xbb, 0x70, 0x0, 0x0,
    0x9b, 0xbf, 0xff, 0x35, 0xff, 0xfa, 0x0, 0x0,
    0xd, 0xff, 0xff, 0xd0, 0x5f, 0xff, 0xa0, 0x0,
    0x0, 0xdf, 0xff, 0x91, 0x5, 0xff, 0xfa, 0x0,
    0x0, 0xd, 0xff, 0xf2, 0x0, 0x5f, 0xff, 0xa0,
    0x0, 0x0, 0xdf, 0xff, 0x20, 0x5, 0xff, 0xfa,
    0x0, 0x0, 0xd, 0xff, 0xf2, 0x0, 0x5f, 0xff,
    0xa0, 0x0, 0x0, 0xdf, 0xff, 0x20, 0x5, 0xff,
    0xfa, 0x0, 0x0, 0xd, 0xff, 0xf2, 0x0, 0x5f,
    0xff, 0xa0, 0x0, 0x0, 0xdf, 0xff, 0x20, 0x4,
    0xff, 0xfb, 0x0, 0x0, 0xe, 0xff, 0xf2, 0x0,
    0x3f, 0xff, 0xe1, 0x0, 0x4, 0xff, 0xff, 0x20,
    0x1, 0xff, 0xff, 0xc4, 0x26, 0xef, 0xff, 0xf2,
    0x0, 0xb, 0xff, 0xff, 0xff, 0xff, 0xbf, 0xff,
    0x20, 0x0, 0x2e, 0xff, 0xff, 0xff, 0x6a, 0xff,
    0xf2, 0x0, 0x0, 0x2b, 0xff, 0xfd, 0x50, 0x9f,
    0xff, 0x20, 0x0, 0x0, 0x0, 0x21, 0x0, 0x0,
    0x0, 0x0, 0x0,

    /* U+1EF0 "Ự" */
    0x0, 0x0, 0x0, 0x0, 0x0, 0x0, 0x0, 0x1,
    0x66, 0x61, 0x0, 0x0, 0x0, 0x0, 0x0, 0x0,
    0x0, 0x3, 0xff, 0xf4, 0x0, 0x0, 0x0, 0x0,
    0x0, 0x0, 0x0, 0x3, 0xff, 0xf4, 0x2a, 0xaa,
    0x80, 0x0, 0x0, 0x0, 0xa, 0xac, 0xff, 0xf3,
    0x3f, 0xff, 0xc0, 0x0, 0x0, 0x0, 0xf, 0xff,
    0xff, 0xe0, 0x3f, 0xff, 0xc0, 0x0, 0x0, 0x0,
    0xf, 0xff, 0xfc, 0x30, 0x3f, 0xff, 0xc0, 0x0,
    0x0, 0x0, 0xf, 0xff, 0xf0, 0x0, 0x3f, 0xff,
    0xc0, 0x0, 0x0, 0x0, 0xf, 0xff, 0xf0, 0x0,
    0x3f, 0xff, 0xc0, 0x0, 0x0, 0x0, 0xf, 0xff,
    0xf0, 0x0, 0x3f, 0xff, 0xc0, 0x0, 0x0, 0x0,
    0xf, 0xff, 0xf0, 0x0, 0x3f, 0xff, 0xc0, 0x0,
    0x0, 0x0, 0xf, 0xff, 0xf0, 0x0, 0x3f, 0xff,
    0xc0, 0x0, 0x0, 0x0, 0xf, 0xff, 0xf0, 0x0,
    0x3f, 0xff, 0xc0, 0x0, 0x0, 0x0, 0xf, 0xff,
    0xf0, 0x0, 0x3f, 0xff, 0xc0, 0x0, 0x0, 0x0,
    0xf, 0xff, 0xf0, 0x0, 0x3f, 0xff, 0xc0, 0x0,
    0x0, 0x0, 0xf, 0xff, 0xf0, 0x0, 0x3f, 0xff,
    0xc0, 0x0, 0x0, 0x0, 0xf, 0xff, 0xf0, 0x0,
    0x2f, 0xff, 0xe0, 0x0, 0x0, 0x0, 0x1f, 0xff,
    0xf0, 0x0, 0xf, 0xff, 0xf2, 0x0, 0x0, 0x0,
    0x6f, 0xff, 0xd0, 0x0, 0xc, 0xff, 0xfc, 0x10,
    0x0, 0x2, 0xef, 0xff, 0x90, 0x0, 0x5, 0xff,
    0xff, 0xe8, 0x55, 0x9f, 0xff, 0xff, 0x20, 0x0,
    0x0, 0xaf, 0xff, 0xff, 0xff, 0xff, 0xff, 0xf7,
    0x0, 0x0, 0x0, 0xa, 0xff, 0xff, 0xff, 0xff,
    0xff, 0x70, 0x0, 0x0, 0x0, 0x0, 0x4a, 0xff,
    0xff, 0xfe, 0x92, 0x0, 0x0, 0x0, 0x0, 0x0,
    0x0, 0x2, 0x33, 0x10, 0x0, 0x0, 0x0, 0x0,
    0x0, 0x0, 0x0, 0x0, 0x0, 0x0, 0x0, 0x0,
    0x0, 0x0, 0x0, 0x0, 0x0, 0x8, 0xff, 0x50,
    0x0, 0x0, 0x0, 0x0, 0x0, 0x0, 0x0, 0x2f,
    0xff, 0xf0, 0x0, 0x0, 0x0, 0x0, 0x0, 0x0,
    0x0, 0x2f, 0xff, 0xe0, 0x0, 0x0, 0x0, 0x0,
    0x0, 0x0, 0x0, 0x6, 0xed, 0x40, 0x0, 0x0,
    0x0, 0x0,

    /* U+1EF1 "ự" */
    0x0, 0x0, 0x0, 0x0, 0x0, 0x0, 0x0, 0x0,
    0x0, 0x0, 0x0, 0x0, 0x0, 0x0, 0x0, 0xcf,
    0xf5, 0x0, 0x0, 0x0, 0x0, 0x0, 0x0, 0xc,
    0xff, 0x50, 0x0, 0x0, 0x0, 0x0, 0x0, 0x0,
    0xcf, 0xf5, 0x3b, 0xbb, 0x70, 0x0, 0x0, 0x9b,
    0xbf, 0xff, 0x35, 0xff, 0xfa, 0x0, 0x0, 0xd,
    0xff, 0xff, 0xd0, 0x5f, 0xff, 0xa0, 0x0, 0x0,
    0xdf, 0xff, 0x91, 0x5, 0xff, 0xfa, 0x0, 0x0,
    0xd, 0xff, 0xf2, 0x0, 0x5f, 0xff, 0xa0, 0x0,
    0x0, 0xdf, 0xff, 0x20, 0x5, 0xff, 0xfa, 0x0,
    0x0, 0xd, 0xff, 0xf2, 0x0, 0x5f, 0xff, 0xa0,
    0x0, 0x0, 0xdf, 0xff, 0x20, 0x5, 0xff, 0xfa,
    0x0, 0x0, 0xd, 0xff, 0xf2, 0x0, 0x5f, 0xff,
    0xa0, 0x0, 0x0, 0xdf, 0xff, 0x20, 0x4, 0xff,
    0xfb, 0x0, 0x0, 0xe, 0xff, 0xf2, 0x0, 0x3f,
    0xff, 0xe1, 0x0, 0x4, 0xff, 0xff, 0x20, 0x1,
    0xff, 0xff, 0xc4, 0x26, 0xef, 0xff, 0xf2, 0x0,
    0xb, 0xff, 0xff, 0xff, 0xff, 0xbf, 0xff, 0x20,
    0x0, 0x2e, 0xff, 0xff, 0xff, 0x6a, 0xff, 0xf2,
    0x0, 0x0, 0x2b, 0xff, 0xfd, 0x50, 0x9f, 0xff,
    0x20, 0x0, 0x0, 0x0, 0x21, 0x0, 0x0, 0x0,
    0x0, 0x0, 0x0, 0x0, 0x0, 0x0, 0x0, 0x0,
    0x0, 0x0, 0x0, 0x0, 0x0, 0x1c, 0xfd, 0x20,
    0x0, 0x0, 0x0, 0x0, 0x0, 0x8, 0xff, 0xf9,
    0x0, 0x0, 0x0, 0x0, 0x0, 0x0, 0x7f, 0xff,
    0x90, 0x0, 0x0, 0x0, 0x0, 0x0, 0x0, 0xaf,
    0xb1, 0x0, 0x0, 0x0, 0x0,

    /* U+1EF2 "Ỳ" */
    0x0, 0x0, 0x0, 0x99, 0x95, 0x0, 0x0, 0x0,
    0x0, 0x0, 0x0, 0x0, 0x0, 0x7f, 0xfe, 0x0,
    0x0, 0x0, 0x0, 0x0, 0x0, 0x0, 0x0, 0xc,
    0xff, 0x60, 0x0, 0x0, 0x0, 0x0, 0x0, 0x0,
    0x0, 0x2, 0xff, 0xd0, 0x0, 0x0, 0x0, 0x0,
    0x0, 0x0, 0x0, 0x0, 0x57, 0x71, 0x0, 0x0,
    0x0, 0x0, 0x0, 0x0, 0x0, 0x0, 0x0, 0x0,
    0x0, 0x0, 0x0, 0x0, 0x1a, 0xaa, 0xa5, 0x0,
    0x0, 0x0, 0x0, 0x7a, 0xaa, 0x90, 0xa, 0xff,
    0xfe, 0x0, 0x0, 0x0, 0x3, 0xff, 0xff, 0x60,
    0x2, 0xff, 0xff, 0x80, 0x0, 0x0, 0xb, 0xff,
    0xfd, 0x0, 0x0, 0x7f, 0xff, 0xf1, 0x0, 0x0,
    0x4f, 0xff, 0xf4, 0x0, 0x0, 0xd, 0xff, 0xf9,
    0x0, 0x0, 0xcf, 0xff, 0xa0, 0x0, 0x0, 0x4,
    0xff, 0xff, 0x20, 0x4, 0xff, 0xff, 0x10, 0x0,
    0x0, 0x0, 0xbf, 0xff, 0xa0, 0xd, 0xff, 0xf8,
    0x0, 0x0, 0x0, 0x0, 0x2f, 0xff, 0xf2, 0x4f,
    0xff, 0xe0, 0x0, 0x0, 0x0, 0x0, 0x8, 0xff,
    0xfa, 0xcf, 0xff, 0x50, 0x0, 0x0, 0x0, 0x0,
    0x0, 0xef, 0xff, 0xff, 0xfc, 0x0, 0x0, 0x0,
    0x0, 0x0, 0x0, 0x5f, 0xff, 0xff, 0xf2, 0x0,
    0x0, 0x0, 0x0, 0x0, 0x0, 0xb, 0xff, 0xff,
    0x90, 0x0, 0x0, 0x0, 0x0, 0x0, 0x0, 0x3,
    0xff, 0xff, 0x10, 0x0, 0x0, 0x0, 0x0, 0x0,
    0x0, 0x1, 0xff, 0xff, 0x0, 0x0, 0x0, 0x0,
    0x0, 0x0, 0x0, 0x1, 0xff, 0xff, 0x0, 0x0,
    0x0, 0x0, 0x0, 0x0, 0x0, 0x1, 0xff, 0xff,
    0x0, 0x0, 0x0, 0x0, 0x0, 0x0, 0x0, 0x1,
    0xff, 0xff, 0x0, 0x0, 0x0, 0x0, 0x0, 0x0,
    0x0, 0x1, 0xff, 0xff, 0x0, 0x0, 0x0, 0x0,
    0x0, 0x0, 0x0, 0x1, 0xff, 0xff, 0x0, 0x0,
    0x0, 0x0, 0x0, 0x0, 0x0, 0x1, 0xff, 0xff,
    0x0, 0x0, 0x0, 0x0,

    /* U+1EF3 "ỳ" */
    0x0, 0x0, 0x7b, 0xba, 0x0, 0x0, 0x0, 0x0,
    0x0, 0x0, 0x2f, 0xff, 0x40, 0x0, 0x0, 0x0,
    0x0, 0x0, 0x7, 0xff, 0xb0, 0x0, 0x0, 0x0,
    0x0, 0x0, 0x0, 0xcf, 0xf2, 0x0, 0x0, 0x0,
    0x0, 0x0, 0x0, 0x26, 0x63, 0x0, 0x0, 0x0,
    0x0, 0x0, 0x0, 0x0, 0x0, 0x0, 0x0, 0x0,
    0x5b, 0xbb, 0x80, 0x0, 0x0, 0x5, 0xbb, 0xb8,
    0x2f, 0xff, 0xf0, 0x0, 0x0, 0xb, 0xff, 0xf5,
    0xc, 0xff, 0xf5, 0x0, 0x0, 0x1f, 0xff, 0xf0,
    0x6, 0xff, 0xfa, 0x0, 0x0, 0x6f, 0xff, 0x90,
    0x0, 0xff, 0xff, 0x0, 0x0, 0xcf, 0xff, 0x30,
    0x0, 0xaf, 0xff, 0x40, 0x1, 0xff, 0xfd, 0x0,
    0x0, 0x4f, 0xff, 0xa0, 0x6, 0xff, 0xf7, 0x0,
    0x0, 0xd, 0xff, 0xe0, 0xc, 0xff, 0xf1, 0x0,
    0x0, 0x8, 0xff, 0xf3, 0x1f, 0xff, 0xb0, 0x0,
    0x0, 0x2, 0xff, 0xf7, 0x5f, 0xff, 0x50, 0x0,
    0x0, 0x0, 0xcf, 0xfb, 0xaf, 0xfe, 0x0, 0x0,
    0x0, 0x0, 0x6f, 0xff, 0xef, 0xf9, 0x0, 0x0,
    0x0, 0x0, 0xf, 0xff, 0xff, 0xf2, 0x0, 0x0,
    0x0, 0x0, 0xa, 0xff, 0xff, 0xc0, 0x0, 0x0,
    0x0, 0x0, 0x4, 0xff, 0xff, 0x60, 0x0, 0x0,
    0x0, 0x0, 0x1, 0xff, 0xff, 0x10, 0x0, 0x0,
    0x0, 0x0, 0x5, 0xff, 0xfa, 0x0, 0x0, 0x0,
    0x0, 0x78, 0x9f, 0xff, 0xf3, 0x0, 0x0, 0x0,
    0x0, 0xef, 0xff, 0xff, 0x90, 0x0, 0x0, 0x0,
    0x3, 0xff, 0xff, 0xf9, 0x0, 0x0, 0x0, 0x0,
    0x1, 0x78, 0x97, 0x20, 0x0, 0x0, 0x0, 0x0,

    /* U+1EF4 "Ỵ" */
    0x1a, 0xaa, 0xa5, 0x0, 0x0, 0x0, 0x0, 0x7a,
    0xaa, 0x90, 0xa, 0xff, 0xfe, 0x0, 0x0, 0x0,
    0x3, 0xff, 0xff, 0x60, 0x2, 0xff, 0xff, 0x80,
    0x0, 0x0, 0xb, 0xff, 0xfd, 0x0, 0x0, 0x7f,
    0xff, 0xf1, 0x0, 0x0, 0x4f, 0xff, 0xf4, 0x0,
    0x0, 0xd, 0xff, 0xf9, 0x0, 0x0, 0xcf, 0xff,
    0xa0, 0x0, 0x0, 0x4, 0xff, 0xff, 0x20, 0x4,
    0xff, 0xff, 0x10, 0x0, 0x0, 0x0, 0xbf, 0xff,
    0xa0, 0xd, 0xff, 0xf8, 0x0, 0x0, 0x0, 0x0,
    0x2f, 0xff, 0xf2, 0x4f, 0xff, 0xe0, 0x0, 0x0,
    0x0, 0x0, 0x8, 0xff, 0xfa, 0xcf, 0xff, 0x50,
    0x0, 0x0, 0x0, 0x0, 0x0, 0xef, 0xff, 0xff,
    0xfc, 0x0, 0x0, 0x0, 0x0, 0x0, 0x0, 0x5f,
    0xff, 0xff, 0xf2, 0x0, 0x0, 0x0, 0x0, 0x0,
    0x0, 0xb, 0xff, 0xff, 0x90, 0x0, 0x0, 0x0,
    0x0, 0x0, 0x0, 0x3, 0xff, 0xff, 0x10, 0x0,
    0x0, 0x0, 0x0, 0x0, 0x0, 0x1, 0xff, 0xff,
    0x0, 0x0, 0x0, 0x0, 0x0, 0x0, 0x0, 0x1,
    0xff, 0xff, 0x0, 0x0, 0x0, 0x0, 0x0, 0x0,
    0x0, 0x1, 0xff, 0xff, 0x0, 0x0, 0x0, 0x0,
    0x0, 0x0, 0x0, 0x1, 0xff, 0xff, 0x0, 0x0,
    0x0, 0x0, 0x0, 0x0, 0x0, 0x1, 0xff, 0xff,
    0x0, 0x0, 0x0, 0x0, 0x0, 0x0, 0x0, 0x1,
    0xff, 0xff, 0x0, 0x0, 0x0, 0x0, 0x0, 0x0,
    0x0, 0x1, 0xff, 0xff, 0x0, 0x0, 0x0, 0x0,
    0x0, 0x0, 0x0, 0x0, 0x0, 0x0, 0x0, 0x0,
    0x0, 0x0, 0x0, 0x0, 0x0, 0x0, 0x0, 0x0,
    0x0, 0x0, 0x0, 0x0, 0x0, 0x0, 0x0, 0x0,
    0x7f, 0xf6, 0x0, 0x0, 0x0, 0x0, 0x0, 0x0,
    0x0, 0x2, 0xff, 0xff, 0x0, 0x0, 0x0, 0x0,
    0x0, 0x0, 0x0, 0x1, 0xff, 0xff, 0x0, 0x0,
    0x0, 0x0, 0x0, 0x0, 0x0, 0x0, 0x6e, 0xd4,
    0x0, 0x0, 0x0, 0x0,

    /* U+1EF5 "ỵ" */
    0x5b, 0xbb, 0x80, 0x0, 0x0, 0x5, 0xbb, 0xb8,
    0x2f, 0xff, 0xf0, 0x0, 0x0, 0xb, 0xff, 0xf5,
    0xc, 0xff, 0xf5, 0x0, 0x0, 0x1f, 0xff, 0xf0,
    0x6, 0xff, 0xfa, 0x0, 0x0, 0x6f, 0xff, 0x90,
    0x0, 0xff, 0xff, 0x0, 0x0, 0xcf, 0xff, 0x30,
    0x0, 0xaf, 0xff, 0x40, 0x1, 0xff, 0xfd, 0x0,
    0x0, 0x4f, 0xff, 0xa0, 0x6, 0xff, 0xf7, 0x0,
    0x0, 0xd, 0xff, 0xe0, 0xc, 0xff, 0xf1, 0x0,
    0x0, 0x8, 0xff, 0xf3, 0x1f, 0xff, 0xb0, 0x0,
    0x0, 0x2, 0xff, 0xf7, 0x5f, 0xff, 0x50, 0x0,
    0x0, 0x0, 0xcf, 0xfb, 0xaf, 0xfe, 0x0, 0x0,
    0x0, 0x0, 0x6f, 0xff, 0xef, 0xf9, 0x0, 0x0,
    0x0, 0x0, 0xf, 0xff, 0xff, 0xf2, 0x0, 0x0,
    0x0, 0x0, 0xa, 0xff, 0xff, 0xc0, 0x0, 0x0,
    0x0, 0x0, 0x4, 0xff, 0xff, 0x60, 0x0, 0x0,
    0x0, 0x0, 0x1, 0xff, 0xff, 0x10, 0x0, 0x0,
    0x0, 0x0, 0x5, 0xff, 0xfa, 0x0, 0x0, 0x0,
    0x0, 0x78, 0x9f, 0xff, 0xf3, 0x1c, 0xfd, 0x20,
    0x0, 0xef, 0xff, 0xff, 0x90, 0x7f, 0xff, 0xa0,
    0x3, 0xff, 0xff, 0xf9, 0x0, 0x7f, 0xff, 0x90,
    0x1, 0x78, 0x97, 0x20, 0x0, 0xa, 0xfb, 0x10,

    /* U+1EF6 "Ỷ" */
    0x0, 0x0, 0x0, 0x6, 0x99, 0x72, 0x0, 0x0,
    0x0, 0x0, 0x0, 0x0, 0x0, 0xa, 0xff, 0xff,
    0x10, 0x0, 0x0, 0x0, 0x0, 0x0, 0x0, 0x4,
    0x6a, 0xff, 0x20, 0x0, 0x0, 0x0, 0x0, 0x0,
    0x0, 0x0, 0xd, 0xfa, 0x0, 0x0, 0x0, 0x0,
    0x0, 0x0, 0x0, 0x0, 0x27, 0x70, 0x0, 0x0,
    0x0, 0x0, 0x0, 0x0, 0x0, 0x0, 0x0, 0x0,
    0x0, 0x0, 0x0, 0x0, 0x1a, 0xaa, 0xa5, 0x0,
    0x0, 0x0, 0x0, 0x7a, 0xaa, 0x90, 0xa, 0xff,
    0xfe, 0x0, 0x0, 0x0, 0x3, 0xff, 0xff, 0x60,
    0x2, 0xff, 0xff, 0x80, 0x0, 0x0, 0xb, 0xff,
    0xfd, 0x0, 0x0, 0x7f, 0xff, 0xf1, 0x0, 0x0,
    0x4f, 0xff, 0xf4, 0x0, 0x0, 0xd, 0xff, 0xf9,
    0x0, 0x0, 0xcf, 0xff, 0xa0, 0x0, 0x0, 0x4,
    0xff, 0xff, 0x20, 0x4, 0xff, 0xff, 0x10, 0x0,
    0x0, 0x0, 0xbf, 0xff, 0xa0, 0xd, 0xff, 0xf8,
    0x0, 0x0, 0x0, 0x0, 0x2f, 0xff, 0xf2, 0x4f,
    0xff, 0xe0, 0x0, 0x0, 0x0, 0x0, 0x8, 0xff,
    0xfa, 0xcf, 0xff, 0x50, 0x0, 0x0, 0x0, 0x0,
    0x0, 0xef, 0xff, 0xff, 0xfc, 0x0, 0x0, 0x0,
    0x0, 0x0, 0x0, 0x5f, 0xff, 0xff, 0xf2, 0x0,
    0x0, 0x0, 0x0, 0x0, 0x0, 0xb, 0xff, 0xff,
    0x90, 0x0, 0x0, 0x0, 0x0, 0x0, 0x0, 0x3,
    0xff, 0xff, 0x10, 0x0, 0x0, 0x0, 0x0, 0x0,
    0x0, 0x1, 0xff, 0xff, 0x0, 0x0, 0x0, 0x0,
    0x0, 0x0, 0x0, 0x1, 0xff, 0xff, 0x0, 0x0,
    0x0, 0x0, 0x0, 0x0, 0x0, 0x1, 0xff, 0xff,
    0x0, 0x0, 0x0, 0x0, 0x0, 0x0, 0x0, 0x1,
    0xff, 0xff, 0x0, 0x0, 0x0, 0x0, 0x0, 0x0,
    0x0, 0x1, 0xff, 0xff, 0x0, 0x0, 0x0, 0x0,
    0x0, 0x0, 0x0, 0x1, 0xff, 0xff, 0x0, 0x0,
    0x0, 0x0, 0x0, 0x0, 0x0, 0x1, 0xff, 0xff,
    0x0, 0x0, 0x0, 0x0,

    /* U+1EF7 "ỷ" */
    0x0, 0x0, 0x4, 0xbb, 0xa5, 0x0, 0x0, 0x0,
    0x0, 0x0, 0x6, 0xff, 0xff, 0x50, 0x0, 0x0,
    0x0, 0x0, 0x1, 0x56, 0xff, 0x60, 0x0, 0x0,
    0x0, 0x0, 0x0, 0x9, 0xfd, 0x0, 0x0, 0x0,
    0x0, 0x0, 0x0, 0x6, 0x62, 0x0, 0x0, 0x0,
    0x0, 0x0, 0x0, 0x0, 0x0, 0x0, 0x0, 0x0,
    0x5b, 0xbb, 0x80, 0x0, 0x0, 0x5, 0xbb, 0xb8,
    0x2f, 0xff, 0xf0, 0x0, 0x0, 0xb, 0xff, 0xf5,
    0xc, 0xff, 0xf5, 0x0, 0x0, 0x1f, 0xff, 0xf0,
    0x6, 0xff, 0xfa, 0x0, 0x0, 0x6f, 0xff, 0x90,
    0x0, 0xff, 0xff, 0x0, 0x0, 0xcf, 0xff, 0x30,
    0x0, 0xaf, 0xff, 0x40, 0x1, 0xff, 0xfd, 0x0,
    0x0, 0x4f, 0xff, 0xa0, 0x6, 0xff, 0xf7, 0x0,
    0x0, 0xd, 0xff, 0xe0, 0xc, 0xff, 0xf1, 0x0,
    0x0, 0x8, 0xff, 0xf3, 0x1f, 0xff, 0xb0, 0x0,
    0x0, 0x2, 0xff, 0xf7, 0x5f, 0xff, 0x50, 0x0,
    0x0, 0x0, 0xcf, 0xfb, 0xaf, 0xfe, 0x0, 0x0,
    0x0, 0x0, 0x6f, 0xff, 0xef, 0xf9, 0x0, 0x0,
    0x0, 0x0, 0xf, 0xff, 0xff, 0xf2, 0x0, 0x0,
    0x0, 0x0, 0xa, 0xff, 0xff, 0xc0, 0x0, 0x0,
    0x0, 0x0, 0x4, 0xff, 0xff, 0x60, 0x0, 0x0,
    0x0, 0x0, 0x1, 0xff, 0xff, 0x10, 0x0, 0x0,
    0x0, 0x0, 0x5, 0xff, 0xfa, 0x0, 0x0, 0x0,
    0x0, 0x78, 0x9f, 0xff, 0xf3, 0x0, 0x0, 0x0,
    0x0, 0xef, 0xff, 0xff, 0x90, 0x0, 0x0, 0x0,
    0x3, 0xff, 0xff, 0xf9, 0x0, 0x0, 0x0, 0x0,
    0x1, 0x78, 0x97, 0x20, 0x0, 0x0, 0x0, 0x0,

    /* U+1EF8 "Ỹ" */
    0x0, 0x0, 0x0, 0x4, 0x40, 0x0, 0x34, 0x20,
    0x0, 0x0, 0x0, 0x0, 0x0, 0xcf, 0xfe, 0x61,
    0xef, 0x50, 0x0, 0x0, 0x0, 0x0, 0x6, 0xff,
    0xef, 0xff, 0xff, 0x10, 0x0, 0x0, 0x0, 0x0,
    0xa, 0xfa, 0x6, 0xef, 0xf5, 0x0, 0x0, 0x0,
    0x0, 0x0, 0x1, 0x10, 0x0, 0x2, 0x0, 0x0,
    0x0, 0x0, 0x0, 0x0, 0x0, 0x0, 0x0, 0x0,
    0x0, 0x0, 0x0, 0x0, 0x1a, 0xaa, 0xa5, 0x0,
    0x0, 0x0, 0x0, 0x7a, 0xaa, 0x90, 0xa, 0xff,
    0xfe, 0x0, 0x0, 0x0, 0x3, 0xff, 0xff, 0x60,
    0x2, 0xff, 0xff, 0x80, 0x0, 0x0, 0xb, 0xff,
    0xfd, 0x0, 0x0, 0x7f, 0xff, 0xf1, 0x0, 0x0,
    0x4f, 0xff, 0xf4, 0x0, 0x0, 0xd, 0xff, 0xf9,
    0x0, 0x0, 0xcf, 0xff, 0xa0, 0x0, 0x0, 0x4,
    0xff, 0xff, 0x20, 0x4, 0xff, 0xff, 0x10, 0x0,
    0x0, 0x0, 0xbf, 0xff, 0xa0, 0xd, 0xff, 0xf8,
    0x0, 0x0, 0x0, 0x0, 0x2f, 0xff, 0xf2, 0x4f,
    0xff, 0xe0, 0x0, 0x0, 0x0, 0x0, 0x8, 0xff,
    0xfa, 0xcf, 0xff, 0x50, 0x0, 0x0, 0x0, 0x0,
    0x0, 0xef, 0xff, 0xff, 0xfc, 0x0, 0x0, 0x0,
    0x0, 0x0, 0x0, 0x5f, 0xff, 0xff, 0xf2, 0x0,
    0x0, 0x0, 0x0, 0x0, 0x0, 0xb, 0xff, 0xff,
    0x90, 0x0, 0x0, 0x0, 0x0, 0x0, 0x0, 0x3,
    0xff, 0xff, 0x10, 0x0, 0x0, 0x0, 0x0, 0x0,
    0x0, 0x1, 0xff, 0xff, 0x0, 0x0, 0x0, 0x0,
    0x0, 0x0, 0x0, 0x1, 0xff, 0xff, 0x0, 0x0,
    0x0, 0x0, 0x0, 0x0, 0x0, 0x1, 0xff, 0xff,
    0x0, 0x0, 0x0, 0x0, 0x0, 0x0, 0x0, 0x1,
    0xff, 0xff, 0x0, 0x0, 0x0, 0x0, 0x0, 0x0,
    0x0, 0x1, 0xff, 0xff, 0x0, 0x0, 0x0, 0x0,
    0x0, 0x0, 0x0, 0x1, 0xff, 0xff, 0x0, 0x0,
    0x0, 0x0, 0x0, 0x0, 0x0, 0x1, 0xff, 0xff,
    0x0, 0x0, 0x0, 0x0,

    /* U+1EF9 "ỹ" */
    0x0, 0x0, 0x4, 0x63, 0x0, 0x26, 0x40, 0x0,
    0x0, 0x0, 0x9f, 0xff, 0xa3, 0xaf, 0x90, 0x0,
    0x0, 0x2, 0xff, 0xdf, 0xff, 0xff, 0x40, 0x0,
    0x0, 0x5, 0xfd, 0x2, 0xbf, 0xf8, 0x0, 0x0,
    0x0, 0x0, 0x0, 0x0, 0x0, 0x0, 0x0, 0x0,
    0x0, 0x0, 0x0, 0x0, 0x0, 0x0, 0x0, 0x0,
    0x5b, 0xbb, 0x80, 0x0, 0x0, 0x5, 0xbb, 0xb8,
    0x2f, 0xff, 0xf0, 0x0, 0x0, 0xb, 0xff, 0xf5,
    0xc, 0xff, 0xf5, 0x0, 0x0, 0x1f, 0xff, 0xf0,
    0x6, 0xff, 0xfa, 0x0, 0x0, 0x6f, 0xff, 0x90,
    0x0, 0xff, 0xff, 0x0, 0x0, 0xcf, 0xff, 0x30,
    0x0, 0xaf, 0xff, 0x40, 0x1, 0xff, 0xfd, 0x0,
    0x0, 0x4f, 0xff, 0xa0, 0x6, 0xff, 0xf7, 0x0,
    0x0, 0xd, 0xff, 0xe0, 0xc, 0xff, 0xf1, 0x0,
    0x0, 0x8, 0xff, 0xf3, 0x1f, 0xff, 0xb0, 0x0,
    0x0, 0x2, 0xff, 0xf7, 0x5f, 0xff, 0x50, 0x0,
    0x0, 0x0, 0xcf, 0xfb, 0xaf, 0xfe, 0x0, 0x0,
    0x0, 0x0, 0x6f, 0xff, 0xef, 0xf9, 0x0, 0x0,
    0x0, 0x0, 0xf, 0xff, 0xff, 0xf2, 0x0, 0x0,
    0x0, 0x0, 0xa, 0xff, 0xff, 0xc0, 0x0, 0x0,
    0x0, 0x0, 0x4, 0xff, 0xff, 0x60, 0x0, 0x0,
    0x0, 0x0, 0x1, 0xff, 0xff, 0x10, 0x0, 0x0,
    0x0, 0x0, 0x5, 0xff, 0xfa, 0x0, 0x0, 0x0,
    0x0, 0x78, 0x9f, 0xff, 0xf3, 0x0, 0x0, 0x0,
    0x0, 0xef, 0xff, 0xff, 0x90, 0x0, 0x0, 0x0,
    0x3, 0xff, 0xff, 0xf9, 0x0, 0x0, 0x0, 0x0,
    0x1, 0x78, 0x97, 0x20, 0x0, 0x0, 0x0, 0x0,

    /* U+2013 "–" */
    0x33, 0x33, 0x33, 0x33, 0x33, 0x33, 0x31, 0xff,
    0xff, 0xff, 0xff, 0xff, 0xff, 0xf8, 0xff, 0xff,
    0xff, 0xff, 0xff, 0xff, 0xf8, 0xff, 0xff, 0xff,
    0xff, 0xff, 0xff, 0xf8,

    /* U+2014 "—" */
    0x33, 0x33, 0x33, 0x33, 0x33, 0x33, 0x33, 0x33,
    0x33, 0x33, 0x33, 0x33, 0x33, 0x3f, 0xff, 0xff,
    0xff, 0xff, 0xff, 0xff, 0xff, 0xff, 0xff, 0xff,
    0xff, 0xff, 0xff, 0xff, 0xff, 0xff, 0xff, 0xff,
    0xff, 0xff, 0xff, 0xff, 0xff, 0xff, 0xff, 0xff,
    0xff, 0xff, 0xff, 0xff, 0xff, 0xff, 0xff, 0xff,
    0xff, 0xff, 0xff, 0xff, 0xff, 0xff,

    /* U+2018 "‘" */
    0x0, 0x8f, 0xf3, 0x0, 0xdf, 0xf1, 0x2, 0xff,
    0xf0, 0x7, 0xff, 0xc0, 0xb, 0xff, 0xa0, 0xf,
    0xff, 0x80, 0x5f, 0xff, 0x50, 0x9f, 0xff, 0x30,
    0x23, 0x33, 0x0,

    /* U+2019 "’" */
    0x2, 0x33, 0x30, 0xc, 0xff, 0xf1, 0xe, 0xff,
    0xc0, 0xf, 0xff, 0x70, 0x3f, 0xff, 0x30, 0x5f,
    0xfe, 0x0, 0x7f, 0xf9, 0x0, 0x9f, 0xf4, 0x0,
    0xcf, 0xf0, 0x0,

    /* U+201A "‚" */
    0x0, 0x33, 0x32, 0x5, 0xff, 0xf7, 0x7, 0xff,
    0xf3, 0xa, 0xff, 0xe0, 0xc, 0xff, 0x90, 0xe,
    0xff, 0x40, 0x1f, 0xff, 0x0, 0x3f, 0xfb, 0x0,
    0x5f, 0xf6, 0x0,

    /* U+201C "“" */
    0x0, 0x8f, 0xf3, 0x0, 0x5f, 0xf6, 0x0, 0xdf,
    0xf1, 0x0, 0xaf, 0xf4, 0x2, 0xff, 0xf0, 0x0,
    0xef, 0xf2, 0x7, 0xff, 0xc0, 0x3, 0xff, 0xf0,
    0xb, 0xff, 0xa0, 0x8, 0xff, 0xd0, 0xf, 0xff,
    0x80, 0xd, 0xff, 0xb0, 0x5f, 0xff, 0x50, 0x1f,
    0xff, 0x90, 0x9f, 0xff, 0x30, 0x6f, 0xff, 0x60,
    0x23, 0x33, 0x0, 0x23, 0x33, 0x10,

    /* U+201D "”" */
    0xb, 0xff, 0xf2, 0xc, 0xff, 0xf1, 0xe, 0xff,
    0xd0, 0xe, 0xff, 0xd0, 0xf, 0xff, 0x80, 0xf,
    0xff, 0x80, 0x2f, 0xff, 0x40, 0x3f, 0xff, 0x30,
    0x4f, 0xff, 0x0, 0x5f, 0xfe, 0x0, 0x7f, 0xfa,
    0x0, 0x7f, 0xfa, 0x0, 0x9f, 0xf5, 0x0, 0x9f,
    0xf5, 0x0, 0xbf, 0xf1, 0x0, 0xcf, 0xf1, 0x0,
    0x23, 0x30, 0x0, 0x23, 0x30, 0x0,

    /* U+201E "„" */
    0x0, 0x33, 0x32, 0x1, 0x33, 0x32, 0x5, 0xff,
    0xf7, 0x6, 0xff, 0xf7, 0x7, 0xff, 0xf3, 0x8,
    0xff, 0xf2, 0xa, 0xff, 0xe0, 0xa, 0xff, 0xd0,
    0xc, 0xff, 0x90, 0xd, 0xff, 0x90, 0xe, 0xff,
    0x40, 0xf, 0xff, 0x40, 0x1f, 0xff, 0x0, 0x1f,
    0xff, 0x0, 0x3f, 0xfb, 0x0, 0x3f, 0xfb, 0x0,
    0x5f, 0xf6, 0x0, 0x6f, 0xf6, 0x0,

    /* U+2022 "•" */
    0x0, 0x5, 0x74, 0x0, 0x0, 0x4e, 0xff, 0xfd,
    0x20, 0x2f, 0xff, 0xff, 0xfe, 0x9, 0xff, 0xff,
    0xff, 0xf6, 0xcf, 0xff, 0xff, 0xff, 0x9b, 0xff,
    0xff, 0xff, 0xf8, 0x6f, 0xff, 0xff, 0xff, 0x30,
    0xcf, 0xff, 0xff, 0x90, 0x0, 0x8e, 0xfd, 0x60,
    0x0,

    /* U+2026 "…" */
    0x4, 0x84, 0x0, 0x0, 0x0, 0x48, 0x40, 0x0,
    0x0, 0x4, 0x84, 0x5, 0xff, 0xf6, 0x0, 0x0,
    0x5f, 0xff, 0x60, 0x0, 0x5, 0xff, 0xf6, 0xbf,
    0xff, 0xb0, 0x0, 0xb, 0xff, 0xfc, 0x0, 0x0,
    0xaf, 0xff, 0xc9, 0xff, 0xf9, 0x0, 0x0, 0x9f,
    0xff, 0xa0, 0x0, 0x8, 0xff, 0xfa, 0x1b, 0xfb,
    0x10, 0x0, 0x1, 0xbf, 0xb1, 0x0, 0x0, 0x1b,
    0xfb, 0x10,

    /* U+2032 "′" */
    0xd, 0xff, 0xc0, 0xef, 0xf8, 0xf, 0xff, 0x51,
    0xff, 0xf1, 0x2f, 0xfe, 0x4, 0xff, 0xb0, 0x5f,
    0xf7, 0x4, 0xaa, 0x30,

    /* U+2033 "″" */
    0xd, 0xff, 0xc0, 0x0, 0x7f, 0xff, 0x20, 0xef,
    0xf8, 0x0, 0x8, 0xff, 0xe0, 0xf, 0xff, 0x50,
    0x0, 0x9f, 0xfb, 0x1, 0xff, 0xf1, 0x0, 0xb,
    0xff, 0x70, 0x2f, 0xfe, 0x0, 0x0, 0xcf, 0xf4,
    0x4, 0xff, 0xb0, 0x0, 0xe, 0xff, 0x10, 0x5f,
    0xf7, 0x0, 0x0, 0xff, 0xd0, 0x4, 0xaa, 0x30,
    0x0, 0xa, 0xa6, 0x0,

    /* U+2039 "‹" */
    0x0, 0x0, 0x1e, 0xff, 0xf4, 0x0, 0x0, 0xcf,
    0xff, 0x60, 0x0, 0xa, 0xff, 0xf9, 0x0, 0x0,
    0x8f, 0xff, 0xb0, 0x0, 0x5, 0xff, 0xfd, 0x10,
    0x0, 0x3f, 0xff, 0xf2, 0x0, 0x0, 0x9f, 0xff,
    0xb0, 0x0, 0x0, 0xc, 0xff, 0xf7, 0x0, 0x0,
    0x1, 0xdf, 0xff, 0x50, 0x0, 0x0, 0x2e, 0xff,
    0xf3, 0x0, 0x0, 0x4, 0xff, 0xfe, 0x10, 0x0,
    0x0, 0x6f, 0xff, 0xc0, 0x0, 0x0, 0x6, 0x88,
    0x83,

    /* U+203A "›" */
    0x9, 0xff, 0xf9, 0x0, 0x0, 0x0, 0xc, 0xff,
    0xf7, 0x0, 0x0, 0x0, 0x1d, 0xff, 0xf4, 0x0,
    0x0, 0x0, 0x2f, 0xff, 0xf2, 0x0, 0x0, 0x0,
    0x4f, 0xff, 0xe1, 0x0, 0x0, 0x0, 0x7f, 0xff,
    0xc0, 0x0, 0x0, 0x1, 0xff, 0xff, 0x30, 0x0,
    0x0, 0xcf, 0xff, 0x60, 0x0, 0x0, 0xaf, 0xff,
    0x90, 0x0, 0x0, 0x8f, 0xff, 0xb0, 0x0, 0x0,
    0x5f, 0xff, 0xd0, 0x0, 0x0, 0x3f, 0xff, 0xe2,
    0x0, 0x0, 0x6, 0x88, 0x83, 0x0, 0x0, 0x0
};


/*---------------------
 *  GLYPH DESCRIPTION
 *--------------------*/

static const lv_font_fmt_txt_glyph_dsc_t glyph_dsc[] = {
    {.bitmap_index = 0, .adv_w = 0, .box_w = 0, .box_h = 0, .ofs_x = 0, .ofs_y = 0} /* id = 0 reserved */,
    {.bitmap_index = 0, .adv_w = 102, .box_w = 0, .box_h = 0, .ofs_x = 0, .ofs_y = 0},
    {.bitmap_index = 0, .adv_w = 146, .box_w = 5, .box_h = 20, .ofs_x = 2, .ofs_y = 0},
    {.bitmap_index = 50, .adv_w = 238, .box_w = 11, .box_h = 9, .ofs_x = 2, .ofs_y = 11},
    {.bitmap_index = 100, .adv_w = 280, .box_w = 18, .box_h = 20, .ofs_x = 0, .ofs_y = 0},
    {.bitmap_index = 280, .adv_w = 283, .box_w = 16, .box_h = 26, .ofs_x = 1, .ofs_y = -3},
    {.bitmap_index = 488, .adv_w = 439, .box_w = 23, .box_h = 20, .ofs_x = 2, .ofs_y = 0},
    {.bitmap_index = 718, .adv_w = 290, .box_w = 18, .box_h = 20, .ofs_x = 1, .ofs_y = 0},
    {.bitmap_index = 898, .adv_w = 146, .box_w = 5, .box_h = 9, .ofs_x = 2, .ofs_y = 11},
    {.bitmap_index = 921, .adv_w = 163, .box_w = 8, .box_h = 25, .ofs_x = 2, .ofs_y = -4},
    {.bitmap_index = 1021, .adv_w = 163, .box_w = 8, .box_h = 25, .ofs_x = 0, .ofs_y = -4},
    {.bitmap_index = 1121, .adv_w = 242, .box_w = 11, .box_h = 12, .ofs_x = 2, .ofs_y = 8},
    {.bitmap_index = 1187, .adv_w = 293, .box_w = 14, .box_h = 14, .ofs_x = 2, .ofs_y = 1},
    {.bitmap_index = 1285, .adv_w = 144, .box_w = 6, .box_h = 9, .ofs_x = 1, .ofs_y = -6},
    {.bitmap_index = 1312, .adv_w = 202, .box_w = 10, .box_h = 4, .ofs_x = 1, .ofs_y = 7},
    {.bitmap_index = 1332, .adv_w = 144, .box_w = 5, .box_h = 5, .ofs_x = 2, .ofs_y = 0},
    {.bitmap_index = 1345, .adv_w = 168, .box_w = 11, .box_h = 24, .ofs_x = 0, .ofs_y = -3},
    {.bitmap_index = 1477, .adv_w = 291, .box_w = 16, .box_h = 20, .ofs_x = 1, .ofs_y = 0},
    {.bitmap_index = 1637, .adv_w = 186, .box_w = 9, .box_h = 20, .ofs_x = 1, .ofs_y = 0},
    {.bitmap_index = 1727, .adv_w = 272, .box_w = 15, .box_h = 20, .ofs_x = 1, .ofs_y = 0},
    {.bitmap_index = 1877, .adv_w = 279, .box_w = 16, .box_h = 20, .ofs_x = 1, .ofs_y = 0},
    {.bitmap_index = 2037, .adv_w = 292, .box_w = 17, .box_h = 20, .ofs_x = 1, .ofs_y = 0},
    {.bitmap_index = 2207, .adv_w = 269, .box_w = 15, .box_h = 20, .ofs_x = 1, .ofs_y = 0},
    {.bitmap_index = 2357, .adv_w = 281, .box_w = 16, .box_h = 20, .ofs_x = 1, .ofs_y = 0},
    {.bitmap_index = 2517, .adv_w = 251, .box_w = 15, .box_h = 20, .ofs_x = 0, .ofs_y = 0},
    {.bitmap_index = 2667, .adv_w = 281, .box_w = 16, .box_h = 20, .ofs_x = 1, .ofs_y = 0},
    {.bitmap_index = 2827, .adv_w = 281, .box_w = 16, .box_h = 20, .ofs_x = 1, .ofs_y = 0},
    {.bitmap_index = 2987, .adv_w = 144, .box_w = 5, .box_h = 15, .ofs_x = 2, .ofs_y = 0},
    {.bitmap_index = 3025, .adv_w = 148, .box_w = 7, .box_h = 20, .ofs_x = 1, .ofs_y = -6},
    {.bitmap_index = 3095, .adv_w = 293, .box_w = 14, .box_h = 16, .ofs_x = 2, .ofs_y = 0},
    {.bitmap_index = 3207, .adv_w = 293, .box_w = 14, .box_h = 10, .ofs_x = 2, .ofs_y = 3},
    {.bitmap_index = 3277, .adv_w = 293, .box_w = 15, .box_h = 16, .ofs_x = 2, .ofs_y = 0},
    {.bitmap_index = 3397, .adv_w = 242, .box_w = 13, .box_h = 20, .ofs_x = 1, .ofs_y = 0},
    {.bitmap_index = 3527, .adv_w = 439, .box_w = 26, .box_h = 26, .ofs_x = 1, .ofs_y = -6},
    {.bitmap_index = 3865, .adv_w = 323, .box_w = 20, .box_h = 20, .ofs_x = 0, .ofs_y = 0},
    {.bitmap_index = 4065, .adv_w = 286, .box_w = 16, .box_h = 20, .ofs_x = 1, .ofs_y = 0},
    {.bitmap_index = 4225, .adv_w = 320, .box_w = 18, .box_h = 20, .ofs_x = 1, .ofs_y = 0},
    {.bitmap_index = 4405, .adv_w = 312, .box_w = 18, .box_h = 20, .ofs_x = 1, .ofs_y = 0},
    {.bitmap_index = 4585, .adv_w = 262, .box_w = 14, .box_h = 20, .ofs_x = 1, .ofs_y = 0},
    {.bitmap_index = 4725, .adv_w = 254, .box_w = 14, .box_h = 20, .ofs_x = 1, .ofs_y = 0},
    {.bitmap_index = 4865, .adv_w = 324, .box_w = 18, .box_h = 20, .ofs_x = 1, .ofs_y = 0},
    {.bitmap_index = 5045, .adv_w = 323, .box_w = 18, .box_h = 20, .ofs_x = 1, .ofs_y = 0},
    {.bitmap_index = 5225, .adv_w = 121, .box_w = 5, .box_h = 20, .ofs_x = 1, .ofs_y = 0},
    {.bitmap_index = 5275, .adv_w = 252, .box_w = 14, .box_h = 20, .ofs_x = 0, .ofs_y = 0},
    {.bitmap_index = 5415, .adv_w = 311, .box_w = 18, .box_h = 20, .ofs_x = 1, .ofs_y = 0},
    {.bitmap_index = 5595, .adv_w = 244, .box_w = 14, .box_h = 20, .ofs_x = 1, .ofs_y = 0},
    {.bitmap_index = 5735, .adv_w = 402, .box_w = 23, .box_h = 20, .ofs_x = 1, .ofs_y = 0},
    {.bitmap_index = 5965, .adv_w = 329, .box_w = 18, .box_h = 20, .ofs_x = 1, .ofs_y = 0},
    {.bitmap_index = 6145, .adv_w = 333, .box_w = 19, .box_h = 20, .ofs_x = 1, .ofs_y = 0},
    {.bitmap_index = 6335, .adv_w = 280, .box_w = 16, .box_h = 20, .ofs_x = 1, .ofs_y = 0},
    {.bitmap_index = 6495, .adv_w = 336, .box_w = 19, .box_h = 22, .ofs_x = 1, .ofs_y = -2},
    {.bitmap_index = 6704, .adv_w = 284, .box_w = 17, .box_h = 20, .ofs_x = 1, .ofs_y = 0},
    {.bitmap_index = 6874, .adv_w = 283, .box_w = 16, .box_h = 20, .ofs_x = 1, .ofs_y = 0},
    {.bitmap_index = 7034, .adv_w = 288, .box_w = 18, .box_h = 20, .ofs_x = 0, .ofs_y = 0},
    {.bitmap_index = 7214, .adv_w = 316, .box_w = 17, .box_h = 20, .ofs_x = 1, .ofs_y = 0},
    {.bitmap_index = 7384, .adv_w = 323, .box_w = 20, .box_h = 20, .ofs_x = 0, .ofs_y = 0},
    {.bitmap_index = 7584, .adv_w = 448, .box_w = 28, .box_h = 20, .ofs_x = 0, .ofs_y = 0},
    {.bitmap_index = 7864, .adv_w = 319, .box_w = 20, .box_h = 20, .ofs_x = 0, .ofs_y = 0},
    {.bitmap_index = 8064, .adv_w = 316, .box_w = 20, .box_h = 20, .ofs_x = 0, .ofs_y = 0},
    {.bitmap_index = 8264, .adv_w = 287, .box_w = 16, .box_h = 20, .ofs_x = 1, .ofs_y = 0},
    {.bitmap_index = 8424, .adv_w = 163, .box_w = 7, .box_h = 25, .ofs_x = 2, .ofs_y = -4},
    {.bitmap_index = 8512, .adv_w = 168, .box_w = 11, .box_h = 24, .ofs_x = 0, .ofs_y = -3},
    {.bitmap_index = 8644, .adv_w = 163, .box_w = 7, .box_h = 25, .ofs_x = 1, .ofs_y = -4},
    {.bitmap_index = 8732, .adv_w = 210, .box_w = 13, .box_h = 9, .ofs_x = 0, .ofs_y = 11},
    {.bitmap_index = 8791, .adv_w = 206, .box_w = 13, .box_h = 4, .ofs_x = 0, .ofs_y = -3},
    {.bitmap_index = 8817, .adv_w = 158, .box_w = 6, .box_h = 5, .ofs_x = 2, .ofs_y = 17},
    {.bitmap_index = 8832, .adv_w = 251, .box_w = 14, .box_h = 15, .ofs_x = 0, .ofs_y = 0},
    {.bitmap_index = 8937, .adv_w = 272, .box_w = 15, .box_h = 20, .ofs_x = 1, .ofs_y = 0},
    {.bitmap_index = 9087, .adv_w = 254, .box_w = 14, .box_h = 15, .ofs_x = 1, .ofs_y = 0},
    {.bitmap_index = 9192, .adv_w = 272, .box_w = 15, .box_h = 20, .ofs_x = 1, .ofs_y = 0},
    {.bitmap_index = 9342, .adv_w = 257, .box_w = 15, .box_h = 15, .ofs_x = 1, .ofs_y = 0},
    {.bitmap_index = 9455, .adv_w = 172, .box_w = 11, .box_h = 21, .ofs_x = 0, .ofs_y = 0},
    {.bitmap_index = 9571, .adv_w = 273, .box_w = 15, .box_h = 21, .ofs_x = 1, .ofs_y = -6},
    {.bitmap_index = 9729, .adv_w = 269, .box_w = 15, .box_h = 20, .ofs_x = 1, .ofs_y = 0},
    {.bitmap_index = 9879, .adv_w = 117, .box_w = 5, .box_h = 21, .ofs_x = 1, .ofs_y = 0},
    {.bitmap_index = 9932, .adv_w = 117, .box_w = 7, .box_h = 27, .ofs_x = -1, .ofs_y = -6},
    {.bitmap_index = 10027, .adv_w = 251, .box_w = 15, .box_h = 20, .ofs_x = 1, .ofs_y = 0},
    {.bitmap_index = 10177, .adv_w = 117, .box_w = 5, .box_h = 20, .ofs_x = 1, .ofs_y = 0},
    {.bitmap_index = 10227, .adv_w = 394, .box_w = 22, .box_h = 15, .ofs_x = 1, .ofs_y = 0},
    {.bitmap_index = 10392, .adv_w = 269, .box_w = 15, .box_h = 15, .ofs_x = 1, .ofs_y = 0},
    {.bitmap_index = 10505, .adv_w = 265, .box_w = 15, .box_h = 15, .ofs_x = 1, .ofs_y = 0},
    {.bitmap_index = 10618, .adv_w = 272, .box_w = 15, .box_h = 21, .ofs_x = 1, .ofs_y = -6},
    {.bitmap_index = 10776, .adv_w = 272, .box_w = 15, .box_h = 21, .ofs_x = 1, .ofs_y = -6},
    {.bitmap_index = 10934, .adv_w = 176, .box_w = 10, .box_h = 16, .ofs_x = 1, .ofs_y = 0},
    {.bitmap_index = 11014, .adv_w = 242, .box_w = 14, .box_h = 15, .ofs_x = 1, .ofs_y = 0},
    {.bitmap_index = 11119, .adv_w = 158, .box_w = 10, .box_h = 19, .ofs_x = 0, .ofs_y = 0},
    {.bitmap_index = 11214, .adv_w = 269, .box_w = 15, .box_h = 15, .ofs_x = 1, .ofs_y = 0},
    {.bitmap_index = 11327, .adv_w = 259, .box_w = 16, .box_h = 15, .ofs_x = 0, .ofs_y = 0},
    {.bitmap_index = 11447, .adv_w = 367, .box_w = 23, .box_h = 15, .ofs_x = 0, .ofs_y = 0},
    {.bitmap_index = 11620, .adv_w = 251, .box_w = 16, .box_h = 15, .ofs_x = 0, .ofs_y = 0},
    {.bitmap_index = 11740, .adv_w = 260, .box_w = 16, .box_h = 21, .ofs_x = 0, .ofs_y = -6},
    {.bitmap_index = 11908, .adv_w = 247, .box_w = 13, .box_h = 15, .ofs_x = 1, .ofs_y = 0},
    {.bitmap_index = 12006, .adv_w = 203, .box_w = 11, .box_h = 25, .ofs_x = 1, .ofs_y = -4},
    {.bitmap_index = 12144, .adv_w = 161, .box_w = 4, .box_h = 33, .ofs_x = 3, .ofs_y = -6},
    {.bitmap_index = 12210, .adv_w = 203, .box_w = 10, .box_h = 25, .ofs_x = 1, .ofs_y = -4},
    {.bitmap_index = 12335, .adv_w = 293, .box_w = 15, .box_h = 6, .ofs_x = 2, .ofs_y = 5},
    {.bitmap_index = 12380, .adv_w = 102, .box_w = 0, .box_h = 0, .ofs_x = 0, .ofs_y = 0},
    {.bitmap_index = 12380, .adv_w = 146, .box_w = 5, .box_h = 20, .ofs_x = 2, .ofs_y = -5},
    {.bitmap_index = 12430, .adv_w = 254, .box_w = 14, .box_h = 20, .ofs_x = 1, .ofs_y = 0},
    {.bitmap_index = 12570, .adv_w = 276, .box_w = 16, .box_h = 20, .ofs_x = 1, .ofs_y = 0},
    {.bitmap_index = 12730, .adv_w = 329, .box_w = 18, .box_h = 18, .ofs_x = 1, .ofs_y = -1},
    {.bitmap_index = 12892, .adv_w = 246, .box_w = 16, .box_h = 20, .ofs_x = 0, .ofs_y = 0},
    {.bitmap_index = 13052, .adv_w = 146, .box_w = 5, .box_h = 24, .ofs_x = 2, .ofs_y = -4},
    {.bitmap_index = 13112, .adv_w = 246, .box_w = 14, .box_h = 24, .ofs_x = 1, .ofs_y = -4},
    {.bitmap_index = 13280, .adv_w = 269, .box_w = 11, .box_h = 4, .ofs_x = 3, .ofs_y = 17},
    {.bitmap_index = 13302, .adv_w = 395, .box_w = 21, .box_h = 21, .ofs_x = 2, .ofs_y = 0},
    {.bitmap_index = 13523, .adv_w = 200, .box_w = 12, .box_h = 12, .ofs_x = 0, .ofs_y = 9},
    {.bitmap_index = 13595, .adv_w = 285, .box_w = 16, .box_h = 13, .ofs_x = 1, .ofs_y = 2},
    {.bitmap_index = 13699, .adv_w = 293, .box_w = 13, .box_h = 8, .ofs_x = 2, .ofs_y = 3},
    {.bitmap_index = 13751, .adv_w = 286, .box_w = 16, .box_h = 16, .ofs_x = 1, .ofs_y = 5},
    {.bitmap_index = 13879, .adv_w = 190, .box_w = 8, .box_h = 3, .ofs_x = 2, .ofs_y = 18},
    {.bitmap_index = 13891, .adv_w = 198, .box_w = 10, .box_h = 10, .ofs_x = 1, .ofs_y = 10},
    {.bitmap_index = 13941, .adv_w = 293, .box_w = 14, .box_h = 15, .ofs_x = 2, .ofs_y = 0},
    {.bitmap_index = 14046, .adv_w = 199, .box_w = 11, .box_h = 11, .ofs_x = 1, .ofs_y = 12},
    {.bitmap_index = 14107, .adv_w = 204, .box_w = 11, .box_h = 11, .ofs_x = 1, .ofs_y = 12},
    {.bitmap_index = 14168, .adv_w = 158, .box_w = 6, .box_h = 5, .ofs_x = 2, .ofs_y = 17},
    {.bitmap_index = 14183, .adv_w = 271, .box_w = 16, .box_h = 21, .ofs_x = 1, .ofs_y = -6},
    {.bitmap_index = 14351, .adv_w = 259, .box_w = 14, .box_h = 20, .ofs_x = 1, .ofs_y = 0},
    {.bitmap_index = 14491, .adv_w = 144, .box_w = 5, .box_h = 5, .ofs_x = 2, .ofs_y = 7},
    {.bitmap_index = 14504, .adv_w = 157, .box_w = 6, .box_h = 6, .ofs_x = 3, .ofs_y = -6},
    {.bitmap_index = 14522, .adv_w = 144, .box_w = 7, .box_h = 11, .ofs_x = 1, .ofs_y = 12},
    {.bitmap_index = 14561, .adv_w = 212, .box_w = 13, .box_h = 12, .ofs_x = 0, .ofs_y = 9},
    {.bitmap_index = 14639, .adv_w = 285, .box_w = 17, .box_h = 13, .ofs_x = 0, .ofs_y = 2},
    {.bitmap_index = 14750, .adv_w = 365, .box_w = 21, .box_h = 20, .ofs_x = 1, .ofs_y = -1},
    {.bitmap_index = 14960, .adv_w = 381, .box_w = 22, .box_h = 20, .ofs_x = 1, .ofs_y = 0},
    {.bitmap_index = 15180, .adv_w = 397, .box_w = 24, .box_h = 21, .ofs_x = 0, .ofs_y = -1},
    {.bitmap_index = 15432, .adv_w = 242, .box_w = 14, .box_h = 21, .ofs_x = 1, .ofs_y = -6},
    {.bitmap_index = 15579, .adv_w = 323, .box_w = 20, .box_h = 26, .ofs_x = 0, .ofs_y = 0},
    {.bitmap_index = 15839, .adv_w = 323, .box_w = 20, .box_h = 26, .ofs_x = 0, .ofs_y = 0},
    {.bitmap_index = 16099, .adv_w = 323, .box_w = 20, .box_h = 26, .ofs_x = 0, .ofs_y = 0},
    {.bitmap_index = 16359, .adv_w = 323, .box_w = 20, .box_h = 26, .ofs_x = 0, .ofs_y = 0},
    {.bitmap_index = 16619, .adv_w = 323, .box_w = 20, .box_h = 26, .ofs_x = 0, .ofs_y = 0},
    {.bitmap_index = 16879, .adv_w = 323, .box_w = 20, .box_h = 27, .ofs_x = 0, .ofs_y = 0},
    {.bitmap_index = 17149, .adv_w = 442, .box_w = 27, .box_h = 20, .ofs_x = 0, .ofs_y = 0},
    {.bitmap_index = 17419, .adv_w = 320, .box_w = 18, .box_h = 26, .ofs_x = 1, .ofs_y = -6},
    {.bitmap_index = 17653, .adv_w = 262, .box_w = 14, .box_h = 26, .ofs_x = 1, .ofs_y = 0},
    {.bitmap_index = 17835, .adv_w = 262, .box_w = 14, .box_h = 26, .ofs_x = 1, .ofs_y = 0},
    {.bitmap_index = 18017, .adv_w = 262, .box_w = 14, .box_h = 26, .ofs_x = 1, .ofs_y = 0},
    {.bitmap_index = 18199, .adv_w = 262, .box_w = 14, .box_h = 26, .ofs_x = 1, .ofs_y = 0},
    {.bitmap_index = 18381, .adv_w = 121, .box_w = 7, .box_h = 26, .ofs_x = -1, .ofs_y = 0},
    {.bitmap_index = 18472, .adv_w = 121, .box_w = 7, .box_h = 26, .ofs_x = 1, .ofs_y = 0},
    {.bitmap_index = 18563, .adv_w = 121, .box_w = 12, .box_h = 26, .ofs_x = -2, .ofs_y = 0},
    {.bitmap_index = 18719, .adv_w = 121, .box_w = 11, .box_h = 26, .ofs_x = -2, .ofs_y = 0},
    {.bitmap_index = 18862, .adv_w = 328, .box_w = 20, .box_h = 20, .ofs_x = 0, .ofs_y = 0},
    {.bitmap_index = 19062, .adv_w = 329, .box_w = 18, .box_h = 26, .ofs_x = 1, .ofs_y = 0},
    {.bitmap_index = 19296, .adv_w = 333, .box_w = 19, .box_h = 26, .ofs_x = 1, .ofs_y = 0},
    {.bitmap_index = 19543, .adv_w = 333, .box_w = 19, .box_h = 26, .ofs_x = 1, .ofs_y = 0},
    {.bitmap_index = 19790, .adv_w = 333, .box_w = 19, .box_h = 26, .ofs_x = 1, .ofs_y = 0},
    {.bitmap_index = 20037, .adv_w = 333, .box_w = 19, .box_h = 26, .ofs_x = 1, .ofs_y = 0},
    {.bitmap_index = 20284, .adv_w = 333, .box_w = 19, .box_h = 26, .ofs_x = 1, .ofs_y = 0},
    {.bitmap_index = 20531, .adv_w = 293, .box_w = 15, .box_h = 15, .ofs_x = 2, .ofs_y = 0},
    {.bitmap_index = 20644, .adv_w = 333, .box_w = 19, .box_h = 22, .ofs_x = 1, .ofs_y = -1},
    {.bitmap_index = 20853, .adv_w = 316, .box_w = 17, .box_h = 26, .ofs_x = 1, .ofs_y = 0},
    {.bitmap_index = 21074, .adv_w = 316, .box_w = 17, .box_h = 26, .ofs_x = 1, .ofs_y = 0},
    {.bitmap_index = 21295, .adv_w = 316, .box_w = 17, .box_h = 26, .ofs_x = 1, .ofs_y = 0},
    {.bitmap_index = 21516, .adv_w = 316, .box_w = 17, .box_h = 26, .ofs_x = 1, .ofs_y = 0},
    {.bitmap_index = 21737, .adv_w = 316, .box_w = 20, .box_h = 26, .ofs_x = 0, .ofs_y = 0},
    {.bitmap_index = 21997, .adv_w = 289, .box_w = 15, .box_h = 20, .ofs_x = 1, .ofs_y = 0},
    {.bitmap_index = 22147, .adv_w = 284, .box_w = 16, .box_h = 20, .ofs_x = 1, .ofs_y = 0},
    {.bitmap_index = 22307, .adv_w = 251, .box_w = 14, .box_h = 22, .ofs_x = 0, .ofs_y = 0},
    {.bitmap_index = 22461, .adv_w = 251, .box_w = 14, .box_h = 22, .ofs_x = 0, .ofs_y = 0},
    {.bitmap_index = 22615, .adv_w = 251, .box_w = 14, .box_h = 21, .ofs_x = 0, .ofs_y = 0},
    {.bitmap_index = 22762, .adv_w = 251, .box_w = 14, .box_h = 21, .ofs_x = 0, .ofs_y = 0},
    {.bitmap_index = 22909, .adv_w = 251, .box_w = 14, .box_h = 21, .ofs_x = 0, .ofs_y = 0},
    {.bitmap_index = 23056, .adv_w = 251, .box_w = 14, .box_h = 23, .ofs_x = 0, .ofs_y = 0},
    {.bitmap_index = 23217, .adv_w = 393, .box_w = 24, .box_h = 15, .ofs_x = 0, .ofs_y = 0},
    {.bitmap_index = 23397, .adv_w = 254, .box_w = 14, .box_h = 21, .ofs_x = 1, .ofs_y = -6},
    {.bitmap_index = 23544, .adv_w = 257, .box_w = 15, .box_h = 22, .ofs_x = 1, .ofs_y = 0},
    {.bitmap_index = 23709, .adv_w = 257, .box_w = 15, .box_h = 22, .ofs_x = 1, .ofs_y = 0},
    {.bitmap_index = 23874, .adv_w = 257, .box_w = 15, .box_h = 21, .ofs_x = 1, .ofs_y = 0},
    {.bitmap_index = 24032, .adv_w = 257, .box_w = 15, .box_h = 21, .ofs_x = 1, .ofs_y = 0},
    {.bitmap_index = 24190, .adv_w = 117, .box_w = 7, .box_h = 21, .ofs_x = -1, .ofs_y = 0},
    {.bitmap_index = 24264, .adv_w = 117, .box_w = 7, .box_h = 21, .ofs_x = 1, .ofs_y = 0},
    {.bitmap_index = 24338, .adv_w = 117, .box_w = 11, .box_h = 21, .ofs_x = -2, .ofs_y = 0},
    {.bitmap_index = 24454, .adv_w = 117, .box_w = 11, .box_h = 21, .ofs_x = -2, .ofs_y = 0},
    {.bitmap_index = 24570, .adv_w = 259, .box_w = 15, .box_h = 22, .ofs_x = 1, .ofs_y = 0},
    {.bitmap_index = 24735, .adv_w = 269, .box_w = 15, .box_h = 21, .ofs_x = 1, .ofs_y = 0},
    {.bitmap_index = 24893, .adv_w = 265, .box_w = 15, .box_h = 22, .ofs_x = 1, .ofs_y = 0},
    {.bitmap_index = 25058, .adv_w = 265, .box_w = 15, .box_h = 22, .ofs_x = 1, .ofs_y = 0},
    {.bitmap_index = 25223, .adv_w = 265, .box_w = 15, .box_h = 21, .ofs_x = 1, .ofs_y = 0},
    {.bitmap_index = 25381, .adv_w = 265, .box_w = 15, .box_h = 21, .ofs_x = 1, .ofs_y = 0},
    {.bitmap_index = 25539, .adv_w = 265, .box_w = 15, .box_h = 21, .ofs_x = 1, .ofs_y = 0},
    {.bitmap_index = 25697, .adv_w = 293, .box_w = 14, .box_h = 15, .ofs_x = 2, .ofs_y = 0},
    {.bitmap_index = 25802, .adv_w = 265, .box_w = 15, .box_h = 17, .ofs_x = 1, .ofs_y = -1},
    {.bitmap_index = 25930, .adv_w = 269, .box_w = 15, .box_h = 21, .ofs_x = 1, .ofs_y = 0},
    {.bitmap_index = 26088, .adv_w = 269, .box_w = 15, .box_h = 21, .ofs_x = 1, .ofs_y = 0},
    {.bitmap_index = 26246, .adv_w = 269, .box_w = 15, .box_h = 21, .ofs_x = 1, .ofs_y = 0},
    {.bitmap_index = 26404, .adv_w = 269, .box_w = 15, .box_h = 21, .ofs_x = 1, .ofs_y = 0},
    {.bitmap_index = 26562, .adv_w = 260, .box_w = 16, .box_h = 27, .ofs_x = 0, .ofs_y = -6},
    {.bitmap_index = 26778, .adv_w = 272, .box_w = 15, .box_h = 26, .ofs_x = 1, .ofs_y = -6},
    {.bitmap_index = 26973, .adv_w = 260, .box_w = 16, .box_h = 26, .ofs_x = 0, .ofs_y = -6},
    {.bitmap_index = 27181, .adv_w = 323, .box_w = 20, .box_h = 26, .ofs_x = 0, .ofs_y = 0},
    {.bitmap_index = 27441, .adv_w = 251, .box_w = 14, .box_h = 22, .ofs_x = 0, .ofs_y = -1},
    {.bitmap_index = 27595, .adv_w = 328, .box_w = 20, .box_h = 20, .ofs_x = 0, .ofs_y = 0},
    {.bitmap_index = 27795, .adv_w = 272, .box_w = 16, .box_h = 21, .ofs_x = 1, .ofs_y = -1},
    {.bitmap_index = 27963, .adv_w = 337, .box_w = 19, .box_h = 24, .ofs_x = 1, .ofs_y = -1},
    {.bitmap_index = 28191, .adv_w = 264, .box_w = 16, .box_h = 20, .ofs_x = 1, .ofs_y = -1},
    {.bitmap_index = 28351, .adv_w = 316, .box_w = 20, .box_h = 24, .ofs_x = 1, .ofs_y = -1},
    {.bitmap_index = 28591, .adv_w = 285, .box_w = 17, .box_h = 20, .ofs_x = 1, .ofs_y = -1},
    {.bitmap_index = 28761, .adv_w = 323, .box_w = 20, .box_h = 26, .ofs_x = 0, .ofs_y = -6},
    {.bitmap_index = 29021, .adv_w = 251, .box_w = 14, .box_h = 21, .ofs_x = 0, .ofs_y = -6},
    {.bitmap_index = 29168, .adv_w = 323, .box_w = 20, .box_h = 26, .ofs_x = 0, .ofs_y = 0},
    {.bitmap_index = 29428, .adv_w = 251, .box_w = 14, .box_h = 22, .ofs_x = 0, .ofs_y = -1},
    {.bitmap_index = 29582, .adv_w = 323, .box_w = 20, .box_h = 30, .ofs_x = 0, .ofs_y = 0},
    {.bitmap_index = 29882, .adv_w = 251, .box_w = 15, .box_h = 26, .ofs_x = 0, .ofs_y = -1},
    {.bitmap_index = 30077, .adv_w = 323, .box_w = 20, .box_h = 30, .ofs_x = 0, .ofs_y = 0},
    {.bitmap_index = 30377, .adv_w = 251, .box_w = 14, .box_h = 26, .ofs_x = 0, .ofs_y = -1},
    {.bitmap_index = 30559, .adv_w = 323, .box_w = 20, .box_h = 30, .ofs_x = 0, .ofs_y = 0},
    {.bitmap_index = 30859, .adv_w = 251, .box_w = 14, .box_h = 26, .ofs_x = 0, .ofs_y = -1},
    {.bitmap_index = 31041, .adv_w = 323, .box_w = 20, .box_h = 30, .ofs_x = 0, .ofs_y = 0},
    {.bitmap_index = 31341, .adv_w = 251, .box_w = 14, .box_h = 26, .ofs_x = 0, .ofs_y = -1},
    {.bitmap_index = 31523, .adv_w = 323, .box_w = 20, .box_h = 32, .ofs_x = 0, .ofs_y = -6},
    {.bitmap_index = 31843, .adv_w = 251, .box_w = 14, .box_h = 27, .ofs_x = 0, .ofs_y = -6},
    {.bitmap_index = 32032, .adv_w = 323, .box_w = 20, .box_h = 30, .ofs_x = 0, .ofs_y = 0},
    {.bitmap_index = 32332, .adv_w = 251, .box_w = 14, .box_h = 26, .ofs_x = 0, .ofs_y = -1},
    {.bitmap_index = 32514, .adv_w = 323, .box_w = 20, .box_h = 30, .ofs_x = 0, .ofs_y = 0},
    {.bitmap_index = 32814, .adv_w = 251, .box_w = 14, .box_h = 26, .ofs_x = 0, .ofs_y = -1},
    {.bitmap_index = 32996, .adv_w = 323, .box_w = 20, .box_h = 30, .ofs_x = 0, .ofs_y = 0},
    {.bitmap_index = 33296, .adv_w = 251, .box_w = 14, .box_h = 26, .ofs_x = 0, .ofs_y = -1},
    {.bitmap_index = 33478, .adv_w = 323, .box_w = 20, .box_h = 30, .ofs_x = 0, .ofs_y = 0},
    {.bitmap_index = 33778, .adv_w = 251, .box_w = 14, .box_h = 26, .ofs_x = 0, .ofs_y = -1},
    {.bitmap_index = 33960, .adv_w = 323, .box_w = 20, .box_h = 32, .ofs_x = 0, .ofs_y = -6},
    {.bitmap_index = 34280, .adv_w = 251, .box_w = 14, .box_h = 27, .ofs_x = 0, .ofs_y = -6},
    {.bitmap_index = 34469, .adv_w = 262, .box_w = 14, .box_h = 26, .ofs_x = 1, .ofs_y = -6},
    {.bitmap_index = 34651, .adv_w = 257, .box_w = 15, .box_h = 21, .ofs_x = 1, .ofs_y = -6},
    {.bitmap_index = 34809, .adv_w = 262, .box_w = 14, .box_h = 26, .ofs_x = 1, .ofs_y = 0},
    {.bitmap_index = 34991, .adv_w = 257, .box_w = 15, .box_h = 22, .ofs_x = 1, .ofs_y = -1},
    {.bitmap_index = 35156, .adv_w = 262, .box_w = 14, .box_h = 26, .ofs_x = 1, .ofs_y = 0},
    {.bitmap_index = 35338, .adv_w = 257, .box_w = 15, .box_h = 22, .ofs_x = 1, .ofs_y = -1},
    {.bitmap_index = 35503, .adv_w = 262, .box_w = 15, .box_h = 30, .ofs_x = 1, .ofs_y = 0},
    {.bitmap_index = 35728, .adv_w = 257, .box_w = 15, .box_h = 26, .ofs_x = 1, .ofs_y = -1},
    {.bitmap_index = 35923, .adv_w = 262, .box_w = 14, .box_h = 30, .ofs_x = 1, .ofs_y = 0},
    {.bitmap_index = 36133, .adv_w = 257, .box_w = 15, .box_h = 26, .ofs_x = 1, .ofs_y = -1},
    {.bitmap_index = 36328, .adv_w = 262, .box_w = 14, .box_h = 30, .ofs_x = 1, .ofs_y = 0},
    {.bitmap_index = 36538, .adv_w = 257, .box_w = 15, .box_h = 26, .ofs_x = 1, .ofs_y = -1},
    {.bitmap_index = 36733, .adv_w = 262, .box_w = 14, .box_h = 30, .ofs_x = 1, .ofs_y = 0},
    {.bitmap_index = 36943, .adv_w = 257, .box_w = 15, .box_h = 26, .ofs_x = 1, .ofs_y = -1},
    {.bitmap_index = 37138, .adv_w = 262, .box_w = 14, .box_h = 32, .ofs_x = 1, .ofs_y = -6},
    {.bitmap_index = 37362, .adv_w = 257, .box_w = 15, .box_h = 27, .ofs_x = 1, .ofs_y = -6},
    {.bitmap_index = 37565, .adv_w = 121, .box_w = 6, .box_h = 26, .ofs_x = 1, .ofs_y = 0},
    {.bitmap_index = 37643, .adv_w = 117, .box_w = 6, .box_h = 21, .ofs_x = 1, .ofs_y = 0},
    {.bitmap_index = 37706, .adv_w = 121, .box_w = 5, .box_h = 26, .ofs_x = 1, .ofs_y = -6},
    {.bitmap_index = 37771, .adv_w = 117, .box_w = 5, .box_h = 27, .ofs_x = 1, .ofs_y = -6},
    {.bitmap_index = 37839, .adv_w = 333, .box_w = 19, .box_h = 26, .ofs_x = 1, .ofs_y = -6},
    {.bitmap_index = 38086, .adv_w = 265, .box_w = 15, .box_h = 21, .ofs_x = 1, .ofs_y = -6},
    {.bitmap_index = 38244, .adv_w = 333, .box_w = 19, .box_h = 27, .ofs_x = 1, .ofs_y = -1},
    {.bitmap_index = 38501, .adv_w = 265, .box_w = 15, .box_h = 22, .ofs_x = 1, .ofs_y = -1},
    {.bitmap_index = 38666, .adv_w = 333, .box_w = 19, .box_h = 31, .ofs_x = 1, .ofs_y = -1},
    {.bitmap_index = 38961, .adv_w = 265, .box_w = 15, .box_h = 26, .ofs_x = 1, .ofs_y = -1},
    {.bitmap_index = 39156, .adv_w = 333, .box_w = 19, .box_h = 31, .ofs_x = 1, .ofs_y = -1},
    {.bitmap_index = 39451, .adv_w = 265, .box_w = 15, .box_h = 26, .ofs_x = 1, .ofs_y = -1},
    {.bitmap_index = 39646, .adv_w = 333, .box_w = 19, .box_h = 31, .ofs_x = 1, .ofs_y = -1},
    {.bitmap_index = 39941, .adv_w = 265, .box_w = 15, .box_h = 26, .ofs_x = 1, .ofs_y = -1},
    {.bitmap_index = 40136, .adv_w = 333, .box_w = 19, .box_h = 31, .ofs_x = 1, .ofs_y = -1},
    {.bitmap_index = 40431, .adv_w = 265, .box_w = 15, .box_h = 26, .ofs_x = 1, .ofs_y = -1},
    {.bitmap_index = 40626, .adv_w = 333, .box_w = 19, .box_h = 32, .ofs_x = 1, .ofs_y = -6},
    {.bitmap_index = 40930, .adv_w = 265, .box_w = 15, .box_h = 27, .ofs_x = 1, .ofs_y = -6},
    {.bitmap_index = 41133, .adv_w = 337, .box_w = 19, .box_h = 27, .ofs_x = 1, .ofs_y = -1},
    {.bitmap_index = 41390, .adv_w = 264, .box_w = 16, .box_h = 22, .ofs_x = 1, .ofs_y = -1},
    {.bitmap_index = 41566, .adv_w = 337, .box_w = 19, .box_h = 27, .ofs_x = 1, .ofs_y = -1},
    {.bitmap_index = 41823, .adv_w = 264, .box_w = 16, .box_h = 22, .ofs_x = 1, .ofs_y = -1},
    {.bitmap_index = 41999, .adv_w = 337, .box_w = 19, .box_h = 27, .ofs_x = 1, .ofs_y = -1},
    {.bitmap_index = 42256, .adv_w = 264, .box_w = 16, .box_h = 22, .ofs_x = 1, .ofs_y = -1},
    {.bitmap_index = 42432, .adv_w = 337, .box_w = 19, .box_h = 27, .ofs_x = 1, .ofs_y = -1},
    {.bitmap_index = 42689, .adv_w = 264, .box_w = 16, .box_h = 22, .ofs_x = 1, .ofs_y = -1},
    {.bitmap_index = 42865, .adv_w = 337, .box_w = 19, .box_h = 29, .ofs_x = 1, .ofs_y = -6},
    {.bitmap_index = 43141, .adv_w = 264, .box_w = 16, .box_h = 25, .ofs_x = 1, .ofs_y = -6},
    {.bitmap_index = 43341, .adv_w = 316, .box_w = 17, .box_h = 26, .ofs_x = 1, .ofs_y = -6},
    {.bitmap_index = 43562, .adv_w = 269, .box_w = 15, .box_h = 21, .ofs_x = 1, .ofs_y = -6},
    {.bitmap_index = 43720, .adv_w = 316, .box_w = 17, .box_h = 27, .ofs_x = 1, .ofs_y = -1},
    {.bitmap_index = 43950, .adv_w = 269, .box_w = 15, .box_h = 22, .ofs_x = 1, .ofs_y = -1},
    {.bitmap_index = 44115, .adv_w = 316, .box_w = 20, .box_h = 27, .ofs_x = 1, .ofs_y = -1},
    {.bitmap_index = 44385, .adv_w = 285, .box_w = 17, .box_h = 22, .ofs_x = 1, .ofs_y = -1},
    {.bitmap_index = 44572, .adv_w = 316, .box_w = 20, .box_h = 27, .ofs_x = 1, .ofs_y = -1},
    {.bitmap_index = 44842, .adv_w = 285, .box_w = 17, .box_h = 22, .ofs_x = 1, .ofs_y = -1},
    {.bitmap_index = 45029, .adv_w = 316, .box_w = 20, .box_h = 27, .ofs_x = 1, .ofs_y = -1},
    {.bitmap_index = 45299, .adv_w = 285, .box_w = 17, .box_h = 22, .ofs_x = 1, .ofs_y = -1},
    {.bitmap_index = 45486, .adv_w = 316, .box_w = 20, .box_h = 27, .ofs_x = 1, .ofs_y = -1},
    {.bitmap_index = 45756, .adv_w = 285, .box_w = 17, .box_h = 22, .ofs_x = 1, .ofs_y = -1},
    {.bitmap_index = 45943, .adv_w = 316, .box_w = 20, .box_h = 29, .ofs_x = 1, .ofs_y = -6},
    {.bitmap_index = 46233, .adv_w = 285, .box_w = 17, .box_h = 25, .ofs_x = 1, .ofs_y = -6},
    {.bitmap_index = 46446, .adv_w = 316, .box_w = 20, .box_h = 26, .ofs_x = 0, .ofs_y = 0},
    {.bitmap_index = 46706, .adv_w = 260, .box_w = 16, .box_h = 27, .ofs_x = 0, .ofs_y = -6},
    {.bitmap_index = 46922, .adv_w = 316, .box_w = 20, .box_h = 26, .ofs_x = 0, .ofs_y = -6},
    {.bitmap_index = 47182, .adv_w = 260, .box_w = 16, .box_h = 21, .ofs_x = 0, .ofs_y = -6},
    {.bitmap_index = 47350, .adv_w = 316, .box_w = 20, .box_h = 26, .ofs_x = 0, .ofs_y = 0},
    {.bitmap_index = 47610, .adv_w = 260, .box_w = 16, .box_h = 27, .ofs_x = 0, .ofs_y = -6},
    {.bitmap_index = 47826, .adv_w = 316, .box_w = 20, .box_h = 26, .ofs_x = 0, .ofs_y = 0},
    {.bitmap_index = 48086, .adv_w = 260, .box_w = 16, .box_h = 27, .ofs_x = 0, .ofs_y = -6},
    {.bitmap_index = 48302, .adv_w = 216, .box_w = 14, .box_h = 4, .ofs_x = 0, .ofs_y = 7},
    {.bitmap_index = 48330, .adv_w = 432, .box_w = 27, .box_h = 4, .ofs_x = 0, .ofs_y = 7},
    {.bitmap_index = 48384, .adv_w = 134, .box_w = 6, .box_h = 9, .ofs_x = 2, .ofs_y = 11},
    {.bitmap_index = 48411, .adv_w = 134, .box_w = 6, .box_h = 9, .ofs_x = 2, .ofs_y = 12},
    {.bitmap_index = 48438, .adv_w = 125, .box_w = 6, .box_h = 9, .ofs_x = 1, .ofs_y = -6},
    {.bitmap_index = 48465, .adv_w = 233, .box_w = 12, .box_h = 9, .ofs_x = 2, .ofs_y = 11},
    {.bitmap_index = 48519, .adv_w = 230, .box_w = 12, .box_h = 9, .ofs_x = 2, .ofs_y = 11},
    {.bitmap_index = 48573, .adv_w = 220, .box_w = 12, .box_h = 9, .ofs_x = 1, .ofs_y = -6},
    {.bitmap_index = 48627, .adv_w = 205, .box_w = 9, .box_h = 9, .ofs_x = 2, .ofs_y = 4},
    {.bitmap_index = 48668, .adv_w = 433, .box_w = 23, .box_h = 5, .ofs_x = 2, .ofs_y = 0},
    {.bitmap_index = 48726, .adv_w = 119, .box_w = 5, .box_h = 8, .ofs_x = 1, .ofs_y = 12},
    {.bitmap_index = 48746, .adv_w = 236, .box_w = 13, .box_h = 8, .ofs_x = 1, .ofs_y = 12},
    {.bitmap_index = 48798, .adv_w = 186, .box_w = 10, .box_h = 13, .ofs_x = 1, .ofs_y = 2},
    {.bitmap_index = 48863, .adv_w = 186, .box_w = 11, .box_h = 13, .ofs_x = 0, .ofs_y = 2}
};

/*---------------------
 *  CHARACTER MAPPING
 *--------------------*/

static const uint16_t unicode_list_3[] = {
    0x0, 0x1, 0xe, 0xf, 0x9e, 0x9f, 0xad, 0xae
};

static const uint16_t unicode_list_5[] = {
    0x0, 0x1, 0x5, 0x6, 0x7, 0x9, 0xa, 0xb,
    0xf, 0x13, 0x1f, 0x20, 0x26, 0x27
};

/*Collect the unicode lists and glyph_id offsets*/
static const lv_font_fmt_txt_cmap_t cmaps[] =
{
    {
        .range_start = 32, .range_length = 95, .glyph_id_start = 1,
        .unicode_list = NULL, .glyph_id_ofs_list = NULL, .list_length = 0, .type = LV_FONT_FMT_TXT_CMAP_FORMAT0_TINY
    },
    {
        .range_start = 160, .range_length = 13, .glyph_id_start = 96,
        .unicode_list = NULL, .glyph_id_ofs_list = NULL, .list_length = 0, .type = LV_FONT_FMT_TXT_CMAP_FORMAT0_TINY
    },
    {
        .range_start = 174, .range_length = 82, .glyph_id_start = 109,
        .unicode_list = NULL, .glyph_id_ofs_list = NULL, .list_length = 0, .type = LV_FONT_FMT_TXT_CMAP_FORMAT0_TINY
    },
    {
        .range_start = 258, .range_length = 175, .glyph_id_start = 191,
        .unicode_list = unicode_list_3, .glyph_id_ofs_list = NULL, .list_length = 8, .type = LV_FONT_FMT_TXT_CMAP_SPARSE_TINY
    },
    {
        .range_start = 7840, .range_length = 90, .glyph_id_start = 199,
        .unicode_list = NULL, .glyph_id_ofs_list = NULL, .list_length = 0, .type = LV_FONT_FMT_TXT_CMAP_FORMAT0_TINY
    },
    {
        .range_start = 8211, .range_length = 40, .glyph_id_start = 289,
        .unicode_list = unicode_list_5, .glyph_id_ofs_list = NULL, .list_length = 14, .type = LV_FONT_FMT_TXT_CMAP_SPARSE_TINY
    }
};

/*-----------------
 *    KERNING
 *----------------*/


/*Map glyph_ids to kern left classes*/
static const uint8_t kern_left_class_mapping[] =
{
    0, 0, 0, 1, 0, 0, 2, 3,
    1, 4, 5, 6, 7, 8, 7, 8,
    9, 10, 11, 12, 13, 14, 15, 16,
    17, 13, 10, 18, 18, 0, 19, 20,
    0, 21, 0, 0, 0, 0, 0, 0,
    0, 0, 0, 0, 0, 0, 0, 0,
    0, 0, 0, 0, 0, 0, 0, 0,
    0, 0, 0, 0, 4, 22, 5, 6,
    23, 0, 0, 0, 0, 0, 0, 0,
    0, 0, 0, 0, 0, 0, 0, 0,
    0, 0, 0, 0, 0, 0, 0, 0,
    0, 0, 0, 0, 4, 11, 5, 7,
    0, 24, 25, 0, 0, 0, 0, 0,
    0, 21, 0, 0, 0, 26, 0, 6,
    19, 0, 0, 0, 27, 11, 28, 0,
    0, 0, 29, 0, 0, 0, 30, 0,
    0, 0, 0, 0, 0, 0, 0, 0,
    0, 0, 0, 0, 0, 0, 0, 0,
    0, 0, 0, 0, 0, 0, 31, 0,
    0, 0, 0, 0, 0, 0, 0, 0,
    0, 0, 0, 0, 0, 0, 0, 0,
    0, 0, 0, 0, 0, 0, 0, 0,
    0, 0, 0, 0, 0, 0, 7, 0,
    0, 0, 0, 0, 0, 0, 0, 0,
    0, 0, 0, 0, 0, 0, 0, 0,
    0, 0, 0, 0, 0, 0, 0, 0,
    0, 0, 0, 0, 0, 0, 0, 0,
    0, 0, 0, 0, 0, 0, 0, 0,
    0, 0, 0, 0, 0, 0, 0, 0,
    0, 0, 0, 0, 0, 0, 0, 0,
    0, 0, 0, 0, 0, 0, 0, 0,
    0, 0, 0, 0, 0, 0, 0, 0,
    0, 0, 0, 0, 0, 0, 0, 0,
    0, 0, 0, 0, 0, 0, 0, 0,
    0, 0, 0, 0, 0, 0, 0, 0,
    0, 0, 0, 0, 0, 0, 0, 0,
    0, 0, 0, 32, 33, 34, 32, 33,
    34, 31, 8, 0, 0, 0, 29
};

/*Map glyph_ids to kern right classes*/
static const uint8_t kern_right_class_mapping[] =
{
    0, 1, 2, 3, 4, 5, 0, 6,
    3, 0, 7, 8, 9, 10, 9, 10,
    11, 12, 13, 14, 15, 16, 17, 12,
    18, 19, 20, 21, 21, 22, 23, 0,
    24, 25, 0, 0, 0, 0, 0, 0,
    0, 0, 0, 0, 0, 0, 0, 0,
    0, 0, 0, 0, 0, 0, 0, 0,
    0, 0, 0, 0, 0, 26, 7, 8,
    27, 0, 0, 0, 0, 0, 0, 0,
    0, 0, 0, 0, 0, 0, 0, 0,
    0, 0, 0, 0, 0, 0, 0, 0,
    0, 0, 0, 0, 0, 28, 7, 29,
    0, 0, 30, 0, 0, 0, 0, 0,
    0, 25, 0, 31, 32, 33, 0, 8,
    23, 0, 0, 0, 34, 35, 9, 0,
    0, 0, 36, 0, 0, 0, 37, 0,
    0, 0, 0, 0, 0, 0, 0, 0,
    0, 0, 0, 0, 0, 0, 0, 0,
    0, 0, 0, 0, 0, 0, 36, 0,
    0, 0, 0, 0, 0, 0, 0, 0,
    0, 0, 0, 0, 0, 0, 0, 0,
    0, 0, 0, 0, 0, 0, 0, 0,
    0, 0, 0, 0, 0, 0, 9, 0,
    0, 0, 0, 0, 0, 0, 0, 0,
    0, 0, 0, 0, 0, 0, 0, 0,
    0, 0, 0, 0, 0, 0, 0, 0,
    0, 0, 0, 0, 0, 0, 0, 0,
    0, 0, 0, 0, 0, 0, 0, 0,
    0, 0, 0, 0, 0, 0, 0, 0,
    0, 0, 0, 0, 0, 0, 0, 0,
    0, 0, 0, 0, 0, 0, 0, 0,
    0, 0, 0, 0, 0, 0, 0, 0,
    0, 0, 0, 0, 0, 0, 0, 0,
    0, 0, 0, 0, 0, 0, 0, 0,
    0, 0, 0, 0, 0, 0, 0, 0,
    0, 0, 0, 0, 0, 0, 0, 0,
    0, 0, 0, 38, 39, 40, 38, 39,
    40, 36, 10, 0, 0, 31, 36
};

/*Kern values between classes*/
static const int8_t kern_class_values[] =
{
    0, 0, 0, 0, 0, -15, 0, 0,
    0, -39, 0, 0, 0, 0, 0, -27,
    0, 0, 0, 0, 0, 0, 0, 0,
    0, 0, 0, 0, 0, -9, 0, 0,
    0, 0, 0, 0, 0, 0, 0, 0,
    0, 0, 0, 0, 0, 0, 0, 0,
    0, 0, 0, 0, 0, 0, 0, 0,
    0, 0, 0, 0, 0, 0, 0, 0,
    0, 0, 0, 0, 0, 0, 0, 0,
    0, 0, 0, 0, 0, -27, -29, 0,
    0, 0, -15, 0, 0, 0, 0, 0,
    0, 0, 0, 0, 0, 0, 0, 0,
    0, 0, 0, 0, 0, 0, 0, 0,
    0, -27, 0, 0, 0, 0, 0, 0,
    -10, 0, 0, 0, 0, -39, 0, 0,
    0, 0, 0, 0, 0, 0, 0, 0,
    0, 0, 0, 0, 0, 0, 0, 0,
    0, 0, 0, 0, 0, 0, 0, 0,
    0, 0, 0, 8, 0, -2, 0, 0,
    0, 0, 0, 0, 0, 0, 0, 0,
    0, 0, 0, 0, 0, 0, 0, 0,
    0, 0, 0, 0, 0, 0, 0, 0,
    0, 0, 0, 0, 0, 0, 0, 0,
    0, 0, 0, 0, 0, 0, 0, 0,
    0, 0, 0, 0, 0, -15, 0, 0,
    0, 0, 0, 0, 0, -15, 0, 0,
    0, -59, 0, 0, 0, 0, 0, -20,
    0, 0, 0, 0, 0, 0, 0, 0,
    -7, 0, -29, 0, 0, 0, 0, 0,
    0, 0, 0, 0, 0, 0, 0, 0,
    0, 0, 0, 0, 0, 0, 0, 0,
    0, 0, 0, 0, 0, -9, -2, 0,
    0, -12, 0, 0, 0, 0, 0, 0,
    0, -19, 0, 0, 0, 0, 0, 0,
    0, 0, -3, 0, 0, -12, 0, 0,
    -13, -5, -43, 0, 0, 0, 0, 0,
    0, 0, 0, -13, -39, 0, -10, 0,
    -3, -11, -12, -5, 0, 0, 0, -38,
    -19, 0, 0, 0, 0, 0, 0, 0,
    0, 0, -22, 0, 0, 0, -41, 0,
    0, 0, 0, 0, 0, 0, 0, 0,
    0, -17, 0, 0, 0, 0, 0, 0,
    0, 0, 0, 0, 0, 0, 0, 0,
    0, 3, 0, 0, 0, 0, 0, 0,
    0, 0, 0, 0, 0, 0, 0, 0,
    0, 0, 0, 0, 0, 0, 0, 0,
    0, -13, 0, 0, 0, 0, 0, 0,
    0, -8, 0, 0, 0, 0, 0, 0,
    0, -11, -20, 0, 0, 0, 0, 0,
    0, 0, 0, 0, 0, -20, 0, -22,
    0, 0, 0, 0, 0, 0, 8, 0,
    0, 0, 0, 0, 0, 0, 0, 0,
    0, 0, 0, 0, 0, 0, 0, 0,
    0, 0, 8, 0, 0, 0, 0, 0,
    0, 0, 0, 0, 0, 0, 0, 0,
    0, 0, 0, 0, 0, 0, 0, 0,
    0, 0, 0, 0, 0, 0, 0, -7,
    0, 0, 0, 0, 0, 0, 0, 0,
    0, 0, 0, 0, 0, 0, 0, 0,
    0, 0, 0, 0, 0, 0, 0, 0,
    0, 0, 0, 0, 0, 0, 0, -3,
    0, -9, 0, 0, 0, 0, 0, 0,
    0, 0, 0, 0, 0, 0, 0, 0,
    0, 0, 0, 0, 0, 0, -15, 0,
    0, 0, 0, 0, 0, 0, 0, -22,
    0, 0, 0, 0, 0, 0, 0, -15,
    0, -15, 0, 0, -16, 0, 0, 0,
    0, 0, 0, 0, 0, 0, 0, 0,
    0, 0, 0, 0, 0, 0, 0, 0,
    -2, 0, -19, 0, 0, 0, 0, 0,
    0, 0, 0, 0, 0, 0, 0, -2,
    0, -10, 0, 0, 0, 0, 0, 0,
    0, 0, 0, 0, 0, 0, 0, 0,
    0, 0, 0, 0, 0, 0, 0, 0,
    -2, 0, 0, 0, 0, 0, 0, 0,
    0, 0, 0, 0, 0, 0, 0, 0,
    0, -13, 0, 0, 0, 0, 0, 0,
    0, 0, 0, 0, 0, 0, 0, 0,
    0, 0, -20, 0, 0, 0, 0, 0,
    0, 0, 0, 0, 0, 0, 0, -20,
    0, 0, 0, -24, 0, -20, 0, 0,
    0, -54, 0, -7, 0, 0, -7, -25,
    -4, 8, -6, -4, -15, -39, 0, 0,
    0, 0, -69, 0, 0, -22, -27, 0,
    0, 0, 0, 0, 0, 0, 0, -61,
    0, 0, 0, 0, 0, 0, 0, 0,
    0, 0, 0, 0, 0, 0, 0, 0,
    0, 0, 0, 0, 0, 0, 0, 0,
    0, -27, 0, 0, 0, 0, 0, 0,
    0, 0, 0, 0, 0, -20, 0, 0,
    0, 0, 0, 0, 0, 0, 0, 0,
    0, 0, 0, 0, 0, 0, 0, 0,
    0, 0, 0, 0, 0, 0, 0, 0,
    0, -29, 0, 0, 0, 0, 0, 0,
    0, 0, 0, 0, 0, -24, 0, 0,
    0, 0, 0, 0, 0, 0, 0, 0,
    0, 0, 0, 0, 0, 0, 0, 0,
    0, -32, 0, 0, 0, 0, 0, 0,
    0, -32, 0, 0, 0, 0, 0, 0,
    0, 0, 0, 0, 0, -42, 0, 0,
    0, 0, 0, 0, 0, 0, 0, 0,
    0, -19, -17, 0, 0, 0, 0, 0,
    0, 0, 0, 0, 0, 0, 0, 0,
    0, -17, -17, 0, 0, 0, 0, 0,
    -2, 0, 0, 0, 0, -15, 0, -17,
    0, 0, -34, 0, -7, 0, 0, -41,
    -15, 0, 5, 0, -22, 0, 0, 0,
    0, 0, 0, 0, 0, -16, -22, -27,
    -18, -21, 0, 0, -15, -10, -15, -15,
    -31, 0, -22, -15, 0, -18, -24, 0,
    0, 0, 0, 0, 0, 0, 0, -29,
    0, 0, 0, -20, -47, 0, -20, -24,
    -20, 0, -20, -20, 0, 0, 0, 0,
    -17, -34, 0, 15, 0, 0, 0, 0,
    0, 0, -20, 0, 0, -17, 0, 0,
    0, 0, 0, 0, 0, 0, 0, 0,
    0, 0, 0, 0, 0, 0, 0, 0,
    0, 0, 0, 0, 0, 0, 0, 0,
    0, -15, 0, 0, 0, 0, 0, 0,
    0, 0, 0, 0, 0, -15, 0, 0,
    0, 0, -9, 0, 0, 0, -5, 0,
    0, 0, 0, 0, -15, 0, 0, 0,
    0, 0, 0, 0, 0, 0, 0, 0,
    0, -26, 0, 0, 0, 0, 0, 0,
    -5, 0, 0, 0, 0, -27, -9, 0,
    0, 0, 0, 0, 0, -15, 0, 0,
    0, 0, 0, 0, 0, 0, 0, -21,
    0, 0, 0, 0, 0, 0, 0, 0,
    -2, 0, 0, 0, 0, -12, 0, 0,
    0, 0, 0, 0, 0, 0, 0, 0,
    0, 0, 0, 0, 0, 0, 0, 0,
    -16, 0, -15, 0, 0, 0, 0, 0,
    0, 0, 0, 0, 0, -17, 0, 0,
    0, 0, -15, 0, -16, 0, 0, -15,
    0, 0, 0, 0, 0, -22, 6, 0,
    0, 0, 0, 0, 0, 0, 0, 0,
    0, 0, 0, 0, 0, -9, -2, 0,
    0, -12, 0, 0, 0, 0, 0, 0,
    0, -17, 0, 0, 0, 0, 0, 0,
    0, 0, -3, 0, 0, -12, 0, 0,
    0, 0, 0, 0, 0, 0, 0, 0,
    0, 0, 0, 0, -17, -22, -20, 0,
    0, -22, -15, 0, 0, 0, 0, 0,
    0, -27, 0, 0, 0, 0, 0, 0,
    0, 0, 0, 0, 0, -37, 0, 0,
    0, 0, 0, 0, 0, 0, 0, 0,
    0, 0, 0, 0, 0, 0, 0, 0,
    0, 0, 0, 0, 0, 0, 0, 0,
    0, -50, 0, 0, 0, 0, 0, 0,
    0, 0, 0, 0, 0, -27, -15, 0,
    0, 0, 0, 0, 0, 0, 0, 0,
    0, 0, 0, 0, 0, 0, 0, 0,
    0, 0, 0, 0, 0, 0, 0, 0,
    0, -17, 0, 0, 0, 0, 0, 0,
    0, 0, 0, 0, 0, 0, 0, 0,
    0, 0, 0, 0, 0, -27, 0, 0,
    0, -46, -42, 0, 0, 0, 0, -27,
    0, 0, 0, 0, 0, 0, 0, 0,
    0, 0, 0, 0, 0, -17, 0, 0,
    0, 0, 0, 0, -27, 0, 0, -42,
    0, 0, 0, -54, 0, -29, 0, 0,
    -23, -56, -61, -20, 0, 0, 0, -42,
    0, -27, -17, 0, -24, -42, -24, 0,
    -24, 0, -17, 0, -20, -27, -37, -23,
    0, -20, -5, 0, -29, 0, 0, 0,
    0, 0, 0, 0, 0, 0, 0, 0,
    0, 0, 0, 0, -29, 0, 0, 0,
    0, 0, 0, 0, 0, 0, 0, 0,
    0, -39, 0, 0, 0, 0, 0, 0,
    0, 0, 0, 0, 0, -54, -42, 0
};


/*Collect the kern class' data in one place*/
static const lv_font_fmt_txt_kern_classes_t kern_classes =
{
    .class_pair_values   = kern_class_values,
    .left_class_mapping  = kern_left_class_mapping,
    .right_class_mapping = kern_right_class_mapping,
    .left_class_cnt      = 34,
    .right_class_cnt     = 40,
};

/*--------------------
 *  ALL CUSTOM DATA
 *--------------------*/

#if LVGL_VERSION_MAJOR == 8
/*Store all the custom data of the font*/
static  lv_font_fmt_txt_glyph_cache_t cache;
#endif

#if LVGL_VERSION_MAJOR >= 8
static const lv_font_fmt_txt_dsc_t font_dsc = {
#else
static lv_font_fmt_txt_dsc_t font_dsc = {
#endif
    .glyph_bitmap = glyph_bitmap,
    .glyph_dsc = glyph_dsc,
    .cmaps = cmaps,
    .kern_dsc = &kern_classes,
    .kern_scale = 16,
    .cmap_num = 6,
    .bpp = 4,
    .kern_classes = 1,
    .bitmap_format = 0,
#if LVGL_VERSION_MAJOR == 8
    .cache = &cache
#endif
};



/*-----------------
 *  PUBLIC FONT
 *----------------*/

/*Initialize a public general font descriptor*/
#if LVGL_VERSION_MAJOR >= 8
const lv_font_t font_inter_bold_18 = {
#else
lv_font_t font_inter_bold_18 = {
#endif
    .get_glyph_dsc = lv_font_get_glyph_dsc_fmt_txt,    /*Function pointer to get glyph's data*/
    .get_glyph_bitmap = lv_font_get_bitmap_fmt_txt,    /*Function pointer to get glyph's bitmap*/
    .line_height = 36,          /*The maximum line height required by the font*/
    .base_line = 6,             /*Baseline measured from the bottom of the line*/
#if !(LVGL_VERSION_MAJOR == 6 && LVGL_VERSION_MINOR == 0)
    .subpx = LV_FONT_SUBPX_NONE,
#endif
#if LV_VERSION_CHECK(7, 4, 0) || LVGL_VERSION_MAJOR >= 8
    .underline_position = -4,
    .underline_thickness = 3,
#endif
    .dsc = &font_dsc,          /*The custom font data. Will be accessed by `get_glyph_bitmap/dsc` */
#if LV_VERSION_CHECK(8, 2, 0) || LVGL_VERSION_MAJOR >= 9
    .fallback = NULL,
#endif
    .user_data = NULL,
};



#endif /*#if FONT_INTER_BOLD_18*/

