/*******************************************************************************
 * Size: 18 px
 * Bpp: 4
 * Opts: --font node_modules/@fontsource/inter/files/inter-latin-400-normal.woff -r 0x20-0x7E,0xA0-0xFF,0x2010-0x2043 --symbols ‹› --font node_modules/@fontsource/inter/files/inter-vietnamese-400-normal.woff -r 0x0102-0x0103,0x0110-0x0111,0x01A0-0x01A1,0x01AF-0x01B0,0x1EA0-0x1EF9 --size 18 --bpp 4 --no-compress --format lvgl --lv-font-name font_inter_12 -o out15/font_inter_12.c
 ******************************************************************************/

#ifdef LV_LVGL_H_INCLUDE_SIMPLE
#include "lvgl.h"
#else
#include "lvgl/lvgl.h"
#endif

#ifndef FONT_INTER_12
#define FONT_INTER_12 1
#endif

#if FONT_INTER_12

/*-----------------
 *    BITMAPS
 *----------------*/

/*Store the image of the glyphs*/
static LV_ATTRIBUTE_LARGE_CONST const uint8_t glyph_bitmap[] = {
    /* U+0020 " " */

    /* U+0021 "!" */
    0x4f, 0x74, 0xf7, 0x4f, 0x74, 0xf6, 0x4f, 0x63,
    0xf6, 0x3f, 0x63, 0xf6, 0x3e, 0x50, 0x0, 0x5,
    0x17, 0xfa, 0x5f, 0x70,

    /* U+0022 "\"" */
    0x2f, 0x82, 0xf8, 0x1f, 0x71, 0xf7, 0xf, 0x71,
    0xf7, 0xf, 0x60, 0xf6, 0xf, 0x60, 0xf5,

    /* U+0023 "#" */
    0x0, 0x4, 0xf0, 0x0, 0xba, 0x0, 0x0, 0x7,
    0xd0, 0x0, 0xe7, 0x0, 0x0, 0xa, 0xa0, 0x1,
    0xf4, 0x0, 0xc, 0xff, 0xff, 0xff, 0xff, 0xf0,
    0x4, 0x6f, 0x85, 0x5a, 0xe5, 0x40, 0x0, 0x2f,
    0x20, 0x9, 0xc0, 0x0, 0x0, 0x5f, 0x0, 0xb,
    0x90, 0x0, 0x1, 0x7d, 0x11, 0x1e, 0x81, 0x0,
    0x9f, 0xff, 0xff, 0xff, 0xff, 0x30, 0x24, 0xda,
    0x44, 0x6f, 0x54, 0x0, 0x0, 0xf6, 0x0, 0x5f,
    0x0, 0x0, 0x1, 0xf3, 0x0, 0x8d, 0x0, 0x0,
    0x4, 0xf1, 0x0, 0xaa, 0x0, 0x0,

    /* U+0024 "$" */
    0x0, 0x0, 0x62, 0x0, 0x0, 0x0, 0x0, 0xc4,
    0x0, 0x0, 0x0, 0x0, 0xc4, 0x0, 0x0, 0x0,
    0x8d, 0xff, 0xd6, 0x0, 0xc, 0xfa, 0xda, 0xcf,
    0x90, 0x6f, 0x50, 0xc4, 0xa, 0xf2, 0x9f, 0x0,
    0xc4, 0x1, 0x51, 0x6f, 0x80, 0xc4, 0x0, 0x0,
    0xb, 0xfd, 0xe6, 0x0, 0x0, 0x0, 0x5c, 0xff,
    0xe7, 0x0, 0x0, 0x0, 0xc9, 0xbf, 0xc0, 0x0,
    0x0, 0xc4, 0x6, 0xf6, 0x76, 0x0, 0xc4, 0x2,
    0xf7, 0xbf, 0x30, 0xc4, 0x8, 0xf4, 0x3f, 0xf9,
    0xda, 0xcf, 0xb0, 0x2, 0xae, 0xff, 0xd7, 0x0,
    0x0, 0x0, 0xc4, 0x0, 0x0, 0x0, 0x0, 0x62,
    0x0, 0x0,

    /* U+0025 "%" */
    0x2c, 0xfd, 0x40, 0x0, 0x0, 0xca, 0x0, 0xcb,
    0x39, 0xf0, 0x0, 0x7, 0xe1, 0x0, 0xf5, 0x3,
    0xf2, 0x0, 0x3f, 0x40, 0x0, 0xd9, 0x7, 0xf0,
    0x0, 0xd9, 0x0, 0x0, 0x4e, 0xff, 0x60, 0x9,
    0xd0, 0x0, 0x0, 0x0, 0x20, 0x0, 0x4f, 0x30,
    0x0, 0x0, 0x0, 0x0, 0x1, 0xe8, 0x0, 0x0,
    0x0, 0x0, 0x0, 0xa, 0xd0, 0x6, 0xee, 0x80,
    0x0, 0x0, 0x5f, 0x20, 0x3f, 0x64, 0xf6, 0x0,
    0x1, 0xe7, 0x0, 0x7e, 0x0, 0xba, 0x0, 0xb,
    0xc0, 0x0, 0x7e, 0x0, 0xba, 0x0, 0x6f, 0x10,
    0x0, 0x3f, 0x64, 0xf6, 0x2, 0xf6, 0x0, 0x0,
    0x7, 0xef, 0x90,

    /* U+0026 "&" */
    0x0, 0x9, 0xef, 0xc3, 0x0, 0x0, 0x0, 0xaf,
    0x96, 0xdf, 0x10, 0x0, 0x0, 0xfa, 0x0, 0x4f,
    0x50, 0x0, 0x0, 0xea, 0x0, 0x7f, 0x20, 0x0,
    0x0, 0x7f, 0x35, 0xf9, 0x0, 0x0, 0x0, 0xc,
    0xef, 0x70, 0x0, 0x0, 0x0, 0x6f, 0xfe, 0x20,
    0x0, 0x0, 0x5, 0xfa, 0x2e, 0xd1, 0xf, 0x70,
    0xe, 0xc0, 0x3, 0xfb, 0x3f, 0x60, 0xf, 0x90,
    0x0, 0x5f, 0xef, 0x10, 0xe, 0xd0, 0x0, 0xb,
    0xfa, 0x0, 0x5, 0xfc, 0x66, 0xcf, 0xef, 0x30,
    0x0, 0x4b, 0xff, 0xc6, 0x1e, 0xd1,

    /* U+0027 "'" */
    0x2f, 0x81, 0xf7, 0xf, 0x70, 0xf6, 0xf, 0x60,

    /* U+0028 "(" */
    0x0, 0x7, 0x40, 0x5, 0xf5, 0x0, 0xce, 0x0,
    0x1f, 0x80, 0x5, 0xf4, 0x0, 0xaf, 0x0, 0xd,
    0xc0, 0x0, 0xfa, 0x0, 0xf, 0x90, 0x0, 0xf9,
    0x0, 0xf, 0xa0, 0x0, 0xdc, 0x0, 0xa, 0xf0,
    0x0, 0x5f, 0x40, 0x0, 0xfa, 0x0, 0x9, 0xf1,
    0x0, 0x1f, 0x80,

    /* U+0029 ")" */
    0x7, 0x40, 0x0, 0xce, 0x0, 0x5, 0xf5, 0x0,
    0xf, 0xa0, 0x0, 0xbe, 0x0, 0x7, 0xf3, 0x0,
    0x3f, 0x60, 0x1, 0xf8, 0x0, 0xf, 0x90, 0x0,
    0xfa, 0x0, 0x1f, 0x80, 0x3, 0xf6, 0x0, 0x6f,
    0x30, 0xb, 0xe0, 0x1, 0xf8, 0x0, 0x7f, 0x20,
    0xe, 0xa0, 0x0,

    /* U+002A "*" */
    0x0, 0x1f, 0x10, 0x0, 0x52, 0x1f, 0x12, 0x50,
    0xaf, 0x8f, 0x8f, 0xa0, 0x3, 0xef, 0xe3, 0x0,
    0x4c, 0xef, 0xec, 0x40, 0xb9, 0x1f, 0x18, 0xb0,
    0x0, 0x1f, 0x10, 0x0, 0x0, 0x6, 0x0, 0x0,

    /* U+002B "+" */
    0x0, 0x0, 0x65, 0x0, 0x0, 0x0, 0x0, 0xcb,
    0x0, 0x0, 0x0, 0x0, 0xcb, 0x0, 0x0, 0x1,
    0x11, 0xcb, 0x11, 0x10, 0x4f, 0xff, 0xff, 0xff,
    0xf3, 0x14, 0x44, 0xdc, 0x44, 0x40, 0x0, 0x0,
    0xcb, 0x0, 0x0, 0x0, 0x0, 0xcb, 0x0, 0x0,
    0x0, 0x0, 0xcb, 0x0, 0x0,

    /* U+002C "," */
    0x0, 0x2, 0xf8, 0x5f, 0x47, 0xf0, 0xab, 0xc,
    0x70,

    /* U+002D "-" */
    0x12, 0x22, 0x22, 0xb, 0xff, 0xff, 0xf0, 0x35,
    0x55, 0x55, 0x0,

    /* U+002E "." */
    0x5, 0x17, 0xfa, 0x5f, 0x70,

    /* U+002F "/" */
    0x0, 0x0, 0x8e, 0x0, 0x0, 0xc, 0xa0, 0x0,
    0x0, 0xf6, 0x0, 0x0, 0x4f, 0x20, 0x0, 0x9,
    0xe0, 0x0, 0x0, 0xda, 0x0, 0x0, 0x1f, 0x50,
    0x0, 0x5, 0xf1, 0x0, 0x0, 0x9d, 0x0, 0x0,
    0xe, 0x90, 0x0, 0x2, 0xf4, 0x0, 0x0, 0x6f,
    0x0, 0x0, 0xa, 0xc0, 0x0, 0x0, 0xe8, 0x0,
    0x0, 0x3f, 0x40, 0x0, 0x7, 0xf0, 0x0, 0x0,

    /* U+0030 "0" */
    0x0, 0x5c, 0xfe, 0x91, 0x0, 0x7, 0xfc, 0x8a,
    0xfc, 0x0, 0x2f, 0xb0, 0x0, 0x5f, 0x70, 0x8f,
    0x20, 0x0, 0xc, 0xd0, 0xbe, 0x0, 0x0, 0x8,
    0xf1, 0xdb, 0x0, 0x0, 0x6, 0xf3, 0xeb, 0x0,
    0x0, 0x5, 0xf4, 0xdb, 0x0, 0x0, 0x6, 0xf3,
    0xce, 0x0, 0x0, 0x8, 0xf1, 0x8f, 0x20, 0x0,
    0xc, 0xd0, 0x2f, 0xb0, 0x0, 0x5f, 0x70, 0x8,
    0xfc, 0x8a, 0xfd, 0x0, 0x0, 0x6d, 0xfe, 0x91,
    0x0,

    /* U+0031 "1" */
    0x0, 0x2d, 0xfb, 0x6, 0xfd, 0xfb, 0x2f, 0xa0,
    0xeb, 0x26, 0x0, 0xeb, 0x0, 0x0, 0xeb, 0x0,
    0x0, 0xeb, 0x0, 0x0, 0xeb, 0x0, 0x0, 0xeb,
    0x0, 0x0, 0xeb, 0x0, 0x0, 0xeb, 0x0, 0x0,
    0xeb, 0x0, 0x0, 0xeb, 0x0, 0x0, 0xeb,

    /* U+0032 "2" */
    0x0, 0x8d, 0xfd, 0x80, 0x0, 0xcf, 0xa7, 0xaf,
    0xb0, 0x5f, 0x60, 0x0, 0x8f, 0x47, 0xd0, 0x0,
    0x2, 0xf6, 0x0, 0x0, 0x0, 0x5f, 0x40, 0x0,
    0x0, 0xd, 0xe0, 0x0, 0x0, 0xa, 0xf4, 0x0,
    0x0, 0x9, 0xf6, 0x0, 0x0, 0x8, 0xf7, 0x0,
    0x0, 0x7, 0xf8, 0x0, 0x0, 0x6, 0xf9, 0x0,
    0x0, 0x5, 0xff, 0x88, 0x88, 0x85, 0xaf, 0xff,
    0xff, 0xff, 0xb0,

    /* U+0033 "3" */
    0x1, 0x9d, 0xfe, 0xa2, 0x0, 0x1e, 0xfa, 0x79,
    0xfe, 0x10, 0x8f, 0x30, 0x0, 0x4f, 0x70, 0x0,
    0x0, 0x0, 0x2f, 0x70, 0x0, 0x1, 0x25, 0xde,
    0x10, 0x0, 0xb, 0xff, 0xd2, 0x0, 0x0, 0x3,
    0x57, 0xee, 0x20, 0x0, 0x0, 0x0, 0x2f, 0xb0,
    0x0, 0x0, 0x0, 0xa, 0xf0, 0x99, 0x0, 0x0,
    0xb, 0xf0, 0xaf, 0x50, 0x0, 0x3f, 0xb0, 0x1e,
    0xfa, 0x79, 0xfe, 0x20, 0x1, 0x9e, 0xfe, 0x91,
    0x0,

    /* U+0034 "4" */
    0x0, 0x0, 0x8, 0xfd, 0x0, 0x0, 0x0, 0x3f,
    0xfd, 0x0, 0x0, 0x0, 0xcd, 0xcd, 0x0, 0x0,
    0x7, 0xf3, 0xcd, 0x0, 0x0, 0x2f, 0x90, 0xcd,
    0x0, 0x0, 0xbe, 0x0, 0xcd, 0x0, 0x5, 0xf5,
    0x0, 0xcd, 0x0, 0x1e, 0xb0, 0x0, 0xcd, 0x0,
    0xaf, 0x42, 0x22, 0xcd, 0x21, 0xff, 0xff, 0xff,
    0xff, 0xf9, 0x45, 0x55, 0x55, 0xdd, 0x53, 0x0,
    0x0, 0x0, 0xcd, 0x0, 0x0, 0x0, 0x0, 0xcd,
    0x0,

    /* U+0035 "5" */
    0xf, 0xff, 0xff, 0xff, 0x1, 0xfb, 0x77, 0x77,
    0x70, 0x3f, 0x50, 0x0, 0x0, 0x5, 0xf3, 0x1,
    0x0, 0x0, 0x7f, 0xaf, 0xff, 0x80, 0x8, 0xfb,
    0x76, 0xbf, 0x90, 0x0, 0x0, 0x0, 0xaf, 0x30,
    0x0, 0x0, 0x3, 0xf8, 0x0, 0x0, 0x0, 0xf,
    0x98, 0x70, 0x0, 0x3, 0xf7, 0x9f, 0x30, 0x0,
    0xbf, 0x22, 0xef, 0x98, 0xcf, 0x70, 0x2, 0xae,
    0xfc, 0x50, 0x0,

    /* U+0036 "6" */
    0x0, 0x4c, 0xff, 0xb3, 0x0, 0x5, 0xfc, 0x89,
    0xef, 0x40, 0x1f, 0x90, 0x0, 0x1d, 0xc0, 0x6f,
    0x0, 0x0, 0x0, 0x0, 0xac, 0x3c, 0xff, 0xc3,
    0x0, 0xdd, 0xfa, 0x67, 0xef, 0x20, 0xef, 0x90,
    0x0, 0x2f, 0xb0, 0xef, 0x10, 0x0, 0xa, 0xf0,
    0xde, 0x0, 0x0, 0x8, 0xf1, 0x9f, 0x10, 0x0,
    0xb, 0xf0, 0x4f, 0xa0, 0x0, 0x4f, 0x90, 0xa,
    0xfc, 0x8a, 0xfe, 0x10, 0x0, 0x7d, 0xfe, 0x91,
    0x0,

    /* U+0037 "7" */
    0x2f, 0xff, 0xff, 0xff, 0xf5, 0x18, 0x88, 0x88,
    0x8c, 0xf4, 0x0, 0x0, 0x0, 0xe, 0xd0, 0x0,
    0x0, 0x0, 0x6f, 0x50, 0x0, 0x0, 0x0, 0xed,
    0x0, 0x0, 0x0, 0x6, 0xf5, 0x0, 0x0, 0x0,
    0xe, 0xd0, 0x0, 0x0, 0x0, 0x7f, 0x40, 0x0,
    0x0, 0x0, 0xec, 0x0, 0x0, 0x0, 0x7, 0xf4,
    0x0, 0x0, 0x0, 0xe, 0xc0, 0x0, 0x0, 0x0,
    0x7f, 0x40, 0x0, 0x0, 0x0, 0xec, 0x0, 0x0,
    0x0,

    /* U+0038 "8" */
    0x1, 0x9e, 0xfe, 0xa2, 0x0, 0xd, 0xfa, 0x79,
    0xfe, 0x10, 0x5f, 0x60, 0x0, 0x4f, 0x70, 0x5f,
    0x40, 0x0, 0x2f, 0x70, 0xd, 0xd5, 0x24, 0xce,
    0x10, 0x1, 0xdf, 0xff, 0xd2, 0x0, 0x1d, 0xf8,
    0x57, 0xee, 0x20, 0x9f, 0x30, 0x0, 0x2f, 0xb0,
    0xdc, 0x0, 0x0, 0xb, 0xf0, 0xdc, 0x0, 0x0,
    0xa, 0xf0, 0xaf, 0x30, 0x0, 0x2f, 0xc0, 0x1e,
    0xf9, 0x79, 0xff, 0x30, 0x1, 0x9e, 0xfe, 0xa2,
    0x0,

    /* U+0039 "9" */
    0x0, 0x8e, 0xfd, 0x80, 0x0, 0xd, 0xfa, 0x8b,
    0xfc, 0x0, 0x8f, 0x50, 0x0, 0x6f, 0x60, 0xdd,
    0x0, 0x0, 0xd, 0xc0, 0xeb, 0x0, 0x0, 0xc,
    0xf0, 0xbf, 0x20, 0x0, 0x3f, 0xf0, 0x3f, 0xe5,
    0x26, 0xee, 0xf1, 0x5, 0xef, 0xff, 0x78, 0xf0,
    0x0, 0x3, 0x41, 0xa, 0xd0, 0x57, 0x0, 0x0,
    0xe, 0x90, 0x8f, 0x40, 0x0, 0x9f, 0x30, 0x1d,
    0xfa, 0x8c, 0xf8, 0x0, 0x1, 0x9e, 0xfd, 0x60,
    0x0,

    /* U+003A ":" */
    0x5, 0x17, 0xfa, 0x4f, 0x70, 0x0, 0x0, 0x0,
    0x0, 0x0, 0x0, 0x51, 0x7f, 0xa5, 0xf7,

    /* U+003B ";" */
    0x4, 0x20, 0x3f, 0xe0, 0x2e, 0xb0, 0x0, 0x0,
    0x0, 0x0, 0x0, 0x0, 0x0, 0x0, 0x0, 0x0,
    0x2f, 0x80, 0x5f, 0x40, 0x7f, 0x0, 0xab, 0x0,
    0xc7, 0x0,

    /* U+003C "<" */
    0x0, 0x0, 0x0, 0x3, 0x90, 0x0, 0x0, 0x3b,
    0xfc, 0x0, 0x3, 0xbf, 0xe7, 0x0, 0x3b, 0xfd,
    0x60, 0x0, 0x6f, 0xe5, 0x0, 0x0, 0x3, 0xef,
    0xa2, 0x0, 0x0, 0x0, 0x6e, 0xfb, 0x30, 0x0,
    0x0, 0x6, 0xef, 0xb4, 0x0, 0x0, 0x0, 0x6e,
    0xd0, 0x0, 0x0, 0x0, 0x5,

    /* U+003D "=" */
    0x2, 0x22, 0x22, 0x22, 0x20, 0xff, 0xff, 0xff,
    0xff, 0x5, 0x55, 0x55, 0x55, 0x40, 0x0, 0x0,
    0x0, 0x0, 0x2, 0x22, 0x22, 0x22, 0x20, 0xff,
    0xff, 0xff, 0xff, 0x5, 0x55, 0x55, 0x55, 0x40,

    /* U+003E ">" */
    0x93, 0x0, 0x0, 0x0, 0xe, 0xfa, 0x20, 0x0,
    0x0, 0x18, 0xef, 0xa2, 0x0, 0x0, 0x0, 0x7e,
    0xfa, 0x20, 0x0, 0x0, 0x6, 0xef, 0x40, 0x0,
    0x3, 0xbf, 0xd3, 0x0, 0x4b, 0xfd, 0x50, 0x4,
    0xcf, 0xd5, 0x0, 0x0, 0xed, 0x60, 0x0, 0x0,
    0x5, 0x0, 0x0, 0x0, 0x0,

    /* U+003F "?" */
    0x0, 0x7d, 0xfe, 0x80, 0x0, 0x9f, 0xb7, 0xaf,
    0xb0, 0x1f, 0xa0, 0x0, 0x8f, 0x21, 0x62, 0x0,
    0x5, 0xf4, 0x0, 0x0, 0x0, 0xbf, 0x10, 0x0,
    0x1, 0xcf, 0x80, 0x0, 0x1, 0xef, 0x50, 0x0,
    0x0, 0x7f, 0x40, 0x0, 0x0, 0x9, 0xe0, 0x0,
    0x0, 0x0, 0x0, 0x0, 0x0, 0x0, 0x2, 0x40,
    0x0, 0x0, 0x0, 0xef, 0x40, 0x0, 0x0, 0xa,
    0xe2, 0x0, 0x0,

    /* U+0040 "@" */
    0x0, 0x0, 0x0, 0x0, 0x0, 0x0, 0x0, 0x0,
    0x0, 0x0, 0x6b, 0xef, 0xfe, 0xa4, 0x0, 0x0,
    0x0, 0x3e, 0xf9, 0x54, 0x46, 0xbf, 0xb0, 0x0,
    0x3, 0xfc, 0x10, 0x0, 0x0, 0x3, 0xec, 0x0,
    0xd, 0xd0, 0x0, 0x0, 0x0, 0x10, 0x2f, 0x70,
    0x5f, 0x40, 0x6, 0xef, 0xe8, 0xf2, 0x9, 0xe0,
    0x9e, 0x0, 0x6f, 0x84, 0x7e, 0xf2, 0x3, 0xf2,
    0xca, 0x0, 0xe9, 0x0, 0x5, 0xf2, 0x1, 0xf4,
    0xe9, 0x1, 0xf4, 0x0, 0x2, 0xf2, 0x1, 0xf4,
    0xe9, 0x1, 0xf5, 0x0, 0x3, 0xf2, 0x2, 0xf3,
    0xca, 0x0, 0xe9, 0x0, 0x7, 0xf3, 0x5, 0xf0,
    0x9e, 0x0, 0x6f, 0x74, 0x7d, 0xfa, 0x4d, 0xb0,
    0x5f, 0x40, 0x6, 0xdf, 0xc2, 0x7d, 0xfb, 0x10,
    0xd, 0xd0, 0x0, 0x0, 0x0, 0x0, 0x0, 0x0,
    0x3, 0xfc, 0x20, 0x0, 0x0, 0x0, 0x0, 0x0,
    0x0, 0x3d, 0xfb, 0x75, 0x56, 0xab, 0x0, 0x0,
    0x0, 0x0, 0x5a, 0xdf, 0xfe, 0xb6, 0x0, 0x0,

    /* U+0041 "A" */
    0x0, 0x0, 0xe, 0xf5, 0x0, 0x0, 0x0, 0x0,
    0x5f, 0xdb, 0x0, 0x0, 0x0, 0x0, 0xbd, 0x7f,
    0x10, 0x0, 0x0, 0x1, 0xf8, 0x2f, 0x70, 0x0,
    0x0, 0x6, 0xf2, 0xd, 0xc0, 0x0, 0x0, 0xc,
    0xd0, 0x7, 0xf2, 0x0, 0x0, 0x2f, 0x70, 0x1,
    0xf8, 0x0, 0x0, 0x8f, 0x42, 0x22, 0xce, 0x0,
    0x0, 0xef, 0xff, 0xff, 0xff, 0x40, 0x4, 0xf9,
    0x55, 0x55, 0x5f, 0xa0, 0xa, 0xf1, 0x0, 0x0,
    0xb, 0xf1, 0xf, 0xc0, 0x0, 0x0, 0x5, 0xf6,
    0x5f, 0x60, 0x0, 0x0, 0x0, 0xfc,

    /* U+0042 "B" */
    0x6f, 0xff, 0xff, 0xd7, 0x0, 0x6f, 0x97, 0x78,
    0xcf, 0x90, 0x6f, 0x40, 0x0, 0xa, 0xf1, 0x6f,
    0x40, 0x0, 0x6, 0xf3, 0x6f, 0x40, 0x0, 0x9,
    0xf1, 0x6f, 0x51, 0x12, 0x8f, 0x70, 0x6f, 0xff,
    0xff, 0xf9, 0x10, 0x6f, 0x74, 0x45, 0x7e, 0xe1,
    0x6f, 0x40, 0x0, 0x3, 0xf8, 0x6f, 0x40, 0x0,
    0x0, 0xeb, 0x6f, 0x40, 0x0, 0x2, 0xf9, 0x6f,
    0x97, 0x78, 0xaf, 0xf3, 0x6f, 0xff, 0xff, 0xea,
    0x30,

    /* U+0043 "C" */
    0x0, 0x7, 0xdf, 0xfc, 0x60, 0x0, 0x1, 0xdf,
    0xc9, 0xae, 0xfa, 0x0, 0xc, 0xf5, 0x0, 0x0,
    0x8f, 0x80, 0x5f, 0x70, 0x0, 0x0, 0xc, 0xf0,
    0xaf, 0x0, 0x0, 0x0, 0x1, 0x30, 0xdc, 0x0,
    0x0, 0x0, 0x0, 0x0, 0xeb, 0x0, 0x0, 0x0,
    0x0, 0x0, 0xdc, 0x0, 0x0, 0x0, 0x0, 0x0,
    0xaf, 0x0, 0x0, 0x0, 0x1, 0x20, 0x5f, 0x70,
    0x0, 0x0, 0xc, 0xf0, 0xc, 0xf5, 0x0, 0x0,
    0x8f, 0x80, 0x2, 0xdf, 0xc9, 0xae, 0xfb, 0x0,
    0x0, 0x7, 0xdf, 0xfc, 0x50, 0x0,

    /* U+0044 "D" */
    0x6f, 0xff, 0xfe, 0xc7, 0x0, 0x6, 0xf9, 0x77,
    0x9c, 0xfd, 0x20, 0x6f, 0x40, 0x0, 0x4, 0xfc,
    0x6, 0xf4, 0x0, 0x0, 0x6, 0xf5, 0x6f, 0x40,
    0x0, 0x0, 0xf, 0xa6, 0xf4, 0x0, 0x0, 0x0,
    0xcd, 0x6f, 0x40, 0x0, 0x0, 0xb, 0xe6, 0xf4,
    0x0, 0x0, 0x0, 0xcd, 0x6f, 0x40, 0x0, 0x0,
    0xf, 0xa6, 0xf4, 0x0, 0x0, 0x7, 0xf5, 0x6f,
    0x40, 0x0, 0x5, 0xfc, 0x6, 0xf9, 0x77, 0x9d,
    0xfd, 0x20, 0x6f, 0xff, 0xfe, 0xc6, 0x0, 0x0,

    /* U+0045 "E" */
    0x6f, 0xff, 0xff, 0xff, 0x96, 0xf9, 0x77, 0x77,
    0x74, 0x6f, 0x40, 0x0, 0x0, 0x6, 0xf4, 0x0,
    0x0, 0x0, 0x6f, 0x40, 0x0, 0x0, 0x6, 0xf5,
    0x22, 0x22, 0x20, 0x6f, 0xff, 0xff, 0xff, 0x26,
    0xf7, 0x55, 0x55, 0x50, 0x6f, 0x40, 0x0, 0x0,
    0x6, 0xf4, 0x0, 0x0, 0x0, 0x6f, 0x40, 0x0,
    0x0, 0x6, 0xf9, 0x77, 0x77, 0x74, 0x6f, 0xff,
    0xff, 0xff, 0xa0,

    /* U+0046 "F" */
    0x6f, 0xff, 0xff, 0xff, 0x86, 0xf9, 0x77, 0x77,
    0x73, 0x6f, 0x40, 0x0, 0x0, 0x6, 0xf4, 0x0,
    0x0, 0x0, 0x6f, 0x40, 0x0, 0x0, 0x6, 0xf5,
    0x22, 0x22, 0x20, 0x6f, 0xff, 0xff, 0xfe, 0x6,
    0xf7, 0x55, 0x55, 0x40, 0x6f, 0x40, 0x0, 0x0,
    0x6, 0xf4, 0x0, 0x0, 0x0, 0x6f, 0x40, 0x0,
    0x0, 0x6, 0xf4, 0x0, 0x0, 0x0, 0x6f, 0x40,
    0x0, 0x0, 0x0,

    /* U+0047 "G" */
    0x0, 0x7, 0xdf, 0xfc, 0x50, 0x0, 0x2, 0xdf,
    0xc9, 0xad, 0xfc, 0x0, 0xc, 0xf5, 0x0, 0x0,
    0x8f, 0xa0, 0x5f, 0x70, 0x0, 0x0, 0xa, 0xd1,
    0xaf, 0x0, 0x0, 0x0, 0x0, 0x0, 0xdc, 0x0,
    0x0, 0x12, 0x22, 0x20, 0xeb, 0x0, 0x0, 0xbf,
    0xff, 0xf5, 0xdc, 0x0, 0x0, 0x35, 0x59, 0xf4,
    0xaf, 0x0, 0x0, 0x0, 0x7, 0xf3, 0x5f, 0x70,
    0x0, 0x0, 0xd, 0xe0, 0xc, 0xf5, 0x0, 0x0,
    0x9f, 0x70, 0x2, 0xdf, 0xd9, 0x9e, 0xfa, 0x0,
    0x0, 0x17, 0xdf, 0xfc, 0x60, 0x0,

    /* U+0048 "H" */
    0x6f, 0x40, 0x0, 0x0, 0xe, 0xc6, 0xf4, 0x0,
    0x0, 0x0, 0xec, 0x6f, 0x40, 0x0, 0x0, 0xe,
    0xc6, 0xf4, 0x0, 0x0, 0x0, 0xec, 0x6f, 0x40,
    0x0, 0x0, 0xe, 0xc6, 0xf5, 0x22, 0x22, 0x22,
    0xec, 0x6f, 0xff, 0xff, 0xff, 0xff, 0xc6, 0xf7,
    0x55, 0x55, 0x55, 0xec, 0x6f, 0x40, 0x0, 0x0,
    0xe, 0xc6, 0xf4, 0x0, 0x0, 0x0, 0xec, 0x6f,
    0x40, 0x0, 0x0, 0xe, 0xc6, 0xf4, 0x0, 0x0,
    0x0, 0xec, 0x6f, 0x40, 0x0, 0x0, 0xe, 0xc0,

    /* U+0049 "I" */
    0x6f, 0x46, 0xf4, 0x6f, 0x46, 0xf4, 0x6f, 0x46,
    0xf4, 0x6f, 0x46, 0xf4, 0x6f, 0x46, 0xf4, 0x6f,
    0x46, 0xf4, 0x6f, 0x40,

    /* U+004A "J" */
    0x0, 0x0, 0x0, 0xf, 0xb0, 0x0, 0x0, 0x0,
    0xfb, 0x0, 0x0, 0x0, 0xf, 0xb0, 0x0, 0x0,
    0x0, 0xfb, 0x0, 0x0, 0x0, 0xf, 0xb0, 0x0,
    0x0, 0x0, 0xfb, 0x0, 0x0, 0x0, 0xf, 0xb0,
    0x0, 0x0, 0x0, 0xfb, 0x18, 0x40, 0x0, 0xf,
    0xb1, 0xf9, 0x0, 0x0, 0xfa, 0xe, 0xd0, 0x0,
    0x5f, 0x70, 0x6f, 0xd8, 0x9f, 0xe1, 0x0, 0x5c,
    0xfe, 0xa1, 0x0,

    /* U+004B "K" */
    0x6f, 0x40, 0x0, 0x2, 0xee, 0x26, 0xf4, 0x0,
    0x1, 0xef, 0x30, 0x6f, 0x40, 0x1, 0xdf, 0x40,
    0x6, 0xf4, 0x0, 0xcf, 0x40, 0x0, 0x6f, 0x30,
    0xcf, 0x50, 0x0, 0x6, 0xf3, 0xaf, 0x80, 0x0,
    0x0, 0x6f, 0xbf, 0xfd, 0x0, 0x0, 0x6, 0xff,
    0x65, 0xfa, 0x0, 0x0, 0x6f, 0x80, 0x9, 0xf5,
    0x0, 0x6, 0xf4, 0x0, 0xd, 0xf2, 0x0, 0x6f,
    0x40, 0x0, 0x3f, 0xc0, 0x6, 0xf4, 0x0, 0x0,
    0x7f, 0x80, 0x6f, 0x40, 0x0, 0x0, 0xbf, 0x30,

    /* U+004C "L" */
    0x6f, 0x40, 0x0, 0x0, 0x6, 0xf4, 0x0, 0x0,
    0x0, 0x6f, 0x40, 0x0, 0x0, 0x6, 0xf4, 0x0,
    0x0, 0x0, 0x6f, 0x40, 0x0, 0x0, 0x6, 0xf4,
    0x0, 0x0, 0x0, 0x6f, 0x40, 0x0, 0x0, 0x6,
    0xf4, 0x0, 0x0, 0x0, 0x6f, 0x40, 0x0, 0x0,
    0x6, 0xf4, 0x0, 0x0, 0x0, 0x6f, 0x40, 0x0,
    0x0, 0x6, 0xf9, 0x77, 0x77, 0x72, 0x6f, 0xff,
    0xff, 0xff, 0x50,

    /* U+004D "M" */
    0x6f, 0xf2, 0x0, 0x0, 0x0, 0xe, 0xfa, 0x6f,
    0xf8, 0x0, 0x0, 0x0, 0x4f, 0xfa, 0x6f, 0xce,
    0x0, 0x0, 0x0, 0xad, 0xea, 0x6f, 0x7f, 0x50,
    0x0, 0x1, 0xf8, 0xfa, 0x6f, 0x2f, 0xb0, 0x0,
    0x7, 0xf2, 0xfa, 0x6f, 0x29, 0xf2, 0x0, 0xd,
    0xc0, 0xfa, 0x6f, 0x23, 0xf8, 0x0, 0x3f, 0x60,
    0xfa, 0x6f, 0x20, 0xce, 0x0, 0x9f, 0x0, 0xfa,
    0x6f, 0x20, 0x6f, 0x40, 0xf9, 0x0, 0xfa, 0x6f,
    0x20, 0xf, 0x95, 0xf3, 0x0, 0xfa, 0x6f, 0x20,
    0x9, 0xea, 0xd0, 0x0, 0xfa, 0x6f, 0x20, 0x3,
    0xff, 0x60, 0x0, 0xfa, 0x6f, 0x20, 0x0, 0xcf,
    0x10, 0x0, 0xfa,

    /* U+004E "N" */
    0x6f, 0xd0, 0x0, 0x0, 0xb, 0xf6, 0xff, 0x80,
    0x0, 0x0, 0xbf, 0x6f, 0xbf, 0x20, 0x0, 0xb,
    0xf6, 0xf4, 0xec, 0x0, 0x0, 0xbf, 0x6f, 0x36,
    0xf6, 0x0, 0xb, 0xf6, 0xf4, 0xc, 0xf1, 0x0,
    0xbf, 0x6f, 0x40, 0x3f, 0xb0, 0xb, 0xf6, 0xf4,
    0x0, 0x8f, 0x50, 0xbf, 0x6f, 0x40, 0x0, 0xde,
    0x1b, 0xf6, 0xf4, 0x0, 0x4, 0xf9, 0xaf, 0x6f,
    0x40, 0x0, 0x9, 0xfc, 0xf6, 0xf4, 0x0, 0x0,
    0x1e, 0xff, 0x6f, 0x40, 0x0, 0x0, 0x5f, 0xf0,

    /* U+004F "O" */
    0x0, 0x7, 0xcf, 0xec, 0x50, 0x0, 0x1, 0xdf,
    0xd9, 0xae, 0xfa, 0x0, 0xc, 0xf5, 0x0, 0x0,
    0x8f, 0x80, 0x5f, 0x70, 0x0, 0x0, 0xb, 0xf1,
    0xaf, 0x0, 0x0, 0x0, 0x4, 0xf6, 0xdc, 0x0,
    0x0, 0x0, 0x0, 0xf9, 0xeb, 0x0, 0x0, 0x0,
    0x0, 0xfa, 0xdc, 0x0, 0x0, 0x0, 0x0, 0xf9,
    0xaf, 0x0, 0x0, 0x0, 0x4, 0xf7, 0x5f, 0x70,
    0x0, 0x0, 0xb, 0xf1, 0xc, 0xf5, 0x0, 0x0,
    0x8f, 0x90, 0x2, 0xdf, 0xc9, 0x9e, 0xfb, 0x0,
    0x0, 0x7, 0xdf, 0xec, 0x50, 0x0,

    /* U+0050 "P" */
    0x6f, 0xff, 0xff, 0xd6, 0x0, 0x6f, 0x97, 0x78,
    0xcf, 0xa0, 0x6f, 0x40, 0x0, 0xa, 0xf3, 0x6f,
    0x40, 0x0, 0x3, 0xf7, 0x6f, 0x40, 0x0, 0x2,
    0xf7, 0x6f, 0x40, 0x0, 0x7, 0xf5, 0x6f, 0x52,
    0x22, 0x7f, 0xd0, 0x6f, 0xff, 0xff, 0xfc, 0x20,
    0x6f, 0x75, 0x54, 0x20, 0x0, 0x6f, 0x40, 0x0,
    0x0, 0x0, 0x6f, 0x40, 0x0, 0x0, 0x0, 0x6f,
    0x40, 0x0, 0x0, 0x0, 0x6f, 0x40, 0x0, 0x0,
    0x0,

    /* U+0051 "Q" */
    0x0, 0x7, 0xcf, 0xec, 0x50, 0x0, 0x1, 0xdf,
    0xd9, 0xae, 0xfb, 0x0, 0xc, 0xf5, 0x0, 0x0,
    0x8f, 0x90, 0x5f, 0x70, 0x0, 0x0, 0xb, 0xf1,
    0xaf, 0x0, 0x0, 0x0, 0x4, 0xf7, 0xdc, 0x0,
    0x0, 0x0, 0x0, 0xf9, 0xeb, 0x0, 0x0, 0x0,
    0x0, 0xfa, 0xdc, 0x0, 0x0, 0x0, 0x0, 0xf9,
    0xaf, 0x0, 0x1, 0x20, 0x4, 0xf6, 0x5f, 0x70,
    0x2, 0xf9, 0xa, 0xf1, 0xc, 0xf5, 0x0, 0x5f,
    0xbf, 0x90, 0x2, 0xdf, 0xc9, 0xaf, 0xfb, 0x0,
    0x0, 0x7, 0xdf, 0xfc, 0xdd, 0x10, 0x0, 0x0,
    0x0, 0x0, 0x1e, 0xb0,

    /* U+0052 "R" */
    0x6f, 0xff, 0xff, 0xd7, 0x0, 0x6, 0xf9, 0x77,
    0x8c, 0xfa, 0x0, 0x6f, 0x40, 0x0, 0xa, 0xf3,
    0x6, 0xf4, 0x0, 0x0, 0x3f, 0x70, 0x6f, 0x40,
    0x0, 0x2, 0xf7, 0x6, 0xf4, 0x0, 0x0, 0x6f,
    0x50, 0x6f, 0x52, 0x22, 0x6f, 0xe0, 0x6, 0xff,
    0xff, 0xff, 0xd2, 0x0, 0x6f, 0x75, 0x59, 0xf6,
    0x0, 0x6, 0xf4, 0x0, 0xe, 0xe0, 0x0, 0x6f,
    0x40, 0x0, 0x5f, 0x90, 0x6, 0xf4, 0x0, 0x0,
    0xcf, 0x20, 0x6f, 0x40, 0x0, 0x3, 0xfb, 0x0,

    /* U+0053 "S" */
    0x0, 0x7d, 0xff, 0xc5, 0x0, 0xc, 0xfb, 0x89,
    0xdf, 0x80, 0x6f, 0x60, 0x0, 0xb, 0xf2, 0x9f,
    0x0, 0x0, 0x2, 0x61, 0x6f, 0x70, 0x0, 0x0,
    0x0, 0xb, 0xfc, 0x73, 0x0, 0x0, 0x0, 0x5b,
    0xff, 0xe7, 0x0, 0x0, 0x0, 0x4, 0xaf, 0xb0,
    0x0, 0x0, 0x0, 0x5, 0xf6, 0x87, 0x0, 0x0,
    0x2, 0xf7, 0xbf, 0x40, 0x0, 0xa, 0xf4, 0x2e,
    0xfb, 0x89, 0xdf, 0xa0, 0x1, 0x9d, 0xff, 0xc6,
    0x0,

    /* U+0054 "T" */
    0x2f, 0xff, 0xff, 0xff, 0xff, 0xc1, 0x77, 0x77,
    0xfd, 0x77, 0x75, 0x0, 0x0, 0xf, 0xa0, 0x0,
    0x0, 0x0, 0x0, 0xfa, 0x0, 0x0, 0x0, 0x0,
    0xf, 0xa0, 0x0, 0x0, 0x0, 0x0, 0xfa, 0x0,
    0x0, 0x0, 0x0, 0xf, 0xa0, 0x0, 0x0, 0x0,
    0x0, 0xfa, 0x0, 0x0, 0x0, 0x0, 0xf, 0xa0,
    0x0, 0x0, 0x0, 0x0, 0xfa, 0x0, 0x0, 0x0,
    0x0, 0xf, 0xa0, 0x0, 0x0, 0x0, 0x0, 0xfa,
    0x0, 0x0, 0x0, 0x0, 0xf, 0xa0, 0x0, 0x0,

    /* U+0055 "U" */
    0x6f, 0x40, 0x0, 0x0, 0xd, 0xd6, 0xf4, 0x0,
    0x0, 0x0, 0xdd, 0x6f, 0x40, 0x0, 0x0, 0xd,
    0xd6, 0xf4, 0x0, 0x0, 0x0, 0xdd, 0x6f, 0x40,
    0x0, 0x0, 0xd, 0xd6, 0xf4, 0x0, 0x0, 0x0,
    0xdd, 0x6f, 0x40, 0x0, 0x0, 0xd, 0xd6, 0xf4,
    0x0, 0x0, 0x0, 0xdd, 0x6f, 0x40, 0x0, 0x0,
    0xe, 0xc4, 0xf8, 0x0, 0x0, 0x2, 0xfa, 0xe,
    0xf3, 0x0, 0x0, 0xbf, 0x40, 0x3f, 0xfb, 0x9a,
    0xef, 0x80, 0x0, 0x19, 0xdf, 0xeb, 0x40, 0x0,

    /* U+0056 "V" */
    0x5f, 0x60, 0x0, 0x0, 0x0, 0xfc, 0xf, 0xc0,
    0x0, 0x0, 0x5, 0xf6, 0x9, 0xf1, 0x0, 0x0,
    0xb, 0xf1, 0x3, 0xf7, 0x0, 0x0, 0x1f, 0xa0,
    0x0, 0xdd, 0x0, 0x0, 0x6f, 0x50, 0x0, 0x8f,
    0x30, 0x0, 0xbe, 0x0, 0x0, 0x2f, 0x80, 0x1,
    0xf9, 0x0, 0x0, 0xc, 0xe0, 0x7, 0xf3, 0x0,
    0x0, 0x6, 0xf4, 0xc, 0xd0, 0x0, 0x0, 0x0,
    0xf9, 0x1f, 0x70, 0x0, 0x0, 0x0, 0xae, 0x6f,
    0x10, 0x0, 0x0, 0x0, 0x4f, 0xdc, 0x0, 0x0,
    0x0, 0x0, 0xe, 0xf6, 0x0, 0x0,

    /* U+0057 "W" */
    0x6f, 0x40, 0x0, 0x3, 0xfe, 0x0, 0x0, 0x9,
    0xf2, 0x2f, 0x80, 0x0, 0x7, 0xff, 0x30, 0x0,
    0xd, 0xd0, 0xd, 0xc0, 0x0, 0xb, 0xcf, 0x70,
    0x0, 0x1f, 0x90, 0x9, 0xf1, 0x0, 0xf, 0x8c,
    0xb0, 0x0, 0x5f, 0x40, 0x4, 0xf5, 0x0, 0x4f,
    0x48, 0xf0, 0x0, 0x9f, 0x0, 0x0, 0xf9, 0x0,
    0x8f, 0x4, 0xf4, 0x0, 0xdc, 0x0, 0x0, 0xcd,
    0x0, 0xdb, 0x0, 0xf8, 0x2, 0xf7, 0x0, 0x0,
    0x7f, 0x11, 0xf7, 0x0, 0xcc, 0x6, 0xf3, 0x0,
    0x0, 0x3f, 0x55, 0xf3, 0x0, 0x7f, 0x1a, 0xe0,
    0x0, 0x0, 0xe, 0x99, 0xe0, 0x0, 0x3f, 0x4e,
    0xa0, 0x0, 0x0, 0xa, 0xdc, 0xa0, 0x0, 0xe,
    0x9f, 0x60, 0x0, 0x0, 0x6, 0xff, 0x60, 0x0,
    0xa, 0xff, 0x10, 0x0, 0x0, 0x1, 0xff, 0x10,
    0x0, 0x6, 0xfd, 0x0, 0x0,

    /* U+0058 "X" */
    0xd, 0xf1, 0x0, 0x0, 0xb, 0xf3, 0x3, 0xfb,
    0x0, 0x0, 0x6f, 0x70, 0x0, 0x7f, 0x60, 0x2,
    0xfc, 0x0, 0x0, 0xc, 0xf2, 0xc, 0xf2, 0x0,
    0x0, 0x2, 0xfb, 0x6f, 0x50, 0x0, 0x0, 0x0,
    0x6f, 0xfa, 0x0, 0x0, 0x0, 0x0, 0xf, 0xf5,
    0x0, 0x0, 0x0, 0x0, 0xaf, 0xde, 0x10, 0x0,
    0x0, 0x5, 0xf8, 0x3f, 0xa0, 0x0, 0x0, 0x1e,
    0xd0, 0x9, 0xf5, 0x0, 0x0, 0xbf, 0x20, 0x0,
    0xde, 0x10, 0x7, 0xf7, 0x0, 0x0, 0x3f, 0xb0,
    0x2f, 0xb0, 0x0, 0x0, 0x7, 0xf6,

    /* U+0059 "Y" */
    0x3f, 0xb0, 0x0, 0x0, 0x7, 0xf7, 0x9, 0xf5,
    0x0, 0x0, 0x2f, 0xc0, 0x1, 0xee, 0x0, 0x0,
    0xbf, 0x30, 0x0, 0x5f, 0x80, 0x5, 0xf8, 0x0,
    0x0, 0xb, 0xf2, 0xe, 0xe0, 0x0, 0x0, 0x2,
    0xfb, 0x7f, 0x40, 0x0, 0x0, 0x0, 0x7f, 0xfa,
    0x0, 0x0, 0x0, 0x0, 0xd, 0xf1, 0x0, 0x0,
    0x0, 0x0, 0xb, 0xf0, 0x0, 0x0, 0x0, 0x0,
    0xb, 0xf0, 0x0, 0x0, 0x0, 0x0, 0xb, 0xf0,
    0x0, 0x0, 0x0, 0x0, 0xb, 0xf0, 0x0, 0x0,
    0x0, 0x0, 0xb, 0xf0, 0x0, 0x0,

    /* U+005A "Z" */
    0xef, 0xff, 0xff, 0xff, 0xf2, 0x67, 0x77, 0x77,
    0x7f, 0xe0, 0x0, 0x0, 0x0, 0x7f, 0x40, 0x0,
    0x0, 0x3, 0xf9, 0x0, 0x0, 0x0, 0xd, 0xd0,
    0x0, 0x0, 0x0, 0x8f, 0x40, 0x0, 0x0, 0x3,
    0xf9, 0x0, 0x0, 0x0, 0xd, 0xd0, 0x0, 0x0,
    0x0, 0x9f, 0x30, 0x0, 0x0, 0x4, 0xf8, 0x0,
    0x0, 0x0, 0x1e, 0xc0, 0x0, 0x0, 0x0, 0xaf,
    0x97, 0x77, 0x77, 0x71, 0xdf, 0xff, 0xff, 0xff,
    0xf4,

    /* U+005B "[" */
    0x1, 0x11, 0x0, 0xff, 0xf7, 0xf, 0xa4, 0x20,
    0xf8, 0x0, 0xf, 0x80, 0x0, 0xf8, 0x0, 0xf,
    0x80, 0x0, 0xf8, 0x0, 0xf, 0x80, 0x0, 0xf8,
    0x0, 0xf, 0x80, 0x0, 0xf8, 0x0, 0xf, 0x80,
    0x0, 0xf8, 0x0, 0xf, 0x80, 0x0, 0xf8, 0x10,
    0xf, 0xff, 0x70, 0x44, 0x42,

    /* U+005C "\\" */
    0x7f, 0x0, 0x0, 0x3, 0xf4, 0x0, 0x0, 0xe,
    0x80, 0x0, 0x0, 0xac, 0x0, 0x0, 0x6, 0xf0,
    0x0, 0x0, 0x2f, 0x40, 0x0, 0x0, 0xe9, 0x0,
    0x0, 0x9, 0xd0, 0x0, 0x0, 0x5f, 0x10, 0x0,
    0x1, 0xf5, 0x0, 0x0, 0xd, 0xa0, 0x0, 0x0,
    0x9e, 0x0, 0x0, 0x4, 0xf2, 0x0, 0x0, 0xf,
    0x60, 0x0, 0x0, 0xca, 0x0, 0x0, 0x8, 0xe0,

    /* U+005D "]" */
    0x11, 0x10, 0xef, 0xf9, 0x34, 0xf9, 0x0, 0xf9,
    0x0, 0xf9, 0x0, 0xf9, 0x0, 0xf9, 0x0, 0xf9,
    0x0, 0xf9, 0x0, 0xf9, 0x0, 0xf9, 0x0, 0xf9,
    0x0, 0xf9, 0x0, 0xf9, 0x0, 0xf9, 0x11, 0xf9,
    0xef, 0xf9, 0x34, 0x42,

    /* U+005E "^" */
    0x0, 0x6, 0x81, 0x0, 0x0, 0x2f, 0xf9, 0x0,
    0x0, 0x9e, 0x6f, 0x10, 0x1, 0xf7, 0xe, 0x80,
    0x9, 0xe0, 0x7, 0xf1, 0x1f, 0x80, 0x1, 0xf8,

    /* U+005F "_" */
    0x22, 0x22, 0x22, 0x22, 0xf, 0xff, 0xff, 0xff,
    0xf3, 0x55, 0x55, 0x55, 0x55, 0x10,

    /* U+0060 "`" */
    0x49, 0x20, 0x1e, 0x90, 0x5, 0xf1,

    /* U+0061 "a" */
    0x0, 0x5c, 0xef, 0xb4, 0x0, 0x6f, 0xd8, 0x7d,
    0xf3, 0x6, 0xa0, 0x0, 0x1f, 0x90, 0x0, 0x0,
    0x1, 0xeb, 0x0, 0x49, 0xce, 0xff, 0xb0, 0xaf,
    0xc8, 0x63, 0xdb, 0x2f, 0x90, 0x0, 0xe, 0xb2,
    0xf7, 0x0, 0x4, 0xfb, 0xc, 0xf9, 0x69, 0xee,
    0xb0, 0x1a, 0xee, 0xb2, 0xdb,

    /* U+0062 "b" */
    0x9f, 0x0, 0x0, 0x0, 0x0, 0x9f, 0x0, 0x0,
    0x0, 0x0, 0x9f, 0x0, 0x0, 0x0, 0x0, 0x9f,
    0x1a, 0xfe, 0xa2, 0x0, 0x9f, 0xcb, 0x79, 0xfe,
    0x10, 0x9f, 0xa0, 0x0, 0x3f, 0x90, 0x9f, 0x20,
    0x0, 0xb, 0xe0, 0x9f, 0x0, 0x0, 0x8, 0xf1,
    0x9f, 0x0, 0x0, 0x8, 0xf0, 0x9f, 0x20, 0x0,
    0xb, 0xe0, 0x9f, 0xa0, 0x0, 0x3f, 0x90, 0x9f,
    0xbb, 0x79, 0xfe, 0x10, 0x9e, 0xa, 0xfe, 0xa2,
    0x0,

    /* U+0063 "c" */
    0x0, 0x19, 0xef, 0xd7, 0x0, 0x0, 0xdf, 0x97,
    0xaf, 0xa0, 0x8, 0xf4, 0x0, 0x8, 0xe2, 0xe,
    0xc0, 0x0, 0x0, 0x0, 0xf, 0x80, 0x0, 0x0,
    0x0, 0xf, 0x80, 0x0, 0x0, 0x0, 0xe, 0xc0,
    0x0, 0x0, 0x0, 0x8, 0xf4, 0x0, 0x7, 0xf2,
    0x0, 0xdf, 0x97, 0xaf, 0xa0, 0x0, 0x19, 0xef,
    0xd7, 0x0,

    /* U+0064 "d" */
    0x0, 0x0, 0x0, 0x0, 0xfa, 0x0, 0x0, 0x0,
    0x0, 0xfa, 0x0, 0x0, 0x0, 0x0, 0xfa, 0x0,
    0x1a, 0xef, 0xa1, 0xfa, 0x1, 0xef, 0x97, 0xbc,
    0xfa, 0x9, 0xf3, 0x0, 0x9, 0xfa, 0xe, 0xb0,
    0x0, 0x2, 0xfa, 0xf, 0x80, 0x0, 0x0, 0xfa,
    0xf, 0x80, 0x0, 0x0, 0xfa, 0xe, 0xc0, 0x0,
    0x2, 0xfa, 0x9, 0xf4, 0x0, 0xa, 0xfa, 0x1,
    0xef, 0x97, 0xbc, 0xea, 0x0, 0x1a, 0xef, 0xa1,
    0xea,

    /* U+0065 "e" */
    0x0, 0x19, 0xef, 0xc7, 0x0, 0x0, 0xde, 0x87,
    0xaf, 0xa0, 0x8, 0xf2, 0x0, 0x8, 0xf3, 0xe,
    0xa1, 0x11, 0x13, 0xf7, 0xf, 0xff, 0xff, 0xff,
    0xf9, 0xf, 0xa4, 0x44, 0x44, 0x42, 0xe, 0xb0,
    0x0, 0x0, 0x0, 0x8, 0xf4, 0x0, 0x6, 0xd3,
    0x0, 0xdf, 0x97, 0x9f, 0xd0, 0x0, 0x18, 0xef,
    0xe9, 0x10,

    /* U+0066 "f" */
    0x0, 0x2b, 0xee, 0x30, 0xc, 0xf9, 0x80, 0x0,
    0xeb, 0x0, 0xd, 0xff, 0xff, 0xf0, 0x45, 0xec,
    0x55, 0x0, 0xe, 0xb0, 0x0, 0x0, 0xeb, 0x0,
    0x0, 0xe, 0xb0, 0x0, 0x0, 0xeb, 0x0, 0x0,
    0xe, 0xb0, 0x0, 0x0, 0xeb, 0x0, 0x0, 0xe,
    0xb0, 0x0, 0x0, 0xeb, 0x0, 0x0,

    /* U+0067 "g" */
    0x0, 0x1a, 0xef, 0xb1, 0xea, 0x1, 0xef, 0x97,
    0xbc, 0xea, 0x8, 0xf4, 0x0, 0x9, 0xfa, 0xe,
    0xc0, 0x0, 0x2, 0xfa, 0xf, 0x80, 0x0, 0x0,
    0xfa, 0xf, 0x80, 0x0, 0x0, 0xfa, 0xe, 0xb0,
    0x0, 0x1, 0xfa, 0xa, 0xf3, 0x0, 0x9, 0xfa,
    0x1, 0xef, 0x97, 0xbc, 0xfa, 0x0, 0x2a, 0xef,
    0xb1, 0xfa, 0x0, 0x0, 0x0, 0x0, 0xf9, 0x2,
    0x91, 0x0, 0x4, 0xf7, 0x4, 0xfe, 0x76, 0x9f,
    0xe1, 0x0, 0x3b, 0xef, 0xe9, 0x10,

    /* U+0068 "h" */
    0x9f, 0x0, 0x0, 0x0, 0x9, 0xf0, 0x0, 0x0,
    0x0, 0x9f, 0x0, 0x0, 0x0, 0x9, 0xf1, 0xaf,
    0xe9, 0x10, 0x9f, 0xca, 0x7b, 0xfb, 0x9, 0xf6,
    0x0, 0xa, 0xf1, 0x9f, 0x0, 0x0, 0x6f, 0x39,
    0xf0, 0x0, 0x5, 0xf4, 0x9f, 0x0, 0x0, 0x5f,
    0x49, 0xf0, 0x0, 0x5, 0xf4, 0x9f, 0x0, 0x0,
    0x5f, 0x49, 0xf0, 0x0, 0x5, 0xf4, 0x9f, 0x0,
    0x0, 0x5f, 0x40,

    /* U+0069 "i" */
    0xae, 0x1b, 0xf2, 0x0, 0x9, 0xf0, 0x9f, 0x9,
    0xf0, 0x9f, 0x9, 0xf0, 0x9f, 0x9, 0xf0, 0x9f,
    0x9, 0xf0, 0x9f, 0x0,

    /* U+006A "j" */
    0x0, 0xae, 0x10, 0xb, 0xf2, 0x0, 0x0, 0x0,
    0xa, 0xf0, 0x0, 0xaf, 0x0, 0xa, 0xf0, 0x0,
    0xaf, 0x0, 0xa, 0xf0, 0x0, 0xaf, 0x0, 0xa,
    0xf0, 0x0, 0xaf, 0x0, 0xa, 0xf0, 0x0, 0xaf,
    0x0, 0xa, 0xf0, 0x0, 0xbe, 0x1, 0x9f, 0xa0,
    0x3f, 0xb1, 0x0,

    /* U+006B "k" */
    0x9f, 0x0, 0x0, 0x0, 0x9, 0xf0, 0x0, 0x0,
    0x0, 0x9f, 0x0, 0x0, 0x0, 0x9, 0xf0, 0x0,
    0x2e, 0xc0, 0x9f, 0x0, 0x2e, 0xd1, 0x9, 0xf0,
    0x1e, 0xd1, 0x0, 0x9f, 0x1d, 0xe1, 0x0, 0x9,
    0xfd, 0xf7, 0x0, 0x0, 0x9f, 0xcd, 0xf2, 0x0,
    0x9, 0xf0, 0x2f, 0xd0, 0x0, 0x9f, 0x0, 0x5f,
    0xb0, 0x9, 0xf0, 0x0, 0x8f, 0x70, 0x9f, 0x0,
    0x0, 0xcf, 0x40,

    /* U+006C "l" */
    0x9f, 0x9f, 0x9f, 0x9f, 0x9f, 0x9f, 0x9f, 0x9f,
    0x9f, 0x9f, 0x9f, 0x9f, 0x9f,

    /* U+006D "m" */
    0x9e, 0x1b, 0xfd, 0x40, 0x8e, 0xfb, 0x20, 0x9f,
    0xb6, 0x5c, 0xfa, 0xb5, 0x6e, 0xe0, 0x9f, 0x30,
    0x1, 0xfe, 0x0, 0x5, 0xf4, 0x9f, 0x0, 0x0,
    0xeb, 0x0, 0x3, 0xf5, 0x9f, 0x0, 0x0, 0xea,
    0x0, 0x3, 0xf6, 0x9f, 0x0, 0x0, 0xea, 0x0,
    0x3, 0xf6, 0x9f, 0x0, 0x0, 0xea, 0x0, 0x3,
    0xf6, 0x9f, 0x0, 0x0, 0xea, 0x0, 0x3, 0xf6,
    0x9f, 0x0, 0x0, 0xea, 0x0, 0x3, 0xf6, 0x9f,
    0x0, 0x0, 0xea, 0x0, 0x3, 0xf6,

    /* U+006E "n" */
    0x9e, 0x1a, 0xfe, 0x91, 0x9, 0xec, 0x85, 0x9f,
    0xb0, 0x9f, 0x50, 0x0, 0xaf, 0x19, 0xf0, 0x0,
    0x5, 0xf3, 0x9f, 0x0, 0x0, 0x5f, 0x49, 0xf0,
    0x0, 0x5, 0xf4, 0x9f, 0x0, 0x0, 0x5f, 0x49,
    0xf0, 0x0, 0x5, 0xf4, 0x9f, 0x0, 0x0, 0x5f,
    0x49, 0xf0, 0x0, 0x5, 0xf4,

    /* U+006F "o" */
    0x0, 0x19, 0xef, 0xd7, 0x0, 0x0, 0xdf, 0x97,
    0xaf, 0xa0, 0x8, 0xf4, 0x0, 0x7, 0xf5, 0xe,
    0xc0, 0x0, 0x0, 0xfa, 0xf, 0x80, 0x0, 0x0,
    0xcd, 0xf, 0x80, 0x0, 0x0, 0xcd, 0xe, 0xc0,
    0x0, 0x0, 0xfa, 0x8, 0xf4, 0x0, 0x7, 0xf5,
    0x0, 0xdf, 0x97, 0xaf, 0xa0, 0x0, 0x19, 0xef,
    0xd7, 0x0,

    /* U+0070 "p" */
    0x9e, 0x1b, 0xfe, 0xa2, 0x0, 0x9f, 0xd9, 0x57,
    0xee, 0x10, 0x9f, 0x80, 0x0, 0x2f, 0x90, 0x9f,
    0x20, 0x0, 0xb, 0xe0, 0x9f, 0x0, 0x0, 0x8,
    0xf1, 0x9f, 0x0, 0x0, 0x8, 0xf0, 0x9f, 0x30,
    0x0, 0xc, 0xe0, 0x9f, 0xa0, 0x0, 0x4f, 0x90,
    0x9f, 0xbb, 0x79, 0xfe, 0x10, 0x9f, 0xa, 0xfe,
    0xa2, 0x0, 0x9f, 0x0, 0x0, 0x0, 0x0, 0x9f,
    0x0, 0x0, 0x0, 0x0, 0x9f, 0x0, 0x0, 0x0,
    0x0, 0x9f, 0x0, 0x0, 0x0, 0x0,

    /* U+0071 "q" */
    0x0, 0x1a, 0xef, 0xa1, 0xea, 0x1, 0xef, 0x97,
    0xbc, 0xea, 0x9, 0xf3, 0x0, 0x9, 0xfa, 0xe,
    0xb0, 0x0, 0x2, 0xfa, 0xf, 0x80, 0x0, 0x0,
    0xfa, 0xf, 0x80, 0x0, 0x0, 0xfa, 0xe, 0xc0,
    0x0, 0x2, 0xfa, 0x9, 0xf4, 0x0, 0xa, 0xfa,
    0x1, 0xef, 0x97, 0xbc, 0xfa, 0x0, 0x1a, 0xef,
    0xa1, 0xfa, 0x0, 0x0, 0x0, 0x0, 0xfa, 0x0,
    0x0, 0x0, 0x0, 0xfa, 0x0, 0x0, 0x0, 0x0,
    0xfa, 0x0, 0x0, 0x0, 0x0, 0xfa,

    /* U+0072 "r" */
    0x9e, 0x3c, 0xf5, 0x9f, 0xe9, 0x62, 0x9f, 0x60,
    0x0, 0x9f, 0x0, 0x0, 0x9f, 0x0, 0x0, 0x9f,
    0x0, 0x0, 0x9f, 0x0, 0x0, 0x9f, 0x0, 0x0,
    0x9f, 0x0, 0x0, 0x9f, 0x0, 0x0,

    /* U+0073 "s" */
    0x0, 0x5c, 0xff, 0xb2, 0x0, 0x5f, 0xc6, 0x7e,
    0xe0, 0xb, 0xe0, 0x0, 0x29, 0x20, 0x9f, 0x40,
    0x0, 0x0, 0x2, 0xdf, 0xda, 0x50, 0x0, 0x0,
    0x49, 0xdf, 0xd1, 0x0, 0x0, 0x0, 0x5f, 0x70,
    0xa9, 0x0, 0x2, 0xf8, 0x9, 0xfa, 0x78, 0xef,
    0x20, 0x7, 0xdf, 0xeb, 0x20,

    /* U+0074 "t" */
    0x2, 0x81, 0x0, 0x5, 0xf3, 0x0, 0x5, 0xf3,
    0x0, 0xdf, 0xff, 0xf4, 0x49, 0xf8, 0x51, 0x5,
    0xf3, 0x0, 0x5, 0xf3, 0x0, 0x5, 0xf3, 0x0,
    0x5, 0xf3, 0x0, 0x5, 0xf3, 0x0, 0x5, 0xf4,
    0x0, 0x2, 0xfc, 0x72, 0x0, 0x5d, 0xf6,

    /* U+0075 "u" */
    0x9f, 0x0, 0x0, 0x5f, 0x49, 0xf0, 0x0, 0x5,
    0xf4, 0x9f, 0x0, 0x0, 0x5f, 0x49, 0xf0, 0x0,
    0x5, 0xf4, 0x9f, 0x0, 0x0, 0x5f, 0x49, 0xf0,
    0x0, 0x5, 0xf4, 0x9f, 0x0, 0x0, 0x6f, 0x47,
    0xf5, 0x0, 0xc, 0xf4, 0x1f, 0xf9, 0x7c, 0xbf,
    0x40, 0x3c, 0xfe, 0x74, 0xf4,

    /* U+0076 "v" */
    0x5f, 0x60, 0x0, 0x4, 0xf7, 0xe, 0xb0, 0x0,
    0xa, 0xf1, 0x9, 0xf1, 0x0, 0xf, 0xb0, 0x3,
    0xf6, 0x0, 0x5f, 0x50, 0x0, 0xdc, 0x0, 0xae,
    0x0, 0x0, 0x7f, 0x20, 0xf9, 0x0, 0x0, 0x1f,
    0x75, 0xf3, 0x0, 0x0, 0xb, 0xca, 0xd0, 0x0,
    0x0, 0x5, 0xfe, 0x70, 0x0, 0x0, 0x0, 0xef,
    0x10, 0x0,

    /* U+0077 "w" */
    0x3f, 0x60, 0x0, 0x9f, 0x50, 0x0, 0xbf, 0x0,
    0xeb, 0x0, 0xd, 0xfa, 0x0, 0xf, 0xa0, 0xa,
    0xf0, 0x2, 0xfb, 0xe0, 0x4, 0xf5, 0x0, 0x5f,
    0x30, 0x6f, 0x4f, 0x20, 0x8f, 0x10, 0x1, 0xf8,
    0xa, 0xb0, 0xf6, 0xc, 0xc0, 0x0, 0xc, 0xc0,
    0xe6, 0xb, 0xa0, 0xf7, 0x0, 0x0, 0x7f, 0x3f,
    0x20, 0x6e, 0x4f, 0x20, 0x0, 0x2, 0xfa, 0xd0,
    0x2, 0xfa, 0xe0, 0x0, 0x0, 0xd, 0xf9, 0x0,
    0xd, 0xf9, 0x0, 0x0, 0x0, 0x8f, 0x40, 0x0,
    0x9f, 0x40, 0x0,

    /* U+0078 "x" */
    0xd, 0xe0, 0x0, 0x1f, 0xc0, 0x3, 0xf9, 0x0,
    0xbf, 0x20, 0x0, 0x8f, 0x24, 0xf6, 0x0, 0x0,
    0xd, 0xbd, 0xc0, 0x0, 0x0, 0x3, 0xff, 0x20,
    0x0, 0x0, 0x6, 0xff, 0x30, 0x0, 0x0, 0x1f,
    0x9c, 0xd0, 0x0, 0x0, 0xbe, 0x12, 0xf8, 0x0,
    0x6, 0xf5, 0x0, 0x8f, 0x30, 0x2f, 0xb0, 0x0,
    0xd, 0xd0,

    /* U+0079 "y" */
    0x5f, 0x60, 0x0, 0x4, 0xf7, 0xf, 0xb0, 0x0,
    0x9, 0xf1, 0x9, 0xf1, 0x0, 0xe, 0xb0, 0x3,
    0xf6, 0x0, 0x4f, 0x50, 0x0, 0xdc, 0x0, 0xaf,
    0x0, 0x0, 0x8f, 0x10, 0xf9, 0x0, 0x0, 0x2f,
    0x75, 0xf3, 0x0, 0x0, 0xc, 0xba, 0xd0, 0x0,
    0x0, 0x6, 0xfe, 0x70, 0x0, 0x0, 0x0, 0xff,
    0x20, 0x0, 0x0, 0x0, 0xeb, 0x0, 0x0, 0x0,
    0x4, 0xf5, 0x0, 0x0, 0x4, 0x8e, 0xe0, 0x0,
    0x0, 0x9, 0xfb, 0x20, 0x0, 0x0,

    /* U+007A "z" */
    0xbf, 0xff, 0xff, 0xfa, 0x68, 0x88, 0x8c, 0xf7,
    0x0, 0x0, 0x2f, 0xb0, 0x0, 0x0, 0xde, 0x10,
    0x0, 0x9, 0xf4, 0x0, 0x0, 0x6f, 0x80, 0x0,
    0x2, 0xfc, 0x0, 0x0, 0xd, 0xe1, 0x0, 0x0,
    0xaf, 0xc8, 0x88, 0x86, 0xef, 0xff, 0xff, 0xfd,

    /* U+007B "{" */
    0x0, 0x8, 0xe9, 0x0, 0x6f, 0x93, 0x0, 0xbc,
    0x0, 0x0, 0xca, 0x0, 0x0, 0xda, 0x0, 0x0,
    0xda, 0x0, 0x1, 0xf8, 0x0, 0x7d, 0xd2, 0x0,
    0xbf, 0x80, 0x0, 0x4, 0xf7, 0x0, 0x0, 0xda,
    0x0, 0x0, 0xda, 0x0, 0x0, 0xca, 0x0, 0x0,
    0xbb, 0x0, 0x0, 0x8f, 0x40, 0x0, 0x1c, 0xf9,
    0x0, 0x0, 0x22,

    /* U+007C "|" */
    0x55, 0xbb, 0xbb, 0xbb, 0xbb, 0xbb, 0xbb, 0xbb,
    0xbb, 0xbb, 0xbb, 0xbb, 0xbb, 0xbb, 0xbb, 0xbb,
    0xbb, 0xbb, 0xbb, 0xbb, 0xbb, 0xbb,

    /* U+007D "}" */
    0xed, 0x50, 0x0, 0x6c, 0xf1, 0x0, 0x2, 0xf5,
    0x0, 0x0, 0xf7, 0x0, 0x0, 0xf7, 0x0, 0x0,
    0xf8, 0x0, 0x0, 0xeb, 0x0, 0x0, 0x6f, 0xc4,
    0x0, 0x2a, 0xf6, 0x0, 0xcd, 0x20, 0x0, 0xf8,
    0x0, 0x0, 0xf7, 0x0, 0x0, 0xf7, 0x0, 0x0,
    0xf6, 0x0, 0x19, 0xf3, 0x0, 0xef, 0x90, 0x0,
    0x31, 0x0, 0x0,

    /* U+007E "~" */
    0x0, 0x1, 0x0, 0x0, 0x0, 0x9, 0xff, 0xa0,
    0x0, 0xc4, 0x4f, 0x97, 0xfd, 0x37, 0xf4, 0x7e,
    0x0, 0x2d, 0xff, 0xb0, 0x0, 0x0, 0x0, 0x43,
    0x0,

    /* U+00A0 " " */

    /* U+00A1 "¡" */
    0x5f, 0x77, 0xfa, 0x5, 0x10, 0x0, 0x2e, 0x53,
    0xf6, 0x3f, 0x63, 0xf6, 0x3f, 0x64, 0xf7, 0x4f,
    0x74, 0xf7, 0x4f, 0x70,

    /* U+00A2 "¢" */
    0x0, 0x0, 0x3d, 0x0, 0x0, 0x0, 0x2, 0x8e,
    0x60, 0x0, 0x0, 0x6f, 0xff, 0xfe, 0x40, 0x4,
    0xfa, 0x5d, 0x1c, 0xf1, 0xb, 0xe0, 0x3d, 0x2,
    0x61, 0xf, 0xa0, 0x3d, 0x0, 0x0, 0xf, 0x80,
    0x3d, 0x0, 0x0, 0xf, 0xa0, 0x3d, 0x0, 0x0,
    0xb, 0xe0, 0x3d, 0x2, 0x71, 0x4, 0xfa, 0x4d,
    0x1c, 0xf1, 0x0, 0x7f, 0xff, 0xff, 0x40, 0x0,
    0x2, 0x9e, 0x61, 0x0, 0x0, 0x0, 0x3d, 0x0,
    0x0,

    /* U+00A3 "£" */
    0x0, 0x2, 0xae, 0xfc, 0x40, 0x0, 0x1, 0xef,
    0x98, 0xdf, 0x40, 0x0, 0x8f, 0x20, 0x0, 0xdc,
    0x0, 0xb, 0xd0, 0x0, 0x3, 0x40, 0x0, 0xcc,
    0x0, 0x0, 0x0, 0x0, 0x1c, 0xd1, 0x11, 0x10,
    0x0, 0xf, 0xff, 0xff, 0xff, 0x10, 0x0, 0x4b,
    0xe4, 0x44, 0x40, 0x0, 0x0, 0xae, 0x0, 0x0,
    0x0, 0x0, 0x9, 0xf0, 0x0, 0x0, 0x0, 0x0,
    0xbc, 0x0, 0x0, 0x5b, 0x0, 0x9f, 0x97, 0x77,
    0x7d, 0xe0, 0xf, 0xff, 0xff, 0xff, 0xe4, 0x0,

    /* U+00A4 "¤" */
    0x1, 0x0, 0x1, 0x0, 0x0, 0x9, 0xc3, 0xaf,
    0xff, 0xa3, 0xca, 0x4f, 0xfe, 0x75, 0x7e, 0xff,
    0x50, 0xec, 0x10, 0x0, 0x1d, 0xe0, 0x6f, 0x20,
    0x0, 0x0, 0x3f, 0x6a, 0xc0, 0x0, 0x0, 0x0,
    0xda, 0xbb, 0x0, 0x0, 0x0, 0xc, 0xba, 0xd0,
    0x0, 0x0, 0x0, 0xe9, 0x5f, 0x30, 0x0, 0x0,
    0x4f, 0x50, 0xfd, 0x20, 0x0, 0x2e, 0xf0, 0x9f,
    0xff, 0x97, 0x9f, 0xff, 0x95, 0x81, 0x9e, 0xfe,
    0x81, 0x86,

    /* U+00A5 "¥" */
    0x7f, 0x50, 0x0, 0x7, 0xf6, 0xe, 0xd0, 0x0,
    0xe, 0xd0, 0x6, 0xf5, 0x0, 0x7f, 0x40, 0x0,
    0xdd, 0x0, 0xec, 0x0, 0x0, 0x5f, 0x57, 0xf3,
    0x0, 0x0, 0xc, 0xde, 0xa0, 0x0, 0xc, 0xff,
    0xff, 0xff, 0xa0, 0x2, 0x33, 0xed, 0x33, 0x10,
    0x0, 0x0, 0xec, 0x0, 0x0, 0xc, 0xff, 0xff,
    0xff, 0xa0, 0x2, 0x33, 0xed, 0x33, 0x10, 0x0,
    0x0, 0xec, 0x0, 0x0, 0x0, 0x0, 0xec, 0x0,
    0x0,

    /* U+00A6 "¦" */
    0x5f, 0x25, 0xf2, 0x5f, 0x25, 0xf2, 0x5f, 0x25,
    0xf2, 0x0, 0x0, 0x0, 0x0, 0x0, 0x0, 0x5f,
    0x25, 0xf2, 0x5f, 0x25, 0xf2, 0x5f, 0x25, 0xf2,

    /* U+00A7 "§" */
    0x1, 0x9e, 0xfb, 0x20, 0x0, 0xbf, 0x76, 0xde,
    0x0, 0xf, 0x80, 0x1, 0xf5, 0x0, 0xea, 0x0,
    0x0, 0x0, 0x5, 0xf9, 0x10, 0x0, 0x2, 0xb5,
    0x9e, 0x60, 0x0, 0xb8, 0x0, 0x3c, 0xb0, 0xd,
    0xb0, 0x0, 0xa, 0xa0, 0x9f, 0xa1, 0x0, 0x4f,
    0x11, 0xcf, 0xe6, 0x1a, 0xf1, 0x0, 0x8f, 0xff,
    0xf7, 0x0, 0x0, 0x2b, 0xf7, 0x0, 0x0, 0x0,
    0x9, 0xf1, 0x4, 0xb0, 0x0, 0x4f, 0x40, 0x2f,
    0xa2, 0x2a, 0xf2, 0x0, 0x6f, 0xff, 0xf5, 0x0,
    0x0, 0x3, 0x30, 0x0, 0x0,

    /* U+00A8 "¨" */
    0x0, 0x0, 0x0, 0x6, 0xf5, 0xb, 0xf1, 0x5f,
    0x40, 0x9e, 0x10,

    /* U+00A9 "©" */
    0x0, 0x0, 0x4, 0x77, 0x61, 0x0, 0x0, 0x0,
    0x5, 0xef, 0xff, 0xff, 0xa1, 0x0, 0x0, 0x8f,
    0xc5, 0x10, 0x28, 0xfd, 0x10, 0x5, 0xf9, 0x0,
    0x1, 0x0, 0x3f, 0xc0, 0xe, 0xc0, 0x1a, 0xff,
    0xe6, 0x5, 0xf6, 0x4f, 0x50, 0xdf, 0x75, 0xbf,
    0x60, 0xdb, 0x7f, 0x15, 0xf4, 0x0, 0x8, 0x80,
    0x9e, 0x7f, 0x7, 0xf0, 0x0, 0x0, 0x0, 0x9f,
    0x6f, 0x24, 0xf6, 0x0, 0xc, 0x80, 0xbd, 0x1f,
    0x80, 0xcf, 0xa8, 0xdf, 0x31, 0xf9, 0xa, 0xf3,
    0x8, 0xef, 0xc3, 0xb, 0xf2, 0x1, 0xee, 0x50,
    0x0, 0x1, 0xbf, 0x60, 0x0, 0x2d, 0xfd, 0x98,
    0xbf, 0xf6, 0x0, 0x0, 0x0, 0x6c, 0xef, 0xd9,
    0x20, 0x0,

    /* U+00AA "ª" */
    0x2, 0xae, 0xfb, 0x20, 0xd, 0xc4, 0x4c, 0xe0,
    0x0, 0x0, 0x19, 0xf1, 0x5, 0xcf, 0xed, 0xf1,
    0x4f, 0x71, 0x6, 0xf1, 0x5f, 0x50, 0x3d, 0xf1,
    0xa, 0xff, 0xe8, 0xf1, 0x0, 0x2, 0x0, 0x0,

    /* U+00AB "«" */
    0x0, 0x1, 0xec, 0x7, 0xf5, 0x0, 0xd, 0xe1,
    0x4f, 0x80, 0x0, 0xbf, 0x22, 0xfb, 0x0, 0x8,
    0xf5, 0x1e, 0xd0, 0x0, 0xc, 0xe1, 0x4f, 0x90,
    0x0, 0x1, 0xec, 0x6, 0xf6, 0x0, 0x0, 0x3f,
    0xa0, 0x9f, 0x40, 0x0, 0x5, 0xf8, 0xb, 0xe2,
    0x0, 0x0, 0x45, 0x0, 0x53,

    /* U+00AC "¬" */
    0x1, 0x11, 0x11, 0x11, 0x0, 0xff, 0xff, 0xff,
    0xf5, 0x4, 0x44, 0x44, 0x6f, 0x50, 0x0, 0x0,
    0x2, 0xf5, 0x0, 0x0, 0x0, 0x2c, 0x30,

    /* U+00AE "®" */
    0x0, 0x0, 0x0, 0x0, 0x0, 0x0, 0x0, 0x5,
    0xcf, 0xfc, 0x50, 0x0, 0x0, 0x9f, 0x84, 0x48,
    0xf9, 0x0, 0x6, 0xf3, 0x0, 0x0, 0x3f, 0x50,
    0xd, 0x70, 0xbc, 0xc7, 0x8, 0xd0, 0x1f, 0x30,
    0xd4, 0x3f, 0x3, 0xf0, 0x1f, 0x20, 0xdd, 0xe8,
    0x2, 0xf1, 0xe, 0x60, 0xd4, 0x6b, 0x6, 0xe0,
    0x8, 0xe1, 0x51, 0x7, 0x2e, 0x70, 0x0, 0xce,
    0x51, 0x15, 0xeb, 0x0, 0x0, 0x8, 0xff, 0xff,
    0x80, 0x0, 0x0, 0x0, 0x2, 0x20, 0x0, 0x0,

    /* U+00AF "¯" */
    0x0, 0x0, 0x0, 0x2f, 0xff, 0xfb, 0x3, 0x33,
    0x32,

    /* U+00B0 "°" */
    0x0, 0x0, 0x0, 0x0, 0x7f, 0xfa, 0x0, 0x6f,
    0x76, 0xe9, 0xc, 0x90, 0x6, 0xf0, 0xc9, 0x0,
    0x5f, 0x8, 0xe4, 0x3d, 0xb0, 0xb, 0xff, 0xd2,
    0x0, 0x2, 0x30, 0x0,

    /* U+00B1 "±" */
    0x0, 0x0, 0xcb, 0x0, 0x0, 0x0, 0x0, 0xcb,
    0x0, 0x0, 0x2, 0x22, 0xcb, 0x22, 0x20, 0x3f,
    0xff, 0xff, 0xff, 0xf1, 0x5, 0x55, 0xdc, 0x55,
    0x50, 0x0, 0x0, 0xcb, 0x0, 0x0, 0x0, 0x0,
    0x87, 0x0, 0x0, 0x2, 0x22, 0x22, 0x22, 0x20,
    0x3f, 0xff, 0xff, 0xff, 0xf1, 0x5, 0x55, 0x55,
    0x55, 0x50,

    /* U+00B2 "²" */
    0x2, 0xbf, 0xea, 0x10, 0xdc, 0x35, 0xea, 0x2,
    0x10, 0xd, 0xa0, 0x0, 0x1b, 0xe2, 0x0, 0x3d,
    0xc2, 0x0, 0x6f, 0xc4, 0x44, 0xf, 0xff, 0xff,
    0xf0,

    /* U+00B3 "³" */
    0x1, 0xaf, 0xfb, 0x20, 0xc, 0xd5, 0x5d, 0xc0,
    0x1, 0x0, 0xc, 0xb0, 0x0, 0xc, 0xfd, 0x20,
    0x0, 0x1, 0x3b, 0xe1, 0xd, 0xb5, 0x4c, 0xf1,
    0x3, 0xbe, 0xec, 0x40,

    /* U+00B4 "´" */
    0x3, 0x82, 0xc, 0xc0, 0x4f, 0x20,

    /* U+00B5 "µ" */
    0x9f, 0x0, 0x0, 0x5f, 0x40, 0x9f, 0x0, 0x0,
    0x5f, 0x40, 0x9f, 0x0, 0x0, 0x5f, 0x40, 0x9f,
    0x0, 0x0, 0x5f, 0x40, 0x9f, 0x0, 0x0, 0x5f,
    0x40, 0x9f, 0x0, 0x0, 0x5f, 0x40, 0x9f, 0x0,
    0x0, 0x5f, 0x40, 0x9f, 0x40, 0x0, 0xaf, 0x40,
    0x9f, 0xe6, 0x49, 0xdf, 0x91, 0x9f, 0x4d, 0xfb,
    0x17, 0xe7, 0x9f, 0x0, 0x0, 0x0, 0x0, 0x9f,
    0x0, 0x0, 0x0, 0x0, 0x9f, 0x0, 0x0, 0x0,
    0x0, 0x9f, 0x0, 0x0, 0x0, 0x0,

    /* U+00B6 "¶" */
    0x0, 0x2a, 0xef, 0xff, 0xf4, 0x3, 0xff, 0xff,
    0x7a, 0xf4, 0xb, 0xff, 0xff, 0x6, 0xf4, 0xf,
    0xff, 0xff, 0x6, 0xf4, 0xf, 0xff, 0xff, 0x6,
    0xf4, 0xc, 0xff, 0xff, 0x6, 0xf4, 0x4, 0xff,
    0xff, 0x6, 0xf4, 0x0, 0x5d, 0xff, 0x6, 0xf4,
    0x0, 0x0, 0x12, 0x6, 0xf4, 0x0, 0x0, 0x0,
    0x6, 0xf4, 0x0, 0x0, 0x0, 0x6, 0xf4, 0x0,
    0x0, 0x0, 0x6, 0xf4, 0x0, 0x0, 0x0, 0x6,
    0xf4,

    /* U+00B7 "·" */
    0x5, 0x17, 0xfa, 0x5f, 0x70,

    /* U+00B8 "¸" */
    0x0, 0x0, 0x2c, 0x0, 0x4f, 0xb1, 0x0, 0xd6,
    0x9e, 0xc1,

    /* U+00B9 "¹" */
    0x4, 0xdf, 0x61, 0xe8, 0xf6, 0x1, 0x2f, 0x60,
    0x2, 0xf6, 0x0, 0x2f, 0x60, 0x2, 0xf6, 0x0,
    0x2f, 0x60,

    /* U+00BA "º" */
    0x0, 0x0, 0x0, 0x0, 0x0, 0x9e, 0xfd, 0x60,
    0xb, 0xf6, 0x49, 0xf5, 0x2f, 0x70, 0x0, 0xcd,
    0x4f, 0x40, 0x0, 0x9f, 0x3f, 0x60, 0x0, 0xbe,
    0xc, 0xe3, 0x6, 0xf7, 0x2, 0xcf, 0xff, 0x90,
    0x0, 0x1, 0x31, 0x0,

    /* U+00BB "»" */
    0xd, 0xd1, 0x5f, 0x70, 0x0, 0x2, 0xec, 0x7,
    0xf5, 0x0, 0x0, 0x3f, 0x90, 0xaf, 0x30, 0x0,
    0x6, 0xf7, 0xc, 0xe2, 0x0, 0x2, 0xfb, 0x9,
    0xf4, 0x0, 0x1d, 0xd1, 0x5f, 0x70, 0x0, 0xbe,
    0x23, 0xfa, 0x0, 0x9, 0xf3, 0x1e, 0xc0, 0x0,
    0x5, 0x30, 0x35, 0x10, 0x0,

    /* U+00BC "¼" */
    0x8, 0xfd, 0x0, 0x0, 0x0, 0xac, 0x0, 0x5d,
    0xbd, 0x0, 0x0, 0x5, 0xf2, 0x0, 0x20, 0x9d,
    0x0, 0x0, 0x1f, 0x60, 0x0, 0x0, 0x9d, 0x0,
    0x0, 0xbb, 0x0, 0x0, 0x0, 0x9d, 0x0, 0x6,
    0xf1, 0x0, 0x0, 0x0, 0x9d, 0x0, 0x2f, 0x60,
    0x0, 0x0, 0x0, 0x9d, 0x0, 0xcb, 0x0, 0x3f,
    0xd0, 0x0, 0x12, 0x7, 0xe1, 0x0, 0xcf, 0xd0,
    0x0, 0x0, 0x2f, 0x50, 0x5, 0xe8, 0xd0, 0x0,
    0x0, 0xda, 0x0, 0xe, 0x68, 0xd0, 0x0, 0x8,
    0xe1, 0x0, 0x7d, 0x8, 0xd0, 0x0, 0x3f, 0x40,
    0x0, 0xcf, 0xff, 0xfa, 0x0, 0xd9, 0x0, 0x0,
    0x22, 0x29, 0xd1, 0x0, 0x20, 0x0, 0x0, 0x0,
    0x1, 0x20,

    /* U+00BD "½" */
    0x7, 0xfc, 0x0, 0x0, 0x0, 0xac, 0x0, 0x5,
    0xdb, 0xd0, 0x0, 0x0, 0x5f, 0x20, 0x0, 0x20,
    0x9d, 0x0, 0x0, 0x1e, 0x70, 0x0, 0x0, 0x9,
    0xd0, 0x0, 0xb, 0xc0, 0x0, 0x0, 0x0, 0x9d,
    0x0, 0x6, 0xf2, 0x0, 0x0, 0x0, 0x9, 0xd0,
    0x2, 0xf6, 0x0, 0x0, 0x0, 0x0, 0x9d, 0x0,
    0xcb, 0x0, 0xaf, 0xe7, 0x0, 0x1, 0x20, 0x7e,
    0x10, 0x6f, 0x57, 0xf2, 0x0, 0x0, 0x2f, 0x50,
    0x0, 0x0, 0x3f, 0x20, 0x0, 0xc, 0xa0, 0x0,
    0x0, 0xd, 0xa0, 0x0, 0x7, 0xe1, 0x0, 0x0,
    0xc, 0xc0, 0x0, 0x3, 0xf4, 0x0, 0x0, 0xb,
    0xe1, 0x0, 0x0, 0xd9, 0x0, 0x0, 0x6, 0xff,
    0xff, 0x60, 0x3, 0x0, 0x0, 0x0, 0x13, 0x33,
    0x31,

    /* U+00BE "¾" */
    0x3, 0xbf, 0xd3, 0x0, 0x0, 0x3, 0xf3, 0x0,
    0xb, 0x93, 0xcc, 0x0, 0x0, 0xd, 0x80, 0x0,
    0x0, 0x0, 0xab, 0x0, 0x0, 0x9d, 0x0, 0x0,
    0x0, 0x5f, 0xf3, 0x0, 0x4, 0xf3, 0x0, 0x0,
    0x0, 0x2, 0xae, 0x0, 0x1e, 0x80, 0x0, 0x0,
    0x7, 0x40, 0x8f, 0x10, 0xac, 0x0, 0x0, 0x0,
    0x8, 0xff, 0xf7, 0x5, 0xf2, 0x0, 0xcf, 0x30,
    0x0, 0x2, 0x0, 0x1e, 0x70, 0x5, 0xef, 0x30,
    0x0, 0x0, 0x0, 0xbc, 0x0, 0xe, 0x7f, 0x30,
    0x0, 0x0, 0x6, 0xf2, 0x0, 0x7d, 0x1f, 0x30,
    0x0, 0x0, 0x2f, 0x60, 0x1, 0xf4, 0x1f, 0x30,
    0x0, 0x0, 0xcb, 0x0, 0x5, 0xff, 0xff, 0xf1,
    0x0, 0x7, 0xe1, 0x0, 0x0, 0x22, 0x4f, 0x50,
    0x0, 0x2, 0x10, 0x0, 0x0, 0x0, 0x2, 0x0,

    /* U+00BF "¿" */
    0x0, 0x0, 0xcd, 0x0, 0x0, 0x0, 0x1f, 0xf1,
    0x0, 0x0, 0x0, 0x33, 0x0, 0x0, 0x0, 0x0,
    0x0, 0x0, 0x0, 0x0, 0x9a, 0x0, 0x0, 0x0,
    0xe, 0xc0, 0x0, 0x0, 0x9, 0xf7, 0x0, 0x0,
    0x1c, 0xfb, 0x0, 0x0, 0xa, 0xf8, 0x0, 0x0,
    0x0, 0xfb, 0x0, 0x0, 0x0, 0x1f, 0x80, 0x0,
    0x2a, 0x40, 0xec, 0x0, 0x8, 0xf4, 0x6, 0xfc,
    0x7a, 0xfb, 0x0, 0x6, 0xdf, 0xe8, 0x0,

    /* U+00C0 "À" */
    0x0, 0x0, 0xcd, 0x0, 0x0, 0x0, 0x0, 0x0,
    0x2f, 0x50, 0x0, 0x0, 0x0, 0x0, 0x5, 0x60,
    0x0, 0x0, 0x0, 0x0, 0x0, 0x0, 0x0, 0x0,
    0x0, 0x0, 0xe, 0xf5, 0x0, 0x0, 0x0, 0x0,
    0x5f, 0xdb, 0x0, 0x0, 0x0, 0x0, 0xbd, 0x7f,
    0x10, 0x0, 0x0, 0x1, 0xf8, 0x2f, 0x70, 0x0,
    0x0, 0x6, 0xf2, 0xd, 0xc0, 0x0, 0x0, 0xc,
    0xd0, 0x7, 0xf2, 0x0, 0x0, 0x2f, 0x70, 0x1,
    0xf8, 0x0, 0x0, 0x8f, 0x42, 0x22, 0xce, 0x0,
    0x0, 0xef, 0xff, 0xff, 0xff, 0x40, 0x4, 0xf9,
    0x55, 0x55, 0x5f, 0xa0, 0xa, 0xf1, 0x0, 0x0,
    0xb, 0xf1, 0xf, 0xc0, 0x0, 0x0, 0x5, 0xf6,
    0x5f, 0x60, 0x0, 0x0, 0x0, 0xfc,

    /* U+00C1 "Á" */
    0x0, 0x0, 0x0, 0x8f, 0x30, 0x0, 0x0, 0x0,
    0x0, 0xf7, 0x0, 0x0, 0x0, 0x0, 0x2, 0x70,
    0x0, 0x0, 0x0, 0x0, 0x0, 0x0, 0x0, 0x0,
    0x0, 0x0, 0xe, 0xf5, 0x0, 0x0, 0x0, 0x0,
    0x5f, 0xdb, 0x0, 0x0, 0x0, 0x0, 0xbd, 0x7f,
    0x10, 0x0, 0x0, 0x1, 0xf8, 0x2f, 0x70, 0x0,
    0x0, 0x6, 0xf2, 0xd, 0xc0, 0x0, 0x0, 0xc,
    0xd0, 0x7, 0xf2, 0x0, 0x0, 0x2f, 0x70, 0x1,
    0xf8, 0x0, 0x0, 0x8f, 0x42, 0x22, 0xce, 0x0,
    0x0, 0xef, 0xff, 0xff, 0xff, 0x40, 0x4, 0xf9,
    0x55, 0x55, 0x5f, 0xa0, 0xa, 0xf1, 0x0, 0x0,
    0xb, 0xf1, 0xf, 0xc0, 0x0, 0x0, 0x5, 0xf6,
    0x5f, 0x60, 0x0, 0x0, 0x0, 0xfc,

    /* U+00C2 "Â" */
    0x0, 0x0, 0x1e, 0xf5, 0x0, 0x0, 0x0, 0x0,
    0xcb, 0x5f, 0x30, 0x0, 0x0, 0x3, 0x71, 0x5,
    0x60, 0x0, 0x0, 0x0, 0x0, 0x0, 0x0, 0x0,
    0x0, 0x0, 0xe, 0xf5, 0x0, 0x0, 0x0, 0x0,
    0x5f, 0xdb, 0x0, 0x0, 0x0, 0x0, 0xbd, 0x7f,
    0x10, 0x0, 0x0, 0x1, 0xf8, 0x2f, 0x70, 0x0,
    0x0, 0x6, 0xf2, 0xd, 0xc0, 0x0, 0x0, 0xc,
    0xd0, 0x7, 0xf2, 0x0, 0x0, 0x2f, 0x70, 0x1,
    0xf8, 0x0, 0x0, 0x8f, 0x42, 0x22, 0xce, 0x0,
    0x0, 0xef, 0xff, 0xff, 0xff, 0x40, 0x4, 0xf9,
    0x55, 0x55, 0x5f, 0xa0, 0xa, 0xf1, 0x0, 0x0,
    0xb, 0xf1, 0xf, 0xc0, 0x0, 0x0, 0x5, 0xf6,
    0x5f, 0x60, 0x0, 0x0, 0x0, 0xfc,

    /* U+00C3 "Ã" */
    0x0, 0x0, 0xbd, 0x46, 0xa0, 0x0, 0x0, 0x4,
    0xe4, 0xdf, 0x50, 0x0, 0x0, 0x0, 0x10, 0x1,
    0x0, 0x0, 0x0, 0x0, 0x0, 0x0, 0x0, 0x0,
    0x0, 0x0, 0xe, 0xf5, 0x0, 0x0, 0x0, 0x0,
    0x5f, 0xdb, 0x0, 0x0, 0x0, 0x0, 0xbd, 0x7f,
    0x10, 0x0, 0x0, 0x1, 0xf8, 0x2f, 0x70, 0x0,
    0x0, 0x6, 0xf2, 0xd, 0xc0, 0x0, 0x0, 0xc,
    0xd0, 0x7, 0xf2, 0x0, 0x0, 0x2f, 0x70, 0x1,
    0xf8, 0x0, 0x0, 0x8f, 0x42, 0x22, 0xce, 0x0,
    0x0, 0xef, 0xff, 0xff, 0xff, 0x40, 0x4, 0xf9,
    0x55, 0x55, 0x5f, 0xa0, 0xa, 0xf1, 0x0, 0x0,
    0xb, 0xf1, 0xf, 0xc0, 0x0, 0x0, 0x5, 0xf6,
    0x5f, 0x60, 0x0, 0x0, 0x0, 0xfc,

    /* U+00C4 "Ä" */
    0x0, 0x7, 0xe3, 0xb, 0xd0, 0x0, 0x0, 0x8,
    0xf3, 0xc, 0xe0, 0x0, 0x0, 0x0, 0x0, 0x0,
    0x0, 0x0, 0x0, 0x0, 0x0, 0x0, 0x0, 0x0,
    0x0, 0x0, 0xe, 0xf5, 0x0, 0x0, 0x0, 0x0,
    0x5f, 0xdb, 0x0, 0x0, 0x0, 0x0, 0xbd, 0x7f,
    0x10, 0x0, 0x0, 0x1, 0xf8, 0x2f, 0x70, 0x0,
    0x0, 0x6, 0xf2, 0xd, 0xc0, 0x0, 0x0, 0xc,
    0xd0, 0x7, 0xf2, 0x0, 0x0, 0x2f, 0x70, 0x1,
    0xf8, 0x0, 0x0, 0x8f, 0x42, 0x22, 0xce, 0x0,
    0x0, 0xef, 0xff, 0xff, 0xff, 0x40, 0x4, 0xf9,
    0x55, 0x55, 0x5f, 0xa0, 0xa, 0xf1, 0x0, 0x0,
    0xb, 0xf1, 0xf, 0xc0, 0x0, 0x0, 0x5, 0xf6,
    0x5f, 0x60, 0x0, 0x0, 0x0, 0xfc,

    /* U+00C5 "Å" */
    0x0, 0x0, 0x3d, 0xe8, 0x0, 0x0, 0x0, 0x0,
    0xf7, 0x3e, 0x60, 0x0, 0x0, 0x0, 0xf4, 0xd,
    0x60, 0x0, 0x0, 0x0, 0x6f, 0xfb, 0x0, 0x0,
    0x0, 0x0, 0x0, 0x10, 0x0, 0x0, 0x0, 0x0,
    0xe, 0xf5, 0x0, 0x0, 0x0, 0x0, 0x5f, 0xdb,
    0x0, 0x0, 0x0, 0x0, 0xbd, 0x7f, 0x10, 0x0,
    0x0, 0x1, 0xf8, 0x2f, 0x70, 0x0, 0x0, 0x6,
    0xf2, 0xd, 0xc0, 0x0, 0x0, 0xc, 0xd0, 0x7,
    0xf2, 0x0, 0x0, 0x2f, 0x70, 0x1, 0xf8, 0x0,
    0x0, 0x8f, 0x42, 0x22, 0xce, 0x0, 0x0, 0xef,
    0xff, 0xff, 0xff, 0x40, 0x4, 0xf9, 0x55, 0x55,
    0x5f, 0xa0, 0xa, 0xf1, 0x0, 0x0, 0xb, 0xf1,
    0xf, 0xc0, 0x0, 0x0, 0x5, 0xf6, 0x5f, 0x60,
    0x0, 0x0, 0x0, 0xfc,

    /* U+00C6 "Æ" */
    0x0, 0x0, 0x0, 0x7f, 0xff, 0xff, 0xff, 0xff,
    0x90, 0x0, 0x0, 0xe, 0xb5, 0xfa, 0x77, 0x77,
    0x74, 0x0, 0x0, 0x7, 0xf3, 0x4f, 0x50, 0x0,
    0x0, 0x0, 0x0, 0x0, 0xec, 0x4, 0xf5, 0x0,
    0x0, 0x0, 0x0, 0x0, 0x6f, 0x40, 0x4f, 0x50,
    0x0, 0x0, 0x0, 0x0, 0xe, 0xc0, 0x4, 0xf6,
    0x22, 0x22, 0x20, 0x0, 0x6, 0xf5, 0x0, 0x4f,
    0xff, 0xff, 0xff, 0x30, 0x0, 0xde, 0x11, 0x15,
    0xf8, 0x55, 0x55, 0x51, 0x0, 0x5f, 0xff, 0xff,
    0xff, 0x50, 0x0, 0x0, 0x0, 0xd, 0xe4, 0x44,
    0x47, 0xf5, 0x0, 0x0, 0x0, 0x5, 0xf7, 0x0,
    0x0, 0x4f, 0x50, 0x0, 0x0, 0x0, 0xde, 0x0,
    0x0, 0x4, 0xfa, 0x77, 0x77, 0x75, 0x4f, 0x80,
    0x0, 0x0, 0x4f, 0xff, 0xff, 0xff, 0xb0,

    /* U+00C7 "Ç" */
    0x0, 0x7, 0xdf, 0xfc, 0x60, 0x0, 0x1, 0xdf,
    0xc9, 0xae, 0xfa, 0x0, 0xc, 0xf5, 0x0, 0x0,
    0x8f, 0x80, 0x5f, 0x70, 0x0, 0x0, 0xc, 0xf0,
    0xaf, 0x0, 0x0, 0x0, 0x1, 0x30, 0xdc, 0x0,
    0x0, 0x0, 0x0, 0x0, 0xeb, 0x0, 0x0, 0x0,
    0x0, 0x0, 0xdc, 0x0, 0x0, 0x0, 0x0, 0x0,
    0xbf, 0x0, 0x0, 0x0, 0x1, 0x20, 0x5f, 0x60,
    0x0, 0x0, 0xc, 0xf0, 0xd, 0xf4, 0x0, 0x0,
    0x7f, 0x80, 0x2, 0xef, 0xb8, 0x9d, 0xfb, 0x0,
    0x0, 0x19, 0xef, 0xfc, 0x70, 0x0, 0x0, 0x0,
    0xa, 0x60, 0x0, 0x0, 0x0, 0x0, 0x9, 0xea,
    0x0, 0x0, 0x0, 0x0, 0x0, 0x4e, 0x0, 0x0,
    0x0, 0x0, 0x1e, 0xe7, 0x0, 0x0,

    /* U+00C8 "È" */
    0x0, 0x6f, 0x40, 0x0, 0x0, 0x0, 0xbc, 0x0,
    0x0, 0x0, 0x1, 0x91, 0x0, 0x0, 0x0, 0x0,
    0x0, 0x0, 0x6f, 0xff, 0xff, 0xff, 0x96, 0xf9,
    0x77, 0x77, 0x74, 0x6f, 0x40, 0x0, 0x0, 0x6,
    0xf4, 0x0, 0x0, 0x0, 0x6f, 0x40, 0x0, 0x0,
    0x6, 0xf5, 0x22, 0x22, 0x20, 0x6f, 0xff, 0xff,
    0xff, 0x26, 0xf7, 0x55, 0x55, 0x50, 0x6f, 0x40,
    0x0, 0x0, 0x6, 0xf4, 0x0, 0x0, 0x0, 0x6f,
    0x40, 0x0, 0x0, 0x6, 0xf9, 0x77, 0x77, 0x74,
    0x6f, 0xff, 0xff, 0xff, 0xa0,

    /* U+00C9 "É" */
    0x0, 0x0, 0x1f, 0x90, 0x0, 0x0, 0x9, 0xd0,
    0x0, 0x0, 0x0, 0x73, 0x0, 0x0, 0x0, 0x0,
    0x0, 0x0, 0x6f, 0xff, 0xff, 0xff, 0x96, 0xf9,
    0x77, 0x77, 0x74, 0x6f, 0x40, 0x0, 0x0, 0x6,
    0xf4, 0x0, 0x0, 0x0, 0x6f, 0x40, 0x0, 0x0,
    0x6, 0xf5, 0x22, 0x22, 0x20, 0x6f, 0xff, 0xff,
    0xff, 0x26, 0xf7, 0x55, 0x55, 0x50, 0x6f, 0x40,
    0x0, 0x0, 0x6, 0xf4, 0x0, 0x0, 0x0, 0x6f,
    0x40, 0x0, 0x0, 0x6, 0xf9, 0x77, 0x77, 0x74,
    0x6f, 0xff, 0xff, 0xff, 0xa0,

    /* U+00CA "Ê" */
    0x0, 0x9, 0xfc, 0x0, 0x0, 0x6, 0xf4, 0xd9,
    0x0, 0x0, 0x74, 0x2, 0x81, 0x0, 0x0, 0x0,
    0x0, 0x0, 0x6f, 0xff, 0xff, 0xff, 0x96, 0xf9,
    0x77, 0x77, 0x74, 0x6f, 0x40, 0x0, 0x0, 0x6,
    0xf4, 0x0, 0x0, 0x0, 0x6f, 0x40, 0x0, 0x0,
    0x6, 0xf5, 0x22, 0x22, 0x20, 0x6f, 0xff, 0xff,
    0xff, 0x26, 0xf7, 0x55, 0x55, 0x50, 0x6f, 0x40,
    0x0, 0x0, 0x6, 0xf4, 0x0, 0x0, 0x0, 0x6f,
    0x40, 0x0, 0x0, 0x6, 0xf9, 0x77, 0x77, 0x74,
    0x6f, 0xff, 0xff, 0xff, 0xa0,

    /* U+00CB "Ë" */
    0x1, 0xe8, 0x5, 0xf4, 0x0, 0x2f, 0xa0, 0x6f,
    0x50, 0x0, 0x0, 0x0, 0x0, 0x0, 0x0, 0x0,
    0x0, 0x0, 0x6f, 0xff, 0xff, 0xff, 0x96, 0xf9,
    0x77, 0x77, 0x74, 0x6f, 0x40, 0x0, 0x0, 0x6,
    0xf4, 0x0, 0x0, 0x0, 0x6f, 0x40, 0x0, 0x0,
    0x6, 0xf5, 0x22, 0x22, 0x20, 0x6f, 0xff, 0xff,
    0xff, 0x26, 0xf7, 0x55, 0x55, 0x50, 0x6f, 0x40,
    0x0, 0x0, 0x6, 0xf4, 0x0, 0x0, 0x0, 0x6f,
    0x40, 0x0, 0x0, 0x6, 0xf9, 0x77, 0x77, 0x74,
    0x6f, 0xff, 0xff, 0xff, 0xa0,

    /* U+00CC "Ì" */
    0x9f, 0x10, 0xd, 0x90, 0x3, 0x80, 0x0, 0x0,
    0x6, 0xf4, 0x6, 0xf4, 0x6, 0xf4, 0x6, 0xf4,
    0x6, 0xf4, 0x6, 0xf4, 0x6, 0xf4, 0x6, 0xf4,
    0x6, 0xf4, 0x6, 0xf4, 0x6, 0xf4, 0x6, 0xf4,
    0x6, 0xf4,

    /* U+00CD "Í" */
    0x4, 0xf6, 0xc, 0xb0, 0x18, 0x10, 0x0, 0x0,
    0x6f, 0x40, 0x6f, 0x40, 0x6f, 0x40, 0x6f, 0x40,
    0x6f, 0x40, 0x6f, 0x40, 0x6f, 0x40, 0x6f, 0x40,
    0x6f, 0x40, 0x6f, 0x40, 0x6f, 0x40, 0x6f, 0x40,
    0x6f, 0x40,

    /* U+00CE "Î" */
    0x0, 0xbf, 0x90, 0x0, 0x9e, 0x3f, 0x60, 0x28,
    0x20, 0x47, 0x0, 0x0, 0x0, 0x0, 0x0, 0x6f,
    0x40, 0x0, 0x6, 0xf4, 0x0, 0x0, 0x6f, 0x40,
    0x0, 0x6, 0xf4, 0x0, 0x0, 0x6f, 0x40, 0x0,
    0x6, 0xf4, 0x0, 0x0, 0x6f, 0x40, 0x0, 0x6,
    0xf4, 0x0, 0x0, 0x6f, 0x40, 0x0, 0x6, 0xf4,
    0x0, 0x0, 0x6f, 0x40, 0x0, 0x6, 0xf4, 0x0,
    0x0, 0x6f, 0x40, 0x0,

    /* U+00CF "Ï" */
    0x4f, 0x50, 0x8e, 0x24, 0xf6, 0x9, 0xf2, 0x0,
    0x0, 0x0, 0x0, 0x0, 0x0, 0x0, 0x0, 0x6f,
    0x40, 0x0, 0x6, 0xf4, 0x0, 0x0, 0x6f, 0x40,
    0x0, 0x6, 0xf4, 0x0, 0x0, 0x6f, 0x40, 0x0,
    0x6, 0xf4, 0x0, 0x0, 0x6f, 0x40, 0x0, 0x6,
    0xf4, 0x0, 0x0, 0x6f, 0x40, 0x0, 0x6, 0xf4,
    0x0, 0x0, 0x6f, 0x40, 0x0, 0x6, 0xf4, 0x0,
    0x0, 0x6f, 0x40, 0x0,

    /* U+00D0 "Ð" */
    0x3, 0xff, 0xff, 0xfd, 0x82, 0x0, 0x0, 0x3f,
    0xb7, 0x78, 0xbf, 0xf4, 0x0, 0x3, 0xf7, 0x0,
    0x0, 0x2d, 0xf1, 0x0, 0x3f, 0x70, 0x0, 0x0,
    0x3f, 0x90, 0x3, 0xf7, 0x0, 0x0, 0x0, 0xce,
    0x1, 0x4f, 0x81, 0x11, 0x0, 0x8, 0xf0, 0xdf,
    0xff, 0xff, 0xf0, 0x0, 0x7f, 0x23, 0x6f, 0x94,
    0x44, 0x0, 0x8, 0xf0, 0x3, 0xf7, 0x0, 0x0,
    0x0, 0xce, 0x0, 0x3f, 0x70, 0x0, 0x0, 0x3f,
    0x90, 0x3, 0xf7, 0x0, 0x0, 0x2d, 0xf1, 0x0,
    0x3f, 0xb7, 0x78, 0xbf, 0xe4, 0x0, 0x3, 0xff,
    0xff, 0xfd, 0x81, 0x0, 0x0,

    /* U+00D1 "Ñ" */
    0x0, 0x4, 0xea, 0x1d, 0x40, 0x0, 0x0, 0xa9,
    0x8f, 0xe0, 0x0, 0x0, 0x1, 0x0, 0x10, 0x0,
    0x0, 0x0, 0x0, 0x0, 0x0, 0x0, 0x6f, 0xd0,
    0x0, 0x0, 0xb, 0xf6, 0xff, 0x80, 0x0, 0x0,
    0xbf, 0x6f, 0xbf, 0x20, 0x0, 0xb, 0xf6, 0xf4,
    0xec, 0x0, 0x0, 0xbf, 0x6f, 0x36, 0xf6, 0x0,
    0xb, 0xf6, 0xf4, 0xc, 0xf1, 0x0, 0xbf, 0x6f,
    0x40, 0x3f, 0xb0, 0xb, 0xf6, 0xf4, 0x0, 0x8f,
    0x50, 0xbf, 0x6f, 0x40, 0x0, 0xde, 0x1b, 0xf6,
    0xf4, 0x0, 0x4, 0xf9, 0xaf, 0x6f, 0x40, 0x0,
    0x9, 0xfc, 0xf6, 0xf4, 0x0, 0x0, 0x1e, 0xff,
    0x6f, 0x40, 0x0, 0x0, 0x5f, 0xf0,

    /* U+00D2 "Ò" */
    0x0, 0x2, 0xf9, 0x0, 0x0, 0x0, 0x0, 0x0,
    0x7f, 0x10, 0x0, 0x0, 0x0, 0x0, 0x8, 0x40,
    0x0, 0x0, 0x0, 0x0, 0x0, 0x0, 0x0, 0x0,
    0x0, 0x7, 0xcf, 0xec, 0x50, 0x0, 0x1, 0xdf,
    0xd9, 0xae, 0xfa, 0x0, 0xc, 0xf5, 0x0, 0x0,
    0x8f, 0x80, 0x5f, 0x70, 0x0, 0x0, 0xb, 0xf1,
    0xaf, 0x0, 0x0, 0x0, 0x4, 0xf6, 0xdc, 0x0,
    0x0, 0x0, 0x0, 0xf9, 0xeb, 0x0, 0x0, 0x0,
    0x0, 0xfa, 0xdc, 0x0, 0x0, 0x0, 0x0, 0xf9,
    0xaf, 0x0, 0x0, 0x0, 0x4, 0xf7, 0x5f, 0x70,
    0x0, 0x0, 0xb, 0xf1, 0xc, 0xf5, 0x0, 0x0,
    0x8f, 0x90, 0x2, 0xdf, 0xc9, 0x9e, 0xfb, 0x0,
    0x0, 0x7, 0xdf, 0xec, 0x50, 0x0,

    /* U+00D3 "Ó" */
    0x0, 0x0, 0x0, 0xdd, 0x0, 0x0, 0x0, 0x0,
    0x4, 0xf3, 0x0, 0x0, 0x0, 0x0, 0x5, 0x50,
    0x0, 0x0, 0x0, 0x0, 0x0, 0x0, 0x0, 0x0,
    0x0, 0x7, 0xcf, 0xec, 0x50, 0x0, 0x1, 0xdf,
    0xd9, 0xae, 0xfa, 0x0, 0xc, 0xf5, 0x0, 0x0,
    0x8f, 0x80, 0x5f, 0x70, 0x0, 0x0, 0xb, 0xf1,
    0xaf, 0x0, 0x0, 0x0, 0x4, 0xf6, 0xdc, 0x0,
    0x0, 0x0, 0x0, 0xf9, 0xeb, 0x0, 0x0, 0x0,
    0x0, 0xfa, 0xdc, 0x0, 0x0, 0x0, 0x0, 0xf9,
    0xaf, 0x0, 0x0, 0x0, 0x4, 0xf7, 0x5f, 0x70,
    0x0, 0x0, 0xb, 0xf1, 0xc, 0xf5, 0x0, 0x0,
    0x8f, 0x90, 0x2, 0xdf, 0xc9, 0x9e, 0xfb, 0x0,
    0x0, 0x7, 0xdf, 0xec, 0x50, 0x0,

    /* U+00D4 "Ô" */
    0x0, 0x0, 0x6e, 0xe3, 0x0, 0x0, 0x0, 0x7,
    0xe3, 0x5f, 0x30, 0x0, 0x0, 0x0, 0x0, 0x0,
    0x0, 0x0, 0x0, 0x0, 0x0, 0x0, 0x0, 0x0,
    0x0, 0x7, 0xcf, 0xec, 0x50, 0x0, 0x1, 0xdf,
    0xd9, 0xae, 0xfa, 0x0, 0xc, 0xf5, 0x0, 0x0,
    0x8f, 0x80, 0x5f, 0x70, 0x0, 0x0, 0xb, 0xf1,
    0xaf, 0x0, 0x0, 0x0, 0x4, 0xf6, 0xdc, 0x0,
    0x0, 0x0, 0x0, 0xf9, 0xeb, 0x0, 0x0, 0x0,
    0x0, 0xfa, 0xdc, 0x0, 0x0, 0x0, 0x0, 0xf9,
    0xaf, 0x0, 0x0, 0x0, 0x4, 0xf7, 0x5f, 0x70,
    0x0, 0x0, 0xb, 0xf1, 0xc, 0xf5, 0x0, 0x0,
    0x8f, 0x90, 0x2, 0xdf, 0xc9, 0x9e, 0xfb, 0x0,
    0x0, 0x7, 0xdf, 0xec, 0x50, 0x0,

    /* U+00D5 "Õ" */
    0x0, 0x2, 0xeb, 0x2b, 0x50, 0x0, 0x0, 0x9,
    0xa7, 0xfe, 0x10, 0x0, 0x0, 0x1, 0x10, 0x0,
    0x0, 0x0, 0x0, 0x0, 0x0, 0x0, 0x0, 0x0,
    0x0, 0x7, 0xcf, 0xec, 0x50, 0x0, 0x1, 0xdf,
    0xd9, 0xae, 0xfa, 0x0, 0xc, 0xf5, 0x0, 0x0,
    0x8f, 0x80, 0x5f, 0x70, 0x0, 0x0, 0xb, 0xf1,
    0xaf, 0x0, 0x0, 0x0, 0x4, 0xf6, 0xdc, 0x0,
    0x0, 0x0, 0x0, 0xf9, 0xeb, 0x0, 0x0, 0x0,
    0x0, 0xfa, 0xdc, 0x0, 0x0, 0x0, 0x0, 0xf9,
    0xaf, 0x0, 0x0, 0x0, 0x4, 0xf7, 0x5f, 0x70,
    0x0, 0x0, 0xb, 0xf1, 0xc, 0xf5, 0x0, 0x0,
    0x8f, 0x90, 0x2, 0xdf, 0xc9, 0x9e, 0xfb, 0x0,
    0x0, 0x7, 0xdf, 0xec, 0x50, 0x0,

    /* U+00D6 "Ö" */
    0x0, 0xb, 0xc0, 0x2e, 0x80, 0x0, 0x0, 0xd,
    0xd0, 0x2f, 0x90, 0x0, 0x0, 0x0, 0x0, 0x0,
    0x0, 0x0, 0x0, 0x0, 0x0, 0x0, 0x0, 0x0,
    0x0, 0x7, 0xcf, 0xec, 0x50, 0x0, 0x1, 0xdf,
    0xd9, 0xae, 0xfa, 0x0, 0xc, 0xf5, 0x0, 0x0,
    0x8f, 0x80, 0x5f, 0x70, 0x0, 0x0, 0xb, 0xf1,
    0xaf, 0x0, 0x0, 0x0, 0x4, 0xf6, 0xdc, 0x0,
    0x0, 0x0, 0x0, 0xf9, 0xeb, 0x0, 0x0, 0x0,
    0x0, 0xfa, 0xdc, 0x0, 0x0, 0x0, 0x0, 0xf9,
    0xaf, 0x0, 0x0, 0x0, 0x4, 0xf7, 0x5f, 0x70,
    0x0, 0x0, 0xb, 0xf1, 0xc, 0xf5, 0x0, 0x0,
    0x8f, 0x90, 0x2, 0xdf, 0xc9, 0x9e, 0xfb, 0x0,
    0x0, 0x7, 0xdf, 0xec, 0x50, 0x0,

    /* U+00D7 "×" */
    0x1, 0x0, 0x0, 0x0, 0x10, 0xd, 0xa0, 0x0,
    0xb, 0xc0, 0x6, 0xfa, 0x0, 0xaf, 0x50, 0x0,
    0x6f, 0xaa, 0xf5, 0x0, 0x0, 0x6, 0xff, 0x60,
    0x0, 0x0, 0xa, 0xff, 0xa0, 0x0, 0x0, 0xaf,
    0x66, 0xf9, 0x0, 0xa, 0xf6, 0x0, 0x6f, 0x90,
    0xa, 0x60, 0x0, 0x6, 0x90, 0x0, 0x0, 0x0,
    0x0, 0x0,

    /* U+00D8 "Ø" */
    0x0, 0x0, 0x0, 0x0, 0x0, 0x0, 0x0, 0x7,
    0xcf, 0xeb, 0x5a, 0xb0, 0x2, 0xdf, 0xd9, 0xae,
    0xff, 0x60, 0xc, 0xf6, 0x0, 0x1, 0xff, 0x80,
    0x5f, 0x80, 0x0, 0xb, 0xdb, 0xf1, 0xaf, 0x10,
    0x0, 0x6f, 0x33, 0xf6, 0xdd, 0x0, 0x2, 0xf7,
    0x0, 0xf9, 0xeb, 0x0, 0xc, 0xb0, 0x0, 0xfa,
    0xdc, 0x0, 0x8e, 0x10, 0x0, 0xf9, 0xae, 0x3,
    0xf4, 0x0, 0x4, 0xf7, 0x5f, 0x4d, 0x80, 0x0,
    0xb, 0xf1, 0xc, 0xfd, 0x0, 0x0, 0x8f, 0x90,
    0x9, 0xff, 0xd9, 0x9e, 0xfb, 0x0, 0xe, 0x77,
    0xcf, 0xec, 0x50, 0x0, 0x0, 0x0, 0x0, 0x0,
    0x0, 0x0,

    /* U+00D9 "Ù" */
    0x0, 0x4, 0xf6, 0x0, 0x0, 0x0, 0x0, 0xa,
    0xd0, 0x0, 0x0, 0x0, 0x0, 0x19, 0x20, 0x0,
    0x0, 0x0, 0x0, 0x0, 0x0, 0x0, 0x6f, 0x40,
    0x0, 0x0, 0xd, 0xd6, 0xf4, 0x0, 0x0, 0x0,
    0xdd, 0x6f, 0x40, 0x0, 0x0, 0xd, 0xd6, 0xf4,
    0x0, 0x0, 0x0, 0xdd, 0x6f, 0x40, 0x0, 0x0,
    0xd, 0xd6, 0xf4, 0x0, 0x0, 0x0, 0xdd, 0x6f,
    0x40, 0x0, 0x0, 0xd, 0xd6, 0xf4, 0x0, 0x0,
    0x0, 0xdd, 0x6f, 0x40, 0x0, 0x0, 0xe, 0xc4,
    0xf8, 0x0, 0x0, 0x2, 0xfa, 0xe, 0xf3, 0x0,
    0x0, 0xbf, 0x40, 0x3f, 0xfb, 0x9a, 0xef, 0x80,
    0x0, 0x19, 0xdf, 0xeb, 0x40, 0x0,

    /* U+00DA "Ú" */
    0x0, 0x0, 0x0, 0x66, 0x0, 0x0, 0x0, 0x0,
    0x2f, 0x70, 0x0, 0x0, 0x0, 0x9, 0xd0, 0x0,
    0x0, 0x0, 0x0, 0x73, 0x0, 0x0, 0x0, 0x0,
    0x0, 0x0, 0x0, 0x6, 0xf4, 0x0, 0x0, 0x0,
    0xdd, 0x6f, 0x40, 0x0, 0x0, 0xd, 0xd6, 0xf4,
    0x0, 0x0, 0x0, 0xdd, 0x6f, 0x40, 0x0, 0x0,
    0xd, 0xd6, 0xf4, 0x0, 0x0, 0x0, 0xdd, 0x6f,
    0x40, 0x0, 0x0, 0xd, 0xd6, 0xf4, 0x0, 0x0,
    0x0, 0xdd, 0x6f, 0x40, 0x0, 0x0, 0xd, 0xd6,
    0xf4, 0x0, 0x0, 0x0, 0xec, 0x4f, 0x80, 0x0,
    0x0, 0x2f, 0xa0, 0xef, 0x30, 0x0, 0xb, 0xf4,
    0x3, 0xff, 0xb9, 0xae, 0xf8, 0x0, 0x1, 0x9d,
    0xfe, 0xb4, 0x0,

    /* U+00DB "Û" */
    0x0, 0x0, 0x28, 0x50, 0x0, 0x0, 0x0, 0xd,
    0xbf, 0x40, 0x0, 0x0, 0xb, 0xc0, 0x7f, 0x20,
    0x0, 0x0, 0x0, 0x0, 0x0, 0x0, 0x0, 0x0,
    0x0, 0x0, 0x0, 0x6, 0xf4, 0x0, 0x0, 0x0,
    0xdd, 0x6f, 0x40, 0x0, 0x0, 0xd, 0xd6, 0xf4,
    0x0, 0x0, 0x0, 0xdd, 0x6f, 0x40, 0x0, 0x0,
    0xd, 0xd6, 0xf4, 0x0, 0x0, 0x0, 0xdd, 0x6f,
    0x40, 0x0, 0x0, 0xd, 0xd6, 0xf4, 0x0, 0x0,
    0x0, 0xdd, 0x6f, 0x40, 0x0, 0x0, 0xd, 0xd6,
    0xf4, 0x0, 0x0, 0x0, 0xec, 0x4f, 0x80, 0x0,
    0x0, 0x2f, 0xa0, 0xef, 0x30, 0x0, 0xb, 0xf4,
    0x3, 0xff, 0xb9, 0xae, 0xf8, 0x0, 0x1, 0x9d,
    0xfe, 0xb4, 0x0,

    /* U+00DC "Ü" */
    0x0, 0x0, 0x0, 0x0, 0x0, 0x0, 0x1, 0xeb,
    0x4, 0xf6, 0x0, 0x0, 0xd, 0xa0, 0x4f, 0x50,
    0x0, 0x0, 0x0, 0x0, 0x0, 0x0, 0x0, 0x0,
    0x0, 0x0, 0x0, 0x6, 0xf4, 0x0, 0x0, 0x0,
    0xdd, 0x6f, 0x40, 0x0, 0x0, 0xd, 0xd6, 0xf4,
    0x0, 0x0, 0x0, 0xdd, 0x6f, 0x40, 0x0, 0x0,
    0xd, 0xd6, 0xf4, 0x0, 0x0, 0x0, 0xdd, 0x6f,
    0x40, 0x0, 0x0, 0xd, 0xd6, 0xf4, 0x0, 0x0,
    0x0, 0xdd, 0x6f, 0x40, 0x0, 0x0, 0xd, 0xd6,
    0xf4, 0x0, 0x0, 0x0, 0xec, 0x4f, 0x80, 0x0,
    0x0, 0x2f, 0xa0, 0xef, 0x30, 0x0, 0xb, 0xf4,
    0x3, 0xff, 0xb9, 0xae, 0xf8, 0x0, 0x1, 0x9d,
    0xfe, 0xb4, 0x0,

    /* U+00DD "Ý" */
    0x0, 0x0, 0x0, 0x9f, 0x10, 0x0, 0x0, 0x0,
    0x1, 0xf6, 0x0, 0x0, 0x0, 0x0, 0x3, 0x60,
    0x0, 0x0, 0x0, 0x0, 0x0, 0x0, 0x0, 0x0,
    0x3f, 0xb0, 0x0, 0x0, 0x7, 0xf7, 0x9, 0xf5,
    0x0, 0x0, 0x2f, 0xc0, 0x1, 0xee, 0x0, 0x0,
    0xbf, 0x30, 0x0, 0x5f, 0x80, 0x5, 0xf8, 0x0,
    0x0, 0xb, 0xf2, 0xe, 0xe0, 0x0, 0x0, 0x2,
    0xfb, 0x7f, 0x40, 0x0, 0x0, 0x0, 0x7f, 0xfa,
    0x0, 0x0, 0x0, 0x0, 0xd, 0xf1, 0x0, 0x0,
    0x0, 0x0, 0xb, 0xf0, 0x0, 0x0, 0x0, 0x0,
    0xb, 0xf0, 0x0, 0x0, 0x0, 0x0, 0xb, 0xf0,
    0x0, 0x0, 0x0, 0x0, 0xb, 0xf0, 0x0, 0x0,
    0x0, 0x0, 0xb, 0xf0, 0x0, 0x0,

    /* U+00DE "Þ" */
    0x8f, 0x20, 0x0, 0x0, 0x8, 0xf2, 0x0, 0x0,
    0x0, 0x8f, 0x42, 0x20, 0x0, 0x8, 0xff, 0xff,
    0xfc, 0x40, 0x8f, 0x75, 0x56, 0xcf, 0x48, 0xf2,
    0x0, 0x0, 0xdc, 0x8f, 0x20, 0x0, 0x9, 0xf8,
    0xf2, 0x0, 0x0, 0xcd, 0x8f, 0x42, 0x23, 0xaf,
    0x68, 0xff, 0xff, 0xff, 0x70, 0x8f, 0x65, 0x43,
    0x0, 0x8, 0xf2, 0x0, 0x0, 0x0, 0x8f, 0x20,
    0x0, 0x0, 0x0,

    /* U+00DF "ß" */
    0x1, 0x9e, 0xfd, 0x80, 0x0, 0xc, 0xfb, 0x8b,
    0xfb, 0x0, 0x4f, 0x80, 0x0, 0x9f, 0x30, 0x6f,
    0x30, 0x0, 0x5f, 0x30, 0x6f, 0x30, 0x0, 0xae,
    0x0, 0x6f, 0x31, 0x8b, 0xd3, 0x0, 0x6f, 0x32,
    0xff, 0xd7, 0x0, 0x6f, 0x30, 0x1, 0x7f, 0x80,
    0x6f, 0x30, 0x0, 0xb, 0xf0, 0x6f, 0x30, 0x0,
    0x9, 0xf0, 0x6f, 0x30, 0x0, 0xd, 0xd0, 0x6f,
    0x31, 0x78, 0xdf, 0x50, 0x6f, 0x33, 0xff, 0xc5,
    0x0,

    /* U+00E0 "à" */
    0x0, 0x2f, 0x90, 0x0, 0x0, 0x0, 0x7f, 0x10,
    0x0, 0x0, 0x0, 0x84, 0x0, 0x0, 0x0, 0x0,
    0x0, 0x0, 0x0, 0x5c, 0xef, 0xb4, 0x0, 0x6f,
    0xd8, 0x7d, 0xf3, 0x6, 0xa0, 0x0, 0x1f, 0x90,
    0x0, 0x0, 0x1, 0xeb, 0x0, 0x49, 0xce, 0xff,
    0xb0, 0xaf, 0xc8, 0x63, 0xdb, 0x2f, 0x90, 0x0,
    0xe, 0xb2, 0xf7, 0x0, 0x4, 0xfb, 0xc, 0xf9,
    0x69, 0xee, 0xb0, 0x1a, 0xee, 0xb2, 0xdb,

    /* U+00E1 "á" */
    0x0, 0x0, 0xc, 0xd0, 0x0, 0x0, 0x4, 0xf3,
    0x0, 0x0, 0x0, 0x55, 0x0, 0x0, 0x0, 0x0,
    0x0, 0x0, 0x0, 0x5c, 0xef, 0xb4, 0x0, 0x6f,
    0xd8, 0x7d, 0xf3, 0x6, 0xa0, 0x0, 0x1f, 0x90,
    0x0, 0x0, 0x1, 0xeb, 0x0, 0x49, 0xce, 0xff,
    0xb0, 0xaf, 0xc8, 0x63, 0xdb, 0x2f, 0x90, 0x0,
    0xe, 0xb2, 0xf7, 0x0, 0x4, 0xfb, 0xc, 0xf9,
    0x69, 0xee, 0xb0, 0x1a, 0xee, 0xb2, 0xdb,

    /* U+00E2 "â" */
    0x0, 0x4, 0xfe, 0x20, 0x0, 0x2, 0xf7, 0xad,
    0x0, 0x0, 0x66, 0x0, 0x74, 0x0, 0x0, 0x0,
    0x0, 0x0, 0x0, 0x5c, 0xef, 0xb4, 0x0, 0x6f,
    0xd8, 0x7d, 0xf3, 0x6, 0xa0, 0x0, 0x1f, 0x90,
    0x0, 0x0, 0x1, 0xeb, 0x0, 0x49, 0xce, 0xff,
    0xb0, 0xaf, 0xc8, 0x63, 0xdb, 0x2f, 0x90, 0x0,
    0xe, 0xb2, 0xf7, 0x0, 0x4, 0xfb, 0xc, 0xf9,
    0x69, 0xee, 0xb0, 0x1a, 0xee, 0xb2, 0xdb,

    /* U+00E3 "ã" */
    0x0, 0x5f, 0xff, 0xf4, 0x0, 0x1, 0x22, 0x20,
    0x0, 0x0, 0x0, 0x0, 0x0, 0x0, 0x5, 0xce,
    0xfb, 0x40, 0x6, 0xfd, 0x87, 0xdf, 0x30, 0x6a,
    0x0, 0x1, 0xf9, 0x0, 0x0, 0x0, 0x1e, 0xb0,
    0x4, 0x9c, 0xef, 0xfb, 0xa, 0xfc, 0x86, 0x3d,
    0xb2, 0xf9, 0x0, 0x0, 0xeb, 0x2f, 0x70, 0x0,
    0x4f, 0xb0, 0xcf, 0x96, 0x9e, 0xeb, 0x1, 0xae,
    0xeb, 0x2d, 0xb0,

    /* U+00E4 "ä" */
    0x0, 0xbd, 0x1, 0xe8, 0x0, 0xc, 0xe0, 0x2f,
    0x90, 0x0, 0x0, 0x0, 0x0, 0x0, 0x5, 0xce,
    0xfb, 0x40, 0x6, 0xfd, 0x87, 0xdf, 0x30, 0x6a,
    0x0, 0x1, 0xf9, 0x0, 0x0, 0x0, 0x1e, 0xb0,
    0x4, 0x9c, 0xef, 0xfb, 0xa, 0xfc, 0x86, 0x3d,
    0xb2, 0xf9, 0x0, 0x0, 0xeb, 0x2f, 0x70, 0x0,
    0x4f, 0xb0, 0xcf, 0x96, 0x9e, 0xeb, 0x1, 0xae,
    0xeb, 0x2d, 0xb0,

    /* U+00E5 "å" */
    0x0, 0x7, 0xed, 0x40, 0x0, 0x4, 0xf4, 0x5f,
    0x10, 0x0, 0x5e, 0x13, 0xf2, 0x0, 0x0, 0xaf,
    0xf7, 0x0, 0x0, 0x0, 0x10, 0x0, 0x0, 0x5,
    0xce, 0xfb, 0x40, 0x6, 0xfd, 0x87, 0xdf, 0x30,
    0x6a, 0x0, 0x1, 0xf9, 0x0, 0x0, 0x0, 0x1e,
    0xb0, 0x4, 0x9c, 0xef, 0xfb, 0xa, 0xfc, 0x86,
    0x3d, 0xb2, 0xf9, 0x0, 0x0, 0xeb, 0x2f, 0x70,
    0x0, 0x4f, 0xb0, 0xcf, 0x96, 0x9e, 0xeb, 0x1,
    0xae, 0xeb, 0x2d, 0xb0,

    /* U+00E6 "æ" */
    0x0, 0x5c, 0xef, 0xc3, 0x8, 0xef, 0xd7, 0x0,
    0x7, 0xfd, 0x87, 0xdf, 0xcf, 0x87, 0xaf, 0xa0,
    0x5, 0x80, 0x0, 0x1f, 0xf2, 0x0, 0x7, 0xf3,
    0x0, 0x0, 0x1, 0x1e, 0xb1, 0x11, 0x12, 0xf8,
    0x0, 0x9e, 0xff, 0xff, 0xff, 0xff, 0xff, 0xf9,
    0xc, 0xf9, 0x54, 0x4e, 0xa4, 0x44, 0x44, 0x42,
    0x2f, 0x80, 0x0, 0xe, 0xc0, 0x0, 0x0, 0x0,
    0x2f, 0x80, 0x0, 0x5f, 0xf4, 0x0, 0x6, 0xd3,
    0xc, 0xf9, 0x7a, 0xf8, 0xcf, 0xa7, 0xaf, 0xd0,
    0x1, 0x9e, 0xfc, 0x50, 0x8, 0xef, 0xe9, 0x10,

    /* U+00E7 "ç" */
    0x0, 0x8, 0xef, 0xd6, 0x0, 0x0, 0xcf, 0x97,
    0xbf, 0x90, 0x7, 0xf5, 0x0, 0x8, 0xf2, 0xd,
    0xd0, 0x0, 0x0, 0x10, 0xf, 0x90, 0x0, 0x0,
    0x0, 0xf, 0x80, 0x0, 0x0, 0x0, 0xf, 0xa0,
    0x0, 0x0, 0x0, 0xb, 0xe0, 0x0, 0x3, 0x81,
    0x4, 0xfa, 0x0, 0x1c, 0xf1, 0x0, 0x7f, 0xfd,
    0xff, 0x40, 0x0, 0x2, 0x8e, 0x71, 0x0, 0x0,
    0x0, 0x3f, 0xb2, 0x0, 0x0, 0x0, 0x0, 0xc7,
    0x0, 0x0, 0x0, 0x8e, 0xd2, 0x0,

    /* U+00E8 "è" */
    0x0, 0xb, 0xe0, 0x0, 0x0, 0x0, 0x1, 0xf7,
    0x0, 0x0, 0x0, 0x0, 0x58, 0x0, 0x0, 0x0,
    0x0, 0x0, 0x0, 0x0, 0x0, 0x19, 0xef, 0xc7,
    0x0, 0x0, 0xde, 0x87, 0xaf, 0xa0, 0x8, 0xf2,
    0x0, 0x8, 0xf3, 0xe, 0xa1, 0x11, 0x13, 0xf7,
    0xf, 0xff, 0xff, 0xff, 0xf9, 0xf, 0xa4, 0x44,
    0x44, 0x42, 0xe, 0xb0, 0x0, 0x0, 0x0, 0x8,
    0xf4, 0x0, 0x6, 0xd3, 0x0, 0xdf, 0x97, 0x9f,
    0xd0, 0x0, 0x18, 0xef, 0xe9, 0x10,

    /* U+00E9 "é" */
    0x0, 0x0, 0x6, 0xf4, 0x0, 0x0, 0x0, 0xe,
    0x90, 0x0, 0x0, 0x0, 0x27, 0x0, 0x0, 0x0,
    0x0, 0x0, 0x0, 0x0, 0x0, 0x19, 0xef, 0xc7,
    0x0, 0x0, 0xde, 0x87, 0xaf, 0xa0, 0x8, 0xf2,
    0x0, 0x8, 0xf3, 0xe, 0xa1, 0x11, 0x13, 0xf7,
    0xf, 0xff, 0xff, 0xff, 0xf9, 0xf, 0xa4, 0x44,
    0x44, 0x42, 0xe, 0xb0, 0x0, 0x0, 0x0, 0x8,
    0xf4, 0x0, 0x6, 0xd3, 0x0, 0xdf, 0x97, 0x9f,
    0xd0, 0x0, 0x18, 0xef, 0xe9, 0x10,

    /* U+00EA "ê" */
    0x0, 0x0, 0xdf, 0x70, 0x0, 0x0, 0xb, 0xc4,
    0xf4, 0x0, 0x0, 0x28, 0x10, 0x57, 0x0, 0x0,
    0x0, 0x0, 0x0, 0x0, 0x0, 0x19, 0xef, 0xc7,
    0x0, 0x0, 0xde, 0x87, 0xaf, 0xa0, 0x8, 0xf2,
    0x0, 0x8, 0xf3, 0xe, 0xa1, 0x11, 0x13, 0xf7,
    0xf, 0xff, 0xff, 0xff, 0xf9, 0xf, 0xa4, 0x44,
    0x44, 0x42, 0xe, 0xb0, 0x0, 0x0, 0x0, 0x8,
    0xf4, 0x0, 0x6, 0xd3, 0x0, 0xdf, 0x97, 0x9f,
    0xd0, 0x0, 0x18, 0xef, 0xe9, 0x10,

    /* U+00EB "ë" */
    0x0, 0x5f, 0x40, 0xad, 0x0, 0x0, 0x6f, 0x40,
    0xbe, 0x10, 0x0, 0x0, 0x0, 0x0, 0x0, 0x0,
    0x19, 0xef, 0xc7, 0x0, 0x0, 0xde, 0x87, 0xaf,
    0xa0, 0x8, 0xf2, 0x0, 0x8, 0xf3, 0xe, 0xa1,
    0x11, 0x13, 0xf7, 0xf, 0xff, 0xff, 0xff, 0xf9,
    0xf, 0xa4, 0x44, 0x44, 0x42, 0xe, 0xb0, 0x0,
    0x0, 0x0, 0x8, 0xf4, 0x0, 0x6, 0xd3, 0x0,
    0xdf, 0x97, 0x9f, 0xd0, 0x0, 0x18, 0xef, 0xe9,
    0x10,

    /* U+00EC "ì" */
    0x8, 0x70, 0x6, 0xf2, 0x0, 0xca, 0x0, 0x0,
    0x0, 0x9f, 0x0, 0x9f, 0x0, 0x9f, 0x0, 0x9f,
    0x0, 0x9f, 0x0, 0x9f, 0x0, 0x9f, 0x0, 0x9f,
    0x0, 0x9f, 0x0, 0x9f,

    /* U+00ED "í" */
    0x7, 0xf3, 0xe, 0xa0, 0x4f, 0x10, 0x0, 0x0,
    0x9f, 0x0, 0x9f, 0x0, 0x9f, 0x0, 0x9f, 0x0,
    0x9f, 0x0, 0x9f, 0x0, 0x9f, 0x0, 0x9f, 0x0,
    0x9f, 0x0, 0x9f, 0x0,

    /* U+00EE "î" */
    0x1, 0xef, 0x50, 0x0, 0xcb, 0x5f, 0x30, 0x37,
    0x10, 0x66, 0x0, 0x0, 0x0, 0x0, 0x0, 0x9f,
    0x0, 0x0, 0x9, 0xf0, 0x0, 0x0, 0x9f, 0x0,
    0x0, 0x9, 0xf0, 0x0, 0x0, 0x9f, 0x0, 0x0,
    0x9, 0xf0, 0x0, 0x0, 0x9f, 0x0, 0x0, 0x9,
    0xf0, 0x0, 0x0, 0x9f, 0x0, 0x0, 0x9, 0xf0,
    0x0,

    /* U+00EF "ï" */
    0x7e, 0x20, 0xbc, 0x8, 0xf3, 0xd, 0xe0, 0x0,
    0x0, 0x0, 0x0, 0x9, 0xf0, 0x0, 0x0, 0x9f,
    0x0, 0x0, 0x9, 0xf0, 0x0, 0x0, 0x9f, 0x0,
    0x0, 0x9, 0xf0, 0x0, 0x0, 0x9f, 0x0, 0x0,
    0x9, 0xf0, 0x0, 0x0, 0x9f, 0x0, 0x0, 0x9,
    0xf0, 0x0, 0x0, 0x9f, 0x0, 0x0,

    /* U+00F0 "ð" */
    0x0, 0x7, 0x30, 0x0, 0x0, 0x0, 0xb, 0xf8,
    0x8e, 0x40, 0x0, 0x1, 0xcf, 0xe3, 0x0, 0x0,
    0x1f, 0xa5, 0xf8, 0x0, 0x0, 0x1, 0x0, 0x5f,
    0x40, 0x0, 0x3c, 0xff, 0x8b, 0xc0, 0x2, 0xfd,
    0x64, 0x9d, 0xf2, 0xb, 0xe1, 0x0, 0x8, 0xf6,
    0xf, 0x90, 0x0, 0x1, 0xf8, 0xf, 0x80, 0x0,
    0x0, 0xf8, 0xf, 0xa0, 0x0, 0x1, 0xf6, 0xa,
    0xf2, 0x0, 0x9, 0xf1, 0x1, 0xee, 0x87, 0xbf,
    0x80, 0x0, 0x2a, 0xef, 0xc6, 0x0,

    /* U+00F1 "ñ" */
    0x1, 0xdf, 0xff, 0xa0, 0x0, 0x2, 0x22, 0x10,
    0x0, 0x0, 0x0, 0x0, 0x0, 0x9, 0xe1, 0xaf,
    0xe9, 0x10, 0x9e, 0xc8, 0x59, 0xfb, 0x9, 0xf5,
    0x0, 0xa, 0xf1, 0x9f, 0x0, 0x0, 0x5f, 0x39,
    0xf0, 0x0, 0x5, 0xf4, 0x9f, 0x0, 0x0, 0x5f,
    0x49, 0xf0, 0x0, 0x5, 0xf4, 0x9f, 0x0, 0x0,
    0x5f, 0x49, 0xf0, 0x0, 0x5, 0xf4, 0x9f, 0x0,
    0x0, 0x5f, 0x40,

    /* U+00F2 "ò" */
    0x0, 0x9, 0xf1, 0x0, 0x0, 0x0, 0x0, 0xe8,
    0x0, 0x0, 0x0, 0x0, 0x48, 0x0, 0x0, 0x0,
    0x0, 0x0, 0x0, 0x0, 0x0, 0x19, 0xef, 0xd7,
    0x0, 0x0, 0xdf, 0x97, 0xaf, 0xa0, 0x8, 0xf4,
    0x0, 0x7, 0xf5, 0xe, 0xc0, 0x0, 0x0, 0xfa,
    0xf, 0x80, 0x0, 0x0, 0xcd, 0xf, 0x80, 0x0,
    0x0, 0xcd, 0xe, 0xc0, 0x0, 0x0, 0xfa, 0x8,
    0xf4, 0x0, 0x7, 0xf5, 0x0, 0xdf, 0x97, 0xaf,
    0xa0, 0x0, 0x19, 0xef, 0xd7, 0x0,

    /* U+00F3 "ó" */
    0x0, 0x0, 0x5, 0xf5, 0x0, 0x0, 0x0, 0xd,
    0xa0, 0x0, 0x0, 0x0, 0x17, 0x10, 0x0, 0x0,
    0x0, 0x0, 0x0, 0x0, 0x0, 0x19, 0xef, 0xd7,
    0x0, 0x0, 0xdf, 0x97, 0xaf, 0xa0, 0x8, 0xf4,
    0x0, 0x7, 0xf5, 0xe, 0xc0, 0x0, 0x0, 0xfa,
    0xf, 0x80, 0x0, 0x0, 0xcd, 0xf, 0x80, 0x0,
    0x0, 0xcd, 0xe, 0xc0, 0x0, 0x0, 0xfa, 0x8,
    0xf4, 0x0, 0x7, 0xf5, 0x0, 0xdf, 0x97, 0xaf,
    0xa0, 0x0, 0x19, 0xef, 0xd7, 0x0,

    /* U+00F4 "ô" */
    0x0, 0x0, 0xcf, 0x80, 0x0, 0x0, 0xa, 0xd4,
    0xf6, 0x0, 0x0, 0x28, 0x20, 0x47, 0x0, 0x0,
    0x0, 0x0, 0x0, 0x0, 0x0, 0x19, 0xef, 0xd7,
    0x0, 0x0, 0xdf, 0x97, 0xaf, 0xa0, 0x8, 0xf4,
    0x0, 0x7, 0xf5, 0xe, 0xc0, 0x0, 0x0, 0xfa,
    0xf, 0x80, 0x0, 0x0, 0xcd, 0xf, 0x80, 0x0,
    0x0, 0xcd, 0xe, 0xc0, 0x0, 0x0, 0xfa, 0x8,
    0xf4, 0x0, 0x7, 0xf5, 0x0, 0xdf, 0x97, 0xaf,
    0xa0, 0x0, 0x19, 0xef, 0xd7, 0x0,

    /* U+00F5 "õ" */
    0x0, 0xc, 0xff, 0xfb, 0x0, 0x0, 0x2, 0x22,
    0x10, 0x0, 0x0, 0x0, 0x0, 0x0, 0x0, 0x0,
    0x19, 0xef, 0xd7, 0x0, 0x0, 0xdf, 0x97, 0xaf,
    0xa0, 0x8, 0xf4, 0x0, 0x7, 0xf5, 0xe, 0xc0,
    0x0, 0x0, 0xfa, 0xf, 0x80, 0x0, 0x0, 0xcd,
    0xf, 0x80, 0x0, 0x0, 0xcd, 0xe, 0xc0, 0x0,
    0x0, 0xfa, 0x8, 0xf4, 0x0, 0x7, 0xf5, 0x0,
    0xdf, 0x97, 0xaf, 0xa0, 0x0, 0x19, 0xef, 0xd7,
    0x0,

    /* U+00F6 "ö" */
    0x0, 0x4f, 0x50, 0x8e, 0x10, 0x0, 0x5f, 0x60,
    0x9f, 0x20, 0x0, 0x0, 0x0, 0x0, 0x0, 0x0,
    0x19, 0xef, 0xd7, 0x0, 0x0, 0xdf, 0x97, 0xaf,
    0xa0, 0x8, 0xf4, 0x0, 0x7, 0xf5, 0xe, 0xc0,
    0x0, 0x0, 0xfa, 0xf, 0x80, 0x0, 0x0, 0xcd,
    0xf, 0x80, 0x0, 0x0, 0xcd, 0xe, 0xc0, 0x0,
    0x0, 0xfa, 0x8, 0xf4, 0x0, 0x7, 0xf5, 0x0,
    0xdf, 0x97, 0xaf, 0xa0, 0x0, 0x19, 0xef, 0xd7,
    0x0,

    /* U+00F7 "÷" */
    0x0, 0x0, 0xdc, 0x0, 0x0, 0x0, 0x2, 0xff,
    0x0, 0x0, 0x0, 0x0, 0x32, 0x0, 0x0, 0x0,
    0x0, 0x0, 0x0, 0x0, 0x2f, 0xff, 0xff, 0xff,
    0xf1, 0x18, 0x88, 0x88, 0x88, 0x80, 0x0, 0x0,
    0x22, 0x0, 0x0, 0x0, 0x1, 0xff, 0x0, 0x0,
    0x0, 0x0, 0xdc, 0x0, 0x0,

    /* U+00F8 "ø" */
    0x0, 0x0, 0x0, 0x0, 0x1, 0x0, 0x1, 0x9e,
    0xfd, 0x78, 0xc0, 0x0, 0xdf, 0x97, 0xaf, 0xf3,
    0x0, 0x8f, 0x40, 0x4, 0xff, 0x50, 0xe, 0xc0,
    0x2, 0xf7, 0xfa, 0x0, 0xf9, 0x1, 0xe9, 0xc,
    0xd0, 0xf, 0x80, 0xcb, 0x0, 0xcd, 0x0, 0xeb,
    0xac, 0x0, 0xf, 0xa0, 0x8, 0xfe, 0x10, 0x7,
    0xf5, 0x0, 0x8f, 0xf9, 0x7a, 0xfa, 0x0, 0x1e,
    0x58, 0xef, 0xd7, 0x0, 0x0, 0x0, 0x0, 0x0,
    0x0, 0x0,

    /* U+00F9 "ù" */
    0x0, 0xaf, 0x0, 0x0, 0x0, 0x1, 0xe7, 0x0,
    0x0, 0x0, 0x4, 0x80, 0x0, 0x0, 0x0, 0x0,
    0x0, 0x0, 0x9f, 0x0, 0x0, 0x5f, 0x49, 0xf0,
    0x0, 0x5, 0xf4, 0x9f, 0x0, 0x0, 0x5f, 0x49,
    0xf0, 0x0, 0x5, 0xf4, 0x9f, 0x0, 0x0, 0x5f,
    0x49, 0xf0, 0x0, 0x5, 0xf4, 0x9f, 0x0, 0x0,
    0x6f, 0x47, 0xf5, 0x0, 0xc, 0xf4, 0x1f, 0xf9,
    0x7c, 0xbf, 0x40, 0x3c, 0xfe, 0x74, 0xf4,

    /* U+00FA "ú" */
    0x0, 0x0, 0x6f, 0x40, 0x0, 0x0, 0xd, 0x90,
    0x0, 0x0, 0x2, 0x70, 0x0, 0x0, 0x0, 0x0,
    0x0, 0x0, 0x9f, 0x0, 0x0, 0x5f, 0x49, 0xf0,
    0x0, 0x5, 0xf4, 0x9f, 0x0, 0x0, 0x5f, 0x49,
    0xf0, 0x0, 0x5, 0xf4, 0x9f, 0x0, 0x0, 0x5f,
    0x49, 0xf0, 0x0, 0x5, 0xf4, 0x9f, 0x0, 0x0,
    0x6f, 0x47, 0xf5, 0x0, 0xc, 0xf4, 0x1f, 0xf9,
    0x7c, 0xbf, 0x40, 0x3c, 0xfe, 0x74, 0xf4,

    /* U+00FB "û" */
    0x0, 0xd, 0xf7, 0x0, 0x0, 0xb, 0xc4, 0xf5,
    0x0, 0x2, 0x81, 0x5, 0x70, 0x0, 0x0, 0x0,
    0x0, 0x0, 0x9f, 0x0, 0x0, 0x5f, 0x49, 0xf0,
    0x0, 0x5, 0xf4, 0x9f, 0x0, 0x0, 0x5f, 0x49,
    0xf0, 0x0, 0x5, 0xf4, 0x9f, 0x0, 0x0, 0x5f,
    0x49, 0xf0, 0x0, 0x5, 0xf4, 0x9f, 0x0, 0x0,
    0x6f, 0x47, 0xf5, 0x0, 0xc, 0xf4, 0x1f, 0xf9,
    0x7c, 0xbf, 0x40, 0x3c, 0xfe, 0x74, 0xf4,

    /* U+00FC "ü" */
    0x5, 0xf4, 0xa, 0xe1, 0x0, 0x6f, 0x50, 0xbf,
    0x10, 0x0, 0x0, 0x0, 0x0, 0x9, 0xf0, 0x0,
    0x5, 0xf4, 0x9f, 0x0, 0x0, 0x5f, 0x49, 0xf0,
    0x0, 0x5, 0xf4, 0x9f, 0x0, 0x0, 0x5f, 0x49,
    0xf0, 0x0, 0x5, 0xf4, 0x9f, 0x0, 0x0, 0x5f,
    0x49, 0xf0, 0x0, 0x6, 0xf4, 0x7f, 0x50, 0x0,
    0xcf, 0x41, 0xff, 0x97, 0xcb, 0xf4, 0x3, 0xcf,
    0xe7, 0x4f, 0x40,

    /* U+00FD "ý" */
    0x0, 0x0, 0x4, 0x81, 0x0, 0x0, 0x0, 0xe,
    0xa0, 0x0, 0x0, 0x0, 0x6e, 0x10, 0x0, 0x0,
    0x0, 0x0, 0x0, 0x0, 0x5f, 0x60, 0x0, 0x4,
    0xf7, 0xf, 0xb0, 0x0, 0x9, 0xf1, 0x9, 0xf1,
    0x0, 0xe, 0xb0, 0x3, 0xf6, 0x0, 0x4f, 0x50,
    0x0, 0xdc, 0x0, 0xaf, 0x0, 0x0, 0x8f, 0x10,
    0xf9, 0x0, 0x0, 0x2f, 0x75, 0xf3, 0x0, 0x0,
    0xc, 0xba, 0xd0, 0x0, 0x0, 0x6, 0xfe, 0x70,
    0x0, 0x0, 0x0, 0xff, 0x20, 0x0, 0x0, 0x0,
    0xeb, 0x0, 0x0, 0x0, 0x4, 0xf5, 0x0, 0x0,
    0x4, 0x8e, 0xe0, 0x0, 0x0, 0x9, 0xfb, 0x20,
    0x0, 0x0,

    /* U+00FE "þ" */
    0x9f, 0x0, 0x0, 0x0, 0x0, 0x9f, 0x0, 0x0,
    0x0, 0x0, 0x9f, 0x0, 0x0, 0x0, 0x0, 0x9f,
    0x1a, 0xfe, 0xa2, 0x0, 0x9f, 0xcb, 0x79, 0xfe,
    0x10, 0x9f, 0xa0, 0x0, 0x3f, 0x90, 0x9f, 0x20,
    0x0, 0xb, 0xe0, 0x9f, 0x0, 0x0, 0x8, 0xf1,
    0x9f, 0x0, 0x0, 0x8, 0xf0, 0x9f, 0x20, 0x0,
    0xb, 0xe0, 0x9f, 0xa0, 0x0, 0x3f, 0x90, 0x9f,
    0xbb, 0x79, 0xfe, 0x10, 0x9f, 0xa, 0xfe, 0xa2,
    0x0, 0x9f, 0x0, 0x0, 0x0, 0x0, 0x9f, 0x0,
    0x0, 0x0, 0x0, 0x9f, 0x0, 0x0, 0x0, 0x0,
    0x9f, 0x0, 0x0, 0x0, 0x0,

    /* U+00FF "ÿ" */
    0x0, 0x9e, 0x10, 0xdb, 0x0, 0x0, 0xaf, 0x10,
    0xec, 0x0, 0x0, 0x0, 0x0, 0x0, 0x0, 0x5f,
    0x60, 0x0, 0x4, 0xf7, 0xf, 0xb0, 0x0, 0x9,
    0xf1, 0x9, 0xf1, 0x0, 0xe, 0xb0, 0x3, 0xf6,
    0x0, 0x4f, 0x50, 0x0, 0xdc, 0x0, 0xaf, 0x0,
    0x0, 0x8f, 0x10, 0xf9, 0x0, 0x0, 0x2f, 0x75,
    0xf3, 0x0, 0x0, 0xc, 0xba, 0xd0, 0x0, 0x0,
    0x6, 0xfe, 0x70, 0x0, 0x0, 0x0, 0xff, 0x20,
    0x0, 0x0, 0x0, 0xeb, 0x0, 0x0, 0x0, 0x4,
    0xf5, 0x0, 0x0, 0x4, 0x8e, 0xe0, 0x0, 0x0,
    0x9, 0xfb, 0x20, 0x0, 0x0,

    /* U+0102 "Ă" */
    0x0, 0x4, 0xe0, 0x8, 0xa0, 0x0, 0x0, 0x0,
    0xbc, 0xae, 0x30, 0x0, 0x0, 0x0, 0x6, 0x72,
    0x0, 0x0, 0x0, 0x0, 0x1, 0x10, 0x0, 0x0,
    0x0, 0x0, 0xf, 0xf5, 0x0, 0x0, 0x0, 0x0,
    0x5f, 0xdb, 0x0, 0x0, 0x0, 0x0, 0xbc, 0x7f,
    0x10, 0x0, 0x0, 0x1, 0xf8, 0x2f, 0x70, 0x0,
    0x0, 0x7, 0xf2, 0xd, 0xd0, 0x0, 0x0, 0xd,
    0xd0, 0x7, 0xf3, 0x0, 0x0, 0x2f, 0x70, 0x2,
    0xf9, 0x0, 0x0, 0x8f, 0x41, 0x11, 0xce, 0x0,
    0x0, 0xef, 0xff, 0xff, 0xff, 0x40, 0x4, 0xf9,
    0x55, 0x55, 0x5f, 0xa0, 0xa, 0xf1, 0x0, 0x0,
    0xb, 0xf1, 0xf, 0xc0, 0x0, 0x0, 0x5, 0xf6,
    0x5f, 0x60, 0x0, 0x0, 0x0, 0xfc,

    /* U+0103 "ă" */
    0x0, 0x66, 0x0, 0x84, 0x0, 0x4, 0xe6, 0x7f,
    0x20, 0x0, 0x5, 0xbb, 0x30, 0x0, 0x0, 0x0,
    0x0, 0x0, 0x0, 0x4b, 0xee, 0xb3, 0x0, 0x5f,
    0xd8, 0x8d, 0xf3, 0x7, 0xb0, 0x0, 0x1f, 0x90,
    0x0, 0x0, 0x0, 0xeb, 0x0, 0x27, 0xac, 0xff,
    0xb0, 0x7f, 0xea, 0x85, 0xeb, 0x1f, 0xa0, 0x0,
    0xe, 0xb2, 0xf6, 0x0, 0x2, 0xfb, 0xe, 0xe5,
    0x35, 0xdf, 0xb0, 0x3d, 0xff, 0xe5, 0xdb, 0x0,
    0x2, 0x20, 0x0, 0x0,

    /* U+0110 "Đ" */
    0x0, 0x11, 0x11, 0x0, 0x0, 0x0, 0x0, 0x3f,
    0xff, 0xff, 0xea, 0x30, 0x0, 0x3, 0xfa, 0x66,
    0x79, 0xff, 0x50, 0x0, 0x3f, 0x70, 0x0, 0x1,
    0xcf, 0x20, 0x3, 0xf7, 0x0, 0x0, 0x2, 0xf9,
    0x0, 0x3f, 0x70, 0x0, 0x0, 0xb, 0xe0, 0x25,
    0xf9, 0x33, 0x30, 0x0, 0x8f, 0x1d, 0xff, 0xff,
    0xff, 0x0, 0x7, 0xf2, 0x14, 0xf8, 0x22, 0x10,
    0x0, 0x9f, 0x0, 0x3f, 0x70, 0x0, 0x0, 0xc,
    0xe0, 0x3, 0xf7, 0x0, 0x0, 0x3, 0xf9, 0x0,
    0x3f, 0x70, 0x0, 0x2, 0xee, 0x10, 0x3, 0xfb,
    0x77, 0x8b, 0xfe, 0x40, 0x0, 0x3f, 0xff, 0xff,
    0xd8, 0x10, 0x0,

    /* U+0111 "đ" */
    0x0, 0x0, 0x0, 0x0, 0x10, 0x0, 0x0, 0x0,
    0x1, 0x1f, 0xa0, 0x0, 0x0, 0xc, 0xff, 0xff,
    0xf0, 0x0, 0x0, 0x12, 0x2f, 0xb2, 0x0, 0x19,
    0xde, 0xa1, 0xfa, 0x0, 0x1d, 0xf9, 0x8c, 0xbf,
    0xa0, 0x8, 0xf4, 0x0, 0xa, 0xfa, 0x0, 0xec,
    0x0, 0x0, 0x2f, 0xa0, 0xf, 0x90, 0x0, 0x0,
    0xfa, 0x0, 0xf8, 0x0, 0x0, 0xf, 0xa0, 0xe,
    0xb0, 0x0, 0x1, 0xfa, 0x0, 0xaf, 0x20, 0x0,
    0x8f, 0xa0, 0x2, 0xfd, 0x53, 0x8d, 0xfa, 0x0,
    0x4, 0xdf, 0xfd, 0x2e, 0xa0, 0x0, 0x0, 0x22,
    0x0, 0x0, 0x0,

    /* U+01A0 "Ơ" */
    0x0, 0x0, 0x0, 0x0, 0x0, 0xc9, 0x0, 0x0,
    0x13, 0x32, 0x11, 0xea, 0x0, 0x2b, 0xff, 0xff,
    0xff, 0xf6, 0x3, 0xff, 0x85, 0x5a, 0xff, 0x30,
    0xd, 0xe2, 0x0, 0x0, 0x5f, 0xb0, 0x6f, 0x50,
    0x0, 0x0, 0x9, 0xf2, 0xbf, 0x0, 0x0, 0x0,
    0x3, 0xf7, 0xdc, 0x0, 0x0, 0x0, 0x0, 0xf9,
    0xeb, 0x0, 0x0, 0x0, 0x0, 0xfa, 0xdc, 0x0,
    0x0, 0x0, 0x0, 0xf9, 0xaf, 0x0, 0x0, 0x0,
    0x3, 0xf7, 0x5f, 0x60, 0x0, 0x0, 0xa, 0xf2,
    0xd, 0xf3, 0x0, 0x0, 0x6f, 0xa0, 0x2, 0xef,
    0xa6, 0x7b, 0xfc, 0x10, 0x0, 0x1a, 0xff, 0xfe,
    0x80, 0x0, 0x0, 0x0, 0x1, 0x10, 0x0, 0x0,

    /* U+01A1 "ơ" */
    0x0, 0x0, 0x0, 0x0, 0x5f, 0x20, 0x0, 0x0,
    0x0, 0x5, 0xf2, 0x0, 0x8, 0xdf, 0xed, 0xed,
    0x0, 0xc, 0xfa, 0x8b, 0xfb, 0x0, 0x7, 0xf5,
    0x0, 0x8, 0xf4, 0x0, 0xdc, 0x0, 0x0, 0xf,
    0xa0, 0xf, 0x90, 0x0, 0x0, 0xcc, 0x0, 0xf8,
    0x0, 0x0, 0xc, 0xd0, 0xe, 0xb0, 0x0, 0x0,
    0xeb, 0x0, 0x9f, 0x20, 0x0, 0x5f, 0x60, 0x1,
    0xee, 0x53, 0x7f, 0xc0, 0x0, 0x2, 0xcf, 0xff,
    0xa1, 0x0, 0x0, 0x0, 0x12, 0x10, 0x0, 0x0,

    /* U+01AF "Ư" */
    0x0, 0x0, 0x0, 0x0, 0x0, 0x1e, 0x50, 0x10,
    0x0, 0x0, 0x0, 0x12, 0xf6, 0x6f, 0x40, 0x0,
    0x0, 0xd, 0xff, 0x36, 0xf4, 0x0, 0x0, 0x0,
    0xdd, 0x10, 0x6f, 0x40, 0x0, 0x0, 0xd, 0xd0,
    0x6, 0xf4, 0x0, 0x0, 0x0, 0xdd, 0x0, 0x6f,
    0x40, 0x0, 0x0, 0xd, 0xd0, 0x6, 0xf4, 0x0,
    0x0, 0x0, 0xdd, 0x0, 0x6f, 0x40, 0x0, 0x0,
    0xd, 0xd0, 0x6, 0xf4, 0x0, 0x0, 0x0, 0xdd,
    0x0, 0x6f, 0x40, 0x0, 0x0, 0xe, 0xc0, 0x4,
    0xf7, 0x0, 0x0, 0x1, 0xfa, 0x0, 0xf, 0xe1,
    0x0, 0x0, 0x9f, 0x50, 0x0, 0x5f, 0xe8, 0x57,
    0xcf, 0xb0, 0x0, 0x0, 0x4c, 0xff, 0xfe, 0x80,
    0x0, 0x0, 0x0, 0x1, 0x32, 0x0, 0x0, 0x0,

    /* U+01B0 "ư" */
    0x0, 0x0, 0x0, 0x0, 0x9c, 0x0, 0x0, 0x0,
    0x0, 0x9c, 0x8c, 0x0, 0x0, 0x4d, 0xf9, 0x9f,
    0x0, 0x0, 0x5f, 0x60, 0x9f, 0x0, 0x0, 0x5f,
    0x40, 0x9f, 0x0, 0x0, 0x5f, 0x40, 0x9f, 0x0,
    0x0, 0x5f, 0x40, 0x9f, 0x0, 0x0, 0x5f, 0x40,
    0x9f, 0x0, 0x0, 0x6f, 0x40, 0x7f, 0x40, 0x0,
    0xbf, 0x40, 0x2f, 0xe6, 0x5a, 0xcf, 0x40, 0x5,
    0xef, 0xf9, 0x4f, 0x40, 0x0, 0x1, 0x0, 0x0,
    0x0,

    /* U+1EA0 "Ạ" */
    0x0, 0x0, 0x1, 0x10, 0x0, 0x0, 0x0, 0x0,
    0xf, 0xf5, 0x0, 0x0, 0x0, 0x0, 0x5f, 0xdb,
    0x0, 0x0, 0x0, 0x0, 0xbc, 0x7f, 0x10, 0x0,
    0x0, 0x1, 0xf8, 0x2f, 0x70, 0x0, 0x0, 0x7,
    0xf2, 0xd, 0xd0, 0x0, 0x0, 0xd, 0xd0, 0x7,
    0xf3, 0x0, 0x0, 0x2f, 0x70, 0x2, 0xf9, 0x0,
    0x0, 0x8f, 0x41, 0x11, 0xce, 0x0, 0x0, 0xef,
    0xff, 0xff, 0xff, 0x40, 0x4, 0xf9, 0x55, 0x55,
    0x5f, 0xa0, 0xa, 0xf1, 0x0, 0x0, 0xb, 0xf1,
    0xf, 0xc0, 0x0, 0x0, 0x5, 0xf6, 0x5f, 0x60,
    0x0, 0x0, 0x0, 0xfc, 0x0, 0x0, 0x0, 0x0,
    0x0, 0x0, 0x0, 0x0, 0x2, 0x40, 0x0, 0x0,
    0x0, 0x0, 0xc, 0xf4, 0x0, 0x0, 0x0, 0x0,
    0x5, 0x90, 0x0, 0x0,

    /* U+1EA1 "ạ" */
    0x0, 0x4b, 0xee, 0xb3, 0x0, 0x5f, 0xd8, 0x8d,
    0xf3, 0x7, 0xb0, 0x0, 0x1f, 0x90, 0x0, 0x0,
    0x0, 0xeb, 0x0, 0x27, 0xac, 0xff, 0xb0, 0x7f,
    0xea, 0x85, 0xeb, 0x1f, 0xa0, 0x0, 0xe, 0xb2,
    0xf6, 0x0, 0x2, 0xfb, 0xe, 0xe5, 0x35, 0xdf,
    0xb0, 0x3d, 0xff, 0xe5, 0xdb, 0x0, 0x2, 0x20,
    0x0, 0x0, 0x0, 0x4, 0x30, 0x0, 0x0, 0x1,
    0xff, 0x0, 0x0, 0x0, 0x8, 0x70, 0x0,

    /* U+1EA2 "Ả" */
    0x0, 0x0, 0x4f, 0xd3, 0x0, 0x0, 0x0, 0x0,
    0x1, 0xe5, 0x0, 0x0, 0x0, 0x0, 0x3, 0x90,
    0x0, 0x0, 0x0, 0x0, 0x1, 0x10, 0x0, 0x0,
    0x0, 0x0, 0xf, 0xf5, 0x0, 0x0, 0x0, 0x0,
    0x5f, 0xdb, 0x0, 0x0, 0x0, 0x0, 0xbc, 0x7f,
    0x10, 0x0, 0x0, 0x1, 0xf8, 0x2f, 0x70, 0x0,
    0x0, 0x7, 0xf2, 0xd, 0xd0, 0x0, 0x0, 0xd,
    0xd0, 0x7, 0xf3, 0x0, 0x0, 0x2f, 0x70, 0x2,
    0xf9, 0x0, 0x0, 0x8f, 0x41, 0x11, 0xce, 0x0,
    0x0, 0xef, 0xff, 0xff, 0xff, 0x40, 0x4, 0xf9,
    0x55, 0x55, 0x5f, 0xa0, 0xa, 0xf1, 0x0, 0x0,
    0xb, 0xf1, 0xf, 0xc0, 0x0, 0x0, 0x5, 0xf6,
    0x5f, 0x60, 0x0, 0x0, 0x0, 0xfc,

    /* U+1EA3 "ả" */
    0x0, 0x6, 0xa7, 0x0, 0x0, 0x0, 0x37, 0xf1,
    0x0, 0x0, 0x0, 0x79, 0x0, 0x0, 0x0, 0x0,
    0x0, 0x0, 0x0, 0x4b, 0xee, 0xb3, 0x0, 0x5f,
    0xd8, 0x8d, 0xf3, 0x7, 0xb0, 0x0, 0x1f, 0x90,
    0x0, 0x0, 0x0, 0xeb, 0x0, 0x27, 0xac, 0xff,
    0xb0, 0x7f, 0xea, 0x85, 0xeb, 0x1f, 0xa0, 0x0,
    0xe, 0xb2, 0xf6, 0x0, 0x2, 0xfb, 0xe, 0xe5,
    0x35, 0xdf, 0xb0, 0x3d, 0xff, 0xe5, 0xdb, 0x0,
    0x2, 0x20, 0x0, 0x0,

    /* U+1EA4 "Ấ" */
    0x0, 0x0, 0x0, 0x0, 0x7d, 0x20, 0x0, 0x0,
    0x0, 0x1, 0xf7, 0x0, 0x0, 0x0, 0x0, 0x3,
    0x70, 0x0, 0x0, 0x0, 0x9, 0xb3, 0x0, 0x0,
    0x0, 0x0, 0x8e, 0x8e, 0x20, 0x0, 0x0, 0x3,
    0xb3, 0x8, 0x90, 0x0, 0x0, 0x0, 0x1, 0x10,
    0x0, 0x0, 0x0, 0x0, 0xf, 0xf5, 0x0, 0x0,
    0x0, 0x0, 0x5f, 0xdb, 0x0, 0x0, 0x0, 0x0,
    0xbc, 0x7f, 0x10, 0x0, 0x0, 0x1, 0xf8, 0x2f,
    0x70, 0x0, 0x0, 0x7, 0xf2, 0xd, 0xd0, 0x0,
    0x0, 0xd, 0xd0, 0x7, 0xf3, 0x0, 0x0, 0x2f,
    0x70, 0x2, 0xf9, 0x0, 0x0, 0x8f, 0x41, 0x11,
    0xce, 0x0, 0x0, 0xef, 0xff, 0xff, 0xff, 0x40,
    0x4, 0xf9, 0x55, 0x55, 0x5f, 0xa0, 0xa, 0xf1,
    0x0, 0x0, 0xb, 0xf1, 0xf, 0xc0, 0x0, 0x0,
    0x5, 0xf6, 0x5f, 0x60, 0x0, 0x0, 0x0, 0xfc,

    /* U+1EA5 "ấ" */
    0x0, 0x0, 0x0, 0x7, 0x90, 0x0, 0x0, 0x0,
    0x2f, 0x50, 0x0, 0x0, 0x0, 0x89, 0x0, 0x0,
    0x0, 0x66, 0x0, 0x0, 0x0, 0xa, 0xde, 0x80,
    0x0, 0x0, 0x7e, 0x23, 0xf6, 0x0, 0x0, 0x0,
    0x0, 0x0, 0x0, 0x0, 0x4b, 0xee, 0xb3, 0x0,
    0x5, 0xfd, 0x88, 0xdf, 0x30, 0x7, 0xb0, 0x0,
    0x1f, 0x90, 0x0, 0x0, 0x0, 0xe, 0xb0, 0x0,
    0x27, 0xac, 0xff, 0xb0, 0x7, 0xfe, 0xa8, 0x5e,
    0xb0, 0x1f, 0xa0, 0x0, 0xe, 0xb0, 0x2f, 0x60,
    0x0, 0x2f, 0xb0, 0xe, 0xe5, 0x35, 0xdf, 0xb0,
    0x3, 0xdf, 0xfe, 0x5d, 0xb0, 0x0, 0x2, 0x20,
    0x0, 0x0,

    /* U+1EA6 "Ầ" */
    0x0, 0x0, 0x0, 0x7e, 0x20, 0x0, 0x0, 0x0,
    0x0, 0xc, 0xa0, 0x0, 0x0, 0x0, 0x0, 0x2,
    0x80, 0x0, 0x0, 0x0, 0x9, 0xb3, 0x0, 0x0,
    0x0, 0x0, 0x8e, 0x8e, 0x20, 0x0, 0x0, 0x3,
    0xb3, 0x8, 0x90, 0x0, 0x0, 0x0, 0x1, 0x10,
    0x0, 0x0, 0x0, 0x0, 0xf, 0xf5, 0x0, 0x0,
    0x0, 0x0, 0x5f, 0xdb, 0x0, 0x0, 0x0, 0x0,
    0xbc, 0x7f, 0x10, 0x0, 0x0, 0x1, 0xf8, 0x2f,
    0x70, 0x0, 0x0, 0x7, 0xf2, 0xd, 0xd0, 0x0,
    0x0, 0xd, 0xd0, 0x7, 0xf3, 0x0, 0x0, 0x2f,
    0x70, 0x2, 0xf9, 0x0, 0x0, 0x8f, 0x41, 0x11,
    0xce, 0x0, 0x0, 0xef, 0xff, 0xff, 0xff, 0x40,
    0x4, 0xf9, 0x55, 0x55, 0x5f, 0xa0, 0xa, 0xf1,
    0x0, 0x0, 0xb, 0xf1, 0xf, 0xc0, 0x0, 0x0,
    0x5, 0xf6, 0x5f, 0x60, 0x0, 0x0, 0x0, 0xfc,

    /* U+1EA7 "ầ" */
    0x0, 0x0, 0x8, 0x80, 0x0, 0x0, 0x0, 0x5f,
    0x30, 0x0, 0x0, 0x0, 0x98, 0x0, 0x0, 0x6,
    0x60, 0x0, 0x0, 0xa, 0xde, 0x80, 0x0, 0x7,
    0xe2, 0x3f, 0x60, 0x0, 0x0, 0x0, 0x0, 0x0,
    0x4, 0xbe, 0xeb, 0x30, 0x5, 0xfd, 0x88, 0xdf,
    0x30, 0x7b, 0x0, 0x1, 0xf9, 0x0, 0x0, 0x0,
    0xe, 0xb0, 0x2, 0x7a, 0xcf, 0xfb, 0x7, 0xfe,
    0xa8, 0x5e, 0xb1, 0xfa, 0x0, 0x0, 0xeb, 0x2f,
    0x60, 0x0, 0x2f, 0xb0, 0xee, 0x53, 0x5d, 0xfb,
    0x3, 0xdf, 0xfe, 0x5d, 0xb0, 0x0, 0x22, 0x0,
    0x0,

    /* U+1EA8 "Ẩ" */
    0x0, 0x0, 0x0, 0x6e, 0xc1, 0x0, 0x0, 0x0,
    0x0, 0x13, 0xf3, 0x0, 0x0, 0x0, 0x0, 0x3,
    0x60, 0x0, 0x0, 0x0, 0x9, 0xb3, 0x0, 0x0,
    0x0, 0x0, 0x8e, 0x8e, 0x20, 0x0, 0x0, 0x3,
    0xb3, 0x8, 0x90, 0x0, 0x0, 0x0, 0x1, 0x10,
    0x0, 0x0, 0x0, 0x0, 0xf, 0xf5, 0x0, 0x0,
    0x0, 0x0, 0x5f, 0xdb, 0x0, 0x0, 0x0, 0x0,
    0xbc, 0x7f, 0x10, 0x0, 0x0, 0x1, 0xf8, 0x2f,
    0x70, 0x0, 0x0, 0x7, 0xf2, 0xd, 0xd0, 0x0,
    0x0, 0xd, 0xd0, 0x7, 0xf3, 0x0, 0x0, 0x2f,
    0x70, 0x2, 0xf9, 0x0, 0x0, 0x8f, 0x41, 0x11,
    0xce, 0x0, 0x0, 0xef, 0xff, 0xff, 0xff, 0x40,
    0x4, 0xf9, 0x55, 0x55, 0x5f, 0xa0, 0xa, 0xf1,
    0x0, 0x0, 0xb, 0xf1, 0xf, 0xc0, 0x0, 0x0,
    0x5, 0xf6, 0x5f, 0x60, 0x0, 0x0, 0x0, 0xfc,

    /* U+1EA9 "ẩ" */
    0x0, 0x0, 0x7, 0x95, 0x0, 0x0, 0x0, 0x5a,
    0xf0, 0x0, 0x0, 0x0, 0x87, 0x0, 0x0, 0x6,
    0x60, 0x0, 0x0, 0xa, 0xde, 0x80, 0x0, 0x7,
    0xe2, 0x3f, 0x60, 0x0, 0x0, 0x0, 0x0, 0x0,
    0x4, 0xbe, 0xeb, 0x30, 0x5, 0xfd, 0x88, 0xdf,
    0x30, 0x7b, 0x0, 0x1, 0xf9, 0x0, 0x0, 0x0,
    0xe, 0xb0, 0x2, 0x7a, 0xcf, 0xfb, 0x7, 0xfe,
    0xa8, 0x5e, 0xb1, 0xfa, 0x0, 0x0, 0xeb, 0x2f,
    0x60, 0x0, 0x2f, 0xb0, 0xee, 0x53, 0x5d, 0xfb,
    0x3, 0xdf, 0xfe, 0x5d, 0xb0, 0x0, 0x22, 0x0,
    0x0,

    /* U+1EAA "Ẫ" */
    0x0, 0x0, 0x57, 0x13, 0x60, 0x0, 0x0, 0x2,
    0xfa, 0xfe, 0x80, 0x0, 0x0, 0x1, 0x30, 0x13,
    0x0, 0x0, 0x0, 0x0, 0x9, 0xb3, 0x0, 0x0,
    0x0, 0x0, 0x8e, 0x8e, 0x20, 0x0, 0x0, 0x3,
    0xb3, 0x8, 0x90, 0x0, 0x0, 0x0, 0x1, 0x10,
    0x0, 0x0, 0x0, 0x0, 0xf, 0xf5, 0x0, 0x0,
    0x0, 0x0, 0x5f, 0xdb, 0x0, 0x0, 0x0, 0x0,
    0xbc, 0x7f, 0x10, 0x0, 0x0, 0x1, 0xf8, 0x2f,
    0x70, 0x0, 0x0, 0x7, 0xf2, 0xd, 0xd0, 0x0,
    0x0, 0xd, 0xd0, 0x7, 0xf3, 0x0, 0x0, 0x2f,
    0x70, 0x2, 0xf9, 0x0, 0x0, 0x8f, 0x41, 0x11,
    0xce, 0x0, 0x0, 0xef, 0xff, 0xff, 0xff, 0x40,
    0x4, 0xf9, 0x55, 0x55, 0x5f, 0xa0, 0xa, 0xf1,
    0x0, 0x0, 0xb, 0xf1, 0xf, 0xc0, 0x0, 0x0,
    0x5, 0xf6, 0x5f, 0x60, 0x0, 0x0, 0x0, 0xfc,

    /* U+1EAB "ẫ" */
    0x0, 0x3, 0x20, 0x22, 0x0, 0x5, 0xff, 0xbe,
    0x50, 0x0, 0x44, 0x16, 0x70, 0x0, 0x0, 0x6,
    0x60, 0x0, 0x0, 0xa, 0xde, 0x80, 0x0, 0x7,
    0xe2, 0x3f, 0x60, 0x0, 0x0, 0x0, 0x0, 0x0,
    0x4, 0xbe, 0xeb, 0x30, 0x5, 0xfd, 0x88, 0xdf,
    0x30, 0x7b, 0x0, 0x1, 0xf9, 0x0, 0x0, 0x0,
    0xe, 0xb0, 0x2, 0x7a, 0xcf, 0xfb, 0x7, 0xfe,
    0xa8, 0x5e, 0xb1, 0xfa, 0x0, 0x0, 0xeb, 0x2f,
    0x60, 0x0, 0x2f, 0xb0, 0xee, 0x53, 0x5d, 0xfb,
    0x3, 0xdf, 0xfe, 0x5d, 0xb0, 0x0, 0x22, 0x0,
    0x0,

    /* U+1EAC "Ậ" */
    0x0, 0x0, 0x1d, 0xf5, 0x0, 0x0, 0x0, 0x0,
    0xcb, 0x5f, 0x40, 0x0, 0x0, 0x3, 0x71, 0x5,
    0x60, 0x0, 0x0, 0x0, 0x1, 0x10, 0x0, 0x0,
    0x0, 0x0, 0xf, 0xf5, 0x0, 0x0, 0x0, 0x0,
    0x5f, 0xdb, 0x0, 0x0, 0x0, 0x0, 0xbc, 0x7f,
    0x10, 0x0, 0x0, 0x1, 0xf8, 0x2f, 0x70, 0x0,
    0x0, 0x7, 0xf2, 0xd, 0xd0, 0x0, 0x0, 0xd,
    0xd0, 0x7, 0xf3, 0x0, 0x0, 0x2f, 0x70, 0x2,
    0xf9, 0x0, 0x0, 0x8f, 0x41, 0x11, 0xce, 0x0,
    0x0, 0xef, 0xff, 0xff, 0xff, 0x40, 0x4, 0xf9,
    0x55, 0x55, 0x5f, 0xa0, 0xa, 0xf1, 0x0, 0x0,
    0xb, 0xf1, 0xf, 0xc0, 0x0, 0x0, 0x5, 0xf6,
    0x5f, 0x60, 0x0, 0x0, 0x0, 0xfc, 0x0, 0x0,
    0x0, 0x0, 0x0, 0x0, 0x0, 0x0, 0x2, 0x40,
    0x0, 0x0, 0x0, 0x0, 0xc, 0xf4, 0x0, 0x0,
    0x0, 0x0, 0x5, 0x90, 0x0, 0x0,

    /* U+1EAD "ậ" */
    0x0, 0x1, 0xa9, 0x0, 0x0, 0x1, 0xda, 0xcb,
    0x0, 0x0, 0x7a, 0x1, 0xb5, 0x0, 0x0, 0x0,
    0x0, 0x0, 0x0, 0x4b, 0xee, 0xb3, 0x0, 0x5f,
    0xd8, 0x8d, 0xf3, 0x7, 0xb0, 0x0, 0x1f, 0x90,
    0x0, 0x0, 0x0, 0xeb, 0x0, 0x27, 0xac, 0xff,
    0xb0, 0x7f, 0xea, 0x85, 0xeb, 0x1f, 0xa0, 0x0,
    0xe, 0xb2, 0xf6, 0x0, 0x2, 0xfb, 0xe, 0xe5,
    0x35, 0xdf, 0xb0, 0x3d, 0xff, 0xe5, 0xdb, 0x0,
    0x2, 0x20, 0x0, 0x0, 0x0, 0x4, 0x30, 0x0,
    0x0, 0x1, 0xff, 0x0, 0x0, 0x0, 0x8, 0x70,
    0x0,

    /* U+1EAE "Ắ" */
    0x0, 0x0, 0x0, 0x5e, 0x30, 0x0, 0x0, 0x0,
    0x0, 0xd9, 0x0, 0x0, 0x0, 0x0, 0x2, 0x80,
    0x0, 0x0, 0x0, 0x2, 0xa0, 0x4, 0x80, 0x0,
    0x0, 0x0, 0xd9, 0x6e, 0x60, 0x0, 0x0, 0x0,
    0x1a, 0xb6, 0x0, 0x0, 0x0, 0x0, 0x1, 0x10,
    0x0, 0x0, 0x0, 0x0, 0xf, 0xf5, 0x0, 0x0,
    0x0, 0x0, 0x5f, 0xdb, 0x0, 0x0, 0x0, 0x0,
    0xbc, 0x7f, 0x10, 0x0, 0x0, 0x1, 0xf8, 0x2f,
    0x70, 0x0, 0x0, 0x7, 0xf2, 0xd, 0xd0, 0x0,
    0x0, 0xd, 0xd0, 0x7, 0xf3, 0x0, 0x0, 0x2f,
    0x70, 0x2, 0xf9, 0x0, 0x0, 0x8f, 0x41, 0x11,
    0xce, 0x0, 0x0, 0xef, 0xff, 0xff, 0xff, 0x40,
    0x4, 0xf9, 0x55, 0x55, 0x5f, 0xa0, 0xa, 0xf1,
    0x0, 0x0, 0xb, 0xf1, 0xf, 0xc0, 0x0, 0x0,
    0x5, 0xf6, 0x5f, 0x60, 0x0, 0x0, 0x0, 0xfc,

    /* U+1EAF "ắ" */
    0x0, 0x0, 0x6, 0x90, 0x0, 0x0, 0x1, 0xf7,
    0x0, 0x0, 0x0, 0x6a, 0x0, 0x0, 0x4, 0x40,
    0x5, 0x30, 0x0, 0x6e, 0x33, 0xe4, 0x0, 0x0,
    0x8f, 0xf7, 0x0, 0x0, 0x0, 0x0, 0x0, 0x0,
    0x4, 0xbe, 0xeb, 0x30, 0x5, 0xfd, 0x88, 0xdf,
    0x30, 0x7b, 0x0, 0x1, 0xf9, 0x0, 0x0, 0x0,
    0xe, 0xb0, 0x2, 0x7a, 0xcf, 0xfb, 0x7, 0xfe,
    0xa8, 0x5e, 0xb1, 0xfa, 0x0, 0x0, 0xeb, 0x2f,
    0x60, 0x0, 0x2f, 0xb0, 0xee, 0x53, 0x5d, 0xfb,
    0x3, 0xdf, 0xfe, 0x5d, 0xb0, 0x0, 0x22, 0x0,
    0x0,

    /* U+1EB0 "Ằ" */
    0x0, 0x0, 0xbb, 0x0, 0x0, 0x0, 0x0, 0x0,
    0x3f, 0x40, 0x0, 0x0, 0x0, 0x0, 0x5, 0x50,
    0x0, 0x0, 0x0, 0x3, 0x90, 0x6, 0x70, 0x0,
    0x0, 0x1, 0xe9, 0x7e, 0x50, 0x0, 0x0, 0x0,
    0x2a, 0xb5, 0x0, 0x0, 0x0, 0x0, 0x1, 0x10,
    0x0, 0x0, 0x0, 0x0, 0xf, 0xf5, 0x0, 0x0,
    0x0, 0x0, 0x5f, 0xdb, 0x0, 0x0, 0x0, 0x0,
    0xbc, 0x7f, 0x10, 0x0, 0x0, 0x1, 0xf8, 0x2f,
    0x70, 0x0, 0x0, 0x7, 0xf2, 0xd, 0xd0, 0x0,
    0x0, 0xd, 0xd0, 0x7, 0xf3, 0x0, 0x0, 0x2f,
    0x70, 0x2, 0xf9, 0x0, 0x0, 0x8f, 0x41, 0x11,
    0xce, 0x0, 0x0, 0xef, 0xff, 0xff, 0xff, 0x40,
    0x4, 0xf9, 0x55, 0x55, 0x5f, 0xa0, 0xa, 0xf1,
    0x0, 0x0, 0xb, 0xf1, 0xf, 0xc0, 0x0, 0x0,
    0x5, 0xf6, 0x5f, 0x60, 0x0, 0x0, 0x0, 0xfc,

    /* U+1EB1 "ằ" */
    0x0, 0x2a, 0x40, 0x0, 0x0, 0x0, 0xbd, 0x0,
    0x0, 0x0, 0x1, 0xc4, 0x0, 0x0, 0x4, 0x30,
    0x5, 0x20, 0x0, 0x7d, 0x24, 0xf3, 0x0, 0x0,
    0x9f, 0xf5, 0x0, 0x0, 0x0, 0x0, 0x0, 0x0,
    0x4, 0xbe, 0xeb, 0x30, 0x5, 0xfd, 0x88, 0xdf,
    0x30, 0x7b, 0x0, 0x1, 0xf9, 0x0, 0x0, 0x0,
    0xe, 0xb0, 0x2, 0x7a, 0xcf, 0xfb, 0x7, 0xfe,
    0xa8, 0x5e, 0xb1, 0xfa, 0x0, 0x0, 0xeb, 0x2f,
    0x60, 0x0, 0x2f, 0xb0, 0xee, 0x53, 0x5d, 0xfb,
    0x3, 0xdf, 0xfe, 0x5d, 0xb0, 0x0, 0x22, 0x0,
    0x0,

    /* U+1EB2 "Ẳ" */
    0x0, 0x0, 0x2e, 0xd4, 0x0, 0x0, 0x0, 0x0,
    0x2, 0xe7, 0x0, 0x0, 0x0, 0x0, 0x1, 0x80,
    0x0, 0x0, 0x0, 0x2, 0xa0, 0x4, 0x80, 0x0,
    0x0, 0x0, 0xd9, 0x6e, 0x60, 0x0, 0x0, 0x0,
    0x1a, 0xb6, 0x0, 0x0, 0x0, 0x0, 0x1, 0x10,
    0x0, 0x0, 0x0, 0x0, 0xf, 0xf5, 0x0, 0x0,
    0x0, 0x0, 0x5f, 0xdb, 0x0, 0x0, 0x0, 0x0,
    0xbc, 0x7f, 0x10, 0x0, 0x0, 0x1, 0xf8, 0x2f,
    0x70, 0x0, 0x0, 0x7, 0xf2, 0xd, 0xd0, 0x0,
    0x0, 0xd, 0xd0, 0x7, 0xf3, 0x0, 0x0, 0x2f,
    0x70, 0x2, 0xf9, 0x0, 0x0, 0x8f, 0x41, 0x11,
    0xce, 0x0, 0x0, 0xef, 0xff, 0xff, 0xff, 0x40,
    0x4, 0xf9, 0x55, 0x55, 0x5f, 0xa0, 0xa, 0xf1,
    0x0, 0x0, 0xb, 0xf1, 0xf, 0xc0, 0x0, 0x0,
    0x5, 0xf6, 0x5f, 0x60, 0x0, 0x0, 0x0, 0xfc,

    /* U+1EB3 "ẳ" */
    0x0, 0x5, 0x97, 0x0, 0x0, 0x0, 0x37, 0xf3,
    0x0, 0x0, 0x0, 0x5a, 0x0, 0x0, 0x4, 0x40,
    0x5, 0x30, 0x0, 0x6e, 0x33, 0xe4, 0x0, 0x0,
    0x8f, 0xf7, 0x0, 0x0, 0x0, 0x0, 0x0, 0x0,
    0x4, 0xbe, 0xeb, 0x30, 0x5, 0xfd, 0x88, 0xdf,
    0x30, 0x7b, 0x0, 0x1, 0xf9, 0x0, 0x0, 0x0,
    0xe, 0xb0, 0x2, 0x7a, 0xcf, 0xfb, 0x7, 0xfe,
    0xa8, 0x5e, 0xb1, 0xfa, 0x0, 0x0, 0xeb, 0x2f,
    0x60, 0x0, 0x2f, 0xb0, 0xee, 0x53, 0x5d, 0xfb,
    0x3, 0xdf, 0xfe, 0x5d, 0xb0, 0x0, 0x22, 0x0,
    0x0,

    /* U+1EB4 "Ẵ" */
    0x0, 0x0, 0x57, 0x12, 0x60, 0x0, 0x0, 0x1,
    0xfa, 0xfe, 0x90, 0x0, 0x0, 0x1, 0x30, 0x13,
    0x0, 0x0, 0x0, 0x2, 0xa0, 0x5, 0x70, 0x0,
    0x0, 0x0, 0xe9, 0x6e, 0x50, 0x0, 0x0, 0x0,
    0x19, 0xb5, 0x0, 0x0, 0x0, 0x0, 0x1, 0x10,
    0x0, 0x0, 0x0, 0x0, 0xf, 0xf5, 0x0, 0x0,
    0x0, 0x0, 0x5f, 0xdb, 0x0, 0x0, 0x0, 0x0,
    0xbc, 0x7f, 0x10, 0x0, 0x0, 0x1, 0xf8, 0x2f,
    0x70, 0x0, 0x0, 0x7, 0xf2, 0xd, 0xd0, 0x0,
    0x0, 0xd, 0xd0, 0x7, 0xf3, 0x0, 0x0, 0x2f,
    0x70, 0x2, 0xf9, 0x0, 0x0, 0x8f, 0x41, 0x11,
    0xce, 0x0, 0x0, 0xef, 0xff, 0xff, 0xff, 0x40,
    0x4, 0xf9, 0x55, 0x55, 0x5f, 0xa0, 0xa, 0xf1,
    0x0, 0x0, 0xb, 0xf1, 0xf, 0xc0, 0x0, 0x0,
    0x5, 0xf6, 0x5f, 0x60, 0x0, 0x0, 0x0, 0xfc,

    /* U+1EB5 "ẵ" */
    0x0, 0x3, 0x20, 0x22, 0x0, 0x4, 0xff, 0xbe,
    0x60, 0x0, 0x45, 0x16, 0x70, 0x0, 0x3, 0x30,
    0x5, 0x20, 0x0, 0x6d, 0x23, 0xf3, 0x0, 0x0,
    0x8f, 0xe5, 0x0, 0x0, 0x0, 0x0, 0x0, 0x0,
    0x4, 0xbe, 0xeb, 0x30, 0x5, 0xfd, 0x88, 0xdf,
    0x30, 0x7b, 0x0, 0x1, 0xf9, 0x0, 0x0, 0x0,
    0xe, 0xb0, 0x2, 0x7a, 0xcf, 0xfb, 0x7, 0xfe,
    0xa8, 0x5e, 0xb1, 0xfa, 0x0, 0x0, 0xeb, 0x2f,
    0x60, 0x0, 0x2f, 0xb0, 0xee, 0x53, 0x5d, 0xfb,
    0x3, 0xdf, 0xfe, 0x5d, 0xb0, 0x0, 0x22, 0x0,
    0x0,

    /* U+1EB6 "Ặ" */
    0x0, 0x4, 0xe0, 0x8, 0xa0, 0x0, 0x0, 0x0,
    0xbc, 0xae, 0x30, 0x0, 0x0, 0x0, 0x6, 0x72,
    0x0, 0x0, 0x0, 0x0, 0x1, 0x10, 0x0, 0x0,
    0x0, 0x0, 0xf, 0xf5, 0x0, 0x0, 0x0, 0x0,
    0x5f, 0xdb, 0x0, 0x0, 0x0, 0x0, 0xbc, 0x7f,
    0x10, 0x0, 0x0, 0x1, 0xf8, 0x2f, 0x70, 0x0,
    0x0, 0x7, 0xf2, 0xd, 0xd0, 0x0, 0x0, 0xd,
    0xd0, 0x7, 0xf3, 0x0, 0x0, 0x2f, 0x70, 0x2,
    0xf9, 0x0, 0x0, 0x8f, 0x41, 0x11, 0xce, 0x0,
    0x0, 0xef, 0xff, 0xff, 0xff, 0x40, 0x4, 0xf9,
    0x55, 0x55, 0x5f, 0xa0, 0xa, 0xf1, 0x0, 0x0,
    0xb, 0xf1, 0xf, 0xc0, 0x0, 0x0, 0x5, 0xf6,
    0x5f, 0x60, 0x0, 0x0, 0x0, 0xfc, 0x0, 0x0,
    0x0, 0x0, 0x0, 0x0, 0x0, 0x0, 0x2, 0x40,
    0x0, 0x0, 0x0, 0x0, 0xc, 0xf4, 0x0, 0x0,
    0x0, 0x0, 0x5, 0x90, 0x0, 0x0,

    /* U+1EB7 "ặ" */
    0x0, 0x66, 0x0, 0x84, 0x0, 0x4, 0xe6, 0x7f,
    0x20, 0x0, 0x5, 0xbb, 0x30, 0x0, 0x0, 0x0,
    0x0, 0x0, 0x0, 0x4b, 0xee, 0xb3, 0x0, 0x5f,
    0xd8, 0x8d, 0xf3, 0x7, 0xb0, 0x0, 0x1f, 0x90,
    0x0, 0x0, 0x0, 0xeb, 0x0, 0x27, 0xac, 0xff,
    0xb0, 0x7f, 0xea, 0x85, 0xeb, 0x1f, 0xa0, 0x0,
    0xe, 0xb2, 0xf6, 0x0, 0x2, 0xfb, 0xe, 0xe5,
    0x35, 0xdf, 0xb0, 0x3d, 0xff, 0xe5, 0xdb, 0x0,
    0x2, 0x20, 0x0, 0x0, 0x0, 0x4, 0x30, 0x0,
    0x0, 0x1, 0xff, 0x0, 0x0, 0x0, 0x8, 0x70,
    0x0,

    /* U+1EB8 "Ẹ" */
    0x1, 0x11, 0x11, 0x11, 0x6, 0xff, 0xff, 0xff,
    0xf9, 0x6f, 0x86, 0x66, 0x66, 0x36, 0xf4, 0x0,
    0x0, 0x0, 0x6f, 0x40, 0x0, 0x0, 0x6, 0xf4,
    0x0, 0x0, 0x0, 0x6f, 0x85, 0x55, 0x55, 0x6,
    0xff, 0xff, 0xff, 0xf2, 0x6f, 0x52, 0x22, 0x22,
    0x6, 0xf4, 0x0, 0x0, 0x0, 0x6f, 0x40, 0x0,
    0x0, 0x6, 0xf4, 0x0, 0x0, 0x0, 0x6f, 0x97,
    0x77, 0x77, 0x46, 0xff, 0xff, 0xff, 0xfa, 0x0,
    0x0, 0x0, 0x0, 0x0, 0x0, 0x5, 0x10, 0x0,
    0x0, 0x6, 0xfa, 0x0, 0x0, 0x0, 0x1a, 0x40,
    0x0,

    /* U+1EB9 "ẹ" */
    0x0, 0x8, 0xde, 0xc6, 0x0, 0x0, 0xcf, 0x97,
    0xbf, 0x80, 0x8, 0xf3, 0x0, 0xa, 0xf2, 0xd,
    0xb0, 0x0, 0x2, 0xf7, 0xf, 0xdb, 0xbb, 0xbb,
    0xf9, 0xf, 0xda, 0xaa, 0xaa, 0xa6, 0xe, 0xa0,
    0x0, 0x0, 0x0, 0xa, 0xf1, 0x0, 0x3, 0x82,
    0x1, 0xed, 0x63, 0x6e, 0xf1, 0x0, 0x2c, 0xff,
    0xfc, 0x30, 0x0, 0x0, 0x13, 0x10, 0x0, 0x0,
    0x0, 0x15, 0x0, 0x0, 0x0, 0x0, 0xbf, 0x50,
    0x0, 0x0, 0x0, 0x4a, 0x10, 0x0,

    /* U+1EBA "Ẻ" */
    0x0, 0xd, 0xe8, 0x0, 0x0, 0x0, 0x19, 0xb0,
    0x0, 0x0, 0x0, 0x83, 0x0, 0x0, 0x11, 0x11,
    0x11, 0x10, 0x6f, 0xff, 0xff, 0xff, 0x96, 0xf8,
    0x66, 0x66, 0x63, 0x6f, 0x40, 0x0, 0x0, 0x6,
    0xf4, 0x0, 0x0, 0x0, 0x6f, 0x40, 0x0, 0x0,
    0x6, 0xf8, 0x55, 0x55, 0x50, 0x6f, 0xff, 0xff,
    0xff, 0x26, 0xf5, 0x22, 0x22, 0x20, 0x6f, 0x40,
    0x0, 0x0, 0x6, 0xf4, 0x0, 0x0, 0x0, 0x6f,
    0x40, 0x0, 0x0, 0x6, 0xf9, 0x77, 0x77, 0x74,
    0x6f, 0xff, 0xff, 0xff, 0xa0,

    /* U+1EBB "ẻ" */
    0x0, 0x1, 0xb9, 0x20, 0x0, 0x0, 0x0, 0x5d,
    0x70, 0x0, 0x0, 0x0, 0x2d, 0x10, 0x0, 0x0,
    0x0, 0x0, 0x0, 0x0, 0x0, 0x8, 0xde, 0xc6,
    0x0, 0x0, 0xcf, 0x97, 0xbf, 0x80, 0x8, 0xf3,
    0x0, 0xa, 0xf2, 0xd, 0xb0, 0x0, 0x2, 0xf7,
    0xf, 0xdb, 0xbb, 0xbb, 0xf9, 0xf, 0xda, 0xaa,
    0xaa, 0xa6, 0xe, 0xa0, 0x0, 0x0, 0x0, 0xa,
    0xf1, 0x0, 0x3, 0x82, 0x1, 0xed, 0x63, 0x6e,
    0xf1, 0x0, 0x2c, 0xff, 0xfc, 0x30, 0x0, 0x0,
    0x13, 0x10, 0x0,

    /* U+1EBC "Ẽ" */
    0x0, 0x39, 0x50, 0xa1, 0x0, 0xd, 0xac, 0xfd,
    0x0, 0x0, 0x20, 0x2, 0x0, 0x0, 0x11, 0x11,
    0x11, 0x10, 0x6f, 0xff, 0xff, 0xff, 0x96, 0xf8,
    0x66, 0x66, 0x63, 0x6f, 0x40, 0x0, 0x0, 0x6,
    0xf4, 0x0, 0x0, 0x0, 0x6f, 0x40, 0x0, 0x0,
    0x6, 0xf8, 0x55, 0x55, 0x50, 0x6f, 0xff, 0xff,
    0xff, 0x26, 0xf5, 0x22, 0x22, 0x20, 0x6f, 0x40,
    0x0, 0x0, 0x6, 0xf4, 0x0, 0x0, 0x0, 0x6f,
    0x40, 0x0, 0x0, 0x6, 0xf9, 0x77, 0x77, 0x74,
    0x6f, 0xff, 0xff, 0xff, 0xa0,

    /* U+1EBD "ẽ" */
    0x0, 0x2, 0x50, 0x14, 0x0, 0x0, 0x1f, 0xde,
    0xda, 0x0, 0x0, 0x16, 0x3, 0x61, 0x0, 0x0,
    0x0, 0x0, 0x0, 0x0, 0x0, 0x8, 0xde, 0xc6,
    0x0, 0x0, 0xcf, 0x97, 0xbf, 0x80, 0x8, 0xf3,
    0x0, 0xa, 0xf2, 0xd, 0xb0, 0x0, 0x2, 0xf7,
    0xf, 0xdb, 0xbb, 0xbb, 0xf9, 0xf, 0xda, 0xaa,
    0xaa, 0xa6, 0xe, 0xa0, 0x0, 0x0, 0x0, 0xa,
    0xf1, 0x0, 0x3, 0x82, 0x1, 0xed, 0x63, 0x6e,
    0xf1, 0x0, 0x2c, 0xff, 0xfc, 0x30, 0x0, 0x0,
    0x13, 0x10, 0x0,

    /* U+1EBE "Ế" */
    0x0, 0x0, 0x0, 0x2e, 0x70, 0x0, 0x0, 0x9,
    0xd0, 0x0, 0x0, 0x0, 0x82, 0x0, 0x0, 0x4b,
    0x80, 0x0, 0x0, 0x3f, 0x8e, 0x80, 0x0, 0x9,
    0x70, 0x4b, 0x20, 0x1, 0x11, 0x11, 0x11, 0x6,
    0xff, 0xff, 0xff, 0xf9, 0x6f, 0x86, 0x66, 0x66,
    0x36, 0xf4, 0x0, 0x0, 0x0, 0x6f, 0x40, 0x0,
    0x0, 0x6, 0xf4, 0x0, 0x0, 0x0, 0x6f, 0x85,
    0x55, 0x55, 0x6, 0xff, 0xff, 0xff, 0xf2, 0x6f,
    0x52, 0x22, 0x22, 0x6, 0xf4, 0x0, 0x0, 0x0,
    0x6f, 0x40, 0x0, 0x0, 0x6, 0xf4, 0x0, 0x0,
    0x0, 0x6f, 0x97, 0x77, 0x77, 0x46, 0xff, 0xff,
    0xff, 0xfa,

    /* U+1EBF "ế" */
    0x0, 0x0, 0x0, 0x3, 0xa3, 0x0, 0x0, 0x0,
    0xc, 0xc0, 0x0, 0x0, 0x0, 0x3c, 0x10, 0x0,
    0x0, 0x47, 0x20, 0x0, 0x0, 0x4, 0xfb, 0xd1,
    0x0, 0x0, 0x2e, 0x70, 0xcc, 0x0, 0x0, 0x0,
    0x0, 0x0, 0x0, 0x0, 0x8, 0xde, 0xc6, 0x0,
    0x0, 0xcf, 0x97, 0xbf, 0x80, 0x8, 0xf3, 0x0,
    0xa, 0xf2, 0xd, 0xb0, 0x0, 0x2, 0xf7, 0xf,
    0xdb, 0xbb, 0xbb, 0xf9, 0xf, 0xda, 0xaa, 0xaa,
    0xa6, 0xe, 0xa0, 0x0, 0x0, 0x0, 0xa, 0xf1,
    0x0, 0x3, 0x82, 0x1, 0xed, 0x63, 0x6e, 0xf1,
    0x0, 0x2c, 0xff, 0xfc, 0x30, 0x0, 0x0, 0x13,
    0x10, 0x0,

    /* U+1EC0 "Ề" */
    0x0, 0x0, 0x1d, 0x80, 0x0, 0x0, 0x0, 0x6f,
    0x10, 0x0, 0x0, 0x0, 0x73, 0x0, 0x0, 0x4b,
    0x80, 0x0, 0x0, 0x3f, 0x8e, 0x80, 0x0, 0x9,
    0x70, 0x4b, 0x20, 0x1, 0x11, 0x11, 0x11, 0x6,
    0xff, 0xff, 0xff, 0xf9, 0x6f, 0x86, 0x66, 0x66,
    0x36, 0xf4, 0x0, 0x0, 0x0, 0x6f, 0x40, 0x0,
    0x0, 0x6, 0xf4, 0x0, 0x0, 0x0, 0x6f, 0x85,
    0x55, 0x55, 0x6, 0xff, 0xff, 0xff, 0xf2, 0x6f,
    0x52, 0x22, 0x22, 0x6, 0xf4, 0x0, 0x0, 0x0,
    0x6f, 0x40, 0x0, 0x0, 0x6, 0xf4, 0x0, 0x0,
    0x0, 0x6f, 0x97, 0x77, 0x77, 0x46, 0xff, 0xff,
    0xff, 0xfa,

    /* U+1EC1 "ề" */
    0x0, 0x0, 0x5, 0xa2, 0x0, 0x0, 0x0, 0x0,
    0xe9, 0x0, 0x0, 0x0, 0x0, 0x3c, 0x10, 0x0,
    0x0, 0x47, 0x20, 0x0, 0x0, 0x4, 0xfb, 0xd1,
    0x0, 0x0, 0x2e, 0x70, 0xcc, 0x0, 0x0, 0x0,
    0x0, 0x0, 0x0, 0x0, 0x8, 0xde, 0xc6, 0x0,
    0x0, 0xcf, 0x97, 0xbf, 0x80, 0x8, 0xf3, 0x0,
    0xa, 0xf2, 0xd, 0xb0, 0x0, 0x2, 0xf7, 0xf,
    0xdb, 0xbb, 0xbb, 0xf9, 0xf, 0xda, 0xaa, 0xaa,
    0xa6, 0xe, 0xa0, 0x0, 0x0, 0x0, 0xa, 0xf1,
    0x0, 0x3, 0x82, 0x1, 0xed, 0x63, 0x6e, 0xf1,
    0x0, 0x2c, 0xff, 0xfc, 0x30, 0x0, 0x0, 0x13,
    0x10, 0x0,

    /* U+1EC2 "Ể" */
    0x0, 0x0, 0xe, 0xd5, 0x0, 0x0, 0x0, 0x2c,
    0x90, 0x0, 0x0, 0x0, 0x81, 0x0, 0x0, 0x4b,
    0x80, 0x0, 0x0, 0x3f, 0x8e, 0x80, 0x0, 0x9,
    0x70, 0x4b, 0x20, 0x1, 0x11, 0x11, 0x11, 0x6,
    0xff, 0xff, 0xff, 0xf9, 0x6f, 0x86, 0x66, 0x66,
    0x36, 0xf4, 0x0, 0x0, 0x0, 0x6f, 0x40, 0x0,
    0x0, 0x6, 0xf4, 0x0, 0x0, 0x0, 0x6f, 0x85,
    0x55, 0x55, 0x6, 0xff, 0xff, 0xff, 0xf2, 0x6f,
    0x52, 0x22, 0x22, 0x6, 0xf4, 0x0, 0x0, 0x0,
    0x6f, 0x40, 0x0, 0x0, 0x6, 0xf4, 0x0, 0x0,
    0x0, 0x6f, 0x97, 0x77, 0x77, 0x46, 0xff, 0xff,
    0xff, 0xfa,

    /* U+1EC3 "ể" */
    0x0, 0x0, 0x3, 0x98, 0x0, 0x0, 0x0, 0x2,
    0x6f, 0x50, 0x0, 0x0, 0x0, 0x3b, 0x0, 0x0,
    0x0, 0x47, 0x20, 0x0, 0x0, 0x4, 0xfb, 0xd1,
    0x0, 0x0, 0x2e, 0x70, 0xcc, 0x0, 0x0, 0x0,
    0x0, 0x0, 0x0, 0x0, 0x8, 0xde, 0xc6, 0x0,
    0x0, 0xcf, 0x97, 0xbf, 0x80, 0x8, 0xf3, 0x0,
    0xa, 0xf2, 0xd, 0xb0, 0x0, 0x2, 0xf7, 0xf,
    0xdb, 0xbb, 0xbb, 0xf9, 0xf, 0xda, 0xaa, 0xaa,
    0xa6, 0xe, 0xa0, 0x0, 0x0, 0x0, 0xa, 0xf1,
    0x0, 0x3, 0x82, 0x1, 0xed, 0x63, 0x6e, 0xf1,
    0x0, 0x2c, 0xff, 0xfc, 0x30, 0x0, 0x0, 0x13,
    0x10, 0x0,

    /* U+1EC4 "Ễ" */
    0x0, 0x28, 0x40, 0x71, 0x0, 0xb, 0xcd, 0xee,
    0x0, 0x0, 0x30, 0x3, 0x10, 0x0, 0x0, 0x4b,
    0x80, 0x0, 0x0, 0x3f, 0x8e, 0x80, 0x0, 0x9,
    0x70, 0x4b, 0x20, 0x1, 0x11, 0x11, 0x11, 0x6,
    0xff, 0xff, 0xff, 0xf9, 0x6f, 0x86, 0x66, 0x66,
    0x36, 0xf4, 0x0, 0x0, 0x0, 0x6f, 0x40, 0x0,
    0x0, 0x6, 0xf4, 0x0, 0x0, 0x0, 0x6f, 0x85,
    0x55, 0x55, 0x6, 0xff, 0xff, 0xff, 0xf2, 0x6f,
    0x52, 0x22, 0x22, 0x6, 0xf4, 0x0, 0x0, 0x0,
    0x6f, 0x40, 0x0, 0x0, 0x6, 0xf4, 0x0, 0x0,
    0x0, 0x6f, 0x97, 0x77, 0x77, 0x46, 0xff, 0xff,
    0xff, 0xfa,

    /* U+1EC5 "ễ" */
    0x0, 0x1, 0x30, 0x3, 0x0, 0x0, 0xe, 0xed,
    0xbb, 0x0, 0x0, 0x18, 0x4, 0x82, 0x0, 0x0,
    0x0, 0x47, 0x20, 0x0, 0x0, 0x4, 0xfb, 0xd1,
    0x0, 0x0, 0x2e, 0x70, 0xcc, 0x0, 0x0, 0x0,
    0x0, 0x0, 0x0, 0x0, 0x8, 0xde, 0xc6, 0x0,
    0x0, 0xcf, 0x97, 0xbf, 0x80, 0x8, 0xf3, 0x0,
    0xa, 0xf2, 0xd, 0xb0, 0x0, 0x2, 0xf7, 0xf,
    0xdb, 0xbb, 0xbb, 0xf9, 0xf, 0xda, 0xaa, 0xaa,
    0xa6, 0xe, 0xa0, 0x0, 0x0, 0x0, 0xa, 0xf1,
    0x0, 0x3, 0x82, 0x1, 0xed, 0x63, 0x6e, 0xf1,
    0x0, 0x2c, 0xff, 0xfc, 0x30, 0x0, 0x0, 0x13,
    0x10, 0x0,

    /* U+1EC6 "Ệ" */
    0x0, 0x8, 0xfb, 0x0, 0x0, 0x6, 0xf3, 0xda,
    0x0, 0x0, 0x74, 0x2, 0x72, 0x0, 0x11, 0x11,
    0x11, 0x10, 0x6f, 0xff, 0xff, 0xff, 0x96, 0xf8,
    0x66, 0x66, 0x63, 0x6f, 0x40, 0x0, 0x0, 0x6,
    0xf4, 0x0, 0x0, 0x0, 0x6f, 0x40, 0x0, 0x0,
    0x6, 0xf8, 0x55, 0x55, 0x50, 0x6f, 0xff, 0xff,
    0xff, 0x26, 0xf5, 0x22, 0x22, 0x20, 0x6f, 0x40,
    0x0, 0x0, 0x6, 0xf4, 0x0, 0x0, 0x0, 0x6f,
    0x40, 0x0, 0x0, 0x6, 0xf9, 0x77, 0x77, 0x74,
    0x6f, 0xff, 0xff, 0xff, 0xa0, 0x0, 0x0, 0x0,
    0x0, 0x0, 0x0, 0x51, 0x0, 0x0, 0x0, 0x6f,
    0xa0, 0x0, 0x0, 0x1, 0xa4, 0x0, 0x0,

    /* U+1EC7 "ệ" */
    0x0, 0x0, 0x8b, 0x30, 0x0, 0x0, 0x8, 0xe8,
    0xe2, 0x0, 0x0, 0x3b, 0x30, 0x89, 0x0, 0x0,
    0x0, 0x0, 0x0, 0x0, 0x0, 0x8, 0xde, 0xc6,
    0x0, 0x0, 0xcf, 0x97, 0xbf, 0x80, 0x8, 0xf3,
    0x0, 0xa, 0xf2, 0xd, 0xb0, 0x0, 0x2, 0xf7,
    0xf, 0xdb, 0xbb, 0xbb, 0xf9, 0xf, 0xda, 0xaa,
    0xaa, 0xa6, 0xe, 0xa0, 0x0, 0x0, 0x0, 0xa,
    0xf1, 0x0, 0x3, 0x82, 0x1, 0xed, 0x63, 0x6e,
    0xf1, 0x0, 0x2c, 0xff, 0xfc, 0x30, 0x0, 0x0,
    0x13, 0x10, 0x0, 0x0, 0x0, 0x15, 0x0, 0x0,
    0x0, 0x0, 0xbf, 0x50, 0x0, 0x0, 0x0, 0x4a,
    0x10, 0x0,

    /* U+1EC8 "Ỉ" */
    0xf, 0xe6, 0x1, 0xc8, 0x1, 0x91, 0x0, 0x10,
    0x6, 0xf4, 0x6, 0xf4, 0x6, 0xf4, 0x6, 0xf4,
    0x6, 0xf4, 0x6, 0xf4, 0x6, 0xf4, 0x6, 0xf4,
    0x6, 0xf4, 0x6, 0xf4, 0x6, 0xf4, 0x6, 0xf4,
    0x6, 0xf4,

    /* U+1EC9 "ỉ" */
    0x3a, 0x91, 0x15, 0xe5, 0x3, 0xd0, 0x0, 0x0,
    0x8, 0xc0, 0x9, 0xf0, 0x9, 0xf0, 0x9, 0xf0,
    0x9, 0xf0, 0x9, 0xf0, 0x9, 0xf0, 0x9, 0xf0,
    0x9, 0xf0, 0x9, 0xf0,

    /* U+1ECA "Ị" */
    0x1, 0x6, 0xf4, 0x6f, 0x46, 0xf4, 0x6f, 0x46,
    0xf4, 0x6f, 0x46, 0xf4, 0x6f, 0x46, 0xf4, 0x6f,
    0x46, 0xf4, 0x6f, 0x46, 0xf4, 0x0, 0x1, 0x50,
    0x9f, 0x73, 0xa2,

    /* U+1ECB "ị" */
    0x36, 0xd, 0xf3, 0x47, 0x0, 0x0, 0x8c, 0x9,
    0xf0, 0x9f, 0x9, 0xf0, 0x9f, 0x9, 0xf0, 0x9f,
    0x9, 0xf0, 0x9f, 0x9, 0xf0, 0x0, 0x2, 0x40,
    0xdf, 0x45, 0x90,

    /* U+1ECC "Ọ" */
    0x0, 0x0, 0x13, 0x20, 0x0, 0x0, 0x0, 0x2b,
    0xff, 0xff, 0x91, 0x0, 0x3, 0xff, 0x85, 0x5a,
    0xfd, 0x10, 0xd, 0xe2, 0x0, 0x0, 0x5f, 0xa0,
    0x6f, 0x50, 0x0, 0x0, 0x9, 0xf2, 0xbf, 0x0,
    0x0, 0x0, 0x3, 0xf7, 0xdc, 0x0, 0x0, 0x0,
    0x0, 0xf9, 0xeb, 0x0, 0x0, 0x0, 0x0, 0xfa,
    0xdc, 0x0, 0x0, 0x0, 0x0, 0xf9, 0xaf, 0x0,
    0x0, 0x0, 0x3, 0xf7, 0x5f, 0x60, 0x0, 0x0,
    0xa, 0xf2, 0xd, 0xf3, 0x0, 0x0, 0x6f, 0xa0,
    0x2, 0xef, 0xa6, 0x7b, 0xfc, 0x10, 0x0, 0x1a,
    0xff, 0xfe, 0x80, 0x0, 0x0, 0x0, 0x1, 0x10,
    0x0, 0x0, 0x0, 0x0, 0x4, 0x30, 0x0, 0x0,
    0x0, 0x0, 0x1f, 0xf0, 0x0, 0x0, 0x0, 0x0,
    0x8, 0x70, 0x0, 0x0,

    /* U+1ECD "ọ" */
    0x0, 0x8, 0xde, 0xc6, 0x0, 0x0, 0xcf, 0xa8,
    0xbf, 0x90, 0x7, 0xf5, 0x0, 0x8, 0xf4, 0xd,
    0xc0, 0x0, 0x0, 0xfa, 0xf, 0x90, 0x0, 0x0,
    0xcc, 0xf, 0x80, 0x0, 0x0, 0xcd, 0xe, 0xb0,
    0x0, 0x0, 0xeb, 0x9, 0xf2, 0x0, 0x5, 0xf6,
    0x1, 0xee, 0x53, 0x7f, 0xc0, 0x0, 0x2c, 0xff,
    0xfa, 0x10, 0x0, 0x0, 0x12, 0x10, 0x0, 0x0,
    0x0, 0x15, 0x0, 0x0, 0x0, 0x0, 0x9f, 0x70,
    0x0, 0x0, 0x0, 0x3a, 0x20, 0x0,

    /* U+1ECE "Ỏ" */
    0x0, 0x0, 0x8f, 0xc0, 0x0, 0x0, 0x0, 0x0,
    0x4, 0xf0, 0x0, 0x0, 0x0, 0x0, 0x6, 0x60,
    0x0, 0x0, 0x0, 0x0, 0x13, 0x20, 0x0, 0x0,
    0x0, 0x2b, 0xff, 0xff, 0x91, 0x0, 0x3, 0xff,
    0x85, 0x5a, 0xfd, 0x10, 0xd, 0xe2, 0x0, 0x0,
    0x5f, 0xa0, 0x6f, 0x50, 0x0, 0x0, 0x9, 0xf2,
    0xbf, 0x0, 0x0, 0x0, 0x3, 0xf7, 0xdc, 0x0,
    0x0, 0x0, 0x0, 0xf9, 0xeb, 0x0, 0x0, 0x0,
    0x0, 0xfa, 0xdc, 0x0, 0x0, 0x0, 0x0, 0xf9,
    0xaf, 0x0, 0x0, 0x0, 0x3, 0xf7, 0x5f, 0x60,
    0x0, 0x0, 0xa, 0xf2, 0xd, 0xf3, 0x0, 0x0,
    0x6f, 0xa0, 0x2, 0xef, 0xa6, 0x7b, 0xfc, 0x10,
    0x0, 0x1a, 0xff, 0xfe, 0x80, 0x0, 0x0, 0x0,
    0x1, 0x10, 0x0, 0x0,

    /* U+1ECF "ỏ" */
    0x0, 0x0, 0xba, 0x30, 0x0, 0x0, 0x0, 0x5c,
    0x90, 0x0, 0x0, 0x0, 0x1d, 0x20, 0x0, 0x0,
    0x0, 0x0, 0x0, 0x0, 0x0, 0x8, 0xde, 0xc6,
    0x0, 0x0, 0xcf, 0xa8, 0xbf, 0x90, 0x7, 0xf5,
    0x0, 0x8, 0xf4, 0xd, 0xc0, 0x0, 0x0, 0xfa,
    0xf, 0x90, 0x0, 0x0, 0xcc, 0xf, 0x80, 0x0,
    0x0, 0xcd, 0xe, 0xb0, 0x0, 0x0, 0xeb, 0x9,
    0xf2, 0x0, 0x5, 0xf6, 0x1, 0xee, 0x53, 0x7f,
    0xc0, 0x0, 0x2c, 0xff, 0xfa, 0x10, 0x0, 0x0,
    0x12, 0x10, 0x0,

    /* U+1ED0 "Ố" */
    0x0, 0x0, 0x0, 0x0, 0xcb, 0x0, 0x0, 0x0,
    0x0, 0x5, 0xf3, 0x0, 0x0, 0x0, 0x0, 0x6,
    0x50, 0x0, 0x0, 0x0, 0x1b, 0xa1, 0x0, 0x0,
    0x0, 0x0, 0xda, 0xcc, 0x0, 0x0, 0x0, 0x7,
    0xa0, 0x1a, 0x60, 0x0, 0x0, 0x0, 0x13, 0x20,
    0x0, 0x0, 0x0, 0x2b, 0xff, 0xff, 0x91, 0x0,
    0x3, 0xff, 0x85, 0x5a, 0xfd, 0x10, 0xd, 0xe2,
    0x0, 0x0, 0x5f, 0xa0, 0x6f, 0x50, 0x0, 0x0,
    0x9, 0xf2, 0xbf, 0x0, 0x0, 0x0, 0x3, 0xf7,
    0xdc, 0x0, 0x0, 0x0, 0x0, 0xf9, 0xeb, 0x0,
    0x0, 0x0, 0x0, 0xfa, 0xdc, 0x0, 0x0, 0x0,
    0x0, 0xf9, 0xaf, 0x0, 0x0, 0x0, 0x3, 0xf7,
    0x5f, 0x60, 0x0, 0x0, 0xa, 0xf2, 0xd, 0xf3,
    0x0, 0x0, 0x6f, 0xa0, 0x2, 0xef, 0xa6, 0x7b,
    0xfc, 0x10, 0x0, 0x1a, 0xff, 0xfe, 0x80, 0x0,
    0x0, 0x0, 0x1, 0x10, 0x0, 0x0,

    /* U+1ED1 "ố" */
    0x0, 0x0, 0x0, 0x2, 0xa4, 0x0, 0x0, 0x0,
    0xb, 0xd0, 0x0, 0x0, 0x0, 0x2c, 0x20, 0x0,
    0x0, 0x37, 0x20, 0x0, 0x0, 0x3, 0xfb, 0xe2,
    0x0, 0x0, 0x1e, 0x90, 0xad, 0x0, 0x0, 0x0,
    0x0, 0x0, 0x0, 0x0, 0x8, 0xde, 0xc6, 0x0,
    0x0, 0xcf, 0xa8, 0xbf, 0x90, 0x7, 0xf5, 0x0,
    0x8, 0xf4, 0xd, 0xc0, 0x0, 0x0, 0xfa, 0xf,
    0x90, 0x0, 0x0, 0xcc, 0xf, 0x80, 0x0, 0x0,
    0xcd, 0xe, 0xb0, 0x0, 0x0, 0xeb, 0x9, 0xf2,
    0x0, 0x5, 0xf6, 0x1, 0xee, 0x53, 0x7f, 0xc0,
    0x0, 0x2c, 0xff, 0xfa, 0x10, 0x0, 0x0, 0x12,
    0x10, 0x0,

    /* U+1ED2 "Ồ" */
    0x0, 0x0, 0x0, 0xbc, 0x0, 0x0, 0x0, 0x0,
    0x0, 0x2f, 0x50, 0x0, 0x0, 0x0, 0x0, 0x5,
    0x60, 0x0, 0x0, 0x0, 0x1b, 0xa1, 0x0, 0x0,
    0x0, 0x0, 0xda, 0xcc, 0x0, 0x0, 0x0, 0x7,
    0xa0, 0x1a, 0x60, 0x0, 0x0, 0x0, 0x13, 0x20,
    0x0, 0x0, 0x0, 0x2b, 0xff, 0xff, 0x91, 0x0,
    0x3, 0xff, 0x85, 0x5a, 0xfd, 0x10, 0xd, 0xe2,
    0x0, 0x0, 0x5f, 0xa0, 0x6f, 0x50, 0x0, 0x0,
    0x9, 0xf2, 0xbf, 0x0, 0x0, 0x0, 0x3, 0xf7,
    0xdc, 0x0, 0x0, 0x0, 0x0, 0xf9, 0xeb, 0x0,
    0x0, 0x0, 0x0, 0xfa, 0xdc, 0x0, 0x0, 0x0,
    0x0, 0xf9, 0xaf, 0x0, 0x0, 0x0, 0x3, 0xf7,
    0x5f, 0x60, 0x0, 0x0, 0xa, 0xf2, 0xd, 0xf3,
    0x0, 0x0, 0x6f, 0xa0, 0x2, 0xef, 0xa6, 0x7b,
    0xfc, 0x10, 0x0, 0x1a, 0xff, 0xfe, 0x80, 0x0,
    0x0, 0x0, 0x1, 0x10, 0x0, 0x0,

    /* U+1ED3 "ồ" */
    0x0, 0x0, 0x4, 0xa2, 0x0, 0x0, 0x0, 0x0,
    0xdb, 0x0, 0x0, 0x0, 0x0, 0x2c, 0x20, 0x0,
    0x0, 0x37, 0x20, 0x0, 0x0, 0x3, 0xfb, 0xe2,
    0x0, 0x0, 0x1e, 0x90, 0xad, 0x0, 0x0, 0x0,
    0x0, 0x0, 0x0, 0x0, 0x8, 0xde, 0xc6, 0x0,
    0x0, 0xcf, 0xa8, 0xbf, 0x90, 0x7, 0xf5, 0x0,
    0x8, 0xf4, 0xd, 0xc0, 0x0, 0x0, 0xfa, 0xf,
    0x90, 0x0, 0x0, 0xcc, 0xf, 0x80, 0x0, 0x0,
    0xcd, 0xe, 0xb0, 0x0, 0x0, 0xeb, 0x9, 0xf2,
    0x0, 0x5, 0xf6, 0x1, 0xee, 0x53, 0x7f, 0xc0,
    0x0, 0x2c, 0xff, 0xfa, 0x10, 0x0, 0x0, 0x12,
    0x10, 0x0,

    /* U+1ED4 "Ổ" */
    0x0, 0x0, 0x0, 0xad, 0x90, 0x0, 0x0, 0x0,
    0x0, 0x18, 0xd0, 0x0, 0x0, 0x0, 0x0, 0x6,
    0x40, 0x0, 0x0, 0x0, 0x1b, 0xa1, 0x0, 0x0,
    0x0, 0x0, 0xda, 0xcc, 0x0, 0x0, 0x0, 0x7,
    0xa0, 0x1a, 0x60, 0x0, 0x0, 0x0, 0x13, 0x20,
    0x0, 0x0, 0x0, 0x2b, 0xff, 0xff, 0x91, 0x0,
    0x3, 0xff, 0x85, 0x5a, 0xfd, 0x10, 0xd, 0xe2,
    0x0, 0x0, 0x5f, 0xa0, 0x6f, 0x50, 0x0, 0x0,
    0x9, 0xf2, 0xbf, 0x0, 0x0, 0x0, 0x3, 0xf7,
    0xdc, 0x0, 0x0, 0x0, 0x0, 0xf9, 0xeb, 0x0,
    0x0, 0x0, 0x0, 0xfa, 0xdc, 0x0, 0x0, 0x0,
    0x0, 0xf9, 0xaf, 0x0, 0x0, 0x0, 0x3, 0xf7,
    0x5f, 0x60, 0x0, 0x0, 0xa, 0xf2, 0xd, 0xf3,
    0x0, 0x0, 0x6f, 0xa0, 0x2, 0xef, 0xa6, 0x7b,
    0xfc, 0x10, 0x0, 0x1a, 0xff, 0xfe, 0x80, 0x0,
    0x0, 0x0, 0x1, 0x10, 0x0, 0x0,

    /* U+1ED5 "ổ" */
    0x0, 0x0, 0x2, 0x98, 0x10, 0x0, 0x0, 0x1,
    0x6e, 0x60, 0x0, 0x0, 0x0, 0x2c, 0x10, 0x0,
    0x0, 0x37, 0x20, 0x0, 0x0, 0x3, 0xfb, 0xe2,
    0x0, 0x0, 0x1e, 0x90, 0xad, 0x0, 0x0, 0x0,
    0x0, 0x0, 0x0, 0x0, 0x8, 0xde, 0xc6, 0x0,
    0x0, 0xcf, 0xa8, 0xbf, 0x90, 0x7, 0xf5, 0x0,
    0x8, 0xf4, 0xd, 0xc0, 0x0, 0x0, 0xfa, 0xf,
    0x90, 0x0, 0x0, 0xcc, 0xf, 0x80, 0x0, 0x0,
    0xcd, 0xe, 0xb0, 0x0, 0x0, 0xeb, 0x9, 0xf2,
    0x0, 0x5, 0xf6, 0x1, 0xee, 0x53, 0x7f, 0xc0,
    0x0, 0x2c, 0xff, 0xfa, 0x10, 0x0, 0x0, 0x12,
    0x10, 0x0,

    /* U+1ED6 "Ỗ" */
    0x0, 0x0, 0x76, 0x5, 0x30, 0x0, 0x0, 0x7,
    0xdc, 0xef, 0x30, 0x0, 0x0, 0x2, 0x20, 0x22,
    0x0, 0x0, 0x0, 0x0, 0x1b, 0xa1, 0x0, 0x0,
    0x0, 0x0, 0xda, 0xcc, 0x0, 0x0, 0x0, 0x7,
    0xa0, 0x1a, 0x60, 0x0, 0x0, 0x0, 0x13, 0x20,
    0x0, 0x0, 0x0, 0x2b, 0xff, 0xff, 0x91, 0x0,
    0x3, 0xff, 0x85, 0x5a, 0xfd, 0x10, 0xd, 0xe2,
    0x0, 0x0, 0x5f, 0xa0, 0x6f, 0x50, 0x0, 0x0,
    0x9, 0xf2, 0xbf, 0x0, 0x0, 0x0, 0x3, 0xf7,
    0xdc, 0x0, 0x0, 0x0, 0x0, 0xf9, 0xeb, 0x0,
    0x0, 0x0, 0x0, 0xfa, 0xdc, 0x0, 0x0, 0x0,
    0x0, 0xf9, 0xaf, 0x0, 0x0, 0x0, 0x3, 0xf7,
    0x5f, 0x60, 0x0, 0x0, 0xa, 0xf2, 0xd, 0xf3,
    0x0, 0x0, 0x6f, 0xa0, 0x2, 0xef, 0xa6, 0x7b,
    0xfc, 0x10, 0x0, 0x1a, 0xff, 0xfe, 0x80, 0x0,
    0x0, 0x0, 0x1, 0x10, 0x0, 0x0,

    /* U+1ED7 "ỗ" */
    0x0, 0x1, 0x30, 0x4, 0x0, 0x0, 0xd, 0xee,
    0xbd, 0x0, 0x0, 0x8, 0x4, 0x82, 0x0, 0x0,
    0x0, 0x37, 0x20, 0x0, 0x0, 0x3, 0xfb, 0xe2,
    0x0, 0x0, 0x1e, 0x90, 0xad, 0x0, 0x0, 0x0,
    0x0, 0x0, 0x0, 0x0, 0x8, 0xde, 0xc6, 0x0,
    0x0, 0xcf, 0xa8, 0xbf, 0x90, 0x7, 0xf5, 0x0,
    0x8, 0xf4, 0xd, 0xc0, 0x0, 0x0, 0xfa, 0xf,
    0x90, 0x0, 0x0, 0xcc, 0xf, 0x80, 0x0, 0x0,
    0xcd, 0xe, 0xb0, 0x0, 0x0, 0xeb, 0x9, 0xf2,
    0x0, 0x5, 0xf6, 0x1, 0xee, 0x53, 0x7f, 0xc0,
    0x0, 0x2c, 0xff, 0xfa, 0x10, 0x0, 0x0, 0x12,
    0x10, 0x0,

    /* U+1ED8 "Ộ" */
    0x0, 0x0, 0x4f, 0xe2, 0x0, 0x0, 0x0, 0x3,
    0xf6, 0xad, 0x10, 0x0, 0x0, 0x5, 0x60, 0x7,
    0x40, 0x0, 0x0, 0x0, 0x13, 0x20, 0x0, 0x0,
    0x0, 0x2b, 0xff, 0xff, 0x91, 0x0, 0x3, 0xff,
    0x85, 0x5a, 0xfd, 0x10, 0xd, 0xe2, 0x0, 0x0,
    0x5f, 0xa0, 0x6f, 0x50, 0x0, 0x0, 0x9, 0xf2,
    0xbf, 0x0, 0x0, 0x0, 0x3, 0xf7, 0xdc, 0x0,
    0x0, 0x0, 0x0, 0xf9, 0xeb, 0x0, 0x0, 0x0,
    0x0, 0xfa, 0xdc, 0x0, 0x0, 0x0, 0x0, 0xf9,
    0xaf, 0x0, 0x0, 0x0, 0x3, 0xf7, 0x5f, 0x60,
    0x0, 0x0, 0xa, 0xf2, 0xd, 0xf3, 0x0, 0x0,
    0x6f, 0xa0, 0x2, 0xef, 0xa6, 0x7b, 0xfc, 0x10,
    0x0, 0x1a, 0xff, 0xfe, 0x80, 0x0, 0x0, 0x0,
    0x1, 0x10, 0x0, 0x0, 0x0, 0x0, 0x4, 0x30,
    0x0, 0x0, 0x0, 0x0, 0x1f, 0xf0, 0x0, 0x0,
    0x0, 0x0, 0x8, 0x70, 0x0, 0x0,

    /* U+1ED9 "ộ" */
    0x0, 0x0, 0x7b, 0x40, 0x0, 0x0, 0x6, 0xf8,
    0xf3, 0x0, 0x0, 0x2b, 0x40, 0x7a, 0x0, 0x0,
    0x0, 0x0, 0x0, 0x0, 0x0, 0x8, 0xde, 0xc6,
    0x0, 0x0, 0xcf, 0xa8, 0xbf, 0x90, 0x7, 0xf5,
    0x0, 0x8, 0xf4, 0xd, 0xc0, 0x0, 0x0, 0xfa,
    0xf, 0x90, 0x0, 0x0, 0xcc, 0xf, 0x80, 0x0,
    0x0, 0xcd, 0xe, 0xb0, 0x0, 0x0, 0xeb, 0x9,
    0xf2, 0x0, 0x5, 0xf6, 0x1, 0xee, 0x53, 0x7f,
    0xc0, 0x0, 0x2c, 0xff, 0xfa, 0x10, 0x0, 0x0,
    0x12, 0x10, 0x0, 0x0, 0x0, 0x15, 0x0, 0x0,
    0x0, 0x0, 0x9f, 0x70, 0x0, 0x0, 0x0, 0x3a,
    0x20, 0x0,

    /* U+1EDA "Ớ" */
    0x0, 0x0, 0x0, 0xcd, 0x0, 0x0, 0x0, 0x0,
    0x4, 0xf3, 0x0, 0x0, 0x0, 0x0, 0x6, 0x60,
    0x0, 0xc9, 0x0, 0x0, 0x13, 0x32, 0x11, 0xea,
    0x0, 0x2b, 0xff, 0xff, 0xff, 0xf6, 0x3, 0xff,
    0x85, 0x5a, 0xff, 0x30, 0xd, 0xe2, 0x0, 0x0,
    0x5f, 0xb0, 0x6f, 0x50, 0x0, 0x0, 0x9, 0xf2,
    0xbf, 0x0, 0x0, 0x0, 0x3, 0xf7, 0xdc, 0x0,
    0x0, 0x0, 0x0, 0xf9, 0xeb, 0x0, 0x0, 0x0,
    0x0, 0xfa, 0xdc, 0x0, 0x0, 0x0, 0x0, 0xf9,
    0xaf, 0x0, 0x0, 0x0, 0x3, 0xf7, 0x5f, 0x60,
    0x0, 0x0, 0xa, 0xf2, 0xd, 0xf3, 0x0, 0x0,
    0x6f, 0xa0, 0x2, 0xef, 0xa6, 0x7b, 0xfc, 0x10,
    0x0, 0x1a, 0xff, 0xfe, 0x80, 0x0, 0x0, 0x0,
    0x1, 0x10, 0x0, 0x0,

    /* U+1EDB "ớ" */
    0x0, 0x0, 0x2, 0xb5, 0x0, 0x0, 0x0, 0x0,
    0xad, 0x0, 0x0, 0x0, 0x0, 0x1e, 0x30, 0x5f,
    0x20, 0x0, 0x0, 0x0, 0x5, 0xf2, 0x0, 0x8,
    0xdf, 0xed, 0xed, 0x0, 0xc, 0xfa, 0x8b, 0xfb,
    0x0, 0x7, 0xf5, 0x0, 0x8, 0xf4, 0x0, 0xdc,
    0x0, 0x0, 0xf, 0xa0, 0xf, 0x90, 0x0, 0x0,
    0xcc, 0x0, 0xf8, 0x0, 0x0, 0xc, 0xd0, 0xe,
    0xb0, 0x0, 0x0, 0xeb, 0x0, 0x9f, 0x20, 0x0,
    0x5f, 0x60, 0x1, 0xee, 0x53, 0x7f, 0xc0, 0x0,
    0x2, 0xcf, 0xff, 0xa1, 0x0, 0x0, 0x0, 0x12,
    0x10, 0x0, 0x0,

    /* U+1EDC "Ờ" */
    0x0, 0x2, 0xe8, 0x0, 0x0, 0x0, 0x0, 0x0,
    0x7f, 0x10, 0x0, 0x0, 0x0, 0x0, 0x9, 0x40,
    0x0, 0xc9, 0x0, 0x0, 0x13, 0x32, 0x11, 0xea,
    0x0, 0x2b, 0xff, 0xff, 0xff, 0xf6, 0x3, 0xff,
    0x85, 0x5a, 0xff, 0x30, 0xd, 0xe2, 0x0, 0x0,
    0x5f, 0xb0, 0x6f, 0x50, 0x0, 0x0, 0x9, 0xf2,
    0xbf, 0x0, 0x0, 0x0, 0x3, 0xf7, 0xdc, 0x0,
    0x0, 0x0, 0x0, 0xf9, 0xeb, 0x0, 0x0, 0x0,
    0x0, 0xfa, 0xdc, 0x0, 0x0, 0x0, 0x0, 0xf9,
    0xaf, 0x0, 0x0, 0x0, 0x3, 0xf7, 0x5f, 0x60,
    0x0, 0x0, 0xa, 0xf2, 0xd, 0xf3, 0x0, 0x0,
    0x6f, 0xa0, 0x2, 0xef, 0xa6, 0x7b, 0xfc, 0x10,
    0x0, 0x1a, 0xff, 0xfe, 0x80, 0x0, 0x0, 0x0,
    0x1, 0x10, 0x0, 0x0,

    /* U+1EDD "ờ" */
    0x0, 0x7, 0xa0, 0x0, 0x0, 0x0, 0x0, 0x2f,
    0x60, 0x0, 0x0, 0x0, 0x0, 0x7c, 0x0, 0x5f,
    0x20, 0x0, 0x0, 0x0, 0x5, 0xf2, 0x0, 0x8,
    0xdf, 0xed, 0xed, 0x0, 0xc, 0xfa, 0x8b, 0xfb,
    0x0, 0x7, 0xf5, 0x0, 0x8, 0xf4, 0x0, 0xdc,
    0x0, 0x0, 0xf, 0xa0, 0xf, 0x90, 0x0, 0x0,
    0xcc, 0x0, 0xf8, 0x0, 0x0, 0xc, 0xd0, 0xe,
    0xb0, 0x0, 0x0, 0xeb, 0x0, 0x9f, 0x20, 0x0,
    0x5f, 0x60, 0x1, 0xee, 0x53, 0x7f, 0xc0, 0x0,
    0x2, 0xcf, 0xff, 0xa1, 0x0, 0x0, 0x0, 0x12,
    0x10, 0x0, 0x0,

    /* U+1EDE "Ở" */
    0x0, 0x0, 0x8f, 0xc0, 0x0, 0x0, 0x0, 0x0,
    0x4, 0xf0, 0x0, 0x0, 0x0, 0x0, 0x6, 0x60,
    0x0, 0xc9, 0x0, 0x0, 0x13, 0x32, 0x11, 0xea,
    0x0, 0x2b, 0xff, 0xff, 0xff, 0xf6, 0x3, 0xff,
    0x85, 0x5a, 0xff, 0x30, 0xd, 0xe2, 0x0, 0x0,
    0x5f, 0xb0, 0x6f, 0x50, 0x0, 0x0, 0x9, 0xf2,
    0xbf, 0x0, 0x0, 0x0, 0x3, 0xf7, 0xdc, 0x0,
    0x0, 0x0, 0x0, 0xf9, 0xeb, 0x0, 0x0, 0x0,
    0x0, 0xfa, 0xdc, 0x0, 0x0, 0x0, 0x0, 0xf9,
    0xaf, 0x0, 0x0, 0x0, 0x3, 0xf7, 0x5f, 0x60,
    0x0, 0x0, 0xa, 0xf2, 0xd, 0xf3, 0x0, 0x0,
    0x6f, 0xa0, 0x2, 0xef, 0xa6, 0x7b, 0xfc, 0x10,
    0x0, 0x1a, 0xff, 0xfe, 0x80, 0x0, 0x0, 0x0,
    0x1, 0x10, 0x0, 0x0,

    /* U+1EDF "ở" */
    0x0, 0x0, 0xba, 0x30, 0x0, 0x0, 0x0, 0x5,
    0xc9, 0x0, 0x0, 0x0, 0x0, 0x1d, 0x20, 0x5f,
    0x20, 0x0, 0x0, 0x0, 0x5, 0xf2, 0x0, 0x8,
    0xdf, 0xed, 0xed, 0x0, 0xc, 0xfa, 0x8b, 0xfb,
    0x0, 0x7, 0xf5, 0x0, 0x8, 0xf4, 0x0, 0xdc,
    0x0, 0x0, 0xf, 0xa0, 0xf, 0x90, 0x0, 0x0,
    0xcc, 0x0, 0xf8, 0x0, 0x0, 0xc, 0xd0, 0xe,
    0xb0, 0x0, 0x0, 0xeb, 0x0, 0x9f, 0x20, 0x0,
    0x5f, 0x60, 0x1, 0xee, 0x53, 0x7f, 0xc0, 0x0,
    0x2, 0xcf, 0xff, 0xa1, 0x0, 0x0, 0x0, 0x12,
    0x10, 0x0, 0x0,

    /* U+1EE0 "Ỡ" */
    0x0, 0x1, 0x97, 0x17, 0x40, 0x0, 0x0, 0x8,
    0xca, 0xff, 0x20, 0x0, 0x0, 0x1, 0x10, 0x11,
    0x0, 0xc9, 0x0, 0x0, 0x13, 0x32, 0x11, 0xea,
    0x0, 0x2b, 0xff, 0xff, 0xff, 0xf6, 0x3, 0xff,
    0x85, 0x5a, 0xff, 0x30, 0xd, 0xe2, 0x0, 0x0,
    0x5f, 0xb0, 0x6f, 0x50, 0x0, 0x0, 0x9, 0xf2,
    0xbf, 0x0, 0x0, 0x0, 0x3, 0xf7, 0xdc, 0x0,
    0x0, 0x0, 0x0, 0xf9, 0xeb, 0x0, 0x0, 0x0,
    0x0, 0xfa, 0xdc, 0x0, 0x0, 0x0, 0x0, 0xf9,
    0xaf, 0x0, 0x0, 0x0, 0x3, 0xf7, 0x5f, 0x60,
    0x0, 0x0, 0xa, 0xf2, 0xd, 0xf3, 0x0, 0x0,
    0x6f, 0xa0, 0x2, 0xef, 0xa6, 0x7b, 0xfc, 0x10,
    0x0, 0x1a, 0xff, 0xfe, 0x80, 0x0, 0x0, 0x0,
    0x1, 0x10, 0x0, 0x0,

    /* U+1EE1 "ỡ" */
    0x0, 0x2, 0x50, 0x15, 0x0, 0x0, 0x0, 0xed,
    0xec, 0xb0, 0x0, 0x0, 0x6, 0x2, 0x61, 0x5f,
    0x20, 0x0, 0x0, 0x0, 0x5, 0xf2, 0x0, 0x8,
    0xdf, 0xed, 0xed, 0x0, 0xc, 0xfa, 0x8b, 0xfb,
    0x0, 0x7, 0xf5, 0x0, 0x8, 0xf4, 0x0, 0xdc,
    0x0, 0x0, 0xf, 0xa0, 0xf, 0x90, 0x0, 0x0,
    0xcc, 0x0, 0xf8, 0x0, 0x0, 0xc, 0xd0, 0xe,
    0xb0, 0x0, 0x0, 0xeb, 0x0, 0x9f, 0x20, 0x0,
    0x5f, 0x60, 0x1, 0xee, 0x53, 0x7f, 0xc0, 0x0,
    0x2, 0xcf, 0xff, 0xa1, 0x0, 0x0, 0x0, 0x12,
    0x10, 0x0, 0x0,

    /* U+1EE2 "Ợ" */
    0x0, 0x0, 0x0, 0x0, 0x0, 0xc9, 0x0, 0x0,
    0x13, 0x32, 0x11, 0xea, 0x0, 0x2b, 0xff, 0xff,
    0xff, 0xf6, 0x3, 0xff, 0x85, 0x5a, 0xff, 0x30,
    0xd, 0xe2, 0x0, 0x0, 0x5f, 0xb0, 0x6f, 0x50,
    0x0, 0x0, 0x9, 0xf2, 0xbf, 0x0, 0x0, 0x0,
    0x3, 0xf7, 0xdc, 0x0, 0x0, 0x0, 0x0, 0xf9,
    0xeb, 0x0, 0x0, 0x0, 0x0, 0xfa, 0xdc, 0x0,
    0x0, 0x0, 0x0, 0xf9, 0xaf, 0x0, 0x0, 0x0,
    0x3, 0xf7, 0x5f, 0x60, 0x0, 0x0, 0xa, 0xf2,
    0xd, 0xf3, 0x0, 0x0, 0x6f, 0xa0, 0x2, 0xef,
    0xa6, 0x7b, 0xfc, 0x10, 0x0, 0x1a, 0xff, 0xfe,
    0x80, 0x0, 0x0, 0x0, 0x1, 0x10, 0x0, 0x0,
    0x0, 0x0, 0x4, 0x30, 0x0, 0x0, 0x0, 0x0,
    0x1f, 0xf0, 0x0, 0x0, 0x0, 0x0, 0x8, 0x70,
    0x0, 0x0,

    /* U+1EE3 "ợ" */
    0x0, 0x0, 0x0, 0x0, 0x5f, 0x20, 0x0, 0x0,
    0x0, 0x5, 0xf2, 0x0, 0x8, 0xdf, 0xed, 0xed,
    0x0, 0xc, 0xfa, 0x8b, 0xfb, 0x0, 0x7, 0xf5,
    0x0, 0x8, 0xf4, 0x0, 0xdc, 0x0, 0x0, 0xf,
    0xa0, 0xf, 0x90, 0x0, 0x0, 0xcc, 0x0, 0xf8,
    0x0, 0x0, 0xc, 0xd0, 0xe, 0xb0, 0x0, 0x0,
    0xeb, 0x0, 0x9f, 0x20, 0x0, 0x5f, 0x60, 0x1,
    0xee, 0x53, 0x7f, 0xc0, 0x0, 0x2, 0xcf, 0xff,
    0xa1, 0x0, 0x0, 0x0, 0x12, 0x10, 0x0, 0x0,
    0x0, 0x1, 0x50, 0x0, 0x0, 0x0, 0x0, 0x9f,
    0x70, 0x0, 0x0, 0x0, 0x3, 0xa2, 0x0, 0x0,

    /* U+1EE4 "Ụ" */
    0x1, 0x0, 0x0, 0x0, 0x1, 0x16, 0xf4, 0x0,
    0x0, 0x0, 0xdd, 0x6f, 0x40, 0x0, 0x0, 0xd,
    0xd6, 0xf4, 0x0, 0x0, 0x0, 0xdd, 0x6f, 0x40,
    0x0, 0x0, 0xd, 0xd6, 0xf4, 0x0, 0x0, 0x0,
    0xdd, 0x6f, 0x40, 0x0, 0x0, 0xd, 0xd6, 0xf4,
    0x0, 0x0, 0x0, 0xdd, 0x6f, 0x40, 0x0, 0x0,
    0xd, 0xd6, 0xf4, 0x0, 0x0, 0x0, 0xec, 0x4f,
    0x70, 0x0, 0x0, 0x1f, 0xa0, 0xfe, 0x10, 0x0,
    0x9, 0xf5, 0x5, 0xfe, 0x85, 0x7c, 0xfb, 0x0,
    0x4, 0xcf, 0xff, 0xe8, 0x0, 0x0, 0x0, 0x13,
    0x20, 0x0, 0x0, 0x0, 0x0, 0x41, 0x0, 0x0,
    0x0, 0x0, 0x4f, 0xc0, 0x0, 0x0, 0x0, 0x1,
    0x95, 0x0, 0x0,

    /* U+1EE5 "ụ" */
    0x8c, 0x0, 0x0, 0x4d, 0x39, 0xf0, 0x0, 0x5,
    0xf4, 0x9f, 0x0, 0x0, 0x5f, 0x49, 0xf0, 0x0,
    0x5, 0xf4, 0x9f, 0x0, 0x0, 0x5f, 0x49, 0xf0,
    0x0, 0x5, 0xf4, 0x9f, 0x0, 0x0, 0x6f, 0x47,
    0xf4, 0x0, 0xb, 0xf4, 0x2f, 0xe6, 0x5a, 0xcf,
    0x40, 0x5e, 0xff, 0x94, 0xf4, 0x0, 0x1, 0x0,
    0x0, 0x0, 0x0, 0x15, 0x0, 0x0, 0x0, 0xa,
    0xf6, 0x0, 0x0, 0x0, 0x4a, 0x10, 0x0,

    /* U+1EE6 "Ủ" */
    0x0, 0x0, 0xbf, 0x90, 0x0, 0x0, 0x0, 0x0,
    0x7d, 0x0, 0x0, 0x0, 0x0, 0x8, 0x40, 0x0,
    0x0, 0x10, 0x0, 0x0, 0x0, 0x11, 0x6f, 0x40,
    0x0, 0x0, 0xd, 0xd6, 0xf4, 0x0, 0x0, 0x0,
    0xdd, 0x6f, 0x40, 0x0, 0x0, 0xd, 0xd6, 0xf4,
    0x0, 0x0, 0x0, 0xdd, 0x6f, 0x40, 0x0, 0x0,
    0xd, 0xd6, 0xf4, 0x0, 0x0, 0x0, 0xdd, 0x6f,
    0x40, 0x0, 0x0, 0xd, 0xd6, 0xf4, 0x0, 0x0,
    0x0, 0xdd, 0x6f, 0x40, 0x0, 0x0, 0xe, 0xc4,
    0xf7, 0x0, 0x0, 0x1, 0xfa, 0xf, 0xe1, 0x0,
    0x0, 0x9f, 0x50, 0x5f, 0xe8, 0x57, 0xcf, 0xb0,
    0x0, 0x4c, 0xff, 0xfe, 0x80, 0x0, 0x0, 0x1,
    0x32, 0x0, 0x0,

    /* U+1EE7 "ủ" */
    0x0, 0x1b, 0x92, 0x0, 0x0, 0x0, 0x5d, 0x70,
    0x0, 0x0, 0x1, 0xd2, 0x0, 0x0, 0x0, 0x0,
    0x0, 0x0, 0x8c, 0x0, 0x0, 0x4d, 0x39, 0xf0,
    0x0, 0x5, 0xf4, 0x9f, 0x0, 0x0, 0x5f, 0x49,
    0xf0, 0x0, 0x5, 0xf4, 0x9f, 0x0, 0x0, 0x5f,
    0x49, 0xf0, 0x0, 0x5, 0xf4, 0x9f, 0x0, 0x0,
    0x6f, 0x47, 0xf4, 0x0, 0xb, 0xf4, 0x2f, 0xe6,
    0x5a, 0xcf, 0x40, 0x5e, 0xff, 0x94, 0xf4, 0x0,
    0x1, 0x0, 0x0, 0x0,

    /* U+1EE8 "Ứ" */
    0x0, 0x0, 0x0, 0xea, 0x0, 0x0, 0x0, 0x0,
    0x0, 0x7e, 0x10, 0x0, 0x0, 0x0, 0x0, 0x8,
    0x50, 0x0, 0x1e, 0x50, 0x10, 0x0, 0x0, 0x0,
    0x12, 0xf6, 0x6f, 0x40, 0x0, 0x0, 0xd, 0xff,
    0x36, 0xf4, 0x0, 0x0, 0x0, 0xdd, 0x10, 0x6f,
    0x40, 0x0, 0x0, 0xd, 0xd0, 0x6, 0xf4, 0x0,
    0x0, 0x0, 0xdd, 0x0, 0x6f, 0x40, 0x0, 0x0,
    0xd, 0xd0, 0x6, 0xf4, 0x0, 0x0, 0x0, 0xdd,
    0x0, 0x6f, 0x40, 0x0, 0x0, 0xd, 0xd0, 0x6,
    0xf4, 0x0, 0x0, 0x0, 0xdd, 0x0, 0x6f, 0x40,
    0x0, 0x0, 0xe, 0xc0, 0x4, 0xf7, 0x0, 0x0,
    0x1, 0xfa, 0x0, 0xf, 0xe1, 0x0, 0x0, 0x9f,
    0x50, 0x0, 0x5f, 0xe8, 0x57, 0xcf, 0xb0, 0x0,
    0x0, 0x4c, 0xff, 0xfe, 0x80, 0x0, 0x0, 0x0,
    0x1, 0x32, 0x0, 0x0, 0x0,

    /* U+1EE9 "ứ" */
    0x0, 0x0, 0x3b, 0x40, 0x0, 0x0, 0x0, 0xbd,
    0x0, 0x0, 0x0, 0x2, 0xe3, 0x0, 0x9c, 0x0,
    0x0, 0x0, 0x0, 0x9c, 0x8c, 0x0, 0x0, 0x4d,
    0xf9, 0x9f, 0x0, 0x0, 0x5f, 0x60, 0x9f, 0x0,
    0x0, 0x5f, 0x40, 0x9f, 0x0, 0x0, 0x5f, 0x40,
    0x9f, 0x0, 0x0, 0x5f, 0x40, 0x9f, 0x0, 0x0,
    0x5f, 0x40, 0x9f, 0x0, 0x0, 0x6f, 0x40, 0x7f,
    0x40, 0x0, 0xbf, 0x40, 0x2f, 0xe6, 0x5a, 0xcf,
    0x40, 0x5, 0xef, 0xf9, 0x4f, 0x40, 0x0, 0x1,
    0x0, 0x0, 0x0,

    /* U+1EEA "Ừ" */
    0x0, 0x4, 0xf5, 0x0, 0x0, 0x0, 0x0, 0x0,
    0xa, 0xd0, 0x0, 0x0, 0x0, 0x0, 0x0, 0x19,
    0x20, 0x0, 0x1e, 0x50, 0x10, 0x0, 0x0, 0x0,
    0x12, 0xf6, 0x6f, 0x40, 0x0, 0x0, 0xd, 0xff,
    0x36, 0xf4, 0x0, 0x0, 0x0, 0xdd, 0x10, 0x6f,
    0x40, 0x0, 0x0, 0xd, 0xd0, 0x6, 0xf4, 0x0,
    0x0, 0x0, 0xdd, 0x0, 0x6f, 0x40, 0x0, 0x0,
    0xd, 0xd0, 0x6, 0xf4, 0x0, 0x0, 0x0, 0xdd,
    0x0, 0x6f, 0x40, 0x0, 0x0, 0xd, 0xd0, 0x6,
    0xf4, 0x0, 0x0, 0x0, 0xdd, 0x0, 0x6f, 0x40,
    0x0, 0x0, 0xe, 0xc0, 0x4, 0xf7, 0x0, 0x0,
    0x1, 0xfa, 0x0, 0xf, 0xe1, 0x0, 0x0, 0x9f,
    0x50, 0x0, 0x5f, 0xe8, 0x57, 0xcf, 0xb0, 0x0,
    0x0, 0x4c, 0xff, 0xfe, 0x80, 0x0, 0x0, 0x0,
    0x1, 0x32, 0x0, 0x0, 0x0,

    /* U+1EEB "ừ" */
    0x0, 0x8a, 0x0, 0x0, 0x0, 0x0, 0x3f, 0x50,
    0x0, 0x0, 0x0, 0x8, 0xb0, 0x0, 0x9c, 0x0,
    0x0, 0x0, 0x0, 0x9c, 0x8c, 0x0, 0x0, 0x4d,
    0xf9, 0x9f, 0x0, 0x0, 0x5f, 0x60, 0x9f, 0x0,
    0x0, 0x5f, 0x40, 0x9f, 0x0, 0x0, 0x5f, 0x40,
    0x9f, 0x0, 0x0, 0x5f, 0x40, 0x9f, 0x0, 0x0,
    0x5f, 0x40, 0x9f, 0x0, 0x0, 0x6f, 0x40, 0x7f,
    0x40, 0x0, 0xbf, 0x40, 0x2f, 0xe6, 0x5a, 0xcf,
    0x40, 0x5, 0xef, 0xf9, 0x4f, 0x40, 0x0, 0x1,
    0x0, 0x0, 0x0,

    /* U+1EEC "Ử" */
    0x0, 0x0, 0xbf, 0x90, 0x0, 0x0, 0x0, 0x0,
    0x0, 0x7d, 0x0, 0x0, 0x0, 0x0, 0x0, 0x8,
    0x40, 0x0, 0x1e, 0x50, 0x10, 0x0, 0x0, 0x0,
    0x12, 0xf6, 0x6f, 0x40, 0x0, 0x0, 0xd, 0xff,
    0x36, 0xf4, 0x0, 0x0, 0x0, 0xdd, 0x10, 0x6f,
    0x40, 0x0, 0x0, 0xd, 0xd0, 0x6, 0xf4, 0x0,
    0x0, 0x0, 0xdd, 0x0, 0x6f, 0x40, 0x0, 0x0,
    0xd, 0xd0, 0x6, 0xf4, 0x0, 0x0, 0x0, 0xdd,
    0x0, 0x6f, 0x40, 0x0, 0x0, 0xd, 0xd0, 0x6,
    0xf4, 0x0, 0x0, 0x0, 0xdd, 0x0, 0x6f, 0x40,
    0x0, 0x0, 0xe, 0xc0, 0x4, 0xf7, 0x0, 0x0,
    0x1, 0xfa, 0x0, 0xf, 0xe1, 0x0, 0x0, 0x9f,
    0x50, 0x0, 0x5f, 0xe8, 0x57, 0xcf, 0xb0, 0x0,
    0x0, 0x4c, 0xff, 0xfe, 0x80, 0x0, 0x0, 0x0,
    0x1, 0x32, 0x0, 0x0, 0x0,

    /* U+1EED "ử" */
    0x0, 0x1b, 0x92, 0x0, 0x0, 0x0, 0x5, 0xd7,
    0x0, 0x0, 0x0, 0x1, 0xd2, 0x0, 0x9c, 0x0,
    0x0, 0x0, 0x0, 0x9c, 0x8c, 0x0, 0x0, 0x4d,
    0xf9, 0x9f, 0x0, 0x0, 0x5f, 0x60, 0x9f, 0x0,
    0x0, 0x5f, 0x40, 0x9f, 0x0, 0x0, 0x5f, 0x40,
    0x9f, 0x0, 0x0, 0x5f, 0x40, 0x9f, 0x0, 0x0,
    0x5f, 0x40, 0x9f, 0x0, 0x0, 0x6f, 0x40, 0x7f,
    0x40, 0x0, 0xbf, 0x40, 0x2f, 0xe6, 0x5a, 0xcf,
    0x40, 0x5, 0xef, 0xf9, 0x4f, 0x40, 0x0, 0x1,
    0x0, 0x0, 0x0,

    /* U+1EEE "Ữ" */
    0x0, 0x2, 0x96, 0x9, 0x20, 0x0, 0x0, 0x0,
    0xbb, 0xcf, 0xe0, 0x0, 0x0, 0x0, 0x2, 0x0,
    0x10, 0x0, 0x1e, 0x50, 0x10, 0x0, 0x0, 0x0,
    0x12, 0xf6, 0x6f, 0x40, 0x0, 0x0, 0xd, 0xff,
    0x36, 0xf4, 0x0, 0x0, 0x0, 0xdd, 0x10, 0x6f,
    0x40, 0x0, 0x0, 0xd, 0xd0, 0x6, 0xf4, 0x0,
    0x0, 0x0, 0xdd, 0x0, 0x6f, 0x40, 0x0, 0x0,
    0xd, 0xd0, 0x6, 0xf4, 0x0, 0x0, 0x0, 0xdd,
    0x0, 0x6f, 0x40, 0x0, 0x0, 0xd, 0xd0, 0x6,
    0xf4, 0x0, 0x0, 0x0, 0xdd, 0x0, 0x6f, 0x40,
    0x0, 0x0, 0xe, 0xc0, 0x4, 0xf7, 0x0, 0x0,
    0x1, 0xfa, 0x0, 0xf, 0xe1, 0x0, 0x0, 0x9f,
    0x50, 0x0, 0x5f, 0xe8, 0x57, 0xcf, 0xb0, 0x0,
    0x0, 0x4c, 0xff, 0xfe, 0x80, 0x0, 0x0, 0x0,
    0x1, 0x32, 0x0, 0x0, 0x0,

    /* U+1EEF "ữ" */
    0x0, 0x25, 0x1, 0x50, 0x0, 0x1, 0xfd, 0xed,
    0xa0, 0x0, 0x1, 0x60, 0x36, 0x10, 0x9c, 0x0,
    0x0, 0x0, 0x0, 0x9c, 0x8c, 0x0, 0x0, 0x4d,
    0xf9, 0x9f, 0x0, 0x0, 0x5f, 0x60, 0x9f, 0x0,
    0x0, 0x5f, 0x40, 0x9f, 0x0, 0x0, 0x5f, 0x40,
    0x9f, 0x0, 0x0, 0x5f, 0x40, 0x9f, 0x0, 0x0,
    0x5f, 0x40, 0x9f, 0x0, 0x0, 0x6f, 0x40, 0x7f,
    0x40, 0x0, 0xbf, 0x40, 0x2f, 0xe6, 0x5a, 0xcf,
    0x40, 0x5, 0xef, 0xf9, 0x4f, 0x40, 0x0, 0x1,
    0x0, 0x0, 0x0,

    /* U+1EF0 "Ự" */
    0x0, 0x0, 0x0, 0x0, 0x0, 0x1e, 0x50, 0x10,
    0x0, 0x0, 0x0, 0x12, 0xf6, 0x6f, 0x40, 0x0,
    0x0, 0xd, 0xff, 0x36, 0xf4, 0x0, 0x0, 0x0,
    0xdd, 0x10, 0x6f, 0x40, 0x0, 0x0, 0xd, 0xd0,
    0x6, 0xf4, 0x0, 0x0, 0x0, 0xdd, 0x0, 0x6f,
    0x40, 0x0, 0x0, 0xd, 0xd0, 0x6, 0xf4, 0x0,
    0x0, 0x0, 0xdd, 0x0, 0x6f, 0x40, 0x0, 0x0,
    0xd, 0xd0, 0x6, 0xf4, 0x0, 0x0, 0x0, 0xdd,
    0x0, 0x6f, 0x40, 0x0, 0x0, 0xe, 0xc0, 0x4,
    0xf7, 0x0, 0x0, 0x1, 0xfa, 0x0, 0xf, 0xe1,
    0x0, 0x0, 0x9f, 0x50, 0x0, 0x5f, 0xe8, 0x57,
    0xcf, 0xb0, 0x0, 0x0, 0x4c, 0xff, 0xfe, 0x80,
    0x0, 0x0, 0x0, 0x1, 0x32, 0x0, 0x0, 0x0,
    0x0, 0x0, 0x4, 0x10, 0x0, 0x0, 0x0, 0x0,
    0x4, 0xfc, 0x0, 0x0, 0x0, 0x0, 0x0, 0x19,
    0x50, 0x0, 0x0, 0x0,

    /* U+1EF1 "ự" */
    0x0, 0x0, 0x0, 0x0, 0x9c, 0x0, 0x0, 0x0,
    0x0, 0x9c, 0x8c, 0x0, 0x0, 0x4d, 0xf9, 0x9f,
    0x0, 0x0, 0x5f, 0x60, 0x9f, 0x0, 0x0, 0x5f,
    0x40, 0x9f, 0x0, 0x0, 0x5f, 0x40, 0x9f, 0x0,
    0x0, 0x5f, 0x40, 0x9f, 0x0, 0x0, 0x5f, 0x40,
    0x9f, 0x0, 0x0, 0x6f, 0x40, 0x7f, 0x40, 0x0,
    0xbf, 0x40, 0x2f, 0xe6, 0x5a, 0xcf, 0x40, 0x5,
    0xef, 0xf9, 0x4f, 0x40, 0x0, 0x1, 0x0, 0x0,
    0x0, 0x0, 0x1, 0x50, 0x0, 0x0, 0x0, 0xa,
    0xf6, 0x0, 0x0, 0x0, 0x4, 0xa1, 0x0, 0x0,

    /* U+1EF2 "Ỳ" */
    0x0, 0x0, 0xdc, 0x0, 0x0, 0x0, 0x0, 0x0,
    0x4f, 0x40, 0x0, 0x0, 0x0, 0x0, 0x7, 0x60,
    0x0, 0x0, 0x1, 0x0, 0x0, 0x0, 0x0, 0x11,
    0x3f, 0xc0, 0x0, 0x0, 0x8, 0xf6, 0x8, 0xf5,
    0x0, 0x0, 0x2f, 0xc0, 0x0, 0xee, 0x10, 0x0,
    0xcf, 0x20, 0x0, 0x4f, 0x90, 0x5, 0xf8, 0x0,
    0x0, 0xa, 0xf3, 0xe, 0xd0, 0x0, 0x0, 0x1,
    0xfc, 0x8f, 0x40, 0x0, 0x0, 0x0, 0x6f, 0xfa,
    0x0, 0x0, 0x0, 0x0, 0xd, 0xf1, 0x0, 0x0,
    0x0, 0x0, 0xb, 0xf0, 0x0, 0x0, 0x0, 0x0,
    0xb, 0xf0, 0x0, 0x0, 0x0, 0x0, 0xb, 0xf0,
    0x0, 0x0, 0x0, 0x0, 0xb, 0xf0, 0x0, 0x0,
    0x0, 0x0, 0xb, 0xf0, 0x0, 0x0,

    /* U+1EF3 "ỳ" */
    0x0, 0xa, 0x70, 0x0, 0x0, 0x0, 0x7, 0xf1,
    0x0, 0x0, 0x0, 0x0, 0xb7, 0x0, 0x0, 0x0,
    0x0, 0x0, 0x0, 0x0, 0x4d, 0x40, 0x0, 0x3,
    0xd6, 0xf, 0xa0, 0x0, 0x8, 0xf2, 0xa, 0xf1,
    0x0, 0xe, 0xc0, 0x4, 0xf6, 0x0, 0x4f, 0x50,
    0x0, 0xdc, 0x0, 0xaf, 0x0, 0x0, 0x8f, 0x10,
    0xf9, 0x0, 0x0, 0x2f, 0x75, 0xf3, 0x0, 0x0,
    0xb, 0xca, 0xd0, 0x0, 0x0, 0x5, 0xff, 0x70,
    0x0, 0x0, 0x0, 0xff, 0x10, 0x0, 0x0, 0x0,
    0xeb, 0x0, 0x0, 0x0, 0x5, 0xf4, 0x0, 0x0,
    0x6, 0xbf, 0xc0, 0x0, 0x0, 0x7, 0xb8, 0x0,
    0x0, 0x0,

    /* U+1EF4 "Ỵ" */
    0x1, 0x0, 0x0, 0x0, 0x0, 0x11, 0x3f, 0xc0,
    0x0, 0x0, 0x8, 0xf6, 0x8, 0xf5, 0x0, 0x0,
    0x2f, 0xc0, 0x0, 0xee, 0x10, 0x0, 0xcf, 0x20,
    0x0, 0x4f, 0x90, 0x5, 0xf8, 0x0, 0x0, 0xa,
    0xf3, 0xe, 0xd0, 0x0, 0x0, 0x1, 0xfc, 0x8f,
    0x40, 0x0, 0x0, 0x0, 0x6f, 0xfa, 0x0, 0x0,
    0x0, 0x0, 0xd, 0xf1, 0x0, 0x0, 0x0, 0x0,
    0xb, 0xf0, 0x0, 0x0, 0x0, 0x0, 0xb, 0xf0,
    0x0, 0x0, 0x0, 0x0, 0xb, 0xf0, 0x0, 0x0,
    0x0, 0x0, 0xb, 0xf0, 0x0, 0x0, 0x0, 0x0,
    0xb, 0xf0, 0x0, 0x0, 0x0, 0x0, 0x0, 0x0,
    0x0, 0x0, 0x0, 0x0, 0x2, 0x40, 0x0, 0x0,
    0x0, 0x0, 0xe, 0xf2, 0x0, 0x0, 0x0, 0x0,
    0x6, 0x90, 0x0, 0x0,

    /* U+1EF5 "ỵ" */
    0x4d, 0x40, 0x0, 0x3, 0xd6, 0xf, 0xa0, 0x0,
    0x8, 0xf2, 0xa, 0xf1, 0x0, 0xe, 0xc0, 0x4,
    0xf6, 0x0, 0x4f, 0x50, 0x0, 0xdc, 0x0, 0xaf,
    0x0, 0x0, 0x8f, 0x10, 0xf9, 0x0, 0x0, 0x2f,
    0x75, 0xf3, 0x0, 0x0, 0xb, 0xca, 0xd0, 0x0,
    0x0, 0x5, 0xff, 0x70, 0x0, 0x0, 0x0, 0xff,
    0x10, 0x0, 0x0, 0x0, 0xeb, 0x0, 0x0, 0x0,
    0x5, 0xf4, 0x5, 0x0, 0x6, 0xbf, 0xc0, 0x7f,
    0x90, 0x7, 0xb8, 0x0, 0x2a, 0x30,

    /* U+1EF6 "Ỷ" */
    0x0, 0x0, 0x5f, 0xd2, 0x0, 0x0, 0x0, 0x0,
    0x2, 0xf3, 0x0, 0x0, 0x0, 0x0, 0x4, 0x80,
    0x0, 0x0, 0x1, 0x0, 0x0, 0x0, 0x0, 0x11,
    0x3f, 0xc0, 0x0, 0x0, 0x8, 0xf6, 0x8, 0xf5,
    0x0, 0x0, 0x2f, 0xc0, 0x0, 0xee, 0x10, 0x0,
    0xcf, 0x20, 0x0, 0x4f, 0x90, 0x5, 0xf8, 0x0,
    0x0, 0xa, 0xf3, 0xe, 0xd0, 0x0, 0x0, 0x1,
    0xfc, 0x8f, 0x40, 0x0, 0x0, 0x0, 0x6f, 0xfa,
    0x0, 0x0, 0x0, 0x0, 0xd, 0xf1, 0x0, 0x0,
    0x0, 0x0, 0xb, 0xf0, 0x0, 0x0, 0x0, 0x0,
    0xb, 0xf0, 0x0, 0x0, 0x0, 0x0, 0xb, 0xf0,
    0x0, 0x0, 0x0, 0x0, 0xb, 0xf0, 0x0, 0x0,
    0x0, 0x0, 0xb, 0xf0, 0x0, 0x0,

    /* U+1EF7 "ỷ" */
    0x0, 0x4, 0xa8, 0x0, 0x0, 0x0, 0x2, 0x5f,
    0x30, 0x0, 0x0, 0x0, 0x5c, 0x0, 0x0, 0x0,
    0x0, 0x0, 0x0, 0x0, 0x4d, 0x40, 0x0, 0x3,
    0xd6, 0xf, 0xa0, 0x0, 0x8, 0xf2, 0xa, 0xf1,
    0x0, 0xe, 0xc0, 0x4, 0xf6, 0x0, 0x4f, 0x50,
    0x0, 0xdc, 0x0, 0xaf, 0x0, 0x0, 0x8f, 0x10,
    0xf9, 0x0, 0x0, 0x2f, 0x75, 0xf3, 0x0, 0x0,
    0xb, 0xca, 0xd0, 0x0, 0x0, 0x5, 0xff, 0x70,
    0x0, 0x0, 0x0, 0xff, 0x10, 0x0, 0x0, 0x0,
    0xeb, 0x0, 0x0, 0x0, 0x5, 0xf4, 0x0, 0x0,
    0x6, 0xbf, 0xc0, 0x0, 0x0, 0x7, 0xb8, 0x0,
    0x0, 0x0,

    /* U+1EF8 "Ỹ" */
    0x0, 0x0, 0x88, 0x25, 0x60, 0x0, 0x0, 0x5,
    0xe9, 0xff, 0x50, 0x0, 0x0, 0x1, 0x10, 0x1,
    0x0, 0x0, 0x1, 0x0, 0x0, 0x0, 0x0, 0x11,
    0x3f, 0xc0, 0x0, 0x0, 0x8, 0xf6, 0x8, 0xf5,
    0x0, 0x0, 0x2f, 0xc0, 0x0, 0xee, 0x10, 0x0,
    0xcf, 0x20, 0x0, 0x4f, 0x90, 0x5, 0xf8, 0x0,
    0x0, 0xa, 0xf3, 0xe, 0xd0, 0x0, 0x0, 0x1,
    0xfc, 0x8f, 0x40, 0x0, 0x0, 0x0, 0x6f, 0xfa,
    0x0, 0x0, 0x0, 0x0, 0xd, 0xf1, 0x0, 0x0,
    0x0, 0x0, 0xb, 0xf0, 0x0, 0x0, 0x0, 0x0,
    0xb, 0xf0, 0x0, 0x0, 0x0, 0x0, 0xb, 0xf0,
    0x0, 0x0, 0x0, 0x0, 0xb, 0xf0, 0x0, 0x0,
    0x0, 0x0, 0xb, 0xf0, 0x0, 0x0,

    /* U+1EF9 "ỹ" */
    0x0, 0x4, 0x40, 0x33, 0x0, 0x0, 0x4f, 0xdd,
    0xe6, 0x0, 0x0, 0x34, 0x4, 0x50, 0x0, 0x0,
    0x0, 0x0, 0x0, 0x0, 0x4d, 0x40, 0x0, 0x3,
    0xd6, 0xf, 0xa0, 0x0, 0x8, 0xf2, 0xa, 0xf1,
    0x0, 0xe, 0xc0, 0x4, 0xf6, 0x0, 0x4f, 0x50,
    0x0, 0xdc, 0x0, 0xaf, 0x0, 0x0, 0x8f, 0x10,
    0xf9, 0x0, 0x0, 0x2f, 0x75, 0xf3, 0x0, 0x0,
    0xb, 0xca, 0xd0, 0x0, 0x0, 0x5, 0xff, 0x70,
    0x0, 0x0, 0x0, 0xff, 0x10, 0x0, 0x0, 0x0,
    0xeb, 0x0, 0x0, 0x0, 0x5, 0xf4, 0x0, 0x0,
    0x6, 0xbf, 0xc0, 0x0, 0x0, 0x7, 0xb8, 0x0,
    0x0, 0x0,

    /* U+2013 "–" */
    0x22, 0x22, 0x22, 0x22, 0x2f, 0xff, 0xff, 0xff,
    0xff, 0x55, 0x55, 0x55, 0x55, 0x50,

    /* U+2014 "—" */
    0x22, 0x22, 0x22, 0x22, 0x22, 0x22, 0x22, 0x22,
    0x22, 0xff, 0xff, 0xff, 0xff, 0xff, 0xff, 0xff,
    0xff, 0xff, 0x55, 0x55, 0x55, 0x55, 0x55, 0x55,
    0x55, 0x55, 0x55,

    /* U+2018 "‘" */
    0x5, 0xe0, 0xac, 0xe, 0x92, 0xf7, 0x7f, 0x40,

    /* U+2019 "’" */
    0xe, 0xd0, 0xf9, 0x3f, 0x45, 0xf0, 0x8c, 0x0,

    /* U+201A "‚" */
    0x4f, 0x86, 0xf3, 0x8e, 0xb, 0xa0, 0xd6, 0x0,

    /* U+201C "“" */
    0x5, 0xe0, 0x1f, 0x20, 0xac, 0x6, 0xf0, 0xe,
    0x90, 0xad, 0x2, 0xf7, 0xe, 0xa0, 0x7f, 0x43,
    0xf8, 0x0,

    /* U+201D "”" */
    0xe, 0xd0, 0xaf, 0x10, 0xf9, 0xd, 0xc0, 0x3f,
    0x40, 0xf8, 0x5, 0xf0, 0x2f, 0x40, 0x8c, 0x4,
    0xf0, 0x0,

    /* U+201E "„" */
    0x0, 0x0, 0x0, 0x4f, 0x70, 0xfb, 0x6f, 0x32,
    0xf7, 0x8e, 0x5, 0xf2, 0xba, 0x7, 0xe0, 0xd6,
    0xa, 0xa0,

    /* U+2022 "•" */
    0x2, 0x99, 0x30, 0x3f, 0xff, 0xf4, 0xaf, 0xff,
    0xfc, 0xbf, 0xff, 0xfd, 0x6f, 0xff, 0xf8, 0x7,
    0xef, 0x90,

    /* U+2026 "…" */
    0x5, 0x10, 0x0, 0x42, 0x0, 0x3, 0x30, 0x7f,
    0xa0, 0x4, 0xfd, 0x0, 0x2f, 0xf1, 0x5f, 0x70,
    0x2, 0xea, 0x0, 0xd, 0xc0,

    /* U+2032 "′" */
    0xb, 0xf0, 0xc, 0xc0, 0xe, 0x80, 0xf, 0x50,
    0xc, 0x10,

    /* U+2033 "″" */
    0xb, 0xf0, 0xb, 0xf0, 0xc, 0xc0, 0xd, 0xb0,
    0xe, 0x80, 0xe, 0x80, 0xf, 0x50, 0xf, 0x40,
    0xc, 0x10, 0x1c, 0x10,

    /* U+2039 "‹" */
    0x0, 0x1, 0xec, 0x0, 0x0, 0xde, 0x10, 0x0,
    0xbf, 0x20, 0x0, 0x8f, 0x50, 0x0, 0xc, 0xe1,
    0x0, 0x0, 0x1e, 0xc0, 0x0, 0x0, 0x3f, 0xa0,
    0x0, 0x0, 0x5f, 0x80, 0x0, 0x0, 0x45, 0x0,

    /* U+203A "›" */
    0xd, 0xd1, 0x0, 0x0, 0x2e, 0xc0, 0x0, 0x0,
    0x3f, 0x90, 0x0, 0x0, 0x6f, 0x70, 0x0, 0x2,
    0xfb, 0x0, 0x1, 0xdd, 0x10, 0x0, 0xbe, 0x20,
    0x0, 0x9f, 0x30, 0x0, 0x5, 0x30, 0x0, 0x0
};


/*---------------------
 *  GLYPH DESCRIPTION
 *--------------------*/

static const lv_font_fmt_txt_glyph_dsc_t glyph_dsc[] = {
    {.bitmap_index = 0, .adv_w = 0, .box_w = 0, .box_h = 0, .ofs_x = 0, .ofs_y = 0} /* id = 0 reserved */,
    {.bitmap_index = 0, .adv_w = 81, .box_w = 0, .box_h = 0, .ofs_x = 0, .ofs_y = 0},
    {.bitmap_index = 0, .adv_w = 83, .box_w = 3, .box_h = 13, .ofs_x = 1, .ofs_y = 0},
    {.bitmap_index = 20, .adv_w = 134, .box_w = 6, .box_h = 5, .ofs_x = 1, .ofs_y = 8},
    {.bitmap_index = 35, .adv_w = 182, .box_w = 12, .box_h = 13, .ofs_x = 0, .ofs_y = 0},
    {.bitmap_index = 113, .adv_w = 185, .box_w = 10, .box_h = 18, .ofs_x = 1, .ofs_y = -2},
    {.bitmap_index = 203, .adv_w = 283, .box_w = 14, .box_h = 13, .ofs_x = 2, .ofs_y = 0},
    {.bitmap_index = 294, .adv_w = 185, .box_w = 12, .box_h = 13, .ofs_x = 0, .ofs_y = 0},
    {.bitmap_index = 372, .adv_w = 86, .box_w = 3, .box_h = 5, .ofs_x = 1, .ofs_y = 8},
    {.bitmap_index = 380, .adv_w = 105, .box_w = 5, .box_h = 17, .ofs_x = 1, .ofs_y = -2},
    {.bitmap_index = 423, .adv_w = 105, .box_w = 5, .box_h = 17, .ofs_x = 0, .ofs_y = -2},
    {.bitmap_index = 466, .adv_w = 144, .box_w = 8, .box_h = 8, .ofs_x = 1, .ofs_y = 5},
    {.bitmap_index = 498, .adv_w = 191, .box_w = 10, .box_h = 9, .ofs_x = 1, .ofs_y = 1},
    {.bitmap_index = 543, .adv_w = 83, .box_w = 3, .box_h = 6, .ofs_x = 1, .ofs_y = -3},
    {.bitmap_index = 552, .adv_w = 132, .box_w = 7, .box_h = 3, .ofs_x = 1, .ofs_y = 4},
    {.bitmap_index = 563, .adv_w = 83, .box_w = 3, .box_h = 3, .ofs_x = 1, .ofs_y = 0},
    {.bitmap_index = 568, .adv_w = 104, .box_w = 7, .box_h = 16, .ofs_x = 0, .ofs_y = -2},
    {.bitmap_index = 624, .adv_w = 182, .box_w = 10, .box_h = 13, .ofs_x = 1, .ofs_y = 0},
    {.bitmap_index = 689, .adv_w = 117, .box_w = 6, .box_h = 13, .ofs_x = 0, .ofs_y = 0},
    {.bitmap_index = 728, .adv_w = 176, .box_w = 9, .box_h = 13, .ofs_x = 1, .ofs_y = 0},
    {.bitmap_index = 787, .adv_w = 178, .box_w = 10, .box_h = 13, .ofs_x = 1, .ofs_y = 0},
    {.bitmap_index = 852, .adv_w = 186, .box_w = 10, .box_h = 13, .ofs_x = 1, .ofs_y = 0},
    {.bitmap_index = 917, .adv_w = 171, .box_w = 9, .box_h = 13, .ofs_x = 1, .ofs_y = 0},
    {.bitmap_index = 976, .adv_w = 179, .box_w = 10, .box_h = 13, .ofs_x = 1, .ofs_y = 0},
    {.bitmap_index = 1041, .adv_w = 163, .box_w = 10, .box_h = 13, .ofs_x = 0, .ofs_y = 0},
    {.bitmap_index = 1106, .adv_w = 178, .box_w = 10, .box_h = 13, .ofs_x = 1, .ofs_y = 0},
    {.bitmap_index = 1171, .adv_w = 179, .box_w = 10, .box_h = 13, .ofs_x = 1, .ofs_y = 0},
    {.bitmap_index = 1236, .adv_w = 83, .box_w = 3, .box_h = 10, .ofs_x = 1, .ofs_y = 0},
    {.bitmap_index = 1251, .adv_w = 87, .box_w = 4, .box_h = 13, .ofs_x = 1, .ofs_y = -3},
    {.bitmap_index = 1277, .adv_w = 191, .box_w = 9, .box_h = 10, .ofs_x = 1, .ofs_y = 0},
    {.bitmap_index = 1322, .adv_w = 191, .box_w = 9, .box_h = 7, .ofs_x = 1, .ofs_y = 2},
    {.bitmap_index = 1354, .adv_w = 191, .box_w = 9, .box_h = 10, .ofs_x = 2, .ofs_y = 0},
    {.bitmap_index = 1399, .adv_w = 147, .box_w = 9, .box_h = 13, .ofs_x = 0, .ofs_y = 0},
    {.bitmap_index = 1458, .adv_w = 278, .box_w = 16, .box_h = 17, .ofs_x = 1, .ofs_y = -4},
    {.bitmap_index = 1594, .adv_w = 199, .box_w = 12, .box_h = 13, .ofs_x = 0, .ofs_y = 0},
    {.bitmap_index = 1672, .adv_w = 188, .box_w = 10, .box_h = 13, .ofs_x = 1, .ofs_y = 0},
    {.bitmap_index = 1737, .adv_w = 210, .box_w = 12, .box_h = 13, .ofs_x = 1, .ofs_y = 0},
    {.bitmap_index = 1815, .adv_w = 208, .box_w = 11, .box_h = 13, .ofs_x = 1, .ofs_y = 0},
    {.bitmap_index = 1887, .adv_w = 173, .box_w = 9, .box_h = 13, .ofs_x = 1, .ofs_y = 0},
    {.bitmap_index = 1946, .adv_w = 170, .box_w = 9, .box_h = 13, .ofs_x = 1, .ofs_y = 0},
    {.bitmap_index = 2005, .adv_w = 215, .box_w = 12, .box_h = 13, .ofs_x = 1, .ofs_y = 0},
    {.bitmap_index = 2083, .adv_w = 214, .box_w = 11, .box_h = 13, .ofs_x = 1, .ofs_y = 0},
    {.bitmap_index = 2155, .adv_w = 77, .box_w = 3, .box_h = 13, .ofs_x = 1, .ofs_y = 0},
    {.bitmap_index = 2175, .adv_w = 164, .box_w = 9, .box_h = 13, .ofs_x = 0, .ofs_y = 0},
    {.bitmap_index = 2234, .adv_w = 194, .box_w = 11, .box_h = 13, .ofs_x = 1, .ofs_y = 0},
    {.bitmap_index = 2306, .adv_w = 163, .box_w = 9, .box_h = 13, .ofs_x = 1, .ofs_y = 0},
    {.bitmap_index = 2365, .adv_w = 260, .box_w = 14, .box_h = 13, .ofs_x = 1, .ofs_y = 0},
    {.bitmap_index = 2456, .adv_w = 217, .box_w = 11, .box_h = 13, .ofs_x = 1, .ofs_y = 0},
    {.bitmap_index = 2528, .adv_w = 220, .box_w = 12, .box_h = 13, .ofs_x = 1, .ofs_y = 0},
    {.bitmap_index = 2606, .adv_w = 184, .box_w = 10, .box_h = 13, .ofs_x = 1, .ofs_y = 0},
    {.bitmap_index = 2671, .adv_w = 220, .box_w = 12, .box_h = 14, .ofs_x = 1, .ofs_y = -1},
    {.bitmap_index = 2755, .adv_w = 185, .box_w = 11, .box_h = 13, .ofs_x = 1, .ofs_y = 0},
    {.bitmap_index = 2827, .adv_w = 185, .box_w = 10, .box_h = 13, .ofs_x = 1, .ofs_y = 0},
    {.bitmap_index = 2892, .adv_w = 186, .box_w = 11, .box_h = 13, .ofs_x = 0, .ofs_y = 0},
    {.bitmap_index = 2964, .adv_w = 214, .box_w = 11, .box_h = 13, .ofs_x = 1, .ofs_y = 0},
    {.bitmap_index = 3036, .adv_w = 199, .box_w = 12, .box_h = 13, .ofs_x = 0, .ofs_y = 0},
    {.bitmap_index = 3114, .adv_w = 284, .box_w = 18, .box_h = 13, .ofs_x = 0, .ofs_y = 0},
    {.bitmap_index = 3231, .adv_w = 196, .box_w = 12, .box_h = 13, .ofs_x = 0, .ofs_y = 0},
    {.bitmap_index = 3309, .adv_w = 195, .box_w = 12, .box_h = 13, .ofs_x = 0, .ofs_y = 0},
    {.bitmap_index = 3387, .adv_w = 181, .box_w = 10, .box_h = 13, .ofs_x = 1, .ofs_y = 0},
    {.bitmap_index = 3452, .adv_w = 105, .box_w = 5, .box_h = 18, .ofs_x = 1, .ofs_y = -3},
    {.bitmap_index = 3497, .adv_w = 104, .box_w = 7, .box_h = 16, .ofs_x = 0, .ofs_y = -2},
    {.bitmap_index = 3553, .adv_w = 105, .box_w = 4, .box_h = 18, .ofs_x = 1, .ofs_y = -3},
    {.bitmap_index = 3589, .adv_w = 136, .box_w = 8, .box_h = 6, .ofs_x = 0, .ofs_y = 7},
    {.bitmap_index = 3613, .adv_w = 131, .box_w = 9, .box_h = 3, .ofs_x = 0, .ofs_y = -2},
    {.bitmap_index = 3627, .adv_w = 93, .box_w = 4, .box_h = 3, .ofs_x = 1, .ofs_y = 11},
    {.bitmap_index = 3633, .adv_w = 162, .box_w = 9, .box_h = 10, .ofs_x = 0, .ofs_y = 0},
    {.bitmap_index = 3678, .adv_w = 176, .box_w = 10, .box_h = 13, .ofs_x = 1, .ofs_y = 0},
    {.bitmap_index = 3743, .adv_w = 165, .box_w = 10, .box_h = 10, .ofs_x = 0, .ofs_y = 0},
    {.bitmap_index = 3793, .adv_w = 176, .box_w = 10, .box_h = 13, .ofs_x = 0, .ofs_y = 0},
    {.bitmap_index = 3858, .adv_w = 168, .box_w = 10, .box_h = 10, .ofs_x = 0, .ofs_y = 0},
    {.bitmap_index = 3908, .adv_w = 107, .box_w = 7, .box_h = 13, .ofs_x = 0, .ofs_y = 0},
    {.bitmap_index = 3954, .adv_w = 177, .box_w = 10, .box_h = 14, .ofs_x = 0, .ofs_y = -4},
    {.bitmap_index = 4024, .adv_w = 170, .box_w = 9, .box_h = 13, .ofs_x = 1, .ofs_y = 0},
    {.bitmap_index = 4083, .adv_w = 70, .box_w = 3, .box_h = 13, .ofs_x = 1, .ofs_y = 0},
    {.bitmap_index = 4103, .adv_w = 70, .box_w = 5, .box_h = 17, .ofs_x = -1, .ofs_y = -4},
    {.bitmap_index = 4146, .adv_w = 158, .box_w = 9, .box_h = 13, .ofs_x = 1, .ofs_y = 0},
    {.bitmap_index = 4205, .adv_w = 70, .box_w = 2, .box_h = 13, .ofs_x = 1, .ofs_y = 0},
    {.bitmap_index = 4218, .adv_w = 252, .box_w = 14, .box_h = 10, .ofs_x = 1, .ofs_y = 0},
    {.bitmap_index = 4288, .adv_w = 170, .box_w = 9, .box_h = 10, .ofs_x = 1, .ofs_y = 0},
    {.bitmap_index = 4333, .adv_w = 173, .box_w = 10, .box_h = 10, .ofs_x = 0, .ofs_y = 0},
    {.bitmap_index = 4383, .adv_w = 176, .box_w = 10, .box_h = 14, .ofs_x = 1, .ofs_y = -4},
    {.bitmap_index = 4453, .adv_w = 176, .box_w = 10, .box_h = 14, .ofs_x = 0, .ofs_y = -4},
    {.bitmap_index = 4523, .adv_w = 108, .box_w = 6, .box_h = 10, .ofs_x = 1, .ofs_y = 0},
    {.bitmap_index = 4553, .adv_w = 152, .box_w = 9, .box_h = 10, .ofs_x = 0, .ofs_y = 0},
    {.bitmap_index = 4598, .adv_w = 94, .box_w = 6, .box_h = 13, .ofs_x = 0, .ofs_y = 0},
    {.bitmap_index = 4637, .adv_w = 170, .box_w = 9, .box_h = 10, .ofs_x = 1, .ofs_y = 0},
    {.bitmap_index = 4682, .adv_w = 162, .box_w = 10, .box_h = 10, .ofs_x = 0, .ofs_y = 0},
    {.bitmap_index = 4732, .adv_w = 236, .box_w = 15, .box_h = 10, .ofs_x = 0, .ofs_y = 0},
    {.bitmap_index = 4807, .adv_w = 157, .box_w = 10, .box_h = 10, .ofs_x = 0, .ofs_y = 0},
    {.bitmap_index = 4857, .adv_w = 162, .box_w = 10, .box_h = 14, .ofs_x = 0, .ofs_y = -4},
    {.bitmap_index = 4927, .adv_w = 159, .box_w = 8, .box_h = 10, .ofs_x = 1, .ofs_y = 0},
    {.bitmap_index = 4967, .adv_w = 123, .box_w = 6, .box_h = 17, .ofs_x = 1, .ofs_y = -4},
    {.bitmap_index = 5018, .adv_w = 96, .box_w = 2, .box_h = 22, .ofs_x = 2, .ofs_y = -4},
    {.bitmap_index = 5040, .adv_w = 123, .box_w = 6, .box_h = 17, .ofs_x = 1, .ofs_y = -4},
    {.bitmap_index = 5091, .adv_w = 191, .box_w = 10, .box_h = 5, .ofs_x = 1, .ofs_y = 3},
    {.bitmap_index = 5116, .adv_w = 81, .box_w = 0, .box_h = 0, .ofs_x = 0, .ofs_y = 0},
    {.bitmap_index = 5116, .adv_w = 83, .box_w = 3, .box_h = 13, .ofs_x = 1, .ofs_y = -3},
    {.bitmap_index = 5136, .adv_w = 165, .box_w = 10, .box_h = 13, .ofs_x = 0, .ofs_y = 0},
    {.bitmap_index = 5201, .adv_w = 176, .box_w = 11, .box_h = 13, .ofs_x = 0, .ofs_y = 0},
    {.bitmap_index = 5273, .adv_w = 209, .box_w = 11, .box_h = 12, .ofs_x = 1, .ofs_y = 0},
    {.bitmap_index = 5339, .adv_w = 158, .box_w = 10, .box_h = 13, .ofs_x = 0, .ofs_y = 0},
    {.bitmap_index = 5404, .adv_w = 78, .box_w = 3, .box_h = 16, .ofs_x = 1, .ofs_y = -3},
    {.bitmap_index = 5428, .adv_w = 164, .box_w = 9, .box_h = 17, .ofs_x = 1, .ofs_y = -4},
    {.bitmap_index = 5505, .adv_w = 170, .box_w = 7, .box_h = 3, .ofs_x = 2, .ofs_y = 11},
    {.bitmap_index = 5516, .adv_w = 263, .box_w = 14, .box_h = 14, .ofs_x = 1, .ofs_y = 0},
    {.bitmap_index = 5614, .adv_w = 131, .box_w = 8, .box_h = 8, .ofs_x = 0, .ofs_y = 5},
    {.bitmap_index = 5646, .adv_w = 168, .box_w = 10, .box_h = 9, .ofs_x = 0, .ofs_y = 1},
    {.bitmap_index = 5691, .adv_w = 191, .box_w = 9, .box_h = 5, .ofs_x = 1, .ofs_y = 2},
    {.bitmap_index = 5714, .adv_w = 192, .box_w = 12, .box_h = 12, .ofs_x = 0, .ofs_y = 2},
    {.bitmap_index = 5786, .adv_w = 138, .box_w = 6, .box_h = 3, .ofs_x = 1, .ofs_y = 11},
    {.bitmap_index = 5795, .adv_w = 131, .box_w = 7, .box_h = 8, .ofs_x = 1, .ofs_y = 7},
    {.bitmap_index = 5823, .adv_w = 191, .box_w = 10, .box_h = 10, .ofs_x = 1, .ofs_y = 0},
    {.bitmap_index = 5873, .adv_w = 127, .box_w = 7, .box_h = 7, .ofs_x = 0, .ofs_y = 8},
    {.bitmap_index = 5898, .adv_w = 128, .box_w = 8, .box_h = 7, .ofs_x = 0, .ofs_y = 8},
    {.bitmap_index = 5926, .adv_w = 93, .box_w = 4, .box_h = 3, .ofs_x = 1, .ofs_y = 11},
    {.bitmap_index = 5932, .adv_w = 169, .box_w = 10, .box_h = 14, .ofs_x = 1, .ofs_y = -4},
    {.bitmap_index = 6002, .adv_w = 174, .box_w = 10, .box_h = 13, .ofs_x = 0, .ofs_y = 0},
    {.bitmap_index = 6067, .adv_w = 83, .box_w = 3, .box_h = 3, .ofs_x = 1, .ofs_y = 5},
    {.bitmap_index = 6072, .adv_w = 77, .box_w = 4, .box_h = 5, .ofs_x = 1, .ofs_y = -4},
    {.bitmap_index = 6082, .adv_w = 88, .box_w = 5, .box_h = 7, .ofs_x = 0, .ofs_y = 8},
    {.bitmap_index = 6100, .adv_w = 139, .box_w = 8, .box_h = 9, .ofs_x = 0, .ofs_y = 5},
    {.bitmap_index = 6136, .adv_w = 168, .box_w = 10, .box_h = 9, .ofs_x = 0, .ofs_y = 1},
    {.bitmap_index = 6181, .adv_w = 231, .box_w = 14, .box_h = 14, .ofs_x = 0, .ofs_y = -1},
    {.bitmap_index = 6279, .adv_w = 244, .box_w = 15, .box_h = 14, .ofs_x = 0, .ofs_y = -1},
    {.bitmap_index = 6384, .adv_w = 254, .box_w = 16, .box_h = 14, .ofs_x = 0, .ofs_y = -1},
    {.bitmap_index = 6496, .adv_w = 147, .box_w = 9, .box_h = 14, .ofs_x = 0, .ofs_y = -4},
    {.bitmap_index = 6559, .adv_w = 199, .box_w = 12, .box_h = 17, .ofs_x = 0, .ofs_y = 0},
    {.bitmap_index = 6661, .adv_w = 199, .box_w = 12, .box_h = 17, .ofs_x = 0, .ofs_y = 0},
    {.bitmap_index = 6763, .adv_w = 199, .box_w = 12, .box_h = 17, .ofs_x = 0, .ofs_y = 0},
    {.bitmap_index = 6865, .adv_w = 199, .box_w = 12, .box_h = 17, .ofs_x = 0, .ofs_y = 0},
    {.bitmap_index = 6967, .adv_w = 199, .box_w = 12, .box_h = 17, .ofs_x = 0, .ofs_y = 0},
    {.bitmap_index = 7069, .adv_w = 199, .box_w = 12, .box_h = 18, .ofs_x = 0, .ofs_y = 0},
    {.bitmap_index = 7177, .adv_w = 286, .box_w = 17, .box_h = 13, .ofs_x = 0, .ofs_y = 0},
    {.bitmap_index = 7288, .adv_w = 210, .box_w = 12, .box_h = 17, .ofs_x = 1, .ofs_y = -4},
    {.bitmap_index = 7390, .adv_w = 173, .box_w = 9, .box_h = 17, .ofs_x = 1, .ofs_y = 0},
    {.bitmap_index = 7467, .adv_w = 173, .box_w = 9, .box_h = 17, .ofs_x = 1, .ofs_y = 0},
    {.bitmap_index = 7544, .adv_w = 173, .box_w = 9, .box_h = 17, .ofs_x = 1, .ofs_y = 0},
    {.bitmap_index = 7621, .adv_w = 173, .box_w = 9, .box_h = 17, .ofs_x = 1, .ofs_y = 0},
    {.bitmap_index = 7698, .adv_w = 77, .box_w = 4, .box_h = 17, .ofs_x = 0, .ofs_y = 0},
    {.bitmap_index = 7732, .adv_w = 77, .box_w = 4, .box_h = 17, .ofs_x = 1, .ofs_y = 0},
    {.bitmap_index = 7766, .adv_w = 77, .box_w = 7, .box_h = 17, .ofs_x = -1, .ofs_y = 0},
    {.bitmap_index = 7826, .adv_w = 77, .box_w = 7, .box_h = 17, .ofs_x = -1, .ofs_y = 0},
    {.bitmap_index = 7886, .adv_w = 212, .box_w = 13, .box_h = 13, .ofs_x = 0, .ofs_y = 0},
    {.bitmap_index = 7971, .adv_w = 217, .box_w = 11, .box_h = 17, .ofs_x = 1, .ofs_y = 0},
    {.bitmap_index = 8065, .adv_w = 220, .box_w = 12, .box_h = 17, .ofs_x = 1, .ofs_y = 0},
    {.bitmap_index = 8167, .adv_w = 220, .box_w = 12, .box_h = 17, .ofs_x = 1, .ofs_y = 0},
    {.bitmap_index = 8269, .adv_w = 220, .box_w = 12, .box_h = 17, .ofs_x = 1, .ofs_y = 0},
    {.bitmap_index = 8371, .adv_w = 220, .box_w = 12, .box_h = 17, .ofs_x = 1, .ofs_y = 0},
    {.bitmap_index = 8473, .adv_w = 220, .box_w = 12, .box_h = 17, .ofs_x = 1, .ofs_y = 0},
    {.bitmap_index = 8575, .adv_w = 191, .box_w = 10, .box_h = 10, .ofs_x = 1, .ofs_y = 0},
    {.bitmap_index = 8625, .adv_w = 220, .box_w = 12, .box_h = 15, .ofs_x = 1, .ofs_y = -1},
    {.bitmap_index = 8715, .adv_w = 214, .box_w = 11, .box_h = 17, .ofs_x = 1, .ofs_y = 0},
    {.bitmap_index = 8809, .adv_w = 214, .box_w = 11, .box_h = 18, .ofs_x = 1, .ofs_y = 0},
    {.bitmap_index = 8908, .adv_w = 214, .box_w = 11, .box_h = 18, .ofs_x = 1, .ofs_y = 0},
    {.bitmap_index = 9007, .adv_w = 214, .box_w = 11, .box_h = 18, .ofs_x = 1, .ofs_y = 0},
    {.bitmap_index = 9106, .adv_w = 195, .box_w = 12, .box_h = 17, .ofs_x = 0, .ofs_y = 0},
    {.bitmap_index = 9208, .adv_w = 183, .box_w = 9, .box_h = 13, .ofs_x = 1, .ofs_y = 0},
    {.bitmap_index = 9267, .adv_w = 177, .box_w = 10, .box_h = 13, .ofs_x = 1, .ofs_y = 0},
    {.bitmap_index = 9332, .adv_w = 162, .box_w = 9, .box_h = 14, .ofs_x = 0, .ofs_y = 0},
    {.bitmap_index = 9395, .adv_w = 162, .box_w = 9, .box_h = 14, .ofs_x = 0, .ofs_y = 0},
    {.bitmap_index = 9458, .adv_w = 162, .box_w = 9, .box_h = 14, .ofs_x = 0, .ofs_y = 0},
    {.bitmap_index = 9521, .adv_w = 162, .box_w = 9, .box_h = 13, .ofs_x = 0, .ofs_y = 0},
    {.bitmap_index = 9580, .adv_w = 162, .box_w = 9, .box_h = 13, .ofs_x = 0, .ofs_y = 0},
    {.bitmap_index = 9639, .adv_w = 162, .box_w = 9, .box_h = 15, .ofs_x = 0, .ofs_y = 0},
    {.bitmap_index = 9707, .adv_w = 264, .box_w = 16, .box_h = 10, .ofs_x = 0, .ofs_y = 0},
    {.bitmap_index = 9787, .adv_w = 165, .box_w = 10, .box_h = 14, .ofs_x = 0, .ofs_y = -4},
    {.bitmap_index = 9857, .adv_w = 168, .box_w = 10, .box_h = 14, .ofs_x = 0, .ofs_y = 0},
    {.bitmap_index = 9927, .adv_w = 168, .box_w = 10, .box_h = 14, .ofs_x = 0, .ofs_y = 0},
    {.bitmap_index = 9997, .adv_w = 168, .box_w = 10, .box_h = 14, .ofs_x = 0, .ofs_y = 0},
    {.bitmap_index = 10067, .adv_w = 168, .box_w = 10, .box_h = 13, .ofs_x = 0, .ofs_y = 0},
    {.bitmap_index = 10132, .adv_w = 70, .box_w = 4, .box_h = 14, .ofs_x = -1, .ofs_y = 0},
    {.bitmap_index = 10160, .adv_w = 70, .box_w = 4, .box_h = 14, .ofs_x = 1, .ofs_y = 0},
    {.bitmap_index = 10188, .adv_w = 70, .box_w = 7, .box_h = 14, .ofs_x = -1, .ofs_y = 0},
    {.bitmap_index = 10237, .adv_w = 70, .box_w = 7, .box_h = 13, .ofs_x = -1, .ofs_y = 0},
    {.bitmap_index = 10283, .adv_w = 168, .box_w = 10, .box_h = 14, .ofs_x = 0, .ofs_y = 0},
    {.bitmap_index = 10353, .adv_w = 170, .box_w = 9, .box_h = 13, .ofs_x = 1, .ofs_y = 0},
    {.bitmap_index = 10412, .adv_w = 173, .box_w = 10, .box_h = 14, .ofs_x = 0, .ofs_y = 0},
    {.bitmap_index = 10482, .adv_w = 173, .box_w = 10, .box_h = 14, .ofs_x = 0, .ofs_y = 0},
    {.bitmap_index = 10552, .adv_w = 173, .box_w = 10, .box_h = 14, .ofs_x = 0, .ofs_y = 0},
    {.bitmap_index = 10622, .adv_w = 173, .box_w = 10, .box_h = 13, .ofs_x = 0, .ofs_y = 0},
    {.bitmap_index = 10687, .adv_w = 173, .box_w = 10, .box_h = 13, .ofs_x = 0, .ofs_y = 0},
    {.bitmap_index = 10752, .adv_w = 191, .box_w = 10, .box_h = 9, .ofs_x = 1, .ofs_y = 1},
    {.bitmap_index = 10797, .adv_w = 173, .box_w = 11, .box_h = 12, .ofs_x = 0, .ofs_y = -1},
    {.bitmap_index = 10863, .adv_w = 170, .box_w = 9, .box_h = 14, .ofs_x = 1, .ofs_y = 0},
    {.bitmap_index = 10926, .adv_w = 170, .box_w = 9, .box_h = 14, .ofs_x = 1, .ofs_y = 0},
    {.bitmap_index = 10989, .adv_w = 170, .box_w = 9, .box_h = 14, .ofs_x = 1, .ofs_y = 0},
    {.bitmap_index = 11052, .adv_w = 170, .box_w = 9, .box_h = 13, .ofs_x = 1, .ofs_y = 0},
    {.bitmap_index = 11111, .adv_w = 162, .box_w = 10, .box_h = 18, .ofs_x = 0, .ofs_y = -4},
    {.bitmap_index = 11201, .adv_w = 176, .box_w = 10, .box_h = 17, .ofs_x = 1, .ofs_y = -4},
    {.bitmap_index = 11286, .adv_w = 162, .box_w = 10, .box_h = 17, .ofs_x = 0, .ofs_y = -4},
    {.bitmap_index = 11371, .adv_w = 199, .box_w = 12, .box_h = 17, .ofs_x = 0, .ofs_y = 0},
    {.bitmap_index = 11473, .adv_w = 162, .box_w = 9, .box_h = 15, .ofs_x = 0, .ofs_y = -1},
    {.bitmap_index = 11541, .adv_w = 212, .box_w = 13, .box_h = 14, .ofs_x = 0, .ofs_y = 0},
    {.bitmap_index = 11632, .adv_w = 176, .box_w = 11, .box_h = 15, .ofs_x = 0, .ofs_y = -1},
    {.bitmap_index = 11715, .adv_w = 219, .box_w = 12, .box_h = 16, .ofs_x = 1, .ofs_y = -1},
    {.bitmap_index = 11811, .adv_w = 172, .box_w = 11, .box_h = 13, .ofs_x = 0, .ofs_y = -1},
    {.bitmap_index = 11883, .adv_w = 213, .box_w = 13, .box_h = 16, .ofs_x = 1, .ofs_y = -1},
    {.bitmap_index = 11987, .adv_w = 178, .box_w = 10, .box_h = 13, .ofs_x = 1, .ofs_y = -1},
    {.bitmap_index = 12052, .adv_w = 199, .box_w = 12, .box_h = 18, .ofs_x = 0, .ofs_y = -4},
    {.bitmap_index = 12160, .adv_w = 162, .box_w = 9, .box_h = 14, .ofs_x = 0, .ofs_y = -4},
    {.bitmap_index = 12223, .adv_w = 199, .box_w = 12, .box_h = 17, .ofs_x = 0, .ofs_y = 0},
    {.bitmap_index = 12325, .adv_w = 162, .box_w = 9, .box_h = 15, .ofs_x = 0, .ofs_y = -1},
    {.bitmap_index = 12393, .adv_w = 199, .box_w = 12, .box_h = 20, .ofs_x = 0, .ofs_y = 0},
    {.bitmap_index = 12513, .adv_w = 162, .box_w = 10, .box_h = 18, .ofs_x = 0, .ofs_y = -1},
    {.bitmap_index = 12603, .adv_w = 199, .box_w = 12, .box_h = 20, .ofs_x = 0, .ofs_y = 0},
    {.bitmap_index = 12723, .adv_w = 162, .box_w = 9, .box_h = 18, .ofs_x = 0, .ofs_y = -1},
    {.bitmap_index = 12804, .adv_w = 199, .box_w = 12, .box_h = 20, .ofs_x = 0, .ofs_y = 0},
    {.bitmap_index = 12924, .adv_w = 162, .box_w = 9, .box_h = 18, .ofs_x = 0, .ofs_y = -1},
    {.bitmap_index = 13005, .adv_w = 199, .box_w = 12, .box_h = 20, .ofs_x = 0, .ofs_y = 0},
    {.bitmap_index = 13125, .adv_w = 162, .box_w = 9, .box_h = 18, .ofs_x = 0, .ofs_y = -1},
    {.bitmap_index = 13206, .adv_w = 199, .box_w = 12, .box_h = 21, .ofs_x = 0, .ofs_y = -4},
    {.bitmap_index = 13332, .adv_w = 162, .box_w = 9, .box_h = 18, .ofs_x = 0, .ofs_y = -4},
    {.bitmap_index = 13413, .adv_w = 199, .box_w = 12, .box_h = 20, .ofs_x = 0, .ofs_y = 0},
    {.bitmap_index = 13533, .adv_w = 162, .box_w = 9, .box_h = 18, .ofs_x = 0, .ofs_y = -1},
    {.bitmap_index = 13614, .adv_w = 199, .box_w = 12, .box_h = 20, .ofs_x = 0, .ofs_y = 0},
    {.bitmap_index = 13734, .adv_w = 162, .box_w = 9, .box_h = 18, .ofs_x = 0, .ofs_y = -1},
    {.bitmap_index = 13815, .adv_w = 199, .box_w = 12, .box_h = 20, .ofs_x = 0, .ofs_y = 0},
    {.bitmap_index = 13935, .adv_w = 162, .box_w = 9, .box_h = 18, .ofs_x = 0, .ofs_y = -1},
    {.bitmap_index = 14016, .adv_w = 199, .box_w = 12, .box_h = 20, .ofs_x = 0, .ofs_y = 0},
    {.bitmap_index = 14136, .adv_w = 162, .box_w = 9, .box_h = 18, .ofs_x = 0, .ofs_y = -1},
    {.bitmap_index = 14217, .adv_w = 199, .box_w = 12, .box_h = 21, .ofs_x = 0, .ofs_y = -4},
    {.bitmap_index = 14343, .adv_w = 162, .box_w = 9, .box_h = 18, .ofs_x = 0, .ofs_y = -4},
    {.bitmap_index = 14424, .adv_w = 173, .box_w = 9, .box_h = 18, .ofs_x = 1, .ofs_y = -4},
    {.bitmap_index = 14505, .adv_w = 168, .box_w = 10, .box_h = 14, .ofs_x = 0, .ofs_y = -4},
    {.bitmap_index = 14575, .adv_w = 173, .box_w = 9, .box_h = 17, .ofs_x = 1, .ofs_y = 0},
    {.bitmap_index = 14652, .adv_w = 168, .box_w = 10, .box_h = 15, .ofs_x = 0, .ofs_y = -1},
    {.bitmap_index = 14727, .adv_w = 173, .box_w = 9, .box_h = 17, .ofs_x = 1, .ofs_y = 0},
    {.bitmap_index = 14804, .adv_w = 168, .box_w = 10, .box_h = 15, .ofs_x = 0, .ofs_y = -1},
    {.bitmap_index = 14879, .adv_w = 173, .box_w = 9, .box_h = 20, .ofs_x = 1, .ofs_y = 0},
    {.bitmap_index = 14969, .adv_w = 168, .box_w = 10, .box_h = 18, .ofs_x = 0, .ofs_y = -1},
    {.bitmap_index = 15059, .adv_w = 173, .box_w = 9, .box_h = 20, .ofs_x = 1, .ofs_y = 0},
    {.bitmap_index = 15149, .adv_w = 168, .box_w = 10, .box_h = 18, .ofs_x = 0, .ofs_y = -1},
    {.bitmap_index = 15239, .adv_w = 173, .box_w = 9, .box_h = 20, .ofs_x = 1, .ofs_y = 0},
    {.bitmap_index = 15329, .adv_w = 168, .box_w = 10, .box_h = 18, .ofs_x = 0, .ofs_y = -1},
    {.bitmap_index = 15419, .adv_w = 173, .box_w = 9, .box_h = 20, .ofs_x = 1, .ofs_y = 0},
    {.bitmap_index = 15509, .adv_w = 168, .box_w = 10, .box_h = 18, .ofs_x = 0, .ofs_y = -1},
    {.bitmap_index = 15599, .adv_w = 173, .box_w = 9, .box_h = 21, .ofs_x = 1, .ofs_y = -4},
    {.bitmap_index = 15694, .adv_w = 168, .box_w = 10, .box_h = 18, .ofs_x = 0, .ofs_y = -4},
    {.bitmap_index = 15784, .adv_w = 77, .box_w = 4, .box_h = 17, .ofs_x = 0, .ofs_y = 0},
    {.bitmap_index = 15818, .adv_w = 70, .box_w = 4, .box_h = 14, .ofs_x = 0, .ofs_y = 0},
    {.bitmap_index = 15846, .adv_w = 77, .box_w = 3, .box_h = 18, .ofs_x = 1, .ofs_y = -4},
    {.bitmap_index = 15873, .adv_w = 70, .box_w = 3, .box_h = 18, .ofs_x = 1, .ofs_y = -4},
    {.bitmap_index = 15900, .adv_w = 220, .box_w = 12, .box_h = 18, .ofs_x = 1, .ofs_y = -4},
    {.bitmap_index = 16008, .adv_w = 173, .box_w = 10, .box_h = 14, .ofs_x = 0, .ofs_y = -4},
    {.bitmap_index = 16078, .adv_w = 220, .box_w = 12, .box_h = 18, .ofs_x = 1, .ofs_y = -1},
    {.bitmap_index = 16186, .adv_w = 173, .box_w = 10, .box_h = 15, .ofs_x = 0, .ofs_y = -1},
    {.bitmap_index = 16261, .adv_w = 220, .box_w = 12, .box_h = 21, .ofs_x = 1, .ofs_y = -1},
    {.bitmap_index = 16387, .adv_w = 173, .box_w = 10, .box_h = 18, .ofs_x = 0, .ofs_y = -1},
    {.bitmap_index = 16477, .adv_w = 220, .box_w = 12, .box_h = 21, .ofs_x = 1, .ofs_y = -1},
    {.bitmap_index = 16603, .adv_w = 173, .box_w = 10, .box_h = 18, .ofs_x = 0, .ofs_y = -1},
    {.bitmap_index = 16693, .adv_w = 220, .box_w = 12, .box_h = 21, .ofs_x = 1, .ofs_y = -1},
    {.bitmap_index = 16819, .adv_w = 173, .box_w = 10, .box_h = 18, .ofs_x = 0, .ofs_y = -1},
    {.bitmap_index = 16909, .adv_w = 220, .box_w = 12, .box_h = 21, .ofs_x = 1, .ofs_y = -1},
    {.bitmap_index = 17035, .adv_w = 173, .box_w = 10, .box_h = 18, .ofs_x = 0, .ofs_y = -1},
    {.bitmap_index = 17125, .adv_w = 220, .box_w = 12, .box_h = 21, .ofs_x = 1, .ofs_y = -4},
    {.bitmap_index = 17251, .adv_w = 173, .box_w = 10, .box_h = 18, .ofs_x = 0, .ofs_y = -4},
    {.bitmap_index = 17341, .adv_w = 219, .box_w = 12, .box_h = 18, .ofs_x = 1, .ofs_y = -1},
    {.bitmap_index = 17449, .adv_w = 172, .box_w = 11, .box_h = 15, .ofs_x = 0, .ofs_y = -1},
    {.bitmap_index = 17532, .adv_w = 219, .box_w = 12, .box_h = 18, .ofs_x = 1, .ofs_y = -1},
    {.bitmap_index = 17640, .adv_w = 172, .box_w = 11, .box_h = 15, .ofs_x = 0, .ofs_y = -1},
    {.bitmap_index = 17723, .adv_w = 219, .box_w = 12, .box_h = 18, .ofs_x = 1, .ofs_y = -1},
    {.bitmap_index = 17831, .adv_w = 172, .box_w = 11, .box_h = 15, .ofs_x = 0, .ofs_y = -1},
    {.bitmap_index = 17914, .adv_w = 219, .box_w = 12, .box_h = 18, .ofs_x = 1, .ofs_y = -1},
    {.bitmap_index = 18022, .adv_w = 172, .box_w = 11, .box_h = 15, .ofs_x = 0, .ofs_y = -1},
    {.bitmap_index = 18105, .adv_w = 219, .box_w = 12, .box_h = 19, .ofs_x = 1, .ofs_y = -4},
    {.bitmap_index = 18219, .adv_w = 172, .box_w = 11, .box_h = 16, .ofs_x = 0, .ofs_y = -4},
    {.bitmap_index = 18307, .adv_w = 214, .box_w = 11, .box_h = 18, .ofs_x = 1, .ofs_y = -4},
    {.bitmap_index = 18406, .adv_w = 170, .box_w = 9, .box_h = 14, .ofs_x = 1, .ofs_y = -4},
    {.bitmap_index = 18469, .adv_w = 214, .box_w = 11, .box_h = 18, .ofs_x = 1, .ofs_y = -1},
    {.bitmap_index = 18568, .adv_w = 170, .box_w = 9, .box_h = 15, .ofs_x = 1, .ofs_y = -1},
    {.bitmap_index = 18636, .adv_w = 213, .box_w = 13, .box_h = 18, .ofs_x = 1, .ofs_y = -1},
    {.bitmap_index = 18753, .adv_w = 178, .box_w = 10, .box_h = 15, .ofs_x = 1, .ofs_y = -1},
    {.bitmap_index = 18828, .adv_w = 213, .box_w = 13, .box_h = 18, .ofs_x = 1, .ofs_y = -1},
    {.bitmap_index = 18945, .adv_w = 178, .box_w = 10, .box_h = 15, .ofs_x = 1, .ofs_y = -1},
    {.bitmap_index = 19020, .adv_w = 213, .box_w = 13, .box_h = 18, .ofs_x = 1, .ofs_y = -1},
    {.bitmap_index = 19137, .adv_w = 178, .box_w = 10, .box_h = 15, .ofs_x = 1, .ofs_y = -1},
    {.bitmap_index = 19212, .adv_w = 213, .box_w = 13, .box_h = 18, .ofs_x = 1, .ofs_y = -1},
    {.bitmap_index = 19329, .adv_w = 178, .box_w = 10, .box_h = 15, .ofs_x = 1, .ofs_y = -1},
    {.bitmap_index = 19404, .adv_w = 213, .box_w = 13, .box_h = 19, .ofs_x = 1, .ofs_y = -4},
    {.bitmap_index = 19528, .adv_w = 178, .box_w = 10, .box_h = 16, .ofs_x = 1, .ofs_y = -4},
    {.bitmap_index = 19608, .adv_w = 195, .box_w = 12, .box_h = 17, .ofs_x = 0, .ofs_y = 0},
    {.bitmap_index = 19710, .adv_w = 162, .box_w = 10, .box_h = 18, .ofs_x = 0, .ofs_y = -4},
    {.bitmap_index = 19800, .adv_w = 195, .box_w = 12, .box_h = 18, .ofs_x = 0, .ofs_y = -4},
    {.bitmap_index = 19908, .adv_w = 162, .box_w = 10, .box_h = 14, .ofs_x = 0, .ofs_y = -4},
    {.bitmap_index = 19978, .adv_w = 195, .box_w = 12, .box_h = 17, .ofs_x = 0, .ofs_y = 0},
    {.bitmap_index = 20080, .adv_w = 162, .box_w = 10, .box_h = 18, .ofs_x = 0, .ofs_y = -4},
    {.bitmap_index = 20170, .adv_w = 195, .box_w = 12, .box_h = 17, .ofs_x = 0, .ofs_y = 0},
    {.bitmap_index = 20272, .adv_w = 162, .box_w = 10, .box_h = 18, .ofs_x = 0, .ofs_y = -4},
    {.bitmap_index = 20362, .adv_w = 144, .box_w = 9, .box_h = 3, .ofs_x = 0, .ofs_y = 4},
    {.bitmap_index = 20376, .adv_w = 288, .box_w = 18, .box_h = 3, .ofs_x = 0, .ofs_y = 4},
    {.bitmap_index = 20403, .adv_w = 75, .box_w = 3, .box_h = 5, .ofs_x = 1, .ofs_y = 8},
    {.bitmap_index = 20411, .adv_w = 75, .box_w = 3, .box_h = 5, .ofs_x = 1, .ofs_y = 8},
    {.bitmap_index = 20419, .adv_w = 69, .box_w = 3, .box_h = 5, .ofs_x = 1, .ofs_y = -3},
    {.bitmap_index = 20427, .adv_w = 127, .box_w = 7, .box_h = 5, .ofs_x = 1, .ofs_y = 8},
    {.bitmap_index = 20445, .adv_w = 127, .box_w = 7, .box_h = 5, .ofs_x = 1, .ofs_y = 8},
    {.bitmap_index = 20463, .adv_w = 121, .box_w = 6, .box_h = 6, .ofs_x = 1, .ofs_y = -3},
    {.bitmap_index = 20481, .adv_w = 162, .box_w = 6, .box_h = 6, .ofs_x = 2, .ofs_y = 2},
    {.bitmap_index = 20499, .adv_w = 249, .box_w = 14, .box_h = 3, .ofs_x = 1, .ofs_y = 0},
    {.bitmap_index = 20520, .adv_w = 64, .box_w = 4, .box_h = 5, .ofs_x = 0, .ofs_y = 8},
    {.bitmap_index = 20530, .adv_w = 127, .box_w = 8, .box_h = 5, .ofs_x = 0, .ofs_y = 8},
    {.bitmap_index = 20550, .adv_w = 111, .box_w = 7, .box_h = 9, .ofs_x = 0, .ofs_y = 1},
    {.bitmap_index = 20582, .adv_w = 111, .box_w = 7, .box_h = 9, .ofs_x = 0, .ofs_y = 1}
};

/*---------------------
 *  CHARACTER MAPPING
 *--------------------*/

static const uint16_t unicode_list_3[] = {
    0x0, 0x1, 0xe, 0xf, 0x9e, 0x9f, 0xad, 0xae
};

static const uint16_t unicode_list_5[] = {
    0x0, 0x1, 0x5, 0x6, 0x7, 0x9, 0xa, 0xb,
    0xf, 0x13, 0x1f, 0x20, 0x26, 0x27
};

/*Collect the unicode lists and glyph_id offsets*/
static const lv_font_fmt_txt_cmap_t cmaps[] =
{
    {
        .range_start = 32, .range_length = 95, .glyph_id_start = 1,
        .unicode_list = NULL, .glyph_id_ofs_list = NULL, .list_length = 0, .type = LV_FONT_FMT_TXT_CMAP_FORMAT0_TINY
    },
    {
        .range_start = 160, .range_length = 13, .glyph_id_start = 96,
        .unicode_list = NULL, .glyph_id_ofs_list = NULL, .list_length = 0, .type = LV_FONT_FMT_TXT_CMAP_FORMAT0_TINY
    },
    {
        .range_start = 174, .range_length = 82, .glyph_id_start = 109,
        .unicode_list = NULL, .glyph_id_ofs_list = NULL, .list_length = 0, .type = LV_FONT_FMT_TXT_CMAP_FORMAT0_TINY
    },
    {
        .range_start = 258, .range_length = 175, .glyph_id_start = 191,
        .unicode_list = unicode_list_3, .glyph_id_ofs_list = NULL, .list_length = 8, .type = LV_FONT_FMT_TXT_CMAP_SPARSE_TINY
    },
    {
        .range_start = 7840, .range_length = 90, .glyph_id_start = 199,
        .unicode_list = NULL, .glyph_id_ofs_list = NULL, .list_length = 0, .type = LV_FONT_FMT_TXT_CMAP_FORMAT0_TINY
    },
    {
        .range_start = 8211, .range_length = 40, .glyph_id_start = 289,
        .unicode_list = unicode_list_5, .glyph_id_ofs_list = NULL, .list_length = 14, .type = LV_FONT_FMT_TXT_CMAP_SPARSE_TINY
    }
};

/*-----------------
 *    KERNING
 *----------------*/


/*Map glyph_ids to kern left classes*/
static const uint8_t kern_left_class_mapping[] =
{
    0, 0, 0, 1, 0, 0, 2, 3,
    1, 4, 5, 6, 7, 8, 7, 8,
    9, 10, 0, 11, 12, 13, 14, 15,
    16, 12, 10, 17, 17, 0, 18, 19,
    0, 20, 0, 0, 0, 0, 0, 0,
    0, 0, 0, 0, 0, 0, 0, 0,
    0, 0, 0, 0, 0, 0, 0, 0,
    0, 0, 0, 0, 4, 21, 5, 6,
    22, 0, 0, 0, 0, 0, 0, 0,
    0, 0, 0, 0, 0, 0, 0, 0,
    0, 0, 0, 0, 0, 0, 0, 0,
    0, 0, 0, 0, 4, 0, 5, 7,
    0, 23, 24, 0, 0, 0, 0, 0,
    0, 20, 0, 0, 0, 25, 0, 6,
    18, 0, 0, 0, 26, 0, 27, 0,
    0, 0, 28, 0, 0, 0, 29, 0,
    0, 0, 0, 0, 0, 0, 0, 0,
    0, 0, 0, 0, 0, 0, 0, 0,
    0, 0, 0, 0, 0, 0, 30, 0,
    0, 0, 0, 0, 0, 0, 0, 0,
    0, 0, 0, 0, 0, 0, 0, 0,
    0, 0, 0, 0, 0, 0, 0, 0,
    0, 0, 0, 0, 0, 0, 7, 0,
    0, 0, 0, 0, 0, 0, 0, 0,
    0, 0, 0, 0, 0, 0, 0, 0,
    0, 0, 0, 0, 0, 0, 0, 0,
    0, 0, 0, 0, 0, 0, 0, 0,
    0, 0, 0, 0, 0, 0, 0, 0,
    0, 0, 0, 0, 0, 0, 0, 0,
    0, 0, 0, 0, 0, 0, 0, 0,
    0, 0, 0, 0, 0, 0, 0, 0,
    0, 0, 0, 0, 0, 0, 0, 0,
    0, 0, 0, 0, 0, 0, 0, 0,
    0, 0, 0, 0, 0, 0, 0, 0,
    0, 0, 0, 0, 0, 0, 0, 0,
    0, 0, 0, 0, 0, 0, 0, 0,
    0, 0, 0, 31, 32, 33, 31, 32,
    33, 30, 8, 0, 0, 0, 28
};

/*Map glyph_ids to kern right classes*/
static const uint8_t kern_right_class_mapping[] =
{
    0, 0, 0, 1, 2, 0, 0, 3,
    1, 0, 4, 5, 6, 7, 6, 7,
    8, 9, 10, 11, 12, 13, 14, 9,
    15, 16, 17, 18, 18, 19, 20, 0,
    21, 22, 0, 0, 0, 0, 0, 0,
    0, 0, 0, 0, 0, 0, 0, 0,
    0, 0, 0, 0, 0, 0, 0, 0,
    0, 0, 0, 0, 0, 23, 4, 5,
    24, 0, 0, 0, 0, 0, 0, 0,
    0, 0, 0, 0, 0, 0, 0, 0,
    0, 0, 0, 0, 0, 0, 0, 0,
    0, 0, 0, 0, 0, 25, 4, 26,
    0, 0, 27, 0, 0, 0, 0, 0,
    0, 22, 0, 28, 29, 30, 0, 5,
    20, 0, 0, 0, 31, 32, 6, 0,
    0, 0, 33, 0, 0, 0, 34, 0,
    0, 0, 0, 0, 0, 0, 0, 0,
    0, 0, 0, 0, 0, 0, 0, 0,
    0, 0, 0, 0, 0, 0, 33, 0,
    0, 0, 0, 0, 0, 0, 0, 0,
    0, 0, 0, 0, 0, 0, 0, 0,
    0, 0, 0, 0, 0, 0, 0, 0,
    0, 0, 0, 0, 0, 0, 6, 0,
    0, 0, 0, 0, 0, 0, 0, 0,
    0, 0, 0, 0, 0, 0, 0, 0,
    0, 0, 0, 0, 0, 0, 0, 0,
    0, 0, 0, 0, 0, 0, 0, 0,
    0, 0, 0, 0, 0, 0, 0, 0,
    0, 0, 0, 0, 0, 0, 0, 0,
    0, 0, 0, 0, 0, 0, 0, 0,
    0, 0, 0, 0, 0, 0, 0, 0,
    0, 0, 0, 0, 0, 0, 0, 0,
    0, 0, 0, 0, 0, 0, 0, 0,
    0, 0, 0, 0, 0, 0, 0, 0,
    0, 0, 0, 0, 0, 0, 0, 0,
    0, 0, 0, 0, 0, 0, 0, 0,
    0, 0, 0, 35, 36, 37, 35, 36,
    37, 33, 7, 0, 0, 28, 33
};

/*Kern values between classes*/
static const int8_t kern_class_values[] =
{
    0, 0, -10, 0, 0, 0, -24, 0,
    0, 0, 0, 0, -18, 0, 0, 0,
    0, 0, 0, 0, 0, 0, 0, 0,
    0, 0, -4, 0, 0, 0, 0, 0,
    0, 0, 0, 0, 0, 0, 0, 0,
    0, 0, 0, 0, 0, 0, 0, 0,
    0, 0, 0, 0, 0, 0, 0, 0,
    0, 0, 0, 0, 0, 0, 0, 0,
    0, 0, 0, 0, 0, 0, 0, -18,
    -20, 0, -10, 0, 0, 0, 0, 0,
    0, 0, 0, 0, 0, 0, 0, 0,
    0, 0, 0, 0, 0, 0, 0, 0,
    -18, 0, 0, 0, 0, 0, 0, -6,
    0, 0, 0, 0, -26, 0, 0, 0,
    0, 0, 0, 0, 0, 0, 0, 0,
    0, 0, 0, 0, 0, 0, 0, 0,
    0, 0, 0, 0, 0, 0, 0, 0,
    0, -3, 0, 0, 0, 0, 0, 0,
    0, 0, 0, 0, 0, 0, 0, 0,
    0, 0, 0, 0, 0, 0, 0, 0,
    0, 0, 0, 0, 0, 0, 0, 0,
    0, 0, 0, 0, 0, 0, 0, 0,
    0, 0, 0, 0, 0, 0, -10, 0,
    0, 0, 0, -10, 0, 0, 0, -39,
    0, 0, 0, 0, 0, -13, 0, 0,
    0, 0, 0, 0, 0, 0, -3, 0,
    -20, 0, 0, 0, 0, 0, 0, 0,
    0, 0, 0, 0, 0, 0, 0, 0,
    0, 0, 0, 0, 0, 0, 0, 0,
    -10, -3, 0, 0, -6, 0, 0, 0,
    0, 0, 0, 0, -15, 0, 0, 0,
    0, 0, 0, 0, 0, -5, 0, 0,
    -18, 0, 0, -24, 0, 0, 0, 0,
    0, 0, 0, -7, -25, 0, -8, 0,
    -4, -4, -6, -2, 0, 0, 0, -25,
    -13, 0, 0, 0, 0, 0, 0, 0,
    0, 0, -15, 0, 0, 0, -16, 0,
    0, 0, 0, 0, 0, 0, -11, 0,
    0, 0, 0, 0, 0, 0, 0, 0,
    0, 0, 0, 0, 0, 0, 0, 0,
    0, 0, 0, 0, 0, 0, 0, 0,
    0, 0, 0, 0, 0, 0, 0, 0,
    0, 0, 0, -7, 0, 0, 0, 0,
    0, 0, 0, -6, 0, 0, 0, 0,
    0, 0, 0, -3, -13, 0, 0, 0,
    0, 0, 0, 0, 0, 0, 0, -13,
    0, -15, 0, 0, 0, 0, 0, 0,
    0, 0, 0, 0, 0, 0, -4, 0,
    0, 0, 0, 0, 0, 0, 0, 0,
    0, 0, 0, 0, 0, 0, 0, 0,
    0, 0, 0, 0, 0, 0, 0, 0,
    0, 0, 0, -4, 0, -6, 0, 0,
    0, 0, 0, 0, 0, 0, 0, 0,
    0, 0, 0, 0, 0, 0, 0, 0,
    0, 0, -10, 0, 0, 0, 0, 0,
    0, 0, 0, -15, 0, 0, 0, 0,
    -6, 0, -10, 0, 0, -6, 0, 0,
    0, 0, 0, 0, 0, 0, 0, 0,
    0, 0, 0, 0, 0, 0, 0, 0,
    0, -2, 0, -11, 0, 0, 0, 0,
    0, 0, 0, 0, 0, 0, 0, -8,
    0, 0, 0, 0, 0, 0, 0, 0,
    0, 0, 0, 0, 0, 0, 0, 0,
    0, 0, 0, 0, 0, 0, -2, 0,
    0, 0, 0, 0, 0, 0, 0, 0,
    0, 0, 0, 0, -10, 0, 0, 0,
    0, 0, 0, 0, 0, 0, 0, 0,
    0, 0, 0, 0, 0, -13, 0, 0,
    0, 0, 0, 0, 0, 0, 0, 0,
    0, 0, -13, 0, -16, -13, 0, 0,
    0, -36, 0, -4, 0, 0, -5, -17,
    -3, 6, -4, -3, -10, -26, 0, 0,
    0, 0, -46, 0, 0, -15, -18, 0,
    0, 0, 0, 0, 0, 0, 0, -41,
    0, 0, 0, 0, 0, 0, 0, 0,
    0, 0, 0, 0, 0, 0, 0, 0,
    0, 0, 0, 0, 0, 0, -18, 0,
    0, 0, 0, 0, 0, 0, 0, 0,
    0, 0, -13, 0, 0, 0, 0, 0,
    0, 0, 0, 0, 0, 0, 0, 0,
    0, 0, 0, 0, 0, 0, 0, 0,
    0, 0, 0, -20, 0, 0, 0, 0,
    0, 0, 0, 0, 0, 0, 0, -16,
    0, 0, 0, 0, 0, 0, 0, 0,
    0, 0, 0, 0, 0, 0, 0, 0,
    -21, 0, 0, 0, 0, 0, 0, 0,
    -21, 0, 0, 0, 0, 0, 0, 0,
    0, 0, 0, 0, -28, 0, 0, 0,
    0, 0, 0, 0, 0, -13, -11, 0,
    0, 0, 0, 0, 0, 0, 0, 0,
    0, 0, 0, 0, 0, -10, -11, 0,
    0, 0, 0, 0, -2, 0, 0, 0,
    0, -10, 0, -11, -23, 0, 0, 0,
    -23, -10, 0, 6, 0, -10, 0, 0,
    0, 0, 0, 0, 0, 0, 0, -15,
    -18, -10, -14, 0, 0, -10, 0, -10,
    -10, -20, 0, -14, -10, 0, -12, -16,
    0, 0, 0, 0, 0, -20, 0, 0,
    0, -13, -31, 0, -13, -16, -13, 0,
    -13, -13, 0, 0, 0, 0, -11, -23,
    0, 10, 0, 0, 0, 0, 0, 0,
    -13, 0, 0, -11, 0, 0, 0, 0,
    0, 0, 0, 0, 0, 0, 0, 0,
    0, 0, 0, 0, 0, 0, 0, 0,
    0, 0, 0, 0, -10, 0, 0, 0,
    0, 0, 0, 0, 0, 0, 0, 0,
    -10, 0, 0, -4, 0, 0, -3, 0,
    0, 0, 0, 0, -10, 0, 0, 0,
    0, 0, 0, 0, 0, 0, 0, 0,
    0, -15, 0, 0, 0, 0, 0, 0,
    -3, 0, 0, 0, 0, -18, -7, 0,
    0, 0, -10, 0, 0, 0, 0, 0,
    0, 0, 0, 0, -14, 0, 0, 0,
    0, 0, 0, 0, 0, -2, 0, 0,
    0, 0, -8, 0, 0, 0, 0, 0,
    0, 0, 0, 0, 0, 0, 0, 0,
    0, 0, -11, 0, -10, 0, 0, 0,
    0, 0, 0, 0, 0, 0, 0, -11,
    0, 0, 0, 0, -10, 0, -11, 0,
    0, -10, 0, 0, 0, 0, 0, -15,
    4, 0, 0, 0, 0, 0, 0, 0,
    0, 0, 0, 0, -10, -3, 0, 0,
    -6, 0, 0, 0, 0, 0, 0, 0,
    -11, 0, 0, 0, 0, 0, 0, 0,
    0, -5, 0, 0, -18, 0, 0, 0,
    0, 0, 0, 0, 0, 0, 0, 0,
    -11, -15, -13, 0, 0, -15, -10, 0,
    0, 0, 0, 0, 0, -18, 0, 0,
    0, 0, 0, 0, 0, 0, 0, 0,
    0, -24, 0, 0, 0, 0, 0, 0,
    0, 0, 0, 0, 0, 0, 0, 0,
    0, 0, 0, 0, 0, 0, 0, 0,
    0, 0, -22, 0, 0, 0, 0, 0,
    0, 0, 0, 0, 0, 0, -18, -10,
    0, 0, 0, 0, 0, 0, 0, 0,
    0, 0, 0, 0, 0, 0, 0, 0,
    0, 0, 0, 0, 0, 0, 0, -11,
    0, 0, 0, 0, 0, 0, 0, 0,
    0, 0, 0, 0, 0, 0, 0, 0,
    -18, 0, 0, 0, -24, -28, 0, 0,
    0, 0, -18, 0, 0, 0, 0, 0,
    0, 0, 0, 0, 0, 0, 0, 0,
    -11, 0, 0, 0, 0, 0, 0, -18,
    0, 0, -18, 0, -36, -20, 0, 0,
    -18, -29, -41, -13, 0, 0, 0, -28,
    0, -18, -11, 0, -16, -28, -16, 0,
    -16, 0, -11, 0, -13, -18, -24, -18,
    0, -13, -3, 0, -20, 0, 0, 0,
    0, 0, 0, 0, 0, 0, 0, 0,
    0, -20, 0, 0, 0, 0, 0, 0,
    0, 0, 0, 0, 0, 0, -26, 0,
    0, 0, 0, 0, 0, 0, 0, 0,
    0, 0, -36, -28, 0
};


/*Collect the kern class' data in one place*/
static const lv_font_fmt_txt_kern_classes_t kern_classes =
{
    .class_pair_values   = kern_class_values,
    .left_class_mapping  = kern_left_class_mapping,
    .right_class_mapping = kern_right_class_mapping,
    .left_class_cnt      = 33,
    .right_class_cnt     = 37,
};

/*--------------------
 *  ALL CUSTOM DATA
 *--------------------*/

#if LVGL_VERSION_MAJOR == 8
/*Store all the custom data of the font*/
static  lv_font_fmt_txt_glyph_cache_t cache;
#endif

#if LVGL_VERSION_MAJOR >= 8
static const lv_font_fmt_txt_dsc_t font_dsc = {
#else
static lv_font_fmt_txt_dsc_t font_dsc = {
#endif
    .glyph_bitmap = glyph_bitmap,
    .glyph_dsc = glyph_dsc,
    .cmaps = cmaps,
    .kern_dsc = &kern_classes,
    .kern_scale = 16,
    .cmap_num = 6,
    .bpp = 4,
    .kern_classes = 1,
    .bitmap_format = 0,
#if LVGL_VERSION_MAJOR == 8
    .cache = &cache
#endif
};



/*-----------------
 *  PUBLIC FONT
 *----------------*/

/*Initialize a public general font descriptor*/
#if LVGL_VERSION_MAJOR >= 8
const lv_font_t font_inter_12 = {
#else
lv_font_t font_inter_12 = {
#endif
    .get_glyph_dsc = lv_font_get_glyph_dsc_fmt_txt,    /*Function pointer to get glyph's data*/
    .get_glyph_bitmap = lv_font_get_bitmap_fmt_txt,    /*Function pointer to get glyph's bitmap*/
    .line_height = 24,          /*The maximum line height required by the font*/
    .base_line = 4,             /*Baseline measured from the bottom of the line*/
#if !(LVGL_VERSION_MAJOR == 6 && LVGL_VERSION_MINOR == 0)
    .subpx = LV_FONT_SUBPX_NONE,
#endif
#if LV_VERSION_CHECK(7, 4, 0) || LVGL_VERSION_MAJOR >= 8
    .underline_position = -3,
    .underline_thickness = 1,
#endif
    .dsc = &font_dsc,          /*The custom font data. Will be accessed by `get_glyph_bitmap/dsc` */
#if LV_VERSION_CHECK(8, 2, 0) || LVGL_VERSION_MAJOR >= 9
    .fallback = NULL,
#endif
    .user_data = NULL,
};



#endif /*#if FONT_INTER_12*/

