/*******************************************************************************
 * Size: 20 px
 * Bpp: 4
 * Opts: --font node_modules/@fontsource/inter/files/inter-latin-400-normal.woff -r 0x20-0x7E,0xA0-0xFF,0x2010-0x2043 --symbols ‹› --font node_modules/@fontsource/inter/files/inter-vietnamese-400-normal.woff -r 0x0102-0x0103,0x0110-0x0111,0x01A0-0x01A1,0x01AF-0x01B0,0x1EA0-0x1EF9 --size 20 --bpp 4 --no-compress --format lvgl --lv-font-name font_inter_20 -o out/font_inter_20.c
 ******************************************************************************/

#ifdef LV_LVGL_H_INCLUDE_SIMPLE
#include "lvgl.h"
#else
#include "lvgl/lvgl.h"
#endif

#ifndef FONT_INTER_20
#define FONT_INTER_20 1
#endif

#if FONT_INTER_20

/*-----------------
 *    BITMAPS
 *----------------*/

/*Store the image of the glyphs*/
static LV_ATTRIBUTE_LARGE_CONST const uint8_t glyph_bitmap[] = {
    /* U+0020 " " */

    /* U+0021 "!" */
    0x1f, 0xd0, 0x1f, 0xd0, 0x1f, 0xd0, 0x1f, 0xd0,
    0x1f, 0xc0, 0xf, 0xc0, 0xf, 0xc0, 0xf, 0xc0,
    0xf, 0xc0, 0xd, 0x90, 0x0, 0x0, 0x8, 0x60,
    0x5f, 0xf1, 0x2e, 0xc0,

    /* U+0022 "\"" */
    0xee, 0x9, 0xf3, 0xee, 0x9, 0xf3, 0xdd, 0x8,
    0xf2, 0xdd, 0x7, 0xf2, 0xcc, 0x7, 0xf1, 0x55,
    0x3, 0x80,

    /* U+0023 "#" */
    0x0, 0x0, 0xe9, 0x0, 0xc, 0xb0, 0x0, 0x0,
    0x1f, 0x50, 0x0, 0xf7, 0x0, 0x0, 0x5, 0xf2,
    0x0, 0x3f, 0x40, 0x0, 0xaf, 0xff, 0xff, 0xff,
    0xff, 0xf3, 0x5, 0x7d, 0xe7, 0x77, 0xcf, 0x77,
    0x0, 0x0, 0xca, 0x0, 0xb, 0xc0, 0x0, 0x0,
    0xf, 0x80, 0x0, 0xda, 0x0, 0x0, 0x1, 0xf6,
    0x0, 0xf, 0x80, 0x0, 0x2, 0x4f, 0x62, 0x23,
    0xf7, 0x21, 0x8, 0xff, 0xff, 0xff, 0xff, 0xff,
    0x50, 0x35, 0xbf, 0x55, 0x5a, 0xf5, 0x51, 0x0,
    0xb, 0xc0, 0x0, 0x9e, 0x0, 0x0, 0x0, 0xe9,
    0x0, 0xc, 0xb0, 0x0, 0x0, 0x1f, 0x60, 0x0,
    0xf8, 0x0, 0x0,

    /* U+0024 "$" */
    0x0, 0x0, 0x2f, 0x0, 0x0, 0x0, 0x0, 0x2,
    0xf0, 0x0, 0x0, 0x0, 0x0, 0x2f, 0x0, 0x0,
    0x0, 0x4, 0xbe, 0xff, 0xc5, 0x0, 0x8, 0xfe,
    0xbf, 0xae, 0xf9, 0x2, 0xfc, 0x2, 0xf0, 0x1c,
    0xf3, 0x6f, 0x60, 0x2f, 0x0, 0x39, 0x45, 0xf9,
    0x2, 0xf0, 0x0, 0x0, 0xd, 0xfb, 0x6f, 0x0,
    0x0, 0x0, 0x1a, 0xff, 0xfb, 0x60, 0x0, 0x0,
    0x1, 0x8f, 0xff, 0xe4, 0x0, 0x0, 0x2, 0xf0,
    0x5e, 0xf3, 0x0, 0x0, 0x2f, 0x0, 0x4f, 0x99,
    0xc1, 0x2, 0xf0, 0x3, 0xfa, 0x8f, 0xa0, 0x2f,
    0x0, 0xbf, 0x60, 0xdf, 0xea, 0xfa, 0xef, 0xb0,
    0x0, 0x7d, 0xff, 0xfc, 0x60, 0x0, 0x0, 0x2,
    0xf0, 0x0, 0x0, 0x0, 0x0, 0x2f, 0x0, 0x0,
    0x0,

    /* U+0025 "%" */
    0x9, 0xef, 0xb2, 0x0, 0x0, 0x6, 0xf3, 0x0,
    0x8f, 0x65, 0xec, 0x0, 0x0, 0x2f, 0x80, 0x0,
    0xbb, 0x0, 0x8f, 0x0, 0x0, 0xcc, 0x0, 0x0,
    0xae, 0x21, 0xcd, 0x0, 0x8, 0xf2, 0x0, 0x0,
    0x2d, 0xff, 0xe4, 0x0, 0x4f, 0x60, 0x0, 0x0,
    0x0, 0x23, 0x0, 0x1, 0xea, 0x0, 0x0, 0x0,
    0x0, 0x0, 0x0, 0xb, 0xe1, 0x0, 0x0, 0x0,
    0x0, 0x0, 0x0, 0x6f, 0x30, 0x3d, 0xfd, 0x40,
    0x0, 0x0, 0x2, 0xf8, 0x0, 0xec, 0x4b, 0xf1,
    0x0, 0x0, 0xc, 0xc0, 0x3, 0xf4, 0x2, 0xf5,
    0x0, 0x0, 0x8f, 0x20, 0x4, 0xf3, 0x1, 0xf6,
    0x0, 0x4, 0xf6, 0x0, 0x3, 0xf4, 0x3, 0xf5,
    0x0, 0x1e, 0xa0, 0x0, 0x0, 0xec, 0x5b, 0xe0,
    0x0, 0xbe, 0x10, 0x0, 0x0, 0x3c, 0xfd, 0x30,

    /* U+0026 "&" */
    0x0, 0x5c, 0xfe, 0xa1, 0x0, 0x0, 0x5, 0xfe,
    0x9a, 0xfd, 0x0, 0x0, 0xb, 0xf3, 0x0, 0xaf,
    0x30, 0x0, 0xb, 0xf0, 0x0, 0x9f, 0x20, 0x0,
    0x6, 0xf5, 0x3, 0xfa, 0x0, 0x0, 0x0, 0xae,
    0x7f, 0x90, 0x0, 0x0, 0x0, 0x9f, 0xf9, 0x0,
    0x0, 0x0, 0xb, 0xf9, 0xcf, 0x40, 0x9, 0x60,
    0x8f, 0x80, 0x1e, 0xf2, 0x1f, 0xa0, 0xee, 0x0,
    0x3, 0xfe, 0x7f, 0x60, 0xee, 0x0, 0x0, 0x5f,
    0xff, 0x10, 0xaf, 0x50, 0x0, 0x1d, 0xfb, 0x0,
    0x2e, 0xfb, 0x8a, 0xff, 0xdf, 0x60, 0x1, 0x9e,
    0xfe, 0xb4, 0xd, 0xf3,

    /* U+0027 "'" */
    0xee, 0xee, 0xdd, 0xdd, 0xcc, 0x55,

    /* U+0028 "(" */
    0x0, 0x9f, 0x20, 0x2f, 0xb0, 0x8, 0xf5, 0x0,
    0xdf, 0x0, 0x1f, 0xb0, 0x6, 0xf7, 0x0, 0x9f,
    0x30, 0xb, 0xf0, 0x0, 0xdf, 0x0, 0xd, 0xf0,
    0x0, 0xcf, 0x0, 0xb, 0xf1, 0x0, 0x8f, 0x40,
    0x4, 0xf8, 0x0, 0xe, 0xd0, 0x0, 0x9f, 0x30,
    0x2, 0xfa, 0x0, 0x9, 0xf2,

    /* U+0029 ")" */
    0xd, 0xe0, 0x0, 0x7, 0xf6, 0x0, 0x1, 0xfc,
    0x0, 0x0, 0xaf, 0x10, 0x0, 0x5f, 0x60, 0x0,
    0x1f, 0xa0, 0x0, 0xe, 0xe0, 0x0, 0xc, 0xf0,
    0x0, 0xa, 0xf1, 0x0, 0xa, 0xf2, 0x0, 0xb,
    0xf1, 0x0, 0xd, 0xf0, 0x0, 0xf, 0xc0, 0x0,
    0x4f, 0x90, 0x0, 0x9f, 0x30, 0x0, 0xed, 0x0,
    0x5, 0xf6, 0x0, 0xd, 0xe0, 0x0,

    /* U+002A "*" */
    0x0, 0xa, 0xb0, 0x0, 0x32, 0xa, 0xa0, 0x23,
    0xaf, 0x89, 0xa7, 0xfa, 0x5, 0xdf, 0xfe, 0x60,
    0x3, 0xbf, 0xfc, 0x30, 0x9f, 0xaa, 0xba, 0xf9,
    0x44, 0x9, 0xa0, 0x44, 0x0, 0xa, 0xb0, 0x0,
    0x0, 0x1, 0x10, 0x0,

    /* U+002B "+" */
    0x0, 0x0, 0x16, 0x20, 0x0, 0x0, 0x0, 0x3,
    0xf7, 0x0, 0x0, 0x0, 0x0, 0x3f, 0x70, 0x0,
    0x0, 0x0, 0x3, 0xf7, 0x0, 0x0, 0x8, 0x88,
    0xaf, 0xb8, 0x88, 0x21, 0xff, 0xff, 0xff, 0xff,
    0xf5, 0x0, 0x0, 0x3f, 0x70, 0x0, 0x0, 0x0,
    0x3, 0xf7, 0x0, 0x0, 0x0, 0x0, 0x3f, 0x70,
    0x0, 0x0, 0x0, 0x3, 0xf7, 0x0, 0x0,

    /* U+002C "," */
    0x7, 0x70, 0xf, 0xd0, 0x3f, 0x90, 0x5f, 0x40,
    0x8f, 0x0, 0xab, 0x0,

    /* U+002D "-" */
    0x59, 0x99, 0x99, 0x79, 0xff, 0xff, 0xfc,

    /* U+002E "." */
    0x8, 0x60, 0x6f, 0xf2, 0x2e, 0xc0,

    /* U+002F "/" */
    0x0, 0x0, 0x7, 0x50, 0x0, 0x2, 0xf7, 0x0,
    0x0, 0x6f, 0x30, 0x0, 0xa, 0xf0, 0x0, 0x0,
    0xeb, 0x0, 0x0, 0x3f, 0x60, 0x0, 0x7, 0xf2,
    0x0, 0x0, 0xbe, 0x0, 0x0, 0xf, 0x90, 0x0,
    0x4, 0xf5, 0x0, 0x0, 0x8f, 0x10, 0x0, 0xc,
    0xd0, 0x0, 0x1, 0xf8, 0x0, 0x0, 0x5f, 0x40,
    0x0, 0x9, 0xf0, 0x0, 0x0, 0xeb, 0x0, 0x0,
    0x2f, 0x70, 0x0, 0x6, 0xf3, 0x0, 0x0,

    /* U+0030 "0" */
    0x0, 0x29, 0xef, 0xd7, 0x0, 0x0, 0x2e, 0xfc,
    0xad, 0xfb, 0x0, 0xc, 0xf5, 0x0, 0xa, 0xf6,
    0x4, 0xfa, 0x0, 0x0, 0x1f, 0xd0, 0x8f, 0x40,
    0x0, 0x0, 0xaf, 0x2b, 0xf1, 0x0, 0x0, 0x7,
    0xf4, 0xcf, 0x0, 0x0, 0x0, 0x6f, 0x6c, 0xf0,
    0x0, 0x0, 0x6, 0xf6, 0xbf, 0x10, 0x0, 0x0,
    0x7f, 0x48, 0xf4, 0x0, 0x0, 0xa, 0xf2, 0x4f,
    0xa0, 0x0, 0x1, 0xfe, 0x0, 0xdf, 0x50, 0x0,
    0xaf, 0x70, 0x3, 0xef, 0xca, 0xef, 0xb0, 0x0,
    0x2, 0xae, 0xfd, 0x70, 0x0,

    /* U+0031 "1" */
    0x0, 0x9, 0xff, 0x60, 0x2d, 0xfe, 0xf6, 0xf,
    0xe5, 0x7f, 0x61, 0xb1, 0x7, 0xf6, 0x0, 0x0,
    0x7f, 0x60, 0x0, 0x7, 0xf6, 0x0, 0x0, 0x7f,
    0x60, 0x0, 0x7, 0xf6, 0x0, 0x0, 0x7f, 0x60,
    0x0, 0x7, 0xf6, 0x0, 0x0, 0x7f, 0x60, 0x0,
    0x7, 0xf6, 0x0, 0x0, 0x7f, 0x60, 0x0, 0x7,
    0xf6,

    /* U+0032 "2" */
    0x0, 0x4b, 0xff, 0xc6, 0x0, 0x7, 0xfe, 0xaa,
    0xef, 0x90, 0x1f, 0xd1, 0x0, 0xc, 0xf3, 0x5f,
    0x60, 0x0, 0x4, 0xf7, 0x12, 0x0, 0x0, 0x5,
    0xf7, 0x0, 0x0, 0x0, 0xb, 0xf2, 0x0, 0x0,
    0x0, 0x8f, 0x80, 0x0, 0x0, 0x6, 0xfb, 0x0,
    0x0, 0x0, 0x6f, 0xc0, 0x0, 0x0, 0x6, 0xfc,
    0x0, 0x0, 0x0, 0x6f, 0xc1, 0x0, 0x0, 0x5,
    0xfc, 0x10, 0x0, 0x0, 0x4f, 0xfc, 0xbb, 0xbb,
    0xb8, 0x8f, 0xff, 0xff, 0xff, 0xfc,

    /* U+0033 "3" */
    0x0, 0x5b, 0xef, 0xd8, 0x10, 0x0, 0xaf, 0xeb,
    0xad, 0xfd, 0x10, 0x4f, 0xb1, 0x0, 0x8, 0xf7,
    0x2, 0x52, 0x0, 0x0, 0x3f, 0x90, 0x0, 0x0,
    0x0, 0x9, 0xf5, 0x0, 0x0, 0x29, 0xbe, 0xf7,
    0x0, 0x0, 0x3, 0xff, 0xfc, 0x40, 0x0, 0x0,
    0x0, 0x4, 0xdf, 0x60, 0x0, 0x0, 0x0, 0x1,
    0xfe, 0x0, 0x0, 0x0, 0x0, 0xb, 0xf1, 0xaf,
    0x30, 0x0, 0x0, 0xdf, 0x6, 0xfc, 0x10, 0x0,
    0x7f, 0xb0, 0xb, 0xfe, 0xaa, 0xdf, 0xe1, 0x0,
    0x6, 0xcf, 0xfd, 0x81, 0x0,

    /* U+0034 "4" */
    0x0, 0x0, 0x0, 0xcf, 0xc0, 0x0, 0x0, 0x0,
    0x7f, 0xfc, 0x0, 0x0, 0x0, 0x2f, 0xbf, 0xc0,
    0x0, 0x0, 0xc, 0xe1, 0xfc, 0x0, 0x0, 0x7,
    0xf6, 0xf, 0xc0, 0x0, 0x2, 0xfb, 0x0, 0xfc,
    0x0, 0x0, 0xcf, 0x10, 0xf, 0xc0, 0x0, 0x7f,
    0x60, 0x0, 0xfc, 0x0, 0x3f, 0xb0, 0x0, 0xf,
    0xc0, 0xb, 0xfb, 0xaa, 0xaa, 0xfe, 0xa7, 0xdf,
    0xff, 0xff, 0xff, 0xff, 0xc0, 0x0, 0x0, 0x0,
    0xfc, 0x0, 0x0, 0x0, 0x0, 0xf, 0xc0, 0x0,
    0x0, 0x0, 0x0, 0xfc, 0x0,

    /* U+0035 "5" */
    0xb, 0xff, 0xff, 0xff, 0xf0, 0xd, 0xfa, 0xaa,
    0xaa, 0x90, 0xf, 0xc0, 0x0, 0x0, 0x0, 0x2f,
    0xa0, 0x0, 0x0, 0x0, 0x4f, 0x84, 0x89, 0x60,
    0x0, 0x6f, 0xff, 0xff, 0xfe, 0x20, 0x4a, 0x93,
    0x2, 0x9f, 0xd0, 0x0, 0x0, 0x0, 0xa, 0xf6,
    0x0, 0x0, 0x0, 0x3, 0xf9, 0x0, 0x0, 0x0,
    0x2, 0xfa, 0x8d, 0x20, 0x0, 0x6, 0xf7, 0x6f,
    0xb0, 0x0, 0x2e, 0xf1, 0xb, 0xfe, 0xab, 0xff,
    0x60, 0x0, 0x7d, 0xfe, 0xb3, 0x0,

    /* U+0036 "6" */
    0x0, 0x18, 0xdf, 0xea, 0x20, 0x0, 0x1d, 0xfc,
    0xac, 0xff, 0x30, 0xb, 0xf5, 0x0, 0x4, 0xfc,
    0x2, 0xf8, 0x0, 0x0, 0x4, 0x50, 0x7f, 0x20,
    0x68, 0x72, 0x0, 0xa, 0xf4, 0xef, 0xff, 0xf8,
    0x0, 0xcf, 0xeb, 0x20, 0x4d, 0xf6, 0xc, 0xfc,
    0x0, 0x0, 0x1f, 0xe0, 0xcf, 0x50, 0x0, 0x0,
    0xaf, 0x2a, 0xf4, 0x0, 0x0, 0x9, 0xf2, 0x6f,
    0x80, 0x0, 0x0, 0xdf, 0x0, 0xef, 0x40, 0x0,
    0x9f, 0x90, 0x4, 0xff, 0xca, 0xdf, 0xd1, 0x0,
    0x3, 0xae, 0xfd, 0x80, 0x0,

    /* U+0037 "7" */
    0xf, 0xff, 0xff, 0xff, 0xff, 0x50, 0xbb, 0xbb,
    0xbb, 0xbe, 0xf5, 0x0, 0x0, 0x0, 0x1, 0xfe,
    0x0, 0x0, 0x0, 0x0, 0x8f, 0x60, 0x0, 0x0,
    0x0, 0x1f, 0xd0, 0x0, 0x0, 0x0, 0x9, 0xf5,
    0x0, 0x0, 0x0, 0x2, 0xfd, 0x0, 0x0, 0x0,
    0x0, 0xaf, 0x50, 0x0, 0x0, 0x0, 0x2f, 0xc0,
    0x0, 0x0, 0x0, 0xa, 0xf4, 0x0, 0x0, 0x0,
    0x3, 0xfb, 0x0, 0x0, 0x0, 0x0, 0xbf, 0x30,
    0x0, 0x0, 0x0, 0x4f, 0xb0, 0x0, 0x0, 0x0,
    0xc, 0xf2, 0x0, 0x0, 0x0,

    /* U+0038 "8" */
    0x0, 0x5b, 0xef, 0xd8, 0x0, 0x0, 0x8f, 0xeb,
    0xad, 0xfd, 0x0, 0x1f, 0xd1, 0x0, 0x8, 0xf7,
    0x3, 0xf8, 0x0, 0x0, 0x3f, 0x90, 0xe, 0xd0,
    0x0, 0x9, 0xf5, 0x0, 0x4e, 0xea, 0x9d, 0xf8,
    0x0, 0x2, 0xaf, 0xff, 0xfd, 0x50, 0x1, 0xef,
    0x61, 0x4, 0xdf, 0x50, 0x8f, 0x60, 0x0, 0x1,
    0xfe, 0xc, 0xf0, 0x0, 0x0, 0xb, 0xf2, 0xbf,
    0x20, 0x0, 0x0, 0xcf, 0x16, 0xfb, 0x0, 0x0,
    0x6f, 0xc0, 0xb, 0xfe, 0xa9, 0xcf, 0xe2, 0x0,
    0x6, 0xcf, 0xfd, 0x81, 0x0,

    /* U+0039 "9" */
    0x0, 0x5c, 0xef, 0xc6, 0x0, 0x0, 0x9f, 0xfb,
    0xae, 0xfa, 0x0, 0x5f, 0xc1, 0x0, 0xa, 0xf5,
    0xb, 0xf3, 0x0, 0x0, 0xf, 0xc0, 0xcf, 0x0,
    0x0, 0x0, 0xdf, 0x9, 0xf5, 0x0, 0x0, 0x3f,
    0xf2, 0x3f, 0xf6, 0x11, 0x5e, 0xff, 0x30, 0x5f,
    0xff, 0xff, 0x99, 0xf2, 0x0, 0x16, 0x97, 0x30,
    0xaf, 0x10, 0x0, 0x0, 0x0, 0xe, 0xd0, 0x9f,
    0x50, 0x0, 0x4, 0xf8, 0x3, 0xfd, 0x10, 0x2,
    0xef, 0x20, 0x8, 0xfe, 0xbb, 0xff, 0x60, 0x0,
    0x5, 0xcf, 0xfb, 0x40, 0x0,

    /* U+003A ":" */
    0x8, 0x60, 0x5f, 0xf2, 0x2e, 0xc0, 0x0, 0x0,
    0x0, 0x0, 0x0, 0x0, 0x0, 0x0, 0x0, 0x0,
    0x8, 0x60, 0x6f, 0xf2, 0x2e, 0xc0,

    /* U+003B ";" */
    0xc, 0xe2, 0x1f, 0xf6, 0x5, 0x80, 0x0, 0x0,
    0x0, 0x0, 0x0, 0x0, 0x0, 0x0, 0x0, 0x0,
    0x7, 0x70, 0xf, 0xd0, 0x3f, 0x90, 0x5f, 0x40,
    0x8f, 0x0, 0xab, 0x0,

    /* U+003C "<" */
    0x0, 0x0, 0x0, 0x0, 0x29, 0x0, 0x0, 0x0,
    0x2a, 0xfe, 0x0, 0x0, 0x2a, 0xff, 0xb3, 0x0,
    0x2a, 0xff, 0xa2, 0x0, 0x1a, 0xff, 0x91, 0x0,
    0x0, 0x4f, 0xf6, 0x0, 0x0, 0x0, 0x5, 0xdf,
    0xd6, 0x0, 0x0, 0x0, 0x5, 0xdf, 0xe7, 0x0,
    0x0, 0x0, 0x5, 0xdf, 0xe7, 0x0, 0x0, 0x0,
    0x5, 0xde, 0x0, 0x0, 0x0, 0x0, 0x5,

    /* U+003D "=" */
    0xcf, 0xff, 0xff, 0xff, 0xf0, 0x79, 0x99, 0x99,
    0x99, 0x90, 0x0, 0x0, 0x0, 0x0, 0x0, 0x0,
    0x0, 0x0, 0x0, 0x0, 0x79, 0x99, 0x99, 0x99,
    0x90, 0xcf, 0xff, 0xff, 0xff, 0xf0,

    /* U+003E ">" */
    0x74, 0x0, 0x0, 0x0, 0x0, 0xbf, 0xc4, 0x0,
    0x0, 0x0, 0x19, 0xff, 0xc4, 0x0, 0x0, 0x0,
    0x18, 0xff, 0xc4, 0x0, 0x0, 0x0, 0x7, 0xef,
    0xc3, 0x0, 0x0, 0x0, 0x4e, 0xf8, 0x0, 0x0,
    0x4c, 0xfe, 0x70, 0x0, 0x5d, 0xfe, 0x70, 0x0,
    0x5d, 0xfe, 0x70, 0x0, 0x0, 0xbe, 0x70, 0x0,
    0x0, 0x0, 0x40, 0x0, 0x0, 0x0, 0x0,

    /* U+003F "?" */
    0x0, 0x4b, 0xff, 0xc5, 0x0, 0x6, 0xff, 0xaa,
    0xef, 0x70, 0xe, 0xf2, 0x0, 0x1d, 0xf0, 0x1a,
    0x70, 0x0, 0x9, 0xf3, 0x0, 0x0, 0x0, 0xc,
    0xf1, 0x0, 0x0, 0x0, 0xaf, 0xa0, 0x0, 0x0,
    0x3e, 0xfa, 0x0, 0x0, 0x0, 0xef, 0x50, 0x0,
    0x0, 0x2, 0xfa, 0x0, 0x0, 0x0, 0x2, 0x95,
    0x0, 0x0, 0x0, 0x0, 0x0, 0x0, 0x0, 0x0,
    0x1, 0x84, 0x0, 0x0, 0x0, 0x9, 0xfe, 0x0,
    0x0, 0x0, 0x5, 0xf9, 0x0, 0x0,

    /* U+0040 "@" */
    0x0, 0x0, 0x0, 0x0, 0x10, 0x0, 0x0, 0x0,
    0x0, 0x0, 0x0, 0x18, 0xcf, 0xff, 0xfb, 0x60,
    0x0, 0x0, 0x0, 0x7, 0xff, 0xa6, 0x55, 0x7b,
    0xfd, 0x20, 0x0, 0x0, 0x9f, 0xa1, 0x0, 0x0,
    0x0, 0x3d, 0xf2, 0x0, 0x6, 0xf9, 0x0, 0x0,
    0x0, 0x0, 0x1, 0xed, 0x0, 0xe, 0xd0, 0x0,
    0x0, 0x10, 0x2, 0x10, 0x4f, 0x60, 0x4f, 0x60,
    0x0, 0x9f, 0xff, 0x7f, 0x80, 0xd, 0xc0, 0x8f,
    0x10, 0xb, 0xf8, 0x57, 0xef, 0x80, 0x9, 0xf0,
    0xbe, 0x0, 0x4f, 0x60, 0x0, 0x4f, 0x80, 0x7,
    0xf1, 0xcd, 0x0, 0x8f, 0x0, 0x0, 0xf, 0x80,
    0x7, 0xf1, 0xcd, 0x0, 0x9f, 0x0, 0x0, 0xf,
    0x80, 0x7, 0xf0, 0xbf, 0x0, 0x7f, 0x10, 0x0,
    0x1f, 0x80, 0x9, 0xe0, 0x8f, 0x20, 0x3f, 0x70,
    0x0, 0x6f, 0x90, 0xd, 0xa0, 0x4f, 0x60, 0xa,
    0xf8, 0x69, 0xde, 0xf7, 0x9f, 0x40, 0xe, 0xd0,
    0x0, 0x8e, 0xfc, 0x23, 0xbf, 0xe7, 0x0, 0x5,
    0xfa, 0x0, 0x0, 0x0, 0x0, 0x0, 0x0, 0x0,
    0x0, 0x9f, 0xb2, 0x0, 0x0, 0x0, 0x0, 0x0,
    0x0, 0x0, 0x7, 0xff, 0xc8, 0x76, 0x8b, 0xf3,
    0x0, 0x0, 0x0, 0x0, 0x17, 0xbe, 0xff, 0xeb,
    0x81, 0x0, 0x0,

    /* U+0041 "A" */
    0x0, 0x0, 0x6, 0xff, 0x20, 0x0, 0x0, 0x0,
    0x0, 0xc, 0xef, 0x80, 0x0, 0x0, 0x0, 0x0,
    0x2f, 0x8c, 0xe0, 0x0, 0x0, 0x0, 0x0, 0x8f,
    0x37, 0xf4, 0x0, 0x0, 0x0, 0x0, 0xed, 0x2,
    0xfa, 0x0, 0x0, 0x0, 0x4, 0xf8, 0x0, 0xcf,
    0x10, 0x0, 0x0, 0xa, 0xf2, 0x0, 0x6f, 0x60,
    0x0, 0x0, 0x1f, 0xc0, 0x0, 0x1f, 0xc0, 0x0,
    0x0, 0x6f, 0xd9, 0x99, 0x9e, 0xf3, 0x0, 0x0,
    0xcf, 0xff, 0xff, 0xff, 0xf9, 0x0, 0x2, 0xfb,
    0x0, 0x0, 0x0, 0xee, 0x0, 0x8, 0xf5, 0x0,
    0x0, 0x0, 0x9f, 0x50, 0xe, 0xf0, 0x0, 0x0,
    0x0, 0x3f, 0xb0, 0x4f, 0xa0, 0x0, 0x0, 0x0,
    0xd, 0xf1,

    /* U+0042 "B" */
    0x3f, 0xff, 0xff, 0xfc, 0x60, 0x3, 0xfd, 0xaa,
    0xab, 0xef, 0xa0, 0x3f, 0x90, 0x0, 0x1, 0xdf,
    0x23, 0xf9, 0x0, 0x0, 0x7, 0xf5, 0x3f, 0x90,
    0x0, 0x0, 0x9f, 0x43, 0xf9, 0x0, 0x1, 0x7f,
    0xa0, 0x3f, 0xff, 0xff, 0xff, 0x80, 0x3, 0xfd,
    0x99, 0x99, 0xdf, 0xb0, 0x3f, 0x90, 0x0, 0x0,
    0x8f, 0x83, 0xf9, 0x0, 0x0, 0x0, 0xfd, 0x3f,
    0x90, 0x0, 0x0, 0xe, 0xe3, 0xf9, 0x0, 0x0,
    0x6, 0xfb, 0x3f, 0xda, 0xaa, 0xad, 0xff, 0x33,
    0xff, 0xff, 0xff, 0xd9, 0x20,

    /* U+0043 "C" */
    0x0, 0x3, 0xad, 0xfe, 0xb5, 0x0, 0x0, 0x8,
    0xff, 0xdb, 0xdf, 0xfc, 0x0, 0x7, 0xfd, 0x30,
    0x0, 0x2b, 0xfa, 0x1, 0xfe, 0x10, 0x0, 0x0,
    0xc, 0xf3, 0x6f, 0x70, 0x0, 0x0, 0x0, 0x38,
    0x3a, 0xf2, 0x0, 0x0, 0x0, 0x0, 0x0, 0xcf,
    0x0, 0x0, 0x0, 0x0, 0x0, 0xc, 0xf0, 0x0,
    0x0, 0x0, 0x0, 0x0, 0xaf, 0x20, 0x0, 0x0,
    0x0, 0x0, 0x6, 0xf7, 0x0, 0x0, 0x0, 0x3,
    0x83, 0x1f, 0xe1, 0x0, 0x0, 0x0, 0xcf, 0x30,
    0x7f, 0xd3, 0x0, 0x1, 0xbf, 0xa0, 0x0, 0x8f,
    0xfd, 0xbc, 0xff, 0xc0, 0x0, 0x0, 0x3a, 0xdf,
    0xeb, 0x60, 0x0,

    /* U+0044 "D" */
    0x3f, 0xff, 0xff, 0xeb, 0x60, 0x0, 0x3, 0xfd,
    0xaa, 0xab, 0xff, 0xd2, 0x0, 0x3f, 0x90, 0x0,
    0x0, 0x8f, 0xd0, 0x3, 0xf9, 0x0, 0x0, 0x0,
    0x8f, 0x80, 0x3f, 0x90, 0x0, 0x0, 0x0, 0xfe,
    0x3, 0xf9, 0x0, 0x0, 0x0, 0xb, 0xf1, 0x3f,
    0x90, 0x0, 0x0, 0x0, 0x9f, 0x33, 0xf9, 0x0,
    0x0, 0x0, 0x9, 0xf3, 0x3f, 0x90, 0x0, 0x0,
    0x0, 0xbf, 0x13, 0xf9, 0x0, 0x0, 0x0, 0xf,
    0xd0, 0x3f, 0x90, 0x0, 0x0, 0x8, 0xf8, 0x3,
    0xf9, 0x0, 0x0, 0x18, 0xfd, 0x0, 0x3f, 0xda,
    0xaa, 0xcf, 0xfc, 0x20, 0x3, 0xff, 0xff, 0xfe,
    0xb5, 0x0, 0x0,

    /* U+0045 "E" */
    0x3f, 0xff, 0xff, 0xff, 0xfa, 0x3f, 0xda, 0xaa,
    0xaa, 0xa6, 0x3f, 0x90, 0x0, 0x0, 0x0, 0x3f,
    0x90, 0x0, 0x0, 0x0, 0x3f, 0x90, 0x0, 0x0,
    0x0, 0x3f, 0x90, 0x0, 0x0, 0x0, 0x3f, 0xff,
    0xff, 0xff, 0xf2, 0x3f, 0xda, 0xaa, 0xaa, 0xa1,
    0x3f, 0x90, 0x0, 0x0, 0x0, 0x3f, 0x90, 0x0,
    0x0, 0x0, 0x3f, 0x90, 0x0, 0x0, 0x0, 0x3f,
    0x90, 0x0, 0x0, 0x0, 0x3f, 0xda, 0xaa, 0xaa,
    0xa7, 0x3f, 0xff, 0xff, 0xff, 0xfb,

    /* U+0046 "F" */
    0x3f, 0xff, 0xff, 0xff, 0xf9, 0x3f, 0xda, 0xaa,
    0xaa, 0xa5, 0x3f, 0x90, 0x0, 0x0, 0x0, 0x3f,
    0x90, 0x0, 0x0, 0x0, 0x3f, 0x90, 0x0, 0x0,
    0x0, 0x3f, 0x90, 0x0, 0x0, 0x0, 0x3f, 0xff,
    0xff, 0xff, 0xe0, 0x3f, 0xda, 0xaa, 0xaa, 0x90,
    0x3f, 0x90, 0x0, 0x0, 0x0, 0x3f, 0x90, 0x0,
    0x0, 0x0, 0x3f, 0x90, 0x0, 0x0, 0x0, 0x3f,
    0x90, 0x0, 0x0, 0x0, 0x3f, 0x90, 0x0, 0x0,
    0x0, 0x3f, 0x90, 0x0, 0x0, 0x0,

    /* U+0047 "G" */
    0x0, 0x3, 0xad, 0xfe, 0xb6, 0x0, 0x0, 0x8,
    0xff, 0xdb, 0xdf, 0xfd, 0x10, 0x7, 0xfd, 0x30,
    0x0, 0x1a, 0xfc, 0x1, 0xfe, 0x10, 0x0, 0x0,
    0xc, 0xf5, 0x7f, 0x70, 0x0, 0x0, 0x0, 0x13,
    0x1a, 0xf2, 0x0, 0x0, 0x0, 0x0, 0x0, 0xcf,
    0x0, 0x0, 0x8, 0x99, 0x99, 0x6c, 0xf0, 0x0,
    0x0, 0xef, 0xff, 0xfa, 0xaf, 0x20, 0x0, 0x0,
    0x0, 0x3f, 0x97, 0xf7, 0x0, 0x0, 0x0, 0x6,
    0xf7, 0x1f, 0xe1, 0x0, 0x0, 0x0, 0xdf, 0x20,
    0x7f, 0xd3, 0x0, 0x1, 0xbf, 0xa0, 0x0, 0x8f,
    0xfd, 0xbc, 0xff, 0xb0, 0x0, 0x0, 0x3a, 0xdf,
    0xeb, 0x50, 0x0,

    /* U+0048 "H" */
    0x3f, 0x90, 0x0, 0x0, 0x0, 0xcf, 0x13, 0xf9,
    0x0, 0x0, 0x0, 0xc, 0xf1, 0x3f, 0x90, 0x0,
    0x0, 0x0, 0xcf, 0x13, 0xf9, 0x0, 0x0, 0x0,
    0xc, 0xf1, 0x3f, 0x90, 0x0, 0x0, 0x0, 0xcf,
    0x13, 0xf9, 0x0, 0x0, 0x0, 0xc, 0xf1, 0x3f,
    0xff, 0xff, 0xff, 0xff, 0xff, 0x13, 0xfd, 0xaa,
    0xaa, 0xaa, 0xae, 0xf1, 0x3f, 0x90, 0x0, 0x0,
    0x0, 0xcf, 0x13, 0xf9, 0x0, 0x0, 0x0, 0xc,
    0xf1, 0x3f, 0x90, 0x0, 0x0, 0x0, 0xcf, 0x13,
    0xf9, 0x0, 0x0, 0x0, 0xc, 0xf1, 0x3f, 0x90,
    0x0, 0x0, 0x0, 0xcf, 0x13, 0xf9, 0x0, 0x0,
    0x0, 0xc, 0xf1,

    /* U+0049 "I" */
    0x3f, 0x93, 0xf9, 0x3f, 0x93, 0xf9, 0x3f, 0x93,
    0xf9, 0x3f, 0x93, 0xf9, 0x3f, 0x93, 0xf9, 0x3f,
    0x93, 0xf9, 0x3f, 0x93, 0xf9,

    /* U+004A "J" */
    0x0, 0x0, 0x0, 0x3, 0xfa, 0x0, 0x0, 0x0,
    0x3, 0xfa, 0x0, 0x0, 0x0, 0x3, 0xfa, 0x0,
    0x0, 0x0, 0x3, 0xfa, 0x0, 0x0, 0x0, 0x3,
    0xfa, 0x0, 0x0, 0x0, 0x3, 0xfa, 0x0, 0x0,
    0x0, 0x3, 0xfa, 0x0, 0x0, 0x0, 0x3, 0xfa,
    0x0, 0x0, 0x0, 0x3, 0xfa, 0xe, 0xc0, 0x0,
    0x3, 0xfa, 0xf, 0xe0, 0x0, 0x5, 0xf9, 0xb,
    0xf6, 0x0, 0xb, 0xf5, 0x3, 0xff, 0xca, 0xef,
    0xc0, 0x0, 0x2a, 0xef, 0xd8, 0x0,

    /* U+004B "K" */
    0x3f, 0x90, 0x0, 0x0, 0x2e, 0xf6, 0x3f, 0x90,
    0x0, 0x1, 0xef, 0x60, 0x3f, 0x90, 0x0, 0x1d,
    0xf7, 0x0, 0x3f, 0x90, 0x1, 0xdf, 0x70, 0x0,
    0x3f, 0x90, 0x1d, 0xf8, 0x0, 0x0, 0x3f, 0x90,
    0xcf, 0x80, 0x0, 0x0, 0x3f, 0x9a, 0xff, 0x50,
    0x0, 0x0, 0x3f, 0xff, 0x9f, 0xe2, 0x0, 0x0,
    0x3f, 0xf8, 0x5, 0xfc, 0x0, 0x0, 0x3f, 0xb0,
    0x0, 0xaf, 0x80, 0x0, 0x3f, 0x90, 0x0, 0xd,
    0xf4, 0x0, 0x3f, 0x90, 0x0, 0x3, 0xfe, 0x10,
    0x3f, 0x90, 0x0, 0x0, 0x6f, 0xc0, 0x3f, 0x90,
    0x0, 0x0, 0xa, 0xf8,

    /* U+004C "L" */
    0x3f, 0x90, 0x0, 0x0, 0x0, 0x3f, 0x90, 0x0,
    0x0, 0x0, 0x3f, 0x90, 0x0, 0x0, 0x0, 0x3f,
    0x90, 0x0, 0x0, 0x0, 0x3f, 0x90, 0x0, 0x0,
    0x0, 0x3f, 0x90, 0x0, 0x0, 0x0, 0x3f, 0x90,
    0x0, 0x0, 0x0, 0x3f, 0x90, 0x0, 0x0, 0x0,
    0x3f, 0x90, 0x0, 0x0, 0x0, 0x3f, 0x90, 0x0,
    0x0, 0x0, 0x3f, 0x90, 0x0, 0x0, 0x0, 0x3f,
    0x90, 0x0, 0x0, 0x0, 0x3f, 0xda, 0xaa, 0xaa,
    0xa3, 0x3f, 0xff, 0xff, 0xff, 0xf5,

    /* U+004D "M" */
    0x3f, 0xf9, 0x0, 0x0, 0x0, 0x0, 0x8f, 0xf5,
    0x3f, 0xff, 0x0, 0x0, 0x0, 0x0, 0xef, 0xf5,
    0x3f, 0xdf, 0x60, 0x0, 0x0, 0x5, 0xfc, 0xf5,
    0x3f, 0x8f, 0xc0, 0x0, 0x0, 0xb, 0xf8, 0xf5,
    0x3f, 0x8a, 0xf3, 0x0, 0x0, 0x2f, 0xa8, 0xf5,
    0x3f, 0x84, 0xfa, 0x0, 0x0, 0x8f, 0x48, 0xf5,
    0x3f, 0x80, 0xdf, 0x10, 0x0, 0xee, 0x8, 0xf5,
    0x3f, 0x80, 0x7f, 0x70, 0x5, 0xf7, 0x8, 0xf5,
    0x3f, 0x80, 0x1f, 0xd0, 0xb, 0xf1, 0x8, 0xf5,
    0x3f, 0x80, 0xa, 0xf3, 0x1f, 0xa0, 0x8, 0xf5,
    0x3f, 0x80, 0x3, 0xf9, 0x7f, 0x40, 0x8, 0xf5,
    0x3f, 0x80, 0x0, 0xde, 0xcd, 0x0, 0x8, 0xf5,
    0x3f, 0x80, 0x0, 0x6f, 0xf7, 0x0, 0x8, 0xf5,
    0x3f, 0x80, 0x0, 0xf, 0xf1, 0x0, 0x8, 0xf5,

    /* U+004E "N" */
    0x3f, 0xf4, 0x0, 0x0, 0x0, 0x8f, 0x53, 0xff,
    0xe0, 0x0, 0x0, 0x8, 0xf5, 0x3f, 0xcf, 0x90,
    0x0, 0x0, 0x8f, 0x53, 0xf8, 0xbf, 0x40, 0x0,
    0x8, 0xf5, 0x3f, 0x92, 0xfe, 0x0, 0x0, 0x8f,
    0x53, 0xf9, 0x8, 0xf9, 0x0, 0x8, 0xf5, 0x3f,
    0x90, 0xd, 0xf4, 0x0, 0x8f, 0x53, 0xfa, 0x0,
    0x3f, 0xd0, 0x8, 0xf5, 0x3f, 0xa0, 0x0, 0x8f,
    0x90, 0x8f, 0x53, 0xfa, 0x0, 0x0, 0xdf, 0x38,
    0xf5, 0x3f, 0xa0, 0x0, 0x3, 0xfc, 0x8f, 0x53,
    0xfa, 0x0, 0x0, 0x8, 0xfd, 0xf5, 0x3f, 0xa0,
    0x0, 0x0, 0xd, 0xff, 0x53, 0xfa, 0x0, 0x0,
    0x0, 0x3f, 0xf5,

    /* U+004F "O" */
    0x0, 0x3, 0xad, 0xfe, 0xb5, 0x0, 0x0, 0x0,
    0x8f, 0xfd, 0xbc, 0xff, 0xb1, 0x0, 0x6, 0xfd,
    0x30, 0x0, 0x1b, 0xfb, 0x0, 0x1f, 0xe1, 0x0,
    0x0, 0x0, 0xbf, 0x50, 0x6f, 0x70, 0x0, 0x0,
    0x0, 0x3f, 0xb0, 0xaf, 0x20, 0x0, 0x0, 0x0,
    0xe, 0xf0, 0xcf, 0x0, 0x0, 0x0, 0x0, 0xc,
    0xf0, 0xcf, 0x0, 0x0, 0x0, 0x0, 0xc, 0xf0,
    0xaf, 0x20, 0x0, 0x0, 0x0, 0xd, 0xf0, 0x6f,
    0x70, 0x0, 0x0, 0x0, 0x2f, 0xb0, 0x1f, 0xe1,
    0x0, 0x0, 0x0, 0xbf, 0x50, 0x6, 0xfd, 0x30,
    0x0, 0x1b, 0xfb, 0x0, 0x0, 0x8f, 0xfd, 0xbc,
    0xff, 0xb1, 0x0, 0x0, 0x3, 0xad, 0xfe, 0xb5,
    0x0, 0x0,

    /* U+0050 "P" */
    0x3f, 0xff, 0xff, 0xec, 0x60, 0x3, 0xfd, 0xaa,
    0xab, 0xff, 0xa0, 0x3f, 0x90, 0x0, 0x1, 0xcf,
    0x53, 0xf9, 0x0, 0x0, 0x4, 0xf9, 0x3f, 0x90,
    0x0, 0x0, 0x2f, 0xa3, 0xf9, 0x0, 0x0, 0x6,
    0xf8, 0x3f, 0x90, 0x0, 0x16, 0xff, 0x23, 0xff,
    0xff, 0xff, 0xff, 0x50, 0x3f, 0xda, 0xa9, 0x86,
    0x10, 0x3, 0xf9, 0x0, 0x0, 0x0, 0x0, 0x3f,
    0x90, 0x0, 0x0, 0x0, 0x3, 0xf9, 0x0, 0x0,
    0x0, 0x0, 0x3f, 0x90, 0x0, 0x0, 0x0, 0x3,
    0xf9, 0x0, 0x0, 0x0, 0x0,

    /* U+0051 "Q" */
    0x0, 0x3, 0xad, 0xfe, 0xb5, 0x0, 0x0, 0x0,
    0x8f, 0xfd, 0xbc, 0xff, 0xb1, 0x0, 0x6, 0xfd,
    0x30, 0x0, 0x1b, 0xfb, 0x0, 0x1f, 0xe1, 0x0,
    0x0, 0x0, 0xbf, 0x50, 0x6f, 0x70, 0x0, 0x0,
    0x0, 0x2f, 0xb0, 0xaf, 0x20, 0x0, 0x0, 0x0,
    0xd, 0xf0, 0xcf, 0x0, 0x0, 0x0, 0x0, 0xc,
    0xf0, 0xcf, 0x0, 0x0, 0x0, 0x0, 0xc, 0xf0,
    0xaf, 0x20, 0x0, 0x0, 0x0, 0xd, 0xf0, 0x6f,
    0x70, 0x0, 0x57, 0x10, 0x2f, 0xb0, 0x1f, 0xe1,
    0x0, 0x2f, 0xc0, 0xbf, 0x40, 0x6, 0xfd, 0x30,
    0x5, 0xfe, 0xfb, 0x0, 0x0, 0x8f, 0xfd, 0xbd,
    0xff, 0xc0, 0x0, 0x0, 0x3, 0xad, 0xfe, 0xbc,
    0xf3, 0x0, 0x0, 0x0, 0x0, 0x0, 0x1, 0xde,
    0x10,

    /* U+0052 "R" */
    0x3f, 0xff, 0xff, 0xec, 0x60, 0x0, 0x3f, 0xda,
    0xaa, 0xbf, 0xfa, 0x0, 0x3f, 0x90, 0x0, 0x1,
    0xcf, 0x50, 0x3f, 0x90, 0x0, 0x0, 0x4f, 0x90,
    0x3f, 0x90, 0x0, 0x0, 0x2f, 0xa0, 0x3f, 0x90,
    0x0, 0x0, 0x6f, 0x80, 0x3f, 0x90, 0x0, 0x15,
    0xef, 0x20, 0x3f, 0xff, 0xff, 0xff, 0xf5, 0x0,
    0x3f, 0xda, 0xaa, 0xef, 0x30, 0x0, 0x3f, 0x90,
    0x0, 0x6f, 0xa0, 0x0, 0x3f, 0x90, 0x0, 0xd,
    0xf4, 0x0, 0x3f, 0x90, 0x0, 0x4, 0xfd, 0x0,
    0x3f, 0x90, 0x0, 0x0, 0xbf, 0x60, 0x3f, 0x90,
    0x0, 0x0, 0x2f, 0xe0,

    /* U+0053 "S" */
    0x0, 0x4a, 0xef, 0xeb, 0x40, 0x0, 0x7f, 0xfb,
    0xac, 0xff, 0x80, 0x2f, 0xd1, 0x0, 0x2, 0xdf,
    0x36, 0xf6, 0x0, 0x0, 0x4, 0xa4, 0x5f, 0x80,
    0x0, 0x0, 0x0, 0x0, 0xdf, 0xa3, 0x0, 0x0,
    0x0, 0x1, 0x9f, 0xfe, 0xa5, 0x0, 0x0, 0x0,
    0x15, 0xae, 0xfe, 0x40, 0x0, 0x0, 0x0, 0x4,
    0xdf, 0x30, 0x0, 0x0, 0x0, 0x3, 0xf9, 0xad,
    0x10, 0x0, 0x0, 0x3f, 0xa7, 0xfb, 0x10, 0x0,
    0x2d, 0xf5, 0xc, 0xff, 0xca, 0xcf, 0xfa, 0x0,
    0x6, 0xce, 0xfe, 0xb5, 0x0,

    /* U+0054 "T" */
    0xf, 0xff, 0xff, 0xff, 0xff, 0xff, 0xa, 0xaa,
    0xac, 0xfc, 0xaa, 0xa9, 0x0, 0x0, 0x7, 0xf6,
    0x0, 0x0, 0x0, 0x0, 0x7, 0xf6, 0x0, 0x0,
    0x0, 0x0, 0x7, 0xf6, 0x0, 0x0, 0x0, 0x0,
    0x7, 0xf6, 0x0, 0x0, 0x0, 0x0, 0x7, 0xf6,
    0x0, 0x0, 0x0, 0x0, 0x7, 0xf6, 0x0, 0x0,
    0x0, 0x0, 0x7, 0xf6, 0x0, 0x0, 0x0, 0x0,
    0x7, 0xf6, 0x0, 0x0, 0x0, 0x0, 0x7, 0xf6,
    0x0, 0x0, 0x0, 0x0, 0x7, 0xf6, 0x0, 0x0,
    0x0, 0x0, 0x7, 0xf6, 0x0, 0x0, 0x0, 0x0,
    0x7, 0xf6, 0x0, 0x0,

    /* U+0055 "U" */
    0x3f, 0x90, 0x0, 0x0, 0x0, 0xbf, 0x23, 0xf9,
    0x0, 0x0, 0x0, 0xb, 0xf2, 0x3f, 0x90, 0x0,
    0x0, 0x0, 0xbf, 0x23, 0xf9, 0x0, 0x0, 0x0,
    0xb, 0xf2, 0x3f, 0x90, 0x0, 0x0, 0x0, 0xbf,
    0x23, 0xf9, 0x0, 0x0, 0x0, 0xb, 0xf2, 0x3f,
    0x90, 0x0, 0x0, 0x0, 0xbf, 0x23, 0xf9, 0x0,
    0x0, 0x0, 0xb, 0xf2, 0x3f, 0x90, 0x0, 0x0,
    0x0, 0xbf, 0x22, 0xfb, 0x0, 0x0, 0x0, 0xd,
    0xf1, 0xf, 0xf1, 0x0, 0x0, 0x2, 0xfe, 0x0,
    0x8f, 0xc2, 0x0, 0x2, 0xdf, 0x70, 0x0, 0xbf,
    0xfc, 0xbd, 0xff, 0x90, 0x0, 0x0, 0x5b, 0xef,
    0xea, 0x40, 0x0,

    /* U+0056 "V" */
    0x4f, 0xa0, 0x0, 0x0, 0x0, 0xd, 0xf1, 0xe,
    0xf0, 0x0, 0x0, 0x0, 0x3f, 0xb0, 0x8, 0xf6,
    0x0, 0x0, 0x0, 0x9f, 0x50, 0x2, 0xfc, 0x0,
    0x0, 0x0, 0xef, 0x0, 0x0, 0xcf, 0x20, 0x0,
    0x4, 0xf9, 0x0, 0x0, 0x6f, 0x70, 0x0, 0xa,
    0xf3, 0x0, 0x0, 0xf, 0xd0, 0x0, 0xf, 0xd0,
    0x0, 0x0, 0xa, 0xf3, 0x0, 0x6f, 0x70, 0x0,
    0x0, 0x3, 0xf9, 0x0, 0xbf, 0x10, 0x0, 0x0,
    0x0, 0xde, 0x1, 0xfb, 0x0, 0x0, 0x0, 0x0,
    0x7f, 0x46, 0xf5, 0x0, 0x0, 0x0, 0x0, 0x1f,
    0x9b, 0xe0, 0x0, 0x0, 0x0, 0x0, 0xb, 0xef,
    0x90, 0x0, 0x0, 0x0, 0x0, 0x5, 0xff, 0x30,
    0x0, 0x0,

    /* U+0057 "W" */
    0x5f, 0x80, 0x0, 0x0, 0x5f, 0xf0, 0x0, 0x0,
    0xd, 0xf1, 0x1f, 0xc0, 0x0, 0x0, 0x9f, 0xf5,
    0x0, 0x0, 0x1f, 0xc0, 0xc, 0xf1, 0x0, 0x0,
    0xec, 0xf9, 0x0, 0x0, 0x6f, 0x70, 0x7, 0xf5,
    0x0, 0x2, 0xf8, 0xdd, 0x0, 0x0, 0xaf, 0x30,
    0x3, 0xf9, 0x0, 0x6, 0xf4, 0x9f, 0x20, 0x0,
    0xee, 0x0, 0x0, 0xee, 0x0, 0xb, 0xf0, 0x5f,
    0x60, 0x3, 0xfa, 0x0, 0x0, 0xaf, 0x20, 0xf,
    0xb0, 0x1f, 0xa0, 0x7, 0xf5, 0x0, 0x0, 0x5f,
    0x60, 0x4f, 0x70, 0xc, 0xf0, 0xb, 0xf1, 0x0,
    0x0, 0x1f, 0xa0, 0x8f, 0x20, 0x7, 0xf3, 0xf,
    0xc0, 0x0, 0x0, 0xc, 0xe0, 0xce, 0x0, 0x3,
    0xf7, 0x3f, 0x70, 0x0, 0x0, 0x8, 0xf3, 0xf9,
    0x0, 0x0, 0xeb, 0x7f, 0x30, 0x0, 0x0, 0x3,
    0xfa, 0xf5, 0x0, 0x0, 0xaf, 0xbe, 0x0, 0x0,
    0x0, 0x0, 0xff, 0xf1, 0x0, 0x0, 0x5f, 0xfa,
    0x0, 0x0, 0x0, 0x0, 0xaf, 0xc0, 0x0, 0x0,
    0x1f, 0xf5, 0x0, 0x0,

    /* U+0058 "X" */
    0xc, 0xf6, 0x0, 0x0, 0x0, 0xaf, 0x70, 0x1,
    0xef, 0x20, 0x0, 0x5, 0xfb, 0x0, 0x0, 0x5f,
    0xc0, 0x0, 0x2f, 0xe1, 0x0, 0x0, 0x9, 0xf7,
    0x0, 0xcf, 0x40, 0x0, 0x0, 0x0, 0xdf, 0x27,
    0xf8, 0x0, 0x0, 0x0, 0x0, 0x3f, 0xcf, 0xc0,
    0x0, 0x0, 0x0, 0x0, 0x7, 0xff, 0x20, 0x0,
    0x0, 0x0, 0x0, 0xb, 0xff, 0x70, 0x0, 0x0,
    0x0, 0x0, 0x7f, 0x8d, 0xf2, 0x0, 0x0, 0x0,
    0x3, 0xfd, 0x4, 0xfd, 0x0, 0x0, 0x0, 0xd,
    0xf3, 0x0, 0x8f, 0x90, 0x0, 0x0, 0xaf, 0x70,
    0x0, 0xd, 0xf4, 0x0, 0x5, 0xfb, 0x0, 0x0,
    0x2, 0xfe, 0x10, 0x2f, 0xe1, 0x0, 0x0, 0x0,
    0x6f, 0xb0,

    /* U+0059 "Y" */
    0x2f, 0xe1, 0x0, 0x0, 0x0, 0x6f, 0xb0, 0x8,
    0xf9, 0x0, 0x0, 0x1, 0xef, 0x20, 0x0, 0xdf,
    0x30, 0x0, 0xa, 0xf7, 0x0, 0x0, 0x3f, 0xd0,
    0x0, 0x4f, 0xc0, 0x0, 0x0, 0x9, 0xf8, 0x0,
    0xef, 0x20, 0x0, 0x0, 0x0, 0xef, 0x28, 0xf8,
    0x0, 0x0, 0x0, 0x0, 0x4f, 0xbf, 0xd0, 0x0,
    0x0, 0x0, 0x0, 0xa, 0xff, 0x30, 0x0, 0x0,
    0x0, 0x0, 0x2, 0xfb, 0x0, 0x0, 0x0, 0x0,
    0x0, 0x2, 0xfb, 0x0, 0x0, 0x0, 0x0, 0x0,
    0x2, 0xfb, 0x0, 0x0, 0x0, 0x0, 0x0, 0x2,
    0xfb, 0x0, 0x0, 0x0, 0x0, 0x0, 0x2, 0xfb,
    0x0, 0x0, 0x0, 0x0, 0x0, 0x2, 0xfb, 0x0,
    0x0, 0x0,

    /* U+005A "Z" */
    0xdf, 0xff, 0xff, 0xff, 0xff, 0x57, 0x99, 0x99,
    0x99, 0x9f, 0xf2, 0x0, 0x0, 0x0, 0x7, 0xf7,
    0x0, 0x0, 0x0, 0x3, 0xfc, 0x0, 0x0, 0x0,
    0x0, 0xef, 0x10, 0x0, 0x0, 0x0, 0xaf, 0x50,
    0x0, 0x0, 0x0, 0x5f, 0xa0, 0x0, 0x0, 0x0,
    0x1f, 0xe0, 0x0, 0x0, 0x0, 0xc, 0xf3, 0x0,
    0x0, 0x0, 0x7, 0xf8, 0x0, 0x0, 0x0, 0x3,
    0xfc, 0x0, 0x0, 0x0, 0x0, 0xde, 0x20, 0x0,
    0x0, 0x0, 0x9f, 0xc9, 0x99, 0x99, 0x99, 0x3b,
    0xff, 0xff, 0xff, 0xff, 0xf6,

    /* U+005B "[" */
    0x68, 0x88, 0xc, 0xff, 0xf1, 0xce, 0x0, 0xc,
    0xe0, 0x0, 0xce, 0x0, 0xc, 0xe0, 0x0, 0xce,
    0x0, 0xc, 0xe0, 0x0, 0xce, 0x0, 0xc, 0xe0,
    0x0, 0xce, 0x0, 0xc, 0xe0, 0x0, 0xce, 0x0,
    0xc, 0xe0, 0x0, 0xce, 0x0, 0xc, 0xe0, 0x0,
    0xce, 0x22, 0xc, 0xff, 0xf1, 0x45, 0x55, 0x0,

    /* U+005C "\\" */
    0x38, 0x10, 0x0, 0x4, 0xf5, 0x0, 0x0, 0xf,
    0x90, 0x0, 0x0, 0xbe, 0x0, 0x0, 0x7, 0xf2,
    0x0, 0x0, 0x3f, 0x60, 0x0, 0x0, 0xea, 0x0,
    0x0, 0xa, 0xf0, 0x0, 0x0, 0x6f, 0x30, 0x0,
    0x2, 0xf7, 0x0, 0x0, 0xd, 0xc0, 0x0, 0x0,
    0x9f, 0x0, 0x0, 0x5, 0xf4, 0x0, 0x0, 0x1f,
    0x80, 0x0, 0x0, 0xcd, 0x0, 0x0, 0x8, 0xf1,
    0x0, 0x0, 0x4f, 0x50, 0x0, 0x0, 0xfa,

    /* U+005D "]" */
    0x68, 0x88, 0xc, 0xff, 0xf1, 0x0, 0x9f, 0x10,
    0x9, 0xf1, 0x0, 0x9f, 0x10, 0x9, 0xf1, 0x0,
    0x9f, 0x10, 0x9, 0xf1, 0x0, 0x9f, 0x10, 0x9,
    0xf1, 0x0, 0x9f, 0x10, 0x9, 0xf1, 0x0, 0x9f,
    0x10, 0x9, 0xf1, 0x0, 0x9f, 0x10, 0x9, 0xf1,
    0x12, 0xaf, 0x1c, 0xff, 0xf1, 0x45, 0x55, 0x0,

    /* U+005E "^" */
    0x0, 0x8, 0xfe, 0x0, 0x0, 0x0, 0xfd, 0xf6,
    0x0, 0x0, 0x7f, 0x3c, 0xe0, 0x0, 0xe, 0xb0,
    0x4f, 0x60, 0x7, 0xf3, 0x0, 0xcd, 0x0, 0xec,
    0x0, 0x5, 0xf6,

    /* U+005F "_" */
    0x99, 0x99, 0x99, 0x99, 0x91, 0xff, 0xff, 0xff,
    0xff, 0xf2,

    /* U+0060 "`" */
    0x3d, 0x80, 0xa, 0xf1, 0x1, 0xe8,

    /* U+0061 "a" */
    0x0, 0x29, 0xdf, 0xea, 0x20, 0x2, 0xff, 0xc9,
    0xaf, 0xe1, 0x7, 0xf5, 0x0, 0x6, 0xf7, 0x0,
    0x0, 0x0, 0x1, 0xfa, 0x0, 0x1, 0x46, 0x8c,
    0xfb, 0x1, 0xbf, 0xff, 0xda, 0xfb, 0xd, 0xf8,
    0x20, 0x1, 0xfb, 0x1f, 0xb0, 0x0, 0x2, 0xfb,
    0xf, 0xd0, 0x0, 0xb, 0xfb, 0x9, 0xfd, 0x99,
    0xeb, 0xfb, 0x0, 0x7d, 0xfe, 0x81, 0xfb,

    /* U+0062 "b" */
    0x7f, 0x40, 0x0, 0x0, 0x0, 0x7, 0xf4, 0x0,
    0x0, 0x0, 0x0, 0x7f, 0x40, 0x0, 0x0, 0x0,
    0x7, 0xf4, 0x5d, 0xfe, 0x80, 0x0, 0x7f, 0x9f,
    0xb9, 0xdf, 0xd0, 0x7, 0xff, 0x40, 0x0, 0x8f,
    0x90, 0x7f, 0xa0, 0x0, 0x0, 0xee, 0x7, 0xf5,
    0x0, 0x0, 0xa, 0xf2, 0x7f, 0x40, 0x0, 0x0,
    0x9f, 0x37, 0xf6, 0x0, 0x0, 0xa, 0xf2, 0x7f,
    0xa0, 0x0, 0x0, 0xee, 0x7, 0xff, 0x40, 0x0,
    0x9f, 0x80, 0x7f, 0x8f, 0xb9, 0xdf, 0xd0, 0x7,
    0xf4, 0x5d, 0xfe, 0x91, 0x0,

    /* U+0063 "c" */
    0x0, 0x5c, 0xfe, 0xb4, 0x0, 0x8, 0xfe, 0xaa,
    0xef, 0x80, 0x4f, 0xc0, 0x0, 0x1c, 0xf2, 0xaf,
    0x30, 0x0, 0x2, 0x30, 0xee, 0x0, 0x0, 0x0,
    0x0, 0xfd, 0x0, 0x0, 0x0, 0x0, 0xee, 0x0,
    0x0, 0x0, 0x0, 0xaf, 0x30, 0x0, 0x2, 0x40,
    0x4f, 0xc0, 0x0, 0xc, 0xf2, 0x8, 0xfe, 0xaa,
    0xef, 0x80, 0x0, 0x5c, 0xfe, 0xc5, 0x0,

    /* U+0064 "d" */
    0x0, 0x0, 0x0, 0x0, 0xfb, 0x0, 0x0, 0x0,
    0x0, 0xfb, 0x0, 0x0, 0x0, 0x0, 0xfb, 0x0,
    0x6d, 0xfe, 0x80, 0xfb, 0xa, 0xfe, 0xaa, 0xf9,
    0xfb, 0x5f, 0xc0, 0x0, 0x1e, 0xfb, 0xbf, 0x20,
    0x0, 0x6, 0xfb, 0xee, 0x0, 0x0, 0x1, 0xfb,
    0xfd, 0x0, 0x0, 0x0, 0xfb, 0xee, 0x0, 0x0,
    0x2, 0xfb, 0xbf, 0x20, 0x0, 0x6, 0xfb, 0x5f,
    0xc0, 0x0, 0x1e, 0xfb, 0xa, 0xfe, 0x9a, 0xf8,
    0xfb, 0x0, 0x6d, 0xfe, 0x80, 0xfb,

    /* U+0065 "e" */
    0x0, 0x5c, 0xff, 0xb4, 0x0, 0x8, 0xfe, 0x9a,
    0xff, 0x50, 0x4f, 0xc0, 0x0, 0x1e, 0xf1, 0xaf,
    0x20, 0x0, 0x6, 0xf6, 0xee, 0x22, 0x22, 0x25,
    0xf9, 0xff, 0xff, 0xff, 0xff, 0xfa, 0xee, 0x55,
    0x55, 0x55, 0x53, 0xaf, 0x10, 0x0, 0x0, 0x0,
    0x4f, 0xa0, 0x0, 0x9, 0xe4, 0x8, 0xfe, 0xa9,
    0xdf, 0xc0, 0x0, 0x5b, 0xef, 0xd7, 0x0,

    /* U+0066 "f" */
    0x0, 0x8, 0xdf, 0xd0, 0x0, 0x8f, 0xda, 0x70,
    0x0, 0xaf, 0x20, 0x0, 0xcf, 0xff, 0xff, 0xa0,
    0x68, 0xdf, 0x88, 0x50, 0x0, 0xaf, 0x10, 0x0,
    0x0, 0xaf, 0x10, 0x0, 0x0, 0xaf, 0x10, 0x0,
    0x0, 0xaf, 0x10, 0x0, 0x0, 0xaf, 0x10, 0x0,
    0x0, 0xaf, 0x10, 0x0, 0x0, 0xaf, 0x10, 0x0,
    0x0, 0xaf, 0x10, 0x0, 0x0, 0xaf, 0x10, 0x0,

    /* U+0067 "g" */
    0x0, 0x6d, 0xfe, 0x80, 0xfb, 0x9, 0xfe, 0xaa,
    0xf9, 0xfb, 0x4f, 0xc0, 0x0, 0x1e, 0xfb, 0xaf,
    0x30, 0x0, 0x6, 0xfb, 0xee, 0x0, 0x0, 0x1,
    0xfb, 0xfd, 0x0, 0x0, 0x0, 0xfb, 0xee, 0x0,
    0x0, 0x1, 0xfb, 0xbf, 0x20, 0x0, 0x5, 0xfb,
    0x5f, 0xb0, 0x0, 0x1d, 0xfb, 0xb, 0xfe, 0x9a,
    0xe9, 0xfb, 0x0, 0x7d, 0xfe, 0x80, 0xfb, 0x0,
    0x0, 0x0, 0x1, 0xfa, 0x2a, 0x50, 0x0, 0x8,
    0xf7, 0x1e, 0xfc, 0x89, 0xdf, 0xc0, 0x1, 0x9d,
    0xff, 0xd8, 0x0,

    /* U+0068 "h" */
    0x7f, 0x40, 0x0, 0x0, 0x0, 0x7f, 0x40, 0x0,
    0x0, 0x0, 0x7f, 0x40, 0x0, 0x0, 0x0, 0x7f,
    0x45, 0xdf, 0xe8, 0x0, 0x7f, 0xaf, 0xaa, 0xff,
    0x90, 0x7f, 0xe1, 0x0, 0x1f, 0xf1, 0x7f, 0x70,
    0x0, 0x9, 0xf3, 0x7f, 0x40, 0x0, 0x7, 0xf4,
    0x7f, 0x40, 0x0, 0x7, 0xf4, 0x7f, 0x40, 0x0,
    0x7, 0xf4, 0x7f, 0x40, 0x0, 0x7, 0xf4, 0x7f,
    0x40, 0x0, 0x7, 0xf4, 0x7f, 0x40, 0x0, 0x7,
    0xf4, 0x7f, 0x40, 0x0, 0x7, 0xf4,

    /* U+0069 "i" */
    0x7f, 0x5a, 0xf8, 0x4, 0x7, 0xf4, 0x7f, 0x47,
    0xf4, 0x7f, 0x47, 0xf4, 0x7f, 0x47, 0xf4, 0x7f,
    0x47, 0xf4, 0x7f, 0x47, 0xf4,

    /* U+006A "j" */
    0x0, 0x7f, 0x50, 0xa, 0xf8, 0x0, 0x4, 0x0,
    0x7, 0xf4, 0x0, 0x7f, 0x40, 0x7, 0xf4, 0x0,
    0x7f, 0x40, 0x7, 0xf4, 0x0, 0x7f, 0x40, 0x7,
    0xf4, 0x0, 0x7f, 0x40, 0x7, 0xf4, 0x0, 0x7f,
    0x40, 0x7, 0xf4, 0x0, 0x7f, 0x40, 0xa, 0xf3,
    0x2b, 0xfe, 0x4, 0xfb, 0x20,

    /* U+006B "k" */
    0x7f, 0x40, 0x0, 0x0, 0x0, 0x7f, 0x40, 0x0,
    0x0, 0x0, 0x7f, 0x40, 0x0, 0x0, 0x0, 0x7f,
    0x40, 0x0, 0x5f, 0xc1, 0x7f, 0x40, 0x4, 0xfd,
    0x10, 0x7f, 0x40, 0x4f, 0xd1, 0x0, 0x7f, 0x43,
    0xfd, 0x10, 0x0, 0x7f, 0x8f, 0xf2, 0x0, 0x0,
    0x7f, 0xff, 0xf6, 0x0, 0x0, 0x7f, 0xb2, 0xef,
    0x30, 0x0, 0x7f, 0x40, 0x4f, 0xe1, 0x0, 0x7f,
    0x40, 0x7, 0xfb, 0x0, 0x7f, 0x40, 0x0, 0xbf,
    0x80, 0x7f, 0x40, 0x0, 0x1d, 0xf5,

    /* U+006C "l" */
    0x7f, 0x47, 0xf4, 0x7f, 0x47, 0xf4, 0x7f, 0x47,
    0xf4, 0x7f, 0x47, 0xf4, 0x7f, 0x47, 0xf4, 0x7f,
    0x47, 0xf4, 0x7f, 0x47, 0xf4,

    /* U+006D "m" */
    0x7f, 0x47, 0xef, 0xb2, 0x6, 0xdf, 0xd6, 0x7,
    0xfa, 0xc7, 0x9f, 0xd8, 0xe7, 0x7d, 0xf6, 0x7f,
    0xb0, 0x0, 0x6f, 0xe1, 0x0, 0x1f, 0xd7, 0xf5,
    0x0, 0x2, 0xfa, 0x0, 0x0, 0xdf, 0x7f, 0x40,
    0x0, 0x2f, 0xa0, 0x0, 0xc, 0xf7, 0xf4, 0x0,
    0x2, 0xfa, 0x0, 0x0, 0xcf, 0x7f, 0x40, 0x0,
    0x2f, 0xa0, 0x0, 0xc, 0xf7, 0xf4, 0x0, 0x2,
    0xfa, 0x0, 0x0, 0xcf, 0x7f, 0x40, 0x0, 0x2f,
    0xa0, 0x0, 0xc, 0xf7, 0xf4, 0x0, 0x2, 0xfa,
    0x0, 0x0, 0xcf, 0x7f, 0x40, 0x0, 0x2f, 0xa0,
    0x0, 0xc, 0xf0,

    /* U+006E "n" */
    0x7f, 0x36, 0xdf, 0xe8, 0x0, 0x7f, 0xae, 0x88,
    0xdf, 0x90, 0x7f, 0xd0, 0x0, 0xe, 0xf1, 0x7f,
    0x60, 0x0, 0x9, 0xf3, 0x7f, 0x40, 0x0, 0x7,
    0xf4, 0x7f, 0x40, 0x0, 0x7, 0xf4, 0x7f, 0x40,
    0x0, 0x7, 0xf4, 0x7f, 0x40, 0x0, 0x7, 0xf4,
    0x7f, 0x40, 0x0, 0x7, 0xf4, 0x7f, 0x40, 0x0,
    0x7, 0xf4, 0x7f, 0x40, 0x0, 0x7, 0xf4,

    /* U+006F "o" */
    0x0, 0x5c, 0xfe, 0xc5, 0x0, 0x8, 0xfe, 0xaa,
    0xef, 0x80, 0x4f, 0xc0, 0x0, 0xc, 0xf4, 0xaf,
    0x30, 0x0, 0x3, 0xfa, 0xee, 0x0, 0x0, 0x0,
    0xee, 0xfd, 0x0, 0x0, 0x0, 0xdf, 0xee, 0x0,
    0x0, 0x0, 0xee, 0xaf, 0x30, 0x0, 0x3, 0xfa,
    0x4f, 0xc0, 0x0, 0xc, 0xf4, 0x8, 0xfe, 0xaa,
    0xef, 0x80, 0x0, 0x5c, 0xff, 0xc5, 0x0,

    /* U+0070 "p" */
    0x7f, 0x46, 0xdf, 0xe8, 0x0, 0x7, 0xfa, 0xf9,
    0x7b, 0xfd, 0x0, 0x7f, 0xf2, 0x0, 0x7, 0xf9,
    0x7, 0xf9, 0x0, 0x0, 0xe, 0xe0, 0x7f, 0x50,
    0x0, 0x0, 0xaf, 0x27, 0xf4, 0x0, 0x0, 0x9,
    0xf3, 0x7f, 0x60, 0x0, 0x0, 0xaf, 0x27, 0xfa,
    0x0, 0x0, 0xe, 0xe0, 0x7f, 0xf4, 0x0, 0x9,
    0xf8, 0x7, 0xf9, 0xfb, 0x9d, 0xfd, 0x0, 0x7f,
    0x45, 0xdf, 0xe9, 0x10, 0x7, 0xf4, 0x0, 0x0,
    0x0, 0x0, 0x7f, 0x40, 0x0, 0x0, 0x0, 0x7,
    0xf4, 0x0, 0x0, 0x0, 0x0, 0x7f, 0x40, 0x0,
    0x0, 0x0, 0x0,

    /* U+0071 "q" */
    0x0, 0x6d, 0xfe, 0x80, 0xfb, 0xa, 0xfe, 0xaa,
    0xf9, 0xfb, 0x5f, 0xc0, 0x0, 0x1e, 0xfb, 0xbf,
    0x20, 0x0, 0x6, 0xfb, 0xee, 0x0, 0x0, 0x1,
    0xfb, 0xfd, 0x0, 0x0, 0x0, 0xfb, 0xee, 0x0,
    0x0, 0x2, 0xfb, 0xbf, 0x20, 0x0, 0x6, 0xfb,
    0x5f, 0xc0, 0x0, 0x1e, 0xfb, 0xa, 0xfe, 0x9a,
    0xf9, 0xfb, 0x0, 0x6d, 0xfe, 0x80, 0xfb, 0x0,
    0x0, 0x0, 0x0, 0xfb, 0x0, 0x0, 0x0, 0x0,
    0xfb, 0x0, 0x0, 0x0, 0x0, 0xfb, 0x0, 0x0,
    0x0, 0x0, 0xfb,

    /* U+0072 "r" */
    0x7f, 0x48, 0xef, 0x17, 0xfc, 0xe9, 0x80, 0x7f,
    0xd1, 0x0, 0x7, 0xf6, 0x0, 0x0, 0x7f, 0x40,
    0x0, 0x7, 0xf4, 0x0, 0x0, 0x7f, 0x40, 0x0,
    0x7, 0xf4, 0x0, 0x0, 0x7f, 0x40, 0x0, 0x7,
    0xf4, 0x0, 0x0, 0x7f, 0x40, 0x0, 0x0,

    /* U+0073 "s" */
    0x2, 0x9e, 0xfe, 0x80, 0x1, 0xef, 0xa8, 0xbf,
    0xb0, 0x8f, 0x60, 0x0, 0x8c, 0x28, 0xf5, 0x0,
    0x0, 0x0, 0x2f, 0xf9, 0x51, 0x0, 0x0, 0x3b,
    0xff, 0xfc, 0x40, 0x0, 0x0, 0x48, 0xff, 0x30,
    0x10, 0x0, 0x6, 0xf8, 0xcf, 0x20, 0x0, 0x8f,
    0x65, 0xff, 0xa9, 0xcf, 0xd0, 0x4, 0xbf, 0xfd,
    0x81, 0x0,

    /* U+0074 "t" */
    0x1, 0x84, 0x0, 0x0, 0x2f, 0x90, 0x0, 0x2,
    0xf9, 0x0, 0xc, 0xff, 0xff, 0xd0, 0x69, 0xfc,
    0x86, 0x0, 0x2f, 0x90, 0x0, 0x2, 0xf9, 0x0,
    0x0, 0x2f, 0x90, 0x0, 0x2, 0xf9, 0x0, 0x0,
    0x2f, 0x90, 0x0, 0x2, 0xf9, 0x0, 0x0, 0x1f,
    0xa0, 0x0, 0x0, 0xdf, 0xa8, 0x0, 0x2, 0xbf,
    0xe0,

    /* U+0075 "u" */
    0x7f, 0x40, 0x0, 0x7, 0xf4, 0x7f, 0x40, 0x0,
    0x7, 0xf4, 0x7f, 0x40, 0x0, 0x7, 0xf4, 0x7f,
    0x40, 0x0, 0x7, 0xf4, 0x7f, 0x40, 0x0, 0x7,
    0xf4, 0x7f, 0x40, 0x0, 0x7, 0xf4, 0x7f, 0x40,
    0x0, 0x7, 0xf4, 0x6f, 0x60, 0x0, 0xa, 0xf4,
    0x3f, 0xd0, 0x0, 0x3f, 0xf4, 0xc, 0xfe, 0xab,
    0xf9, 0xf4, 0x1, 0x9e, 0xfc, 0x46, 0xf4,

    /* U+0076 "v" */
    0x4f, 0xa0, 0x0, 0x0, 0x6f, 0x80, 0xef, 0x0,
    0x0, 0xb, 0xf2, 0x8, 0xf5, 0x0, 0x1, 0xfc,
    0x0, 0x2f, 0xb0, 0x0, 0x7f, 0x60, 0x0, 0xcf,
    0x10, 0xc, 0xf0, 0x0, 0x6, 0xf6, 0x2, 0xfa,
    0x0, 0x0, 0xf, 0xc0, 0x8f, 0x40, 0x0, 0x0,
    0xaf, 0x1d, 0xd0, 0x0, 0x0, 0x3, 0xf8, 0xf7,
    0x0, 0x0, 0x0, 0xd, 0xff, 0x10, 0x0, 0x0,
    0x0, 0x7f, 0xb0, 0x0, 0x0,

    /* U+0077 "w" */
    0x2f, 0xa0, 0x0, 0xd, 0xf4, 0x0, 0x5, 0xf8,
    0xd, 0xf0, 0x0, 0x2f, 0xf8, 0x0, 0x9, 0xf3,
    0x8, 0xf3, 0x0, 0x6f, 0xcd, 0x0, 0xe, 0xe0,
    0x4, 0xf8, 0x0, 0xbd, 0x7f, 0x10, 0x2f, 0xa0,
    0x0, 0xfc, 0x0, 0xf9, 0x3f, 0x50, 0x6f, 0x50,
    0x0, 0xaf, 0x13, 0xf4, 0xe, 0x90, 0xbf, 0x0,
    0x0, 0x5f, 0x57, 0xf0, 0xa, 0xd0, 0xfb, 0x0,
    0x0, 0x1f, 0x9b, 0xb0, 0x6, 0xf4, 0xf6, 0x0,
    0x0, 0xc, 0xce, 0x70, 0x1, 0xfb, 0xf2, 0x0,
    0x0, 0x7, 0xff, 0x20, 0x0, 0xcf, 0xd0, 0x0,
    0x0, 0x2, 0xfe, 0x0, 0x0, 0x8f, 0x80, 0x0,

    /* U+0078 "x" */
    0xc, 0xf3, 0x0, 0x3, 0xfc, 0x0, 0x2f, 0xd0,
    0x0, 0xdf, 0x20, 0x0, 0x7f, 0x70, 0x8f, 0x60,
    0x0, 0x0, 0xcf, 0x3f, 0xc0, 0x0, 0x0, 0x2,
    0xff, 0xf2, 0x0, 0x0, 0x0, 0xb, 0xf9, 0x0,
    0x0, 0x0, 0x4, 0xfd, 0xf3, 0x0, 0x0, 0x1,
    0xed, 0x1e, 0xd0, 0x0, 0x0, 0xaf, 0x40, 0x5f,
    0x80, 0x0, 0x5f, 0xa0, 0x0, 0xbf, 0x40, 0x1e,
    0xe1, 0x0, 0x1, 0xfe, 0x0,

    /* U+0079 "y" */
    0x4f, 0xa0, 0x0, 0x0, 0x6f, 0x80, 0xef, 0x0,
    0x0, 0xb, 0xf2, 0x8, 0xf5, 0x0, 0x1, 0xfc,
    0x0, 0x2f, 0xb0, 0x0, 0x7f, 0x50, 0x0, 0xcf,
    0x10, 0xd, 0xf0, 0x0, 0x5, 0xf6, 0x3, 0xf9,
    0x0, 0x0, 0xf, 0xc0, 0x8f, 0x30, 0x0, 0x0,
    0x9f, 0x1d, 0xd0, 0x0, 0x0, 0x3, 0xf9, 0xf7,
    0x0, 0x0, 0x0, 0xd, 0xff, 0x10, 0x0, 0x0,
    0x0, 0x7f, 0xa0, 0x0, 0x0, 0x0, 0x7, 0xf4,
    0x0, 0x0, 0x0, 0x0, 0xee, 0x0, 0x0, 0x0,
    0x3a, 0xdf, 0x60, 0x0, 0x0, 0x7, 0xfe, 0x60,
    0x0, 0x0, 0x0,

    /* U+007A "z" */
    0x9f, 0xff, 0xff, 0xff, 0xa6, 0xbb, 0xbb, 0xbe,
    0xf7, 0x0, 0x0, 0x4, 0xfc, 0x0, 0x0, 0x1,
    0xee, 0x10, 0x0, 0x0, 0xcf, 0x40, 0x0, 0x0,
    0x8f, 0x80, 0x0, 0x0, 0x5f, 0xc0, 0x0, 0x0,
    0x2f, 0xe1, 0x0, 0x0, 0xc, 0xf4, 0x0, 0x0,
    0x9, 0xfe, 0xaa, 0xaa, 0xa8, 0xcf, 0xff, 0xff,
    0xff, 0xd0,

    /* U+007B "{" */
    0x0, 0x3, 0xbf, 0x50, 0x0, 0xef, 0x92, 0x0,
    0x5f, 0x60, 0x0, 0x7, 0xf3, 0x0, 0x0, 0x7f,
    0x20, 0x0, 0x7, 0xf2, 0x0, 0x0, 0x8f, 0x20,
    0x0, 0xc, 0xf0, 0x0, 0x7f, 0xe5, 0x0, 0x9,
    0xfb, 0x30, 0x0, 0x2, 0xee, 0x0, 0x0, 0x8,
    0xf2, 0x0, 0x0, 0x7f, 0x20, 0x0, 0x7, 0xf2,
    0x0, 0x0, 0x7f, 0x20, 0x0, 0x6, 0xf4, 0x0,
    0x0, 0x1f, 0xd4, 0x0, 0x0, 0x6f, 0xf5, 0x0,
    0x0, 0x14, 0x10,

    /* U+007C "|" */
    0x7f, 0x17, 0xf1, 0x7f, 0x17, 0xf1, 0x7f, 0x17,
    0xf1, 0x7f, 0x17, 0xf1, 0x7f, 0x17, 0xf1, 0x7f,
    0x17, 0xf1, 0x7f, 0x17, 0xf1, 0x7f, 0x17, 0xf1,
    0x7f, 0x17, 0xf1, 0x7f, 0x17, 0xf1, 0x7f, 0x17,
    0xf1, 0x7f, 0x17, 0xf1,

    /* U+007D "}" */
    0xcd, 0x80, 0x0, 0x6, 0xcf, 0x70, 0x0, 0x0,
    0xdd, 0x0, 0x0, 0xa, 0xf0, 0x0, 0x0, 0xaf,
    0x0, 0x0, 0xa, 0xf0, 0x0, 0x0, 0x9f, 0x0,
    0x0, 0x7, 0xf5, 0x0, 0x0, 0x1b, 0xfd, 0x10,
    0x0, 0x7e, 0xf2, 0x0, 0x6f, 0x91, 0x0, 0x9,
    0xf1, 0x0, 0x0, 0xaf, 0x0, 0x0, 0xa, 0xf0,
    0x0, 0x0, 0xaf, 0x0, 0x0, 0xc, 0xe0, 0x0,
    0x27, 0xfa, 0x0, 0xc, 0xfd, 0x10, 0x0, 0x33,
    0x0, 0x0, 0x0,

    /* U+007E "~" */
    0x0, 0x69, 0x60, 0x0, 0x3, 0x10, 0xcf, 0xff,
    0xd2, 0x2, 0xf8, 0x3f, 0x90, 0x6f, 0xfa, 0xdf,
    0x33, 0xa2, 0x0, 0x2b, 0xfe, 0x60,

    /* U+00A0 " " */

    /* U+00A1 "¡" */
    0x2e, 0xc0, 0x6f, 0xf1, 0x8, 0x60, 0x0, 0x0,
    0x0, 0x0, 0xf, 0xc0, 0xf, 0xc0, 0xf, 0xc0,
    0xf, 0xc0, 0xf, 0xd0, 0xf, 0xd0, 0x1f, 0xd0,
    0x1f, 0xd0, 0x1f, 0xd0, 0x1d, 0xb0,

    /* U+00A2 "¢" */
    0x0, 0x0, 0xb7, 0x0, 0x0, 0x0, 0x3, 0xca,
    0x30, 0x0, 0x1, 0xcf, 0xff, 0xfc, 0x10, 0xd,
    0xf8, 0xc8, 0x7f, 0xd0, 0x7f, 0x70, 0xb7, 0x7,
    0xb2, 0xcf, 0x0, 0xb7, 0x0, 0x0, 0xed, 0x0,
    0xb7, 0x0, 0x0, 0xed, 0x0, 0xb7, 0x0, 0x0,
    0xcf, 0x0, 0xb7, 0x0, 0x0, 0x7f, 0x70, 0xb7,
    0x7, 0xc3, 0xd, 0xf7, 0xc8, 0x7f, 0xd0, 0x2,
    0xcf, 0xff, 0xfc, 0x10, 0x0, 0x3, 0xda, 0x30,
    0x0, 0x0, 0x0, 0xb7, 0x0, 0x0,

    /* U+00A3 "£" */
    0x0, 0x7, 0xdf, 0xfb, 0x30, 0x0, 0xb, 0xfe,
    0xab, 0xff, 0x40, 0x4, 0xfb, 0x0, 0x2, 0xfd,
    0x0, 0x7f, 0x40, 0x0, 0x5, 0x50, 0x8, 0xf3,
    0x0, 0x0, 0x0, 0x2, 0x8f, 0x52, 0x22, 0x20,
    0x0, 0xef, 0xff, 0xff, 0xff, 0x0, 0x4, 0x9f,
    0x85, 0x55, 0x50, 0x0, 0x6, 0xf5, 0x0, 0x0,
    0x0, 0x0, 0x5f, 0x60, 0x0, 0x0, 0x0, 0x5,
    0xf6, 0x0, 0x0, 0x1, 0x0, 0x8f, 0x20, 0x0,
    0x9, 0xf1, 0xaf, 0xca, 0xaa, 0xaa, 0xee, 0xe,
    0xff, 0xff, 0xff, 0xfd, 0x40,

    /* U+00A4 "¤" */
    0x0, 0x0, 0x0, 0x0, 0x0, 0x0, 0x5, 0xe2,
    0x4b, 0xef, 0xd7, 0x8, 0xc0, 0x5f, 0xff, 0xea,
    0x9c, 0xfe, 0xfc, 0x0, 0xaf, 0xa0, 0x0, 0x5,
    0xff, 0x10, 0x1f, 0xb0, 0x0, 0x0, 0x5, 0xf7,
    0x6, 0xf4, 0x0, 0x0, 0x0, 0xd, 0xd0, 0x9f,
    0x0, 0x0, 0x0, 0x0, 0xaf, 0x9, 0xf0, 0x0,
    0x0, 0x0, 0xa, 0xf0, 0x6f, 0x40, 0x0, 0x0,
    0x0, 0xdd, 0x1, 0xfc, 0x0, 0x0, 0x0, 0x5f,
    0x70, 0xb, 0xfa, 0x0, 0x0, 0x5f, 0xf3, 0x8,
    0xfe, 0xfe, 0xa9, 0xcf, 0xef, 0xe1, 0x2a, 0x4,
    0xbe, 0xfd, 0x70, 0x59, 0x0,

    /* U+00A5 "¥" */
    0x7f, 0x90, 0x0, 0x0, 0x9f, 0x70, 0xef, 0x10,
    0x0, 0x1f, 0xe0, 0x6, 0xf8, 0x0, 0x8, 0xf6,
    0x0, 0xd, 0xf1, 0x1, 0xfd, 0x0, 0x0, 0x5f,
    0x70, 0x7f, 0x60, 0x0, 0x0, 0xde, 0x1e, 0xd0,
    0x0, 0x0, 0x16, 0xfd, 0xf6, 0x10, 0x0, 0x9f,
    0xff, 0xff, 0xff, 0x90, 0x2, 0x44, 0x9f, 0x94,
    0x42, 0x0, 0x1, 0x17, 0xf7, 0x11, 0x0, 0x9,
    0xff, 0xff, 0xff, 0xf9, 0x0, 0x24, 0x49, 0xf9,
    0x44, 0x20, 0x0, 0x0, 0x6f, 0x60, 0x0, 0x0,
    0x0, 0x6, 0xf6, 0x0, 0x0,

    /* U+00A6 "¦" */
    0x2f, 0x82, 0xf8, 0x2f, 0x82, 0xf8, 0x2f, 0x82,
    0xf8, 0x19, 0x50, 0x0, 0x0, 0x0, 0x0, 0x1a,
    0x52, 0xf8, 0x2f, 0x82, 0xf8, 0x2f, 0x82, 0xf8,
    0x2f, 0x80,

    /* U+00A7 "§" */
    0x0, 0x6d, 0xfe, 0x91, 0x0, 0x6, 0xfd, 0x89,
    0xfc, 0x0, 0xc, 0xe0, 0x0, 0x7f, 0x40, 0xc,
    0xe0, 0x0, 0x4, 0x0, 0x5, 0xfa, 0x0, 0x0,
    0x0, 0x4, 0x9a, 0xe6, 0x0, 0x0, 0x5d, 0x0,
    0x2b, 0xc2, 0x0, 0xcd, 0x0, 0x0, 0x5e, 0x30,
    0xaf, 0x60, 0x0, 0x8, 0xd0, 0x3f, 0xfb, 0x20,
    0x7, 0xf1, 0x5, 0xff, 0xf9, 0x6e, 0xe0, 0x0,
    0x1a, 0xff, 0xfd, 0x30, 0x0, 0x0, 0x3c, 0xf5,
    0x0, 0x0, 0x0, 0x0, 0xcf, 0x10, 0x2b, 0x50,
    0x0, 0x7f, 0x30, 0x1f, 0xe3, 0x2, 0xdf, 0x10,
    0x5, 0xff, 0xff, 0xf6, 0x0, 0x0, 0x16, 0x76,
    0x10, 0x0,

    /* U+00A8 "¨" */
    0x2, 0x10, 0x2, 0x20, 0x3f, 0xe0, 0x1f, 0xf0,
    0x1e, 0xb0, 0xd, 0xc0,

    /* U+00A9 "©" */
    0x0, 0x0, 0x17, 0xce, 0xfd, 0x92, 0x0, 0x0,
    0x0, 0x5, 0xff, 0xec, 0xbd, 0xff, 0x90, 0x0,
    0x0, 0x6f, 0xe5, 0x0, 0x0, 0x3c, 0xfa, 0x0,
    0x3, 0xfd, 0x10, 0x38, 0x96, 0x0, 0xaf, 0x70,
    0xb, 0xf3, 0x9, 0xff, 0xff, 0xe2, 0xe, 0xf0,
    0x1f, 0xb0, 0x7f, 0xb2, 0x6, 0xfc, 0x7, 0xf5,
    0x4f, 0x70, 0xdd, 0x0, 0x0, 0x69, 0x12, 0xf8,
    0x5f, 0x50, 0xfa, 0x0, 0x0, 0x0, 0x1, 0xf9,
    0x4f, 0x70, 0xdd, 0x0, 0x0, 0x79, 0x2, 0xf8,
    0x1f, 0xb0, 0x7f, 0xb2, 0x6, 0xfa, 0x7, 0xf5,
    0xb, 0xf3, 0xa, 0xff, 0xff, 0xd1, 0xe, 0xf0,
    0x3, 0xfd, 0x10, 0x49, 0x96, 0x0, 0xaf, 0x70,
    0x0, 0x6f, 0xe5, 0x0, 0x0, 0x3c, 0xfa, 0x0,
    0x0, 0x5, 0xff, 0xeb, 0xbd, 0xff, 0x90, 0x0,
    0x0, 0x0, 0x17, 0xcf, 0xfd, 0x92, 0x0, 0x0,

    /* U+00AA "ª" */
    0x0, 0x0, 0x0, 0x0, 0x1, 0xae, 0xfe, 0x90,
    0xc, 0xf7, 0x47, 0xf9, 0x1, 0x20, 0x0, 0xde,
    0x0, 0x48, 0xac, 0xfe, 0xc, 0xfb, 0x86, 0xde,
    0x4f, 0x60, 0x0, 0xde, 0x3f, 0xa2, 0x29, 0xfe,
    0x8, 0xff, 0xfa, 0xbe, 0x0, 0x13, 0x20, 0x0,

    /* U+00AB "«" */
    0x0, 0x0, 0x8f, 0x70, 0x9f, 0x70, 0x0, 0x6f,
    0xa0, 0x6f, 0x90, 0x0, 0x4f, 0xc0, 0x4f, 0xb0,
    0x0, 0x2e, 0xe1, 0x3f, 0xd1, 0x0, 0xc, 0xf4,
    0xd, 0xf3, 0x0, 0x0, 0x4f, 0xc0, 0x4f, 0xc0,
    0x0, 0x0, 0x6f, 0xa0, 0x6f, 0xa0, 0x0, 0x0,
    0x8f, 0x80, 0x9f, 0x70, 0x0, 0x0, 0xaf, 0x50,
    0xbf, 0x50, 0x0, 0x0, 0x22, 0x0, 0x22,

    /* U+00AC "¬" */
    0x78, 0x88, 0x88, 0x88, 0x3d, 0xff, 0xff, 0xff,
    0xf5, 0x0, 0x0, 0x0, 0x4f, 0x50, 0x0, 0x0,
    0x4, 0xf5, 0x0, 0x0, 0x0, 0x28, 0x20,

    /* U+00AE "®" */
    0x0, 0x0, 0x0, 0x0, 0x0, 0x0, 0x0, 0x0,
    0x2a, 0xef, 0xfc, 0x40, 0x0, 0x0, 0x4f, 0xd7,
    0x46, 0xbf, 0x80, 0x0, 0x1f, 0xa0, 0x0, 0x0,
    0x6f, 0x60, 0x9, 0xe0, 0x5e, 0xdd, 0x40, 0x9e,
    0x0, 0xe8, 0x5, 0xd0, 0x7d, 0x3, 0xf3, 0xf,
    0x60, 0x5d, 0x7, 0xd0, 0x1f, 0x50, 0xe7, 0x5,
    0xfd, 0xf5, 0x2, 0xf3, 0xa, 0xd0, 0x5d, 0xb,
    0x90, 0x8f, 0x0, 0x3f, 0x82, 0x60, 0x17, 0x4f,
    0x80, 0x0, 0x6f, 0xb4, 0x23, 0x8f, 0xb0, 0x0,
    0x0, 0x4d, 0xff, 0xfe, 0x70, 0x0, 0x0, 0x0,
    0x2, 0x43, 0x0, 0x0, 0x0,

    /* U+00AF "¯" */
    0x11, 0x11, 0x10, 0xef, 0xff, 0xf7, 0x44, 0x44,
    0x42,

    /* U+00B0 "°" */
    0x0, 0x1, 0x0, 0x0, 0x5e, 0xff, 0x70, 0x4f,
    0xb6, 0xaf, 0x5a, 0xe0, 0x0, 0xcc, 0xad, 0x0,
    0xb, 0xc5, 0xf8, 0x37, 0xf7, 0x8, 0xff, 0xfa,
    0x0, 0x1, 0x42, 0x0,

    /* U+00B1 "±" */
    0x0, 0x3, 0xf7, 0x0, 0x0, 0x0, 0x3, 0xf7,
    0x0, 0x0, 0x0, 0x3, 0xf7, 0x0, 0x0, 0xff,
    0xff, 0xff, 0xff, 0xf3, 0x9a, 0xab, 0xfc, 0xaa,
    0xa2, 0x0, 0x3, 0xf7, 0x0, 0x0, 0x0, 0x3,
    0xf7, 0x0, 0x0, 0x0, 0x1, 0x52, 0x0, 0x0,
    0x9a, 0xaa, 0xaa, 0xaa, 0xa2, 0xff, 0xff, 0xff,
    0xff, 0xf3,

    /* U+00B2 "²" */
    0x9, 0xef, 0xd5, 0xa, 0xf7, 0x5b, 0xf4, 0x65,
    0x0, 0x3f, 0x70, 0x0, 0xb, 0xf2, 0x0, 0x2c,
    0xf5, 0x0, 0x4e, 0xd3, 0x0, 0x7f, 0xe7, 0x66,
    0x4d, 0xff, 0xff, 0xfc,

    /* U+00B3 "³" */
    0x8, 0xef, 0xe8, 0x0, 0x9f, 0x85, 0x9f, 0x80,
    0x11, 0x0, 0x4f, 0x70, 0x0, 0x7f, 0xf9, 0x0,
    0x0, 0x13, 0x7f, 0x90, 0x64, 0x0, 0xd, 0xf0,
    0xbf, 0x96, 0xaf, 0xb0, 0x9, 0xef, 0xe9, 0x0,

    /* U+00B4 "´" */
    0x3, 0xfa, 0xa, 0xe1, 0x2f, 0x60,

    /* U+00B5 "µ" */
    0x7f, 0x40, 0x0, 0x7, 0xf4, 0x7, 0xf4, 0x0,
    0x0, 0x7f, 0x40, 0x7f, 0x40, 0x0, 0x7, 0xf4,
    0x7, 0xf4, 0x0, 0x0, 0x7f, 0x40, 0x7f, 0x40,
    0x0, 0x7, 0xf4, 0x7, 0xf4, 0x0, 0x0, 0x7f,
    0x40, 0x7f, 0x40, 0x0, 0x7, 0xf4, 0x7, 0xf6,
    0x0, 0x0, 0x9f, 0x40, 0x7f, 0xc0, 0x0, 0xe,
    0xf4, 0x7, 0xfe, 0xc7, 0x7d, 0xcf, 0xb4, 0x7f,
    0x59, 0xfe, 0x80, 0x8e, 0x97, 0xf4, 0x0, 0x0,
    0x0, 0x0, 0x7f, 0x40, 0x0, 0x0, 0x0, 0x7,
    0xf4, 0x0, 0x0, 0x0, 0x0, 0x7f, 0x40, 0x0,
    0x0, 0x0, 0x0,

    /* U+00B6 "¶" */
    0x0, 0x7d, 0xff, 0xff, 0xf4, 0xc, 0xff, 0xfe,
    0x9d, 0xf4, 0x8f, 0xff, 0xfb, 0x8, 0xf4, 0xcf,
    0xff, 0xfb, 0x8, 0xf4, 0xef, 0xff, 0xfb, 0x8,
    0xf4, 0xcf, 0xff, 0xfb, 0x8, 0xf4, 0x6f, 0xff,
    0xfb, 0x8, 0xf4, 0xa, 0xff, 0xfb, 0x8, 0xf4,
    0x0, 0x5a, 0xc9, 0x8, 0xf4, 0x0, 0x0, 0x0,
    0x8, 0xf4, 0x0, 0x0, 0x0, 0x8, 0xf4, 0x0,
    0x0, 0x0, 0x8, 0xf4, 0x0, 0x0, 0x0, 0x8,
    0xf4, 0x0, 0x0, 0x0, 0x8, 0xf4,

    /* U+00B7 "·" */
    0x8, 0x60, 0x6f, 0xf2, 0x2e, 0xc0,

    /* U+00B8 "¸" */
    0x3, 0x0, 0xf, 0x10, 0x1f, 0xd6, 0x0, 0x8e,
    0x7e, 0xf8, 0x1, 0x0,

    /* U+00B9 "¹" */
    0x2, 0xbf, 0xe0, 0xfc, 0xee, 0x6, 0xd, 0xe0,
    0x0, 0xde, 0x0, 0xd, 0xe0, 0x0, 0xde, 0x0,
    0xd, 0xe0, 0x0, 0xde,

    /* U+00BA "º" */
    0x0, 0x0, 0x0, 0x0, 0x0, 0x6, 0xef, 0xfc,
    0x30, 0x7, 0xfb, 0x56, 0xef, 0x20, 0xed, 0x0,
    0x3, 0xf9, 0x2f, 0x90, 0x0, 0xd, 0xd3, 0xf8,
    0x0, 0x0, 0xdd, 0xf, 0xc0, 0x0, 0x1f, 0xa0,
    0x9f, 0x92, 0x3c, 0xf3, 0x0, 0x9f, 0xff, 0xe5,
    0x0, 0x0, 0x13, 0x30, 0x0,

    /* U+00BB "»" */
    0xc, 0xf3, 0xc, 0xf3, 0x0, 0x0, 0x1e, 0xe2,
    0x1e, 0xe2, 0x0, 0x0, 0x2f, 0xd1, 0x3f, 0xd0,
    0x0, 0x0, 0x4f, 0xc0, 0x5f, 0xb0, 0x0, 0x0,
    0x9f, 0x70, 0x9f, 0x70, 0x0, 0x3f, 0xd1, 0x3f,
    0xd0, 0x0, 0x1e, 0xe2, 0x1e, 0xe2, 0x0, 0xc,
    0xf3, 0xc, 0xf3, 0x0, 0xa, 0xf5, 0xa, 0xf5,
    0x0, 0x0, 0x22, 0x0, 0x22, 0x0, 0x0,

    /* U+00BC "¼" */
    0x5, 0xff, 0x40, 0x0, 0x0, 0x8, 0xf2, 0x0,
    0x3f, 0xaf, 0x40, 0x0, 0x0, 0x3f, 0x70, 0x0,
    0x23, 0x4f, 0x40, 0x0, 0x0, 0xdb, 0x0, 0x0,
    0x0, 0x4f, 0x40, 0x0, 0x9, 0xe1, 0x0, 0x0,
    0x0, 0x4f, 0x40, 0x0, 0x5f, 0x50, 0x0, 0x0,
    0x0, 0x4f, 0x40, 0x1, 0xea, 0x0, 0x0, 0x0,
    0x0, 0x4f, 0x40, 0xb, 0xe0, 0x0, 0x56, 0x10,
    0x0, 0x4e, 0x40, 0x6f, 0x30, 0x4, 0xff, 0x30,
    0x0, 0x0, 0x2, 0xf8, 0x0, 0xd, 0xdf, 0x30,
    0x0, 0x0, 0xc, 0xc0, 0x0, 0x6f, 0x5f, 0x30,
    0x0, 0x0, 0x8f, 0x20, 0x1, 0xe7, 0x4f, 0x30,
    0x0, 0x3, 0xf6, 0x0, 0x9, 0xe1, 0x4f, 0x40,
    0x0, 0xe, 0xb0, 0x0, 0xe, 0xff, 0xff, 0xf3,
    0x0, 0xae, 0x10, 0x0, 0x3, 0x33, 0x7f, 0x60,
    0x0, 0x32, 0x0, 0x0, 0x0, 0x0, 0x13, 0x0,

    /* U+00BD "½" */
    0x1, 0x99, 0x20, 0x0, 0x0, 0x3, 0x92, 0x0,
    0x2e, 0xef, 0x40, 0x0, 0x0, 0xd, 0xb0, 0x0,
    0x49, 0x5f, 0x40, 0x0, 0x0, 0x9f, 0x20, 0x0,
    0x0, 0x4f, 0x40, 0x0, 0x4, 0xf6, 0x0, 0x0,
    0x0, 0x4f, 0x40, 0x0, 0xd, 0xb0, 0x0, 0x0,
    0x0, 0x4f, 0x40, 0x0, 0x9f, 0x10, 0x0, 0x0,
    0x0, 0x4f, 0x40, 0x4, 0xf6, 0x0, 0x0, 0x0,
    0x0, 0x4f, 0x40, 0xe, 0xb0, 0x8, 0xff, 0xc2,
    0x0, 0x14, 0x10, 0x9f, 0x10, 0x4f, 0x95, 0xeb,
    0x0, 0x0, 0x4, 0xf6, 0x0, 0x13, 0x0, 0xad,
    0x0, 0x0, 0xe, 0xb0, 0x0, 0x0, 0x3, 0xf7,
    0x0, 0x0, 0xae, 0x10, 0x0, 0x0, 0x1e, 0xc0,
    0x0, 0x4, 0xf5, 0x0, 0x0, 0x0, 0xce, 0x10,
    0x0, 0x1e, 0xa0, 0x0, 0x0, 0xb, 0xf4, 0x11,
    0x0, 0xae, 0x10, 0x0, 0x0, 0x5f, 0xff, 0xff,
    0x0, 0x42, 0x0, 0x0, 0x0, 0x14, 0x44, 0x44,

    /* U+00BE "¾" */
    0x0, 0x0, 0x0, 0x0, 0x0, 0x0, 0x0, 0x0,
    0x0, 0x1b, 0xff, 0xa0, 0x0, 0x0, 0x1, 0xeb,
    0x0, 0x9, 0xc5, 0x6f, 0x60, 0x0, 0x0, 0xae,
    0x10, 0x0, 0x0, 0x4, 0xf6, 0x0, 0x0, 0x5f,
    0x40, 0x0, 0x0, 0xf, 0xfb, 0x0, 0x0, 0x1e,
    0x90, 0x0, 0x0, 0x0, 0x36, 0xf8, 0x0, 0xb,
    0xd0, 0x0, 0x0, 0x0, 0x0, 0xc, 0xd0, 0x7,
    0xf3, 0x0, 0x0, 0x0, 0xba, 0x23, 0xfa, 0x2,
    0xf8, 0x0, 0x1, 0x0, 0x5, 0xff, 0xfd, 0x10,
    0xdc, 0x0, 0x7, 0xfd, 0x0, 0x0, 0x22, 0x0,
    0x8f, 0x20, 0x2, 0xfe, 0xd0, 0x0, 0x0, 0x0,
    0x4f, 0x60, 0x0, 0xbb, 0xad, 0x0, 0x0, 0x0,
    0x1e, 0xb0, 0x0, 0x5f, 0x2a, 0xd0, 0x0, 0x0,
    0xa, 0xe1, 0x0, 0x1e, 0x91, 0xad, 0x0, 0x0,
    0x5, 0xf4, 0x0, 0x4, 0xff, 0xff, 0xfc, 0x0,
    0x1, 0xe9, 0x0, 0x0, 0x13, 0x33, 0xcd, 0x20,
    0x0, 0x13, 0x0, 0x0, 0x0, 0x0, 0x2, 0x30,

    /* U+00BF "¿" */
    0x0, 0x5, 0xf8, 0x0, 0x0, 0x0, 0xaf, 0xd0,
    0x0, 0x0, 0x2, 0x83, 0x0, 0x0, 0x0, 0x0,
    0x0, 0x0, 0x0, 0x1, 0x63, 0x0, 0x0, 0x0,
    0x5f, 0x60, 0x0, 0x0, 0xc, 0xf4, 0x0, 0x0,
    0x1c, 0xfc, 0x0, 0x0, 0x2e, 0xfa, 0x0, 0x0,
    0xa, 0xf8, 0x0, 0x0, 0x0, 0xee, 0x0, 0x0,
    0x0, 0xf, 0xd0, 0x0, 0x7, 0xe5, 0xbf, 0x40,
    0x1, 0xdf, 0x23, 0xff, 0xa9, 0xef, 0x80, 0x3,
    0xbe, 0xfc, 0x60, 0x0,

    /* U+00C0 "À" */
    0x0, 0x0, 0x5d, 0x60, 0x0, 0x0, 0x0, 0x0,
    0x0, 0xc, 0xe0, 0x0, 0x0, 0x0, 0x0, 0x0,
    0x2, 0xf6, 0x0, 0x0, 0x0, 0x0, 0x0, 0x0,
    0x0, 0x0, 0x0, 0x0, 0x0, 0x0, 0x0, 0x0,
    0x0, 0x0, 0x0, 0x0, 0x0, 0x6, 0xff, 0x20,
    0x0, 0x0, 0x0, 0x0, 0xc, 0xef, 0x80, 0x0,
    0x0, 0x0, 0x0, 0x2f, 0x8c, 0xe0, 0x0, 0x0,
    0x0, 0x0, 0x8f, 0x37, 0xf4, 0x0, 0x0, 0x0,
    0x0, 0xed, 0x2, 0xfa, 0x0, 0x0, 0x0, 0x4,
    0xf8, 0x0, 0xcf, 0x10, 0x0, 0x0, 0xa, 0xf2,
    0x0, 0x6f, 0x60, 0x0, 0x0, 0x1f, 0xc0, 0x0,
    0x1f, 0xc0, 0x0, 0x0, 0x6f, 0xd9, 0x99, 0x9e,
    0xf3, 0x0, 0x0, 0xcf, 0xff, 0xff, 0xff, 0xf9,
    0x0, 0x2, 0xfb, 0x0, 0x0, 0x0, 0xee, 0x0,
    0x8, 0xf5, 0x0, 0x0, 0x0, 0x9f, 0x50, 0xe,
    0xf0, 0x0, 0x0, 0x0, 0x3f, 0xb0, 0x4f, 0xa0,
    0x0, 0x0, 0x0, 0xd, 0xf1,

    /* U+00C1 "Á" */
    0x0, 0x0, 0x0, 0x5, 0x82, 0x0, 0x0, 0x0,
    0x0, 0x0, 0x1f, 0xb0, 0x0, 0x0, 0x0, 0x0,
    0x0, 0x9d, 0x10, 0x0, 0x0, 0x0, 0x0, 0x0,
    0x0, 0x0, 0x0, 0x0, 0x0, 0x0, 0x0, 0x0,
    0x0, 0x0, 0x0, 0x0, 0x0, 0x6, 0xff, 0x20,
    0x0, 0x0, 0x0, 0x0, 0xc, 0xef, 0x80, 0x0,
    0x0, 0x0, 0x0, 0x2f, 0x8c, 0xe0, 0x0, 0x0,
    0x0, 0x0, 0x8f, 0x37, 0xf4, 0x0, 0x0, 0x0,
    0x0, 0xed, 0x2, 0xfa, 0x0, 0x0, 0x0, 0x4,
    0xf8, 0x0, 0xcf, 0x10, 0x0, 0x0, 0xa, 0xf2,
    0x0, 0x6f, 0x60, 0x0, 0x0, 0x1f, 0xc0, 0x0,
    0x1f, 0xc0, 0x0, 0x0, 0x6f, 0xd9, 0x99, 0x9e,
    0xf3, 0x0, 0x0, 0xcf, 0xff, 0xff, 0xff, 0xf9,
    0x0, 0x2, 0xfb, 0x0, 0x0, 0x0, 0xee, 0x0,
    0x8, 0xf5, 0x0, 0x0, 0x0, 0x9f, 0x50, 0xe,
    0xf0, 0x0, 0x0, 0x0, 0x3f, 0xb0, 0x4f, 0xa0,
    0x0, 0x0, 0x0, 0xd, 0xf1,

    /* U+00C2 "Â" */
    0x0, 0x0, 0x1, 0x77, 0x0, 0x0, 0x0, 0x0,
    0x0, 0x1d, 0xce, 0xa0, 0x0, 0x0, 0x0, 0x0,
    0xcd, 0x13, 0xf9, 0x0, 0x0, 0x0, 0x0, 0x0,
    0x0, 0x0, 0x0, 0x0, 0x0, 0x0, 0x0, 0x0,
    0x0, 0x0, 0x0, 0x0, 0x0, 0x6, 0xff, 0x20,
    0x0, 0x0, 0x0, 0x0, 0xc, 0xef, 0x80, 0x0,
    0x0, 0x0, 0x0, 0x2f, 0x8c, 0xe0, 0x0, 0x0,
    0x0, 0x0, 0x8f, 0x37, 0xf4, 0x0, 0x0, 0x0,
    0x0, 0xed, 0x2, 0xfa, 0x0, 0x0, 0x0, 0x4,
    0xf8, 0x0, 0xcf, 0x10, 0x0, 0x0, 0xa, 0xf2,
    0x0, 0x6f, 0x60, 0x0, 0x0, 0x1f, 0xc0, 0x0,
    0x1f, 0xc0, 0x0, 0x0, 0x6f, 0xd9, 0x99, 0x9e,
    0xf3, 0x0, 0x0, 0xcf, 0xff, 0xff, 0xff, 0xf9,
    0x0, 0x2, 0xfb, 0x0, 0x0, 0x0, 0xee, 0x0,
    0x8, 0xf5, 0x0, 0x0, 0x0, 0x9f, 0x50, 0xe,
    0xf0, 0x0, 0x0, 0x0, 0x3f, 0xb0, 0x4f, 0xa0,
    0x0, 0x0, 0x0, 0xd, 0xf1,

    /* U+00C3 "Ã" */
    0x0, 0x0, 0x0, 0x0, 0x0, 0x0, 0x0, 0x0,
    0x0, 0x9f, 0xff, 0xf8, 0x0, 0x0, 0x0, 0x0,
    0x33, 0x33, 0x20, 0x0, 0x0, 0x0, 0x0, 0x0,
    0x0, 0x0, 0x0, 0x0, 0x0, 0x0, 0x0, 0x0,
    0x0, 0x0, 0x0, 0x0, 0x0, 0x6, 0xff, 0x20,
    0x0, 0x0, 0x0, 0x0, 0xc, 0xef, 0x80, 0x0,
    0x0, 0x0, 0x0, 0x2f, 0x8c, 0xe0, 0x0, 0x0,
    0x0, 0x0, 0x8f, 0x37, 0xf4, 0x0, 0x0, 0x0,
    0x0, 0xed, 0x2, 0xfa, 0x0, 0x0, 0x0, 0x4,
    0xf8, 0x0, 0xcf, 0x10, 0x0, 0x0, 0xa, 0xf2,
    0x0, 0x6f, 0x60, 0x0, 0x0, 0x1f, 0xc0, 0x0,
    0x1f, 0xc0, 0x0, 0x0, 0x6f, 0xd9, 0x99, 0x9e,
    0xf3, 0x0, 0x0, 0xcf, 0xff, 0xff, 0xff, 0xf9,
    0x0, 0x2, 0xfb, 0x0, 0x0, 0x0, 0xee, 0x0,
    0x8, 0xf5, 0x0, 0x0, 0x0, 0x9f, 0x50, 0xe,
    0xf0, 0x0, 0x0, 0x0, 0x3f, 0xb0, 0x4f, 0xa0,
    0x0, 0x0, 0x0, 0xd, 0xf1,

    /* U+00C4 "Ä" */
    0x0, 0x0, 0x31, 0x0, 0x22, 0x0, 0x0, 0x0,
    0x3, 0xfe, 0x1, 0xff, 0x0, 0x0, 0x0, 0x1,
    0xeb, 0x0, 0xdc, 0x0, 0x0, 0x0, 0x0, 0x0,
    0x0, 0x0, 0x0, 0x0, 0x0, 0x0, 0x0, 0x0,
    0x0, 0x0, 0x0, 0x0, 0x0, 0x6, 0xff, 0x20,
    0x0, 0x0, 0x0, 0x0, 0xc, 0xef, 0x80, 0x0,
    0x0, 0x0, 0x0, 0x2f, 0x8c, 0xe0, 0x0, 0x0,
    0x0, 0x0, 0x8f, 0x37, 0xf4, 0x0, 0x0, 0x0,
    0x0, 0xed, 0x2, 0xfa, 0x0, 0x0, 0x0, 0x4,
    0xf8, 0x0, 0xcf, 0x10, 0x0, 0x0, 0xa, 0xf2,
    0x0, 0x6f, 0x60, 0x0, 0x0, 0x1f, 0xc0, 0x0,
    0x1f, 0xc0, 0x0, 0x0, 0x6f, 0xd9, 0x99, 0x9e,
    0xf3, 0x0, 0x0, 0xcf, 0xff, 0xff, 0xff, 0xf9,
    0x0, 0x2, 0xfb, 0x0, 0x0, 0x0, 0xee, 0x0,
    0x8, 0xf5, 0x0, 0x0, 0x0, 0x9f, 0x50, 0xe,
    0xf0, 0x0, 0x0, 0x0, 0x3f, 0xb0, 0x4f, 0xa0,
    0x0, 0x0, 0x0, 0xd, 0xf1,

    /* U+00C5 "Å" */
    0x0, 0x0, 0x0, 0x0, 0x0, 0x0, 0x0, 0x0,
    0x0, 0x8, 0xfe, 0x50, 0x0, 0x0, 0x0, 0x0,
    0x6f, 0x57, 0xf3, 0x0, 0x0, 0x0, 0x0, 0xab,
    0x0, 0xe6, 0x0, 0x0, 0x0, 0x0, 0x7e, 0x24,
    0xf4, 0x0, 0x0, 0x0, 0x0, 0xb, 0xff, 0x80,
    0x0, 0x0, 0x0, 0x0, 0x0, 0x21, 0x0, 0x0,
    0x0, 0x0, 0x0, 0x6, 0xff, 0x20, 0x0, 0x0,
    0x0, 0x0, 0xc, 0xef, 0x80, 0x0, 0x0, 0x0,
    0x0, 0x2f, 0x8c, 0xe0, 0x0, 0x0, 0x0, 0x0,
    0x8f, 0x37, 0xf4, 0x0, 0x0, 0x0, 0x0, 0xed,
    0x2, 0xfa, 0x0, 0x0, 0x0, 0x4, 0xf8, 0x0,
    0xcf, 0x10, 0x0, 0x0, 0xa, 0xf2, 0x0, 0x6f,
    0x60, 0x0, 0x0, 0x1f, 0xc0, 0x0, 0x1f, 0xc0,
    0x0, 0x0, 0x6f, 0xd9, 0x99, 0x9e, 0xf3, 0x0,
    0x0, 0xcf, 0xff, 0xff, 0xff, 0xf9, 0x0, 0x2,
    0xfb, 0x0, 0x0, 0x0, 0xee, 0x0, 0x8, 0xf5,
    0x0, 0x0, 0x0, 0x9f, 0x50, 0xe, 0xf0, 0x0,
    0x0, 0x0, 0x3f, 0xb0, 0x4f, 0xa0, 0x0, 0x0,
    0x0, 0xd, 0xf1,

    /* U+00C6 "Æ" */
    0x0, 0x0, 0x0, 0xc, 0xff, 0xff, 0xff, 0xff,
    0xff, 0x70, 0x0, 0x0, 0x3, 0xfa, 0x7f, 0xca,
    0xaa, 0xaa, 0xa4, 0x0, 0x0, 0x0, 0xcf, 0x25,
    0xf7, 0x0, 0x0, 0x0, 0x0, 0x0, 0x0, 0x3f,
    0xa0, 0x5f, 0x70, 0x0, 0x0, 0x0, 0x0, 0x0,
    0xb, 0xf2, 0x5, 0xf7, 0x0, 0x0, 0x0, 0x0,
    0x0, 0x3, 0xfa, 0x0, 0x5f, 0x70, 0x0, 0x0,
    0x0, 0x0, 0x0, 0xbf, 0x20, 0x5, 0xff, 0xff,
    0xff, 0xff, 0x0, 0x0, 0x3f, 0xa0, 0x0, 0x5f,
    0xca, 0xaa, 0xaa, 0xa0, 0x0, 0xb, 0xfa, 0x88,
    0x8a, 0xf7, 0x0, 0x0, 0x0, 0x0, 0x3, 0xff,
    0xff, 0xff, 0xff, 0x70, 0x0, 0x0, 0x0, 0x0,
    0xbf, 0x30, 0x0, 0x5, 0xf7, 0x0, 0x0, 0x0,
    0x0, 0x3f, 0xb0, 0x0, 0x0, 0x5f, 0x70, 0x0,
    0x0, 0x0, 0xb, 0xf4, 0x0, 0x0, 0x5, 0xfc,
    0xaa, 0xaa, 0xaa, 0x53, 0xfc, 0x0, 0x0, 0x0,
    0x5f, 0xff, 0xff, 0xff, 0xf9,

    /* U+00C7 "Ç" */
    0x0, 0x3, 0xad, 0xfe, 0xb5, 0x0, 0x0, 0x7,
    0xff, 0xdb, 0xdf, 0xfb, 0x0, 0x6, 0xfd, 0x30,
    0x0, 0x2b, 0xfa, 0x1, 0xfe, 0x10, 0x0, 0x0,
    0xc, 0xf3, 0x6f, 0x70, 0x0, 0x0, 0x0, 0x38,
    0x3a, 0xf2, 0x0, 0x0, 0x0, 0x0, 0x0, 0xcf,
    0x0, 0x0, 0x0, 0x0, 0x0, 0xc, 0xf0, 0x0,
    0x0, 0x0, 0x0, 0x0, 0xaf, 0x20, 0x0, 0x0,
    0x0, 0x0, 0x7, 0xf7, 0x0, 0x0, 0x0, 0x3,
    0x73, 0x1f, 0xe1, 0x0, 0x0, 0x0, 0xcf, 0x30,
    0x8f, 0xd2, 0x0, 0x1, 0xaf, 0xb0, 0x0, 0x9f,
    0xfc, 0xab, 0xff, 0xc1, 0x0, 0x0, 0x5b, 0xef,
    0xfc, 0x60, 0x0, 0x0, 0x0, 0x0, 0xf3, 0x0,
    0x0, 0x0, 0x0, 0x0, 0xb, 0xea, 0x0, 0x0,
    0x0, 0x0, 0x0, 0x7, 0xe0, 0x0, 0x0, 0x0,
    0x0, 0x7f, 0xe7, 0x0, 0x0,

    /* U+00C8 "È" */
    0x0, 0x1c, 0xb0, 0x0, 0x0, 0x0, 0x7, 0xf4,
    0x0, 0x0, 0x0, 0x0, 0xcc, 0x0, 0x0, 0x0,
    0x0, 0x0, 0x0, 0x0, 0x0, 0x0, 0x0, 0x0,
    0x0, 0x3f, 0xff, 0xff, 0xff, 0xfa, 0x3f, 0xda,
    0xaa, 0xaa, 0xa6, 0x3f, 0x90, 0x0, 0x0, 0x0,
    0x3f, 0x90, 0x0, 0x0, 0x0, 0x3f, 0x90, 0x0,
    0x0, 0x0, 0x3f, 0x90, 0x0, 0x0, 0x0, 0x3f,
    0xff, 0xff, 0xff, 0xf2, 0x3f, 0xda, 0xaa, 0xaa,
    0xa1, 0x3f, 0x90, 0x0, 0x0, 0x0, 0x3f, 0x90,
    0x0, 0x0, 0x0, 0x3f, 0x90, 0x0, 0x0, 0x0,
    0x3f, 0x90, 0x0, 0x0, 0x0, 0x3f, 0xda, 0xaa,
    0xaa, 0xa7, 0x3f, 0xff, 0xff, 0xff, 0xfb,

    /* U+00C9 "É" */
    0x0, 0x0, 0x2, 0x84, 0x0, 0x0, 0x0, 0xb,
    0xe1, 0x0, 0x0, 0x0, 0x4f, 0x40, 0x0, 0x0,
    0x0, 0x0, 0x0, 0x0, 0x0, 0x0, 0x0, 0x0,
    0x0, 0x3f, 0xff, 0xff, 0xff, 0xfa, 0x3f, 0xda,
    0xaa, 0xaa, 0xa6, 0x3f, 0x90, 0x0, 0x0, 0x0,
    0x3f, 0x90, 0x0, 0x0, 0x0, 0x3f, 0x90, 0x0,
    0x0, 0x0, 0x3f, 0x90, 0x0, 0x0, 0x0, 0x3f,
    0xff, 0xff, 0xff, 0xf2, 0x3f, 0xda, 0xaa, 0xaa,
    0xa1, 0x3f, 0x90, 0x0, 0x0, 0x0, 0x3f, 0x90,
    0x0, 0x0, 0x0, 0x3f, 0x90, 0x0, 0x0, 0x0,
    0x3f, 0x90, 0x0, 0x0, 0x0, 0x3f, 0xda, 0xaa,
    0xaa, 0xa7, 0x3f, 0xff, 0xff, 0xff, 0xfb,

    /* U+00CA "Ê" */
    0x0, 0x0, 0x68, 0x20, 0x0, 0x0, 0x8, 0xfb,
    0xe1, 0x0, 0x0, 0x7f, 0x40, 0xcd, 0x10, 0x0,
    0x0, 0x0, 0x0, 0x0, 0x0, 0x0, 0x0, 0x0,
    0x0, 0x3f, 0xff, 0xff, 0xff, 0xfa, 0x3f, 0xda,
    0xaa, 0xaa, 0xa6, 0x3f, 0x90, 0x0, 0x0, 0x0,
    0x3f, 0x90, 0x0, 0x0, 0x0, 0x3f, 0x90, 0x0,
    0x0, 0x0, 0x3f, 0x90, 0x0, 0x0, 0x0, 0x3f,
    0xff, 0xff, 0xff, 0xf2, 0x3f, 0xda, 0xaa, 0xaa,
    0xa1, 0x3f, 0x90, 0x0, 0x0, 0x0, 0x3f, 0x90,
    0x0, 0x0, 0x0, 0x3f, 0x90, 0x0, 0x0, 0x0,
    0x3f, 0x90, 0x0, 0x0, 0x0, 0x3f, 0xda, 0xaa,
    0xaa, 0xa7, 0x3f, 0xff, 0xff, 0xff, 0xfb,

    /* U+00CB "Ë" */
    0x0, 0x13, 0x0, 0x13, 0x0, 0x0, 0xdf, 0x30,
    0xbf, 0x50, 0x0, 0xae, 0x20, 0x8e, 0x30, 0x0,
    0x0, 0x0, 0x0, 0x0, 0x0, 0x0, 0x0, 0x0,
    0x0, 0x3f, 0xff, 0xff, 0xff, 0xfa, 0x3f, 0xda,
    0xaa, 0xaa, 0xa6, 0x3f, 0x90, 0x0, 0x0, 0x0,
    0x3f, 0x90, 0x0, 0x0, 0x0, 0x3f, 0x90, 0x0,
    0x0, 0x0, 0x3f, 0x90, 0x0, 0x0, 0x0, 0x3f,
    0xff, 0xff, 0xff, 0xf2, 0x3f, 0xda, 0xaa, 0xaa,
    0xa1, 0x3f, 0x90, 0x0, 0x0, 0x0, 0x3f, 0x90,
    0x0, 0x0, 0x0, 0x3f, 0x90, 0x0, 0x0, 0x0,
    0x3f, 0x90, 0x0, 0x0, 0x0, 0x3f, 0xda, 0xaa,
    0xaa, 0xa7, 0x3f, 0xff, 0xff, 0xff, 0xfb,

    /* U+00CC "Ì" */
    0x8d, 0x30, 0x1e, 0xb0, 0x5, 0xf3, 0x0, 0x0,
    0x0, 0x0, 0x3, 0xf9, 0x3, 0xf9, 0x3, 0xf9,
    0x3, 0xf9, 0x3, 0xf9, 0x3, 0xf9, 0x3, 0xf9,
    0x3, 0xf9, 0x3, 0xf9, 0x3, 0xf9, 0x3, 0xf9,
    0x3, 0xf9, 0x3, 0xf9, 0x3, 0xf9,

    /* U+00CD "Í" */
    0x0, 0x67, 0x0, 0x4f, 0x70, 0xc, 0xb0, 0x0,
    0x0, 0x0, 0x0, 0x0, 0x3, 0xf9, 0x0, 0x3f,
    0x90, 0x3, 0xf9, 0x0, 0x3f, 0x90, 0x3, 0xf9,
    0x0, 0x3f, 0x90, 0x3, 0xf9, 0x0, 0x3f, 0x90,
    0x3, 0xf9, 0x0, 0x3f, 0x90, 0x3, 0xf9, 0x0,
    0x3f, 0x90, 0x3, 0xf9, 0x0, 0x3f, 0x90, 0x0,

    /* U+00CE "Î" */
    0x0, 0x38, 0x50, 0x0, 0x2e, 0xbf, 0x70, 0x2e,
    0xb0, 0x5f, 0x50, 0x0, 0x0, 0x0, 0x0, 0x0,
    0x0, 0x0, 0x3, 0xf9, 0x0, 0x0, 0x3f, 0x90,
    0x0, 0x3, 0xf9, 0x0, 0x0, 0x3f, 0x90, 0x0,
    0x3, 0xf9, 0x0, 0x0, 0x3f, 0x90, 0x0, 0x3,
    0xf9, 0x0, 0x0, 0x3f, 0x90, 0x0, 0x3, 0xf9,
    0x0, 0x0, 0x3f, 0x90, 0x0, 0x3, 0xf9, 0x0,
    0x0, 0x3f, 0x90, 0x0, 0x3, 0xf9, 0x0, 0x0,
    0x3f, 0x90, 0x0,

    /* U+00CF "Ï" */
    0x3, 0x0, 0x3, 0x16, 0xfa, 0x4, 0xfc, 0x4f,
    0x70, 0x2e, 0x90, 0x0, 0x0, 0x0, 0x0, 0x0,
    0x0, 0x0, 0x3, 0xf9, 0x0, 0x0, 0x3f, 0x90,
    0x0, 0x3, 0xf9, 0x0, 0x0, 0x3f, 0x90, 0x0,
    0x3, 0xf9, 0x0, 0x0, 0x3f, 0x90, 0x0, 0x3,
    0xf9, 0x0, 0x0, 0x3f, 0x90, 0x0, 0x3, 0xf9,
    0x0, 0x0, 0x3f, 0x90, 0x0, 0x3, 0xf9, 0x0,
    0x0, 0x3f, 0x90, 0x0, 0x3, 0xf9, 0x0, 0x0,
    0x3f, 0x90, 0x0,

    /* U+00D0 "Ð" */
    0x0, 0xff, 0xff, 0xfe, 0xc7, 0x10, 0x0, 0x0,
    0xff, 0xaa, 0xab, 0xef, 0xe4, 0x0, 0x0, 0xfe,
    0x0, 0x0, 0x5, 0xff, 0x20, 0x0, 0xfe, 0x0,
    0x0, 0x0, 0x4f, 0xc0, 0x0, 0xfe, 0x0, 0x0,
    0x0, 0xb, 0xf2, 0x0, 0xfe, 0x0, 0x0, 0x0,
    0x7, 0xf5, 0xcf, 0xff, 0xff, 0xfc, 0x0, 0x5,
    0xf7, 0x68, 0xff, 0x88, 0x86, 0x0, 0x5, 0xf7,
    0x0, 0xfe, 0x0, 0x0, 0x0, 0x7, 0xf5, 0x0,
    0xfe, 0x0, 0x0, 0x0, 0xc, 0xf2, 0x0, 0xfe,
    0x0, 0x0, 0x0, 0x4f, 0xc0, 0x0, 0xfe, 0x0,
    0x0, 0x6, 0xff, 0x20, 0x0, 0xff, 0xaa, 0xab,
    0xef, 0xe4, 0x0, 0x0, 0xff, 0xff, 0xfe, 0xc7,
    0x10, 0x0,

    /* U+00D1 "Ñ" */
    0x0, 0x0, 0x0, 0x0, 0x0, 0x0, 0x0, 0x0,
    0x1d, 0xff, 0xff, 0x30, 0x0, 0x0, 0x0, 0x33,
    0x33, 0x10, 0x0, 0x0, 0x0, 0x0, 0x0, 0x0,
    0x0, 0x0, 0x0, 0x0, 0x0, 0x0, 0x0, 0x0,
    0x3, 0xff, 0x40, 0x0, 0x0, 0x8, 0xf5, 0x3f,
    0xfe, 0x0, 0x0, 0x0, 0x8f, 0x53, 0xfc, 0xf9,
    0x0, 0x0, 0x8, 0xf5, 0x3f, 0x8b, 0xf4, 0x0,
    0x0, 0x8f, 0x53, 0xf9, 0x2f, 0xe0, 0x0, 0x8,
    0xf5, 0x3f, 0x90, 0x8f, 0x90, 0x0, 0x8f, 0x53,
    0xf9, 0x0, 0xdf, 0x40, 0x8, 0xf5, 0x3f, 0xa0,
    0x3, 0xfd, 0x0, 0x8f, 0x53, 0xfa, 0x0, 0x8,
    0xf9, 0x8, 0xf5, 0x3f, 0xa0, 0x0, 0xd, 0xf3,
    0x8f, 0x53, 0xfa, 0x0, 0x0, 0x3f, 0xc8, 0xf5,
    0x3f, 0xa0, 0x0, 0x0, 0x8f, 0xdf, 0x53, 0xfa,
    0x0, 0x0, 0x0, 0xdf, 0xf5, 0x3f, 0xa0, 0x0,
    0x0, 0x3, 0xff, 0x50,

    /* U+00D2 "Ò" */
    0x0, 0x0, 0x9f, 0x40, 0x0, 0x0, 0x0, 0x0,
    0x0, 0xe, 0xc0, 0x0, 0x0, 0x0, 0x0, 0x0,
    0x4, 0xd2, 0x0, 0x0, 0x0, 0x0, 0x0, 0x0,
    0x0, 0x0, 0x0, 0x0, 0x0, 0x0, 0x0, 0x0,
    0x0, 0x0, 0x0, 0x0, 0x3, 0xad, 0xfe, 0xb5,
    0x0, 0x0, 0x0, 0x8f, 0xfd, 0xbc, 0xff, 0xb1,
    0x0, 0x6, 0xfd, 0x30, 0x0, 0x1b, 0xfb, 0x0,
    0x1f, 0xe1, 0x0, 0x0, 0x0, 0xbf, 0x50, 0x6f,
    0x70, 0x0, 0x0, 0x0, 0x3f, 0xb0, 0xaf, 0x20,
    0x0, 0x0, 0x0, 0xe, 0xf0, 0xcf, 0x0, 0x0,
    0x0, 0x0, 0xc, 0xf0, 0xcf, 0x0, 0x0, 0x0,
    0x0, 0xc, 0xf0, 0xaf, 0x20, 0x0, 0x0, 0x0,
    0xd, 0xf0, 0x6f, 0x70, 0x0, 0x0, 0x0, 0x2f,
    0xb0, 0x1f, 0xe1, 0x0, 0x0, 0x0, 0xbf, 0x50,
    0x6, 0xfd, 0x30, 0x0, 0x1b, 0xfb, 0x0, 0x0,
    0x8f, 0xfd, 0xbc, 0xff, 0xb1, 0x0, 0x0, 0x3,
    0xad, 0xfe, 0xb5, 0x0, 0x0,

    /* U+00D3 "Ó" */
    0x0, 0x0, 0x0, 0xe, 0xd0, 0x0, 0x0, 0x0,
    0x0, 0x0, 0x6f, 0x40, 0x0, 0x0, 0x0, 0x0,
    0x0, 0xda, 0x0, 0x0, 0x0, 0x0, 0x0, 0x0,
    0x0, 0x0, 0x0, 0x0, 0x0, 0x0, 0x0, 0x0,
    0x0, 0x0, 0x0, 0x0, 0x3, 0xad, 0xfe, 0xb5,
    0x0, 0x0, 0x0, 0x8f, 0xfd, 0xbc, 0xff, 0xb1,
    0x0, 0x6, 0xfd, 0x30, 0x0, 0x1b, 0xfb, 0x0,
    0x1f, 0xe1, 0x0, 0x0, 0x0, 0xbf, 0x50, 0x6f,
    0x70, 0x0, 0x0, 0x0, 0x3f, 0xb0, 0xaf, 0x20,
    0x0, 0x0, 0x0, 0xe, 0xf0, 0xcf, 0x0, 0x0,
    0x0, 0x0, 0xc, 0xf0, 0xcf, 0x0, 0x0, 0x0,
    0x0, 0xc, 0xf0, 0xaf, 0x20, 0x0, 0x0, 0x0,
    0xd, 0xf0, 0x6f, 0x70, 0x0, 0x0, 0x0, 0x2f,
    0xb0, 0x1f, 0xe1, 0x0, 0x0, 0x0, 0xbf, 0x50,
    0x6, 0xfd, 0x30, 0x0, 0x1b, 0xfb, 0x0, 0x0,
    0x8f, 0xfd, 0xbc, 0xff, 0xb1, 0x0, 0x0, 0x3,
    0xad, 0xfe, 0xb5, 0x0, 0x0,

    /* U+00D4 "Ô" */
    0x0, 0x0, 0xa, 0xfd, 0x10, 0x0, 0x0, 0x0,
    0x0, 0x9f, 0x3c, 0xc0, 0x0, 0x0, 0x0, 0x2,
    0x83, 0x1, 0x74, 0x0, 0x0, 0x0, 0x0, 0x0,
    0x0, 0x0, 0x0, 0x0, 0x0, 0x0, 0x0, 0x0,
    0x0, 0x0, 0x0, 0x0, 0x3, 0xad, 0xfe, 0xb5,
    0x0, 0x0, 0x0, 0x8f, 0xfd, 0xbc, 0xff, 0xb1,
    0x0, 0x6, 0xfd, 0x30, 0x0, 0x1b, 0xfb, 0x0,
    0x1f, 0xe1, 0x0, 0x0, 0x0, 0xbf, 0x50, 0x6f,
    0x70, 0x0, 0x0, 0x0, 0x3f, 0xb0, 0xaf, 0x20,
    0x0, 0x0, 0x0, 0xe, 0xf0, 0xcf, 0x0, 0x0,
    0x0, 0x0, 0xc, 0xf0, 0xcf, 0x0, 0x0, 0x0,
    0x0, 0xc, 0xf0, 0xaf, 0x20, 0x0, 0x0, 0x0,
    0xd, 0xf0, 0x6f, 0x70, 0x0, 0x0, 0x0, 0x2f,
    0xb0, 0x1f, 0xe1, 0x0, 0x0, 0x0, 0xbf, 0x50,
    0x6, 0xfd, 0x30, 0x0, 0x1b, 0xfb, 0x0, 0x0,
    0x8f, 0xfd, 0xbc, 0xff, 0xb1, 0x0, 0x0, 0x3,
    0xad, 0xfe, 0xb5, 0x0, 0x0,

    /* U+00D5 "Õ" */
    0x0, 0x0, 0x0, 0x0, 0x0, 0x0, 0x0, 0x0,
    0x0, 0x9f, 0xa2, 0xd6, 0x0, 0x0, 0x0, 0x1,
    0xf6, 0xaf, 0xe1, 0x0, 0x0, 0x0, 0x0, 0x30,
    0x1, 0x10, 0x0, 0x0, 0x0, 0x0, 0x0, 0x0,
    0x0, 0x0, 0x0, 0x0, 0x0, 0x0, 0x0, 0x0,
    0x0, 0x0, 0x0, 0x3, 0xad, 0xfe, 0xb5, 0x0,
    0x0, 0x0, 0x8f, 0xfd, 0xbc, 0xff, 0xb1, 0x0,
    0x6, 0xfd, 0x30, 0x0, 0x1b, 0xfb, 0x0, 0x1f,
    0xe1, 0x0, 0x0, 0x0, 0xbf, 0x50, 0x6f, 0x70,
    0x0, 0x0, 0x0, 0x3f, 0xb0, 0xaf, 0x20, 0x0,
    0x0, 0x0, 0xe, 0xf0, 0xcf, 0x0, 0x0, 0x0,
    0x0, 0xc, 0xf0, 0xcf, 0x0, 0x0, 0x0, 0x0,
    0xc, 0xf0, 0xaf, 0x20, 0x0, 0x0, 0x0, 0xd,
    0xf0, 0x6f, 0x70, 0x0, 0x0, 0x0, 0x2f, 0xb0,
    0x1f, 0xe1, 0x0, 0x0, 0x0, 0xbf, 0x50, 0x6,
    0xfd, 0x30, 0x0, 0x1b, 0xfb, 0x0, 0x0, 0x8f,
    0xfd, 0xbc, 0xff, 0xb1, 0x0, 0x0, 0x3, 0xad,
    0xfe, 0xb5, 0x0, 0x0,

    /* U+00D6 "Ö" */
    0x0, 0x4, 0xf7, 0x3, 0xe9, 0x0, 0x0, 0x0,
    0x7, 0xfa, 0x5, 0xfc, 0x0, 0x0, 0x0, 0x0,
    0x30, 0x0, 0x31, 0x0, 0x0, 0x0, 0x0, 0x0,
    0x0, 0x0, 0x0, 0x0, 0x0, 0x0, 0x0, 0x0,
    0x0, 0x0, 0x0, 0x0, 0x3, 0xad, 0xfe, 0xb5,
    0x0, 0x0, 0x0, 0x8f, 0xfd, 0xbc, 0xff, 0xb1,
    0x0, 0x6, 0xfd, 0x30, 0x0, 0x1b, 0xfb, 0x0,
    0x1f, 0xe1, 0x0, 0x0, 0x0, 0xbf, 0x50, 0x6f,
    0x70, 0x0, 0x0, 0x0, 0x3f, 0xb0, 0xaf, 0x20,
    0x0, 0x0, 0x0, 0xe, 0xf0, 0xcf, 0x0, 0x0,
    0x0, 0x0, 0xc, 0xf0, 0xcf, 0x0, 0x0, 0x0,
    0x0, 0xc, 0xf0, 0xaf, 0x20, 0x0, 0x0, 0x0,
    0xd, 0xf0, 0x6f, 0x70, 0x0, 0x0, 0x0, 0x2f,
    0xb0, 0x1f, 0xe1, 0x0, 0x0, 0x0, 0xbf, 0x50,
    0x6, 0xfd, 0x30, 0x0, 0x1b, 0xfb, 0x0, 0x0,
    0x8f, 0xfd, 0xbc, 0xff, 0xb1, 0x0, 0x0, 0x3,
    0xad, 0xfe, 0xb5, 0x0, 0x0,

    /* U+00D7 "×" */
    0x0, 0x0, 0x0, 0x0, 0x0, 0x8d, 0x10, 0x0,
    0xa, 0xc0, 0x5f, 0xd1, 0x0, 0xaf, 0xa0, 0x5,
    0xfd, 0x1a, 0xf9, 0x0, 0x0, 0x5f, 0xff, 0x90,
    0x0, 0x0, 0xc, 0xff, 0x10, 0x0, 0x0, 0xaf,
    0xbf, 0xd1, 0x0, 0xa, 0xf9, 0x5, 0xfd, 0x10,
    0x9f, 0x90, 0x0, 0x5f, 0xd0, 0x48, 0x0, 0x0,
    0x5, 0x70,

    /* U+00D8 "Ø" */
    0x0, 0x0, 0x0, 0x0, 0x0, 0x1, 0x0, 0x0,
    0x3, 0xad, 0xfe, 0xb5, 0x7e, 0x20, 0x0, 0x8f,
    0xfd, 0xbc, 0xff, 0xfb, 0x0, 0x6, 0xfe, 0x40,
    0x0, 0x2f, 0xfa, 0x0, 0x1f, 0xf2, 0x0, 0x0,
    0x9f, 0xcf, 0x40, 0x6f, 0x80, 0x0, 0x4, 0xf7,
    0x2f, 0xb0, 0xaf, 0x30, 0x0, 0x1e, 0xb0, 0xd,
    0xf0, 0xcf, 0x10, 0x0, 0xbe, 0x10, 0xc, 0xf0,
    0xcf, 0x0, 0x6, 0xf3, 0x0, 0xc, 0xf0, 0xaf,
    0x10, 0x2f, 0x70, 0x0, 0xd, 0xf0, 0x6f, 0x40,
    0xcb, 0x0, 0x0, 0x2f, 0xb0, 0xf, 0xa7, 0xe1,
    0x0, 0x0, 0xbf, 0x50, 0x6, 0xff, 0x60, 0x0,
    0x1b, 0xfb, 0x0, 0x6, 0xff, 0xfd, 0xbc, 0xff,
    0xb1, 0x0, 0xb, 0xb2, 0x9d, 0xfe, 0xb5, 0x0,
    0x0, 0x0, 0x10, 0x0, 0x0, 0x0, 0x0, 0x0,

    /* U+00D9 "Ù" */
    0x0, 0x0, 0xcf, 0x10, 0x0, 0x0, 0x0, 0x0,
    0x2, 0xf8, 0x0, 0x0, 0x0, 0x0, 0x0, 0x6,
    0xc0, 0x0, 0x0, 0x0, 0x0, 0x0, 0x0, 0x0,
    0x0, 0x0, 0x0, 0x0, 0x0, 0x0, 0x0, 0x0,
    0x3, 0xf9, 0x0, 0x0, 0x0, 0xb, 0xf2, 0x3f,
    0x90, 0x0, 0x0, 0x0, 0xbf, 0x23, 0xf9, 0x0,
    0x0, 0x0, 0xb, 0xf2, 0x3f, 0x90, 0x0, 0x0,
    0x0, 0xbf, 0x23, 0xf9, 0x0, 0x0, 0x0, 0xb,
    0xf2, 0x3f, 0x90, 0x0, 0x0, 0x0, 0xbf, 0x23,
    0xf9, 0x0, 0x0, 0x0, 0xb, 0xf2, 0x3f, 0x90,
    0x0, 0x0, 0x0, 0xbf, 0x23, 0xf9, 0x0, 0x0,
    0x0, 0xb, 0xf2, 0x2f, 0xb0, 0x0, 0x0, 0x0,
    0xdf, 0x10, 0xff, 0x10, 0x0, 0x0, 0x2f, 0xe0,
    0x8, 0xfc, 0x20, 0x0, 0x2d, 0xf7, 0x0, 0xb,
    0xff, 0xcb, 0xdf, 0xf9, 0x0, 0x0, 0x5, 0xbe,
    0xfe, 0xa4, 0x0, 0x0,

    /* U+00DA "Ú" */
    0x0, 0x0, 0x0, 0x2f, 0xb0, 0x0, 0x0, 0x0,
    0x0, 0xa, 0xf1, 0x0, 0x0, 0x0, 0x0, 0x1,
    0xf6, 0x0, 0x0, 0x0, 0x0, 0x0, 0x0, 0x0,
    0x0, 0x0, 0x0, 0x0, 0x0, 0x0, 0x0, 0x0,
    0x3, 0xf9, 0x0, 0x0, 0x0, 0xb, 0xf2, 0x3f,
    0x90, 0x0, 0x0, 0x0, 0xbf, 0x23, 0xf9, 0x0,
    0x0, 0x0, 0xb, 0xf2, 0x3f, 0x90, 0x0, 0x0,
    0x0, 0xbf, 0x23, 0xf9, 0x0, 0x0, 0x0, 0xb,
    0xf2, 0x3f, 0x90, 0x0, 0x0, 0x0, 0xbf, 0x23,
    0xf9, 0x0, 0x0, 0x0, 0xb, 0xf2, 0x3f, 0x90,
    0x0, 0x0, 0x0, 0xbf, 0x23, 0xf9, 0x0, 0x0,
    0x0, 0xb, 0xf2, 0x2f, 0xb0, 0x0, 0x0, 0x0,
    0xdf, 0x10, 0xff, 0x10, 0x0, 0x0, 0x2f, 0xe0,
    0x8, 0xfc, 0x20, 0x0, 0x2d, 0xf7, 0x0, 0xb,
    0xff, 0xcb, 0xdf, 0xf9, 0x0, 0x0, 0x5, 0xbe,
    0xfe, 0xa4, 0x0, 0x0,

    /* U+00DB "Û" */
    0x0, 0x0, 0xc, 0xfb, 0x0, 0x0, 0x0, 0x0,
    0xc, 0xd3, 0xea, 0x0, 0x0, 0x0, 0x4, 0x82,
    0x3, 0x82, 0x0, 0x0, 0x0, 0x0, 0x0, 0x0,
    0x0, 0x0, 0x0, 0x0, 0x0, 0x0, 0x0, 0x0,
    0x3, 0xf9, 0x0, 0x0, 0x0, 0xb, 0xf2, 0x3f,
    0x90, 0x0, 0x0, 0x0, 0xbf, 0x23, 0xf9, 0x0,
    0x0, 0x0, 0xb, 0xf2, 0x3f, 0x90, 0x0, 0x0,
    0x0, 0xbf, 0x23, 0xf9, 0x0, 0x0, 0x0, 0xb,
    0xf2, 0x3f, 0x90, 0x0, 0x0, 0x0, 0xbf, 0x23,
    0xf9, 0x0, 0x0, 0x0, 0xb, 0xf2, 0x3f, 0x90,
    0x0, 0x0, 0x0, 0xbf, 0x23, 0xf9, 0x0, 0x0,
    0x0, 0xb, 0xf2, 0x2f, 0xb0, 0x0, 0x0, 0x0,
    0xdf, 0x10, 0xff, 0x10, 0x0, 0x0, 0x2f, 0xe0,
    0x8, 0xfc, 0x20, 0x0, 0x2d, 0xf7, 0x0, 0xb,
    0xff, 0xcb, 0xdf, 0xf9, 0x0, 0x0, 0x5, 0xbe,
    0xfe, 0xa4, 0x0, 0x0,

    /* U+00DC "Ü" */
    0x0, 0x7, 0xf4, 0x5, 0xf6, 0x0, 0x0, 0x0,
    0xaf, 0x60, 0x8f, 0x80, 0x0, 0x0, 0x0, 0x30,
    0x0, 0x30, 0x0, 0x0, 0x0, 0x0, 0x0, 0x0,
    0x0, 0x0, 0x0, 0x0, 0x0, 0x0, 0x0, 0x0,
    0x3, 0xf9, 0x0, 0x0, 0x0, 0xb, 0xf2, 0x3f,
    0x90, 0x0, 0x0, 0x0, 0xbf, 0x23, 0xf9, 0x0,
    0x0, 0x0, 0xb, 0xf2, 0x3f, 0x90, 0x0, 0x0,
    0x0, 0xbf, 0x23, 0xf9, 0x0, 0x0, 0x0, 0xb,
    0xf2, 0x3f, 0x90, 0x0, 0x0, 0x0, 0xbf, 0x23,
    0xf9, 0x0, 0x0, 0x0, 0xb, 0xf2, 0x3f, 0x90,
    0x0, 0x0, 0x0, 0xbf, 0x23, 0xf9, 0x0, 0x0,
    0x0, 0xb, 0xf2, 0x2f, 0xb0, 0x0, 0x0, 0x0,
    0xdf, 0x10, 0xff, 0x10, 0x0, 0x0, 0x2f, 0xe0,
    0x8, 0xfc, 0x20, 0x0, 0x2d, 0xf7, 0x0, 0xb,
    0xff, 0xcb, 0xdf, 0xf9, 0x0, 0x0, 0x5, 0xbe,
    0xfe, 0xa4, 0x0, 0x0,

    /* U+00DD "Ý" */
    0x0, 0x0, 0x0, 0x5, 0x71, 0x0, 0x0, 0x0,
    0x0, 0x0, 0x2f, 0x90, 0x0, 0x0, 0x0, 0x0,
    0x0, 0xbc, 0x0, 0x0, 0x0, 0x0, 0x0, 0x0,
    0x0, 0x0, 0x0, 0x0, 0x0, 0x0, 0x0, 0x0,
    0x0, 0x0, 0x0, 0x2f, 0xe1, 0x0, 0x0, 0x0,
    0x6f, 0xb0, 0x8, 0xf9, 0x0, 0x0, 0x1, 0xef,
    0x20, 0x0, 0xdf, 0x30, 0x0, 0xa, 0xf7, 0x0,
    0x0, 0x3f, 0xd0, 0x0, 0x4f, 0xc0, 0x0, 0x0,
    0x9, 0xf8, 0x0, 0xef, 0x20, 0x0, 0x0, 0x0,
    0xef, 0x28, 0xf8, 0x0, 0x0, 0x0, 0x0, 0x4f,
    0xbf, 0xd0, 0x0, 0x0, 0x0, 0x0, 0xa, 0xff,
    0x30, 0x0, 0x0, 0x0, 0x0, 0x2, 0xfb, 0x0,
    0x0, 0x0, 0x0, 0x0, 0x2, 0xfb, 0x0, 0x0,
    0x0, 0x0, 0x0, 0x2, 0xfb, 0x0, 0x0, 0x0,
    0x0, 0x0, 0x2, 0xfb, 0x0, 0x0, 0x0, 0x0,
    0x0, 0x2, 0xfb, 0x0, 0x0, 0x0, 0x0, 0x0,
    0x2, 0xfb, 0x0, 0x0, 0x0,

    /* U+00DE "Þ" */
    0x5f, 0x80, 0x0, 0x0, 0x0, 0x5, 0xf8, 0x0,
    0x0, 0x0, 0x0, 0x5f, 0xc9, 0x99, 0x72, 0x0,
    0x5, 0xff, 0xff, 0xff, 0xf9, 0x0, 0x5f, 0x80,
    0x0, 0x3b, 0xf7, 0x5, 0xf8, 0x0, 0x0, 0xe,
    0xe0, 0x5f, 0x80, 0x0, 0x0, 0xaf, 0x15, 0xf8,
    0x0, 0x0, 0xc, 0xf0, 0x5f, 0x80, 0x0, 0x5,
    0xfb, 0x5, 0xfc, 0x99, 0xac, 0xfe, 0x20, 0x5f,
    0xff, 0xff, 0xd9, 0x10, 0x5, 0xf8, 0x0, 0x0,
    0x0, 0x0, 0x5f, 0x80, 0x0, 0x0, 0x0, 0x5,
    0xf8, 0x0, 0x0, 0x0, 0x0,

    /* U+00DF "ß" */
    0x0, 0x5c, 0xff, 0xc6, 0x0, 0x0, 0x7f, 0xfb,
    0xae, 0xf9, 0x0, 0xf, 0xe2, 0x0, 0x1d, 0xf2,
    0x3, 0xf9, 0x0, 0x0, 0x8f, 0x40, 0x3f, 0x80,
    0x0, 0x9, 0xf2, 0x3, 0xf8, 0x0, 0x6, 0xf8,
    0x0, 0x3f, 0x80, 0xaf, 0xf8, 0x0, 0x3, 0xf8,
    0x6, 0xac, 0xfd, 0x20, 0x3f, 0x80, 0x0, 0x4,
    0xfc, 0x3, 0xf8, 0x0, 0x0, 0xb, 0xf1, 0x3f,
    0x80, 0x0, 0x0, 0xaf, 0x23, 0xf8, 0x0, 0x0,
    0x2f, 0xe0, 0x3f, 0x80, 0x6a, 0xbf, 0xf5, 0x3,
    0xf8, 0xb, 0xff, 0xb4, 0x0,

    /* U+00E0 "à" */
    0x0, 0xc, 0xf1, 0x0, 0x0, 0x0, 0x2, 0xf8,
    0x0, 0x0, 0x0, 0x0, 0x7c, 0x0, 0x0, 0x0,
    0x0, 0x0, 0x0, 0x0, 0x0, 0x29, 0xdf, 0xea,
    0x20, 0x2, 0xff, 0xc9, 0xaf, 0xe1, 0x7, 0xf5,
    0x0, 0x6, 0xf7, 0x0, 0x0, 0x0, 0x1, 0xfa,
    0x0, 0x1, 0x46, 0x8c, 0xfb, 0x1, 0xbf, 0xff,
    0xda, 0xfb, 0xd, 0xf8, 0x20, 0x1, 0xfb, 0x1f,
    0xb0, 0x0, 0x2, 0xfb, 0xf, 0xd0, 0x0, 0xb,
    0xfb, 0x9, 0xfd, 0x99, 0xeb, 0xfb, 0x0, 0x7d,
    0xfe, 0x81, 0xfb,

    /* U+00E1 "á" */
    0x0, 0x0, 0x0, 0x76, 0x0, 0x0, 0x0, 0x6,
    0xf6, 0x0, 0x0, 0x0, 0xd, 0xb0, 0x0, 0x0,
    0x0, 0x18, 0x20, 0x0, 0x0, 0x0, 0x0, 0x0,
    0x0, 0x0, 0x29, 0xdf, 0xea, 0x20, 0x2, 0xff,
    0xc9, 0xaf, 0xe1, 0x7, 0xf5, 0x0, 0x6, 0xf7,
    0x0, 0x0, 0x0, 0x1, 0xfa, 0x0, 0x1, 0x46,
    0x8c, 0xfb, 0x1, 0xbf, 0xff, 0xda, 0xfb, 0xd,
    0xf8, 0x20, 0x1, 0xfb, 0x1f, 0xb0, 0x0, 0x2,
    0xfb, 0xf, 0xd0, 0x0, 0xb, 0xfb, 0x9, 0xfd,
    0x99, 0xeb, 0xfb, 0x0, 0x7d, 0xfe, 0x81, 0xfb,

    /* U+00E2 "â" */
    0x0, 0x0, 0x48, 0x30, 0x0, 0x0, 0x3, 0xfe,
    0xe1, 0x0, 0x0, 0x1e, 0xc0, 0xdc, 0x0, 0x0,
    0x48, 0x10, 0x28, 0x30, 0x0, 0x0, 0x0, 0x0,
    0x0, 0x0, 0x29, 0xdf, 0xea, 0x20, 0x2, 0xff,
    0xc9, 0xaf, 0xe1, 0x7, 0xf5, 0x0, 0x6, 0xf7,
    0x0, 0x0, 0x0, 0x1, 0xfa, 0x0, 0x1, 0x46,
    0x8c, 0xfb, 0x1, 0xbf, 0xff, 0xda, 0xfb, 0xd,
    0xf8, 0x20, 0x1, 0xfb, 0x1f, 0xb0, 0x0, 0x2,
    0xfb, 0xf, 0xd0, 0x0, 0xb, 0xfb, 0x9, 0xfd,
    0x99, 0xeb, 0xfb, 0x0, 0x7d, 0xfe, 0x81, 0xfb,

    /* U+00E3 "ã" */
    0x0, 0x2d, 0xff, 0xff, 0x20, 0x0, 0x13, 0x43,
    0x31, 0x0, 0x0, 0x0, 0x0, 0x0, 0x0, 0x0,
    0x29, 0xdf, 0xea, 0x20, 0x2, 0xff, 0xc9, 0xaf,
    0xe1, 0x7, 0xf5, 0x0, 0x6, 0xf7, 0x0, 0x0,
    0x0, 0x1, 0xfa, 0x0, 0x1, 0x46, 0x8c, 0xfb,
    0x1, 0xbf, 0xff, 0xda, 0xfb, 0xd, 0xf8, 0x20,
    0x1, 0xfb, 0x1f, 0xb0, 0x0, 0x2, 0xfb, 0xf,
    0xd0, 0x0, 0xb, 0xfb, 0x9, 0xfd, 0x99, 0xeb,
    0xfb, 0x0, 0x7d, 0xfe, 0x81, 0xfb,

    /* U+00E4 "ä" */
    0x0, 0x7f, 0x40, 0x5f, 0x50, 0x0, 0xaf, 0x60,
    0x8f, 0x80, 0x0, 0x3, 0x0, 0x3, 0x0, 0x0,
    0x29, 0xdf, 0xea, 0x20, 0x2, 0xff, 0xc9, 0xaf,
    0xe1, 0x7, 0xf5, 0x0, 0x6, 0xf7, 0x0, 0x0,
    0x0, 0x1, 0xfa, 0x0, 0x1, 0x46, 0x8c, 0xfb,
    0x1, 0xbf, 0xff, 0xda, 0xfb, 0xd, 0xf8, 0x20,
    0x1, 0xfb, 0x1f, 0xb0, 0x0, 0x2, 0xfb, 0xf,
    0xd0, 0x0, 0xb, 0xfb, 0x9, 0xfd, 0x99, 0xeb,
    0xfb, 0x0, 0x7d, 0xfe, 0x81, 0xfb,

    /* U+00E5 "å" */
    0x0, 0x0, 0x0, 0x0, 0x0, 0x0, 0x1, 0xcf,
    0xb1, 0x0, 0x0, 0xd, 0xb4, 0xcb, 0x0, 0x0,
    0x1f, 0x40, 0x5f, 0x0, 0x0, 0xe, 0x91, 0xad,
    0x0, 0x0, 0x3, 0xff, 0xe2, 0x0, 0x0, 0x0,
    0x2, 0x0, 0x0, 0x0, 0x29, 0xdf, 0xea, 0x20,
    0x2, 0xff, 0xc9, 0xaf, 0xe1, 0x7, 0xf5, 0x0,
    0x6, 0xf7, 0x0, 0x0, 0x0, 0x1, 0xfa, 0x0,
    0x1, 0x46, 0x8c, 0xfb, 0x1, 0xbf, 0xff, 0xda,
    0xfb, 0xd, 0xf8, 0x20, 0x1, 0xfb, 0x1f, 0xb0,
    0x0, 0x2, 0xfb, 0xf, 0xd0, 0x0, 0xb, 0xfb,
    0x9, 0xfd, 0x99, 0xeb, 0xfb, 0x0, 0x7d, 0xfe,
    0x81, 0xfb,

    /* U+00E6 "æ" */
    0x0, 0x19, 0xdf, 0xe9, 0x10, 0x6d, 0xfe, 0x91,
    0x0, 0x2, 0xef, 0xc9, 0xbf, 0xca, 0xfc, 0x9b,
    0xfe, 0x20, 0x8, 0xf6, 0x0, 0x7, 0xff, 0x80,
    0x0, 0x4f, 0xb0, 0x0, 0x10, 0x0, 0x2, 0xfd,
    0x0, 0x0, 0xb, 0xf1, 0x0, 0x0, 0x2, 0x23,
    0xf9, 0x22, 0x22, 0x29, 0xf4, 0x0, 0x7d, 0xff,
    0xff, 0xff, 0xff, 0xff, 0xff, 0xf5, 0xb, 0xfc,
    0x75, 0x56, 0xfa, 0x55, 0x55, 0x55, 0x51, 0x1f,
    0xc0, 0x0, 0x2, 0xfb, 0x0, 0x0, 0x0, 0x0,
    0xf, 0xd0, 0x0, 0xa, 0xff, 0x60, 0x0, 0x1d,
    0xc0, 0x9, 0xfd, 0x9a, 0xef, 0x5c, 0xfc, 0x9a,
    0xff, 0x70, 0x0, 0x7d, 0xfe, 0xa2, 0x0, 0x8d,
    0xff, 0xc5, 0x0,

    /* U+00E7 "ç" */
    0x0, 0x4c, 0xee, 0xb4, 0x0, 0x7, 0xfe, 0xaa,
    0xff, 0x70, 0x3f, 0xd1, 0x0, 0x1d, 0xf2, 0x9f,
    0x30, 0x0, 0x3, 0x50, 0xde, 0x0, 0x0, 0x0,
    0x0, 0xfd, 0x0, 0x0, 0x0, 0x0, 0xed, 0x0,
    0x0, 0x0, 0x0, 0xcf, 0x10, 0x0, 0x0, 0x0,
    0x6f, 0x80, 0x0, 0x8, 0xe3, 0xd, 0xf8, 0x22,
    0x8f, 0xd0, 0x1, 0xcf, 0xff, 0xfc, 0x10, 0x0,
    0x3, 0xca, 0x30, 0x0, 0x0, 0x0, 0xae, 0xb0,
    0x0, 0x0, 0x0, 0x2, 0xf4, 0x0, 0x0, 0x1,
    0xff, 0xb0, 0x0,

    /* U+00E8 "è" */
    0x0, 0x5f, 0x80, 0x0, 0x0, 0x0, 0xb, 0xf0,
    0x0, 0x0, 0x0, 0x1, 0xd5, 0x0, 0x0, 0x0,
    0x0, 0x0, 0x0, 0x0, 0x0, 0x5c, 0xff, 0xb4,
    0x0, 0x8, 0xfe, 0x9a, 0xff, 0x50, 0x4f, 0xc0,
    0x0, 0x1e, 0xf1, 0xaf, 0x20, 0x0, 0x6, 0xf6,
    0xee, 0x22, 0x22, 0x25, 0xf9, 0xff, 0xff, 0xff,
    0xff, 0xfa, 0xee, 0x55, 0x55, 0x55, 0x53, 0xaf,
    0x10, 0x0, 0x0, 0x0, 0x4f, 0xa0, 0x0, 0x9,
    0xe4, 0x8, 0xfe, 0xa9, 0xdf, 0xc0, 0x0, 0x5b,
    0xef, 0xd7, 0x0,

    /* U+00E9 "é" */
    0x0, 0x0, 0x5, 0x82, 0x0, 0x0, 0x0, 0xe,
    0xc0, 0x0, 0x0, 0x0, 0x6f, 0x30, 0x0, 0x0,
    0x0, 0x65, 0x0, 0x0, 0x0, 0x0, 0x0, 0x0,
    0x0, 0x0, 0x5c, 0xff, 0xb4, 0x0, 0x8, 0xfe,
    0x9a, 0xff, 0x50, 0x4f, 0xc0, 0x0, 0x1e, 0xf1,
    0xaf, 0x20, 0x0, 0x6, 0xf6, 0xee, 0x22, 0x22,
    0x25, 0xf9, 0xff, 0xff, 0xff, 0xff, 0xfa, 0xee,
    0x55, 0x55, 0x55, 0x53, 0xaf, 0x10, 0x0, 0x0,
    0x0, 0x4f, 0xa0, 0x0, 0x9, 0xe4, 0x8, 0xfe,
    0xa9, 0xdf, 0xc0, 0x0, 0x5b, 0xef, 0xd7, 0x0,

    /* U+00EA "ê" */
    0x0, 0x1, 0x77, 0x0, 0x0, 0x0, 0xb, 0xef,
    0x70, 0x0, 0x0, 0x8f, 0x37, 0xf4, 0x0, 0x1,
    0x75, 0x0, 0x76, 0x0, 0x0, 0x0, 0x0, 0x0,
    0x0, 0x0, 0x5c, 0xff, 0xb4, 0x0, 0x8, 0xfe,
    0x9a, 0xff, 0x50, 0x4f, 0xc0, 0x0, 0x1e, 0xf1,
    0xaf, 0x20, 0x0, 0x6, 0xf6, 0xee, 0x22, 0x22,
    0x25, 0xf9, 0xff, 0xff, 0xff, 0xff, 0xfa, 0xee,
    0x55, 0x55, 0x55, 0x53, 0xaf, 0x10, 0x0, 0x0,
    0x0, 0x4f, 0xa0, 0x0, 0x9, 0xe4, 0x8, 0xfe,
    0xa9, 0xdf, 0xc0, 0x0, 0x5b, 0xef, 0xd7, 0x0,

    /* U+00EB "ë" */
    0x1, 0xea, 0x0, 0xdc, 0x0, 0x3, 0xfd, 0x1,
    0xff, 0x0, 0x0, 0x31, 0x0, 0x22, 0x0, 0x0,
    0x5c, 0xff, 0xb4, 0x0, 0x8, 0xfe, 0x9a, 0xff,
    0x50, 0x4f, 0xc0, 0x0, 0x1e, 0xf1, 0xaf, 0x20,
    0x0, 0x6, 0xf6, 0xee, 0x22, 0x22, 0x25, 0xf9,
    0xff, 0xff, 0xff, 0xff, 0xfa, 0xee, 0x55, 0x55,
    0x55, 0x53, 0xaf, 0x10, 0x0, 0x0, 0x0, 0x4f,
    0xa0, 0x0, 0x9, 0xe4, 0x8, 0xfe, 0xa9, 0xdf,
    0xc0, 0x0, 0x5b, 0xef, 0xd7, 0x0,

    /* U+00EC "ì" */
    0xc, 0xf1, 0x0, 0x2f, 0x80, 0x0, 0x7c, 0x0,
    0x0, 0x0, 0x0, 0x7f, 0x40, 0x7, 0xf4, 0x0,
    0x7f, 0x40, 0x7, 0xf4, 0x0, 0x7f, 0x40, 0x7,
    0xf4, 0x0, 0x7f, 0x40, 0x7, 0xf4, 0x0, 0x7f,
    0x40, 0x7, 0xf4, 0x0, 0x7f, 0x40,

    /* U+00ED "í" */
    0x3, 0xf9, 0xc, 0xd0, 0x18, 0x20, 0x0, 0x0,
    0x7f, 0x40, 0x7f, 0x40, 0x7f, 0x40, 0x7f, 0x40,
    0x7f, 0x40, 0x7f, 0x40, 0x7f, 0x40, 0x7f, 0x40,
    0x7f, 0x40, 0x7f, 0x40, 0x7f, 0x40,

    /* U+00EE "î" */
    0x1, 0xdf, 0xb0, 0x0, 0xcd, 0x3e, 0xa0, 0x48,
    0x20, 0x38, 0x20, 0x0, 0x0, 0x0, 0x0, 0x7f,
    0x40, 0x0, 0x7, 0xf4, 0x0, 0x0, 0x7f, 0x40,
    0x0, 0x7, 0xf4, 0x0, 0x0, 0x7f, 0x40, 0x0,
    0x7, 0xf4, 0x0, 0x0, 0x7f, 0x40, 0x0, 0x7,
    0xf4, 0x0, 0x0, 0x7f, 0x40, 0x0, 0x7, 0xf4,
    0x0, 0x0, 0x7f, 0x40, 0x0,

    /* U+00EF "ï" */
    0x7f, 0x40, 0x6f, 0x5a, 0xf6, 0x8, 0xf8, 0x3,
    0x0, 0x3, 0x0, 0x7, 0xf4, 0x0, 0x0, 0x7f,
    0x40, 0x0, 0x7, 0xf4, 0x0, 0x0, 0x7f, 0x40,
    0x0, 0x7, 0xf4, 0x0, 0x0, 0x7f, 0x40, 0x0,
    0x7, 0xf4, 0x0, 0x0, 0x7f, 0x40, 0x0, 0x7,
    0xf4, 0x0, 0x0, 0x7f, 0x40, 0x0, 0x7, 0xf4,
    0x0,

    /* U+00F0 "ð" */
    0x0, 0x1, 0x0, 0x0, 0x0, 0x0, 0x8e, 0x50,
    0x18, 0x10, 0x0, 0x2b, 0xfc, 0xfc, 0x20, 0x0,
    0x29, 0xff, 0xc0, 0x0, 0x0, 0xbb, 0x35, 0xf8,
    0x0, 0x0, 0x0, 0x10, 0x8f, 0x30, 0x0, 0x9f,
    0xfe, 0x6d, 0xb0, 0xc, 0xfa, 0x56, 0xdd, 0xf2,
    0x7f, 0x80, 0x0, 0xd, 0xf6, 0xcf, 0x0, 0x0,
    0x5, 0xf8, 0xfd, 0x0, 0x0, 0x2, 0xf9, 0xed,
    0x0, 0x0, 0x2, 0xf8, 0xcf, 0x10, 0x0, 0x5,
    0xf5, 0x5f, 0xa0, 0x0, 0x1d, 0xe0, 0xa, 0xfd,
    0x9a, 0xff, 0x50, 0x0, 0x6c, 0xfe, 0xb3, 0x0,

    /* U+00F1 "ñ" */
    0x0, 0x8f, 0xff, 0xf8, 0x0, 0x0, 0x33, 0x33,
    0x20, 0x0, 0x0, 0x0, 0x0, 0x0, 0x0, 0x7f,
    0x36, 0xdf, 0xe8, 0x0, 0x7f, 0xae, 0x88, 0xdf,
    0x90, 0x7f, 0xd0, 0x0, 0xe, 0xf1, 0x7f, 0x60,
    0x0, 0x9, 0xf3, 0x7f, 0x40, 0x0, 0x7, 0xf4,
    0x7f, 0x40, 0x0, 0x7, 0xf4, 0x7f, 0x40, 0x0,
    0x7, 0xf4, 0x7f, 0x40, 0x0, 0x7, 0xf4, 0x7f,
    0x40, 0x0, 0x7, 0xf4, 0x7f, 0x40, 0x0, 0x7,
    0xf4, 0x7f, 0x40, 0x0, 0x7, 0xf4,

    /* U+00F2 "ò" */
    0x0, 0x4f, 0x90, 0x0, 0x0, 0x0, 0x9, 0xf1,
    0x0, 0x0, 0x0, 0x0, 0xc7, 0x0, 0x0, 0x0,
    0x0, 0x0, 0x0, 0x0, 0x0, 0x5c, 0xfe, 0xc5,
    0x0, 0x8, 0xfe, 0xaa, 0xef, 0x80, 0x4f, 0xc0,
    0x0, 0xc, 0xf4, 0xaf, 0x30, 0x0, 0x3, 0xfa,
    0xee, 0x0, 0x0, 0x0, 0xee, 0xfd, 0x0, 0x0,
    0x0, 0xdf, 0xee, 0x0, 0x0, 0x0, 0xee, 0xaf,
    0x30, 0x0, 0x3, 0xfa, 0x4f, 0xc0, 0x0, 0xc,
    0xf4, 0x8, 0xfe, 0xaa, 0xef, 0x80, 0x0, 0x5c,
    0xff, 0xc5, 0x0,

    /* U+00F3 "ó" */
    0x0, 0x0, 0x4, 0x83, 0x0, 0x0, 0x0, 0xd,
    0xd0, 0x0, 0x0, 0x0, 0x5f, 0x40, 0x0, 0x0,
    0x0, 0x56, 0x0, 0x0, 0x0, 0x0, 0x0, 0x0,
    0x0, 0x0, 0x5c, 0xfe, 0xc5, 0x0, 0x8, 0xfe,
    0xaa, 0xef, 0x80, 0x4f, 0xc0, 0x0, 0xc, 0xf4,
    0xaf, 0x30, 0x0, 0x3, 0xfa, 0xee, 0x0, 0x0,
    0x0, 0xee, 0xfd, 0x0, 0x0, 0x0, 0xdf, 0xee,
    0x0, 0x0, 0x0, 0xee, 0xaf, 0x30, 0x0, 0x3,
    0xfa, 0x4f, 0xc0, 0x0, 0xc, 0xf4, 0x8, 0xfe,
    0xaa, 0xef, 0x80, 0x0, 0x5c, 0xff, 0xc5, 0x0,

    /* U+00F4 "ô" */
    0x0, 0x0, 0x77, 0x0, 0x0, 0x0, 0xa, 0xef,
    0x90, 0x0, 0x0, 0x6f, 0x55, 0xf5, 0x0, 0x0,
    0x76, 0x0, 0x67, 0x0, 0x0, 0x0, 0x0, 0x0,
    0x0, 0x0, 0x5c, 0xfe, 0xc5, 0x0, 0x8, 0xfe,
    0xaa, 0xef, 0x80, 0x4f, 0xc0, 0x0, 0xc, 0xf4,
    0xaf, 0x30, 0x0, 0x3, 0xfa, 0xee, 0x0, 0x0,
    0x0, 0xee, 0xfd, 0x0, 0x0, 0x0, 0xdf, 0xee,
    0x0, 0x0, 0x0, 0xee, 0xaf, 0x30, 0x0, 0x3,
    0xfa, 0x4f, 0xc0, 0x0, 0xc, 0xf4, 0x8, 0xfe,
    0xaa, 0xef, 0x80, 0x0, 0x5c, 0xff, 0xc5, 0x0,

    /* U+00F5 "õ" */
    0x0, 0x7f, 0xff, 0xfa, 0x0, 0x0, 0x33, 0x43,
    0x30, 0x0, 0x0, 0x0, 0x0, 0x0, 0x0, 0x0,
    0x5c, 0xfe, 0xc5, 0x0, 0x8, 0xfe, 0xaa, 0xef,
    0x80, 0x4f, 0xc0, 0x0, 0xc, 0xf4, 0xaf, 0x30,
    0x0, 0x3, 0xfa, 0xee, 0x0, 0x0, 0x0, 0xee,
    0xfd, 0x0, 0x0, 0x0, 0xdf, 0xee, 0x0, 0x0,
    0x0, 0xee, 0xaf, 0x30, 0x0, 0x3, 0xfa, 0x4f,
    0xc0, 0x0, 0xc, 0xf4, 0x8, 0xfe, 0xaa, 0xef,
    0x80, 0x0, 0x5c, 0xff, 0xc5, 0x0,

    /* U+00F6 "ö" */
    0x0, 0xdc, 0x0, 0xcd, 0x0, 0x1, 0xff, 0x0,
    0xff, 0x10, 0x0, 0x22, 0x0, 0x22, 0x0, 0x0,
    0x5c, 0xfe, 0xc5, 0x0, 0x8, 0xfe, 0xaa, 0xef,
    0x80, 0x4f, 0xc0, 0x0, 0xc, 0xf4, 0xaf, 0x30,
    0x0, 0x3, 0xfa, 0xee, 0x0, 0x0, 0x0, 0xee,
    0xfd, 0x0, 0x0, 0x0, 0xdf, 0xee, 0x0, 0x0,
    0x0, 0xee, 0xaf, 0x30, 0x0, 0x3, 0xfa, 0x4f,
    0xc0, 0x0, 0xc, 0xf4, 0x8, 0xfe, 0xaa, 0xef,
    0x80, 0x0, 0x5c, 0xff, 0xc5, 0x0,

    /* U+00F7 "÷" */
    0x0, 0x5, 0xf8, 0x0, 0x0, 0x0, 0x9, 0xfd,
    0x0, 0x0, 0x0, 0x1, 0x83, 0x0, 0x0, 0x0,
    0x0, 0x0, 0x0, 0x0, 0xff, 0xff, 0xff, 0xff,
    0xf3, 0xaa, 0xaa, 0xaa, 0xaa, 0xa2, 0x0, 0x0,
    0x0, 0x0, 0x0, 0x0, 0x1, 0x83, 0x0, 0x0,
    0x0, 0x9, 0xfd, 0x0, 0x0, 0x0, 0x5, 0xf8,
    0x0, 0x0,

    /* U+00F8 "ø" */
    0x0, 0x0, 0x0, 0x0, 0x0, 0x10, 0x0, 0x5,
    0xcf, 0xec, 0x58, 0xd0, 0x0, 0x8f, 0xea, 0xae,
    0xff, 0x50, 0x4, 0xfc, 0x10, 0x5, 0xff, 0x40,
    0xa, 0xf3, 0x0, 0x3f, 0xbf, 0xa0, 0xe, 0xe0,
    0x1, 0xeb, 0xe, 0xe0, 0xf, 0xd0, 0xc, 0xc0,
    0xd, 0xf0, 0xe, 0xe0, 0xbe, 0x10, 0xe, 0xe0,
    0xa, 0xfa, 0xe2, 0x0, 0x3f, 0xa0, 0x4, 0xff,
    0x40, 0x0, 0xcf, 0x40, 0x7, 0xff, 0xea, 0xae,
    0xf8, 0x0, 0xd, 0x75, 0xcf, 0xfc, 0x50, 0x0,
    0x0, 0x0, 0x0, 0x0, 0x0, 0x0,

    /* U+00F9 "ù" */
    0x0, 0x5f, 0x80, 0x0, 0x0, 0x0, 0xa, 0xf1,
    0x0, 0x0, 0x0, 0x1, 0xc6, 0x0, 0x0, 0x0,
    0x0, 0x0, 0x0, 0x0, 0x7f, 0x40, 0x0, 0x7,
    0xf4, 0x7f, 0x40, 0x0, 0x7, 0xf4, 0x7f, 0x40,
    0x0, 0x7, 0xf4, 0x7f, 0x40, 0x0, 0x7, 0xf4,
    0x7f, 0x40, 0x0, 0x7, 0xf4, 0x7f, 0x40, 0x0,
    0x7, 0xf4, 0x7f, 0x40, 0x0, 0x7, 0xf4, 0x6f,
    0x60, 0x0, 0xa, 0xf4, 0x3f, 0xd0, 0x0, 0x3f,
    0xf4, 0xc, 0xfe, 0xab, 0xf9, 0xf4, 0x1, 0x9e,
    0xfc, 0x46, 0xf4,

    /* U+00FA "ú" */
    0x0, 0x0, 0x4, 0x82, 0x0, 0x0, 0x0, 0xe,
    0xd0, 0x0, 0x0, 0x0, 0x6f, 0x30, 0x0, 0x0,
    0x0, 0x55, 0x0, 0x0, 0x0, 0x0, 0x0, 0x0,
    0x0, 0x7f, 0x40, 0x0, 0x7, 0xf4, 0x7f, 0x40,
    0x0, 0x7, 0xf4, 0x7f, 0x40, 0x0, 0x7, 0xf4,
    0x7f, 0x40, 0x0, 0x7, 0xf4, 0x7f, 0x40, 0x0,
    0x7, 0xf4, 0x7f, 0x40, 0x0, 0x7, 0xf4, 0x7f,
    0x40, 0x0, 0x7, 0xf4, 0x6f, 0x60, 0x0, 0xa,
    0xf4, 0x3f, 0xd0, 0x0, 0x3f, 0xf4, 0xc, 0xfe,
    0xab, 0xf9, 0xf4, 0x1, 0x9e, 0xfc, 0x46, 0xf4,

    /* U+00FB "û" */
    0x0, 0x1, 0x77, 0x0, 0x0, 0x0, 0xb, 0xef,
    0x80, 0x0, 0x0, 0x8f, 0x36, 0xf4, 0x0, 0x0,
    0x75, 0x0, 0x76, 0x0, 0x0, 0x0, 0x0, 0x0,
    0x0, 0x7f, 0x40, 0x0, 0x7, 0xf4, 0x7f, 0x40,
    0x0, 0x7, 0xf4, 0x7f, 0x40, 0x0, 0x7, 0xf4,
    0x7f, 0x40, 0x0, 0x7, 0xf4, 0x7f, 0x40, 0x0,
    0x7, 0xf4, 0x7f, 0x40, 0x0, 0x7, 0xf4, 0x7f,
    0x40, 0x0, 0x7, 0xf4, 0x6f, 0x60, 0x0, 0xa,
    0xf4, 0x3f, 0xd0, 0x0, 0x3f, 0xf4, 0xc, 0xfe,
    0xab, 0xf9, 0xf4, 0x1, 0x9e, 0xfc, 0x46, 0xf4,

    /* U+00FC "ü" */
    0x1, 0xeb, 0x0, 0xdc, 0x0, 0x3, 0xfe, 0x1,
    0xff, 0x0, 0x0, 0x31, 0x0, 0x22, 0x0, 0x7f,
    0x40, 0x0, 0x7, 0xf4, 0x7f, 0x40, 0x0, 0x7,
    0xf4, 0x7f, 0x40, 0x0, 0x7, 0xf4, 0x7f, 0x40,
    0x0, 0x7, 0xf4, 0x7f, 0x40, 0x0, 0x7, 0xf4,
    0x7f, 0x40, 0x0, 0x7, 0xf4, 0x7f, 0x40, 0x0,
    0x7, 0xf4, 0x6f, 0x60, 0x0, 0xa, 0xf4, 0x3f,
    0xd0, 0x0, 0x3f, 0xf4, 0xc, 0xfe, 0xab, 0xf9,
    0xf4, 0x1, 0x9e, 0xfc, 0x46, 0xf4,

    /* U+00FD "ý" */
    0x0, 0x0, 0x0, 0x77, 0x0, 0x0, 0x0, 0x0,
    0x3f, 0x80, 0x0, 0x0, 0x0, 0xb, 0xe0, 0x0,
    0x0, 0x0, 0x0, 0x73, 0x0, 0x0, 0x0, 0x0,
    0x0, 0x0, 0x0, 0x4, 0xfa, 0x0, 0x0, 0x6,
    0xf8, 0xe, 0xf0, 0x0, 0x0, 0xbf, 0x20, 0x8f,
    0x50, 0x0, 0x1f, 0xc0, 0x2, 0xfb, 0x0, 0x7,
    0xf5, 0x0, 0xc, 0xf1, 0x0, 0xdf, 0x0, 0x0,
    0x5f, 0x60, 0x3f, 0x90, 0x0, 0x0, 0xfc, 0x8,
    0xf3, 0x0, 0x0, 0x9, 0xf1, 0xdd, 0x0, 0x0,
    0x0, 0x3f, 0x9f, 0x70, 0x0, 0x0, 0x0, 0xdf,
    0xf1, 0x0, 0x0, 0x0, 0x7, 0xfa, 0x0, 0x0,
    0x0, 0x0, 0x7f, 0x40, 0x0, 0x0, 0x0, 0xe,
    0xe0, 0x0, 0x0, 0x3, 0xad, 0xf6, 0x0, 0x0,
    0x0, 0x7f, 0xe6, 0x0, 0x0, 0x0,

    /* U+00FE "þ" */
    0x7f, 0x40, 0x0, 0x0, 0x0, 0x7, 0xf4, 0x0,
    0x0, 0x0, 0x0, 0x7f, 0x40, 0x0, 0x0, 0x0,
    0x7, 0xf4, 0x5d, 0xfe, 0x80, 0x0, 0x7f, 0x9f,
    0xb9, 0xdf, 0xd0, 0x7, 0xff, 0x40, 0x0, 0x8f,
    0x90, 0x7f, 0xa0, 0x0, 0x0, 0xee, 0x7, 0xf5,
    0x0, 0x0, 0xa, 0xf2, 0x7f, 0x40, 0x0, 0x0,
    0x9f, 0x37, 0xf6, 0x0, 0x0, 0xa, 0xf2, 0x7f,
    0xa0, 0x0, 0x0, 0xee, 0x7, 0xff, 0x40, 0x0,
    0x9f, 0x80, 0x7f, 0x9f, 0xb9, 0xdf, 0xd0, 0x7,
    0xf4, 0x5d, 0xfe, 0x91, 0x0, 0x7f, 0x40, 0x0,
    0x0, 0x0, 0x7, 0xf4, 0x0, 0x0, 0x0, 0x0,
    0x7f, 0x40, 0x0, 0x0, 0x0, 0x7, 0xf4, 0x0,
    0x0, 0x0, 0x0,

    /* U+00FF "ÿ" */
    0x0, 0x5f, 0x70, 0x3e, 0x80, 0x0, 0x7, 0xf9,
    0x5, 0xfb, 0x0, 0x0, 0x3, 0x0, 0x3, 0x10,
    0x4, 0xfa, 0x0, 0x0, 0x6, 0xf8, 0xe, 0xf0,
    0x0, 0x0, 0xbf, 0x20, 0x8f, 0x50, 0x0, 0x1f,
    0xc0, 0x2, 0xfb, 0x0, 0x7, 0xf5, 0x0, 0xc,
    0xf1, 0x0, 0xdf, 0x0, 0x0, 0x5f, 0x60, 0x3f,
    0x90, 0x0, 0x0, 0xfc, 0x8, 0xf3, 0x0, 0x0,
    0x9, 0xf1, 0xdd, 0x0, 0x0, 0x0, 0x3f, 0x9f,
    0x70, 0x0, 0x0, 0x0, 0xdf, 0xf1, 0x0, 0x0,
    0x0, 0x7, 0xfa, 0x0, 0x0, 0x0, 0x0, 0x7f,
    0x40, 0x0, 0x0, 0x0, 0xe, 0xe0, 0x0, 0x0,
    0x3, 0xad, 0xf6, 0x0, 0x0, 0x0, 0x7f, 0xe6,
    0x0, 0x0, 0x0,

    /* U+0102 "Ă" */
    0x0, 0x0, 0xb6, 0x0, 0x89, 0x0, 0x0, 0x0,
    0x0, 0x8e, 0x67, 0xf5, 0x0, 0x0, 0x0, 0x0,
    0x8, 0xdd, 0x60, 0x0, 0x0, 0x0, 0x0, 0x0,
    0x0, 0x0, 0x0, 0x0, 0x0, 0x0, 0x2, 0x88,
    0x0, 0x0, 0x0, 0x0, 0x0, 0x9, 0xff, 0x50,
    0x0, 0x0, 0x0, 0x0, 0xe, 0xbf, 0xb0, 0x0,
    0x0, 0x0, 0x0, 0x4f, 0x6a, 0xf1, 0x0, 0x0,
    0x0, 0x0, 0xaf, 0x15, 0xf6, 0x0, 0x0, 0x0,
    0x1, 0xfc, 0x1, 0xfc, 0x0, 0x0, 0x0, 0x6,
    0xf6, 0x0, 0xbf, 0x20, 0x0, 0x0, 0xc, 0xf1,
    0x0, 0x5f, 0x80, 0x0, 0x0, 0x2f, 0xb0, 0x0,
    0xf, 0xe0, 0x0, 0x0, 0x7f, 0xdb, 0xbb, 0xbe,
    0xf4, 0x0, 0x0, 0xdf, 0xff, 0xff, 0xff, 0xfa,
    0x0, 0x3, 0xfb, 0x0, 0x0, 0x0, 0xef, 0x0,
    0x9, 0xf5, 0x0, 0x0, 0x0, 0x8f, 0x60, 0xe,
    0xf0, 0x0, 0x0, 0x0, 0x3f, 0xb0, 0x4f, 0xa0,
    0x0, 0x0, 0x0, 0xd, 0xf1,

    /* U+0103 "ă" */
    0x0, 0x13, 0x0, 0x3, 0x0, 0x0, 0x4f, 0x20,
    0x3f, 0x20, 0x0, 0xb, 0xfb, 0xfa, 0x0, 0x0,
    0x0, 0x58, 0x50, 0x0, 0x0, 0x0, 0x0, 0x0,
    0x0, 0x0, 0x2a, 0xef, 0xfb, 0x20, 0x3, 0xff,
    0xb8, 0x9f, 0xf2, 0x7, 0xf5, 0x0, 0x5, 0xf8,
    0x0, 0x0, 0x0, 0x1, 0xfa, 0x0, 0x0, 0x35,
    0x7b, 0xfb, 0x1, 0xaf, 0xff, 0xfc, 0xfb, 0xc,
    0xfa, 0x41, 0x1, 0xfb, 0x1f, 0xc0, 0x0, 0x2,
    0xfb, 0xf, 0xc0, 0x0, 0x9, 0xfb, 0xb, 0xfa,
    0x55, 0xbd, 0xfb, 0x1, 0xbf, 0xff, 0xc2, 0xfb,
    0x0, 0x1, 0x32, 0x0, 0x0,

    /* U+0110 "Đ" */
    0x0, 0x88, 0x88, 0x87, 0x50, 0x0, 0x0, 0x0,
    0xff, 0xff, 0xff, 0xff, 0x80, 0x0, 0x0, 0xfe,
    0x11, 0x13, 0x6d, 0xfb, 0x0, 0x0, 0xfe, 0x0,
    0x0, 0x0, 0xbf, 0x70, 0x0, 0xfe, 0x0, 0x0,
    0x0, 0x1e, 0xe0, 0x0, 0xfe, 0x0, 0x0, 0x0,
    0xa, 0xf3, 0x0, 0xfe, 0x0, 0x0, 0x0, 0x6,
    0xf6, 0xcf, 0xff, 0xff, 0xfc, 0x0, 0x5, 0xf7,
    0x57, 0xfe, 0x77, 0x75, 0x0, 0x5, 0xf6, 0x0,
    0xfe, 0x0, 0x0, 0x0, 0x8, 0xf5, 0x0, 0xfe,
    0x0, 0x0, 0x0, 0xd, 0xf1, 0x0, 0xfe, 0x0,
    0x0, 0x0, 0x5f, 0xb0, 0x0, 0xfe, 0x0, 0x0,
    0x6, 0xff, 0x20, 0x0, 0xff, 0xaa, 0xab, 0xff,
    0xe3, 0x0, 0x0, 0xff, 0xff, 0xfe, 0xc7, 0x10,
    0x0,

    /* U+0111 "đ" */
    0x0, 0x0, 0x0, 0x0, 0x86, 0x0, 0x0, 0x0,
    0x16, 0x66, 0xfd, 0x61, 0x0, 0x0, 0x2f, 0xff,
    0xff, 0xf2, 0x0, 0x0, 0x0, 0x0, 0xfb, 0x0,
    0x0, 0x7e, 0xff, 0x91, 0xfb, 0x0, 0xa, 0xfd,
    0x99, 0xea, 0xfb, 0x0, 0x5f, 0xb0, 0x0, 0x1e,
    0xfb, 0x0, 0xbf, 0x20, 0x0, 0x6, 0xfb, 0x0,
    0xee, 0x0, 0x0, 0x2, 0xfb, 0x0, 0xfd, 0x0,
    0x0, 0x0, 0xfb, 0x0, 0xee, 0x0, 0x0, 0x1,
    0xfb, 0x0, 0xbf, 0x20, 0x0, 0x5, 0xfb, 0x0,
    0x6f, 0xa0, 0x0, 0xd, 0xfb, 0x0, 0xc, 0xfb,
    0x66, 0xdb, 0xfb, 0x0, 0x0, 0xaf, 0xff, 0xb0,
    0xfb, 0x0, 0x0, 0x1, 0x32, 0x0, 0x0, 0x0,

    /* U+01A0 "Ơ" */
    0x0, 0x0, 0x0, 0x0, 0x0, 0x5, 0x90, 0x0,
    0x0, 0x0, 0x0, 0x0, 0x9, 0xf0, 0x0, 0x0,
    0x59, 0xbb, 0x99, 0x8d, 0xf0, 0x0, 0x2d, 0xff,
    0xff, 0xff, 0xfd, 0x70, 0x2, 0xff, 0x82, 0x1,
    0x6e, 0xf6, 0x0, 0xc, 0xf5, 0x0, 0x0, 0x2,
    0xef, 0x20, 0x3f, 0xb0, 0x0, 0x0, 0x0, 0x6f,
    0x80, 0x8f, 0x50, 0x0, 0x0, 0x0, 0xf, 0xd0,
    0xbf, 0x10, 0x0, 0x0, 0x0, 0xd, 0xf0, 0xcf,
    0x0, 0x0, 0x0, 0x0, 0xb, 0xf1, 0xbf, 0x10,
    0x0, 0x0, 0x0, 0xc, 0xf0, 0xaf, 0x30, 0x0,
    0x0, 0x0, 0xe, 0xe0, 0x6f, 0x70, 0x0, 0x0,
    0x0, 0x3f, 0xa0, 0x1f, 0xe1, 0x0, 0x0, 0x0,
    0xbf, 0x50, 0x7, 0xfd, 0x20, 0x0, 0x9, 0xfb,
    0x0, 0x0, 0x9f, 0xfb, 0x9a, 0xef, 0xc1, 0x0,
    0x0, 0x5, 0xcf, 0xff, 0xe8, 0x0, 0x0, 0x0,
    0x0, 0x0, 0x21, 0x0, 0x0, 0x0,

    /* U+01A1 "ơ" */
    0x0, 0x0, 0x0, 0x0, 0x25, 0x10, 0x0, 0x0,
    0x0, 0x6, 0xf4, 0x0, 0x0, 0x0, 0x0, 0x6f,
    0x40, 0x6, 0xdf, 0xff, 0xff, 0xd1, 0x8, 0xfe,
    0x99, 0xef, 0xa0, 0x4, 0xfc, 0x0, 0x0, 0xcf,
    0x40, 0xaf, 0x30, 0x0, 0x3, 0xfa, 0xe, 0xe0,
    0x0, 0x0, 0xe, 0xd0, 0xfd, 0x0, 0x0, 0x0,
    0xdf, 0xe, 0xe0, 0x0, 0x0, 0xe, 0xe0, 0xbf,
    0x20, 0x0, 0x2, 0xfb, 0x5, 0xfa, 0x0, 0x0,
    0xaf, 0x50, 0xb, 0xfb, 0x66, 0xcf, 0xb0, 0x0,
    0x8, 0xff, 0xff, 0x80, 0x0, 0x0, 0x0, 0x22,
    0x0, 0x0, 0x0,

    /* U+01AF "Ư" */
    0x0, 0x0, 0x0, 0x0, 0x0, 0x0, 0x68, 0x0,
    0x0, 0x0, 0x0, 0x0, 0x0, 0xce, 0x28, 0x50,
    0x0, 0x0, 0x0, 0x68, 0xed, 0x3f, 0x90, 0x0,
    0x0, 0x0, 0xbf, 0xd5, 0x3f, 0x90, 0x0, 0x0,
    0x0, 0xbf, 0x20, 0x3f, 0x90, 0x0, 0x0, 0x0,
    0xbf, 0x20, 0x3f, 0x90, 0x0, 0x0, 0x0, 0xbf,
    0x20, 0x3f, 0x90, 0x0, 0x0, 0x0, 0xbf, 0x20,
    0x3f, 0x90, 0x0, 0x0, 0x0, 0xbf, 0x20, 0x3f,
    0x90, 0x0, 0x0, 0x0, 0xbf, 0x20, 0x3f, 0x90,
    0x0, 0x0, 0x0, 0xbf, 0x20, 0x3f, 0x90, 0x0,
    0x0, 0x0, 0xbf, 0x20, 0x2f, 0xa0, 0x0, 0x0,
    0x0, 0xcf, 0x10, 0xf, 0xe0, 0x0, 0x0, 0x1,
    0xfe, 0x0, 0x9, 0xfa, 0x0, 0x0, 0x1c, 0xf7,
    0x0, 0x0, 0xdf, 0xe9, 0x89, 0xef, 0xb0, 0x0,
    0x0, 0x8, 0xef, 0xff, 0xe7, 0x0, 0x0, 0x0,
    0x0, 0x2, 0x32, 0x0, 0x0, 0x0,

    /* U+01B0 "ư" */
    0x0, 0x0, 0x0, 0x0, 0x3, 0x50, 0x0, 0x0,
    0x0, 0x0, 0x9f, 0x0, 0x0, 0x0, 0x0, 0x9,
    0xf6, 0xe4, 0x0, 0x0, 0x7e, 0xfb, 0x7f, 0x40,
    0x0, 0x7, 0xf6, 0x7, 0xf4, 0x0, 0x0, 0x7f,
    0x40, 0x7f, 0x40, 0x0, 0x7, 0xf4, 0x7, 0xf4,
    0x0, 0x0, 0x7f, 0x40, 0x7f, 0x40, 0x0, 0x7,
    0xf4, 0x7, 0xf4, 0x0, 0x0, 0x7f, 0x40, 0x6f,
    0x60, 0x0, 0x9, 0xf4, 0x4, 0xfc, 0x0, 0x2,
    0xff, 0x40, 0xd, 0xfc, 0x89, 0xea, 0xf4, 0x0,
    0x2b, 0xff, 0xe5, 0x6f, 0x40, 0x0, 0x0, 0x10,
    0x0, 0x0, 0x0,

    /* U+1EA0 "Ạ" */
    0x0, 0x0, 0x2, 0x88, 0x0, 0x0, 0x0, 0x0,
    0x0, 0x9, 0xff, 0x50, 0x0, 0x0, 0x0, 0x0,
    0xe, 0xbf, 0xb0, 0x0, 0x0, 0x0, 0x0, 0x4f,
    0x6a, 0xf1, 0x0, 0x0, 0x0, 0x0, 0xaf, 0x15,
    0xf6, 0x0, 0x0, 0x0, 0x1, 0xfc, 0x1, 0xfc,
    0x0, 0x0, 0x0, 0x6, 0xf6, 0x0, 0xbf, 0x20,
    0x0, 0x0, 0xc, 0xf1, 0x0, 0x5f, 0x80, 0x0,
    0x0, 0x2f, 0xb0, 0x0, 0xf, 0xe0, 0x0, 0x0,
    0x7f, 0xdb, 0xbb, 0xbe, 0xf4, 0x0, 0x0, 0xdf,
    0xff, 0xff, 0xff, 0xfa, 0x0, 0x3, 0xfb, 0x0,
    0x0, 0x0, 0xef, 0x0, 0x9, 0xf5, 0x0, 0x0,
    0x0, 0x8f, 0x60, 0xe, 0xf0, 0x0, 0x0, 0x0,
    0x3f, 0xb0, 0x4f, 0xa0, 0x0, 0x0, 0x0, 0xd,
    0xf1, 0x0, 0x0, 0x0, 0x0, 0x0, 0x0, 0x0,
    0x0, 0x0, 0x0, 0x11, 0x0, 0x0, 0x0, 0x0,
    0x0, 0x2, 0xfe, 0x0, 0x0, 0x0, 0x0, 0x0,
    0x2, 0xfe, 0x0, 0x0, 0x0, 0x0, 0x0, 0x0,
    0x0, 0x0, 0x0, 0x0,

    /* U+1EA1 "ạ" */
    0x0, 0x0, 0x0, 0x0, 0x0, 0x0, 0x2a, 0xef,
    0xfb, 0x20, 0x3, 0xff, 0xb8, 0x9f, 0xf2, 0x7,
    0xf5, 0x0, 0x5, 0xf8, 0x0, 0x0, 0x0, 0x1,
    0xfa, 0x0, 0x0, 0x35, 0x7b, 0xfb, 0x1, 0xaf,
    0xff, 0xfc, 0xfb, 0xc, 0xfa, 0x41, 0x1, 0xfb,
    0x1f, 0xc0, 0x0, 0x2, 0xfb, 0xf, 0xc0, 0x0,
    0x9, 0xfb, 0xb, 0xfa, 0x55, 0xbd, 0xfb, 0x1,
    0xbf, 0xff, 0xc2, 0xfb, 0x0, 0x1, 0x32, 0x0,
    0x0, 0x0, 0x0, 0x2, 0x0, 0x0, 0x0, 0x0,
    0x9f, 0x80, 0x0, 0x0, 0x0, 0x8f, 0x70, 0x0,
    0x0, 0x0, 0x1, 0x0, 0x0,

    /* U+1EA2 "Ả" */
    0x0, 0x0, 0x9, 0xda, 0x0, 0x0, 0x0, 0x0,
    0x0, 0x3, 0x6f, 0x30, 0x0, 0x0, 0x0, 0x0,
    0x0, 0x9c, 0x0, 0x0, 0x0, 0x0, 0x0, 0x0,
    0x0, 0x0, 0x0, 0x0, 0x0, 0x0, 0x2, 0x88,
    0x0, 0x0, 0x0, 0x0, 0x0, 0x9, 0xff, 0x50,
    0x0, 0x0, 0x0, 0x0, 0xe, 0xbf, 0xb0, 0x0,
    0x0, 0x0, 0x0, 0x4f, 0x6a, 0xf1, 0x0, 0x0,
    0x0, 0x0, 0xaf, 0x15, 0xf6, 0x0, 0x0, 0x0,
    0x1, 0xfc, 0x1, 0xfc, 0x0, 0x0, 0x0, 0x6,
    0xf6, 0x0, 0xbf, 0x20, 0x0, 0x0, 0xc, 0xf1,
    0x0, 0x5f, 0x80, 0x0, 0x0, 0x2f, 0xb0, 0x0,
    0xf, 0xe0, 0x0, 0x0, 0x7f, 0xdb, 0xbb, 0xbe,
    0xf4, 0x0, 0x0, 0xdf, 0xff, 0xff, 0xff, 0xfa,
    0x0, 0x3, 0xfb, 0x0, 0x0, 0x0, 0xef, 0x0,
    0x9, 0xf5, 0x0, 0x0, 0x0, 0x8f, 0x60, 0xe,
    0xf0, 0x0, 0x0, 0x0, 0x3f, 0xb0, 0x4f, 0xa0,
    0x0, 0x0, 0x0, 0xd, 0xf1,

    /* U+1EA3 "ả" */
    0x0, 0x0, 0x32, 0x0, 0x0, 0x0, 0x2, 0xff,
    0xa0, 0x0, 0x0, 0x0, 0xb, 0xa0, 0x0, 0x0,
    0x0, 0x1a, 0x20, 0x0, 0x0, 0x0, 0x0, 0x0,
    0x0, 0x0, 0x2a, 0xef, 0xfb, 0x20, 0x3, 0xff,
    0xb8, 0x9f, 0xf2, 0x7, 0xf5, 0x0, 0x5, 0xf8,
    0x0, 0x0, 0x0, 0x1, 0xfa, 0x0, 0x0, 0x35,
    0x7b, 0xfb, 0x1, 0xaf, 0xff, 0xfc, 0xfb, 0xc,
    0xfa, 0x41, 0x1, 0xfb, 0x1f, 0xc0, 0x0, 0x2,
    0xfb, 0xf, 0xc0, 0x0, 0x9, 0xfb, 0xb, 0xfa,
    0x55, 0xbd, 0xfb, 0x1, 0xbf, 0xff, 0xc2, 0xfb,
    0x0, 0x1, 0x32, 0x0, 0x0,

    /* U+1EA4 "Ấ" */
    0x0, 0x0, 0x0, 0x0, 0x0, 0x10, 0x0, 0x0,
    0x0, 0x0, 0x0, 0xa, 0xf3, 0x0, 0x0, 0x0,
    0x0, 0x0, 0x2f, 0x70, 0x0, 0x0, 0x0, 0x0,
    0x0, 0x58, 0x0, 0x0, 0x0, 0x0, 0x1, 0x98,
    0x0, 0x0, 0x0, 0x0, 0x0, 0xc, 0xde, 0xb0,
    0x0, 0x0, 0x0, 0x0, 0xbe, 0x23, 0xf9, 0x0,
    0x0, 0x0, 0x0, 0x21, 0x0, 0x12, 0x0, 0x0,
    0x0, 0x0, 0x2, 0x88, 0x0, 0x0, 0x0, 0x0,
    0x0, 0x9, 0xff, 0x50, 0x0, 0x0, 0x0, 0x0,
    0xe, 0xbf, 0xb0, 0x0, 0x0, 0x0, 0x0, 0x4f,
    0x6a, 0xf1, 0x0, 0x0, 0x0, 0x0, 0xaf, 0x15,
    0xf6, 0x0, 0x0, 0x0, 0x1, 0xfc, 0x1, 0xfc,
    0x0, 0x0, 0x0, 0x6, 0xf6, 0x0, 0xbf, 0x20,
    0x0, 0x0, 0xc, 0xf1, 0x0, 0x5f, 0x80, 0x0,
    0x0, 0x2f, 0xb0, 0x0, 0xf, 0xe0, 0x0, 0x0,
    0x7f, 0xdb, 0xbb, 0xbe, 0xf4, 0x0, 0x0, 0xdf,
    0xff, 0xff, 0xff, 0xfa, 0x0, 0x3, 0xfb, 0x0,
    0x0, 0x0, 0xef, 0x0, 0x9, 0xf5, 0x0, 0x0,
    0x0, 0x8f, 0x60, 0xe, 0xf0, 0x0, 0x0, 0x0,
    0x3f, 0xb0, 0x4f, 0xa0, 0x0, 0x0, 0x0, 0xd,
    0xf1,

    /* U+1EA5 "ấ" */
    0x0, 0x0, 0x0, 0x0, 0x67, 0x0, 0x0, 0x0,
    0x0, 0x4f, 0x70, 0x0, 0x0, 0x0, 0xc, 0xc0,
    0x0, 0x0, 0x0, 0x0, 0x31, 0x0, 0x0, 0x0,
    0xaf, 0xb0, 0x0, 0x0, 0x0, 0x9f, 0x5f, 0x90,
    0x0, 0x0, 0x4c, 0x50, 0x4c, 0x40, 0x0, 0x0,
    0x0, 0x0, 0x0, 0x0, 0x0, 0x2a, 0xef, 0xfb,
    0x20, 0x0, 0x3f, 0xfb, 0x89, 0xff, 0x20, 0x7,
    0xf5, 0x0, 0x5, 0xf8, 0x0, 0x0, 0x0, 0x0,
    0x1f, 0xa0, 0x0, 0x0, 0x35, 0x7b, 0xfb, 0x0,
    0x1a, 0xff, 0xff, 0xcf, 0xb0, 0xc, 0xfa, 0x41,
    0x1, 0xfb, 0x1, 0xfc, 0x0, 0x0, 0x2f, 0xb0,
    0xf, 0xc0, 0x0, 0x9, 0xfb, 0x0, 0xbf, 0xa5,
    0x5b, 0xdf, 0xb0, 0x1, 0xbf, 0xff, 0xc2, 0xfb,
    0x0, 0x0, 0x13, 0x20, 0x0, 0x0,

    /* U+1EA6 "Ầ" */
    0x0, 0x0, 0x0, 0x1, 0x10, 0x0, 0x0, 0x0,
    0x0, 0x0, 0xb, 0xf2, 0x0, 0x0, 0x0, 0x0,
    0x0, 0x1, 0xea, 0x0, 0x0, 0x0, 0x0, 0x0,
    0x0, 0x49, 0x0, 0x0, 0x0, 0x0, 0x1, 0x98,
    0x0, 0x0, 0x0, 0x0, 0x0, 0xc, 0xde, 0xb0,
    0x0, 0x0, 0x0, 0x0, 0xbe, 0x23, 0xf9, 0x0,
    0x0, 0x0, 0x0, 0x21, 0x0, 0x12, 0x0, 0x0,
    0x0, 0x0, 0x2, 0x88, 0x0, 0x0, 0x0, 0x0,
    0x0, 0x9, 0xff, 0x50, 0x0, 0x0, 0x0, 0x0,
    0xe, 0xbf, 0xb0, 0x0, 0x0, 0x0, 0x0, 0x4f,
    0x6a, 0xf1, 0x0, 0x0, 0x0, 0x0, 0xaf, 0x15,
    0xf6, 0x0, 0x0, 0x0, 0x1, 0xfc, 0x1, 0xfc,
    0x0, 0x0, 0x0, 0x6, 0xf6, 0x0, 0xbf, 0x20,
    0x0, 0x0, 0xc, 0xf1, 0x0, 0x5f, 0x80, 0x0,
    0x0, 0x2f, 0xb0, 0x0, 0xf, 0xe0, 0x0, 0x0,
    0x7f, 0xdb, 0xbb, 0xbe, 0xf4, 0x0, 0x0, 0xdf,
    0xff, 0xff, 0xff, 0xfa, 0x0, 0x3, 0xfb, 0x0,
    0x0, 0x0, 0xef, 0x0, 0x9, 0xf5, 0x0, 0x0,
    0x0, 0x8f, 0x60, 0xe, 0xf0, 0x0, 0x0, 0x0,
    0x3f, 0xb0, 0x4f, 0xa0, 0x0, 0x0, 0x0, 0xd,
    0xf1,

    /* U+1EA7 "ầ" */
    0x0, 0x0, 0x3, 0x73, 0x0, 0x0, 0x0, 0x0,
    0xdd, 0x0, 0x0, 0x0, 0x0, 0x3f, 0x60, 0x0,
    0x0, 0x0, 0x2, 0x20, 0x0, 0x0, 0xaf, 0xb0,
    0x0, 0x0, 0x9, 0xf5, 0xf9, 0x0, 0x0, 0x4c,
    0x50, 0x4c, 0x40, 0x0, 0x0, 0x0, 0x0, 0x0,
    0x0, 0x2a, 0xef, 0xfb, 0x20, 0x3, 0xff, 0xb8,
    0x9f, 0xf2, 0x7, 0xf5, 0x0, 0x5, 0xf8, 0x0,
    0x0, 0x0, 0x1, 0xfa, 0x0, 0x0, 0x35, 0x7b,
    0xfb, 0x1, 0xaf, 0xff, 0xfc, 0xfb, 0xc, 0xfa,
    0x41, 0x1, 0xfb, 0x1f, 0xc0, 0x0, 0x2, 0xfb,
    0xf, 0xc0, 0x0, 0x9, 0xfb, 0xb, 0xfa, 0x55,
    0xbd, 0xfb, 0x1, 0xbf, 0xff, 0xc2, 0xfb, 0x0,
    0x1, 0x32, 0x0, 0x0,

    /* U+1EA8 "Ẩ" */
    0x0, 0x0, 0x0, 0x1, 0x10, 0x0, 0x0, 0x0,
    0x0, 0x0, 0xb, 0xfe, 0x20, 0x0, 0x0, 0x0,
    0x0, 0x0, 0x4f, 0x30, 0x0, 0x0, 0x0, 0x0,
    0x0, 0x57, 0x0, 0x0, 0x0, 0x0, 0x1, 0x98,
    0x0, 0x0, 0x0, 0x0, 0x0, 0xc, 0xde, 0xb0,
    0x0, 0x0, 0x0, 0x0, 0xbe, 0x23, 0xf9, 0x0,
    0x0, 0x0, 0x0, 0x21, 0x0, 0x12, 0x0, 0x0,
    0x0, 0x0, 0x2, 0x88, 0x0, 0x0, 0x0, 0x0,
    0x0, 0x9, 0xff, 0x50, 0x0, 0x0, 0x0, 0x0,
    0xe, 0xbf, 0xb0, 0x0, 0x0, 0x0, 0x0, 0x4f,
    0x6a, 0xf1, 0x0, 0x0, 0x0, 0x0, 0xaf, 0x15,
    0xf6, 0x0, 0x0, 0x0, 0x1, 0xfc, 0x1, 0xfc,
    0x0, 0x0, 0x0, 0x6, 0xf6, 0x0, 0xbf, 0x20,
    0x0, 0x0, 0xc, 0xf1, 0x0, 0x5f, 0x80, 0x0,
    0x0, 0x2f, 0xb0, 0x0, 0xf, 0xe0, 0x0, 0x0,
    0x7f, 0xdb, 0xbb, 0xbe, 0xf4, 0x0, 0x0, 0xdf,
    0xff, 0xff, 0xff, 0xfa, 0x0, 0x3, 0xfb, 0x0,
    0x0, 0x0, 0xef, 0x0, 0x9, 0xf5, 0x0, 0x0,
    0x0, 0x8f, 0x60, 0xe, 0xf0, 0x0, 0x0, 0x0,
    0x3f, 0xb0, 0x4f, 0xa0, 0x0, 0x0, 0x0, 0xd,
    0xf1,

    /* U+1EA9 "ẩ" */
    0x0, 0x0, 0x1, 0x76, 0x20, 0x0, 0x0, 0x1,
    0xbe, 0xd0, 0x0, 0x0, 0x0, 0xd, 0x90, 0x0,
    0x0, 0x0, 0x3, 0x0, 0x0, 0x0, 0xaf, 0xb0,
    0x0, 0x0, 0x9, 0xf5, 0xf9, 0x0, 0x0, 0x4c,
    0x50, 0x4c, 0x40, 0x0, 0x0, 0x0, 0x0, 0x0,
    0x0, 0x2a, 0xef, 0xfb, 0x20, 0x3, 0xff, 0xb8,
    0x9f, 0xf2, 0x7, 0xf5, 0x0, 0x5, 0xf8, 0x0,
    0x0, 0x0, 0x1, 0xfa, 0x0, 0x0, 0x35, 0x7b,
    0xfb, 0x1, 0xaf, 0xff, 0xfc, 0xfb, 0xc, 0xfa,
    0x41, 0x1, 0xfb, 0x1f, 0xc0, 0x0, 0x2, 0xfb,
    0xf, 0xc0, 0x0, 0x9, 0xfb, 0xb, 0xfa, 0x55,
    0xbd, 0xfb, 0x1, 0xbf, 0xff, 0xc2, 0xfb, 0x0,
    0x1, 0x32, 0x0, 0x0,

    /* U+1EAA "Ẫ" */
    0x0, 0x0, 0x3b, 0x81, 0x68, 0x0, 0x0, 0x0,
    0x0, 0xbc, 0xcf, 0xf7, 0x0, 0x0, 0x0, 0x0,
    0x31, 0x2, 0x40, 0x0, 0x0, 0x0, 0x0, 0x1,
    0x98, 0x0, 0x0, 0x0, 0x0, 0x0, 0xc, 0xde,
    0xb0, 0x0, 0x0, 0x0, 0x0, 0xbe, 0x23, 0xf9,
    0x0, 0x0, 0x0, 0x0, 0x21, 0x0, 0x12, 0x0,
    0x0, 0x0, 0x0, 0x2, 0x88, 0x0, 0x0, 0x0,
    0x0, 0x0, 0x9, 0xff, 0x50, 0x0, 0x0, 0x0,
    0x0, 0xe, 0xbf, 0xb0, 0x0, 0x0, 0x0, 0x0,
    0x4f, 0x6a, 0xf1, 0x0, 0x0, 0x0, 0x0, 0xaf,
    0x15, 0xf6, 0x0, 0x0, 0x0, 0x1, 0xfc, 0x1,
    0xfc, 0x0, 0x0, 0x0, 0x6, 0xf6, 0x0, 0xbf,
    0x20, 0x0, 0x0, 0xc, 0xf1, 0x0, 0x5f, 0x80,
    0x0, 0x0, 0x2f, 0xb0, 0x0, 0xf, 0xe0, 0x0,
    0x0, 0x7f, 0xdb, 0xbb, 0xbe, 0xf4, 0x0, 0x0,
    0xdf, 0xff, 0xff, 0xff, 0xfa, 0x0, 0x3, 0xfb,
    0x0, 0x0, 0x0, 0xef, 0x0, 0x9, 0xf5, 0x0,
    0x0, 0x0, 0x8f, 0x60, 0xe, 0xf0, 0x0, 0x0,
    0x0, 0x3f, 0xb0, 0x4f, 0xa0, 0x0, 0x0, 0x0,
    0xd, 0xf1,

    /* U+1EAB "ẫ" */
    0x0, 0x0, 0x0, 0x1, 0x0, 0x0, 0xd, 0xfb,
    0x5f, 0x30, 0x0, 0x4e, 0x49, 0xeb, 0x0, 0x0,
    0x0, 0x0, 0x0, 0x0, 0x0, 0x0, 0xaf, 0xb0,
    0x0, 0x0, 0x9, 0xf5, 0xf9, 0x0, 0x0, 0x4c,
    0x50, 0x4c, 0x40, 0x0, 0x0, 0x0, 0x0, 0x0,
    0x0, 0x2a, 0xef, 0xfb, 0x20, 0x3, 0xff, 0xb8,
    0x9f, 0xf2, 0x7, 0xf5, 0x0, 0x5, 0xf8, 0x0,
    0x0, 0x0, 0x1, 0xfa, 0x0, 0x0, 0x35, 0x7b,
    0xfb, 0x1, 0xaf, 0xff, 0xfc, 0xfb, 0xc, 0xfa,
    0x41, 0x1, 0xfb, 0x1f, 0xc0, 0x0, 0x2, 0xfb,
    0xf, 0xc0, 0x0, 0x9, 0xfb, 0xb, 0xfa, 0x55,
    0xbd, 0xfb, 0x1, 0xbf, 0xff, 0xc2, 0xfb, 0x0,
    0x1, 0x32, 0x0, 0x0,

    /* U+1EAC "Ậ" */
    0x0, 0x0, 0x4, 0xdc, 0x10, 0x0, 0x0, 0x0,
    0x0, 0x2f, 0x9c, 0xd1, 0x0, 0x0, 0x0, 0x0,
    0xba, 0x1, 0xc9, 0x0, 0x0, 0x0, 0x0, 0x0,
    0x0, 0x0, 0x0, 0x0, 0x0, 0x0, 0x2, 0x88,
    0x0, 0x0, 0x0, 0x0, 0x0, 0x9, 0xff, 0x50,
    0x0, 0x0, 0x0, 0x0, 0xe, 0xbf, 0xb0, 0x0,
    0x0, 0x0, 0x0, 0x4f, 0x6a, 0xf1, 0x0, 0x0,
    0x0, 0x0, 0xaf, 0x15, 0xf6, 0x0, 0x0, 0x0,
    0x1, 0xfc, 0x1, 0xfc, 0x0, 0x0, 0x0, 0x6,
    0xf6, 0x0, 0xbf, 0x20, 0x0, 0x0, 0xc, 0xf1,
    0x0, 0x5f, 0x80, 0x0, 0x0, 0x2f, 0xb0, 0x0,
    0xf, 0xe0, 0x0, 0x0, 0x7f, 0xdb, 0xbb, 0xbe,
    0xf4, 0x0, 0x0, 0xdf, 0xff, 0xff, 0xff, 0xfa,
    0x0, 0x3, 0xfb, 0x0, 0x0, 0x0, 0xef, 0x0,
    0x9, 0xf5, 0x0, 0x0, 0x0, 0x8f, 0x60, 0xe,
    0xf0, 0x0, 0x0, 0x0, 0x3f, 0xb0, 0x4f, 0xa0,
    0x0, 0x0, 0x0, 0xd, 0xf1, 0x0, 0x0, 0x0,
    0x0, 0x0, 0x0, 0x0, 0x0, 0x0, 0x0, 0x11,
    0x0, 0x0, 0x0, 0x0, 0x0, 0x2, 0xfe, 0x0,
    0x0, 0x0, 0x0, 0x0, 0x2, 0xfe, 0x0, 0x0,
    0x0, 0x0, 0x0, 0x0, 0x0, 0x0, 0x0, 0x0,

    /* U+1EAD "ậ" */
    0x0, 0x0, 0x13, 0x10, 0x0, 0x0, 0x1, 0xef,
    0xd1, 0x0, 0x0, 0x1d, 0xc1, 0xec, 0x0, 0x0,
    0x47, 0x10, 0x27, 0x30, 0x0, 0x0, 0x0, 0x0,
    0x0, 0x0, 0x2a, 0xef, 0xfb, 0x20, 0x3, 0xff,
    0xb8, 0x9f, 0xf2, 0x7, 0xf5, 0x0, 0x5, 0xf8,
    0x0, 0x0, 0x0, 0x1, 0xfa, 0x0, 0x0, 0x35,
    0x7b, 0xfb, 0x1, 0xaf, 0xff, 0xfc, 0xfb, 0xc,
    0xfa, 0x41, 0x1, 0xfb, 0x1f, 0xc0, 0x0, 0x2,
    0xfb, 0xf, 0xc0, 0x0, 0x9, 0xfb, 0xb, 0xfa,
    0x55, 0xbd, 0xfb, 0x1, 0xbf, 0xff, 0xc2, 0xfb,
    0x0, 0x1, 0x32, 0x0, 0x0, 0x0, 0x0, 0x2,
    0x0, 0x0, 0x0, 0x0, 0x9f, 0x80, 0x0, 0x0,
    0x0, 0x8f, 0x70, 0x0, 0x0, 0x0, 0x1, 0x0,
    0x0,

    /* U+1EAE "Ắ" */
    0x0, 0x0, 0x0, 0x0, 0x10, 0x0, 0x0, 0x0,
    0x0, 0x0, 0xb, 0xf2, 0x0, 0x0, 0x0, 0x0,
    0x0, 0x3f, 0x60, 0x0, 0x0, 0x0, 0x0, 0x0,
    0x68, 0x0, 0x0, 0x0, 0x0, 0x0, 0x74, 0x0,
    0x56, 0x0, 0x0, 0x0, 0x0, 0xad, 0x23, 0xe8,
    0x0, 0x0, 0x0, 0x0, 0xb, 0xff, 0xb0, 0x0,
    0x0, 0x0, 0x0, 0x0, 0x21, 0x0, 0x0, 0x0,
    0x0, 0x0, 0x2, 0x88, 0x0, 0x0, 0x0, 0x0,
    0x0, 0x9, 0xff, 0x50, 0x0, 0x0, 0x0, 0x0,
    0xe, 0xbf, 0xb0, 0x0, 0x0, 0x0, 0x0, 0x4f,
    0x6a, 0xf1, 0x0, 0x0, 0x0, 0x0, 0xaf, 0x15,
    0xf6, 0x0, 0x0, 0x0, 0x1, 0xfc, 0x1, 0xfc,
    0x0, 0x0, 0x0, 0x6, 0xf6, 0x0, 0xbf, 0x20,
    0x0, 0x0, 0xc, 0xf1, 0x0, 0x5f, 0x80, 0x0,
    0x0, 0x2f, 0xb0, 0x0, 0xf, 0xe0, 0x0, 0x0,
    0x7f, 0xdb, 0xbb, 0xbe, 0xf4, 0x0, 0x0, 0xdf,
    0xff, 0xff, 0xff, 0xfa, 0x0, 0x3, 0xfb, 0x0,
    0x0, 0x0, 0xef, 0x0, 0x9, 0xf5, 0x0, 0x0,
    0x0, 0x8f, 0x60, 0xe, 0xf0, 0x0, 0x0, 0x0,
    0x3f, 0xb0, 0x4f, 0xa0, 0x0, 0x0, 0x0, 0xd,
    0xf1,

    /* U+1EAF "ắ" */
    0x0, 0x0, 0x0, 0x76, 0x0, 0x0, 0x0, 0x5,
    0xf6, 0x0, 0x0, 0x0, 0xd, 0xb0, 0x0, 0x0,
    0x0, 0x3, 0x10, 0x0, 0x0, 0x3e, 0x10, 0x1e,
    0x30, 0x0, 0xd, 0xc7, 0xcd, 0x0, 0x0, 0x1,
    0xac, 0x91, 0x0, 0x0, 0x0, 0x0, 0x0, 0x0,
    0x0, 0x2a, 0xef, 0xfb, 0x20, 0x3, 0xff, 0xb8,
    0x9f, 0xf2, 0x7, 0xf5, 0x0, 0x5, 0xf8, 0x0,
    0x0, 0x0, 0x1, 0xfa, 0x0, 0x0, 0x35, 0x7b,
    0xfb, 0x1, 0xaf, 0xff, 0xfc, 0xfb, 0xc, 0xfa,
    0x41, 0x1, 0xfb, 0x1f, 0xc0, 0x0, 0x2, 0xfb,
    0xf, 0xc0, 0x0, 0x9, 0xfb, 0xb, 0xfa, 0x55,
    0xbd, 0xfb, 0x1, 0xbf, 0xff, 0xc2, 0xfb, 0x0,
    0x1, 0x32, 0x0, 0x0,

    /* U+1EB0 "Ằ" */
    0x0, 0x0, 0x11, 0x0, 0x0, 0x0, 0x0, 0x0,
    0x0, 0x5f, 0x80, 0x0, 0x0, 0x0, 0x0, 0x0,
    0xa, 0xf1, 0x0, 0x0, 0x0, 0x0, 0x0, 0x0,
    0x94, 0x0, 0x0, 0x0, 0x0, 0x0, 0x83, 0x0,
    0x65, 0x0, 0x0, 0x0, 0x0, 0xbc, 0x23, 0xe6,
    0x0, 0x0, 0x0, 0x0, 0x2d, 0xff, 0xa0, 0x0,
    0x0, 0x0, 0x0, 0x0, 0x21, 0x0, 0x0, 0x0,
    0x0, 0x0, 0x2, 0x88, 0x0, 0x0, 0x0, 0x0,
    0x0, 0x9, 0xff, 0x50, 0x0, 0x0, 0x0, 0x0,
    0xe, 0xbf, 0xb0, 0x0, 0x0, 0x0, 0x0, 0x4f,
    0x6a, 0xf1, 0x0, 0x0, 0x0, 0x0, 0xaf, 0x15,
    0xf6, 0x0, 0x0, 0x0, 0x1, 0xfc, 0x1, 0xfc,
    0x0, 0x0, 0x0, 0x6, 0xf6, 0x0, 0xbf, 0x20,
    0x0, 0x0, 0xc, 0xf1, 0x0, 0x5f, 0x80, 0x0,
    0x0, 0x2f, 0xb0, 0x0, 0xf, 0xe0, 0x0, 0x0,
    0x7f, 0xdb, 0xbb, 0xbe, 0xf4, 0x0, 0x0, 0xdf,
    0xff, 0xff, 0xff, 0xfa, 0x0, 0x3, 0xfb, 0x0,
    0x0, 0x0, 0xef, 0x0, 0x9, 0xf5, 0x0, 0x0,
    0x0, 0x8f, 0x60, 0xe, 0xf0, 0x0, 0x0, 0x0,
    0x3f, 0xb0, 0x4f, 0xa0, 0x0, 0x0, 0x0, 0xd,
    0xf1,

    /* U+1EB1 "ằ" */
    0x0, 0x7, 0x60, 0x0, 0x0, 0x0, 0x8, 0xf4,
    0x0, 0x0, 0x0, 0x0, 0xcc, 0x0, 0x0, 0x0,
    0x0, 0x13, 0x0, 0x0, 0x0, 0x5e, 0x0, 0x2f,
    0x20, 0x0, 0x1e, 0xb7, 0xdc, 0x0, 0x0, 0x1,
    0xac, 0x91, 0x0, 0x0, 0x0, 0x0, 0x0, 0x0,
    0x0, 0x2a, 0xef, 0xfb, 0x20, 0x3, 0xff, 0xb8,
    0x9f, 0xf2, 0x7, 0xf5, 0x0, 0x5, 0xf8, 0x0,
    0x0, 0x0, 0x1, 0xfa, 0x0, 0x0, 0x35, 0x7b,
    0xfb, 0x1, 0xaf, 0xff, 0xfc, 0xfb, 0xc, 0xfa,
    0x41, 0x1, 0xfb, 0x1f, 0xc0, 0x0, 0x2, 0xfb,
    0xf, 0xc0, 0x0, 0x9, 0xfb, 0xb, 0xfa, 0x55,
    0xbd, 0xfb, 0x1, 0xbf, 0xff, 0xc2, 0xfb, 0x0,
    0x1, 0x32, 0x0, 0x0,

    /* U+1EB2 "Ẳ" */
    0x0, 0x0, 0x1, 0x10, 0x0, 0x0, 0x0, 0x0,
    0x0, 0xa, 0xff, 0x30, 0x0, 0x0, 0x0, 0x0,
    0x0, 0x3f, 0x40, 0x0, 0x0, 0x0, 0x0, 0x0,
    0x57, 0x0, 0x0, 0x0, 0x0, 0x0, 0x74, 0x0,
    0x56, 0x0, 0x0, 0x0, 0x0, 0xad, 0x23, 0xe8,
    0x0, 0x0, 0x0, 0x0, 0xb, 0xff, 0xb0, 0x0,
    0x0, 0x0, 0x0, 0x0, 0x21, 0x0, 0x0, 0x0,
    0x0, 0x0, 0x2, 0x88, 0x0, 0x0, 0x0, 0x0,
    0x0, 0x9, 0xff, 0x50, 0x0, 0x0, 0x0, 0x0,
    0xe, 0xbf, 0xb0, 0x0, 0x0, 0x0, 0x0, 0x4f,
    0x6a, 0xf1, 0x0, 0x0, 0x0, 0x0, 0xaf, 0x15,
    0xf6, 0x0, 0x0, 0x0, 0x1, 0xfc, 0x1, 0xfc,
    0x0, 0x0, 0x0, 0x6, 0xf6, 0x0, 0xbf, 0x20,
    0x0, 0x0, 0xc, 0xf1, 0x0, 0x5f, 0x80, 0x0,
    0x0, 0x2f, 0xb0, 0x0, 0xf, 0xe0, 0x0, 0x0,
    0x7f, 0xdb, 0xbb, 0xbe, 0xf4, 0x0, 0x0, 0xdf,
    0xff, 0xff, 0xff, 0xfa, 0x0, 0x3, 0xfb, 0x0,
    0x0, 0x0, 0xef, 0x0, 0x9, 0xf5, 0x0, 0x0,
    0x0, 0x8f, 0x60, 0xe, 0xf0, 0x0, 0x0, 0x0,
    0x3f, 0xb0, 0x4f, 0xa0, 0x0, 0x0, 0x0, 0xd,
    0xf1,

    /* U+1EB3 "ẳ" */
    0x0, 0x0, 0x77, 0x20, 0x0, 0x0, 0x1, 0xbd,
    0xe0, 0x0, 0x0, 0x0, 0xc, 0xa0, 0x0, 0x0,
    0x0, 0x3, 0x0, 0x0, 0x0, 0x3e, 0x10, 0x1e,
    0x30, 0x0, 0xd, 0xc7, 0xcd, 0x0, 0x0, 0x1,
    0xac, 0x91, 0x0, 0x0, 0x0, 0x0, 0x0, 0x0,
    0x0, 0x2a, 0xef, 0xfb, 0x20, 0x3, 0xff, 0xb8,
    0x9f, 0xf2, 0x7, 0xf5, 0x0, 0x5, 0xf8, 0x0,
    0x0, 0x0, 0x1, 0xfa, 0x0, 0x0, 0x35, 0x7b,
    0xfb, 0x1, 0xaf, 0xff, 0xfc, 0xfb, 0xc, 0xfa,
    0x41, 0x1, 0xfb, 0x1f, 0xc0, 0x0, 0x2, 0xfb,
    0xf, 0xc0, 0x0, 0x9, 0xfb, 0xb, 0xfa, 0x55,
    0xbd, 0xfb, 0x1, 0xbf, 0xff, 0xc2, 0xfb, 0x0,
    0x1, 0x32, 0x0, 0x0,

    /* U+1EB4 "Ẵ" */
    0x0, 0x0, 0x2a, 0x81, 0x58, 0x0, 0x0, 0x0,
    0x0, 0xbc, 0xbf, 0xf8, 0x0, 0x0, 0x0, 0x0,
    0x31, 0x2, 0x40, 0x0, 0x0, 0x0, 0x0, 0x73,
    0x0, 0x55, 0x0, 0x0, 0x0, 0x0, 0xac, 0x23,
    0xe6, 0x0, 0x0, 0x0, 0x0, 0xc, 0xff, 0xa0,
    0x0, 0x0, 0x0, 0x0, 0x0, 0x11, 0x0, 0x0,
    0x0, 0x0, 0x0, 0x2, 0x88, 0x0, 0x0, 0x0,
    0x0, 0x0, 0x9, 0xff, 0x50, 0x0, 0x0, 0x0,
    0x0, 0xe, 0xbf, 0xb0, 0x0, 0x0, 0x0, 0x0,
    0x4f, 0x6a, 0xf1, 0x0, 0x0, 0x0, 0x0, 0xaf,
    0x15, 0xf6, 0x0, 0x0, 0x0, 0x1, 0xfc, 0x1,
    0xfc, 0x0, 0x0, 0x0, 0x6, 0xf6, 0x0, 0xbf,
    0x20, 0x0, 0x0, 0xc, 0xf1, 0x0, 0x5f, 0x80,
    0x0, 0x0, 0x2f, 0xb0, 0x0, 0xf, 0xe0, 0x0,
    0x0, 0x7f, 0xdb, 0xbb, 0xbe, 0xf4, 0x0, 0x0,
    0xdf, 0xff, 0xff, 0xff, 0xfa, 0x0, 0x3, 0xfb,
    0x0, 0x0, 0x0, 0xef, 0x0, 0x9, 0xf5, 0x0,
    0x0, 0x0, 0x8f, 0x60, 0xe, 0xf0, 0x0, 0x0,
    0x0, 0x3f, 0xb0, 0x4f, 0xa0, 0x0, 0x0, 0x0,
    0xd, 0xf1,

    /* U+1EB5 "ẵ" */
    0x0, 0x0, 0x0, 0x0, 0x0, 0x0, 0xc, 0xfb,
    0x5f, 0x40, 0x0, 0x3e, 0x49, 0xeb, 0x0, 0x0,
    0x0, 0x0, 0x0, 0x0, 0x0, 0x3e, 0x0, 0x1f,
    0x20, 0x0, 0xd, 0xb7, 0xcb, 0x0, 0x0, 0x1,
    0x9c, 0x90, 0x0, 0x0, 0x0, 0x0, 0x0, 0x0,
    0x0, 0x2a, 0xef, 0xfb, 0x20, 0x3, 0xff, 0xb8,
    0x9f, 0xf2, 0x7, 0xf5, 0x0, 0x5, 0xf8, 0x0,
    0x0, 0x0, 0x1, 0xfa, 0x0, 0x0, 0x35, 0x7b,
    0xfb, 0x1, 0xaf, 0xff, 0xfc, 0xfb, 0xc, 0xfa,
    0x41, 0x1, 0xfb, 0x1f, 0xc0, 0x0, 0x2, 0xfb,
    0xf, 0xc0, 0x0, 0x9, 0xfb, 0xb, 0xfa, 0x55,
    0xbd, 0xfb, 0x1, 0xbf, 0xff, 0xc2, 0xfb, 0x0,
    0x1, 0x32, 0x0, 0x0,

    /* U+1EB6 "Ặ" */
    0x0, 0x0, 0xb6, 0x0, 0x89, 0x0, 0x0, 0x0,
    0x0, 0x8e, 0x67, 0xf5, 0x0, 0x0, 0x0, 0x0,
    0x8, 0xdd, 0x60, 0x0, 0x0, 0x0, 0x0, 0x0,
    0x0, 0x0, 0x0, 0x0, 0x0, 0x0, 0x2, 0x88,
    0x0, 0x0, 0x0, 0x0, 0x0, 0x9, 0xff, 0x50,
    0x0, 0x0, 0x0, 0x0, 0xe, 0xbf, 0xb0, 0x0,
    0x0, 0x0, 0x0, 0x4f, 0x6a, 0xf1, 0x0, 0x0,
    0x0, 0x0, 0xaf, 0x15, 0xf6, 0x0, 0x0, 0x0,
    0x1, 0xfc, 0x1, 0xfc, 0x0, 0x0, 0x0, 0x6,
    0xf6, 0x0, 0xbf, 0x20, 0x0, 0x0, 0xc, 0xf1,
    0x0, 0x5f, 0x80, 0x0, 0x0, 0x2f, 0xb0, 0x0,
    0xf, 0xe0, 0x0, 0x0, 0x7f, 0xdb, 0xbb, 0xbe,
    0xf4, 0x0, 0x0, 0xdf, 0xff, 0xff, 0xff, 0xfa,
    0x0, 0x3, 0xfb, 0x0, 0x0, 0x0, 0xef, 0x0,
    0x9, 0xf5, 0x0, 0x0, 0x0, 0x8f, 0x60, 0xe,
    0xf0, 0x0, 0x0, 0x0, 0x3f, 0xb0, 0x4f, 0xa0,
    0x0, 0x0, 0x0, 0xd, 0xf1, 0x0, 0x0, 0x0,
    0x0, 0x0, 0x0, 0x0, 0x0, 0x0, 0x0, 0x11,
    0x0, 0x0, 0x0, 0x0, 0x0, 0x2, 0xfe, 0x0,
    0x0, 0x0, 0x0, 0x0, 0x2, 0xfe, 0x0, 0x0,
    0x0, 0x0, 0x0, 0x0, 0x0, 0x0, 0x0, 0x0,

    /* U+1EB7 "ặ" */
    0x0, 0x13, 0x0, 0x3, 0x0, 0x0, 0x4f, 0x20,
    0x3f, 0x20, 0x0, 0xb, 0xfb, 0xfa, 0x0, 0x0,
    0x0, 0x58, 0x50, 0x0, 0x0, 0x0, 0x0, 0x0,
    0x0, 0x0, 0x2a, 0xef, 0xfb, 0x20, 0x3, 0xff,
    0xb8, 0x9f, 0xf2, 0x7, 0xf5, 0x0, 0x5, 0xf8,
    0x0, 0x0, 0x0, 0x1, 0xfa, 0x0, 0x0, 0x35,
    0x7b, 0xfb, 0x1, 0xaf, 0xff, 0xfc, 0xfb, 0xc,
    0xfa, 0x41, 0x1, 0xfb, 0x1f, 0xc0, 0x0, 0x2,
    0xfb, 0xf, 0xc0, 0x0, 0x9, 0xfb, 0xb, 0xfa,
    0x55, 0xbd, 0xfb, 0x1, 0xbf, 0xff, 0xc2, 0xfb,
    0x0, 0x1, 0x32, 0x0, 0x0, 0x0, 0x0, 0x2,
    0x0, 0x0, 0x0, 0x0, 0x9f, 0x80, 0x0, 0x0,
    0x0, 0x8f, 0x70, 0x0, 0x0, 0x0, 0x1, 0x0,
    0x0,

    /* U+1EB8 "Ẹ" */
    0x28, 0x88, 0x88, 0x88, 0x85, 0x3f, 0xff, 0xff,
    0xff, 0xfa, 0x3f, 0xa1, 0x11, 0x11, 0x10, 0x3f,
    0x90, 0x0, 0x0, 0x0, 0x3f, 0x90, 0x0, 0x0,
    0x0, 0x3f, 0x90, 0x0, 0x0, 0x0, 0x3f, 0xa2,
    0x22, 0x22, 0x20, 0x3f, 0xff, 0xff, 0xff, 0xf2,
    0x3f, 0xc7, 0x77, 0x77, 0x71, 0x3f, 0x90, 0x0,
    0x0, 0x0, 0x3f, 0x90, 0x0, 0x0, 0x0, 0x3f,
    0x90, 0x0, 0x0, 0x0, 0x3f, 0x90, 0x0, 0x0,
    0x0, 0x3f, 0xda, 0xaa, 0xaa, 0xa7, 0x3f, 0xff,
    0xff, 0xff, 0xfb, 0x0, 0x0, 0x0, 0x0, 0x0,
    0x0, 0x0, 0x2, 0x0, 0x0, 0x0, 0x0, 0xcf,
    0x50, 0x0, 0x0, 0x0, 0xbf, 0x40, 0x0, 0x0,
    0x0, 0x0, 0x0, 0x0,

    /* U+1EB9 "ẹ" */
    0x0, 0x0, 0x0, 0x0, 0x0, 0x0, 0x6d, 0xff,
    0xc5, 0x0, 0x8, 0xfd, 0x89, 0xef, 0x70, 0x4f,
    0xb0, 0x0, 0x1d, 0xf1, 0xaf, 0x10, 0x0, 0x6,
    0xf7, 0xee, 0x55, 0x55, 0x57, 0xf9, 0xff, 0xff,
    0xff, 0xff, 0xfa, 0xed, 0x22, 0x22, 0x22, 0x21,
    0xbf, 0x10, 0x0, 0x0, 0x0, 0x5f, 0x90, 0x0,
    0x8, 0xd3, 0xb, 0xfb, 0x66, 0xaf, 0xe1, 0x0,
    0x8f, 0xff, 0xfb, 0x10, 0x0, 0x0, 0x23, 0x10,
    0x0, 0x0, 0x0, 0x11, 0x0, 0x0, 0x0, 0x2,
    0xfe, 0x0, 0x0, 0x0, 0x2, 0xfe, 0x0, 0x0,
    0x0, 0x0, 0x0, 0x0, 0x0,

    /* U+1EBA "Ẻ" */
    0x0, 0x5, 0xdc, 0x30, 0x0, 0x0, 0x1, 0x4e,
    0x90, 0x0, 0x0, 0x0, 0x3f, 0x20, 0x0, 0x0,
    0x0, 0x0, 0x0, 0x0, 0x28, 0x88, 0x88, 0x88,
    0x85, 0x3f, 0xff, 0xff, 0xff, 0xfa, 0x3f, 0xa1,
    0x11, 0x11, 0x10, 0x3f, 0x90, 0x0, 0x0, 0x0,
    0x3f, 0x90, 0x0, 0x0, 0x0, 0x3f, 0x90, 0x0,
    0x0, 0x0, 0x3f, 0xa2, 0x22, 0x22, 0x20, 0x3f,
    0xff, 0xff, 0xff, 0xf2, 0x3f, 0xc7, 0x77, 0x77,
    0x71, 0x3f, 0x90, 0x0, 0x0, 0x0, 0x3f, 0x90,
    0x0, 0x0, 0x0, 0x3f, 0x90, 0x0, 0x0, 0x0,
    0x3f, 0x90, 0x0, 0x0, 0x0, 0x3f, 0xda, 0xaa,
    0xaa, 0xa7, 0x3f, 0xff, 0xff, 0xff, 0xfb,

    /* U+1EBB "ẻ" */
    0x0, 0x2, 0x30, 0x0, 0x0, 0x0, 0xb, 0xff,
    0x20, 0x0, 0x0, 0x0, 0x4f, 0x20, 0x0, 0x0,
    0x0, 0x77, 0x0, 0x0, 0x0, 0x0, 0x0, 0x0,
    0x0, 0x0, 0x6d, 0xff, 0xc5, 0x0, 0x8, 0xfd,
    0x89, 0xef, 0x70, 0x4f, 0xb0, 0x0, 0x1d, 0xf1,
    0xaf, 0x10, 0x0, 0x6, 0xf7, 0xee, 0x55, 0x55,
    0x57, 0xf9, 0xff, 0xff, 0xff, 0xff, 0xfa, 0xed,
    0x22, 0x22, 0x22, 0x21, 0xbf, 0x10, 0x0, 0x0,
    0x0, 0x5f, 0x90, 0x0, 0x8, 0xd3, 0xb, 0xfb,
    0x66, 0xaf, 0xe1, 0x0, 0x8f, 0xff, 0xfb, 0x10,
    0x0, 0x0, 0x23, 0x10, 0x0,

    /* U+1EBC "Ẽ" */
    0x0, 0x6, 0x60, 0x17, 0x0, 0x0, 0x6f, 0xdf,
    0xdd, 0x0, 0x0, 0x45, 0x4, 0x72, 0x0, 0x0,
    0x0, 0x0, 0x0, 0x0, 0x28, 0x88, 0x88, 0x88,
    0x85, 0x3f, 0xff, 0xff, 0xff, 0xfa, 0x3f, 0xa1,
    0x11, 0x11, 0x10, 0x3f, 0x90, 0x0, 0x0, 0x0,
    0x3f, 0x90, 0x0, 0x0, 0x0, 0x3f, 0x90, 0x0,
    0x0, 0x0, 0x3f, 0xa2, 0x22, 0x22, 0x20, 0x3f,
    0xff, 0xff, 0xff, 0xf2, 0x3f, 0xc7, 0x77, 0x77,
    0x71, 0x3f, 0x90, 0x0, 0x0, 0x0, 0x3f, 0x90,
    0x0, 0x0, 0x0, 0x3f, 0x90, 0x0, 0x0, 0x0,
    0x3f, 0x90, 0x0, 0x0, 0x0, 0x3f, 0xda, 0xaa,
    0xaa, 0xa7, 0x3f, 0xff, 0xff, 0xff, 0xfb,

    /* U+1EBD "ẽ" */
    0x0, 0x5d, 0xa3, 0x89, 0x0, 0x0, 0xda, 0xaf,
    0xf5, 0x0, 0x0, 0x20, 0x0, 0x10, 0x0, 0x0,
    0x0, 0x0, 0x0, 0x0, 0x0, 0x6d, 0xff, 0xc5,
    0x0, 0x8, 0xfd, 0x89, 0xef, 0x70, 0x4f, 0xb0,
    0x0, 0x1d, 0xf1, 0xaf, 0x10, 0x0, 0x6, 0xf7,
    0xee, 0x55, 0x55, 0x57, 0xf9, 0xff, 0xff, 0xff,
    0xff, 0xfa, 0xed, 0x22, 0x22, 0x22, 0x21, 0xbf,
    0x10, 0x0, 0x0, 0x0, 0x5f, 0x90, 0x0, 0x8,
    0xd3, 0xb, 0xfb, 0x66, 0xaf, 0xe1, 0x0, 0x8f,
    0xff, 0xfb, 0x10, 0x0, 0x0, 0x23, 0x10, 0x0,

    /* U+1EBE "Ế" */
    0x0, 0x0, 0x0, 0x0, 0x11, 0x0, 0x0, 0x0,
    0x4, 0xf8, 0x0, 0x0, 0x0, 0xc, 0xc0, 0x0,
    0x0, 0x0, 0x29, 0x20, 0x0, 0x0, 0x79, 0x30,
    0x0, 0x0, 0x7, 0xfb, 0xe2, 0x0, 0x0, 0x5f,
    0x60, 0xcd, 0x10, 0x0, 0x11, 0x0, 0x2, 0x0,
    0x28, 0x88, 0x88, 0x88, 0x85, 0x3f, 0xff, 0xff,
    0xff, 0xfa, 0x3f, 0xa1, 0x11, 0x11, 0x10, 0x3f,
    0x90, 0x0, 0x0, 0x0, 0x3f, 0x90, 0x0, 0x0,
    0x0, 0x3f, 0x90, 0x0, 0x0, 0x0, 0x3f, 0xa2,
    0x22, 0x22, 0x20, 0x3f, 0xff, 0xff, 0xff, 0xf2,
    0x3f, 0xc7, 0x77, 0x77, 0x71, 0x3f, 0x90, 0x0,
    0x0, 0x0, 0x3f, 0x90, 0x0, 0x0, 0x0, 0x3f,
    0x90, 0x0, 0x0, 0x0, 0x3f, 0x90, 0x0, 0x0,
    0x0, 0x3f, 0xda, 0xaa, 0xaa, 0xa7, 0x3f, 0xff,
    0xff, 0xff, 0xfb,

    /* U+1EBF "ế" */
    0x0, 0x0, 0x0, 0x3, 0x73, 0x0, 0x0, 0x0,
    0xd, 0xe0, 0x0, 0x0, 0x0, 0x5f, 0x30, 0x0,
    0x0, 0x0, 0x22, 0x0, 0x0, 0x4, 0xee, 0x30,
    0x0, 0x0, 0x3f, 0x9a, 0xe2, 0x0, 0x0, 0xaa,
    0x0, 0xa9, 0x0, 0x0, 0x0, 0x0, 0x0, 0x0,
    0x0, 0x6d, 0xff, 0xc5, 0x0, 0x8, 0xfd, 0x89,
    0xef, 0x70, 0x4f, 0xb0, 0x0, 0x1d, 0xf1, 0xaf,
    0x10, 0x0, 0x6, 0xf7, 0xee, 0x55, 0x55, 0x57,
    0xf9, 0xff, 0xff, 0xff, 0xff, 0xfa, 0xed, 0x22,
    0x22, 0x22, 0x21, 0xbf, 0x10, 0x0, 0x0, 0x0,
    0x5f, 0x90, 0x0, 0x8, 0xd3, 0xb, 0xfb, 0x66,
    0xaf, 0xe1, 0x0, 0x8f, 0xff, 0xfb, 0x10, 0x0,
    0x0, 0x23, 0x10, 0x0,

    /* U+1EC0 "Ề" */
    0x0, 0x0, 0x1, 0x10, 0x0, 0x0, 0x0, 0x5,
    0xf7, 0x0, 0x0, 0x0, 0x0, 0xae, 0x0, 0x0,
    0x0, 0x0, 0x19, 0x30, 0x0, 0x0, 0x79, 0x30,
    0x0, 0x0, 0x7, 0xfb, 0xe2, 0x0, 0x0, 0x5f,
    0x60, 0xcd, 0x10, 0x0, 0x11, 0x0, 0x2, 0x0,
    0x28, 0x88, 0x88, 0x88, 0x85, 0x3f, 0xff, 0xff,
    0xff, 0xfa, 0x3f, 0xa1, 0x11, 0x11, 0x10, 0x3f,
    0x90, 0x0, 0x0, 0x0, 0x3f, 0x90, 0x0, 0x0,
    0x0, 0x3f, 0x90, 0x0, 0x0, 0x0, 0x3f, 0xa2,
    0x22, 0x22, 0x20, 0x3f, 0xff, 0xff, 0xff, 0xf2,
    0x3f, 0xc7, 0x77, 0x77, 0x71, 0x3f, 0x90, 0x0,
    0x0, 0x0, 0x3f, 0x90, 0x0, 0x0, 0x0, 0x3f,
    0x90, 0x0, 0x0, 0x0, 0x3f, 0x90, 0x0, 0x0,
    0x0, 0x3f, 0xda, 0xaa, 0xaa, 0xa7, 0x3f, 0xff,
    0xff, 0xff, 0xfb,

    /* U+1EC1 "ề" */
    0x0, 0x0, 0x7, 0x70, 0x0, 0x0, 0x0, 0x7,
    0xf5, 0x0, 0x0, 0x0, 0x0, 0xcd, 0x0, 0x0,
    0x0, 0x0, 0x13, 0x0, 0x0, 0x4, 0xee, 0x30,
    0x0, 0x0, 0x3f, 0x9a, 0xe2, 0x0, 0x0, 0xaa,
    0x0, 0xa9, 0x0, 0x0, 0x0, 0x0, 0x0, 0x0,
    0x0, 0x6d, 0xff, 0xc5, 0x0, 0x8, 0xfd, 0x89,
    0xef, 0x70, 0x4f, 0xb0, 0x0, 0x1d, 0xf1, 0xaf,
    0x10, 0x0, 0x6, 0xf7, 0xee, 0x55, 0x55, 0x57,
    0xf9, 0xff, 0xff, 0xff, 0xff, 0xfa, 0xed, 0x22,
    0x22, 0x22, 0x21, 0xbf, 0x10, 0x0, 0x0, 0x0,
    0x5f, 0x90, 0x0, 0x8, 0xd3, 0xb, 0xfb, 0x66,
    0xaf, 0xe1, 0x0, 0x8f, 0xff, 0xfb, 0x10, 0x0,
    0x0, 0x23, 0x10, 0x0,

    /* U+1EC2 "Ể" */
    0x0, 0x0, 0x0, 0x10, 0x0, 0x0, 0x0, 0x6,
    0xff, 0x70, 0x0, 0x0, 0x0, 0xe, 0x80, 0x0,
    0x0, 0x0, 0x29, 0x10, 0x0, 0x0, 0x79, 0x30,
    0x0, 0x0, 0x7, 0xfb, 0xe2, 0x0, 0x0, 0x5f,
    0x60, 0xcd, 0x10, 0x0, 0x11, 0x0, 0x2, 0x0,
    0x28, 0x88, 0x88, 0x88, 0x85, 0x3f, 0xff, 0xff,
    0xff, 0xfa, 0x3f, 0xa1, 0x11, 0x11, 0x10, 0x3f,
    0x90, 0x0, 0x0, 0x0, 0x3f, 0x90, 0x0, 0x0,
    0x0, 0x3f, 0x90, 0x0, 0x0, 0x0, 0x3f, 0xa2,
    0x22, 0x22, 0x20, 0x3f, 0xff, 0xff, 0xff, 0xf2,
    0x3f, 0xc7, 0x77, 0x77, 0x71, 0x3f, 0x90, 0x0,
    0x0, 0x0, 0x3f, 0x90, 0x0, 0x0, 0x0, 0x3f,
    0x90, 0x0, 0x0, 0x0, 0x3f, 0x90, 0x0, 0x0,
    0x0, 0x3f, 0xda, 0xaa, 0xaa, 0xa7, 0x3f, 0xff,
    0xff, 0xff, 0xfb,

    /* U+1EC3 "ể" */
    0x0, 0x0, 0x5, 0x74, 0x0, 0x0, 0x0, 0x8,
    0xbf, 0x40, 0x0, 0x0, 0x0, 0x6f, 0x10, 0x0,
    0x0, 0x0, 0x22, 0x0, 0x0, 0x4, 0xee, 0x30,
    0x0, 0x0, 0x3f, 0x9a, 0xe2, 0x0, 0x0, 0xaa,
    0x0, 0xa9, 0x0, 0x0, 0x0, 0x0, 0x0, 0x0,
    0x0, 0x6d, 0xff, 0xc5, 0x0, 0x8, 0xfd, 0x89,
    0xef, 0x70, 0x4f, 0xb0, 0x0, 0x1d, 0xf1, 0xaf,
    0x10, 0x0, 0x6, 0xf7, 0xee, 0x55, 0x55, 0x57,
    0xf9, 0xff, 0xff, 0xff, 0xff, 0xfa, 0xed, 0x22,
    0x22, 0x22, 0x21, 0xbf, 0x10, 0x0, 0x0, 0x0,
    0x5f, 0x90, 0x0, 0x8, 0xd3, 0xb, 0xfb, 0x66,
    0xaf, 0xe1, 0x0, 0x8f, 0xff, 0xfb, 0x10, 0x0,
    0x0, 0x23, 0x10, 0x0,

    /* U+1EC4 "Ễ" */
    0x0, 0x9, 0xa3, 0x2b, 0x0, 0x0, 0x6e, 0xaf,
    0xfc, 0x0, 0x0, 0x23, 0x1, 0x41, 0x0, 0x0,
    0x0, 0x79, 0x30, 0x0, 0x0, 0x7, 0xfb, 0xe2,
    0x0, 0x0, 0x5f, 0x60, 0xcd, 0x10, 0x0, 0x11,
    0x0, 0x2, 0x0, 0x28, 0x88, 0x88, 0x88, 0x85,
    0x3f, 0xff, 0xff, 0xff, 0xfa, 0x3f, 0xa1, 0x11,
    0x11, 0x10, 0x3f, 0x90, 0x0, 0x0, 0x0, 0x3f,
    0x90, 0x0, 0x0, 0x0, 0x3f, 0x90, 0x0, 0x0,
    0x0, 0x3f, 0xa2, 0x22, 0x22, 0x20, 0x3f, 0xff,
    0xff, 0xff, 0xf2, 0x3f, 0xc7, 0x77, 0x77, 0x71,
    0x3f, 0x90, 0x0, 0x0, 0x0, 0x3f, 0x90, 0x0,
    0x0, 0x0, 0x3f, 0x90, 0x0, 0x0, 0x0, 0x3f,
    0x90, 0x0, 0x0, 0x0, 0x3f, 0xda, 0xaa, 0xaa,
    0xa7, 0x3f, 0xff, 0xff, 0xff, 0xfb,

    /* U+1EC5 "ễ" */
    0x0, 0x0, 0x0, 0x0, 0x0, 0x0, 0x7f, 0xe7,
    0xba, 0x0, 0x0, 0xc8, 0x6c, 0xe3, 0x0, 0x0,
    0x0, 0x0, 0x0, 0x0, 0x0, 0x4, 0xee, 0x30,
    0x0, 0x0, 0x3f, 0x9a, 0xe2, 0x0, 0x0, 0xaa,
    0x0, 0xa9, 0x0, 0x0, 0x0, 0x0, 0x0, 0x0,
    0x0, 0x6d, 0xff, 0xc5, 0x0, 0x8, 0xfd, 0x89,
    0xef, 0x70, 0x4f, 0xb0, 0x0, 0x1d, 0xf1, 0xaf,
    0x10, 0x0, 0x6, 0xf7, 0xee, 0x55, 0x55, 0x57,
    0xf9, 0xff, 0xff, 0xff, 0xff, 0xfa, 0xed, 0x22,
    0x22, 0x22, 0x21, 0xbf, 0x10, 0x0, 0x0, 0x0,
    0x5f, 0x90, 0x0, 0x8, 0xd3, 0xb, 0xfb, 0x66,
    0xaf, 0xe1, 0x0, 0x8f, 0xff, 0xfb, 0x10, 0x0,
    0x0, 0x23, 0x10, 0x0,

    /* U+1EC6 "Ệ" */
    0x0, 0x1, 0xbd, 0x60, 0x0, 0x0, 0xc, 0xd8,
    0xf4, 0x0, 0x0, 0x7d, 0x20, 0x9c, 0x10, 0x0,
    0x0, 0x0, 0x0, 0x0, 0x28, 0x88, 0x88, 0x88,
    0x85, 0x3f, 0xff, 0xff, 0xff, 0xfa, 0x3f, 0xa1,
    0x11, 0x11, 0x10, 0x3f, 0x90, 0x0, 0x0, 0x0,
    0x3f, 0x90, 0x0, 0x0, 0x0, 0x3f, 0x90, 0x0,
    0x0, 0x0, 0x3f, 0xa2, 0x22, 0x22, 0x20, 0x3f,
    0xff, 0xff, 0xff, 0xf2, 0x3f, 0xc7, 0x77, 0x77,
    0x71, 0x3f, 0x90, 0x0, 0x0, 0x0, 0x3f, 0x90,
    0x0, 0x0, 0x0, 0x3f, 0x90, 0x0, 0x0, 0x0,
    0x3f, 0x90, 0x0, 0x0, 0x0, 0x3f, 0xda, 0xaa,
    0xaa, 0xa7, 0x3f, 0xff, 0xff, 0xff, 0xfb, 0x0,
    0x0, 0x0, 0x0, 0x0, 0x0, 0x0, 0x2, 0x0,
    0x0, 0x0, 0x0, 0xcf, 0x50, 0x0, 0x0, 0x0,
    0xbf, 0x40, 0x0, 0x0, 0x0, 0x0, 0x0, 0x0,

    /* U+1EC7 "ệ" */
    0x0, 0x0, 0x32, 0x0, 0x0, 0x0, 0x9, 0xff,
    0x50, 0x0, 0x0, 0x7f, 0x48, 0xf4, 0x0, 0x0,
    0x75, 0x0, 0x66, 0x0, 0x0, 0x0, 0x0, 0x0,
    0x0, 0x0, 0x6d, 0xff, 0xc5, 0x0, 0x8, 0xfd,
    0x89, 0xef, 0x70, 0x4f, 0xb0, 0x0, 0x1d, 0xf1,
    0xaf, 0x10, 0x0, 0x6, 0xf7, 0xee, 0x55, 0x55,
    0x57, 0xf9, 0xff, 0xff, 0xff, 0xff, 0xfa, 0xed,
    0x22, 0x22, 0x22, 0x21, 0xbf, 0x10, 0x0, 0x0,
    0x0, 0x5f, 0x90, 0x0, 0x8, 0xd3, 0xb, 0xfb,
    0x66, 0xaf, 0xe1, 0x0, 0x8f, 0xff, 0xfb, 0x10,
    0x0, 0x0, 0x23, 0x10, 0x0, 0x0, 0x0, 0x11,
    0x0, 0x0, 0x0, 0x2, 0xfe, 0x0, 0x0, 0x0,
    0x2, 0xfe, 0x0, 0x0, 0x0, 0x0, 0x0, 0x0,
    0x0,

    /* U+1EC8 "Ỉ" */
    0xcd, 0x80, 0x49, 0xf0, 0xc, 0x90, 0x0, 0x0,
    0x28, 0x50, 0x3f, 0x90, 0x3f, 0x90, 0x3f, 0x90,
    0x3f, 0x90, 0x3f, 0x90, 0x3f, 0x90, 0x3f, 0x90,
    0x3f, 0x90, 0x3f, 0x90, 0x3f, 0x90, 0x3f, 0x90,
    0x3f, 0x90, 0x3f, 0x90, 0x3f, 0x90,

    /* U+1EC9 "ỉ" */
    0x3, 0x20, 0x3f, 0xfa, 0x0, 0xba, 0x1, 0xa2,
    0x0, 0x0, 0x6, 0xe4, 0x7, 0xf4, 0x7, 0xf4,
    0x7, 0xf4, 0x7, 0xf4, 0x7, 0xf4, 0x7, 0xf4,
    0x7, 0xf4, 0x7, 0xf4, 0x7, 0xf4, 0x7, 0xf4,

    /* U+1ECA "Ị" */
    0x28, 0x53, 0xf9, 0x3f, 0x93, 0xf9, 0x3f, 0x93,
    0xf9, 0x3f, 0x93, 0xf9, 0x3f, 0x93, 0xf9, 0x3f,
    0x93, 0xf9, 0x3f, 0x93, 0xf9, 0x3f, 0x90, 0x0,
    0x2, 0x5, 0xfc, 0x4f, 0xb0, 0x0,

    /* U+1ECB "ị" */
    0x0, 0x7, 0xf6, 0xaf, 0x80, 0x30, 0x0, 0x6,
    0xe4, 0x7f, 0x47, 0xf4, 0x7f, 0x47, 0xf4, 0x7f,
    0x47, 0xf4, 0x7f, 0x47, 0xf4, 0x7f, 0x47, 0xf4,
    0x0, 0x0, 0x20, 0x9f, 0x88, 0xf7, 0x0, 0x0,

    /* U+1ECC "Ọ" */
    0x0, 0x0, 0x59, 0xba, 0x71, 0x0, 0x0, 0x0,
    0x3d, 0xff, 0xff, 0xff, 0x60, 0x0, 0x2, 0xff,
    0x82, 0x1, 0x6e, 0xf6, 0x0, 0xc, 0xf5, 0x0,
    0x0, 0x2, 0xef, 0x20, 0x3f, 0xb0, 0x0, 0x0,
    0x0, 0x6f, 0x80, 0x8f, 0x50, 0x0, 0x0, 0x0,
    0xf, 0xd0, 0xbf, 0x10, 0x0, 0x0, 0x0, 0xd,
    0xf0, 0xcf, 0x0, 0x0, 0x0, 0x0, 0xb, 0xf1,
    0xbf, 0x10, 0x0, 0x0, 0x0, 0xc, 0xf0, 0xaf,
    0x30, 0x0, 0x0, 0x0, 0xe, 0xe0, 0x6f, 0x70,
    0x0, 0x0, 0x0, 0x3f, 0xa0, 0x1f, 0xe1, 0x0,
    0x0, 0x0, 0xbf, 0x50, 0x7, 0xfd, 0x20, 0x0,
    0x9, 0xfb, 0x0, 0x0, 0x9f, 0xfb, 0x9a, 0xef,
    0xc1, 0x0, 0x0, 0x5, 0xcf, 0xff, 0xe8, 0x0,
    0x0, 0x0, 0x0, 0x0, 0x21, 0x0, 0x0, 0x0,
    0x0, 0x0, 0x0, 0x20, 0x0, 0x0, 0x0, 0x0,
    0x0, 0x5, 0xfc, 0x0, 0x0, 0x0, 0x0, 0x0,
    0x5, 0xfa, 0x0, 0x0, 0x0, 0x0, 0x0, 0x0,
    0x0, 0x0, 0x0, 0x0,

    /* U+1ECD "ọ" */
    0x0, 0x0, 0x0, 0x0, 0x0, 0x0, 0x6d, 0xff,
    0xd5, 0x0, 0x8, 0xfe, 0x99, 0xef, 0x80, 0x4f,
    0xc0, 0x0, 0xc, 0xf4, 0xaf, 0x30, 0x0, 0x3,
    0xfa, 0xee, 0x0, 0x0, 0x0, 0xed, 0xfd, 0x0,
    0x0, 0x0, 0xdf, 0xee, 0x0, 0x0, 0x0, 0xee,
    0xbf, 0x20, 0x0, 0x2, 0xfb, 0x5f, 0xa0, 0x0,
    0xa, 0xf5, 0xb, 0xfb, 0x66, 0xcf, 0xb0, 0x0,
    0x8f, 0xff, 0xf8, 0x0, 0x0, 0x0, 0x22, 0x0,
    0x0, 0x0, 0x0, 0x11, 0x0, 0x0, 0x0, 0x1,
    0xff, 0x10, 0x0, 0x0, 0x1, 0xee, 0x10, 0x0,
    0x0, 0x0, 0x0, 0x0, 0x0,

    /* U+1ECE "Ỏ" */
    0x0, 0x0, 0xd, 0xd8, 0x0, 0x0, 0x0, 0x0,
    0x0, 0x4, 0x9f, 0x0, 0x0, 0x0, 0x0, 0x0,
    0x0, 0xd8, 0x0, 0x0, 0x0, 0x0, 0x0, 0x0,
    0x0, 0x0, 0x0, 0x0, 0x0, 0x0, 0x59, 0xba,
    0x71, 0x0, 0x0, 0x0, 0x3d, 0xff, 0xff, 0xff,
    0x60, 0x0, 0x2, 0xff, 0x82, 0x1, 0x6e, 0xf6,
    0x0, 0xc, 0xf5, 0x0, 0x0, 0x2, 0xef, 0x20,
    0x3f, 0xb0, 0x0, 0x0, 0x0, 0x6f, 0x80, 0x8f,
    0x50, 0x0, 0x0, 0x0, 0xf, 0xd0, 0xbf, 0x10,
    0x0, 0x0, 0x0, 0xd, 0xf0, 0xcf, 0x0, 0x0,
    0x0, 0x0, 0xb, 0xf1, 0xbf, 0x10, 0x0, 0x0,
    0x0, 0xc, 0xf0, 0xaf, 0x30, 0x0, 0x0, 0x0,
    0xe, 0xe0, 0x6f, 0x70, 0x0, 0x0, 0x0, 0x3f,
    0xa0, 0x1f, 0xe1, 0x0, 0x0, 0x0, 0xbf, 0x50,
    0x7, 0xfd, 0x20, 0x0, 0x9, 0xfb, 0x0, 0x0,
    0x9f, 0xfb, 0x9a, 0xef, 0xc1, 0x0, 0x0, 0x5,
    0xcf, 0xff, 0xe8, 0x0, 0x0, 0x0, 0x0, 0x0,
    0x21, 0x0, 0x0, 0x0,

    /* U+1ECF "ỏ" */
    0x0, 0x2, 0x31, 0x0, 0x0, 0x0, 0x9, 0xff,
    0x30, 0x0, 0x0, 0x0, 0x3f, 0x30, 0x0, 0x0,
    0x0, 0x68, 0x0, 0x0, 0x0, 0x0, 0x0, 0x0,
    0x0, 0x0, 0x6d, 0xff, 0xd5, 0x0, 0x8, 0xfe,
    0x99, 0xef, 0x80, 0x4f, 0xc0, 0x0, 0xc, 0xf4,
    0xaf, 0x30, 0x0, 0x3, 0xfa, 0xee, 0x0, 0x0,
    0x0, 0xed, 0xfd, 0x0, 0x0, 0x0, 0xdf, 0xee,
    0x0, 0x0, 0x0, 0xee, 0xbf, 0x20, 0x0, 0x2,
    0xfb, 0x5f, 0xa0, 0x0, 0xa, 0xf5, 0xb, 0xfb,
    0x66, 0xcf, 0xb0, 0x0, 0x8f, 0xff, 0xf8, 0x0,
    0x0, 0x0, 0x22, 0x0, 0x0,

    /* U+1ED0 "Ố" */
    0x0, 0x0, 0x0, 0x0, 0x0, 0x10, 0x0, 0x0,
    0x0, 0x0, 0x0, 0xd, 0xe1, 0x0, 0x0, 0x0,
    0x0, 0x0, 0x6f, 0x40, 0x0, 0x0, 0x0, 0x0,
    0x0, 0x76, 0x0, 0x0, 0x0, 0x0, 0x3, 0x97,
    0x0, 0x0, 0x0, 0x0, 0x0, 0x2e, 0xbf, 0x80,
    0x0, 0x0, 0x0, 0x1, 0xdc, 0x6, 0xf6, 0x0,
    0x0, 0x0, 0x0, 0x20, 0x0, 0x11, 0x0, 0x0,
    0x0, 0x0, 0x59, 0xba, 0x71, 0x0, 0x0, 0x0,
    0x3d, 0xff, 0xff, 0xff, 0x60, 0x0, 0x2, 0xff,
    0x82, 0x1, 0x6e, 0xf6, 0x0, 0xc, 0xf5, 0x0,
    0x0, 0x2, 0xef, 0x20, 0x3f, 0xb0, 0x0, 0x0,
    0x0, 0x6f, 0x80, 0x8f, 0x50, 0x0, 0x0, 0x0,
    0xf, 0xd0, 0xbf, 0x10, 0x0, 0x0, 0x0, 0xd,
    0xf0, 0xcf, 0x0, 0x0, 0x0, 0x0, 0xb, 0xf1,
    0xbf, 0x10, 0x0, 0x0, 0x0, 0xc, 0xf0, 0xaf,
    0x30, 0x0, 0x0, 0x0, 0xe, 0xe0, 0x6f, 0x70,
    0x0, 0x0, 0x0, 0x3f, 0xa0, 0x1f, 0xe1, 0x0,
    0x0, 0x0, 0xbf, 0x50, 0x7, 0xfd, 0x20, 0x0,
    0x9, 0xfb, 0x0, 0x0, 0x9f, 0xfb, 0x9a, 0xef,
    0xc1, 0x0, 0x0, 0x5, 0xcf, 0xff, 0xe8, 0x0,
    0x0, 0x0, 0x0, 0x0, 0x21, 0x0, 0x0, 0x0,

    /* U+1ED1 "ố" */
    0x0, 0x0, 0x0, 0x2, 0x74, 0x0, 0x0, 0x0,
    0xc, 0xe1, 0x0, 0x0, 0x0, 0x4f, 0x50, 0x0,
    0x0, 0x0, 0x23, 0x0, 0x0, 0x3, 0xee, 0x40,
    0x0, 0x0, 0x2e, 0xa9, 0xf3, 0x0, 0x0, 0x9a,
    0x0, 0xaa, 0x0, 0x0, 0x0, 0x0, 0x0, 0x0,
    0x0, 0x6d, 0xff, 0xd5, 0x0, 0x8, 0xfe, 0x99,
    0xef, 0x80, 0x4f, 0xc0, 0x0, 0xc, 0xf4, 0xaf,
    0x30, 0x0, 0x3, 0xfa, 0xee, 0x0, 0x0, 0x0,
    0xed, 0xfd, 0x0, 0x0, 0x0, 0xdf, 0xee, 0x0,
    0x0, 0x0, 0xee, 0xbf, 0x20, 0x0, 0x2, 0xfb,
    0x5f, 0xa0, 0x0, 0xa, 0xf5, 0xb, 0xfb, 0x66,
    0xcf, 0xb0, 0x0, 0x8f, 0xff, 0xf8, 0x0, 0x0,
    0x0, 0x22, 0x0, 0x0,

    /* U+1ED2 "Ồ" */
    0x0, 0x0, 0x0, 0x1, 0x0, 0x0, 0x0, 0x0,
    0x0, 0x0, 0x1e, 0xd0, 0x0, 0x0, 0x0, 0x0,
    0x0, 0x4, 0xf6, 0x0, 0x0, 0x0, 0x0, 0x0,
    0x0, 0x67, 0x0, 0x0, 0x0, 0x0, 0x3, 0x97,
    0x0, 0x0, 0x0, 0x0, 0x0, 0x2e, 0xbf, 0x80,
    0x0, 0x0, 0x0, 0x1, 0xdc, 0x6, 0xf6, 0x0,
    0x0, 0x0, 0x0, 0x20, 0x0, 0x11, 0x0, 0x0,
    0x0, 0x0, 0x59, 0xba, 0x71, 0x0, 0x0, 0x0,
    0x3d, 0xff, 0xff, 0xff, 0x60, 0x0, 0x2, 0xff,
    0x82, 0x1, 0x6e, 0xf6, 0x0, 0xc, 0xf5, 0x0,
    0x0, 0x2, 0xef, 0x20, 0x3f, 0xb0, 0x0, 0x0,
    0x0, 0x6f, 0x80, 0x8f, 0x50, 0x0, 0x0, 0x0,
    0xf, 0xd0, 0xbf, 0x10, 0x0, 0x0, 0x0, 0xd,
    0xf0, 0xcf, 0x0, 0x0, 0x0, 0x0, 0xb, 0xf1,
    0xbf, 0x10, 0x0, 0x0, 0x0, 0xc, 0xf0, 0xaf,
    0x30, 0x0, 0x0, 0x0, 0xe, 0xe0, 0x6f, 0x70,
    0x0, 0x0, 0x0, 0x3f, 0xa0, 0x1f, 0xe1, 0x0,
    0x0, 0x0, 0xbf, 0x50, 0x7, 0xfd, 0x20, 0x0,
    0x9, 0xfb, 0x0, 0x0, 0x9f, 0xfb, 0x9a, 0xef,
    0xc1, 0x0, 0x0, 0x5, 0xcf, 0xff, 0xe8, 0x0,
    0x0, 0x0, 0x0, 0x0, 0x21, 0x0, 0x0, 0x0,

    /* U+1ED3 "ồ" */
    0x0, 0x0, 0x6, 0x70, 0x0, 0x0, 0x0, 0x5,
    0xf6, 0x0, 0x0, 0x0, 0x0, 0xae, 0x0, 0x0,
    0x0, 0x0, 0x3, 0x0, 0x0, 0x3, 0xee, 0x40,
    0x0, 0x0, 0x2e, 0xa9, 0xf3, 0x0, 0x0, 0x9a,
    0x0, 0xaa, 0x0, 0x0, 0x0, 0x0, 0x0, 0x0,
    0x0, 0x6d, 0xff, 0xd5, 0x0, 0x8, 0xfe, 0x99,
    0xef, 0x80, 0x4f, 0xc0, 0x0, 0xc, 0xf4, 0xaf,
    0x30, 0x0, 0x3, 0xfa, 0xee, 0x0, 0x0, 0x0,
    0xed, 0xfd, 0x0, 0x0, 0x0, 0xdf, 0xee, 0x0,
    0x0, 0x0, 0xee, 0xbf, 0x20, 0x0, 0x2, 0xfb,
    0x5f, 0xa0, 0x0, 0xa, 0xf5, 0xb, 0xfb, 0x66,
    0xcf, 0xb0, 0x0, 0x8f, 0xff, 0xf8, 0x0, 0x0,
    0x0, 0x22, 0x0, 0x0,

    /* U+1ED4 "Ổ" */
    0x0, 0x0, 0x0, 0x1, 0x10, 0x0, 0x0, 0x0,
    0x0, 0x0, 0xf, 0xfd, 0x0, 0x0, 0x0, 0x0,
    0x0, 0x0, 0x8e, 0x0, 0x0, 0x0, 0x0, 0x0,
    0x0, 0x84, 0x0, 0x0, 0x0, 0x0, 0x3, 0x97,
    0x0, 0x0, 0x0, 0x0, 0x0, 0x2e, 0xbf, 0x80,
    0x0, 0x0, 0x0, 0x1, 0xdc, 0x6, 0xf6, 0x0,
    0x0, 0x0, 0x0, 0x20, 0x0, 0x11, 0x0, 0x0,
    0x0, 0x0, 0x59, 0xba, 0x71, 0x0, 0x0, 0x0,
    0x3d, 0xff, 0xff, 0xff, 0x60, 0x0, 0x2, 0xff,
    0x82, 0x1, 0x6e, 0xf6, 0x0, 0xc, 0xf5, 0x0,
    0x0, 0x2, 0xef, 0x20, 0x3f, 0xb0, 0x0, 0x0,
    0x0, 0x6f, 0x80, 0x8f, 0x50, 0x0, 0x0, 0x0,
    0xf, 0xd0, 0xbf, 0x10, 0x0, 0x0, 0x0, 0xd,
    0xf0, 0xcf, 0x0, 0x0, 0x0, 0x0, 0xb, 0xf1,
    0xbf, 0x10, 0x0, 0x0, 0x0, 0xc, 0xf0, 0xaf,
    0x30, 0x0, 0x0, 0x0, 0xe, 0xe0, 0x6f, 0x70,
    0x0, 0x0, 0x0, 0x3f, 0xa0, 0x1f, 0xe1, 0x0,
    0x0, 0x0, 0xbf, 0x50, 0x7, 0xfd, 0x20, 0x0,
    0x9, 0xfb, 0x0, 0x0, 0x9f, 0xfb, 0x9a, 0xef,
    0xc1, 0x0, 0x0, 0x5, 0xcf, 0xff, 0xe8, 0x0,
    0x0, 0x0, 0x0, 0x0, 0x21, 0x0, 0x0, 0x0,

    /* U+1ED5 "ổ" */
    0x0, 0x0, 0x4, 0x75, 0x0, 0x0, 0x0, 0x6,
    0xbf, 0x50, 0x0, 0x0, 0x0, 0x4f, 0x20, 0x0,
    0x0, 0x0, 0x22, 0x0, 0x0, 0x3, 0xee, 0x40,
    0x0, 0x0, 0x2e, 0xa9, 0xf3, 0x0, 0x0, 0x9a,
    0x0, 0xaa, 0x0, 0x0, 0x0, 0x0, 0x0, 0x0,
    0x0, 0x6d, 0xff, 0xd5, 0x0, 0x8, 0xfe, 0x99,
    0xef, 0x80, 0x4f, 0xc0, 0x0, 0xc, 0xf4, 0xaf,
    0x30, 0x0, 0x3, 0xfa, 0xee, 0x0, 0x0, 0x0,
    0xed, 0xfd, 0x0, 0x0, 0x0, 0xdf, 0xee, 0x0,
    0x0, 0x0, 0xee, 0xbf, 0x20, 0x0, 0x2, 0xfb,
    0x5f, 0xa0, 0x0, 0xa, 0xf5, 0xb, 0xfb, 0x66,
    0xcf, 0xb0, 0x0, 0x8f, 0xff, 0xf8, 0x0, 0x0,
    0x0, 0x22, 0x0, 0x0,

    /* U+1ED6 "Ỗ" */
    0x0, 0x0, 0x5b, 0x70, 0x85, 0x0, 0x0, 0x0,
    0x0, 0xfb, 0xdf, 0xf3, 0x0, 0x0, 0x0, 0x0,
    0x40, 0x3, 0x20, 0x0, 0x0, 0x0, 0x0, 0x3,
    0x97, 0x0, 0x0, 0x0, 0x0, 0x0, 0x2e, 0xbf,
    0x80, 0x0, 0x0, 0x0, 0x1, 0xdc, 0x6, 0xf6,
    0x0, 0x0, 0x0, 0x0, 0x20, 0x0, 0x11, 0x0,
    0x0, 0x0, 0x0, 0x59, 0xba, 0x71, 0x0, 0x0,
    0x0, 0x3d, 0xff, 0xff, 0xff, 0x60, 0x0, 0x2,
    0xff, 0x82, 0x1, 0x6e, 0xf6, 0x0, 0xc, 0xf5,
    0x0, 0x0, 0x2, 0xef, 0x20, 0x3f, 0xb0, 0x0,
    0x0, 0x0, 0x6f, 0x80, 0x8f, 0x50, 0x0, 0x0,
    0x0, 0xf, 0xd0, 0xbf, 0x10, 0x0, 0x0, 0x0,
    0xd, 0xf0, 0xcf, 0x0, 0x0, 0x0, 0x0, 0xb,
    0xf1, 0xbf, 0x10, 0x0, 0x0, 0x0, 0xc, 0xf0,
    0xaf, 0x30, 0x0, 0x0, 0x0, 0xe, 0xe0, 0x6f,
    0x70, 0x0, 0x0, 0x0, 0x3f, 0xa0, 0x1f, 0xe1,
    0x0, 0x0, 0x0, 0xbf, 0x50, 0x7, 0xfd, 0x20,
    0x0, 0x9, 0xfb, 0x0, 0x0, 0x9f, 0xfb, 0x9a,
    0xef, 0xc1, 0x0, 0x0, 0x5, 0xcf, 0xff, 0xe8,
    0x0, 0x0, 0x0, 0x0, 0x0, 0x21, 0x0, 0x0,
    0x0,

    /* U+1ED7 "ỗ" */
    0x0, 0x0, 0x0, 0x1, 0x0, 0x0, 0x5f, 0xe7,
    0xac, 0x0, 0x0, 0xa9, 0x5c, 0xe4, 0x0, 0x0,
    0x0, 0x0, 0x0, 0x0, 0x0, 0x3, 0xee, 0x40,
    0x0, 0x0, 0x2e, 0xa9, 0xf3, 0x0, 0x0, 0x9a,
    0x0, 0xaa, 0x0, 0x0, 0x0, 0x0, 0x0, 0x0,
    0x0, 0x6d, 0xff, 0xd5, 0x0, 0x8, 0xfe, 0x99,
    0xef, 0x80, 0x4f, 0xc0, 0x0, 0xc, 0xf4, 0xaf,
    0x30, 0x0, 0x3, 0xfa, 0xee, 0x0, 0x0, 0x0,
    0xed, 0xfd, 0x0, 0x0, 0x0, 0xdf, 0xee, 0x0,
    0x0, 0x0, 0xee, 0xbf, 0x20, 0x0, 0x2, 0xfb,
    0x5f, 0xa0, 0x0, 0xa, 0xf5, 0xb, 0xfb, 0x66,
    0xcf, 0xb0, 0x0, 0x8f, 0xff, 0xf8, 0x0, 0x0,
    0x0, 0x22, 0x0, 0x0,

    /* U+1ED8 "Ộ" */
    0x0, 0x0, 0x7, 0xdb, 0x0, 0x0, 0x0, 0x0,
    0x0, 0x5f, 0x7e, 0xa0, 0x0, 0x0, 0x0, 0x2,
    0xd8, 0x4, 0xd6, 0x0, 0x0, 0x0, 0x0, 0x0,
    0x0, 0x0, 0x0, 0x0, 0x0, 0x0, 0x59, 0xba,
    0x71, 0x0, 0x0, 0x0, 0x3d, 0xff, 0xff, 0xff,
    0x60, 0x0, 0x2, 0xff, 0x82, 0x1, 0x6e, 0xf6,
    0x0, 0xc, 0xf5, 0x0, 0x0, 0x2, 0xef, 0x20,
    0x3f, 0xb0, 0x0, 0x0, 0x0, 0x6f, 0x80, 0x8f,
    0x50, 0x0, 0x0, 0x0, 0xf, 0xd0, 0xbf, 0x10,
    0x0, 0x0, 0x0, 0xd, 0xf0, 0xcf, 0x0, 0x0,
    0x0, 0x0, 0xb, 0xf1, 0xbf, 0x10, 0x0, 0x0,
    0x0, 0xc, 0xf0, 0xaf, 0x30, 0x0, 0x0, 0x0,
    0xe, 0xe0, 0x6f, 0x70, 0x0, 0x0, 0x0, 0x3f,
    0xa0, 0x1f, 0xe1, 0x0, 0x0, 0x0, 0xbf, 0x50,
    0x7, 0xfd, 0x20, 0x0, 0x9, 0xfb, 0x0, 0x0,
    0x9f, 0xfb, 0x9a, 0xef, 0xc1, 0x0, 0x0, 0x5,
    0xcf, 0xff, 0xe8, 0x0, 0x0, 0x0, 0x0, 0x0,
    0x21, 0x0, 0x0, 0x0, 0x0, 0x0, 0x0, 0x20,
    0x0, 0x0, 0x0, 0x0, 0x0, 0x5, 0xfc, 0x0,
    0x0, 0x0, 0x0, 0x0, 0x5, 0xfa, 0x0, 0x0,
    0x0, 0x0, 0x0, 0x0, 0x0, 0x0, 0x0, 0x0,

    /* U+1ED9 "ộ" */
    0x0, 0x0, 0x33, 0x0, 0x0, 0x0, 0x7, 0xff,
    0x70, 0x0, 0x0, 0x5f, 0x66, 0xf5, 0x0, 0x0,
    0x76, 0x0, 0x67, 0x0, 0x0, 0x0, 0x0, 0x0,
    0x0, 0x0, 0x6d, 0xff, 0xd5, 0x0, 0x8, 0xfe,
    0x99, 0xef, 0x80, 0x4f, 0xc0, 0x0, 0xc, 0xf4,
    0xaf, 0x30, 0x0, 0x3, 0xfa, 0xee, 0x0, 0x0,
    0x0, 0xed, 0xfd, 0x0, 0x0, 0x0, 0xdf, 0xee,
    0x0, 0x0, 0x0, 0xee, 0xbf, 0x20, 0x0, 0x2,
    0xfb, 0x5f, 0xa0, 0x0, 0xa, 0xf5, 0xb, 0xfb,
    0x66, 0xcf, 0xb0, 0x0, 0x8f, 0xff, 0xf8, 0x0,
    0x0, 0x0, 0x22, 0x0, 0x0, 0x0, 0x0, 0x11,
    0x0, 0x0, 0x0, 0x1, 0xff, 0x10, 0x0, 0x0,
    0x1, 0xee, 0x10, 0x0, 0x0, 0x0, 0x0, 0x0,
    0x0,

    /* U+1EDA "Ớ" */
    0x0, 0x0, 0x0, 0xc, 0xc0, 0x0, 0x0, 0x0,
    0x0, 0x0, 0x6f, 0x50, 0x0, 0x0, 0x0, 0x0,
    0x0, 0xda, 0x0, 0x5, 0x90, 0x0, 0x0, 0x0,
    0x0, 0x0, 0x9, 0xf0, 0x0, 0x0, 0x59, 0xbb,
    0x99, 0x8d, 0xf0, 0x0, 0x2d, 0xff, 0xff, 0xff,
    0xfd, 0x70, 0x2, 0xff, 0x82, 0x1, 0x6e, 0xf6,
    0x0, 0xc, 0xf5, 0x0, 0x0, 0x2, 0xef, 0x20,
    0x3f, 0xb0, 0x0, 0x0, 0x0, 0x6f, 0x80, 0x8f,
    0x50, 0x0, 0x0, 0x0, 0xf, 0xd0, 0xbf, 0x10,
    0x0, 0x0, 0x0, 0xd, 0xf0, 0xcf, 0x0, 0x0,
    0x0, 0x0, 0xb, 0xf1, 0xbf, 0x10, 0x0, 0x0,
    0x0, 0xc, 0xf0, 0xaf, 0x30, 0x0, 0x0, 0x0,
    0xe, 0xe0, 0x6f, 0x70, 0x0, 0x0, 0x0, 0x3f,
    0xa0, 0x1f, 0xe1, 0x0, 0x0, 0x0, 0xbf, 0x50,
    0x7, 0xfd, 0x20, 0x0, 0x9, 0xfb, 0x0, 0x0,
    0x9f, 0xfb, 0x9a, 0xef, 0xc1, 0x0, 0x0, 0x5,
    0xcf, 0xff, 0xe8, 0x0, 0x0, 0x0, 0x0, 0x0,
    0x21, 0x0, 0x0, 0x0,

    /* U+1EDB "ớ" */
    0x0, 0x0, 0x1, 0x31, 0x0, 0x0, 0x0, 0x0,
    0xcf, 0x10, 0x0, 0x0, 0x0, 0x3f, 0x60, 0x25,
    0x10, 0x0, 0x6, 0x90, 0x6, 0xf4, 0x0, 0x0,
    0x0, 0x0, 0x6f, 0x40, 0x6, 0xdf, 0xff, 0xff,
    0xd1, 0x8, 0xfe, 0x99, 0xef, 0xa0, 0x4, 0xfc,
    0x0, 0x0, 0xcf, 0x40, 0xaf, 0x30, 0x0, 0x3,
    0xfa, 0xe, 0xe0, 0x0, 0x0, 0xe, 0xd0, 0xfd,
    0x0, 0x0, 0x0, 0xdf, 0xe, 0xe0, 0x0, 0x0,
    0xe, 0xe0, 0xbf, 0x20, 0x0, 0x2, 0xfb, 0x5,
    0xfa, 0x0, 0x0, 0xaf, 0x50, 0xb, 0xfb, 0x66,
    0xcf, 0xb0, 0x0, 0x8, 0xff, 0xff, 0x80, 0x0,
    0x0, 0x0, 0x22, 0x0, 0x0, 0x0,

    /* U+1EDC "Ờ" */
    0x0, 0x0, 0x8d, 0x30, 0x0, 0x0, 0x0, 0x0,
    0x0, 0x1e, 0xa0, 0x0, 0x0, 0x0, 0x0, 0x0,
    0x5, 0xf2, 0x0, 0x5, 0x90, 0x0, 0x0, 0x0,
    0x0, 0x0, 0x9, 0xf0, 0x0, 0x0, 0x59, 0xbb,
    0x99, 0x8d, 0xf0, 0x0, 0x2d, 0xff, 0xff, 0xff,
    0xfd, 0x70, 0x2, 0xff, 0x82, 0x1, 0x6e, 0xf6,
    0x0, 0xc, 0xf5, 0x0, 0x0, 0x2, 0xef, 0x20,
    0x3f, 0xb0, 0x0, 0x0, 0x0, 0x6f, 0x80, 0x8f,
    0x50, 0x0, 0x0, 0x0, 0xf, 0xd0, 0xbf, 0x10,
    0x0, 0x0, 0x0, 0xd, 0xf0, 0xcf, 0x0, 0x0,
    0x0, 0x0, 0xb, 0xf1, 0xbf, 0x10, 0x0, 0x0,
    0x0, 0xc, 0xf0, 0xaf, 0x30, 0x0, 0x0, 0x0,
    0xe, 0xe0, 0x6f, 0x70, 0x0, 0x0, 0x0, 0x3f,
    0xa0, 0x1f, 0xe1, 0x0, 0x0, 0x0, 0xbf, 0x50,
    0x7, 0xfd, 0x20, 0x0, 0x9, 0xfb, 0x0, 0x0,
    0x9f, 0xfb, 0x9a, 0xef, 0xc1, 0x0, 0x0, 0x5,
    0xcf, 0xff, 0xe8, 0x0, 0x0, 0x0, 0x0, 0x0,
    0x21, 0x0, 0x0, 0x0,

    /* U+1EDD "ờ" */
    0x0, 0x13, 0x10, 0x0, 0x0, 0x0, 0x2, 0xfb,
    0x0, 0x0, 0x0, 0x0, 0x7, 0xf3, 0x0, 0x25,
    0x10, 0x0, 0x9, 0x60, 0x6, 0xf4, 0x0, 0x0,
    0x0, 0x0, 0x6f, 0x40, 0x6, 0xdf, 0xff, 0xff,
    0xd1, 0x8, 0xfe, 0x99, 0xef, 0xa0, 0x4, 0xfc,
    0x0, 0x0, 0xcf, 0x40, 0xaf, 0x30, 0x0, 0x3,
    0xfa, 0xe, 0xe0, 0x0, 0x0, 0xe, 0xd0, 0xfd,
    0x0, 0x0, 0x0, 0xdf, 0xe, 0xe0, 0x0, 0x0,
    0xe, 0xe0, 0xbf, 0x20, 0x0, 0x2, 0xfb, 0x5,
    0xfa, 0x0, 0x0, 0xaf, 0x50, 0xb, 0xfb, 0x66,
    0xcf, 0xb0, 0x0, 0x8, 0xff, 0xff, 0x80, 0x0,
    0x0, 0x0, 0x22, 0x0, 0x0, 0x0,

    /* U+1EDE "Ở" */
    0x0, 0x0, 0xd, 0xd8, 0x0, 0x0, 0x0, 0x0,
    0x0, 0x4, 0x9f, 0x0, 0x0, 0x0, 0x0, 0x0,
    0x0, 0xd8, 0x0, 0x5, 0x90, 0x0, 0x0, 0x0,
    0x0, 0x0, 0x9, 0xf0, 0x0, 0x0, 0x59, 0xbb,
    0x99, 0x8d, 0xf0, 0x0, 0x2d, 0xff, 0xff, 0xff,
    0xfd, 0x70, 0x2, 0xff, 0x82, 0x1, 0x6e, 0xf6,
    0x0, 0xc, 0xf5, 0x0, 0x0, 0x2, 0xef, 0x20,
    0x3f, 0xb0, 0x0, 0x0, 0x0, 0x6f, 0x80, 0x8f,
    0x50, 0x0, 0x0, 0x0, 0xf, 0xd0, 0xbf, 0x10,
    0x0, 0x0, 0x0, 0xd, 0xf0, 0xcf, 0x0, 0x0,
    0x0, 0x0, 0xb, 0xf1, 0xbf, 0x10, 0x0, 0x0,
    0x0, 0xc, 0xf0, 0xaf, 0x30, 0x0, 0x0, 0x0,
    0xe, 0xe0, 0x6f, 0x70, 0x0, 0x0, 0x0, 0x3f,
    0xa0, 0x1f, 0xe1, 0x0, 0x0, 0x0, 0xbf, 0x50,
    0x7, 0xfd, 0x20, 0x0, 0x9, 0xfb, 0x0, 0x0,
    0x9f, 0xfb, 0x9a, 0xef, 0xc1, 0x0, 0x0, 0x5,
    0xcf, 0xff, 0xe8, 0x0, 0x0, 0x0, 0x0, 0x0,
    0x21, 0x0, 0x0, 0x0,

    /* U+1EDF "ở" */
    0x0, 0x2, 0x31, 0x0, 0x0, 0x0, 0x0, 0x9f,
    0xf3, 0x0, 0x0, 0x0, 0x0, 0x3f, 0x30, 0x25,
    0x10, 0x0, 0x6, 0x80, 0x6, 0xf4, 0x0, 0x0,
    0x0, 0x0, 0x6f, 0x40, 0x6, 0xdf, 0xff, 0xff,
    0xd1, 0x8, 0xfe, 0x99, 0xef, 0xa0, 0x4, 0xfc,
    0x0, 0x0, 0xcf, 0x40, 0xaf, 0x30, 0x0, 0x3,
    0xfa, 0xe, 0xe0, 0x0, 0x0, 0xe, 0xd0, 0xfd,
    0x0, 0x0, 0x0, 0xdf, 0xe, 0xe0, 0x0, 0x0,
    0xe, 0xe0, 0xbf, 0x20, 0x0, 0x2, 0xfb, 0x5,
    0xfa, 0x0, 0x0, 0xaf, 0x50, 0xb, 0xfb, 0x66,
    0xcf, 0xb0, 0x0, 0x8, 0xff, 0xff, 0x80, 0x0,
    0x0, 0x0, 0x22, 0x0, 0x0, 0x0,

    /* U+1EE0 "Ỡ" */
    0x0, 0x0, 0x37, 0x30, 0x53, 0x0, 0x0, 0x0,
    0x0, 0xed, 0xfc, 0xf4, 0x0, 0x0, 0x0, 0x1,
    0x80, 0x17, 0x50, 0x5, 0x90, 0x0, 0x0, 0x0,
    0x0, 0x0, 0x9, 0xf0, 0x0, 0x0, 0x59, 0xbb,
    0x99, 0x8d, 0xf0, 0x0, 0x2d, 0xff, 0xff, 0xff,
    0xfd, 0x70, 0x2, 0xff, 0x82, 0x1, 0x6e, 0xf6,
    0x0, 0xc, 0xf5, 0x0, 0x0, 0x2, 0xef, 0x20,
    0x3f, 0xb0, 0x0, 0x0, 0x0, 0x6f, 0x80, 0x8f,
    0x50, 0x0, 0x0, 0x0, 0xf, 0xd0, 0xbf, 0x10,
    0x0, 0x0, 0x0, 0xd, 0xf0, 0xcf, 0x0, 0x0,
    0x0, 0x0, 0xb, 0xf1, 0xbf, 0x10, 0x0, 0x0,
    0x0, 0xc, 0xf0, 0xaf, 0x30, 0x0, 0x0, 0x0,
    0xe, 0xe0, 0x6f, 0x70, 0x0, 0x0, 0x0, 0x3f,
    0xa0, 0x1f, 0xe1, 0x0, 0x0, 0x0, 0xbf, 0x50,
    0x7, 0xfd, 0x20, 0x0, 0x9, 0xfb, 0x0, 0x0,
    0x9f, 0xfb, 0x9a, 0xef, 0xc1, 0x0, 0x0, 0x5,
    0xcf, 0xff, 0xe8, 0x0, 0x0, 0x0, 0x0, 0x0,
    0x21, 0x0, 0x0, 0x0,

    /* U+1EE1 "ỡ" */
    0x0, 0x3d, 0xb4, 0x7a, 0x0, 0x0, 0xb, 0xb9,
    0xff, 0x62, 0x51, 0x0, 0x10, 0x0, 0x10, 0x6f,
    0x40, 0x0, 0x0, 0x0, 0x6, 0xf4, 0x0, 0x6d,
    0xff, 0xff, 0xfd, 0x10, 0x8f, 0xe9, 0x9e, 0xfa,
    0x0, 0x4f, 0xc0, 0x0, 0xc, 0xf4, 0xa, 0xf3,
    0x0, 0x0, 0x3f, 0xa0, 0xee, 0x0, 0x0, 0x0,
    0xed, 0xf, 0xd0, 0x0, 0x0, 0xd, 0xf0, 0xee,
    0x0, 0x0, 0x0, 0xee, 0xb, 0xf2, 0x0, 0x0,
    0x2f, 0xb0, 0x5f, 0xa0, 0x0, 0xa, 0xf5, 0x0,
    0xbf, 0xb6, 0x6c, 0xfb, 0x0, 0x0, 0x8f, 0xff,
    0xf8, 0x0, 0x0, 0x0, 0x2, 0x20, 0x0, 0x0,

    /* U+1EE2 "Ợ" */
    0x0, 0x0, 0x0, 0x0, 0x0, 0x5, 0x90, 0x0,
    0x0, 0x0, 0x0, 0x0, 0x9, 0xf0, 0x0, 0x0,
    0x59, 0xbb, 0x99, 0x8d, 0xf0, 0x0, 0x2d, 0xff,
    0xff, 0xff, 0xfd, 0x70, 0x2, 0xff, 0x82, 0x1,
    0x6e, 0xf6, 0x0, 0xc, 0xf5, 0x0, 0x0, 0x2,
    0xef, 0x20, 0x3f, 0xb0, 0x0, 0x0, 0x0, 0x6f,
    0x80, 0x8f, 0x50, 0x0, 0x0, 0x0, 0xf, 0xd0,
    0xbf, 0x10, 0x0, 0x0, 0x0, 0xd, 0xf0, 0xcf,
    0x0, 0x0, 0x0, 0x0, 0xb, 0xf1, 0xbf, 0x10,
    0x0, 0x0, 0x0, 0xc, 0xf0, 0xaf, 0x30, 0x0,
    0x0, 0x0, 0xe, 0xe0, 0x6f, 0x70, 0x0, 0x0,
    0x0, 0x3f, 0xa0, 0x1f, 0xe1, 0x0, 0x0, 0x0,
    0xbf, 0x50, 0x7, 0xfd, 0x20, 0x0, 0x9, 0xfb,
    0x0, 0x0, 0x9f, 0xfb, 0x9a, 0xef, 0xc1, 0x0,
    0x0, 0x5, 0xcf, 0xff, 0xe8, 0x0, 0x0, 0x0,
    0x0, 0x0, 0x21, 0x0, 0x0, 0x0, 0x0, 0x0,
    0x0, 0x20, 0x0, 0x0, 0x0, 0x0, 0x0, 0x5,
    0xfc, 0x0, 0x0, 0x0, 0x0, 0x0, 0x5, 0xfa,
    0x0, 0x0, 0x0, 0x0, 0x0, 0x0, 0x0, 0x0,
    0x0, 0x0,

    /* U+1EE3 "ợ" */
    0x0, 0x0, 0x0, 0x0, 0x25, 0x10, 0x0, 0x0,
    0x0, 0x6, 0xf4, 0x0, 0x0, 0x0, 0x0, 0x6f,
    0x40, 0x6, 0xdf, 0xff, 0xff, 0xd1, 0x8, 0xfe,
    0x99, 0xef, 0xa0, 0x4, 0xfc, 0x0, 0x0, 0xcf,
    0x40, 0xaf, 0x30, 0x0, 0x3, 0xfa, 0xe, 0xe0,
    0x0, 0x0, 0xe, 0xd0, 0xfd, 0x0, 0x0, 0x0,
    0xdf, 0xe, 0xe0, 0x0, 0x0, 0xe, 0xe0, 0xbf,
    0x20, 0x0, 0x2, 0xfb, 0x5, 0xfa, 0x0, 0x0,
    0xaf, 0x50, 0xb, 0xfb, 0x66, 0xcf, 0xb0, 0x0,
    0x8, 0xff, 0xff, 0x80, 0x0, 0x0, 0x0, 0x22,
    0x0, 0x0, 0x0, 0x0, 0x1, 0x10, 0x0, 0x0,
    0x0, 0x1, 0xff, 0x10, 0x0, 0x0, 0x0, 0x1e,
    0xe1, 0x0, 0x0, 0x0, 0x0, 0x0, 0x0, 0x0,
    0x0,

    /* U+1EE4 "Ụ" */
    0x28, 0x50, 0x0, 0x0, 0x0, 0x68, 0x13, 0xf9,
    0x0, 0x0, 0x0, 0xb, 0xf2, 0x3f, 0x90, 0x0,
    0x0, 0x0, 0xbf, 0x23, 0xf9, 0x0, 0x0, 0x0,
    0xb, 0xf2, 0x3f, 0x90, 0x0, 0x0, 0x0, 0xbf,
    0x23, 0xf9, 0x0, 0x0, 0x0, 0xb, 0xf2, 0x3f,
    0x90, 0x0, 0x0, 0x0, 0xbf, 0x23, 0xf9, 0x0,
    0x0, 0x0, 0xb, 0xf2, 0x3f, 0x90, 0x0, 0x0,
    0x0, 0xbf, 0x23, 0xf9, 0x0, 0x0, 0x0, 0xb,
    0xf2, 0x2f, 0xa0, 0x0, 0x0, 0x0, 0xcf, 0x10,
    0xfe, 0x0, 0x0, 0x0, 0x1f, 0xe0, 0x9, 0xfa,
    0x0, 0x0, 0x1c, 0xf7, 0x0, 0xd, 0xfe, 0x98,
    0x9e, 0xfb, 0x0, 0x0, 0x8, 0xef, 0xff, 0xe7,
    0x0, 0x0, 0x0, 0x0, 0x23, 0x20, 0x0, 0x0,
    0x0, 0x0, 0x0, 0x20, 0x0, 0x0, 0x0, 0x0,
    0x0, 0x9f, 0x80, 0x0, 0x0, 0x0, 0x0, 0x8,
    0xf7, 0x0, 0x0, 0x0, 0x0, 0x0, 0x0, 0x0,
    0x0, 0x0,

    /* U+1EE5 "ụ" */
    0x6e, 0x40, 0x0, 0x7, 0xe4, 0x7f, 0x40, 0x0,
    0x7, 0xf4, 0x7f, 0x40, 0x0, 0x7, 0xf4, 0x7f,
    0x40, 0x0, 0x7, 0xf4, 0x7f, 0x40, 0x0, 0x7,
    0xf4, 0x7f, 0x40, 0x0, 0x7, 0xf4, 0x7f, 0x40,
    0x0, 0x7, 0xf4, 0x6f, 0x60, 0x0, 0x9, 0xf4,
    0x4f, 0xc0, 0x0, 0x2f, 0xf4, 0xd, 0xfc, 0x89,
    0xea, 0xf4, 0x2, 0xbf, 0xfe, 0x56, 0xf4, 0x0,
    0x0, 0x10, 0x0, 0x0, 0x0, 0x0, 0x11, 0x0,
    0x0, 0x0, 0x2, 0xff, 0x10, 0x0, 0x0, 0x1,
    0xee, 0x0, 0x0, 0x0, 0x0, 0x0, 0x0, 0x0,

    /* U+1EE6 "Ủ" */
    0x0, 0x0, 0x2d, 0xc6, 0x0, 0x0, 0x0, 0x0,
    0x0, 0x4c, 0xc0, 0x0, 0x0, 0x0, 0x0, 0x1,
    0xf5, 0x0, 0x0, 0x0, 0x0, 0x0, 0x0, 0x0,
    0x0, 0x0, 0x28, 0x50, 0x0, 0x0, 0x0, 0x68,
    0x13, 0xf9, 0x0, 0x0, 0x0, 0xb, 0xf2, 0x3f,
    0x90, 0x0, 0x0, 0x0, 0xbf, 0x23, 0xf9, 0x0,
    0x0, 0x0, 0xb, 0xf2, 0x3f, 0x90, 0x0, 0x0,
    0x0, 0xbf, 0x23, 0xf9, 0x0, 0x0, 0x0, 0xb,
    0xf2, 0x3f, 0x90, 0x0, 0x0, 0x0, 0xbf, 0x23,
    0xf9, 0x0, 0x0, 0x0, 0xb, 0xf2, 0x3f, 0x90,
    0x0, 0x0, 0x0, 0xbf, 0x23, 0xf9, 0x0, 0x0,
    0x0, 0xb, 0xf2, 0x2f, 0xa0, 0x0, 0x0, 0x0,
    0xcf, 0x10, 0xfe, 0x0, 0x0, 0x0, 0x1f, 0xe0,
    0x9, 0xfa, 0x0, 0x0, 0x1c, 0xf7, 0x0, 0xd,
    0xfe, 0x98, 0x9e, 0xfb, 0x0, 0x0, 0x8, 0xef,
    0xff, 0xe7, 0x0, 0x0, 0x0, 0x0, 0x23, 0x20,
    0x0, 0x0,

    /* U+1EE7 "ủ" */
    0x0, 0x2, 0x31, 0x0, 0x0, 0x0, 0xa, 0xff,
    0x20, 0x0, 0x0, 0x0, 0x4f, 0x20, 0x0, 0x0,
    0x0, 0x77, 0x0, 0x0, 0x0, 0x0, 0x0, 0x0,
    0x0, 0x6e, 0x40, 0x0, 0x7, 0xe4, 0x7f, 0x40,
    0x0, 0x7, 0xf4, 0x7f, 0x40, 0x0, 0x7, 0xf4,
    0x7f, 0x40, 0x0, 0x7, 0xf4, 0x7f, 0x40, 0x0,
    0x7, 0xf4, 0x7f, 0x40, 0x0, 0x7, 0xf4, 0x7f,
    0x40, 0x0, 0x7, 0xf4, 0x6f, 0x60, 0x0, 0x9,
    0xf4, 0x4f, 0xc0, 0x0, 0x2f, 0xf4, 0xd, 0xfc,
    0x89, 0xea, 0xf4, 0x2, 0xbf, 0xfe, 0x56, 0xf4,
    0x0, 0x0, 0x10, 0x0, 0x0,

    /* U+1EE8 "Ứ" */
    0x0, 0x0, 0x0, 0x2d, 0x90, 0x0, 0x0, 0x0,
    0x0, 0x0, 0x9f, 0x20, 0x0, 0x0, 0x0, 0x0,
    0x1, 0xf7, 0x0, 0x0, 0x68, 0x0, 0x0, 0x0,
    0x0, 0x0, 0x0, 0xce, 0x28, 0x50, 0x0, 0x0,
    0x0, 0x68, 0xed, 0x3f, 0x90, 0x0, 0x0, 0x0,
    0xbf, 0xd5, 0x3f, 0x90, 0x0, 0x0, 0x0, 0xbf,
    0x20, 0x3f, 0x90, 0x0, 0x0, 0x0, 0xbf, 0x20,
    0x3f, 0x90, 0x0, 0x0, 0x0, 0xbf, 0x20, 0x3f,
    0x90, 0x0, 0x0, 0x0, 0xbf, 0x20, 0x3f, 0x90,
    0x0, 0x0, 0x0, 0xbf, 0x20, 0x3f, 0x90, 0x0,
    0x0, 0x0, 0xbf, 0x20, 0x3f, 0x90, 0x0, 0x0,
    0x0, 0xbf, 0x20, 0x3f, 0x90, 0x0, 0x0, 0x0,
    0xbf, 0x20, 0x2f, 0xa0, 0x0, 0x0, 0x0, 0xcf,
    0x10, 0xf, 0xe0, 0x0, 0x0, 0x1, 0xfe, 0x0,
    0x9, 0xfa, 0x0, 0x0, 0x1c, 0xf7, 0x0, 0x0,
    0xdf, 0xe9, 0x89, 0xef, 0xb0, 0x0, 0x0, 0x8,
    0xef, 0xff, 0xe7, 0x0, 0x0, 0x0, 0x0, 0x2,
    0x32, 0x0, 0x0, 0x0,

    /* U+1EE9 "ứ" */
    0x0, 0x0, 0x1, 0x31, 0x0, 0x0, 0x0, 0x0,
    0xde, 0x10, 0x0, 0x0, 0x0, 0x5f, 0x50, 0x3,
    0x50, 0x0, 0x7, 0x80, 0x0, 0x9f, 0x0, 0x0,
    0x0, 0x0, 0x9, 0xf6, 0xe4, 0x0, 0x0, 0x7e,
    0xfb, 0x7f, 0x40, 0x0, 0x7, 0xf6, 0x7, 0xf4,
    0x0, 0x0, 0x7f, 0x40, 0x7f, 0x40, 0x0, 0x7,
    0xf4, 0x7, 0xf4, 0x0, 0x0, 0x7f, 0x40, 0x7f,
    0x40, 0x0, 0x7, 0xf4, 0x7, 0xf4, 0x0, 0x0,
    0x7f, 0x40, 0x6f, 0x60, 0x0, 0x9, 0xf4, 0x4,
    0xfc, 0x0, 0x2, 0xff, 0x40, 0xd, 0xfc, 0x89,
    0xea, 0xf4, 0x0, 0x2b, 0xff, 0xe5, 0x6f, 0x40,
    0x0, 0x0, 0x10, 0x0, 0x0, 0x0,

    /* U+1EEA "Ừ" */
    0x0, 0x0, 0xbd, 0x0, 0x0, 0x0, 0x0, 0x0,
    0x0, 0x3f, 0x70, 0x0, 0x0, 0x0, 0x0, 0x0,
    0x9, 0xe0, 0x0, 0x0, 0x68, 0x0, 0x0, 0x0,
    0x0, 0x0, 0x0, 0xce, 0x28, 0x50, 0x0, 0x0,
    0x0, 0x68, 0xed, 0x3f, 0x90, 0x0, 0x0, 0x0,
    0xbf, 0xd5, 0x3f, 0x90, 0x0, 0x0, 0x0, 0xbf,
    0x20, 0x3f, 0x90, 0x0, 0x0, 0x0, 0xbf, 0x20,
    0x3f, 0x90, 0x0, 0x0, 0x0, 0xbf, 0x20, 0x3f,
    0x90, 0x0, 0x0, 0x0, 0xbf, 0x20, 0x3f, 0x90,
    0x0, 0x0, 0x0, 0xbf, 0x20, 0x3f, 0x90, 0x0,
    0x0, 0x0, 0xbf, 0x20, 0x3f, 0x90, 0x0, 0x0,
    0x0, 0xbf, 0x20, 0x3f, 0x90, 0x0, 0x0, 0x0,
    0xbf, 0x20, 0x2f, 0xa0, 0x0, 0x0, 0x0, 0xcf,
    0x10, 0xf, 0xe0, 0x0, 0x0, 0x1, 0xfe, 0x0,
    0x9, 0xfa, 0x0, 0x0, 0x1c, 0xf7, 0x0, 0x0,
    0xdf, 0xe9, 0x89, 0xef, 0xb0, 0x0, 0x0, 0x8,
    0xef, 0xff, 0xe7, 0x0, 0x0, 0x0, 0x0, 0x2,
    0x32, 0x0, 0x0, 0x0,

    /* U+1EEB "ừ" */
    0x0, 0x23, 0x10, 0x0, 0x0, 0x0, 0x3, 0xfa,
    0x0, 0x0, 0x0, 0x0, 0x8, 0xf2, 0x0, 0x3,
    0x50, 0x0, 0x9, 0x50, 0x0, 0x9f, 0x0, 0x0,
    0x0, 0x0, 0x9, 0xf6, 0xe4, 0x0, 0x0, 0x7e,
    0xfb, 0x7f, 0x40, 0x0, 0x7, 0xf6, 0x7, 0xf4,
    0x0, 0x0, 0x7f, 0x40, 0x7f, 0x40, 0x0, 0x7,
    0xf4, 0x7, 0xf4, 0x0, 0x0, 0x7f, 0x40, 0x7f,
    0x40, 0x0, 0x7, 0xf4, 0x7, 0xf4, 0x0, 0x0,
    0x7f, 0x40, 0x6f, 0x60, 0x0, 0x9, 0xf4, 0x4,
    0xfc, 0x0, 0x2, 0xff, 0x40, 0xd, 0xfc, 0x89,
    0xea, 0xf4, 0x0, 0x2b, 0xff, 0xe5, 0x6f, 0x40,
    0x0, 0x0, 0x10, 0x0, 0x0, 0x0,

    /* U+1EEC "Ử" */
    0x0, 0x0, 0x2d, 0xc6, 0x0, 0x0, 0x0, 0x0,
    0x0, 0x4, 0xcc, 0x0, 0x0, 0x0, 0x0, 0x0,
    0x1, 0xf5, 0x0, 0x0, 0x68, 0x0, 0x0, 0x0,
    0x0, 0x0, 0x0, 0xce, 0x28, 0x50, 0x0, 0x0,
    0x0, 0x68, 0xed, 0x3f, 0x90, 0x0, 0x0, 0x0,
    0xbf, 0xd5, 0x3f, 0x90, 0x0, 0x0, 0x0, 0xbf,
    0x20, 0x3f, 0x90, 0x0, 0x0, 0x0, 0xbf, 0x20,
    0x3f, 0x90, 0x0, 0x0, 0x0, 0xbf, 0x20, 0x3f,
    0x90, 0x0, 0x0, 0x0, 0xbf, 0x20, 0x3f, 0x90,
    0x0, 0x0, 0x0, 0xbf, 0x20, 0x3f, 0x90, 0x0,
    0x0, 0x0, 0xbf, 0x20, 0x3f, 0x90, 0x0, 0x0,
    0x0, 0xbf, 0x20, 0x3f, 0x90, 0x0, 0x0, 0x0,
    0xbf, 0x20, 0x2f, 0xa0, 0x0, 0x0, 0x0, 0xcf,
    0x10, 0xf, 0xe0, 0x0, 0x0, 0x1, 0xfe, 0x0,
    0x9, 0xfa, 0x0, 0x0, 0x1c, 0xf7, 0x0, 0x0,
    0xdf, 0xe9, 0x89, 0xef, 0xb0, 0x0, 0x0, 0x8,
    0xef, 0xff, 0xe7, 0x0, 0x0, 0x0, 0x0, 0x2,
    0x32, 0x0, 0x0, 0x0,

    /* U+1EED "ử" */
    0x0, 0x2, 0x31, 0x0, 0x0, 0x0, 0x0, 0xaf,
    0xf2, 0x0, 0x0, 0x0, 0x0, 0x4f, 0x20, 0x3,
    0x50, 0x0, 0x7, 0x70, 0x0, 0x9f, 0x0, 0x0,
    0x0, 0x0, 0x9, 0xf6, 0xe4, 0x0, 0x0, 0x7e,
    0xfb, 0x7f, 0x40, 0x0, 0x7, 0xf6, 0x7, 0xf4,
    0x0, 0x0, 0x7f, 0x40, 0x7f, 0x40, 0x0, 0x7,
    0xf4, 0x7, 0xf4, 0x0, 0x0, 0x7f, 0x40, 0x7f,
    0x40, 0x0, 0x7, 0xf4, 0x7, 0xf4, 0x0, 0x0,
    0x7f, 0x40, 0x6f, 0x60, 0x0, 0x9, 0xf4, 0x4,
    0xfc, 0x0, 0x2, 0xff, 0x40, 0xd, 0xfc, 0x89,
    0xea, 0xf4, 0x0, 0x2b, 0xff, 0xe5, 0x6f, 0x40,
    0x0, 0x0, 0x10, 0x0, 0x0, 0x0,

    /* U+1EEE "Ữ" */
    0x0, 0x0, 0x47, 0x10, 0x72, 0x0, 0x0, 0x0,
    0x2, 0xfd, 0xfc, 0xf1, 0x0, 0x0, 0x0, 0x2,
    0x70, 0x37, 0x40, 0x0, 0x68, 0x0, 0x0, 0x0,
    0x0, 0x0, 0x0, 0xce, 0x28, 0x50, 0x0, 0x0,
    0x0, 0x68, 0xed, 0x3f, 0x90, 0x0, 0x0, 0x0,
    0xbf, 0xd5, 0x3f, 0x90, 0x0, 0x0, 0x0, 0xbf,
    0x20, 0x3f, 0x90, 0x0, 0x0, 0x0, 0xbf, 0x20,
    0x3f, 0x90, 0x0, 0x0, 0x0, 0xbf, 0x20, 0x3f,
    0x90, 0x0, 0x0, 0x0, 0xbf, 0x20, 0x3f, 0x90,
    0x0, 0x0, 0x0, 0xbf, 0x20, 0x3f, 0x90, 0x0,
    0x0, 0x0, 0xbf, 0x20, 0x3f, 0x90, 0x0, 0x0,
    0x0, 0xbf, 0x20, 0x3f, 0x90, 0x0, 0x0, 0x0,
    0xbf, 0x20, 0x2f, 0xa0, 0x0, 0x0, 0x0, 0xcf,
    0x10, 0xf, 0xe0, 0x0, 0x0, 0x1, 0xfe, 0x0,
    0x9, 0xfa, 0x0, 0x0, 0x1c, 0xf7, 0x0, 0x0,
    0xdf, 0xe9, 0x89, 0xef, 0xb0, 0x0, 0x0, 0x8,
    0xef, 0xff, 0xe7, 0x0, 0x0, 0x0, 0x0, 0x2,
    0x32, 0x0, 0x0, 0x0,

    /* U+1EEF "ữ" */
    0x0, 0x4d, 0xa3, 0x89, 0x0, 0x0, 0xd, 0xa9,
    0xff, 0x50, 0x35, 0x0, 0x20, 0x0, 0x10, 0x9,
    0xf0, 0x0, 0x0, 0x0, 0x0, 0x9f, 0x6e, 0x40,
    0x0, 0x7, 0xef, 0xb7, 0xf4, 0x0, 0x0, 0x7f,
    0x60, 0x7f, 0x40, 0x0, 0x7, 0xf4, 0x7, 0xf4,
    0x0, 0x0, 0x7f, 0x40, 0x7f, 0x40, 0x0, 0x7,
    0xf4, 0x7, 0xf4, 0x0, 0x0, 0x7f, 0x40, 0x7f,
    0x40, 0x0, 0x7, 0xf4, 0x6, 0xf6, 0x0, 0x0,
    0x9f, 0x40, 0x4f, 0xc0, 0x0, 0x2f, 0xf4, 0x0,
    0xdf, 0xc8, 0x9e, 0xaf, 0x40, 0x2, 0xbf, 0xfe,
    0x56, 0xf4, 0x0, 0x0, 0x1, 0x0, 0x0, 0x0,

    /* U+1EF0 "Ự" */
    0x0, 0x0, 0x0, 0x0, 0x0, 0x0, 0x68, 0x0,
    0x0, 0x0, 0x0, 0x0, 0x0, 0xce, 0x28, 0x50,
    0x0, 0x0, 0x0, 0x68, 0xed, 0x3f, 0x90, 0x0,
    0x0, 0x0, 0xbf, 0xd5, 0x3f, 0x90, 0x0, 0x0,
    0x0, 0xbf, 0x20, 0x3f, 0x90, 0x0, 0x0, 0x0,
    0xbf, 0x20, 0x3f, 0x90, 0x0, 0x0, 0x0, 0xbf,
    0x20, 0x3f, 0x90, 0x0, 0x0, 0x0, 0xbf, 0x20,
    0x3f, 0x90, 0x0, 0x0, 0x0, 0xbf, 0x20, 0x3f,
    0x90, 0x0, 0x0, 0x0, 0xbf, 0x20, 0x3f, 0x90,
    0x0, 0x0, 0x0, 0xbf, 0x20, 0x3f, 0x90, 0x0,
    0x0, 0x0, 0xbf, 0x20, 0x2f, 0xa0, 0x0, 0x0,
    0x0, 0xcf, 0x10, 0xf, 0xe0, 0x0, 0x0, 0x1,
    0xfe, 0x0, 0x9, 0xfa, 0x0, 0x0, 0x1c, 0xf7,
    0x0, 0x0, 0xdf, 0xe9, 0x89, 0xef, 0xb0, 0x0,
    0x0, 0x8, 0xef, 0xff, 0xe7, 0x0, 0x0, 0x0,
    0x0, 0x2, 0x32, 0x0, 0x0, 0x0, 0x0, 0x0,
    0x0, 0x20, 0x0, 0x0, 0x0, 0x0, 0x0, 0x9,
    0xf8, 0x0, 0x0, 0x0, 0x0, 0x0, 0x8, 0xf7,
    0x0, 0x0, 0x0, 0x0, 0x0, 0x0, 0x0, 0x0,
    0x0, 0x0,

    /* U+1EF1 "ự" */
    0x0, 0x0, 0x0, 0x0, 0x3, 0x50, 0x0, 0x0,
    0x0, 0x0, 0x9f, 0x0, 0x0, 0x0, 0x0, 0x9,
    0xf6, 0xe4, 0x0, 0x0, 0x7e, 0xfb, 0x7f, 0x40,
    0x0, 0x7, 0xf6, 0x7, 0xf4, 0x0, 0x0, 0x7f,
    0x40, 0x7f, 0x40, 0x0, 0x7, 0xf4, 0x7, 0xf4,
    0x0, 0x0, 0x7f, 0x40, 0x7f, 0x40, 0x0, 0x7,
    0xf4, 0x7, 0xf4, 0x0, 0x0, 0x7f, 0x40, 0x6f,
    0x60, 0x0, 0x9, 0xf4, 0x4, 0xfc, 0x0, 0x2,
    0xff, 0x40, 0xd, 0xfc, 0x89, 0xea, 0xf4, 0x0,
    0x2b, 0xff, 0xe5, 0x6f, 0x40, 0x0, 0x0, 0x10,
    0x0, 0x0, 0x0, 0x0, 0x1, 0x10, 0x0, 0x0,
    0x0, 0x2, 0xff, 0x10, 0x0, 0x0, 0x0, 0x1e,
    0xe0, 0x0, 0x0, 0x0, 0x0, 0x0, 0x0, 0x0,
    0x0,

    /* U+1EF2 "Ỳ" */
    0x0, 0x0, 0x7d, 0x50, 0x0, 0x0, 0x0, 0x0,
    0x0, 0xd, 0xd0, 0x0, 0x0, 0x0, 0x0, 0x0,
    0x4, 0xf4, 0x0, 0x0, 0x0, 0x0, 0x0, 0x0,
    0x0, 0x0, 0x0, 0x0, 0x28, 0x70, 0x0, 0x0,
    0x0, 0x28, 0x70, 0xd, 0xf4, 0x0, 0x0, 0x0,
    0xbf, 0x60, 0x3, 0xfd, 0x0, 0x0, 0x5, 0xfc,
    0x0, 0x0, 0x9f, 0x80, 0x0, 0xe, 0xf2, 0x0,
    0x0, 0x1e, 0xf2, 0x0, 0x8f, 0x80, 0x0, 0x0,
    0x5, 0xfb, 0x2, 0xfe, 0x0, 0x0, 0x0, 0x0,
    0xbf, 0x4b, 0xf4, 0x0, 0x0, 0x0, 0x0, 0x2f,
    0xef, 0xa0, 0x0, 0x0, 0x0, 0x0, 0x7, 0xff,
    0x10, 0x0, 0x0, 0x0, 0x0, 0x2, 0xfb, 0x0,
    0x0, 0x0, 0x0, 0x0, 0x2, 0xfb, 0x0, 0x0,
    0x0, 0x0, 0x0, 0x2, 0xfb, 0x0, 0x0, 0x0,
    0x0, 0x0, 0x2, 0xfb, 0x0, 0x0, 0x0, 0x0,
    0x0, 0x2, 0xfb, 0x0, 0x0, 0x0, 0x0, 0x0,
    0x2, 0xfb, 0x0, 0x0, 0x0,

    /* U+1EF3 "ỳ" */
    0x0, 0x3, 0x30, 0x0, 0x0, 0x0, 0x0, 0x7f,
    0x50, 0x0, 0x0, 0x0, 0x0, 0xcd, 0x0, 0x0,
    0x0, 0x0, 0x2, 0xa2, 0x0, 0x0, 0x0, 0x0,
    0x0, 0x0, 0x0, 0x4, 0xe9, 0x0, 0x0, 0x5,
    0xe7, 0xe, 0xe0, 0x0, 0x0, 0xbf, 0x20, 0x8f,
    0x50, 0x0, 0x1f, 0xc0, 0x2, 0xfa, 0x0, 0x7,
    0xf6, 0x0, 0xc, 0xf1, 0x0, 0xcf, 0x10, 0x0,
    0x6f, 0x60, 0x2f, 0xa0, 0x0, 0x1, 0xfc, 0x8,
    0xf4, 0x0, 0x0, 0xa, 0xf1, 0xdd, 0x0, 0x0,
    0x0, 0x4f, 0x8f, 0x70, 0x0, 0x0, 0x0, 0xef,
    0xf1, 0x0, 0x0, 0x0, 0x8, 0xfb, 0x0, 0x0,
    0x0, 0x0, 0x7f, 0x50, 0x0, 0x0, 0x0, 0xd,
    0xe0, 0x0, 0x0, 0x2, 0x7b, 0xf7, 0x0, 0x0,
    0x0, 0x7f, 0xf9, 0x0, 0x0, 0x0, 0x0, 0x20,
    0x0, 0x0, 0x0, 0x0,

    /* U+1EF4 "Ỵ" */
    0x28, 0x70, 0x0, 0x0, 0x0, 0x28, 0x70, 0xd,
    0xf4, 0x0, 0x0, 0x0, 0xbf, 0x60, 0x3, 0xfd,
    0x0, 0x0, 0x5, 0xfc, 0x0, 0x0, 0x9f, 0x80,
    0x0, 0xe, 0xf2, 0x0, 0x0, 0x1e, 0xf2, 0x0,
    0x8f, 0x80, 0x0, 0x0, 0x5, 0xfb, 0x2, 0xfe,
    0x0, 0x0, 0x0, 0x0, 0xbf, 0x4b, 0xf4, 0x0,
    0x0, 0x0, 0x0, 0x2f, 0xef, 0xa0, 0x0, 0x0,
    0x0, 0x0, 0x7, 0xff, 0x10, 0x0, 0x0, 0x0,
    0x0, 0x2, 0xfb, 0x0, 0x0, 0x0, 0x0, 0x0,
    0x2, 0xfb, 0x0, 0x0, 0x0, 0x0, 0x0, 0x2,
    0xfb, 0x0, 0x0, 0x0, 0x0, 0x0, 0x2, 0xfb,
    0x0, 0x0, 0x0, 0x0, 0x0, 0x2, 0xfb, 0x0,
    0x0, 0x0, 0x0, 0x0, 0x2, 0xfb, 0x0, 0x0,
    0x0, 0x0, 0x0, 0x0, 0x0, 0x0, 0x0, 0x0,
    0x0, 0x0, 0x0, 0x20, 0x0, 0x0, 0x0, 0x0,
    0x0, 0x4, 0xfe, 0x0, 0x0, 0x0, 0x0, 0x0,
    0x3, 0xfd, 0x0, 0x0, 0x0, 0x0, 0x0, 0x0,
    0x0, 0x0, 0x0, 0x0,

    /* U+1EF5 "ỵ" */
    0x4e, 0x90, 0x0, 0x0, 0x5e, 0x70, 0xee, 0x0,
    0x0, 0xb, 0xf2, 0x8, 0xf5, 0x0, 0x1, 0xfc,
    0x0, 0x2f, 0xa0, 0x0, 0x7f, 0x60, 0x0, 0xcf,
    0x10, 0xc, 0xf1, 0x0, 0x6, 0xf6, 0x2, 0xfa,
    0x0, 0x0, 0x1f, 0xc0, 0x8f, 0x40, 0x0, 0x0,
    0xaf, 0x1d, 0xd0, 0x0, 0x0, 0x4, 0xf8, 0xf7,
    0x0, 0x0, 0x0, 0xe, 0xff, 0x10, 0x0, 0x0,
    0x0, 0x8f, 0xb0, 0x0, 0x0, 0x0, 0x7, 0xf5,
    0x0, 0x0, 0x0, 0x0, 0xde, 0x0, 0x20, 0x0,
    0x27, 0xbf, 0x70, 0xaf, 0x70, 0x7, 0xff, 0x90,
    0x9, 0xf6, 0x0, 0x2, 0x0, 0x0, 0x0, 0x0,

    /* U+1EF6 "Ỷ" */
    0x0, 0x0, 0xb, 0xd9, 0x0, 0x0, 0x0, 0x0,
    0x0, 0x4, 0x8f, 0x10, 0x0, 0x0, 0x0, 0x0,
    0x0, 0xba, 0x0, 0x0, 0x0, 0x0, 0x0, 0x0,
    0x0, 0x0, 0x0, 0x0, 0x28, 0x70, 0x0, 0x0,
    0x0, 0x28, 0x70, 0xd, 0xf4, 0x0, 0x0, 0x0,
    0xbf, 0x60, 0x3, 0xfd, 0x0, 0x0, 0x5, 0xfc,
    0x0, 0x0, 0x9f, 0x80, 0x0, 0xe, 0xf2, 0x0,
    0x0, 0x1e, 0xf2, 0x0, 0x8f, 0x80, 0x0, 0x0,
    0x5, 0xfb, 0x2, 0xfe, 0x0, 0x0, 0x0, 0x0,
    0xbf, 0x4b, 0xf4, 0x0, 0x0, 0x0, 0x0, 0x2f,
    0xef, 0xa0, 0x0, 0x0, 0x0, 0x0, 0x7, 0xff,
    0x10, 0x0, 0x0, 0x0, 0x0, 0x2, 0xfb, 0x0,
    0x0, 0x0, 0x0, 0x0, 0x2, 0xfb, 0x0, 0x0,
    0x0, 0x0, 0x0, 0x2, 0xfb, 0x0, 0x0, 0x0,
    0x0, 0x0, 0x2, 0xfb, 0x0, 0x0, 0x0, 0x0,
    0x0, 0x2, 0xfb, 0x0, 0x0, 0x0, 0x0, 0x0,
    0x2, 0xfb, 0x0, 0x0, 0x0,

    /* U+1EF7 "ỷ" */
    0x0, 0x0, 0x32, 0x0, 0x0, 0x0, 0x0, 0xf,
    0xfd, 0x0, 0x0, 0x0, 0x0, 0x8, 0xd0, 0x0,
    0x0, 0x0, 0x0, 0x94, 0x0, 0x0, 0x0, 0x0,
    0x0, 0x0, 0x0, 0x4, 0xe9, 0x0, 0x0, 0x5,
    0xe7, 0xe, 0xe0, 0x0, 0x0, 0xbf, 0x20, 0x8f,
    0x50, 0x0, 0x1f, 0xc0, 0x2, 0xfa, 0x0, 0x7,
    0xf6, 0x0, 0xc, 0xf1, 0x0, 0xcf, 0x10, 0x0,
    0x6f, 0x60, 0x2f, 0xa0, 0x0, 0x1, 0xfc, 0x8,
    0xf4, 0x0, 0x0, 0xa, 0xf1, 0xdd, 0x0, 0x0,
    0x0, 0x4f, 0x8f, 0x70, 0x0, 0x0, 0x0, 0xef,
    0xf1, 0x0, 0x0, 0x0, 0x8, 0xfb, 0x0, 0x0,
    0x0, 0x0, 0x7f, 0x50, 0x0, 0x0, 0x0, 0xd,
    0xe0, 0x0, 0x0, 0x2, 0x7b, 0xf7, 0x0, 0x0,
    0x0, 0x7f, 0xf9, 0x0, 0x0, 0x0, 0x0, 0x20,
    0x0, 0x0, 0x0, 0x0,

    /* U+1EF8 "Ỹ" */
    0x0, 0x0, 0x27, 0x40, 0x54, 0x0, 0x0, 0x0,
    0x0, 0xde, 0xfd, 0xf6, 0x0, 0x0, 0x0, 0x0,
    0x71, 0x16, 0x60, 0x0, 0x0, 0x0, 0x0, 0x0,
    0x0, 0x0, 0x0, 0x0, 0x28, 0x70, 0x0, 0x0,
    0x0, 0x28, 0x70, 0xd, 0xf4, 0x0, 0x0, 0x0,
    0xbf, 0x60, 0x3, 0xfd, 0x0, 0x0, 0x5, 0xfc,
    0x0, 0x0, 0x9f, 0x80, 0x0, 0xe, 0xf2, 0x0,
    0x0, 0x1e, 0xf2, 0x0, 0x8f, 0x80, 0x0, 0x0,
    0x5, 0xfb, 0x2, 0xfe, 0x0, 0x0, 0x0, 0x0,
    0xbf, 0x4b, 0xf4, 0x0, 0x0, 0x0, 0x0, 0x2f,
    0xef, 0xa0, 0x0, 0x0, 0x0, 0x0, 0x7, 0xff,
    0x10, 0x0, 0x0, 0x0, 0x0, 0x2, 0xfb, 0x0,
    0x0, 0x0, 0x0, 0x0, 0x2, 0xfb, 0x0, 0x0,
    0x0, 0x0, 0x0, 0x2, 0xfb, 0x0, 0x0, 0x0,
    0x0, 0x0, 0x2, 0xfb, 0x0, 0x0, 0x0, 0x0,
    0x0, 0x2, 0xfb, 0x0, 0x0, 0x0, 0x0, 0x0,
    0x2, 0xfb, 0x0, 0x0, 0x0,

    /* U+1EF9 "ỹ" */
    0x0, 0x8, 0xd8, 0x2b, 0x50, 0x0, 0x1, 0xf8,
    0xcf, 0xe1, 0x0, 0x0, 0x2, 0x0, 0x10, 0x0,
    0x0, 0x0, 0x0, 0x0, 0x0, 0x0, 0x4e, 0x90,
    0x0, 0x0, 0x5e, 0x70, 0xee, 0x0, 0x0, 0xb,
    0xf2, 0x8, 0xf5, 0x0, 0x1, 0xfc, 0x0, 0x2f,
    0xa0, 0x0, 0x7f, 0x60, 0x0, 0xcf, 0x10, 0xc,
    0xf1, 0x0, 0x6, 0xf6, 0x2, 0xfa, 0x0, 0x0,
    0x1f, 0xc0, 0x8f, 0x40, 0x0, 0x0, 0xaf, 0x1d,
    0xd0, 0x0, 0x0, 0x4, 0xf8, 0xf7, 0x0, 0x0,
    0x0, 0xe, 0xff, 0x10, 0x0, 0x0, 0x0, 0x8f,
    0xb0, 0x0, 0x0, 0x0, 0x7, 0xf5, 0x0, 0x0,
    0x0, 0x0, 0xde, 0x0, 0x0, 0x0, 0x27, 0xbf,
    0x70, 0x0, 0x0, 0x7, 0xff, 0x90, 0x0, 0x0,
    0x0, 0x2, 0x0, 0x0, 0x0, 0x0,

    /* U+2013 "–" */
    0x99, 0x99, 0x99, 0x99, 0x99, 0xff, 0xff, 0xff,
    0xff, 0xff,

    /* U+2014 "—" */
    0x99, 0x99, 0x99, 0x99, 0x99, 0x99, 0x99, 0x99,
    0x99, 0x99, 0xff, 0xff, 0xff, 0xff, 0xff, 0xff,
    0xff, 0xff, 0xff, 0xff,

    /* U+2018 "‘" */
    0x0, 0xf5, 0x5, 0xf3, 0x9, 0xf0, 0xe, 0xe0,
    0x2f, 0xb0, 0x28, 0x40,

    /* U+2019 "’" */
    0x4, 0x82, 0xb, 0xf2, 0xe, 0xe0, 0xf, 0x90,
    0x3f, 0x50, 0x5f, 0x0,

    /* U+201A "‚" */
    0x7, 0x70, 0x2f, 0xc0, 0x4f, 0x70, 0x7f, 0x30,
    0x9e, 0x0, 0xca, 0x0,

    /* U+201C "“" */
    0x0, 0xf5, 0x7, 0xf0, 0x5, 0xf3, 0xb, 0xc0,
    0x9, 0xf0, 0xf, 0xa0, 0xe, 0xe0, 0x4f, 0x70,
    0x2f, 0xb0, 0x9f, 0x50, 0x28, 0x40, 0x68, 0x10,

    /* U+201D "”" */
    0xa, 0xf4, 0x1f, 0xe0, 0xd, 0xf0, 0x3f, 0x90,
    0xf, 0xb0, 0x6f, 0x50, 0x2f, 0x70, 0x8f, 0x10,
    0x4f, 0x20, 0xbc, 0x0, 0x37, 0x0, 0x64, 0x0,

    /* U+201E "„" */
    0x7, 0x70, 0x38, 0x42, 0xfc, 0x8, 0xf5, 0x4f,
    0x70, 0xbf, 0x17, 0xf3, 0xd, 0xc0, 0x9e, 0x0,
    0xf8, 0xc, 0xa0, 0x2f, 0x30,

    /* U+2022 "•" */
    0x0, 0x2, 0x10, 0x0, 0x5f, 0xff, 0x80, 0x2f,
    0xff, 0xff, 0x67, 0xff, 0xff, 0xfb, 0x6f, 0xff,
    0xff, 0xa1, 0xef, 0xff, 0xf4, 0x2, 0xcf, 0xd5,
    0x0,

    /* U+2026 "…" */
    0x8, 0x60, 0x0, 0x19, 0x40, 0x0, 0x39, 0x26,
    0xff, 0x20, 0x9, 0xfe, 0x0, 0xd, 0xfa, 0x2e,
    0xc0, 0x0, 0x5f, 0x90, 0x0, 0x8f, 0x50,

    /* U+2032 "′" */
    0x8f, 0x5a, 0xf2, 0xbe, 0xd, 0xa0, 0xe6, 0x3,
    0x10,

    /* U+2033 "″" */
    0x8f, 0x50, 0x2f, 0xca, 0xf2, 0x3, 0xf8, 0xbe,
    0x0, 0x5f, 0x4d, 0xa0, 0x7, 0xf1, 0xe6, 0x0,
    0x8d, 0x3, 0x10, 0x2, 0x20,

    /* U+2039 "‹" */
    0x0, 0x0, 0x8f, 0x70, 0x0, 0x6f, 0xa0, 0x0,
    0x4f, 0xc0, 0x0, 0x2e, 0xe1, 0x0, 0xc, 0xf4,
    0x0, 0x0, 0x4f, 0xc0, 0x0, 0x0, 0x6f, 0xa0,
    0x0, 0x0, 0x8f, 0x80, 0x0, 0x0, 0xaf, 0x50,
    0x0, 0x0, 0x22,

    /* U+203A "›" */
    0xc, 0xf3, 0x0, 0x0, 0x1e, 0xe2, 0x0, 0x0,
    0x2f, 0xd1, 0x0, 0x0, 0x4f, 0xc0, 0x0, 0x0,
    0x9f, 0x70, 0x0, 0x3f, 0xd1, 0x0, 0x1e, 0xe2,
    0x0, 0xc, 0xf3, 0x0, 0xa, 0xf5, 0x0, 0x0,
    0x22, 0x0, 0x0
};


/*---------------------
 *  GLYPH DESCRIPTION
 *--------------------*/

static const lv_font_fmt_txt_glyph_dsc_t glyph_dsc[] = {
    {.bitmap_index = 0, .adv_w = 0, .box_w = 0, .box_h = 0, .ofs_x = 0, .ofs_y = 0} /* id = 0 reserved */,
    {.bitmap_index = 0, .adv_w = 90, .box_w = 0, .box_h = 0, .ofs_x = 0, .ofs_y = 0},
    {.bitmap_index = 0, .adv_w = 92, .box_w = 4, .box_h = 14, .ofs_x = 1, .ofs_y = 0},
    {.bitmap_index = 28, .adv_w = 149, .box_w = 6, .box_h = 6, .ofs_x = 2, .ofs_y = 8},
    {.bitmap_index = 46, .adv_w = 203, .box_w = 13, .box_h = 14, .ofs_x = 0, .ofs_y = 0},
    {.bitmap_index = 137, .adv_w = 205, .box_w = 11, .box_h = 19, .ofs_x = 1, .ofs_y = -2},
    {.bitmap_index = 242, .adv_w = 314, .box_w = 16, .box_h = 14, .ofs_x = 2, .ofs_y = 0},
    {.bitmap_index = 354, .adv_w = 206, .box_w = 12, .box_h = 14, .ofs_x = 1, .ofs_y = 0},
    {.bitmap_index = 438, .adv_w = 96, .box_w = 2, .box_h = 6, .ofs_x = 2, .ofs_y = 8},
    {.bitmap_index = 444, .adv_w = 117, .box_w = 5, .box_h = 18, .ofs_x = 2, .ofs_y = -3},
    {.bitmap_index = 489, .adv_w = 117, .box_w = 6, .box_h = 18, .ofs_x = 0, .ofs_y = -3},
    {.bitmap_index = 543, .adv_w = 160, .box_w = 8, .box_h = 9, .ofs_x = 1, .ofs_y = 5},
    {.bitmap_index = 579, .adv_w = 212, .box_w = 11, .box_h = 10, .ofs_x = 1, .ofs_y = 1},
    {.bitmap_index = 634, .adv_w = 92, .box_w = 4, .box_h = 6, .ofs_x = 1, .ofs_y = -3},
    {.bitmap_index = 646, .adv_w = 147, .box_w = 7, .box_h = 2, .ofs_x = 1, .ofs_y = 5},
    {.bitmap_index = 653, .adv_w = 92, .box_w = 4, .box_h = 3, .ofs_x = 1, .ofs_y = 0},
    {.bitmap_index = 659, .adv_w = 115, .box_w = 7, .box_h = 18, .ofs_x = 0, .ofs_y = -2},
    {.bitmap_index = 722, .adv_w = 202, .box_w = 11, .box_h = 14, .ofs_x = 1, .ofs_y = 0},
    {.bitmap_index = 799, .adv_w = 130, .box_w = 7, .box_h = 14, .ofs_x = 0, .ofs_y = 0},
    {.bitmap_index = 848, .adv_w = 195, .box_w = 10, .box_h = 14, .ofs_x = 1, .ofs_y = 0},
    {.bitmap_index = 918, .adv_w = 198, .box_w = 11, .box_h = 14, .ofs_x = 1, .ofs_y = 0},
    {.bitmap_index = 995, .adv_w = 207, .box_w = 11, .box_h = 14, .ofs_x = 1, .ofs_y = 0},
    {.bitmap_index = 1072, .adv_w = 190, .box_w = 10, .box_h = 14, .ofs_x = 1, .ofs_y = 0},
    {.bitmap_index = 1142, .adv_w = 198, .box_w = 11, .box_h = 14, .ofs_x = 1, .ofs_y = 0},
    {.bitmap_index = 1219, .adv_w = 181, .box_w = 11, .box_h = 14, .ofs_x = 0, .ofs_y = 0},
    {.bitmap_index = 1296, .adv_w = 198, .box_w = 11, .box_h = 14, .ofs_x = 1, .ofs_y = 0},
    {.bitmap_index = 1373, .adv_w = 198, .box_w = 11, .box_h = 14, .ofs_x = 1, .ofs_y = 0},
    {.bitmap_index = 1450, .adv_w = 92, .box_w = 4, .box_h = 11, .ofs_x = 1, .ofs_y = 0},
    {.bitmap_index = 1472, .adv_w = 97, .box_w = 4, .box_h = 14, .ofs_x = 1, .ofs_y = -3},
    {.bitmap_index = 1500, .adv_w = 212, .box_w = 10, .box_h = 11, .ofs_x = 1, .ofs_y = 0},
    {.bitmap_index = 1555, .adv_w = 212, .box_w = 10, .box_h = 6, .ofs_x = 2, .ofs_y = 3},
    {.bitmap_index = 1585, .adv_w = 212, .box_w = 10, .box_h = 11, .ofs_x = 2, .ofs_y = 0},
    {.bitmap_index = 1640, .adv_w = 164, .box_w = 10, .box_h = 14, .ofs_x = 0, .ofs_y = 0},
    {.bitmap_index = 1710, .adv_w = 309, .box_w = 18, .box_h = 19, .ofs_x = 1, .ofs_y = -4},
    {.bitmap_index = 1881, .adv_w = 221, .box_w = 14, .box_h = 14, .ofs_x = 0, .ofs_y = 0},
    {.bitmap_index = 1979, .adv_w = 209, .box_w = 11, .box_h = 14, .ofs_x = 1, .ofs_y = 0},
    {.bitmap_index = 2056, .adv_w = 234, .box_w = 13, .box_h = 14, .ofs_x = 1, .ofs_y = 0},
    {.bitmap_index = 2147, .adv_w = 231, .box_w = 13, .box_h = 14, .ofs_x = 1, .ofs_y = 0},
    {.bitmap_index = 2238, .adv_w = 192, .box_w = 10, .box_h = 14, .ofs_x = 1, .ofs_y = 0},
    {.bitmap_index = 2308, .adv_w = 189, .box_w = 10, .box_h = 14, .ofs_x = 1, .ofs_y = 0},
    {.bitmap_index = 2378, .adv_w = 239, .box_w = 13, .box_h = 14, .ofs_x = 1, .ofs_y = 0},
    {.bitmap_index = 2469, .adv_w = 238, .box_w = 13, .box_h = 14, .ofs_x = 1, .ofs_y = 0},
    {.bitmap_index = 2560, .adv_w = 86, .box_w = 3, .box_h = 14, .ofs_x = 1, .ofs_y = 0},
    {.bitmap_index = 2581, .adv_w = 183, .box_w = 10, .box_h = 14, .ofs_x = 0, .ofs_y = 0},
    {.bitmap_index = 2651, .adv_w = 215, .box_w = 12, .box_h = 14, .ofs_x = 1, .ofs_y = 0},
    {.bitmap_index = 2735, .adv_w = 181, .box_w = 10, .box_h = 14, .ofs_x = 1, .ofs_y = 0},
    {.bitmap_index = 2805, .adv_w = 289, .box_w = 16, .box_h = 14, .ofs_x = 1, .ofs_y = 0},
    {.bitmap_index = 2917, .adv_w = 241, .box_w = 13, .box_h = 14, .ofs_x = 1, .ofs_y = 0},
    {.bitmap_index = 3008, .adv_w = 245, .box_w = 14, .box_h = 14, .ofs_x = 1, .ofs_y = 0},
    {.bitmap_index = 3106, .adv_w = 204, .box_w = 11, .box_h = 14, .ofs_x = 1, .ofs_y = 0},
    {.bitmap_index = 3183, .adv_w = 245, .box_w = 14, .box_h = 15, .ofs_x = 1, .ofs_y = -1},
    {.bitmap_index = 3288, .adv_w = 206, .box_w = 12, .box_h = 14, .ofs_x = 1, .ofs_y = 0},
    {.bitmap_index = 3372, .adv_w = 205, .box_w = 11, .box_h = 14, .ofs_x = 1, .ofs_y = 0},
    {.bitmap_index = 3449, .adv_w = 207, .box_w = 12, .box_h = 14, .ofs_x = 0, .ofs_y = 0},
    {.bitmap_index = 3533, .adv_w = 238, .box_w = 13, .box_h = 14, .ofs_x = 1, .ofs_y = 0},
    {.bitmap_index = 3624, .adv_w = 221, .box_w = 14, .box_h = 14, .ofs_x = 0, .ofs_y = 0},
    {.bitmap_index = 3722, .adv_w = 315, .box_w = 20, .box_h = 14, .ofs_x = 0, .ofs_y = 0},
    {.bitmap_index = 3862, .adv_w = 218, .box_w = 14, .box_h = 14, .ofs_x = 0, .ofs_y = 0},
    {.bitmap_index = 3960, .adv_w = 217, .box_w = 14, .box_h = 14, .ofs_x = 0, .ofs_y = 0},
    {.bitmap_index = 4058, .adv_w = 201, .box_w = 11, .box_h = 14, .ofs_x = 1, .ofs_y = 0},
    {.bitmap_index = 4135, .adv_w = 117, .box_w = 5, .box_h = 19, .ofs_x = 2, .ofs_y = -3},
    {.bitmap_index = 4183, .adv_w = 115, .box_w = 7, .box_h = 18, .ofs_x = 0, .ofs_y = -2},
    {.bitmap_index = 4246, .adv_w = 117, .box_w = 5, .box_h = 19, .ofs_x = 1, .ofs_y = -3},
    {.bitmap_index = 4294, .adv_w = 151, .box_w = 9, .box_h = 6, .ofs_x = 0, .ofs_y = 8},
    {.bitmap_index = 4321, .adv_w = 146, .box_w = 10, .box_h = 2, .ofs_x = 0, .ofs_y = -2},
    {.bitmap_index = 4331, .adv_w = 103, .box_w = 4, .box_h = 3, .ofs_x = 1, .ofs_y = 12},
    {.bitmap_index = 4337, .adv_w = 180, .box_w = 10, .box_h = 11, .ofs_x = 0, .ofs_y = 0},
    {.bitmap_index = 4392, .adv_w = 196, .box_w = 11, .box_h = 14, .ofs_x = 1, .ofs_y = 0},
    {.bitmap_index = 4469, .adv_w = 183, .box_w = 10, .box_h = 11, .ofs_x = 1, .ofs_y = 0},
    {.bitmap_index = 4524, .adv_w = 196, .box_w = 10, .box_h = 14, .ofs_x = 1, .ofs_y = 0},
    {.bitmap_index = 4594, .adv_w = 187, .box_w = 10, .box_h = 11, .ofs_x = 1, .ofs_y = 0},
    {.bitmap_index = 4649, .adv_w = 118, .box_w = 8, .box_h = 14, .ofs_x = 0, .ofs_y = 0},
    {.bitmap_index = 4705, .adv_w = 196, .box_w = 10, .box_h = 15, .ofs_x = 1, .ofs_y = -4},
    {.bitmap_index = 4780, .adv_w = 189, .box_w = 10, .box_h = 14, .ofs_x = 1, .ofs_y = 0},
    {.bitmap_index = 4850, .adv_w = 78, .box_w = 3, .box_h = 14, .ofs_x = 1, .ofs_y = 0},
    {.bitmap_index = 4871, .adv_w = 78, .box_w = 5, .box_h = 18, .ofs_x = -1, .ofs_y = -4},
    {.bitmap_index = 4916, .adv_w = 176, .box_w = 10, .box_h = 14, .ofs_x = 1, .ofs_y = 0},
    {.bitmap_index = 4986, .adv_w = 78, .box_w = 3, .box_h = 14, .ofs_x = 1, .ofs_y = 0},
    {.bitmap_index = 5007, .adv_w = 280, .box_w = 15, .box_h = 11, .ofs_x = 1, .ofs_y = 0},
    {.bitmap_index = 5090, .adv_w = 189, .box_w = 10, .box_h = 11, .ofs_x = 1, .ofs_y = 0},
    {.bitmap_index = 5145, .adv_w = 192, .box_w = 10, .box_h = 11, .ofs_x = 1, .ofs_y = 0},
    {.bitmap_index = 5200, .adv_w = 196, .box_w = 11, .box_h = 15, .ofs_x = 1, .ofs_y = -4},
    {.bitmap_index = 5283, .adv_w = 196, .box_w = 10, .box_h = 15, .ofs_x = 1, .ofs_y = -4},
    {.bitmap_index = 5358, .adv_w = 120, .box_w = 7, .box_h = 11, .ofs_x = 1, .ofs_y = 0},
    {.bitmap_index = 5397, .adv_w = 169, .box_w = 9, .box_h = 11, .ofs_x = 1, .ofs_y = 0},
    {.bitmap_index = 5447, .adv_w = 105, .box_w = 7, .box_h = 14, .ofs_x = 0, .ofs_y = 0},
    {.bitmap_index = 5496, .adv_w = 189, .box_w = 10, .box_h = 11, .ofs_x = 1, .ofs_y = 0},
    {.bitmap_index = 5551, .adv_w = 180, .box_w = 11, .box_h = 11, .ofs_x = 0, .ofs_y = 0},
    {.bitmap_index = 5612, .adv_w = 262, .box_w = 16, .box_h = 11, .ofs_x = 0, .ofs_y = 0},
    {.bitmap_index = 5700, .adv_w = 175, .box_w = 11, .box_h = 11, .ofs_x = 0, .ofs_y = 0},
    {.bitmap_index = 5761, .adv_w = 180, .box_w = 11, .box_h = 15, .ofs_x = 0, .ofs_y = -4},
    {.bitmap_index = 5844, .adv_w = 177, .box_w = 9, .box_h = 11, .ofs_x = 1, .ofs_y = 0},
    {.bitmap_index = 5894, .adv_w = 136, .box_w = 7, .box_h = 19, .ofs_x = 1, .ofs_y = -5},
    {.bitmap_index = 5961, .adv_w = 106, .box_w = 3, .box_h = 24, .ofs_x = 2, .ofs_y = -5},
    {.bitmap_index = 5997, .adv_w = 136, .box_w = 7, .box_h = 19, .ofs_x = 1, .ofs_y = -5},
    {.bitmap_index = 6064, .adv_w = 212, .box_w = 11, .box_h = 4, .ofs_x = 1, .ofs_y = 4},
    {.bitmap_index = 6086, .adv_w = 90, .box_w = 0, .box_h = 0, .ofs_x = 0, .ofs_y = 0},
    {.bitmap_index = 6086, .adv_w = 92, .box_w = 4, .box_h = 15, .ofs_x = 1, .ofs_y = -4},
    {.bitmap_index = 6116, .adv_w = 183, .box_w = 10, .box_h = 14, .ofs_x = 1, .ofs_y = 0},
    {.bitmap_index = 6186, .adv_w = 195, .box_w = 11, .box_h = 14, .ofs_x = 1, .ofs_y = 0},
    {.bitmap_index = 6263, .adv_w = 232, .box_w = 13, .box_h = 13, .ofs_x = 1, .ofs_y = 0},
    {.bitmap_index = 6348, .adv_w = 176, .box_w = 11, .box_h = 14, .ofs_x = 0, .ofs_y = 0},
    {.bitmap_index = 6425, .adv_w = 86, .box_w = 3, .box_h = 17, .ofs_x = 1, .ofs_y = -3},
    {.bitmap_index = 6451, .adv_w = 182, .box_w = 10, .box_h = 18, .ofs_x = 1, .ofs_y = -4},
    {.bitmap_index = 6541, .adv_w = 189, .box_w = 8, .box_h = 3, .ofs_x = 2, .ofs_y = 13},
    {.bitmap_index = 6553, .adv_w = 293, .box_w = 16, .box_h = 15, .ofs_x = 1, .ofs_y = 0},
    {.bitmap_index = 6673, .adv_w = 145, .box_w = 8, .box_h = 10, .ofs_x = 0, .ofs_y = 6},
    {.bitmap_index = 6713, .adv_w = 186, .box_w = 11, .box_h = 10, .ofs_x = 0, .ofs_y = 1},
    {.bitmap_index = 6768, .adv_w = 212, .box_w = 9, .box_h = 5, .ofs_x = 2, .ofs_y = 3},
    {.bitmap_index = 6791, .adv_w = 213, .box_w = 13, .box_h = 13, .ofs_x = 0, .ofs_y = 3},
    {.bitmap_index = 6876, .adv_w = 153, .box_w = 6, .box_h = 3, .ofs_x = 2, .ofs_y = 12},
    {.bitmap_index = 6885, .adv_w = 146, .box_w = 7, .box_h = 8, .ofs_x = 1, .ofs_y = 7},
    {.bitmap_index = 6913, .adv_w = 212, .box_w = 10, .box_h = 10, .ofs_x = 2, .ofs_y = 1},
    {.bitmap_index = 6963, .adv_w = 141, .box_w = 7, .box_h = 8, .ofs_x = 1, .ofs_y = 9},
    {.bitmap_index = 6991, .adv_w = 143, .box_w = 8, .box_h = 8, .ofs_x = 1, .ofs_y = 9},
    {.bitmap_index = 7023, .adv_w = 103, .box_w = 4, .box_h = 3, .ofs_x = 1, .ofs_y = 12},
    {.bitmap_index = 7029, .adv_w = 188, .box_w = 11, .box_h = 15, .ofs_x = 1, .ofs_y = -4},
    {.bitmap_index = 7112, .adv_w = 193, .box_w = 10, .box_h = 14, .ofs_x = 1, .ofs_y = 0},
    {.bitmap_index = 7182, .adv_w = 92, .box_w = 4, .box_h = 3, .ofs_x = 1, .ofs_y = 6},
    {.bitmap_index = 7188, .adv_w = 86, .box_w = 4, .box_h = 6, .ofs_x = 1, .ofs_y = -5},
    {.bitmap_index = 7200, .adv_w = 97, .box_w = 5, .box_h = 8, .ofs_x = 0, .ofs_y = 9},
    {.bitmap_index = 7220, .adv_w = 154, .box_w = 9, .box_h = 10, .ofs_x = 0, .ofs_y = 6},
    {.bitmap_index = 7265, .adv_w = 186, .box_w = 11, .box_h = 10, .ofs_x = 0, .ofs_y = 1},
    {.bitmap_index = 7320, .adv_w = 257, .box_w = 16, .box_h = 15, .ofs_x = 0, .ofs_y = -1},
    {.bitmap_index = 7440, .adv_w = 271, .box_w = 16, .box_h = 16, .ofs_x = 0, .ofs_y = -1},
    {.bitmap_index = 7568, .adv_w = 282, .box_w = 17, .box_h = 16, .ofs_x = 0, .ofs_y = -1},
    {.bitmap_index = 7704, .adv_w = 164, .box_w = 9, .box_h = 15, .ofs_x = 1, .ofs_y = -4},
    {.bitmap_index = 7772, .adv_w = 221, .box_w = 14, .box_h = 19, .ofs_x = 0, .ofs_y = 0},
    {.bitmap_index = 7905, .adv_w = 221, .box_w = 14, .box_h = 19, .ofs_x = 0, .ofs_y = 0},
    {.bitmap_index = 8038, .adv_w = 221, .box_w = 14, .box_h = 19, .ofs_x = 0, .ofs_y = 0},
    {.bitmap_index = 8171, .adv_w = 221, .box_w = 14, .box_h = 19, .ofs_x = 0, .ofs_y = 0},
    {.bitmap_index = 8304, .adv_w = 221, .box_w = 14, .box_h = 19, .ofs_x = 0, .ofs_y = 0},
    {.bitmap_index = 8437, .adv_w = 221, .box_w = 14, .box_h = 21, .ofs_x = 0, .ofs_y = 0},
    {.bitmap_index = 8584, .adv_w = 318, .box_w = 19, .box_h = 14, .ofs_x = 0, .ofs_y = 0},
    {.bitmap_index = 8717, .adv_w = 234, .box_w = 13, .box_h = 18, .ofs_x = 1, .ofs_y = -4},
    {.bitmap_index = 8834, .adv_w = 192, .box_w = 10, .box_h = 19, .ofs_x = 1, .ofs_y = 0},
    {.bitmap_index = 8929, .adv_w = 192, .box_w = 10, .box_h = 19, .ofs_x = 1, .ofs_y = 0},
    {.bitmap_index = 9024, .adv_w = 192, .box_w = 10, .box_h = 19, .ofs_x = 1, .ofs_y = 0},
    {.bitmap_index = 9119, .adv_w = 192, .box_w = 10, .box_h = 19, .ofs_x = 1, .ofs_y = 0},
    {.bitmap_index = 9214, .adv_w = 86, .box_w = 4, .box_h = 19, .ofs_x = 0, .ofs_y = 0},
    {.bitmap_index = 9252, .adv_w = 86, .box_w = 5, .box_h = 19, .ofs_x = 1, .ofs_y = 0},
    {.bitmap_index = 9300, .adv_w = 86, .box_w = 7, .box_h = 19, .ofs_x = -1, .ofs_y = 0},
    {.bitmap_index = 9367, .adv_w = 86, .box_w = 7, .box_h = 19, .ofs_x = -1, .ofs_y = 0},
    {.bitmap_index = 9434, .adv_w = 235, .box_w = 14, .box_h = 14, .ofs_x = 0, .ofs_y = 0},
    {.bitmap_index = 9532, .adv_w = 241, .box_w = 13, .box_h = 19, .ofs_x = 1, .ofs_y = 0},
    {.bitmap_index = 9656, .adv_w = 245, .box_w = 14, .box_h = 19, .ofs_x = 1, .ofs_y = 0},
    {.bitmap_index = 9789, .adv_w = 245, .box_w = 14, .box_h = 19, .ofs_x = 1, .ofs_y = 0},
    {.bitmap_index = 9922, .adv_w = 245, .box_w = 14, .box_h = 19, .ofs_x = 1, .ofs_y = 0},
    {.bitmap_index = 10055, .adv_w = 245, .box_w = 14, .box_h = 20, .ofs_x = 1, .ofs_y = 0},
    {.bitmap_index = 10195, .adv_w = 245, .box_w = 14, .box_h = 19, .ofs_x = 1, .ofs_y = 0},
    {.bitmap_index = 10328, .adv_w = 212, .box_w = 10, .box_h = 10, .ofs_x = 2, .ofs_y = 1},
    {.bitmap_index = 10378, .adv_w = 245, .box_w = 14, .box_h = 16, .ofs_x = 1, .ofs_y = -1},
    {.bitmap_index = 10490, .adv_w = 238, .box_w = 13, .box_h = 19, .ofs_x = 1, .ofs_y = 0},
    {.bitmap_index = 10614, .adv_w = 238, .box_w = 13, .box_h = 19, .ofs_x = 1, .ofs_y = 0},
    {.bitmap_index = 10738, .adv_w = 238, .box_w = 13, .box_h = 19, .ofs_x = 1, .ofs_y = 0},
    {.bitmap_index = 10862, .adv_w = 238, .box_w = 13, .box_h = 19, .ofs_x = 1, .ofs_y = 0},
    {.bitmap_index = 10986, .adv_w = 217, .box_w = 14, .box_h = 19, .ofs_x = 0, .ofs_y = 0},
    {.bitmap_index = 11119, .adv_w = 203, .box_w = 11, .box_h = 14, .ofs_x = 1, .ofs_y = 0},
    {.bitmap_index = 11196, .adv_w = 197, .box_w = 11, .box_h = 14, .ofs_x = 1, .ofs_y = 0},
    {.bitmap_index = 11273, .adv_w = 180, .box_w = 10, .box_h = 15, .ofs_x = 0, .ofs_y = 0},
    {.bitmap_index = 11348, .adv_w = 180, .box_w = 10, .box_h = 16, .ofs_x = 0, .ofs_y = 0},
    {.bitmap_index = 11428, .adv_w = 180, .box_w = 10, .box_h = 16, .ofs_x = 0, .ofs_y = 0},
    {.bitmap_index = 11508, .adv_w = 180, .box_w = 10, .box_h = 14, .ofs_x = 0, .ofs_y = 0},
    {.bitmap_index = 11578, .adv_w = 180, .box_w = 10, .box_h = 14, .ofs_x = 0, .ofs_y = 0},
    {.bitmap_index = 11648, .adv_w = 180, .box_w = 10, .box_h = 18, .ofs_x = 0, .ofs_y = 0},
    {.bitmap_index = 11738, .adv_w = 294, .box_w = 18, .box_h = 11, .ofs_x = 0, .ofs_y = 0},
    {.bitmap_index = 11837, .adv_w = 183, .box_w = 10, .box_h = 15, .ofs_x = 1, .ofs_y = -4},
    {.bitmap_index = 11912, .adv_w = 187, .box_w = 10, .box_h = 15, .ofs_x = 1, .ofs_y = 0},
    {.bitmap_index = 11987, .adv_w = 187, .box_w = 10, .box_h = 16, .ofs_x = 1, .ofs_y = 0},
    {.bitmap_index = 12067, .adv_w = 187, .box_w = 10, .box_h = 16, .ofs_x = 1, .ofs_y = 0},
    {.bitmap_index = 12147, .adv_w = 187, .box_w = 10, .box_h = 14, .ofs_x = 1, .ofs_y = 0},
    {.bitmap_index = 12217, .adv_w = 78, .box_w = 5, .box_h = 15, .ofs_x = -1, .ofs_y = 0},
    {.bitmap_index = 12255, .adv_w = 78, .box_w = 4, .box_h = 15, .ofs_x = 1, .ofs_y = 0},
    {.bitmap_index = 12285, .adv_w = 78, .box_w = 7, .box_h = 15, .ofs_x = -1, .ofs_y = 0},
    {.bitmap_index = 12338, .adv_w = 78, .box_w = 7, .box_h = 14, .ofs_x = -1, .ofs_y = 0},
    {.bitmap_index = 12387, .adv_w = 186, .box_w = 10, .box_h = 16, .ofs_x = 1, .ofs_y = 0},
    {.bitmap_index = 12467, .adv_w = 189, .box_w = 10, .box_h = 14, .ofs_x = 1, .ofs_y = 0},
    {.bitmap_index = 12537, .adv_w = 192, .box_w = 10, .box_h = 15, .ofs_x = 1, .ofs_y = 0},
    {.bitmap_index = 12612, .adv_w = 192, .box_w = 10, .box_h = 16, .ofs_x = 1, .ofs_y = 0},
    {.bitmap_index = 12692, .adv_w = 192, .box_w = 10, .box_h = 16, .ofs_x = 1, .ofs_y = 0},
    {.bitmap_index = 12772, .adv_w = 192, .box_w = 10, .box_h = 14, .ofs_x = 1, .ofs_y = 0},
    {.bitmap_index = 12842, .adv_w = 192, .box_w = 10, .box_h = 14, .ofs_x = 1, .ofs_y = 0},
    {.bitmap_index = 12912, .adv_w = 212, .box_w = 10, .box_h = 10, .ofs_x = 2, .ofs_y = 1},
    {.bitmap_index = 12962, .adv_w = 192, .box_w = 12, .box_h = 13, .ofs_x = 0, .ofs_y = -1},
    {.bitmap_index = 13040, .adv_w = 189, .box_w = 10, .box_h = 15, .ofs_x = 1, .ofs_y = 0},
    {.bitmap_index = 13115, .adv_w = 189, .box_w = 10, .box_h = 16, .ofs_x = 1, .ofs_y = 0},
    {.bitmap_index = 13195, .adv_w = 189, .box_w = 10, .box_h = 16, .ofs_x = 1, .ofs_y = 0},
    {.bitmap_index = 13275, .adv_w = 189, .box_w = 10, .box_h = 14, .ofs_x = 1, .ofs_y = 0},
    {.bitmap_index = 13345, .adv_w = 180, .box_w = 11, .box_h = 20, .ofs_x = 0, .ofs_y = -4},
    {.bitmap_index = 13455, .adv_w = 196, .box_w = 11, .box_h = 18, .ofs_x = 1, .ofs_y = -4},
    {.bitmap_index = 13554, .adv_w = 180, .box_w = 11, .box_h = 18, .ofs_x = 0, .ofs_y = -4},
    {.bitmap_index = 13653, .adv_w = 221, .box_w = 14, .box_h = 19, .ofs_x = 0, .ofs_y = 0},
    {.bitmap_index = 13786, .adv_w = 180, .box_w = 10, .box_h = 17, .ofs_x = 0, .ofs_y = -1},
    {.bitmap_index = 13871, .adv_w = 235, .box_w = 14, .box_h = 15, .ofs_x = 0, .ofs_y = 0},
    {.bitmap_index = 13976, .adv_w = 196, .box_w = 12, .box_h = 16, .ofs_x = 1, .ofs_y = -1},
    {.bitmap_index = 14072, .adv_w = 244, .box_w = 14, .box_h = 18, .ofs_x = 1, .ofs_y = -1},
    {.bitmap_index = 14198, .adv_w = 191, .box_w = 11, .box_h = 15, .ofs_x = 1, .ofs_y = -1},
    {.bitmap_index = 14281, .adv_w = 237, .box_w = 14, .box_h = 18, .ofs_x = 1, .ofs_y = -1},
    {.bitmap_index = 14407, .adv_w = 198, .box_w = 11, .box_h = 15, .ofs_x = 1, .ofs_y = -1},
    {.bitmap_index = 14490, .adv_w = 221, .box_w = 14, .box_h = 20, .ofs_x = 0, .ofs_y = -5},
    {.bitmap_index = 14630, .adv_w = 180, .box_w = 10, .box_h = 17, .ofs_x = 0, .ofs_y = -5},
    {.bitmap_index = 14715, .adv_w = 221, .box_w = 14, .box_h = 19, .ofs_x = 0, .ofs_y = 0},
    {.bitmap_index = 14848, .adv_w = 180, .box_w = 10, .box_h = 17, .ofs_x = 0, .ofs_y = -1},
    {.bitmap_index = 14933, .adv_w = 221, .box_w = 14, .box_h = 23, .ofs_x = 0, .ofs_y = 0},
    {.bitmap_index = 15094, .adv_w = 180, .box_w = 11, .box_h = 20, .ofs_x = 0, .ofs_y = -1},
    {.bitmap_index = 15204, .adv_w = 221, .box_w = 14, .box_h = 23, .ofs_x = 0, .ofs_y = 0},
    {.bitmap_index = 15365, .adv_w = 180, .box_w = 10, .box_h = 20, .ofs_x = 0, .ofs_y = -1},
    {.bitmap_index = 15465, .adv_w = 221, .box_w = 14, .box_h = 23, .ofs_x = 0, .ofs_y = 0},
    {.bitmap_index = 15626, .adv_w = 180, .box_w = 10, .box_h = 20, .ofs_x = 0, .ofs_y = -1},
    {.bitmap_index = 15726, .adv_w = 221, .box_w = 14, .box_h = 22, .ofs_x = 0, .ofs_y = 0},
    {.bitmap_index = 15880, .adv_w = 180, .box_w = 10, .box_h = 20, .ofs_x = 0, .ofs_y = -1},
    {.bitmap_index = 15980, .adv_w = 221, .box_w = 14, .box_h = 24, .ofs_x = 0, .ofs_y = -5},
    {.bitmap_index = 16148, .adv_w = 180, .box_w = 10, .box_h = 21, .ofs_x = 0, .ofs_y = -5},
    {.bitmap_index = 16253, .adv_w = 221, .box_w = 14, .box_h = 23, .ofs_x = 0, .ofs_y = 0},
    {.bitmap_index = 16414, .adv_w = 180, .box_w = 10, .box_h = 20, .ofs_x = 0, .ofs_y = -1},
    {.bitmap_index = 16514, .adv_w = 221, .box_w = 14, .box_h = 23, .ofs_x = 0, .ofs_y = 0},
    {.bitmap_index = 16675, .adv_w = 180, .box_w = 10, .box_h = 20, .ofs_x = 0, .ofs_y = -1},
    {.bitmap_index = 16775, .adv_w = 221, .box_w = 14, .box_h = 23, .ofs_x = 0, .ofs_y = 0},
    {.bitmap_index = 16936, .adv_w = 180, .box_w = 10, .box_h = 20, .ofs_x = 0, .ofs_y = -1},
    {.bitmap_index = 17036, .adv_w = 221, .box_w = 14, .box_h = 22, .ofs_x = 0, .ofs_y = 0},
    {.bitmap_index = 17190, .adv_w = 180, .box_w = 10, .box_h = 20, .ofs_x = 0, .ofs_y = -1},
    {.bitmap_index = 17290, .adv_w = 221, .box_w = 14, .box_h = 24, .ofs_x = 0, .ofs_y = -5},
    {.bitmap_index = 17458, .adv_w = 180, .box_w = 10, .box_h = 21, .ofs_x = 0, .ofs_y = -5},
    {.bitmap_index = 17563, .adv_w = 192, .box_w = 10, .box_h = 20, .ofs_x = 1, .ofs_y = -5},
    {.bitmap_index = 17663, .adv_w = 187, .box_w = 10, .box_h = 17, .ofs_x = 1, .ofs_y = -5},
    {.bitmap_index = 17748, .adv_w = 192, .box_w = 10, .box_h = 19, .ofs_x = 1, .ofs_y = 0},
    {.bitmap_index = 17843, .adv_w = 187, .box_w = 10, .box_h = 17, .ofs_x = 1, .ofs_y = -1},
    {.bitmap_index = 17928, .adv_w = 192, .box_w = 10, .box_h = 19, .ofs_x = 1, .ofs_y = 0},
    {.bitmap_index = 18023, .adv_w = 187, .box_w = 10, .box_h = 16, .ofs_x = 1, .ofs_y = -1},
    {.bitmap_index = 18103, .adv_w = 192, .box_w = 10, .box_h = 23, .ofs_x = 1, .ofs_y = 0},
    {.bitmap_index = 18218, .adv_w = 187, .box_w = 10, .box_h = 20, .ofs_x = 1, .ofs_y = -1},
    {.bitmap_index = 18318, .adv_w = 192, .box_w = 10, .box_h = 23, .ofs_x = 1, .ofs_y = 0},
    {.bitmap_index = 18433, .adv_w = 187, .box_w = 10, .box_h = 20, .ofs_x = 1, .ofs_y = -1},
    {.bitmap_index = 18533, .adv_w = 192, .box_w = 10, .box_h = 23, .ofs_x = 1, .ofs_y = 0},
    {.bitmap_index = 18648, .adv_w = 187, .box_w = 10, .box_h = 20, .ofs_x = 1, .ofs_y = -1},
    {.bitmap_index = 18748, .adv_w = 192, .box_w = 10, .box_h = 22, .ofs_x = 1, .ofs_y = 0},
    {.bitmap_index = 18858, .adv_w = 187, .box_w = 10, .box_h = 20, .ofs_x = 1, .ofs_y = -1},
    {.bitmap_index = 18958, .adv_w = 192, .box_w = 10, .box_h = 24, .ofs_x = 1, .ofs_y = -5},
    {.bitmap_index = 19078, .adv_w = 187, .box_w = 10, .box_h = 21, .ofs_x = 1, .ofs_y = -5},
    {.bitmap_index = 19183, .adv_w = 86, .box_w = 4, .box_h = 19, .ofs_x = 1, .ofs_y = 0},
    {.bitmap_index = 19221, .adv_w = 78, .box_w = 4, .box_h = 16, .ofs_x = 0, .ofs_y = 0},
    {.bitmap_index = 19253, .adv_w = 86, .box_w = 3, .box_h = 20, .ofs_x = 1, .ofs_y = -5},
    {.bitmap_index = 19283, .adv_w = 78, .box_w = 3, .box_h = 21, .ofs_x = 1, .ofs_y = -5},
    {.bitmap_index = 19315, .adv_w = 245, .box_w = 14, .box_h = 20, .ofs_x = 1, .ofs_y = -5},
    {.bitmap_index = 19455, .adv_w = 192, .box_w = 10, .box_h = 17, .ofs_x = 1, .ofs_y = -5},
    {.bitmap_index = 19540, .adv_w = 245, .box_w = 14, .box_h = 20, .ofs_x = 1, .ofs_y = -1},
    {.bitmap_index = 19680, .adv_w = 192, .box_w = 10, .box_h = 17, .ofs_x = 1, .ofs_y = -1},
    {.bitmap_index = 19765, .adv_w = 245, .box_w = 14, .box_h = 24, .ofs_x = 1, .ofs_y = -1},
    {.bitmap_index = 19933, .adv_w = 192, .box_w = 10, .box_h = 20, .ofs_x = 1, .ofs_y = -1},
    {.bitmap_index = 20033, .adv_w = 245, .box_w = 14, .box_h = 24, .ofs_x = 1, .ofs_y = -1},
    {.bitmap_index = 20201, .adv_w = 192, .box_w = 10, .box_h = 20, .ofs_x = 1, .ofs_y = -1},
    {.bitmap_index = 20301, .adv_w = 245, .box_w = 14, .box_h = 24, .ofs_x = 1, .ofs_y = -1},
    {.bitmap_index = 20469, .adv_w = 192, .box_w = 10, .box_h = 20, .ofs_x = 1, .ofs_y = -1},
    {.bitmap_index = 20569, .adv_w = 245, .box_w = 14, .box_h = 23, .ofs_x = 1, .ofs_y = -1},
    {.bitmap_index = 20730, .adv_w = 192, .box_w = 10, .box_h = 20, .ofs_x = 1, .ofs_y = -1},
    {.bitmap_index = 20830, .adv_w = 245, .box_w = 14, .box_h = 24, .ofs_x = 1, .ofs_y = -5},
    {.bitmap_index = 20998, .adv_w = 192, .box_w = 10, .box_h = 21, .ofs_x = 1, .ofs_y = -5},
    {.bitmap_index = 21103, .adv_w = 244, .box_w = 14, .box_h = 20, .ofs_x = 1, .ofs_y = -1},
    {.bitmap_index = 21243, .adv_w = 191, .box_w = 11, .box_h = 17, .ofs_x = 1, .ofs_y = -1},
    {.bitmap_index = 21337, .adv_w = 244, .box_w = 14, .box_h = 20, .ofs_x = 1, .ofs_y = -1},
    {.bitmap_index = 21477, .adv_w = 191, .box_w = 11, .box_h = 17, .ofs_x = 1, .ofs_y = -1},
    {.bitmap_index = 21571, .adv_w = 244, .box_w = 14, .box_h = 20, .ofs_x = 1, .ofs_y = -1},
    {.bitmap_index = 21711, .adv_w = 191, .box_w = 11, .box_h = 17, .ofs_x = 1, .ofs_y = -1},
    {.bitmap_index = 21805, .adv_w = 244, .box_w = 14, .box_h = 20, .ofs_x = 1, .ofs_y = -1},
    {.bitmap_index = 21945, .adv_w = 191, .box_w = 11, .box_h = 16, .ofs_x = 1, .ofs_y = -1},
    {.bitmap_index = 22033, .adv_w = 244, .box_w = 14, .box_h = 22, .ofs_x = 1, .ofs_y = -5},
    {.bitmap_index = 22187, .adv_w = 191, .box_w = 11, .box_h = 19, .ofs_x = 1, .ofs_y = -5},
    {.bitmap_index = 22292, .adv_w = 238, .box_w = 13, .box_h = 20, .ofs_x = 1, .ofs_y = -5},
    {.bitmap_index = 22422, .adv_w = 189, .box_w = 10, .box_h = 16, .ofs_x = 1, .ofs_y = -5},
    {.bitmap_index = 22502, .adv_w = 238, .box_w = 13, .box_h = 20, .ofs_x = 1, .ofs_y = -1},
    {.bitmap_index = 22632, .adv_w = 189, .box_w = 10, .box_h = 17, .ofs_x = 1, .ofs_y = -1},
    {.bitmap_index = 22717, .adv_w = 237, .box_w = 14, .box_h = 20, .ofs_x = 1, .ofs_y = -1},
    {.bitmap_index = 22857, .adv_w = 198, .box_w = 11, .box_h = 17, .ofs_x = 1, .ofs_y = -1},
    {.bitmap_index = 22951, .adv_w = 237, .box_w = 14, .box_h = 20, .ofs_x = 1, .ofs_y = -1},
    {.bitmap_index = 23091, .adv_w = 198, .box_w = 11, .box_h = 17, .ofs_x = 1, .ofs_y = -1},
    {.bitmap_index = 23185, .adv_w = 237, .box_w = 14, .box_h = 20, .ofs_x = 1, .ofs_y = -1},
    {.bitmap_index = 23325, .adv_w = 198, .box_w = 11, .box_h = 17, .ofs_x = 1, .ofs_y = -1},
    {.bitmap_index = 23419, .adv_w = 237, .box_w = 14, .box_h = 20, .ofs_x = 1, .ofs_y = -1},
    {.bitmap_index = 23559, .adv_w = 198, .box_w = 11, .box_h = 16, .ofs_x = 1, .ofs_y = -1},
    {.bitmap_index = 23647, .adv_w = 237, .box_w = 14, .box_h = 22, .ofs_x = 1, .ofs_y = -5},
    {.bitmap_index = 23801, .adv_w = 198, .box_w = 11, .box_h = 19, .ofs_x = 1, .ofs_y = -5},
    {.bitmap_index = 23906, .adv_w = 217, .box_w = 14, .box_h = 19, .ofs_x = 0, .ofs_y = 0},
    {.bitmap_index = 24039, .adv_w = 180, .box_w = 11, .box_h = 21, .ofs_x = 0, .ofs_y = -5},
    {.bitmap_index = 24155, .adv_w = 217, .box_w = 14, .box_h = 20, .ofs_x = 0, .ofs_y = -5},
    {.bitmap_index = 24295, .adv_w = 180, .box_w = 11, .box_h = 16, .ofs_x = 0, .ofs_y = -5},
    {.bitmap_index = 24383, .adv_w = 217, .box_w = 14, .box_h = 19, .ofs_x = 0, .ofs_y = 0},
    {.bitmap_index = 24516, .adv_w = 180, .box_w = 11, .box_h = 21, .ofs_x = 0, .ofs_y = -5},
    {.bitmap_index = 24632, .adv_w = 217, .box_w = 14, .box_h = 19, .ofs_x = 0, .ofs_y = 0},
    {.bitmap_index = 24765, .adv_w = 180, .box_w = 11, .box_h = 20, .ofs_x = 0, .ofs_y = -5},
    {.bitmap_index = 24875, .adv_w = 160, .box_w = 10, .box_h = 2, .ofs_x = 0, .ofs_y = 5},
    {.bitmap_index = 24885, .adv_w = 320, .box_w = 20, .box_h = 2, .ofs_x = 0, .ofs_y = 5},
    {.bitmap_index = 24905, .adv_w = 83, .box_w = 4, .box_h = 6, .ofs_x = 1, .ofs_y = 8},
    {.bitmap_index = 24917, .adv_w = 83, .box_w = 4, .box_h = 6, .ofs_x = 1, .ofs_y = 9},
    {.bitmap_index = 24929, .adv_w = 77, .box_w = 4, .box_h = 6, .ofs_x = 1, .ofs_y = -3},
    {.bitmap_index = 24941, .adv_w = 141, .box_w = 8, .box_h = 6, .ofs_x = 1, .ofs_y = 8},
    {.bitmap_index = 24965, .adv_w = 141, .box_w = 8, .box_h = 6, .ofs_x = 1, .ofs_y = 8},
    {.bitmap_index = 24989, .adv_w = 135, .box_w = 7, .box_h = 6, .ofs_x = 1, .ofs_y = -3},
    {.bitmap_index = 25010, .adv_w = 180, .box_w = 7, .box_h = 7, .ofs_x = 2, .ofs_y = 3},
    {.bitmap_index = 25035, .adv_w = 277, .box_w = 15, .box_h = 3, .ofs_x = 1, .ofs_y = 0},
    {.bitmap_index = 25058, .adv_w = 71, .box_w = 3, .box_h = 6, .ofs_x = 1, .ofs_y = 8},
    {.bitmap_index = 25067, .adv_w = 142, .box_w = 7, .box_h = 6, .ofs_x = 1, .ofs_y = 8},
    {.bitmap_index = 25088, .adv_w = 123, .box_w = 7, .box_h = 10, .ofs_x = 0, .ofs_y = 1},
    {.bitmap_index = 25123, .adv_w = 123, .box_w = 7, .box_h = 10, .ofs_x = 0, .ofs_y = 1}
};

/*---------------------
 *  CHARACTER MAPPING
 *--------------------*/

static const uint16_t unicode_list_3[] = {
    0x0, 0x1, 0xe, 0xf, 0x9e, 0x9f, 0xad, 0xae
};

static const uint16_t unicode_list_5[] = {
    0x0, 0x1, 0x5, 0x6, 0x7, 0x9, 0xa, 0xb,
    0xf, 0x13, 0x1f, 0x20, 0x26, 0x27
};

/*Collect the unicode lists and glyph_id offsets*/
static const lv_font_fmt_txt_cmap_t cmaps[] =
{
    {
        .range_start = 32, .range_length = 95, .glyph_id_start = 1,
        .unicode_list = NULL, .glyph_id_ofs_list = NULL, .list_length = 0, .type = LV_FONT_FMT_TXT_CMAP_FORMAT0_TINY
    },
    {
        .range_start = 160, .range_length = 13, .glyph_id_start = 96,
        .unicode_list = NULL, .glyph_id_ofs_list = NULL, .list_length = 0, .type = LV_FONT_FMT_TXT_CMAP_FORMAT0_TINY
    },
    {
        .range_start = 174, .range_length = 82, .glyph_id_start = 109,
        .unicode_list = NULL, .glyph_id_ofs_list = NULL, .list_length = 0, .type = LV_FONT_FMT_TXT_CMAP_FORMAT0_TINY
    },
    {
        .range_start = 258, .range_length = 175, .glyph_id_start = 191,
        .unicode_list = unicode_list_3, .glyph_id_ofs_list = NULL, .list_length = 8, .type = LV_FONT_FMT_TXT_CMAP_SPARSE_TINY
    },
    {
        .range_start = 7840, .range_length = 90, .glyph_id_start = 199,
        .unicode_list = NULL, .glyph_id_ofs_list = NULL, .list_length = 0, .type = LV_FONT_FMT_TXT_CMAP_FORMAT0_TINY
    },
    {
        .range_start = 8211, .range_length = 40, .glyph_id_start = 289,
        .unicode_list = unicode_list_5, .glyph_id_ofs_list = NULL, .list_length = 14, .type = LV_FONT_FMT_TXT_CMAP_SPARSE_TINY
    }
};

/*-----------------
 *    KERNING
 *----------------*/


/*Map glyph_ids to kern left classes*/
static const uint8_t kern_left_class_mapping[] =
{
    0, 0, 0, 1, 0, 0, 2, 3,
    1, 4, 5, 6, 7, 8, 7, 8,
    9, 10, 0, 11, 12, 13, 14, 15,
    16, 12, 10, 17, 17, 0, 18, 19,
    0, 20, 0, 0, 0, 0, 0, 0,
    0, 0, 0, 0, 0, 0, 0, 0,
    0, 0, 0, 0, 0, 0, 0, 0,
    0, 0, 0, 0, 4, 21, 5, 6,
    22, 0, 0, 0, 0, 0, 0, 0,
    0, 0, 0, 0, 0, 0, 0, 0,
    0, 0, 0, 0, 0, 0, 0, 0,
    0, 0, 0, 0, 4, 0, 5, 7,
    0, 23, 24, 0, 0, 0, 0, 0,
    0, 20, 0, 0, 0, 25, 0, 6,
    18, 0, 0, 0, 26, 0, 27, 0,
    0, 0, 28, 0, 0, 0, 29, 0,
    0, 0, 0, 0, 0, 0, 0, 0,
    0, 0, 0, 0, 0, 0, 0, 0,
    0, 0, 0, 0, 0, 0, 30, 0,
    0, 0, 0, 0, 0, 0, 0, 0,
    0, 0, 0, 0, 0, 0, 0, 0,
    0, 0, 0, 0, 0, 0, 0, 0,
    0, 0, 0, 0, 0, 0, 7, 0,
    0, 0, 0, 0, 0, 0, 0, 0,
    0, 0, 0, 0, 0, 0, 0, 0,
    0, 0, 0, 0, 0, 0, 0, 0,
    0, 0, 0, 0, 0, 0, 0, 0,
    0, 0, 0, 0, 0, 0, 0, 0,
    0, 0, 0, 0, 0, 0, 0, 0,
    0, 0, 0, 0, 0, 0, 0, 0,
    0, 0, 0, 0, 0, 0, 0, 0,
    0, 0, 0, 0, 0, 0, 0, 0,
    0, 0, 0, 0, 0, 0, 0, 0,
    0, 0, 0, 0, 0, 0, 0, 0,
    0, 0, 0, 0, 0, 0, 0, 0,
    0, 0, 0, 0, 0, 0, 0, 0,
    0, 0, 0, 31, 32, 33, 31, 32,
    33, 30, 8, 0, 0, 0, 28
};

/*Map glyph_ids to kern right classes*/
static const uint8_t kern_right_class_mapping[] =
{
    0, 0, 0, 1, 2, 0, 0, 3,
    1, 0, 4, 5, 6, 7, 6, 7,
    8, 9, 10, 11, 12, 13, 14, 9,
    15, 16, 17, 18, 18, 19, 20, 0,
    21, 22, 0, 0, 0, 0, 0, 0,
    0, 0, 0, 0, 0, 0, 0, 0,
    0, 0, 0, 0, 0, 0, 0, 0,
    0, 0, 0, 0, 0, 23, 4, 5,
    24, 0, 0, 0, 0, 0, 0, 0,
    0, 0, 0, 0, 0, 0, 0, 0,
    0, 0, 0, 0, 0, 0, 0, 0,
    0, 0, 0, 0, 0, 25, 4, 26,
    0, 0, 27, 0, 0, 0, 0, 0,
    0, 22, 0, 28, 29, 30, 0, 5,
    20, 0, 0, 0, 31, 32, 6, 0,
    0, 0, 33, 0, 0, 0, 34, 0,
    0, 0, 0, 0, 0, 0, 0, 0,
    0, 0, 0, 0, 0, 0, 0, 0,
    0, 0, 0, 0, 0, 0, 33, 0,
    0, 0, 0, 0, 0, 0, 0, 0,
    0, 0, 0, 0, 0, 0, 0, 0,
    0, 0, 0, 0, 0, 0, 0, 0,
    0, 0, 0, 0, 0, 0, 6, 0,
    0, 0, 0, 0, 0, 0, 0, 0,
    0, 0, 0, 0, 0, 0, 0, 0,
    0, 0, 0, 0, 0, 0, 0, 0,
    0, 0, 0, 0, 0, 0, 0, 0,
    0, 0, 0, 0, 0, 0, 0, 0,
    0, 0, 0, 0, 0, 0, 0, 0,
    0, 0, 0, 0, 0, 0, 0, 0,
    0, 0, 0, 0, 0, 0, 0, 0,
    0, 0, 0, 0, 0, 0, 0, 0,
    0, 0, 0, 0, 0, 0, 0, 0,
    0, 0, 0, 0, 0, 0, 0, 0,
    0, 0, 0, 0, 0, 0, 0, 0,
    0, 0, 0, 0, 0, 0, 0, 0,
    0, 0, 0, 35, 36, 37, 35, 36,
    37, 33, 7, 0, 0, 28, 33
};

/*Kern values between classes*/
static const int8_t kern_class_values[] =
{
    0, 0, -11, 0, 0, 0, -26, 0,
    0, 0, 0, 0, -20, 0, 0, 0,
    0, 0, 0, 0, 0, 0, 0, 0,
    0, 0, -5, 0, 0, 0, 0, 0,
    0, 0, 0, 0, 0, 0, 0, 0,
    0, 0, 0, 0, 0, 0, 0, 0,
    0, 0, 0, 0, 0, 0, 0, 0,
    0, 0, 0, 0, 0, 0, 0, 0,
    0, 0, 0, 0, 0, 0, 0, -20,
    -22, 0, -11, 0, 0, 0, 0, 0,
    0, 0, 0, 0, 0, 0, 0, 0,
    0, 0, 0, 0, 0, 0, 0, 0,
    -20, 0, 0, 0, 0, 0, 0, -7,
    0, 0, 0, 0, -29, 0, 0, 0,
    0, 0, 0, 0, 0, 0, 0, 0,
    0, 0, 0, 0, 0, 0, 0, 0,
    0, 0, 0, 0, 0, 0, 0, 0,
    0, -4, 0, 0, 0, 0, 0, 0,
    0, 0, 0, 0, 0, 0, 0, 0,
    0, 0, 0, 0, 0, 0, 0, 0,
    0, 0, 0, 0, 0, 0, 0, 0,
    0, 0, 0, 0, 0, 0, 0, 0,
    0, 0, 0, 0, 0, 0, -11, 0,
    0, 0, 0, -11, 0, 0, 0, -44,
    0, 0, 0, 0, 0, -15, 0, 0,
    0, 0, 0, 0, 0, 0, -4, 0,
    -22, 0, 0, 0, 0, 0, 0, 0,
    0, 0, 0, 0, 0, 0, 0, 0,
    0, 0, 0, 0, 0, 0, 0, 0,
    -11, -4, 0, 0, -7, 0, 0, 0,
    0, 0, 0, 0, -16, 0, 0, 0,
    0, 0, 0, 0, 0, -5, 0, 0,
    -20, 0, 0, -26, 0, 0, 0, 0,
    0, 0, 0, -8, -28, 0, -9, 0,
    -5, -5, -7, -2, 0, 0, 0, -28,
    -14, 0, 0, 0, 0, 0, 0, 0,
    0, 0, -16, 0, 0, 0, -18, 0,
    0, 0, 0, 0, 0, 0, -13, 0,
    0, 0, 0, 0, 0, 0, 0, 0,
    0, 0, 0, 0, 0, 0, 0, 0,
    0, 0, 0, 0, 0, 0, 0, 0,
    0, 0, 0, 0, 0, 0, 0, 0,
    0, 0, 0, -8, 0, 0, 0, 0,
    0, 0, 0, -6, 0, 0, 0, 0,
    0, 0, 0, -3, -15, 0, 0, 0,
    0, 0, 0, 0, 0, 0, 0, -15,
    0, -16, 0, 0, 0, 0, 0, 0,
    0, 0, 0, 0, 0, 0, -5, 0,
    0, 0, 0, 0, 0, 0, 0, 0,
    0, 0, 0, 0, 0, 0, 0, 0,
    0, 0, 0, 0, 0, 0, 0, 0,
    0, 0, 0, -5, 0, -7, 0, 0,
    0, 0, 0, 0, 0, 0, 0, 0,
    0, 0, 0, 0, 0, 0, 0, 0,
    0, 0, -11, 0, 0, 0, 0, 0,
    0, 0, 0, -16, 0, 0, 0, 0,
    -6, 0, -11, 0, 0, -6, 0, 0,
    0, 0, 0, 0, 0, 0, 0, 0,
    0, 0, 0, 0, 0, 0, 0, 0,
    0, -2, 0, -12, 0, 0, 0, 0,
    0, 0, 0, 0, 0, 0, 0, -9,
    0, 0, 0, 0, 0, 0, 0, 0,
    0, 0, 0, 0, 0, 0, 0, 0,
    0, 0, 0, 0, 0, 0, -2, 0,
    0, 0, 0, 0, 0, 0, 0, 0,
    0, 0, 0, 0, -11, 0, 0, 0,
    0, 0, 0, 0, 0, 0, 0, 0,
    0, 0, 0, 0, 0, -15, 0, 0,
    0, 0, 0, 0, 0, 0, 0, 0,
    0, 0, -15, 0, -18, -15, 0, 0,
    0, -40, 0, -5, 0, 0, -5, -19,
    -3, 6, -5, -3, -11, -29, 0, 0,
    0, 0, -51, 0, 0, -16, -20, 0,
    0, 0, 0, 0, 0, 0, 0, -45,
    0, 0, 0, 0, 0, 0, 0, 0,
    0, 0, 0, 0, 0, 0, 0, 0,
    0, 0, 0, 0, 0, 0, -20, 0,
    0, 0, 0, 0, 0, 0, 0, 0,
    0, 0, -15, 0, 0, 0, 0, 0,
    0, 0, 0, 0, 0, 0, 0, 0,
    0, 0, 0, 0, 0, 0, 0, 0,
    0, 0, 0, -22, 0, 0, 0, 0,
    0, 0, 0, 0, 0, 0, 0, -18,
    0, 0, 0, 0, 0, 0, 0, 0,
    0, 0, 0, 0, 0, 0, 0, 0,
    -24, 0, 0, 0, 0, 0, 0, 0,
    -24, 0, 0, 0, 0, 0, 0, 0,
    0, 0, 0, 0, -31, 0, 0, 0,
    0, 0, 0, 0, 0, -14, -13, 0,
    0, 0, 0, 0, 0, 0, 0, 0,
    0, 0, 0, 0, 0, -11, -13, 0,
    0, 0, 0, 0, -2, 0, 0, 0,
    0, -11, 0, -13, -25, 0, 0, 0,
    -25, -11, 0, 6, 0, -11, 0, 0,
    0, 0, 0, 0, 0, 0, 0, -16,
    -20, -11, -16, 0, 0, -11, 0, -11,
    -11, -23, 0, -16, -11, 0, -14, -18,
    0, 0, 0, 0, 0, -22, 0, 0,
    0, -15, -35, 0, -15, -18, -15, 0,
    -15, -15, 0, 0, 0, 0, -13, -25,
    0, 11, 0, 0, 0, 0, 0, 0,
    -15, 0, 0, -13, 0, 0, 0, 0,
    0, 0, 0, 0, 0, 0, 0, 0,
    0, 0, 0, 0, 0, 0, 0, 0,
    0, 0, 0, 0, -11, 0, 0, 0,
    0, 0, 0, 0, 0, 0, 0, 0,
    -11, 0, 0, -5, 0, 0, -4, 0,
    0, 0, 0, 0, -11, 0, 0, 0,
    0, 0, 0, 0, 0, 0, 0, 0,
    0, -16, 0, 0, 0, 0, 0, 0,
    -4, 0, 0, 0, 0, -20, -8, 0,
    0, 0, -11, 0, 0, 0, 0, 0,
    0, 0, 0, 0, -16, 0, 0, 0,
    0, 0, 0, 0, 0, -2, 0, 0,
    0, 0, -9, 0, 0, 0, 0, 0,
    0, 0, 0, 0, 0, 0, 0, 0,
    0, 0, -13, 0, -11, 0, 0, 0,
    0, 0, 0, 0, 0, 0, 0, -13,
    0, 0, 0, 0, -11, 0, -13, 0,
    0, -11, 0, 0, 0, 0, 0, -16,
    5, 0, 0, 0, 0, 0, 0, 0,
    0, 0, 0, 0, -11, -4, 0, 0,
    -7, 0, 0, 0, 0, 0, 0, 0,
    -13, 0, 0, 0, 0, 0, 0, 0,
    0, -5, 0, 0, -20, 0, 0, 0,
    0, 0, 0, 0, 0, 0, 0, 0,
    -13, -16, -15, 0, 0, -16, -11, 0,
    0, 0, 0, 0, 0, -20, 0, 0,
    0, 0, 0, 0, 0, 0, 0, 0,
    0, -27, 0, 0, 0, 0, 0, 0,
    0, 0, 0, 0, 0, 0, 0, 0,
    0, 0, 0, 0, 0, 0, 0, 0,
    0, 0, -25, 0, 0, 0, 0, 0,
    0, 0, 0, 0, 0, 0, -20, -11,
    0, 0, 0, 0, 0, 0, 0, 0,
    0, 0, 0, 0, 0, 0, 0, 0,
    0, 0, 0, 0, 0, 0, 0, -13,
    0, 0, 0, 0, 0, 0, 0, 0,
    0, 0, 0, 0, 0, 0, 0, 0,
    -20, 0, 0, 0, -27, -31, 0, 0,
    0, 0, -20, 0, 0, 0, 0, 0,
    0, 0, 0, 0, 0, 0, 0, 0,
    -12, 0, 0, 0, 0, 0, 0, -20,
    0, 0, -20, 0, -40, -22, 0, 0,
    -20, -32, -45, -15, 0, 0, 0, -31,
    0, -20, -13, 0, -18, -31, -18, 0,
    -18, 0, -13, 0, -15, -20, -27, -20,
    0, -15, -4, 0, -22, 0, 0, 0,
    0, 0, 0, 0, 0, 0, 0, 0,
    0, -22, 0, 0, 0, 0, 0, 0,
    0, 0, 0, 0, 0, 0, -29, 0,
    0, 0, 0, 0, 0, 0, 0, 0,
    0, 0, -40, -31, 0
};


/*Collect the kern class' data in one place*/
static const lv_font_fmt_txt_kern_classes_t kern_classes =
{
    .class_pair_values   = kern_class_values,
    .left_class_mapping  = kern_left_class_mapping,
    .right_class_mapping = kern_right_class_mapping,
    .left_class_cnt      = 33,
    .right_class_cnt     = 37,
};

/*--------------------
 *  ALL CUSTOM DATA
 *--------------------*/

#if LVGL_VERSION_MAJOR == 8
/*Store all the custom data of the font*/
static  lv_font_fmt_txt_glyph_cache_t cache;
#endif

#if LVGL_VERSION_MAJOR >= 8
static const lv_font_fmt_txt_dsc_t font_dsc = {
#else
static lv_font_fmt_txt_dsc_t font_dsc = {
#endif
    .glyph_bitmap = glyph_bitmap,
    .glyph_dsc = glyph_dsc,
    .cmaps = cmaps,
    .kern_dsc = &kern_classes,
    .kern_scale = 16,
    .cmap_num = 6,
    .bpp = 4,
    .kern_classes = 1,
    .bitmap_format = 0,
#if LVGL_VERSION_MAJOR == 8
    .cache = &cache
#endif
};



/*-----------------
 *  PUBLIC FONT
 *----------------*/

/*Initialize a public general font descriptor*/
#if LVGL_VERSION_MAJOR >= 8
const lv_font_t font_inter_20 = {
#else
lv_font_t font_inter_20 = {
#endif
    .get_glyph_dsc = lv_font_get_glyph_dsc_fmt_txt,    /*Function pointer to get glyph's data*/
    .get_glyph_bitmap = lv_font_get_bitmap_fmt_txt,    /*Function pointer to get glyph's bitmap*/
    .line_height = 28,          /*The maximum line height required by the font*/
    .base_line = 5,             /*Baseline measured from the bottom of the line*/
#if !(LVGL_VERSION_MAJOR == 6 && LVGL_VERSION_MINOR == 0)
    .subpx = LV_FONT_SUBPX_NONE,
#endif
#if LV_VERSION_CHECK(7, 4, 0) || LVGL_VERSION_MAJOR >= 8
    .underline_position = -3,
    .underline_thickness = 1,
#endif
    .dsc = &font_dsc,          /*The custom font data. Will be accessed by `get_glyph_bitmap/dsc` */
#if LV_VERSION_CHECK(8, 2, 0) || LVGL_VERSION_MAJOR >= 9
    .fallback = NULL,
#endif
    .user_data = NULL,
};



#endif /*#if FONT_INTER_20*/

