/*******************************************************************************
 * Size: 20 px
 * Bpp: 4
 * Opts: --font node_modules/@fontsource/inter/files/inter-latin-700-normal.woff -r 0x20-0x7E,0xA0-0xFF,0x2010-0x2043 --symbols ‹› --font node_modules/@fontsource/inter/files/inter-vietnamese-700-normal.woff -r 0x0102-0x0103,0x0110-0x0111,0x01A0-0x01A1,0x01AF-0x01B0,0x1EA0-0x1EF9 --size 20 --bpp 4 --no-compress --format lvgl --lv-font-name font_inter_bold_20 -o out/font_inter_bold_20.c
 ******************************************************************************/

#ifdef LV_LVGL_H_INCLUDE_SIMPLE
#include "lvgl.h"
#else
#include "lvgl/lvgl.h"
#endif

#ifndef FONT_INTER_BOLD_20
#define FONT_INTER_BOLD_20 1
#endif

#if FONT_INTER_BOLD_20

/*-----------------
 *    BITMAPS
 *----------------*/

/*Store the image of the glyphs*/
static LV_ATTRIBUTE_LARGE_CONST const uint8_t glyph_bitmap[] = {
    /* U+0020 " " */

    /* U+0021 "!" */
    0x3f, 0xff, 0x2, 0xff, 0xe0, 0x2f, 0xfe, 0x2,
    0xff, 0xe0, 0x1f, 0xfd, 0x1, 0xff, 0xd0, 0x1f,
    0xfc, 0x0, 0xff, 0xc0, 0xf, 0xfc, 0x0, 0xee,
    0xa0, 0x1, 0x40, 0x1, 0xff, 0xd0, 0x4f, 0xff,
    0x10, 0xbf, 0x90,

    /* U+0022 "\"" */
    0xf, 0xfc, 0xb, 0xff, 0x0, 0xff, 0xb0, 0xbf,
    0xf0, 0xe, 0xfa, 0xa, 0xfe, 0x0, 0xdf, 0x90,
    0x9f, 0xe0, 0xc, 0xf9, 0x8, 0xfd, 0x0, 0xbf,
    0x80, 0x7f, 0xc0, 0x0, 0x0, 0x0, 0x0, 0x0,

    /* U+0023 "#" */
    0x0, 0x1, 0xff, 0x20, 0xf, 0xf3, 0x0, 0x0,
    0x4f, 0xe0, 0x2, 0xff, 0x0, 0x0, 0x7, 0xfb,
    0x0, 0x5f, 0xd0, 0x0, 0xaf, 0xff, 0xff, 0xff,
    0xff, 0xfa, 0xd, 0xff, 0xff, 0xff, 0xff, 0xff,
    0x80, 0x23, 0xff, 0x53, 0x3e, 0xf7, 0x31, 0x0,
    0x2f, 0xf1, 0x0, 0xff, 0x20, 0x0, 0x5, 0xfe,
    0x0, 0x3f, 0xf0, 0x0, 0x7f, 0xff, 0xff, 0xff,
    0xff, 0xfd, 0xa, 0xff, 0xff, 0xff, 0xff, 0xff,
    0xa0, 0x23, 0xdf, 0x73, 0x3c, 0xf9, 0x31, 0x0,
    0xf, 0xf3, 0x0, 0xef, 0x50, 0x0, 0x2, 0xff,
    0x10, 0xf, 0xf2, 0x0, 0x0, 0x4f, 0xe0, 0x3,
    0xff, 0x0, 0x0,

    /* U+0024 "$" */
    0x0, 0x0, 0x0, 0x51, 0x0, 0x0, 0x0, 0x0,
    0x0, 0xf, 0x30, 0x0, 0x0, 0x0, 0x0, 0x0,
    0xf3, 0x0, 0x0, 0x0, 0x0, 0x5c, 0xff, 0xfd,
    0x81, 0x0, 0x0, 0xaf, 0xff, 0xff, 0xff, 0xe1,
    0x0, 0x6f, 0xff, 0x7f, 0x9d, 0xff, 0xa0, 0xb,
    0xff, 0x60, 0xf3, 0xf, 0xff, 0x0, 0xbf, 0xf8,
    0xf, 0x30, 0x0, 0x0, 0x7, 0xff, 0xfb, 0xf5,
    0x0, 0x0, 0x0, 0x9, 0xff, 0xff, 0xfe, 0x81,
    0x0, 0x0, 0x3, 0x9e, 0xff, 0xff, 0xe4, 0x0,
    0x0, 0x0, 0xf, 0x8c, 0xff, 0xe0, 0x6, 0x65,
    0x0, 0xf3, 0xd, 0xff, 0x30, 0xff, 0xf1, 0xf,
    0x30, 0xef, 0xf2, 0xb, 0xff, 0xe7, 0xf9, 0xcf,
    0xfe, 0x0, 0x1d, 0xff, 0xff, 0xff, 0xff, 0x40,
    0x0, 0x7, 0xdf, 0xff, 0xd9, 0x20, 0x0, 0x0,
    0x0, 0xf, 0x30, 0x0, 0x0, 0x0, 0x0, 0x0,
    0xf3, 0x0, 0x0, 0x0,

    /* U+0025 "%" */
    0x2, 0xbf, 0xfb, 0x20, 0x0, 0x0, 0x4f, 0xb0,
    0x0, 0xd, 0xfd, 0xef, 0xd0, 0x0, 0x1, 0xee,
    0x10, 0x0, 0x2f, 0xe0, 0xf, 0xf2, 0x0, 0xb,
    0xf5, 0x0, 0x0, 0x2f, 0xe0, 0xf, 0xf2, 0x0,
    0x6f, 0x90, 0x0, 0x0, 0xd, 0xfe, 0xef, 0xd0,
    0x2, 0xfd, 0x0, 0x0, 0x0, 0x2, 0xbf, 0xfb,
    0x20, 0xc, 0xf3, 0x0, 0x0, 0x0, 0x0, 0x0,
    0x0, 0x0, 0x8f, 0x70, 0x0, 0x0, 0x0, 0x0,
    0x0, 0x0, 0x4, 0xfb, 0x0, 0x7e, 0xfc, 0x30,
    0x0, 0x0, 0x0, 0x1e, 0xe1, 0x6, 0xff, 0xdf,
    0xf1, 0x0, 0x0, 0x0, 0xbf, 0x50, 0xc, 0xf5,
    0xb, 0xf6, 0x0, 0x0, 0x6, 0xf9, 0x0, 0xd,
    0xf3, 0x8, 0xf7, 0x0, 0x0, 0x2f, 0xd0, 0x0,
    0xc, 0xf5, 0xb, 0xf6, 0x0, 0x0, 0xcf, 0x30,
    0x0, 0x6, 0xff, 0xdf, 0xf1, 0x0, 0x8, 0xf7,
    0x0, 0x0, 0x0, 0x7e, 0xfc, 0x30,

    /* U+0026 "&" */
    0x0, 0x4, 0xcf, 0xfc, 0x40, 0x0, 0x0, 0x0,
    0x5f, 0xff, 0xff, 0xf4, 0x0, 0x0, 0x0, 0xcf,
    0xf7, 0x6e, 0xfa, 0x0, 0x0, 0x0, 0xef, 0xa0,
    0xb, 0xfa, 0x0, 0x0, 0x0, 0xaf, 0xe2, 0x7f,
    0xf4, 0x0, 0x0, 0x0, 0x2f, 0xff, 0xff, 0x60,
    0x0, 0x0, 0x0, 0x1d, 0xff, 0xf4, 0x0, 0x33,
    0x10, 0x2, 0xef, 0xff, 0xfc, 0x0, 0xff, 0x70,
    0xd, 0xff, 0x47, 0xff, 0xb4, 0xff, 0x50, 0x2f,
    0xfb, 0x0, 0x9f, 0xff, 0xff, 0x10, 0x2f, 0xfc,
    0x0, 0xa, 0xff, 0xfa, 0x0, 0xd, 0xff, 0xb6,
    0x7c, 0xff, 0xf6, 0x0, 0x3, 0xff, 0xff, 0xff,
    0xff, 0xff, 0x20, 0x0, 0x29, 0xef, 0xeb, 0x52,
    0xff, 0xd1,

    /* U+0027 "'" */
    0xf, 0xfc, 0xf, 0xfb, 0xe, 0xfa, 0xd, 0xf9,
    0xc, 0xf9, 0xb, 0xf8, 0x0, 0x0,

    /* U+0028 "(" */
    0x0, 0x0, 0x10, 0x0, 0x2f, 0xfa, 0x0, 0xaf,
    0xf4, 0x1, 0xff, 0xe0, 0x5, 0xff, 0x90, 0x9,
    0xff, 0x50, 0xd, 0xff, 0x10, 0x1f, 0xfe, 0x0,
    0x3f, 0xfc, 0x0, 0x4f, 0xfa, 0x0, 0x5f, 0xfa,
    0x0, 0x4f, 0xfb, 0x0, 0x2f, 0xfd, 0x0, 0xf,
    0xff, 0x0, 0xc, 0xff, 0x30, 0x7, 0xff, 0x80,
    0x1, 0xff, 0xe0, 0x0, 0x9f, 0xf4, 0x0, 0x1f,
    0xfa,

    /* U+0029 ")" */
    0x1, 0x10, 0x0, 0x2f, 0xfa, 0x0, 0xc, 0xff,
    0x20, 0x5, 0xff, 0x90, 0x0, 0xff, 0xe0, 0x0,
    0xdf, 0xf3, 0x0, 0x9f, 0xf6, 0x0, 0x5f, 0xf9,
    0x0, 0x3f, 0xfc, 0x0, 0x2f, 0xfd, 0x0, 0x1f,
    0xfd, 0x0, 0x3f, 0xfc, 0x0, 0x4f, 0xfb, 0x0,
    0x7f, 0xf8, 0x0, 0xbf, 0xf4, 0x0, 0xff, 0xf0,
    0x5, 0xff, 0x90, 0xb, 0xff, 0x20, 0x2f, 0xfa,
    0x0,

    /* U+002A "*" */
    0x0, 0x5, 0xf7, 0x0, 0x0, 0x72, 0x4f, 0x61,
    0x80, 0x3f, 0xf9, 0xfa, 0xef, 0x50, 0x5c, 0xff,
    0xfd, 0x60, 0x2, 0xaf, 0xff, 0xb3, 0x3, 0xff,
    0xbf, 0xbf, 0xf5, 0x9, 0x43, 0xf6, 0x2a, 0x0,
    0x0, 0x4f, 0x70, 0x0, 0x0, 0x0, 0x21, 0x0,
    0x0,

    /* U+002B "+" */
    0x0, 0x0, 0x7f, 0xf0, 0x0, 0x0, 0x0, 0x7,
    0xff, 0x0, 0x0, 0x0, 0x0, 0x7f, 0xf0, 0x0,
    0x1, 0x55, 0x5a, 0xff, 0x55, 0x54, 0x3f, 0xff,
    0xff, 0xff, 0xff, 0xc3, 0xff, 0xff, 0xff, 0xff,
    0xfc, 0x0, 0x0, 0x7f, 0xf0, 0x0, 0x0, 0x0,
    0x7, 0xff, 0x0, 0x0, 0x0, 0x0, 0x7f, 0xf0,
    0x0, 0x0, 0x0, 0x7, 0xff, 0x0, 0x0,

    /* U+002C "," */
    0x0, 0x0, 0xf, 0xfc, 0x3f, 0xf7, 0x5f, 0xf3,
    0x7f, 0xe0, 0xaf, 0x90, 0xcf, 0x40,

    /* U+002D "-" */
    0x35, 0x55, 0x55, 0x5a, 0xff, 0xff, 0xff, 0xaf,
    0xff, 0xff, 0xf0,

    /* U+002E "." */
    0x1, 0x40, 0x1, 0xff, 0xb0, 0x4f, 0xff, 0x0,
    0xbf, 0x70,

    /* U+002F "/" */
    0x0, 0x0, 0x8, 0x83, 0x0, 0x0, 0x4f, 0xf3,
    0x0, 0x0, 0x9f, 0xf0, 0x0, 0x0, 0xdf, 0xb0,
    0x0, 0x1, 0xff, 0x60, 0x0, 0x5, 0xff, 0x20,
    0x0, 0xa, 0xfe, 0x0, 0x0, 0xe, 0xf9, 0x0,
    0x0, 0x2f, 0xf5, 0x0, 0x0, 0x7f, 0xf1, 0x0,
    0x0, 0xbf, 0xd0, 0x0, 0x0, 0xff, 0x80, 0x0,
    0x3, 0xff, 0x40, 0x0, 0x8, 0xff, 0x0, 0x0,
    0xc, 0xfb, 0x0, 0x0, 0xf, 0xf7, 0x0, 0x0,
    0x5f, 0xf3, 0x0, 0x0, 0x9f, 0xe0, 0x0, 0x0,

    /* U+0030 "0" */
    0x0, 0x1, 0x8d, 0xfe, 0xb5, 0x0, 0x0, 0x3,
    0xef, 0xff, 0xff, 0xf9, 0x0, 0x0, 0xef, 0xfc,
    0x79, 0xff, 0xf6, 0x0, 0x7f, 0xfc, 0x0, 0x5,
    0xff, 0xe0, 0xc, 0xff, 0x40, 0x0, 0xd, 0xff,
    0x40, 0xff, 0xf1, 0x0, 0x0, 0x9f, 0xf6, 0xf,
    0xff, 0x0, 0x0, 0x8, 0xff, 0x80, 0xff, 0xf0,
    0x0, 0x0, 0x7f, 0xf8, 0xf, 0xff, 0x10, 0x0,
    0x9, 0xff, 0x60, 0xcf, 0xf4, 0x0, 0x0, 0xdf,
    0xf4, 0x7, 0xff, 0xc0, 0x0, 0x5f, 0xfe, 0x0,
    0xe, 0xff, 0xd8, 0x9f, 0xff, 0x60, 0x0, 0x3e,
    0xff, 0xff, 0xff, 0x90, 0x0, 0x0, 0x18, 0xdf,
    0xeb, 0x50, 0x0,

    /* U+0031 "1" */
    0x0, 0x9, 0xff, 0xf5, 0x3, 0xdf, 0xff, 0xf5,
    0x1f, 0xfe, 0xdf, 0xf5, 0x1f, 0xb1, 0xaf, 0xf5,
    0x16, 0x0, 0xaf, 0xf5, 0x0, 0x0, 0xaf, 0xf5,
    0x0, 0x0, 0xaf, 0xf5, 0x0, 0x0, 0xaf, 0xf5,
    0x0, 0x0, 0xaf, 0xf5, 0x0, 0x0, 0xaf, 0xf5,
    0x0, 0x0, 0xaf, 0xf5, 0x0, 0x0, 0xaf, 0xf5,
    0x0, 0x0, 0xaf, 0xf5, 0x0, 0x0, 0xaf, 0xf5,

    /* U+0032 "2" */
    0x0, 0x6c, 0xef, 0xd9, 0x20, 0x0, 0xbf, 0xff,
    0xff, 0xff, 0x40, 0x7f, 0xfe, 0x77, 0xcf, 0xfe,
    0xc, 0xff, 0x20, 0x0, 0xcf, 0xf3, 0x67, 0x70,
    0x0, 0xa, 0xff, 0x40, 0x0, 0x0, 0x1, 0xef,
    0xf0, 0x0, 0x0, 0x0, 0xbf, 0xf6, 0x0, 0x0,
    0x0, 0xbf, 0xf9, 0x0, 0x0, 0x1, 0xcf, 0xf9,
    0x0, 0x0, 0x2, 0xef, 0xf8, 0x0, 0x0, 0x4,
    0xff, 0xf7, 0x0, 0x0, 0x5, 0xff, 0xfc, 0x77,
    0x77, 0x73, 0xcf, 0xff, 0xff, 0xff, 0xff, 0x8c,
    0xff, 0xff, 0xff, 0xff, 0xf8,

    /* U+0033 "3" */
    0x0, 0x5, 0xbe, 0xfe, 0xb5, 0x0, 0x0, 0xbf,
    0xff, 0xff, 0xff, 0xa0, 0x7, 0xff, 0xe8, 0x69,
    0xff, 0xf4, 0x7, 0xaa, 0x20, 0x0, 0x7f, 0xf6,
    0x0, 0x0, 0x0, 0x3, 0xdf, 0xf2, 0x0, 0x0,
    0x2f, 0xff, 0xfb, 0x30, 0x0, 0x0, 0x2f, 0xff,
    0xfb, 0x40, 0x0, 0x0, 0x3, 0x37, 0xff, 0xf5,
    0x0, 0x0, 0x0, 0x0, 0x5f, 0xfd, 0x6, 0x66,
    0x0, 0x0, 0x2f, 0xff, 0xe, 0xff, 0x40, 0x0,
    0x7f, 0xfd, 0x8, 0xff, 0xfa, 0x7a, 0xff, 0xf7,
    0x0, 0xbf, 0xff, 0xff, 0xff, 0xa0, 0x0, 0x5,
    0xbe, 0xfe, 0xb4, 0x0,

    /* U+0034 "4" */
    0x0, 0x0, 0x0, 0x4f, 0xff, 0xd0, 0x0, 0x0,
    0x0, 0xe, 0xff, 0xfd, 0x0, 0x0, 0x0, 0x9,
    0xff, 0xff, 0xd0, 0x0, 0x0, 0x4, 0xff, 0xaf,
    0xfd, 0x0, 0x0, 0x1, 0xef, 0xe1, 0xff, 0xd0,
    0x0, 0x0, 0xaf, 0xf4, 0xf, 0xfd, 0x0, 0x0,
    0x4f, 0xfa, 0x0, 0xff, 0xd0, 0x0, 0x1e, 0xfe,
    0x10, 0xf, 0xfd, 0x0, 0xa, 0xff, 0x50, 0x0,
    0xff, 0xd0, 0x0, 0xff, 0xff, 0xff, 0xff, 0xff,
    0xfa, 0xf, 0xff, 0xff, 0xff, 0xff, 0xff, 0xa0,
    0x66, 0x66, 0x66, 0x6f, 0xfe, 0x63, 0x0, 0x0,
    0x0, 0x0, 0xff, 0xd0, 0x0, 0x0, 0x0, 0x0,
    0xf, 0xfd, 0x0,

    /* U+0035 "5" */
    0x2, 0xff, 0xff, 0xff, 0xff, 0xb0, 0x3, 0xff,
    0xff, 0xff, 0xff, 0xb0, 0x5, 0xff, 0xa7, 0x77,
    0x77, 0x50, 0x7, 0xff, 0x30, 0x0, 0x0, 0x0,
    0x8, 0xff, 0x5b, 0xff, 0xb3, 0x0, 0xa, 0xff,
    0xff, 0xff, 0xff, 0x40, 0x9, 0xff, 0xb4, 0x4a,
    0xff, 0xe0, 0x0, 0x2, 0x0, 0x0, 0xbf, 0xf5,
    0x0, 0x0, 0x0, 0x0, 0x6f, 0xf7, 0x5, 0x54,
    0x0, 0x0, 0x6f, 0xf7, 0xf, 0xff, 0x10, 0x0,
    0xcf, 0xf4, 0x9, 0xff, 0xe7, 0x6c, 0xff, 0xc0,
    0x0, 0xcf, 0xff, 0xff, 0xfe, 0x20, 0x0, 0x6,
    0xcf, 0xfd, 0x81, 0x0,

    /* U+0036 "6" */
    0x0, 0x1, 0x8d, 0xff, 0xc6, 0x0, 0x0, 0x2,
    0xef, 0xff, 0xff, 0xfc, 0x10, 0x0, 0xdf, 0xfd,
    0x99, 0xef, 0xf9, 0x0, 0x6f, 0xfa, 0x0, 0x1,
    0x77, 0x60, 0xb, 0xff, 0x17, 0xdf, 0xe8, 0x0,
    0x0, 0xef, 0xea, 0xff, 0xff, 0xfd, 0x0, 0xf,
    0xff, 0xf8, 0x35, 0xef, 0xf8, 0x0, 0xff, 0xf8,
    0x0, 0x3, 0xff, 0xe0, 0xf, 0xff, 0x30, 0x0,
    0xd, 0xff, 0x0, 0xdf, 0xf3, 0x0, 0x0, 0xef,
    0xf0, 0x9, 0xff, 0xa0, 0x0, 0x5f, 0xfc, 0x0,
    0x2f, 0xff, 0xb6, 0x8f, 0xff, 0x50, 0x0, 0x5f,
    0xff, 0xff, 0xff, 0x80, 0x0, 0x0, 0x29, 0xef,
    0xeb, 0x40, 0x0,

    /* U+0037 "7" */
    0x4f, 0xff, 0xff, 0xff, 0xff, 0xe4, 0xff, 0xff,
    0xff, 0xff, 0xfe, 0x28, 0x88, 0x88, 0x8a, 0xff,
    0xd0, 0x0, 0x0, 0x0, 0xbf, 0xf5, 0x0, 0x0,
    0x0, 0x4f, 0xfd, 0x0, 0x0, 0x0, 0xc, 0xff,
    0x50, 0x0, 0x0, 0x5, 0xff, 0xc0, 0x0, 0x0,
    0x0, 0xdf, 0xf4, 0x0, 0x0, 0x0, 0x6f, 0xfb,
    0x0, 0x0, 0x0, 0xd, 0xff, 0x30, 0x0, 0x0,
    0x6, 0xff, 0xa0, 0x0, 0x0, 0x0, 0xef, 0xf2,
    0x0, 0x0, 0x0, 0x7f, 0xf9, 0x0, 0x0, 0x0,
    0x1e, 0xff, 0x10, 0x0, 0x0,

    /* U+0038 "8" */
    0x0, 0x6, 0xbe, 0xfe, 0xb6, 0x0, 0x0, 0xb,
    0xff, 0xff, 0xff, 0xfb, 0x0, 0x6, 0xff, 0xe7,
    0x47, 0xef, 0xf6, 0x0, 0x7f, 0xf6, 0x0, 0x6,
    0xff, 0x80, 0x2, 0xff, 0xc3, 0x3, 0xcf, 0xf2,
    0x0, 0x4, 0xcf, 0xff, 0xff, 0xc3, 0x0, 0x0,
    0x4d, 0xff, 0xff, 0xfd, 0x40, 0x0, 0x4f, 0xff,
    0x63, 0x6f, 0xff, 0x50, 0xd, 0xff, 0x40, 0x0,
    0x4f, 0xfd, 0x0, 0xff, 0xf0, 0x0, 0x0, 0xff,
    0xf1, 0xf, 0xff, 0x40, 0x0, 0x4f, 0xff, 0x0,
    0x9f, 0xfe, 0x63, 0x6e, 0xff, 0x90, 0x0, 0xbf,
    0xff, 0xff, 0xff, 0xc0, 0x0, 0x0, 0x5b, 0xef,
    0xeb, 0x60, 0x0,

    /* U+0039 "9" */
    0x0, 0x5, 0xbe, 0xfd, 0x92, 0x0, 0x0, 0xa,
    0xff, 0xff, 0xff, 0xf4, 0x0, 0x7, 0xff, 0xf8,
    0x6a, 0xff, 0xf1, 0x0, 0xef, 0xf3, 0x0, 0x8,
    0xff, 0x80, 0xf, 0xfd, 0x0, 0x0, 0x2f, 0xfd,
    0x0, 0xff, 0xf1, 0x0, 0x6, 0xff, 0xf0, 0xa,
    0xff, 0xd5, 0x37, 0xff, 0xff, 0x0, 0x1e, 0xff,
    0xff, 0xf9, 0xef, 0xf0, 0x0, 0x19, 0xef, 0xd6,
    0xf, 0xfe, 0x0, 0x12, 0x20, 0x0, 0x4, 0xff,
    0xb0, 0xc, 0xff, 0x50, 0x0, 0xcf, 0xf5, 0x0,
    0x5f, 0xff, 0xa9, 0xef, 0xfd, 0x0, 0x0, 0x9f,
    0xff, 0xff, 0xfe, 0x20, 0x0, 0x0, 0x5b, 0xef,
    0xd8, 0x10, 0x0,

    /* U+003A ":" */
    0x1, 0x40, 0x1, 0xff, 0xb0, 0x4f, 0xff, 0x0,
    0xbf, 0x70, 0x0, 0x0, 0x0, 0x0, 0x0, 0x0,
    0x0, 0x0, 0x14, 0x0, 0x1f, 0xfb, 0x4, 0xff,
    0xf0, 0xb, 0xf7, 0x0,

    /* U+003B ";" */
    0x1, 0x41, 0x0, 0xdf, 0xe0, 0x1f, 0xff, 0x20,
    0x9f, 0x90, 0x0, 0x0, 0x0, 0x0, 0x0, 0x0,
    0x0, 0x0, 0x0, 0x0, 0x0, 0x0, 0x0, 0xff,
    0xc0, 0x3f, 0xf7, 0x5, 0xff, 0x30, 0x7f, 0xe0,
    0xa, 0xf9, 0x0, 0xcf, 0x40, 0x0,

    /* U+003C "<" */
    0x0, 0x0, 0x0, 0x0, 0x0, 0x20, 0x0, 0x0,
    0x0, 0x7, 0xe9, 0x0, 0x0, 0x2, 0x9f, 0xff,
    0x90, 0x0, 0x3a, 0xff, 0xff, 0xd4, 0x5, 0xcf,
    0xff, 0xfa, 0x40, 0x5, 0xff, 0xfd, 0x71, 0x0,
    0x0, 0x6f, 0xff, 0x60, 0x0, 0x0, 0x3, 0xcf,
    0xff, 0xf9, 0x30, 0x0, 0x0, 0x4b, 0xff, 0xff,
    0xc6, 0x0, 0x0, 0x2, 0x9f, 0xff, 0xf9, 0x0,
    0x0, 0x0, 0x7, 0xef, 0x90, 0x0, 0x0, 0x0,
    0x0, 0x56,

    /* U+003D "=" */
    0x1f, 0xff, 0xff, 0xff, 0xff, 0xa1, 0xff, 0xff,
    0xff, 0xff, 0xfa, 0x7, 0x77, 0x77, 0x77, 0x77,
    0x40, 0x0, 0x0, 0x0, 0x0, 0x0, 0x7, 0x77,
    0x77, 0x77, 0x77, 0x41, 0xff, 0xff, 0xff, 0xff,
    0xfa, 0x1f, 0xff, 0xff, 0xff, 0xff, 0xa0,

    /* U+003E ">" */
    0x20, 0x0, 0x0, 0x0, 0x0, 0xfb, 0x40, 0x0,
    0x0, 0x0, 0xff, 0xfd, 0x60, 0x0, 0x0, 0xaf,
    0xff, 0xfe, 0x71, 0x0, 0x1, 0x6d, 0xff, 0xff,
    0x92, 0x0, 0x0, 0x3a, 0xff, 0xff, 0x0, 0x0,
    0x2, 0xaf, 0xff, 0x0, 0x6, 0xcf, 0xff, 0xf9,
    0x29, 0xef, 0xff, 0xe8, 0x10, 0xff, 0xff, 0xd6,
    0x0, 0x0, 0xff, 0xb4, 0x0, 0x0, 0x0, 0x92,
    0x0, 0x0, 0x0, 0x0,

    /* U+003F "?" */
    0x0, 0x3a, 0xef, 0xeb, 0x40, 0x0, 0x5f, 0xff,
    0xff, 0xff, 0x70, 0xe, 0xff, 0xa6, 0xaf, 0xff,
    0x12, 0xff, 0xb0, 0x0, 0xdf, 0xf3, 0x0, 0x0,
    0x0, 0xe, 0xff, 0x10, 0x0, 0x0, 0x2c, 0xff,
    0xa0, 0x0, 0x0, 0x5f, 0xff, 0x90, 0x0, 0x0,
    0xe, 0xff, 0x40, 0x0, 0x0, 0x2, 0xff, 0x80,
    0x0, 0x0, 0x0, 0x17, 0x73, 0x0, 0x0, 0x0,
    0x0, 0x23, 0x0, 0x0, 0x0, 0x0, 0x5f, 0xf9,
    0x0, 0x0, 0x0, 0x8, 0xff, 0xc0, 0x0, 0x0,
    0x0, 0x2d, 0xe5, 0x0, 0x0,

    /* U+0040 "@" */
    0x0, 0x0, 0x0, 0x6a, 0xdf, 0xfe, 0xc8, 0x20,
    0x0, 0x0, 0x0, 0x0, 0x6e, 0xff, 0xff, 0xff,
    0xff, 0xfb, 0x10, 0x0, 0x0, 0x9, 0xff, 0xfa,
    0x64, 0x34, 0x7b, 0xff, 0xe2, 0x0, 0x0, 0x7f,
    0xfc, 0x20, 0x2, 0x10, 0x13, 0x5e, 0xfd, 0x0,
    0x1, 0xff, 0xc0, 0x7, 0xff, 0xfc, 0x9f, 0x83,
    0xff, 0x80, 0x7, 0xff, 0x20, 0x7f, 0xff, 0xff,
    0xff, 0x80, 0x9f, 0xe0, 0xc, 0xfc, 0x0, 0xff,
    0x91, 0x18, 0xff, 0x80, 0x3f, 0xf3, 0xf, 0xf8,
    0x5, 0xfe, 0x0, 0x0, 0xdf, 0x80, 0xf, 0xf5,
    0xf, 0xf6, 0x7, 0xfb, 0x0, 0x0, 0xaf, 0x80,
    0xf, 0xf5, 0xf, 0xf6, 0x6, 0xfc, 0x0, 0x0,
    0xaf, 0x80, 0xf, 0xf4, 0xf, 0xf8, 0x4, 0xfe,
    0x0, 0x0, 0xdf, 0x80, 0x2f, 0xf2, 0xd, 0xfb,
    0x0, 0xff, 0x80, 0x7, 0xff, 0xa0, 0x8f, 0xd0,
    0x8, 0xff, 0x20, 0x6f, 0xff, 0xff, 0xcf, 0xff,
    0xff, 0x50, 0x2, 0xff, 0xc0, 0x5, 0xcf, 0xe9,
    0x7, 0xdf, 0xd5, 0x0, 0x0, 0x9f, 0xfc, 0x20,
    0x0, 0x0, 0x0, 0x0, 0x0, 0x0, 0x0, 0xb,
    0xff, 0xfb, 0x74, 0x44, 0x69, 0x80, 0x0, 0x0,
    0x0, 0x0, 0x7f, 0xff, 0xff, 0xff, 0xff, 0xf1,
    0x0, 0x0, 0x0, 0x0, 0x1, 0x6a, 0xdf, 0xfe,
    0xd9, 0x50, 0x0, 0x0,

    /* U+0041 "A" */
    0x0, 0x0, 0xb, 0xff, 0xf8, 0x0, 0x0, 0x0,
    0x0, 0x1, 0xff, 0xff, 0xe0, 0x0, 0x0, 0x0,
    0x0, 0x6f, 0xfc, 0xff, 0x40, 0x0, 0x0, 0x0,
    0xc, 0xff, 0x4f, 0xfa, 0x0, 0x0, 0x0, 0x2,
    0xff, 0xb0, 0xef, 0xf0, 0x0, 0x0, 0x0, 0x8f,
    0xf6, 0x9, 0xff, 0x50, 0x0, 0x0, 0xd, 0xff,
    0x10, 0x4f, 0xfb, 0x0, 0x0, 0x3, 0xff, 0xc0,
    0x0, 0xef, 0xf1, 0x0, 0x0, 0x9f, 0xff, 0xff,
    0xff, 0xff, 0x70, 0x0, 0xe, 0xff, 0xff, 0xff,
    0xff, 0xfd, 0x0, 0x4, 0xff, 0xd5, 0x55, 0x55,
    0xef, 0xf2, 0x0, 0xaf, 0xf8, 0x0, 0x0, 0xa,
    0xff, 0x80, 0xf, 0xff, 0x30, 0x0, 0x0, 0x5f,
    0xfe, 0x5, 0xff, 0xe0, 0x0, 0x0, 0x0, 0xff,
    0xf4,

    /* U+0042 "B" */
    0xbf, 0xff, 0xff, 0xfd, 0x91, 0x0, 0xbf, 0xff,
    0xff, 0xff, 0xfe, 0x20, 0xbf, 0xf9, 0x66, 0x8f,
    0xff, 0xa0, 0xbf, 0xf4, 0x0, 0x5, 0xff, 0xd0,
    0xbf, 0xf4, 0x0, 0x3, 0xff, 0xc0, 0xbf, 0xf5,
    0x0, 0x3c, 0xff, 0x40, 0xbf, 0xff, 0xff, 0xff,
    0xc3, 0x0, 0xbf, 0xff, 0xff, 0xff, 0xfd, 0x30,
    0xbf, 0xf4, 0x0, 0x17, 0xff, 0xe1, 0xbf, 0xf4,
    0x0, 0x0, 0xbf, 0xf5, 0xbf, 0xf4, 0x0, 0x0,
    0xcf, 0xf6, 0xbf, 0xf9, 0x77, 0x7c, 0xff, 0xf3,
    0xbf, 0xff, 0xff, 0xff, 0xff, 0x90, 0xbf, 0xff,
    0xff, 0xfe, 0xb5, 0x0,

    /* U+0043 "C" */
    0x0, 0x0, 0x4a, 0xdf, 0xfc, 0x70, 0x0, 0x0,
    0xa, 0xff, 0xff, 0xff, 0xfe, 0x30, 0x0, 0xaf,
    0xff, 0xda, 0xbf, 0xff, 0xe1, 0x4, 0xff, 0xf5,
    0x0, 0x1, 0xdf, 0xf8, 0xa, 0xff, 0x80, 0x0,
    0x0, 0x3e, 0xec, 0xe, 0xff, 0x20, 0x0, 0x0,
    0x0, 0x0, 0xf, 0xff, 0x0, 0x0, 0x0, 0x0,
    0x0, 0xf, 0xff, 0x0, 0x0, 0x0, 0x0, 0x0,
    0xe, 0xff, 0x20, 0x0, 0x0, 0x0, 0x0, 0xb,
    0xff, 0x80, 0x0, 0x0, 0x3e, 0xec, 0x4, 0xff,
    0xf5, 0x0, 0x1, 0xdf, 0xf8, 0x0, 0xaf, 0xff,
    0xda, 0xbf, 0xff, 0xe1, 0x0, 0xa, 0xff, 0xff,
    0xff, 0xfd, 0x20, 0x0, 0x0, 0x4a, 0xdf, 0xfc,
    0x70, 0x0,

    /* U+0044 "D" */
    0xbf, 0xff, 0xff, 0xec, 0x61, 0x0, 0xb, 0xff,
    0xff, 0xff, 0xff, 0xe3, 0x0, 0xbf, 0xfa, 0x89,
    0xaf, 0xff, 0xf2, 0xb, 0xff, 0x40, 0x0, 0xb,
    0xff, 0xc0, 0xbf, 0xf4, 0x0, 0x0, 0xe, 0xff,
    0x2b, 0xff, 0x40, 0x0, 0x0, 0x9f, 0xf5, 0xbf,
    0xf4, 0x0, 0x0, 0x7, 0xff, 0x7b, 0xff, 0x40,
    0x0, 0x0, 0x7f, 0xf7, 0xbf, 0xf4, 0x0, 0x0,
    0x9, 0xff, 0x5b, 0xff, 0x40, 0x0, 0x0, 0xef,
    0xf2, 0xbf, 0xf4, 0x0, 0x0, 0xbf, 0xfc, 0xb,
    0xff, 0xa8, 0x9a, 0xff, 0xff, 0x20, 0xbf, 0xff,
    0xff, 0xff, 0xfe, 0x40, 0xb, 0xff, 0xff, 0xfe,
    0xc6, 0x10, 0x0,

    /* U+0045 "E" */
    0xbf, 0xff, 0xff, 0xff, 0xff, 0x1b, 0xff, 0xff,
    0xff, 0xff, 0xf1, 0xbf, 0xf9, 0x77, 0x77, 0x77,
    0xb, 0xff, 0x40, 0x0, 0x0, 0x0, 0xbf, 0xf4,
    0x0, 0x0, 0x0, 0xb, 0xff, 0x96, 0x66, 0x66,
    0x30, 0xbf, 0xff, 0xff, 0xff, 0xf8, 0xb, 0xff,
    0xff, 0xff, 0xff, 0x80, 0xbf, 0xf4, 0x0, 0x0,
    0x0, 0xb, 0xff, 0x40, 0x0, 0x0, 0x0, 0xbf,
    0xf4, 0x0, 0x0, 0x0, 0xb, 0xff, 0x97, 0x77,
    0x77, 0x70, 0xbf, 0xff, 0xff, 0xff, 0xff, 0x1b,
    0xff, 0xff, 0xff, 0xff, 0xf1,

    /* U+0046 "F" */
    0xbf, 0xff, 0xff, 0xff, 0xfe, 0xbf, 0xff, 0xff,
    0xff, 0xfe, 0xbf, 0xf9, 0x77, 0x77, 0x76, 0xbf,
    0xf4, 0x0, 0x0, 0x0, 0xbf, 0xf4, 0x0, 0x0,
    0x0, 0xbf, 0xf4, 0x0, 0x0, 0x0, 0xbf, 0xff,
    0xff, 0xff, 0xf4, 0xbf, 0xff, 0xff, 0xff, 0xf4,
    0xbf, 0xf9, 0x66, 0x66, 0x61, 0xbf, 0xf4, 0x0,
    0x0, 0x0, 0xbf, 0xf4, 0x0, 0x0, 0x0, 0xbf,
    0xf4, 0x0, 0x0, 0x0, 0xbf, 0xf4, 0x0, 0x0,
    0x0, 0xbf, 0xf4, 0x0, 0x0, 0x0,

    /* U+0047 "G" */
    0x0, 0x0, 0x3a, 0xdf, 0xfc, 0x71, 0x0, 0x0,
    0x0, 0x9f, 0xff, 0xff, 0xff, 0xe4, 0x0, 0x0,
    0x9f, 0xff, 0xda, 0xbf, 0xff, 0xf2, 0x0, 0x4f,
    0xff, 0x50, 0x0, 0xb, 0xff, 0xa0, 0xa, 0xff,
    0x80, 0x0, 0x0, 0x16, 0x65, 0x0, 0xef, 0xf2,
    0x0, 0x0, 0x0, 0x0, 0x0, 0xf, 0xff, 0x0,
    0x0, 0xff, 0xff, 0xff, 0x0, 0xff, 0xf0, 0x0,
    0xf, 0xff, 0xff, 0xf0, 0xe, 0xff, 0x20, 0x0,
    0x44, 0x4e, 0xff, 0x0, 0xaf, 0xf8, 0x0, 0x0,
    0x1, 0xff, 0xd0, 0x4, 0xff, 0xf5, 0x0, 0x1,
    0xbf, 0xf7, 0x0, 0xa, 0xff, 0xfd, 0xab, 0xff,
    0xfe, 0x10, 0x0, 0xa, 0xff, 0xff, 0xff, 0xfd,
    0x20, 0x0, 0x0, 0x4, 0xad, 0xfe, 0xc7, 0x0,
    0x0,

    /* U+0048 "H" */
    0xbf, 0xf4, 0x0, 0x0, 0x5, 0xff, 0xab, 0xff,
    0x40, 0x0, 0x0, 0x5f, 0xfa, 0xbf, 0xf4, 0x0,
    0x0, 0x5, 0xff, 0xab, 0xff, 0x40, 0x0, 0x0,
    0x5f, 0xfa, 0xbf, 0xf4, 0x0, 0x0, 0x5, 0xff,
    0xab, 0xff, 0x97, 0x77, 0x77, 0xaf, 0xfa, 0xbf,
    0xff, 0xff, 0xff, 0xff, 0xff, 0xab, 0xff, 0xff,
    0xff, 0xff, 0xff, 0xfa, 0xbf, 0xf4, 0x0, 0x0,
    0x5, 0xff, 0xab, 0xff, 0x40, 0x0, 0x0, 0x5f,
    0xfa, 0xbf, 0xf4, 0x0, 0x0, 0x5, 0xff, 0xab,
    0xff, 0x40, 0x0, 0x0, 0x5f, 0xfa, 0xbf, 0xf4,
    0x0, 0x0, 0x5, 0xff, 0xab, 0xff, 0x40, 0x0,
    0x0, 0x5f, 0xfa,

    /* U+0049 "I" */
    0xbf, 0xf4, 0xbf, 0xf4, 0xbf, 0xf4, 0xbf, 0xf4,
    0xbf, 0xf4, 0xbf, 0xf4, 0xbf, 0xf4, 0xbf, 0xf4,
    0xbf, 0xf4, 0xbf, 0xf4, 0xbf, 0xf4, 0xbf, 0xf4,
    0xbf, 0xf4, 0xbf, 0xf4,

    /* U+004A "J" */
    0x0, 0x0, 0x0, 0x9, 0xff, 0x60, 0x0, 0x0,
    0x0, 0x9f, 0xf6, 0x0, 0x0, 0x0, 0x9, 0xff,
    0x60, 0x0, 0x0, 0x0, 0x9f, 0xf6, 0x0, 0x0,
    0x0, 0x9, 0xff, 0x60, 0x0, 0x0, 0x0, 0x9f,
    0xf6, 0x0, 0x0, 0x0, 0x9, 0xff, 0x60, 0x0,
    0x0, 0x0, 0x9f, 0xf6, 0x13, 0x32, 0x0, 0x9,
    0xff, 0x65, 0xff, 0xa0, 0x0, 0x9f, 0xf5, 0x3f,
    0xfd, 0x0, 0xc, 0xff, 0x40, 0xef, 0xfa, 0x6a,
    0xff, 0xf1, 0x5, 0xff, 0xff, 0xff, 0xf6, 0x0,
    0x3, 0xbe, 0xfe, 0xb4, 0x0,

    /* U+004B "K" */
    0xbf, 0xf4, 0x0, 0x0, 0x5f, 0xff, 0x4b, 0xff,
    0x40, 0x0, 0x4f, 0xff, 0x60, 0xbf, 0xf4, 0x0,
    0x2f, 0xff, 0x70, 0xb, 0xff, 0x40, 0x1e, 0xff,
    0x90, 0x0, 0xbf, 0xf4, 0xd, 0xff, 0xa0, 0x0,
    0xb, 0xff, 0x4a, 0xff, 0xc0, 0x0, 0x0, 0xbf,
    0xfa, 0xff, 0xf9, 0x0, 0x0, 0xb, 0xff, 0xff,
    0xff, 0xf4, 0x0, 0x0, 0xbf, 0xff, 0xb6, 0xff,
    0xe1, 0x0, 0xb, 0xff, 0xb0, 0xb, 0xff, 0xb0,
    0x0, 0xbf, 0xf4, 0x0, 0x1e, 0xff, 0x60, 0xb,
    0xff, 0x40, 0x0, 0x5f, 0xff, 0x20, 0xbf, 0xf4,
    0x0, 0x0, 0xaf, 0xfc, 0xb, 0xff, 0x40, 0x0,
    0x1, 0xef, 0xf8,

    /* U+004C "L" */
    0xbf, 0xf4, 0x0, 0x0, 0x0, 0xbf, 0xf4, 0x0,
    0x0, 0x0, 0xbf, 0xf4, 0x0, 0x0, 0x0, 0xbf,
    0xf4, 0x0, 0x0, 0x0, 0xbf, 0xf4, 0x0, 0x0,
    0x0, 0xbf, 0xf4, 0x0, 0x0, 0x0, 0xbf, 0xf4,
    0x0, 0x0, 0x0, 0xbf, 0xf4, 0x0, 0x0, 0x0,
    0xbf, 0xf4, 0x0, 0x0, 0x0, 0xbf, 0xf4, 0x0,
    0x0, 0x0, 0xbf, 0xf4, 0x0, 0x0, 0x0, 0xbf,
    0xf9, 0x77, 0x77, 0x74, 0xbf, 0xff, 0xff, 0xff,
    0xf9, 0xbf, 0xff, 0xff, 0xff, 0xf9,

    /* U+004D "M" */
    0xbf, 0xff, 0xf1, 0x0, 0x0, 0x7, 0xff, 0xff,
    0x5b, 0xff, 0xff, 0x70, 0x0, 0x0, 0xcf, 0xff,
    0xf5, 0xbf, 0xff, 0xfc, 0x0, 0x0, 0x2f, 0xff,
    0xff, 0x5b, 0xff, 0xcf, 0xf2, 0x0, 0x8, 0xff,
    0xcf, 0xf5, 0xbf, 0xf8, 0xff, 0x80, 0x0, 0xef,
    0xe9, 0xff, 0x5b, 0xff, 0x4f, 0xfe, 0x0, 0x4f,
    0xf9, 0xaf, 0xf5, 0xbf, 0xf4, 0xaf, 0xf4, 0x9,
    0xff, 0x4a, 0xff, 0x5b, 0xff, 0x45, 0xff, 0x90,
    0xef, 0xe0, 0xaf, 0xf5, 0xbf, 0xf4, 0xf, 0xfd,
    0x2f, 0xf9, 0xa, 0xff, 0x5b, 0xff, 0x40, 0x9f,
    0xf7, 0xff, 0x30, 0xaf, 0xf5, 0xbf, 0xf4, 0x3,
    0xff, 0xef, 0xd0, 0xa, 0xff, 0x5b, 0xff, 0x40,
    0xd, 0xff, 0xf7, 0x0, 0xaf, 0xf5, 0xbf, 0xf4,
    0x0, 0x7f, 0xff, 0x20, 0xa, 0xff, 0x5b, 0xff,
    0x40, 0x2, 0xff, 0xc0, 0x0, 0xaf, 0xf5,

    /* U+004E "N" */
    0xbf, 0xfe, 0x10, 0x0, 0x2, 0xff, 0xeb, 0xff,
    0xf9, 0x0, 0x0, 0x2f, 0xfe, 0xbf, 0xff, 0xf4,
    0x0, 0x2, 0xff, 0xeb, 0xff, 0xff, 0xd0, 0x0,
    0x2f, 0xfe, 0xbf, 0xf8, 0xff, 0x80, 0x2, 0xff,
    0xeb, 0xff, 0x4c, 0xff, 0x30, 0x2f, 0xfe, 0xbf,
    0xf5, 0x3f, 0xfd, 0x1, 0xff, 0xeb, 0xff, 0x50,
    0x9f, 0xf7, 0x1f, 0xfe, 0xbf, 0xf5, 0x1, 0xef,
    0xf2, 0xff, 0xeb, 0xff, 0x50, 0x5, 0xff, 0x9f,
    0xfe, 0xbf, 0xf5, 0x0, 0xa, 0xff, 0xff, 0xeb,
    0xff, 0x50, 0x0, 0x1e, 0xff, 0xfe, 0xbf, 0xf5,
    0x0, 0x0, 0x6f, 0xff, 0xeb, 0xff, 0x50, 0x0,
    0x0, 0xbf, 0xfe,

    /* U+004F "O" */
    0x0, 0x0, 0x4a, 0xdf, 0xec, 0x60, 0x0, 0x0,
    0x0, 0xaf, 0xff, 0xff, 0xff, 0xd3, 0x0, 0x0,
    0xaf, 0xff, 0xda, 0xbf, 0xff, 0xe1, 0x0, 0x4f,
    0xff, 0x50, 0x0, 0x1c, 0xff, 0xb0, 0xa, 0xff,
    0x80, 0x0, 0x0, 0x1f, 0xff, 0x10, 0xef, 0xf2,
    0x0, 0x0, 0x0, 0xbf, 0xf5, 0xf, 0xff, 0x0,
    0x0, 0x0, 0x9, 0xff, 0x70, 0xff, 0xf0, 0x0,
    0x0, 0x0, 0x9f, 0xf7, 0xe, 0xff, 0x20, 0x0,
    0x0, 0xb, 0xff, 0x50, 0xaf, 0xf8, 0x0, 0x0,
    0x1, 0xff, 0xf1, 0x4, 0xff, 0xf5, 0x0, 0x1,
    0xcf, 0xfb, 0x0, 0xa, 0xff, 0xfd, 0xab, 0xff,
    0xfe, 0x20, 0x0, 0xa, 0xff, 0xff, 0xff, 0xfe,
    0x30, 0x0, 0x0, 0x4, 0xad, 0xfe, 0xc7, 0x0,
    0x0,

    /* U+0050 "P" */
    0xbf, 0xff, 0xff, 0xfd, 0x70, 0x0, 0xbf, 0xff,
    0xff, 0xff, 0xfd, 0x10, 0xbf, 0xf9, 0x77, 0x9f,
    0xff, 0xa0, 0xbf, 0xf4, 0x0, 0x3, 0xff, 0xf0,
    0xbf, 0xf4, 0x0, 0x0, 0xef, 0xf2, 0xbf, 0xf4,
    0x0, 0x0, 0xff, 0xf1, 0xbf, 0xf4, 0x0, 0x2b,
    0xff, 0xd0, 0xbf, 0xff, 0xff, 0xff, 0xff, 0x40,
    0xbf, 0xff, 0xff, 0xff, 0xe4, 0x0, 0xbf, 0xf9,
    0x66, 0x53, 0x0, 0x0, 0xbf, 0xf4, 0x0, 0x0,
    0x0, 0x0, 0xbf, 0xf4, 0x0, 0x0, 0x0, 0x0,
    0xbf, 0xf4, 0x0, 0x0, 0x0, 0x0, 0xbf, 0xf4,
    0x0, 0x0, 0x0, 0x0,

    /* U+0051 "Q" */
    0x0, 0x0, 0x4a, 0xdf, 0xec, 0x60, 0x0, 0x0,
    0x0, 0xaf, 0xff, 0xff, 0xff, 0xe3, 0x0, 0x0,
    0xaf, 0xff, 0xda, 0xbf, 0xff, 0xe2, 0x0, 0x4f,
    0xff, 0x50, 0x0, 0x1c, 0xff, 0xb0, 0xa, 0xff,
    0x80, 0x0, 0x0, 0x1f, 0xff, 0x10, 0xef, 0xf2,
    0x0, 0x0, 0x0, 0xbf, 0xf5, 0xf, 0xff, 0x0,
    0x0, 0x0, 0x9, 0xff, 0x70, 0xff, 0xf0, 0x0,
    0x0, 0x0, 0x9f, 0xf7, 0xe, 0xff, 0x20, 0x0,
    0x0, 0xb, 0xff, 0x50, 0xaf, 0xf8, 0x0, 0xbf,
    0xa2, 0xff, 0xf1, 0x4, 0xff, 0xf5, 0x1, 0xef,
    0xef, 0xfa, 0x0, 0xa, 0xff, 0xfd, 0xad, 0xff,
    0xfe, 0x10, 0x0, 0xa, 0xff, 0xff, 0xff, 0xff,
    0x70, 0x0, 0x0, 0x4, 0xad, 0xfe, 0xcc, 0xff,
    0x20, 0x0, 0x0, 0x0, 0x0, 0x0, 0xd, 0xfd,
    0x0,

    /* U+0052 "R" */
    0xbf, 0xff, 0xff, 0xfd, 0x81, 0x0, 0xbf, 0xff,
    0xff, 0xff, 0xfe, 0x20, 0xbf, 0xf9, 0x77, 0x9f,
    0xff, 0xb0, 0xbf, 0xf4, 0x0, 0x2, 0xff, 0xf1,
    0xbf, 0xf4, 0x0, 0x0, 0xef, 0xf2, 0xbf, 0xf4,
    0x0, 0x2, 0xff, 0xf1, 0xbf, 0xf9, 0x66, 0x8e,
    0xff, 0xc0, 0xbf, 0xff, 0xff, 0xff, 0xfe, 0x20,
    0xbf, 0xff, 0xff, 0xff, 0xd1, 0x0, 0xbf, 0xf4,
    0x2, 0xff, 0xf2, 0x0, 0xbf, 0xf4, 0x0, 0x8f,
    0xfb, 0x0, 0xbf, 0xf4, 0x0, 0xe, 0xff, 0x40,
    0xbf, 0xf4, 0x0, 0x6, 0xff, 0xd0, 0xbf, 0xf4,
    0x0, 0x0, 0xdf, 0xf6,

    /* U+0053 "S" */
    0x0, 0x4, 0xae, 0xfe, 0xc6, 0x0, 0x0, 0x9,
    0xff, 0xff, 0xff, 0xfd, 0x10, 0x6, 0xff, 0xfb,
    0x89, 0xef, 0xfa, 0x0, 0xbf, 0xf7, 0x0, 0x1,
    0xff, 0xf0, 0xb, 0xff, 0x60, 0x0, 0x2, 0x22,
    0x0, 0x6f, 0xff, 0x94, 0x0, 0x0, 0x0, 0x0,
    0x8f, 0xff, 0xff, 0xc7, 0x0, 0x0, 0x0, 0x27,
    0xcf, 0xff, 0xfe, 0x30, 0x0, 0x0, 0x0, 0x4,
    0xbf, 0xfe, 0x1, 0x88, 0x60, 0x0, 0x0, 0xdf,
    0xf3, 0xf, 0xff, 0x20, 0x0, 0x1e, 0xff, 0x20,
    0xaf, 0xff, 0xb8, 0xae, 0xff, 0xd0, 0x1, 0xcf,
    0xff, 0xff, 0xff, 0xf3, 0x0, 0x0, 0x6b, 0xef,
    0xfc, 0x81, 0x0,

    /* U+0054 "T" */
    0x4f, 0xff, 0xff, 0xff, 0xff, 0xff, 0xa4, 0xff,
    0xff, 0xff, 0xff, 0xff, 0xfa, 0x17, 0x77, 0x7e,
    0xff, 0x87, 0x77, 0x40, 0x0, 0x0, 0xdf, 0xf2,
    0x0, 0x0, 0x0, 0x0, 0xd, 0xff, 0x20, 0x0,
    0x0, 0x0, 0x0, 0xdf, 0xf2, 0x0, 0x0, 0x0,
    0x0, 0xd, 0xff, 0x20, 0x0, 0x0, 0x0, 0x0,
    0xdf, 0xf2, 0x0, 0x0, 0x0, 0x0, 0xd, 0xff,
    0x20, 0x0, 0x0, 0x0, 0x0, 0xdf, 0xf2, 0x0,
    0x0, 0x0, 0x0, 0xd, 0xff, 0x20, 0x0, 0x0,
    0x0, 0x0, 0xdf, 0xf2, 0x0, 0x0, 0x0, 0x0,
    0xd, 0xff, 0x20, 0x0, 0x0, 0x0, 0x0, 0xdf,
    0xf2, 0x0, 0x0,

    /* U+0055 "U" */
    0xbf, 0xf4, 0x0, 0x0, 0xa, 0xff, 0x5b, 0xff,
    0x40, 0x0, 0x0, 0xaf, 0xf5, 0xbf, 0xf4, 0x0,
    0x0, 0xa, 0xff, 0x5b, 0xff, 0x40, 0x0, 0x0,
    0xaf, 0xf5, 0xbf, 0xf4, 0x0, 0x0, 0xa, 0xff,
    0x5b, 0xff, 0x40, 0x0, 0x0, 0xaf, 0xf5, 0xbf,
    0xf4, 0x0, 0x0, 0xa, 0xff, 0x5b, 0xff, 0x40,
    0x0, 0x0, 0xaf, 0xf5, 0xaf, 0xf4, 0x0, 0x0,
    0xa, 0xff, 0x59, 0xff, 0x70, 0x0, 0x0, 0xdf,
    0xf4, 0x6f, 0xfe, 0x20, 0x0, 0x7f, 0xff, 0x10,
    0xef, 0xff, 0xba, 0xdf, 0xff, 0x90, 0x3, 0xef,
    0xff, 0xff, 0xff, 0xb0, 0x0, 0x0, 0x7c, 0xef,
    0xea, 0x50, 0x0,

    /* U+0056 "V" */
    0x5f, 0xff, 0x0, 0x0, 0x0, 0xf, 0xff, 0x40,
    0xff, 0xf4, 0x0, 0x0, 0x5, 0xff, 0xe0, 0x9,
    0xff, 0xa0, 0x0, 0x0, 0xaf, 0xf8, 0x0, 0x3f,
    0xff, 0x0, 0x0, 0xf, 0xff, 0x30, 0x0, 0xdf,
    0xf5, 0x0, 0x5, 0xff, 0xd0, 0x0, 0x8, 0xff,
    0xa0, 0x0, 0xaf, 0xf7, 0x0, 0x0, 0x2f, 0xff,
    0x0, 0xf, 0xff, 0x20, 0x0, 0x0, 0xcf, 0xf5,
    0x4, 0xff, 0xc0, 0x0, 0x0, 0x6, 0xff, 0xa0,
    0x9f, 0xf6, 0x0, 0x0, 0x0, 0x1f, 0xfe, 0xd,
    0xff, 0x10, 0x0, 0x0, 0x0, 0xbf, 0xf5, 0xff,
    0xb0, 0x0, 0x0, 0x0, 0x5, 0xff, 0xdf, 0xf5,
    0x0, 0x0, 0x0, 0x0, 0xf, 0xff, 0xff, 0x0,
    0x0, 0x0, 0x0, 0x0, 0x9f, 0xff, 0xa0, 0x0,
    0x0,

    /* U+0057 "W" */
    0x6f, 0xfd, 0x0, 0x0, 0x4f, 0xff, 0x0, 0x0,
    0x1f, 0xff, 0x21, 0xff, 0xf1, 0x0, 0x9, 0xff,
    0xf4, 0x0, 0x5, 0xff, 0xd0, 0xd, 0xff, 0x50,
    0x0, 0xdf, 0xff, 0x80, 0x0, 0x9f, 0xf9, 0x0,
    0x8f, 0xf9, 0x0, 0x1f, 0xff, 0xfd, 0x0, 0xd,
    0xff, 0x40, 0x4, 0xff, 0xd0, 0x5, 0xff, 0xaf,
    0xf1, 0x1, 0xff, 0xf0, 0x0, 0xf, 0xff, 0x10,
    0x9f, 0xf4, 0xff, 0x50, 0x5f, 0xfb, 0x0, 0x0,
    0xbf, 0xf5, 0xd, 0xfc, 0xf, 0xf9, 0x9, 0xff,
    0x70, 0x0, 0x6, 0xff, 0x81, 0xff, 0x80, 0xcf,
    0xd0, 0xcf, 0xf2, 0x0, 0x0, 0x2f, 0xfb, 0x4f,
    0xf4, 0x8, 0xff, 0x1f, 0xfe, 0x0, 0x0, 0x0,
    0xdf, 0xe8, 0xff, 0x0, 0x4f, 0xf6, 0xff, 0x90,
    0x0, 0x0, 0x9, 0xff, 0xcf, 0xb0, 0x0, 0xff,
    0xcf, 0xf5, 0x0, 0x0, 0x0, 0x4f, 0xff, 0xf7,
    0x0, 0xb, 0xff, 0xff, 0x10, 0x0, 0x0, 0x0,
    0xff, 0xff, 0x30, 0x0, 0x7f, 0xff, 0xc0, 0x0,
    0x0, 0x0, 0xc, 0xff, 0xe0, 0x0, 0x2, 0xff,
    0xf7, 0x0, 0x0,

    /* U+0058 "X" */
    0xa, 0xff, 0xc0, 0x0, 0x0, 0xdf, 0xf7, 0x0,
    0x1e, 0xff, 0x70, 0x0, 0x9f, 0xfc, 0x0, 0x0,
    0x4f, 0xff, 0x20, 0x4f, 0xff, 0x20, 0x0, 0x0,
    0x9f, 0xfb, 0xd, 0xff, 0x60, 0x0, 0x0, 0x0,
    0xdf, 0xfa, 0xff, 0xb0, 0x0, 0x0, 0x0, 0x3,
    0xff, 0xff, 0xe1, 0x0, 0x0, 0x0, 0x0, 0x8,
    0xff, 0xf5, 0x0, 0x0, 0x0, 0x0, 0x0, 0xbf,
    0xff, 0xa0, 0x0, 0x0, 0x0, 0x0, 0x7f, 0xff,
    0xff, 0x50, 0x0, 0x0, 0x0, 0x3f, 0xff, 0x5f,
    0xff, 0x20, 0x0, 0x0, 0x1e, 0xff, 0x60, 0xaf,
    0xfc, 0x0, 0x0, 0xa, 0xff, 0xb0, 0x1, 0xef,
    0xf7, 0x0, 0x6, 0xff, 0xe1, 0x0, 0x4, 0xff,
    0xf3, 0x2, 0xff, 0xf4, 0x0, 0x0, 0x9, 0xff,
    0xd0,

    /* U+0059 "Y" */
    0x3f, 0xff, 0x40, 0x0, 0x0, 0x9f, 0xfd, 0x0,
    0x9f, 0xfc, 0x0, 0x0, 0x2f, 0xff, 0x30, 0x1,
    0xef, 0xf6, 0x0, 0xb, 0xff, 0x90, 0x0, 0x5,
    0xff, 0xe0, 0x4, 0xff, 0xe1, 0x0, 0x0, 0xb,
    0xff, 0x70, 0xcf, 0xf6, 0x0, 0x0, 0x0, 0x2f,
    0xff, 0x5f, 0xfc, 0x0, 0x0, 0x0, 0x0, 0x8f,
    0xff, 0xff, 0x30, 0x0, 0x0, 0x0, 0x0, 0xdf,
    0xff, 0x90, 0x0, 0x0, 0x0, 0x0, 0x4, 0xff,
    0xf1, 0x0, 0x0, 0x0, 0x0, 0x0, 0x2f, 0xfd,
    0x0, 0x0, 0x0, 0x0, 0x0, 0x2, 0xff, 0xd0,
    0x0, 0x0, 0x0, 0x0, 0x0, 0x2f, 0xfd, 0x0,
    0x0, 0x0, 0x0, 0x0, 0x2, 0xff, 0xd0, 0x0,
    0x0, 0x0, 0x0, 0x0, 0x2f, 0xfd, 0x0, 0x0,
    0x0,

    /* U+005A "Z" */
    0xef, 0xff, 0xff, 0xff, 0xff, 0xf2, 0xef, 0xff,
    0xff, 0xff, 0xff, 0xf2, 0x67, 0x77, 0x77, 0x7c,
    0xff, 0x90, 0x0, 0x0, 0x0, 0x4f, 0xfd, 0x0,
    0x0, 0x0, 0x2, 0xff, 0xf2, 0x0, 0x0, 0x0,
    0xd, 0xff, 0x60, 0x0, 0x0, 0x0, 0x9f, 0xfa,
    0x0, 0x0, 0x0, 0x5, 0xff, 0xd0, 0x0, 0x0,
    0x0, 0x2f, 0xff, 0x20, 0x0, 0x0, 0x0, 0xdf,
    0xf6, 0x0, 0x0, 0x0, 0x9, 0xff, 0x90, 0x0,
    0x0, 0x0, 0x5f, 0xfe, 0x77, 0x77, 0x77, 0x71,
    0xdf, 0xff, 0xff, 0xff, 0xff, 0xf3, 0xef, 0xff,
    0xff, 0xff, 0xff, 0xf3,

    /* U+005B "[" */
    0x3f, 0xff, 0xf8, 0x3f, 0xff, 0xf8, 0x3f, 0xfa,
    0x31, 0x3f, 0xf9, 0x0, 0x3f, 0xf9, 0x0, 0x3f,
    0xf9, 0x0, 0x3f, 0xf9, 0x0, 0x3f, 0xf9, 0x0,
    0x3f, 0xf9, 0x0, 0x3f, 0xf9, 0x0, 0x3f, 0xf9,
    0x0, 0x3f, 0xf9, 0x0, 0x3f, 0xf9, 0x0, 0x3f,
    0xf9, 0x0, 0x3f, 0xf9, 0x0, 0x3f, 0xfa, 0x31,
    0x3f, 0xff, 0xf8, 0x3f, 0xff, 0xf8,

    /* U+005C "\\" */
    0x58, 0x70, 0x0, 0x0, 0x7f, 0xf1, 0x0, 0x0,
    0x2f, 0xf5, 0x0, 0x0, 0xe, 0xf9, 0x0, 0x0,
    0xa, 0xfe, 0x0, 0x0, 0x6, 0xff, 0x20, 0x0,
    0x1, 0xff, 0x60, 0x0, 0x0, 0xdf, 0xa0, 0x0,
    0x0, 0x9f, 0xf0, 0x0, 0x0, 0x4f, 0xf3, 0x0,
    0x0, 0xf, 0xf7, 0x0, 0x0, 0xc, 0xfc, 0x0,
    0x0, 0x8, 0xff, 0x0, 0x0, 0x3, 0xff, 0x40,
    0x0, 0x0, 0xff, 0x80, 0x0, 0x0, 0xbf, 0xd0,
    0x0, 0x0, 0x6f, 0xf1, 0x0, 0x0, 0x2f, 0xf5,

    /* U+005D "]" */
    0xff, 0xff, 0xcf, 0xff, 0xfc, 0x34, 0xff, 0xc0,
    0x1f, 0xfc, 0x1, 0xff, 0xc0, 0x1f, 0xfc, 0x1,
    0xff, 0xc0, 0x1f, 0xfc, 0x1, 0xff, 0xc0, 0x1f,
    0xfc, 0x1, 0xff, 0xc0, 0x1f, 0xfc, 0x1, 0xff,
    0xc0, 0x1f, 0xfc, 0x1, 0xff, 0xc3, 0x4f, 0xfc,
    0xff, 0xff, 0xcf, 0xff, 0xfc,

    /* U+005E "^" */
    0x0, 0x9, 0xff, 0x40, 0x0, 0x0, 0x1f, 0xff,
    0xc0, 0x0, 0x0, 0x9f, 0x8c, 0xf4, 0x0, 0x1,
    0xff, 0x15, 0xfc, 0x0, 0x9, 0xf9, 0x0, 0xdf,
    0x40, 0x1f, 0xf2, 0x0, 0x6f, 0xc0,

    /* U+005F "_" */
    0x44, 0x44, 0x44, 0x44, 0x42, 0xff, 0xff, 0xff,
    0xff, 0xf8, 0xff, 0xff, 0xff, 0xff, 0xf8,

    /* U+0060 "`" */
    0x0, 0x0, 0x2, 0xff, 0x80, 0x6, 0xfe, 0x0,
    0xb, 0xf6,

    /* U+0061 "a" */
    0x0, 0x29, 0xdf, 0xeb, 0x50, 0x0, 0x3f, 0xff,
    0xff, 0xff, 0x90, 0xd, 0xff, 0x73, 0x5e, 0xff,
    0x20, 0x3, 0x40, 0x0, 0x9f, 0xf5, 0x0, 0x3,
    0x68, 0xaf, 0xff, 0x50, 0x3d, 0xff, 0xff, 0xff,
    0xf5, 0x1f, 0xff, 0x84, 0x18, 0xff, 0x54, 0xff,
    0x90, 0x0, 0xaf, 0xf5, 0x3f, 0xfd, 0x21, 0x7f,
    0xff, 0x50, 0xdf, 0xff, 0xff, 0xbf, 0xf5, 0x1,
    0xae, 0xfc, 0x56, 0xff, 0x50,

    /* U+0062 "b" */
    0xcf, 0xf3, 0x0, 0x0, 0x0, 0xc, 0xff, 0x30,
    0x0, 0x0, 0x0, 0xcf, 0xf3, 0x0, 0x0, 0x0,
    0xc, 0xff, 0x36, 0xef, 0xd6, 0x0, 0xcf, 0xf9,
    0xff, 0xff, 0xf8, 0xc, 0xff, 0xf9, 0x6a, 0xff,
    0xf3, 0xcf, 0xf9, 0x0, 0xa, 0xff, 0x8c, 0xff,
    0x30, 0x0, 0x4f, 0xfb, 0xcf, 0xf2, 0x0, 0x3,
    0xff, 0xcc, 0xff, 0x30, 0x0, 0x4f, 0xfb, 0xcf,
    0xf9, 0x0, 0xa, 0xff, 0x8c, 0xff, 0xf9, 0x6a,
    0xff, 0xf2, 0xcf, 0xf9, 0xff, 0xff, 0xf8, 0xc,
    0xff, 0x26, 0xef, 0xd6, 0x0,

    /* U+0063 "c" */
    0x0, 0x5, 0xce, 0xfd, 0x70, 0x0, 0xa, 0xff,
    0xff, 0xff, 0xc0, 0x7, 0xff, 0xe6, 0x5c, 0xff,
    0x90, 0xdf, 0xf3, 0x0, 0xe, 0xd9, 0x1f, 0xfe,
    0x0, 0x0, 0x0, 0x2, 0xff, 0xc0, 0x0, 0x0,
    0x0, 0x1f, 0xfe, 0x0, 0x0, 0x0, 0x0, 0xef,
    0xf3, 0x0, 0xe, 0xea, 0x7, 0xff, 0xe6, 0x5c,
    0xff, 0x90, 0xa, 0xff, 0xff, 0xff, 0xc0, 0x0,
    0x6, 0xce, 0xfc, 0x70, 0x0,

    /* U+0064 "d" */
    0x0, 0x0, 0x0, 0x0, 0x9f, 0xf5, 0x0, 0x0,
    0x0, 0x0, 0x9f, 0xf5, 0x0, 0x0, 0x0, 0x0,
    0x9f, 0xf5, 0x0, 0x19, 0xef, 0xc2, 0x9f, 0xf5,
    0x1, 0xdf, 0xff, 0xfe, 0xaf, 0xf5, 0x9, 0xff,
    0xe7, 0x6c, 0xff, 0xf5, 0xe, 0xff, 0x40, 0x0,
    0xef, 0xf5, 0x1f, 0xfe, 0x0, 0x0, 0x9f, 0xf5,
    0x2f, 0xfd, 0x0, 0x0, 0x8f, 0xf5, 0x1f, 0xfe,
    0x0, 0x0, 0xaf, 0xf5, 0xe, 0xff, 0x40, 0x1,
    0xef, 0xf5, 0x9, 0xff, 0xe7, 0x6d, 0xff, 0xf5,
    0x1, 0xdf, 0xff, 0xff, 0xaf, 0xf5, 0x0, 0x19,
    0xef, 0xc2, 0x8f, 0xf5,

    /* U+0065 "e" */
    0x0, 0x6, 0xce, 0xfc, 0x70, 0x0, 0x0, 0xaf,
    0xff, 0xff, 0xfc, 0x0, 0x7, 0xff, 0xb4, 0x4b,
    0xff, 0x80, 0xd, 0xfe, 0x0, 0x0, 0xdf, 0xe0,
    0x1f, 0xff, 0xdd, 0xdd, 0xff, 0xf1, 0x2f, 0xff,
    0xff, 0xff, 0xff, 0xf2, 0x1f, 0xfc, 0x0, 0x0,
    0x0, 0x0, 0xe, 0xff, 0x10, 0x0, 0x64, 0x10,
    0x7, 0xff, 0xd5, 0x39, 0xff, 0xc0, 0x0, 0xbf,
    0xff, 0xff, 0xfe, 0x20, 0x0, 0x6, 0xce, 0xfd,
    0x91, 0x0,

    /* U+0066 "f" */
    0x0, 0x8, 0xdf, 0xe8, 0x0, 0xaf, 0xff, 0xf7,
    0x0, 0xdf, 0xf7, 0x51, 0xcf, 0xff, 0xff, 0xf5,
    0xcf, 0xff, 0xff, 0xf5, 0x23, 0xef, 0xf4, 0x31,
    0x0, 0xef, 0xf0, 0x0, 0x0, 0xef, 0xf0, 0x0,
    0x0, 0xef, 0xf0, 0x0, 0x0, 0xef, 0xf0, 0x0,
    0x0, 0xef, 0xf0, 0x0, 0x0, 0xef, 0xf0, 0x0,
    0x0, 0xef, 0xf0, 0x0, 0x0, 0xef, 0xf0, 0x0,

    /* U+0067 "g" */
    0x0, 0x19, 0xef, 0xc2, 0x8f, 0xf6, 0x0, 0xdf,
    0xff, 0xff, 0x9f, 0xf6, 0x8, 0xff, 0xe7, 0x6d,
    0xff, 0xf6, 0xe, 0xff, 0x40, 0x1, 0xef, 0xf6,
    0x1f, 0xfe, 0x0, 0x0, 0xaf, 0xf6, 0x2f, 0xfd,
    0x0, 0x0, 0x8f, 0xf6, 0x2f, 0xfe, 0x0, 0x0,
    0x9f, 0xf6, 0xf, 0xff, 0x20, 0x0, 0xdf, 0xf6,
    0xa, 0xff, 0xd5, 0x4b, 0xff, 0xf6, 0x1, 0xef,
    0xff, 0xff, 0xaf, 0xf6, 0x0, 0x1a, 0xef, 0xc3,
    0x8f, 0xf6, 0x0, 0x0, 0x0, 0x0, 0x9f, 0xf4,
    0x7, 0xdf, 0x73, 0x26, 0xff, 0xe0, 0x3, 0xff,
    0xff, 0xff, 0xff, 0x50, 0x0, 0x19, 0xdf, 0xfd,
    0x92, 0x0,

    /* U+0068 "h" */
    0xcf, 0xf2, 0x0, 0x0, 0x0, 0xc, 0xff, 0x20,
    0x0, 0x0, 0x0, 0xcf, 0xf2, 0x0, 0x0, 0x0,
    0xc, 0xff, 0x26, 0xdf, 0xd6, 0x0, 0xcf, 0xf9,
    0xff, 0xff, 0xf7, 0xc, 0xff, 0xf9, 0x7d, 0xff,
    0xe0, 0xcf, 0xf8, 0x0, 0xe, 0xff, 0x2c, 0xff,
    0x30, 0x0, 0xcf, 0xf3, 0xcf, 0xf3, 0x0, 0xb,
    0xff, 0x3c, 0xff, 0x30, 0x0, 0xbf, 0xf3, 0xcf,
    0xf3, 0x0, 0xb, 0xff, 0x3c, 0xff, 0x30, 0x0,
    0xbf, 0xf3, 0xcf, 0xf3, 0x0, 0xb, 0xff, 0x3c,
    0xff, 0x30, 0x0, 0xbf, 0xf3,

    /* U+0069 "i" */
    0x6f, 0xb0, 0xdf, 0xf4, 0x6e, 0xb0, 0x0, 0x0,
    0xcf, 0xf3, 0xcf, 0xf3, 0xcf, 0xf3, 0xcf, 0xf3,
    0xcf, 0xf3, 0xcf, 0xf3, 0xcf, 0xf3, 0xcf, 0xf3,
    0xcf, 0xf3, 0xcf, 0xf3, 0xcf, 0xf3,

    /* U+006A "j" */
    0x0, 0x6f, 0xb0, 0x0, 0xdf, 0xf4, 0x0, 0x6e,
    0xb0, 0x0, 0x0, 0x0, 0x0, 0xcf, 0xf3, 0x0,
    0xcf, 0xf3, 0x0, 0xcf, 0xf3, 0x0, 0xcf, 0xf3,
    0x0, 0xcf, 0xf3, 0x0, 0xcf, 0xf3, 0x0, 0xcf,
    0xf3, 0x0, 0xcf, 0xf3, 0x0, 0xcf, 0xf3, 0x0,
    0xcf, 0xf3, 0x0, 0xcf, 0xf3, 0x0, 0xcf, 0xf2,
    0x26, 0xff, 0xf0, 0x7f, 0xff, 0xa0, 0x7f, 0xd8,
    0x0,

    /* U+006B "k" */
    0xcf, 0xf3, 0x0, 0x0, 0x0, 0xc, 0xff, 0x30,
    0x0, 0x0, 0x0, 0xcf, 0xf3, 0x0, 0x0, 0x0,
    0xc, 0xff, 0x30, 0x8, 0xff, 0xd0, 0xcf, 0xf3,
    0x5, 0xff, 0xe1, 0xc, 0xff, 0x33, 0xff, 0xf3,
    0x0, 0xcf, 0xf4, 0xef, 0xf5, 0x0, 0xc, 0xff,
    0xff, 0xf8, 0x0, 0x0, 0xcf, 0xff, 0xff, 0xb0,
    0x0, 0xc, 0xff, 0xee, 0xff, 0x60, 0x0, 0xcf,
    0xf4, 0x5f, 0xff, 0x20, 0xc, 0xff, 0x30, 0xaf,
    0xfc, 0x0, 0xcf, 0xf3, 0x1, 0xef, 0xf7, 0xc,
    0xff, 0x30, 0x4, 0xff, 0xf3,

    /* U+006C "l" */
    0xcf, 0xf3, 0xcf, 0xf3, 0xcf, 0xf3, 0xcf, 0xf3,
    0xcf, 0xf3, 0xcf, 0xf3, 0xcf, 0xf3, 0xcf, 0xf3,
    0xcf, 0xf3, 0xcf, 0xf3, 0xcf, 0xf3, 0xcf, 0xf3,
    0xcf, 0xf3, 0xcf, 0xf3,

    /* U+006D "m" */
    0xcf, 0xf0, 0x8e, 0xfa, 0x10, 0x7d, 0xfd, 0x60,
    0xcf, 0xf9, 0xff, 0xff, 0xa8, 0xff, 0xff, 0xf6,
    0xcf, 0xfe, 0x66, 0xef, 0xff, 0x85, 0xbf, 0xfd,
    0xcf, 0xf5, 0x0, 0x6f, 0xfb, 0x0, 0xf, 0xff,
    0xcf, 0xf3, 0x0, 0x4f, 0xf8, 0x0, 0xe, 0xff,
    0xcf, 0xf3, 0x0, 0x4f, 0xf8, 0x0, 0xe, 0xff,
    0xcf, 0xf3, 0x0, 0x4f, 0xf8, 0x0, 0xe, 0xff,
    0xcf, 0xf3, 0x0, 0x4f, 0xf8, 0x0, 0xe, 0xff,
    0xcf, 0xf3, 0x0, 0x4f, 0xf8, 0x0, 0xe, 0xff,
    0xcf, 0xf3, 0x0, 0x4f, 0xf8, 0x0, 0xe, 0xff,
    0xcf, 0xf3, 0x0, 0x4f, 0xf8, 0x0, 0xe, 0xff,

    /* U+006E "n" */
    0xcf, 0xf0, 0x7d, 0xfd, 0x60, 0xc, 0xff, 0x8f,
    0xff, 0xff, 0x70, 0xcf, 0xff, 0x75, 0xbf, 0xfe,
    0xc, 0xff, 0x70, 0x0, 0xef, 0xf2, 0xcf, 0xf3,
    0x0, 0xc, 0xff, 0x3c, 0xff, 0x30, 0x0, 0xbf,
    0xf3, 0xcf, 0xf3, 0x0, 0xb, 0xff, 0x3c, 0xff,
    0x30, 0x0, 0xbf, 0xf3, 0xcf, 0xf3, 0x0, 0xb,
    0xff, 0x3c, 0xff, 0x30, 0x0, 0xbf, 0xf3, 0xcf,
    0xf3, 0x0, 0xb, 0xff, 0x30,

    /* U+006F "o" */
    0x0, 0x5, 0xce, 0xfd, 0x70, 0x0, 0x0, 0xaf,
    0xff, 0xff, 0xfd, 0x10, 0x7, 0xff, 0xe6, 0x5c,
    0xff, 0xb0, 0xd, 0xff, 0x30, 0x0, 0xef, 0xf2,
    0x1f, 0xfe, 0x0, 0x0, 0x9f, 0xf5, 0x2f, 0xfc,
    0x0, 0x0, 0x8f, 0xf7, 0x1f, 0xfe, 0x0, 0x0,
    0x9f, 0xf5, 0xe, 0xff, 0x30, 0x0, 0xef, 0xf2,
    0x7, 0xff, 0xe6, 0x5c, 0xff, 0xb0, 0x0, 0xaf,
    0xff, 0xff, 0xfd, 0x10, 0x0, 0x6, 0xce, 0xfd,
    0x70, 0x0,

    /* U+0070 "p" */
    0xcf, 0xf2, 0x7e, 0xfd, 0x60, 0xc, 0xff, 0xaf,
    0xff, 0xff, 0x80, 0xcf, 0xff, 0x73, 0x8f, 0xff,
    0x3c, 0xff, 0x80, 0x0, 0x9f, 0xf8, 0xcf, 0xf3,
    0x0, 0x4, 0xff, 0xbc, 0xff, 0x20, 0x0, 0x3f,
    0xfc, 0xcf, 0xf3, 0x0, 0x5, 0xff, 0xbc, 0xff,
    0x90, 0x0, 0xaf, 0xf8, 0xcf, 0xff, 0x96, 0xaf,
    0xff, 0x2c, 0xff, 0xaf, 0xff, 0xff, 0x80, 0xcf,
    0xf3, 0x6e, 0xfd, 0x60, 0xc, 0xff, 0x30, 0x0,
    0x0, 0x0, 0xcf, 0xf3, 0x0, 0x0, 0x0, 0xc,
    0xff, 0x30, 0x0, 0x0, 0x0, 0xcf, 0xf3, 0x0,
    0x0, 0x0, 0x0,

    /* U+0071 "q" */
    0x0, 0x19, 0xef, 0xc2, 0x8f, 0xf5, 0x1, 0xdf,
    0xff, 0xfe, 0x9f, 0xf5, 0x9, 0xff, 0xe7, 0x6c,
    0xff, 0xf5, 0xe, 0xff, 0x40, 0x0, 0xef, 0xf5,
    0x1f, 0xfe, 0x0, 0x0, 0x9f, 0xf5, 0x2f, 0xfd,
    0x0, 0x0, 0x8f, 0xf5, 0x1f, 0xfe, 0x0, 0x0,
    0xaf, 0xf5, 0xe, 0xff, 0x40, 0x1, 0xef, 0xf5,
    0x9, 0xff, 0xe7, 0x6d, 0xff, 0xf5, 0x1, 0xdf,
    0xff, 0xff, 0xbf, 0xf5, 0x0, 0x19, 0xef, 0xc2,
    0x9f, 0xf5, 0x0, 0x0, 0x0, 0x0, 0x9f, 0xf5,
    0x0, 0x0, 0x0, 0x0, 0x9f, 0xf5, 0x0, 0x0,
    0x0, 0x0, 0x9f, 0xf5, 0x0, 0x0, 0x0, 0x0,
    0x9f, 0xf5,

    /* U+0072 "r" */
    0x0, 0x0, 0x0, 0xc, 0xff, 0x2a, 0xfc, 0xcf,
    0xfb, 0xff, 0xcc, 0xff, 0xfa, 0x66, 0xcf, 0xf9,
    0x0, 0xc, 0xff, 0x30, 0x0, 0xcf, 0xf3, 0x0,
    0xc, 0xff, 0x30, 0x0, 0xcf, 0xf3, 0x0, 0xc,
    0xff, 0x30, 0x0, 0xcf, 0xf3, 0x0, 0xc, 0xff,
    0x30, 0x0,

    /* U+0073 "s" */
    0x0, 0x3a, 0xef, 0xeb, 0x40, 0x0, 0x4f, 0xff,
    0xff, 0xff, 0x70, 0xc, 0xff, 0x72, 0x4e, 0xff,
    0x0, 0xef, 0xf1, 0x0, 0x22, 0x0, 0xa, 0xff,
    0xfb, 0x84, 0x0, 0x0, 0x1a, 0xff, 0xff, 0xff,
    0x60, 0x0, 0x1, 0x58, 0xcf, 0xff, 0x30, 0x47,
    0x50, 0x0, 0xaf, 0xf6, 0xf, 0xff, 0x62, 0x4d,
    0xff, 0x40, 0x6f, 0xff, 0xff, 0xff, 0xa0, 0x0,
    0x3a, 0xef, 0xeb, 0x50, 0x0,

    /* U+0074 "t" */
    0x2, 0x88, 0x50, 0x0, 0x4f, 0xfa, 0x0, 0x4,
    0xff, 0xa0, 0xc, 0xff, 0xff, 0xfa, 0xcf, 0xff,
    0xff, 0xa2, 0x7f, 0xfb, 0x32, 0x4, 0xff, 0xa0,
    0x0, 0x4f, 0xfa, 0x0, 0x4, 0xff, 0xa0, 0x0,
    0x4f, 0xfa, 0x0, 0x4, 0xff, 0xa0, 0x0, 0x3f,
    0xfe, 0x53, 0x0, 0xdf, 0xff, 0xb0, 0x2, 0xbe,
    0xfc,

    /* U+0075 "u" */
    0xcf, 0xf3, 0x0, 0xb, 0xff, 0x3c, 0xff, 0x30,
    0x0, 0xbf, 0xf3, 0xcf, 0xf3, 0x0, 0xb, 0xff,
    0x3c, 0xff, 0x30, 0x0, 0xbf, 0xf3, 0xcf, 0xf3,
    0x0, 0xb, 0xff, 0x3c, 0xff, 0x30, 0x0, 0xbf,
    0xf3, 0xbf, 0xf3, 0x0, 0xc, 0xff, 0x3b, 0xff,
    0x70, 0x1, 0xff, 0xf3, 0x7f, 0xff, 0x97, 0xdf,
    0xff, 0x31, 0xef, 0xff, 0xfd, 0x9f, 0xf3, 0x2,
    0xbf, 0xea, 0x19, 0xff, 0x30,

    /* U+0076 "v" */
    0x8f, 0xf9, 0x0, 0x0, 0x8f, 0xf8, 0x2f, 0xfe,
    0x0, 0x0, 0xdf, 0xf2, 0xc, 0xff, 0x30, 0x2,
    0xff, 0xc0, 0x6, 0xff, 0x80, 0x8, 0xff, 0x60,
    0x1, 0xff, 0xd0, 0xd, 0xff, 0x10, 0x0, 0xbf,
    0xf2, 0x2f, 0xfa, 0x0, 0x0, 0x5f, 0xf7, 0x6f,
    0xf4, 0x0, 0x0, 0xe, 0xfb, 0xaf, 0xe0, 0x0,
    0x0, 0x9, 0xff, 0xef, 0x90, 0x0, 0x0, 0x3,
    0xff, 0xff, 0x30, 0x0, 0x0, 0x0, 0xdf, 0xfd,
    0x0, 0x0,

    /* U+0077 "w" */
    0x8f, 0xf7, 0x0, 0xf, 0xff, 0x0, 0x8, 0xff,
    0x84, 0xff, 0xb0, 0x3, 0xff, 0xf3, 0x0, 0xcf,
    0xf4, 0xf, 0xff, 0x0, 0x7f, 0xff, 0x70, 0xf,
    0xff, 0x0, 0xaf, 0xf3, 0xb, 0xfe, 0xfb, 0x3,
    0xff, 0xa0, 0x6, 0xff, 0x60, 0xff, 0x8f, 0xe0,
    0x7f, 0xf5, 0x0, 0x1f, 0xfa, 0x2f, 0xf1, 0xff,
    0x2a, 0xff, 0x10, 0x0, 0xcf, 0xd6, 0xfc, 0xc,
    0xf6, 0xef, 0xc0, 0x0, 0x8, 0xff, 0xbf, 0x80,
    0x8f, 0xaf, 0xf7, 0x0, 0x0, 0x3f, 0xff, 0xf3,
    0x3, 0xff, 0xff, 0x30, 0x0, 0x0, 0xef, 0xfe,
    0x0, 0xe, 0xff, 0xe0, 0x0, 0x0, 0x9, 0xff,
    0xa0, 0x0, 0xaf, 0xf9, 0x0, 0x0,

    /* U+0078 "x" */
    0x1f, 0xff, 0x10, 0x5, 0xff, 0xb0, 0x7, 0xff,
    0xa0, 0xe, 0xff, 0x20, 0x0, 0xdf, 0xf2, 0x7f,
    0xf7, 0x0, 0x0, 0x3f, 0xfb, 0xef, 0xd0, 0x0,
    0x0, 0x9, 0xff, 0xff, 0x30, 0x0, 0x0, 0x3,
    0xff, 0xfd, 0x0, 0x0, 0x0, 0xc, 0xff, 0xff,
    0x50, 0x0, 0x0, 0x6f, 0xf7, 0xdf, 0xe1, 0x0,
    0x1, 0xff, 0xe0, 0x5f, 0xf9, 0x0, 0xa, 0xff,
    0x60, 0xd, 0xff, 0x30, 0x4f, 0xfc, 0x0, 0x3,
    0xff, 0xd0,

    /* U+0079 "y" */
    0x8f, 0xf9, 0x0, 0x0, 0x8f, 0xf8, 0x2f, 0xfe,
    0x0, 0x0, 0xdf, 0xf2, 0xc, 0xff, 0x30, 0x3,
    0xff, 0xc0, 0x6, 0xff, 0x80, 0x8, 0xff, 0x60,
    0x0, 0xff, 0xe0, 0xd, 0xff, 0x0, 0x0, 0xaf,
    0xf3, 0x3f, 0xfa, 0x0, 0x0, 0x4f, 0xf7, 0x8f,
    0xf3, 0x0, 0x0, 0xd, 0xfb, 0xcf, 0xd0, 0x0,
    0x0, 0x7, 0xff, 0xff, 0x70, 0x0, 0x0, 0x2,
    0xff, 0xff, 0x10, 0x0, 0x0, 0x0, 0xbf, 0xfb,
    0x0, 0x0, 0x0, 0x0, 0xbf, 0xf5, 0x0, 0x0,
    0x1, 0x67, 0xff, 0xd0, 0x0, 0x0, 0x7, 0xff,
    0xff, 0x40, 0x0, 0x0, 0x9, 0xff, 0xc4, 0x0,
    0x0, 0x0,

    /* U+007A "z" */
    0xaf, 0xff, 0xff, 0xff, 0xf1, 0xaf, 0xff, 0xff,
    0xff, 0xf1, 0x46, 0x66, 0x6d, 0xff, 0xa0, 0x0,
    0x0, 0x5f, 0xfd, 0x0, 0x0, 0x2, 0xff, 0xf2,
    0x0, 0x0, 0xd, 0xff, 0x60, 0x0, 0x0, 0xaf,
    0xf9, 0x0, 0x0, 0x7, 0xff, 0xd0, 0x0, 0x0,
    0x4f, 0xff, 0x86, 0x66, 0x61, 0xcf, 0xff, 0xff,
    0xff, 0xf4, 0xdf, 0xff, 0xff, 0xff, 0xf4,

    /* U+007B "{" */
    0x0, 0x1, 0x8d, 0xe6, 0x0, 0xd, 0xff, 0xf6,
    0x0, 0x4f, 0xfd, 0x51, 0x0, 0x6f, 0xf5, 0x0,
    0x0, 0x7f, 0xf4, 0x0, 0x0, 0x7f, 0xf4, 0x0,
    0x0, 0xbf, 0xf3, 0x0, 0x7d, 0xff, 0xc0, 0x0,
    0xaf, 0xf7, 0x0, 0x0, 0xaf, 0xff, 0x60, 0x0,
    0x2, 0xef, 0xf1, 0x0, 0x0, 0x8f, 0xf3, 0x0,
    0x0, 0x7f, 0xf4, 0x0, 0x0, 0x7f, 0xf4, 0x0,
    0x0, 0x6f, 0xf6, 0x0, 0x0, 0x4f, 0xfd, 0x51,
    0x0, 0xd, 0xff, 0xf6, 0x0, 0x1, 0x9d, 0xf6,

    /* U+007C "|" */
    0x8c, 0xc1, 0xaf, 0xf1, 0xaf, 0xf1, 0xaf, 0xf1,
    0xaf, 0xf1, 0xaf, 0xf1, 0xaf, 0xf1, 0xaf, 0xf1,
    0xaf, 0xf1, 0xaf, 0xf1, 0xaf, 0xf1, 0xaf, 0xf1,
    0xaf, 0xf1, 0xaf, 0xf1, 0xaf, 0xf1, 0xaf, 0xf1,
    0xaf, 0xf1, 0xaf, 0xf1, 0xaf, 0xf1, 0xaf, 0xf1,
    0xaf, 0xf1, 0xaf, 0xf1, 0xaf, 0xf1, 0xaf, 0xf1,

    /* U+007D "}" */
    0xfe, 0xa4, 0x0, 0x0, 0xff, 0xff, 0x40, 0x0,
    0x4a, 0xff, 0xa0, 0x0, 0x0, 0xff, 0xc0, 0x0,
    0x0, 0xef, 0xd0, 0x0, 0x0, 0xef, 0xd0, 0x0,
    0x0, 0xcf, 0xf1, 0x0, 0x0, 0x6f, 0xfe, 0xa0,
    0x0, 0x3, 0xdf, 0xf0, 0x0, 0x2d, 0xff, 0xf0,
    0x0, 0xaf, 0xf7, 0x10, 0x0, 0xdf, 0xe0, 0x0,
    0x0, 0xef, 0xd0, 0x0, 0x0, 0xef, 0xd0, 0x0,
    0x0, 0xff, 0xc0, 0x0, 0x3a, 0xff, 0xa0, 0x0,
    0xff, 0xff, 0x30, 0x0, 0xfe, 0xb3, 0x0, 0x0,

    /* U+007E "~" */
    0x0, 0x36, 0x40, 0x0, 0x1, 0x10, 0x8, 0xff,
    0xfc, 0x10, 0x5f, 0xf0, 0x2f, 0xff, 0xff, 0xe8,
    0xdf, 0xd0, 0x6f, 0xf2, 0x3d, 0xff, 0xff, 0x70,
    0x4a, 0x90, 0x1, 0x9f, 0xe8, 0x0,

    /* U+00A0 " " */

    /* U+00A1 "¡" */
    0xb, 0xf9, 0x4, 0xff, 0xf1, 0x1f, 0xfd, 0x0,
    0x14, 0x0, 0x0, 0x0, 0x0, 0xff, 0xc0, 0xf,
    0xfc, 0x0, 0xff, 0xc0, 0xf, 0xfd, 0x1, 0xff,
    0xd0, 0x1f, 0xfd, 0x1, 0xff, 0xe0, 0x2f, 0xfe,
    0x2, 0xff, 0xe0, 0x2e, 0xed, 0x0,

    /* U+00A2 "¢" */
    0x0, 0x0, 0x7, 0xb0, 0x0, 0x0, 0x0, 0x3,
    0xac, 0x30, 0x0, 0x0, 0x2c, 0xff, 0xff, 0xe5,
    0x0, 0x2f, 0xff, 0xff, 0xff, 0xf4, 0xa, 0xff,
    0x98, 0xb5, 0xff, 0xc0, 0xff, 0xf0, 0x7b, 0x6,
    0x52, 0x2f, 0xfd, 0x7, 0xb0, 0x0, 0x2, 0xff,
    0xd0, 0x7b, 0x0, 0x0, 0xf, 0xff, 0x7, 0xb0,
    0x76, 0x30, 0xaf, 0xf9, 0x7b, 0x5f, 0xfc, 0x2,
    0xff, 0xff, 0xff, 0xff, 0x40, 0x2, 0xcf, 0xff,
    0xfe, 0x50, 0x0, 0x0, 0x2a, 0xc4, 0x0, 0x0,
    0x0, 0x0, 0x7b, 0x0, 0x0,

    /* U+00A3 "£" */
    0x0, 0x0, 0x6c, 0xff, 0xc6, 0x0, 0x0, 0xa,
    0xff, 0xff, 0xff, 0xb0, 0x0, 0x5f, 0xff, 0x98,
    0xef, 0xf6, 0x0, 0xaf, 0xf5, 0x0, 0x2f, 0xe8,
    0x0, 0xbf, 0xf1, 0x0, 0x0, 0x0, 0x0, 0xaf,
    0xf1, 0x0, 0x0, 0x0, 0x1f, 0xff, 0xff, 0xff,
    0xf0, 0x0, 0x1e, 0xff, 0xfe, 0xee, 0xd0, 0x0,
    0x0, 0x8f, 0xf3, 0x0, 0x0, 0x0, 0x0, 0x7f,
    0xf4, 0x0, 0x0, 0x0, 0x0, 0x8f, 0xf1, 0x0,
    0x6, 0x88, 0x9, 0xff, 0xa7, 0x77, 0x7f, 0xfd,
    0x1f, 0xff, 0xff, 0xff, 0xff, 0xf9, 0x1f, 0xff,
    0xff, 0xff, 0xfe, 0x90,

    /* U+00A4 "¤" */
    0x1, 0x0, 0x0, 0x0, 0x0, 0x1, 0x2, 0xe7,
    0x29, 0xef, 0xea, 0x33, 0xf6, 0x4f, 0xff, 0xff,
    0xde, 0xff, 0xff, 0x80, 0x7f, 0xf6, 0x0, 0x4,
    0xef, 0xb0, 0xc, 0xf4, 0x0, 0x0, 0x2, 0xff,
    0x12, 0xfb, 0x0, 0x0, 0x0, 0x8, 0xf5, 0x5f,
    0x70, 0x0, 0x0, 0x0, 0x4f, 0x85, 0xf7, 0x0,
    0x0, 0x0, 0x4, 0xf8, 0x2f, 0xb0, 0x0, 0x0,
    0x0, 0x8f, 0x50, 0xcf, 0x40, 0x0, 0x0, 0x2f,
    0xf1, 0x9, 0xff, 0x60, 0x0, 0x4e, 0xfc, 0x6,
    0xff, 0xff, 0xfd, 0xef, 0xfe, 0xfa, 0x1c, 0x42,
    0x9e, 0xfe, 0xa3, 0x1c, 0x30, 0x0, 0x0, 0x0,
    0x0, 0x0, 0x0,

    /* U+00A5 "¥" */
    0x7f, 0xf9, 0x0, 0x3, 0xff, 0xd0, 0xe, 0xff,
    0x10, 0xa, 0xff, 0x50, 0x6, 0xff, 0x80, 0x2f,
    0xfd, 0x0, 0x0, 0xef, 0xe0, 0x9f, 0xf4, 0x0,
    0x0, 0x6f, 0xf8, 0xff, 0xc0, 0x0, 0x0, 0xd,
    0xff, 0xff, 0x40, 0x0, 0xa, 0xbd, 0xff, 0xff,
    0xbb, 0x0, 0xe, 0xff, 0xff, 0xff, 0xff, 0x0,
    0x0, 0x0, 0xcf, 0xf2, 0x0, 0x0, 0xa, 0xbb,
    0xff, 0xfc, 0xbb, 0x0, 0xe, 0xff, 0xff, 0xff,
    0xff, 0x0, 0x0, 0x0, 0xcf, 0xf2, 0x0, 0x0,
    0x0, 0x0, 0xcf, 0xf2, 0x0, 0x0, 0x0, 0x0,
    0xcf, 0xf2, 0x0, 0x0,

    /* U+00A6 "¦" */
    0xef, 0xbe, 0xfb, 0xef, 0xbe, 0xfb, 0xef, 0xbe,
    0xfb, 0xab, 0x70, 0x0, 0x0, 0x0, 0x0, 0xab,
    0x8e, 0xfb, 0xef, 0xbe, 0xfb, 0xef, 0xbe, 0xfb,
    0xef, 0xb0,

    /* U+00A7 "§" */
    0x0, 0x18, 0xdf, 0xea, 0x10, 0x0, 0xd, 0xff,
    0xff, 0xfe, 0x10, 0x5, 0xff, 0xa4, 0x8f, 0xf8,
    0x0, 0x7f, 0xf2, 0x0, 0x87, 0x30, 0x4, 0xff,
    0xa1, 0x0, 0x0, 0x0, 0xa, 0xff, 0xfa, 0x40,
    0x0, 0x1, 0x8e, 0xdf, 0xff, 0xc2, 0x0, 0xdf,
    0x50, 0x3a, 0xff, 0xe1, 0xf, 0xf5, 0x0, 0x3,
    0xff, 0x60, 0xdf, 0xe6, 0x0, 0xe, 0xf5, 0x2,
    0xef, 0xff, 0x9a, 0xf8, 0x0, 0x0, 0x7d, 0xff,
    0xfa, 0x0, 0x0, 0x0, 0x4, 0xbf, 0xf7, 0x0,
    0x3, 0x40, 0x0, 0xef, 0xc0, 0x9, 0xff, 0x50,
    0x3f, 0xfb, 0x0, 0x2f, 0xff, 0xff, 0xff, 0x50,
    0x0, 0x3d, 0xff, 0xfe, 0x60, 0x0, 0x0, 0x2,
    0x43, 0x0, 0x0,

    /* U+00A8 "¨" */
    0xa, 0xb1, 0x7, 0xc4, 0x5f, 0xf7, 0xf, 0xfc,
    0x1d, 0xe2, 0xa, 0xf6,

    /* U+00A9 "©" */
    0x0, 0x0, 0x17, 0xce, 0xfd, 0x92, 0x0, 0x0,
    0x0, 0x5, 0xff, 0xff, 0xff, 0xff, 0x90, 0x0,
    0x0, 0x6f, 0xff, 0x95, 0x58, 0xdf, 0xfa, 0x0,
    0x3, 0xff, 0xc1, 0x0, 0x0, 0x8, 0xff, 0x70,
    0xb, 0xfd, 0x1, 0x9e, 0xfc, 0x30, 0xaf, 0xf0,
    0x1f, 0xf5, 0xd, 0xff, 0xff, 0xf4, 0x1f, 0xf5,
    0x4f, 0xf1, 0x8f, 0xd2, 0x8, 0xfd, 0xc, 0xf8,
    0x5f, 0xf0, 0xcf, 0x40, 0x0, 0x33, 0xb, 0xf9,
    0x4f, 0xf1, 0xcf, 0x40, 0x0, 0x33, 0xc, 0xf8,
    0x1f, 0xf5, 0x7f, 0xd2, 0x9, 0xfb, 0x1f, 0xf5,
    0xb, 0xfd, 0x1d, 0xff, 0xff, 0xf3, 0xaf, 0xf0,
    0x3, 0xff, 0xc2, 0x9e, 0xeb, 0x38, 0xff, 0x70,
    0x0, 0x6f, 0xff, 0x95, 0x57, 0xdf, 0xfa, 0x0,
    0x0, 0x5, 0xff, 0xff, 0xff, 0xff, 0x90, 0x0,
    0x0, 0x0, 0x17, 0xcf, 0xfd, 0x92, 0x0, 0x0,

    /* U+00AA "ª" */
    0x0, 0x38, 0xa8, 0x30, 0x0, 0x7f, 0xff, 0xff,
    0x90, 0xb, 0xe5, 0x5, 0xff, 0x20, 0x0, 0x3,
    0x7f, 0xf4, 0x6, 0xdf, 0xff, 0xff, 0x43, 0xff,
    0x84, 0x2f, 0xf4, 0x6f, 0xd0, 0x4, 0xff, 0x43,
    0xff, 0xca, 0xef, 0xf4, 0x6, 0xdf, 0xd4, 0xcd,
    0x30,

    /* U+00AB "«" */
    0x0, 0x0, 0xaf, 0xf7, 0x2e, 0xfe, 0x20, 0x0,
    0x8f, 0xfa, 0x1d, 0xff, 0x30, 0x0, 0x5f, 0xfc,
    0xc, 0xff, 0x60, 0x0, 0x3f, 0xfd, 0x1a, 0xff,
    0x80, 0x0, 0xe, 0xff, 0x45, 0xff, 0xd0, 0x0,
    0x0, 0x5f, 0xfc, 0xb, 0xff, 0x60, 0x0, 0x0,
    0x7f, 0xfa, 0x1d, 0xff, 0x40, 0x0, 0x0, 0xaf,
    0xf7, 0x2e, 0xfe, 0x20, 0x0, 0x0, 0xcf, 0xf5,
    0x3f, 0xfd, 0x10, 0x0, 0x0, 0x22, 0x20, 0x12,
    0x21,

    /* U+00AC "¬" */
    0x45, 0x55, 0x55, 0x55, 0x4e, 0xff, 0xff, 0xff,
    0xff, 0xef, 0xff, 0xff, 0xff, 0xf0, 0x0, 0x0,
    0x8, 0xff, 0x0, 0x0, 0x0, 0x8f, 0xf0, 0x0,
    0x0, 0x4, 0x87,

    /* U+00AE "®" */
    0x0, 0x0, 0x0, 0x10, 0x0, 0x0, 0x0, 0x0,
    0x2b, 0xff, 0xfc, 0x50, 0x0, 0x0, 0x5f, 0xe8,
    0x57, 0xdf, 0x80, 0x0, 0x2f, 0xb0, 0x0, 0x0,
    0x8f, 0x50, 0xa, 0xe1, 0x6f, 0xfe, 0x40, 0xce,
    0x0, 0xe9, 0x6, 0xe0, 0xad, 0x5, 0xf2, 0xf,
    0x70, 0x6e, 0x9, 0xd0, 0x3f, 0x40, 0xf9, 0x6,
    0xfe, 0xf5, 0x5, 0xf3, 0xb, 0xe0, 0x6e, 0xd,
    0x90, 0xae, 0x0, 0x3f, 0x93, 0x60, 0x36, 0x6f,
    0x70, 0x0, 0x7f, 0xc5, 0x34, 0xaf, 0xb0, 0x0,
    0x0, 0x5d, 0xff, 0xff, 0x70, 0x0, 0x0, 0x0,
    0x3, 0x43, 0x0, 0x0, 0x0,

    /* U+00AF "¯" */
    0x5d, 0xdd, 0xdd, 0x27, 0xff, 0xff, 0xf3,

    /* U+00B0 "°" */
    0x4, 0xcf, 0xd5, 0x0, 0x3f, 0xff, 0xff, 0x60,
    0xbf, 0x91, 0x6f, 0xe0, 0xdf, 0x20, 0xf, 0xf0,
    0xbf, 0x80, 0x5f, 0xe0, 0x3f, 0xff, 0xff, 0x60,
    0x4, 0xcf, 0xd6, 0x0,

    /* U+00B1 "±" */
    0x0, 0x0, 0x7f, 0xf0, 0x0, 0x0, 0x0, 0x7,
    0xff, 0x0, 0x0, 0x4, 0x44, 0x9f, 0xf4, 0x44,
    0x33, 0xff, 0xff, 0xff, 0xff, 0xfc, 0x3f, 0xff,
    0xff, 0xff, 0xff, 0xc0, 0x0, 0x7, 0xff, 0x0,
    0x0, 0x0, 0x0, 0x7f, 0xf0, 0x0, 0x0, 0x0,
    0x1, 0x33, 0x0, 0x0, 0x3f, 0xff, 0xff, 0xff,
    0xff, 0xc3, 0xff, 0xff, 0xff, 0xff, 0xfc, 0x15,
    0x55, 0x55, 0x55, 0x55, 0x40,

    /* U+00B2 "²" */
    0x1, 0x9e, 0xfe, 0x91, 0x0, 0xbf, 0xfc, 0xff,
    0xb0, 0x9, 0x92, 0x5, 0xff, 0x0, 0x0, 0x1,
    0xbf, 0xb0, 0x0, 0x4, 0xef, 0xc1, 0x0, 0x8,
    0xfe, 0x60, 0x0, 0xc, 0xff, 0xed, 0xdd, 0x20,
    0xef, 0xff, 0xff, 0xf3,

    /* U+00B3 "³" */
    0x0, 0x8d, 0xfe, 0xb2, 0x0, 0xaf, 0xfc, 0xef,
    0xe0, 0x3, 0x42, 0x5, 0xff, 0x0, 0x0, 0x6f,
    0xfd, 0x30, 0x0, 0x1, 0x37, 0xff, 0x30, 0xaa,
    0x40, 0x1f, 0xf7, 0xa, 0xff, 0xdf, 0xff, 0x30,
    0x7, 0xdf, 0xeb, 0x30,

    /* U+00B4 "´" */
    0x0, 0x0, 0x0, 0x3f, 0xf5, 0xa, 0xfb, 0x2,
    0xfe, 0x10,

    /* U+00B5 "µ" */
    0xcf, 0xf2, 0x0, 0xb, 0xff, 0x30, 0xcf, 0xf2,
    0x0, 0xb, 0xff, 0x30, 0xcf, 0xf2, 0x0, 0xb,
    0xff, 0x30, 0xcf, 0xf2, 0x0, 0xb, 0xff, 0x30,
    0xcf, 0xf2, 0x0, 0xb, 0xff, 0x30, 0xcf, 0xf2,
    0x0, 0xb, 0xff, 0x30, 0xcf, 0xf2, 0x0, 0xb,
    0xff, 0x30, 0xcf, 0xf5, 0x0, 0xd, 0xff, 0x30,
    0xcf, 0xfe, 0x64, 0xaf, 0xff, 0x81, 0xcf, 0xff,
    0xff, 0xfb, 0xff, 0xf7, 0xcf, 0xf5, 0xcf, 0x90,
    0x8e, 0xf7, 0xcf, 0xf2, 0x0, 0x0, 0x0, 0x0,
    0xcf, 0xf2, 0x0, 0x0, 0x0, 0x0, 0xcf, 0xf2,
    0x0, 0x0, 0x0, 0x0, 0xcf, 0xf2, 0x0, 0x0,
    0x0, 0x0,

    /* U+00B6 "¶" */
    0x0, 0x29, 0xdf, 0xff, 0xff, 0xa0, 0x3f, 0xff,
    0xff, 0xff, 0xfa, 0xc, 0xff, 0xff, 0xa4, 0xcf,
    0xa1, 0xff, 0xff, 0xf8, 0xb, 0xfa, 0x3f, 0xff,
    0xff, 0x80, 0xbf, 0xa1, 0xff, 0xff, 0xf8, 0xb,
    0xfa, 0xb, 0xff, 0xff, 0x80, 0xbf, 0xa0, 0x1d,
    0xff, 0xf8, 0xb, 0xfa, 0x0, 0x7, 0xbd, 0x70,
    0xbf, 0xa0, 0x0, 0x0, 0x0, 0xb, 0xfa, 0x0,
    0x0, 0x0, 0x0, 0xbf, 0xa0, 0x0, 0x0, 0x0,
    0xb, 0xfa, 0x0, 0x0, 0x0, 0x0, 0xbf, 0xa0,
    0x0, 0x0, 0x0, 0xb, 0xfa,

    /* U+00B7 "·" */
    0x1, 0x40, 0x1, 0xff, 0xb0, 0x4f, 0xff, 0x0,
    0xbf, 0x70,

    /* U+00B8 "¸" */
    0x2, 0x0, 0x1f, 0x10, 0x4f, 0xd6, 0x0, 0xbf,
    0xaf, 0xfa, 0x12, 0x10,

    /* U+00B9 "¹" */
    0x1a, 0xff, 0x9e, 0xff, 0xf9, 0xc4, 0xbf, 0x90,
    0xb, 0xf9, 0x0, 0xbf, 0x90, 0xb, 0xf9, 0x0,
    0xbf, 0x90, 0xb, 0xf9,

    /* U+00BA "º" */
    0x0, 0x29, 0xbb, 0x71, 0x0, 0x4, 0xff, 0xff,
    0xfe, 0x10, 0xe, 0xfb, 0x12, 0xdf, 0xa0, 0x3f,
    0xf2, 0x0, 0x6f, 0xf0, 0x5f, 0xf0, 0x0, 0x3f,
    0xf2, 0x4f, 0xf1, 0x0, 0x5f, 0xf0, 0xf, 0xf9,
    0x0, 0xcf, 0xc0, 0x6, 0xff, 0xde, 0xff, 0x30,
    0x0, 0x5c, 0xfe, 0xb3, 0x0,

    /* U+00BB "»" */
    0xc, 0xff, 0x44, 0xff, 0xc0, 0x0, 0x0, 0x1e,
    0xff, 0x26, 0xff, 0xb0, 0x0, 0x0, 0x3f, 0xfe,
    0x19, 0xff, 0x80, 0x0, 0x0, 0x5f, 0xfc, 0xb,
    0xff, 0x60, 0x0, 0x0, 0xaf, 0xf8, 0x1f, 0xff,
    0x20, 0x0, 0x3f, 0xfe, 0x19, 0xff, 0x80, 0x0,
    0x1e, 0xff, 0x27, 0xff, 0xa0, 0x0, 0xd, 0xff,
    0x44, 0xff, 0xc0, 0x0, 0xb, 0xff, 0x62, 0xff,
    0xe1, 0x0, 0x0, 0x22, 0x20, 0x12, 0x21, 0x0,
    0x0,

    /* U+00BC "¼" */
    0x0, 0x0, 0x0, 0x0, 0x0, 0x0, 0x0, 0x0,
    0x0, 0x5f, 0xfa, 0x0, 0x0, 0x0, 0x4f, 0xb0,
    0x0, 0x3f, 0xdf, 0xa0, 0x0, 0x0, 0x1e, 0xe1,
    0x0, 0x2, 0x65, 0xfa, 0x0, 0x0, 0xb, 0xf4,
    0x0, 0x0, 0x0, 0x5f, 0xa0, 0x0, 0x7, 0xf9,
    0x0, 0x0, 0x0, 0x5, 0xfa, 0x0, 0x2, 0xfd,
    0x0, 0x0, 0x0, 0x0, 0x5f, 0xa0, 0x0, 0xdf,
    0x20, 0x0, 0x0, 0x0, 0x5, 0xfa, 0x0, 0x9f,
    0x70, 0x3, 0xaa, 0x30, 0x0, 0x5f, 0xa0, 0x4f,
    0xb0, 0x0, 0xdf, 0xf5, 0x0, 0x0, 0x0, 0x1e,
    0xe1, 0x0, 0x7f, 0xef, 0x50, 0x0, 0x0, 0xb,
    0xf5, 0x0, 0x2f, 0xd8, 0xf5, 0x0, 0x0, 0x6,
    0xf9, 0x0, 0xb, 0xf4, 0x8f, 0x50, 0x0, 0x2,
    0xfd, 0x0, 0x4, 0xfe, 0x9c, 0xfb, 0x20, 0x0,
    0xdf, 0x30, 0x0, 0x5f, 0xff, 0xff, 0xf4, 0x0,
    0x9f, 0x70, 0x0, 0x0, 0x0, 0x9, 0xf5, 0x0,

    /* U+00BD "½" */
    0x0, 0x45, 0x30, 0x0, 0x0, 0x0, 0x55, 0x0,
    0x0, 0xaf, 0xfa, 0x0, 0x0, 0x0, 0x8f, 0x80,
    0x0, 0x3f, 0xaf, 0xa0, 0x0, 0x0, 0x3f, 0xc0,
    0x0, 0x1, 0x25, 0xfa, 0x0, 0x0, 0xd, 0xf2,
    0x0, 0x0, 0x0, 0x5f, 0xa0, 0x0, 0x9, 0xf6,
    0x0, 0x0, 0x0, 0x5, 0xfa, 0x0, 0x4, 0xfb,
    0x0, 0x0, 0x0, 0x0, 0x5f, 0xa0, 0x1, 0xee,
    0x10, 0x0, 0x0, 0x0, 0x5, 0xfa, 0x0, 0xbf,
    0x50, 0x2b, 0xfe, 0x90, 0x0, 0x3b, 0x70, 0x6f,
    0xa0, 0xe, 0xfc, 0xef, 0x80, 0x0, 0x0, 0x2f,
    0xe0, 0x0, 0x65, 0x3, 0xfb, 0x0, 0x0, 0xc,
    0xf4, 0x0, 0x0, 0x0, 0x8f, 0x60, 0x0, 0x7,
    0xf8, 0x0, 0x0, 0x0, 0x8f, 0x90, 0x0, 0x3,
    0xfd, 0x0, 0x0, 0x0, 0xaf, 0x90, 0x0, 0x0,
    0xdf, 0x20, 0x0, 0x0, 0xbf, 0xfa, 0xa9, 0x0,
    0x9f, 0x70, 0x0, 0x0, 0xf, 0xff, 0xff, 0xe0,

    /* U+00BE "¾" */
    0x0, 0x48, 0x83, 0x0, 0x0, 0x0, 0x6, 0x93,
    0x0, 0x9, 0xff, 0xff, 0x40, 0x0, 0x0, 0x3f,
    0xc0, 0x0, 0xb, 0xa1, 0x6f, 0xb0, 0x0, 0x0,
    0xdf, 0x20, 0x0, 0x0, 0x1, 0x8f, 0x90, 0x0,
    0x8, 0xf7, 0x0, 0x0, 0x0, 0x2f, 0xfc, 0x10,
    0x0, 0x3f, 0xc0, 0x0, 0x0, 0x0, 0x4, 0x8f,
    0xd0, 0x0, 0xdf, 0x20, 0x0, 0x0, 0x17, 0x61,
    0x4f, 0xf0, 0x9, 0xf6, 0x0, 0x0, 0x0, 0xd,
    0xff, 0xff, 0x90, 0x4f, 0xb0, 0x0, 0xef, 0xd0,
    0x0, 0x69, 0x95, 0x1, 0xee, 0x10, 0x8, 0xff,
    0xd0, 0x0, 0x0, 0x0, 0xa, 0xf5, 0x0, 0x2f,
    0xcf, 0xd0, 0x0, 0x0, 0x0, 0x5f, 0xa0, 0x0,
    0xbf, 0x3f, 0xd0, 0x0, 0x0, 0x1, 0xee, 0x10,
    0x4, 0xfa, 0xf, 0xd0, 0x0, 0x0, 0xb, 0xf4,
    0x0, 0xc, 0xfb, 0x9f, 0xe7, 0x0, 0x0, 0x6f,
    0x90, 0x0, 0xd, 0xff, 0xff, 0xfc, 0x0, 0x2,
    0xfd, 0x0, 0x0, 0x0, 0x0, 0x1f, 0xd0,

    /* U+00BF "¿" */
    0x0, 0x0, 0x3d, 0xe4, 0x0, 0x0, 0x0, 0x9,
    0xff, 0xb0, 0x0, 0x0, 0x0, 0x6f, 0xf8, 0x0,
    0x0, 0x0, 0x0, 0x23, 0x0, 0x0, 0x0, 0x0,
    0x15, 0x52, 0x0, 0x0, 0x0, 0x5, 0xff, 0x50,
    0x0, 0x0, 0x0, 0xbf, 0xf3, 0x0, 0x0, 0x1,
    0xbf, 0xfd, 0x0, 0x0, 0x2, 0xef, 0xfc, 0x10,
    0x0, 0x0, 0xbf, 0xfa, 0x0, 0x0, 0x0, 0xf,
    0xff, 0x0, 0x1, 0x33, 0x10, 0xff, 0xf1, 0x0,
    0x9f, 0xf5, 0xb, 0xff, 0xd6, 0x9f, 0xff, 0x10,
    0x2f, 0xff, 0xff, 0xff, 0x60, 0x0, 0x19, 0xdf,
    0xeb, 0x40, 0x0,

    /* U+00C0 "À" */
    0x0, 0x0, 0x4f, 0xf5, 0x0, 0x0, 0x0, 0x0,
    0x0, 0x0, 0x9f, 0xc0, 0x0, 0x0, 0x0, 0x0,
    0x0, 0x0, 0xdf, 0x40, 0x0, 0x0, 0x0, 0x0,
    0x0, 0x0, 0x0, 0x0, 0x0, 0x0, 0x0, 0x0,
    0x0, 0x0, 0x0, 0x0, 0x0, 0x0, 0x0, 0x0,
    0xbf, 0xff, 0x80, 0x0, 0x0, 0x0, 0x0, 0x1f,
    0xff, 0xfe, 0x0, 0x0, 0x0, 0x0, 0x6, 0xff,
    0xcf, 0xf4, 0x0, 0x0, 0x0, 0x0, 0xcf, 0xf4,
    0xff, 0xa0, 0x0, 0x0, 0x0, 0x2f, 0xfb, 0xe,
    0xff, 0x0, 0x0, 0x0, 0x8, 0xff, 0x60, 0x9f,
    0xf5, 0x0, 0x0, 0x0, 0xdf, 0xf1, 0x4, 0xff,
    0xb0, 0x0, 0x0, 0x3f, 0xfc, 0x0, 0xe, 0xff,
    0x10, 0x0, 0x9, 0xff, 0xff, 0xff, 0xff, 0xf7,
    0x0, 0x0, 0xef, 0xff, 0xff, 0xff, 0xff, 0xd0,
    0x0, 0x4f, 0xfd, 0x55, 0x55, 0x5e, 0xff, 0x20,
    0xa, 0xff, 0x80, 0x0, 0x0, 0xaf, 0xf8, 0x0,
    0xff, 0xf3, 0x0, 0x0, 0x5, 0xff, 0xe0, 0x5f,
    0xfe, 0x0, 0x0, 0x0, 0xf, 0xff, 0x40,

    /* U+00C1 "Á" */
    0x0, 0x0, 0x0, 0x7, 0xff, 0x20, 0x0, 0x0,
    0x0, 0x0, 0x0, 0xef, 0x70, 0x0, 0x0, 0x0,
    0x0, 0x0, 0x6f, 0xc0, 0x0, 0x0, 0x0, 0x0,
    0x0, 0x0, 0x0, 0x0, 0x0, 0x0, 0x0, 0x0,
    0x0, 0x0, 0x0, 0x0, 0x0, 0x0, 0x0, 0x0,
    0xbf, 0xff, 0x80, 0x0, 0x0, 0x0, 0x0, 0x1f,
    0xff, 0xfe, 0x0, 0x0, 0x0, 0x0, 0x6, 0xff,
    0xcf, 0xf4, 0x0, 0x0, 0x0, 0x0, 0xcf, 0xf4,
    0xff, 0xa0, 0x0, 0x0, 0x0, 0x2f, 0xfb, 0xe,
    0xff, 0x0, 0x0, 0x0, 0x8, 0xff, 0x60, 0x9f,
    0xf5, 0x0, 0x0, 0x0, 0xdf, 0xf1, 0x4, 0xff,
    0xb0, 0x0, 0x0, 0x3f, 0xfc, 0x0, 0xe, 0xff,
    0x10, 0x0, 0x9, 0xff, 0xff, 0xff, 0xff, 0xf7,
    0x0, 0x0, 0xef, 0xff, 0xff, 0xff, 0xff, 0xd0,
    0x0, 0x4f, 0xfd, 0x55, 0x55, 0x5e, 0xff, 0x20,
    0xa, 0xff, 0x80, 0x0, 0x0, 0xaf, 0xf8, 0x0,
    0xff, 0xf3, 0x0, 0x0, 0x5, 0xff, 0xe0, 0x5f,
    0xfe, 0x0, 0x0, 0x0, 0xf, 0xff, 0x40,

    /* U+00C2 "Â" */
    0x0, 0x0, 0x3, 0xff, 0xe2, 0x0, 0x0, 0x0,
    0x0, 0x3, 0xef, 0x9f, 0xd1, 0x0, 0x0, 0x0,
    0x2, 0xef, 0x70, 0x9f, 0xd1, 0x0, 0x0, 0x0,
    0x0, 0x0, 0x0, 0x0, 0x0, 0x0, 0x0, 0x0,
    0x0, 0x0, 0x0, 0x0, 0x0, 0x0, 0x0, 0x0,
    0xbf, 0xff, 0x80, 0x0, 0x0, 0x0, 0x0, 0x1f,
    0xff, 0xfe, 0x0, 0x0, 0x0, 0x0, 0x6, 0xff,
    0xcf, 0xf4, 0x0, 0x0, 0x0, 0x0, 0xcf, 0xf4,
    0xff, 0xa0, 0x0, 0x0, 0x0, 0x2f, 0xfb, 0xe,
    0xff, 0x0, 0x0, 0x0, 0x8, 0xff, 0x60, 0x9f,
    0xf5, 0x0, 0x0, 0x0, 0xdf, 0xf1, 0x4, 0xff,
    0xb0, 0x0, 0x0, 0x3f, 0xfc, 0x0, 0xe, 0xff,
    0x10, 0x0, 0x9, 0xff, 0xff, 0xff, 0xff, 0xf7,
    0x0, 0x0, 0xef, 0xff, 0xff, 0xff, 0xff, 0xd0,
    0x0, 0x4f, 0xfd, 0x55, 0x55, 0x5e, 0xff, 0x20,
    0xa, 0xff, 0x80, 0x0, 0x0, 0xaf, 0xf8, 0x0,
    0xff, 0xf3, 0x0, 0x0, 0x5, 0xff, 0xe0, 0x5f,
    0xfe, 0x0, 0x0, 0x0, 0xf, 0xff, 0x40,

    /* U+00C3 "Ã" */
    0x0, 0x0, 0x7, 0x82, 0x8, 0x70, 0x0, 0x0,
    0x0, 0x9, 0xff, 0xfb, 0xfa, 0x0, 0x0, 0x0,
    0x0, 0xec, 0x19, 0xfc, 0x20, 0x0, 0x0, 0x0,
    0x0, 0x0, 0x0, 0x0, 0x0, 0x0, 0x0, 0x0,
    0x0, 0x0, 0x0, 0x0, 0x0, 0x0, 0x0, 0x0,
    0xbf, 0xff, 0x80, 0x0, 0x0, 0x0, 0x0, 0x1f,
    0xff, 0xfe, 0x0, 0x0, 0x0, 0x0, 0x6, 0xff,
    0xcf, 0xf4, 0x0, 0x0, 0x0, 0x0, 0xcf, 0xf4,
    0xff, 0xa0, 0x0, 0x0, 0x0, 0x2f, 0xfb, 0xe,
    0xff, 0x0, 0x0, 0x0, 0x8, 0xff, 0x60, 0x9f,
    0xf5, 0x0, 0x0, 0x0, 0xdf, 0xf1, 0x4, 0xff,
    0xb0, 0x0, 0x0, 0x3f, 0xfc, 0x0, 0xe, 0xff,
    0x10, 0x0, 0x9, 0xff, 0xff, 0xff, 0xff, 0xf7,
    0x0, 0x0, 0xef, 0xff, 0xff, 0xff, 0xff, 0xd0,
    0x0, 0x4f, 0xfd, 0x55, 0x55, 0x5e, 0xff, 0x20,
    0xa, 0xff, 0x80, 0x0, 0x0, 0xaf, 0xf8, 0x0,
    0xff, 0xf3, 0x0, 0x0, 0x5, 0xff, 0xe0, 0x5f,
    0xfe, 0x0, 0x0, 0x0, 0xf, 0xff, 0x40,

    /* U+00C4 "Ä" */
    0x0, 0x0, 0x8c, 0x30, 0x4c, 0x70, 0x0, 0x0,
    0x0, 0x2f, 0xfa, 0xc, 0xff, 0x0, 0x0, 0x0,
    0x0, 0xbf, 0x50, 0x7f, 0xa0, 0x0, 0x0, 0x0,
    0x0, 0x0, 0x0, 0x0, 0x0, 0x0, 0x0, 0x0,
    0x0, 0x0, 0x0, 0x0, 0x0, 0x0, 0x0, 0x0,
    0xbf, 0xff, 0x80, 0x0, 0x0, 0x0, 0x0, 0x1f,
    0xff, 0xfe, 0x0, 0x0, 0x0, 0x0, 0x6, 0xff,
    0xcf, 0xf4, 0x0, 0x0, 0x0, 0x0, 0xcf, 0xf4,
    0xff, 0xa0, 0x0, 0x0, 0x0, 0x2f, 0xfb, 0xe,
    0xff, 0x0, 0x0, 0x0, 0x8, 0xff, 0x60, 0x9f,
    0xf5, 0x0, 0x0, 0x0, 0xdf, 0xf1, 0x4, 0xff,
    0xb0, 0x0, 0x0, 0x3f, 0xfc, 0x0, 0xe, 0xff,
    0x10, 0x0, 0x9, 0xff, 0xff, 0xff, 0xff, 0xf7,
    0x0, 0x0, 0xef, 0xff, 0xff, 0xff, 0xff, 0xd0,
    0x0, 0x4f, 0xfd, 0x55, 0x55, 0x5e, 0xff, 0x20,
    0xa, 0xff, 0x80, 0x0, 0x0, 0xaf, 0xf8, 0x0,
    0xff, 0xf3, 0x0, 0x0, 0x5, 0xff, 0xe0, 0x5f,
    0xfe, 0x0, 0x0, 0x0, 0xf, 0xff, 0x40,

    /* U+00C5 "Å" */
    0x0, 0x0, 0x0, 0x0, 0x0, 0x0, 0x0, 0x0,
    0x0, 0x0, 0x4d, 0xfd, 0x20, 0x0, 0x0, 0x0,
    0x0, 0xe, 0xb4, 0xdd, 0x0, 0x0, 0x0, 0x0,
    0x3, 0xf5, 0x6, 0xf1, 0x0, 0x0, 0x0, 0x0,
    0x1f, 0xa1, 0xbe, 0x0, 0x0, 0x0, 0x0, 0x0,
    0x5f, 0xff, 0x40, 0x0, 0x0, 0x0, 0x0, 0x0,
    0x13, 0x0, 0x0, 0x0, 0x0, 0x0, 0x0, 0xbf,
    0xff, 0x80, 0x0, 0x0, 0x0, 0x0, 0x1f, 0xff,
    0xfe, 0x0, 0x0, 0x0, 0x0, 0x6, 0xff, 0xcf,
    0xf4, 0x0, 0x0, 0x0, 0x0, 0xcf, 0xf4, 0xff,
    0xa0, 0x0, 0x0, 0x0, 0x2f, 0xfb, 0xe, 0xff,
    0x0, 0x0, 0x0, 0x8, 0xff, 0x60, 0x9f, 0xf5,
    0x0, 0x0, 0x0, 0xdf, 0xf1, 0x4, 0xff, 0xb0,
    0x0, 0x0, 0x3f, 0xfc, 0x0, 0xe, 0xff, 0x10,
    0x0, 0x9, 0xff, 0xff, 0xff, 0xff, 0xf7, 0x0,
    0x0, 0xef, 0xff, 0xff, 0xff, 0xff, 0xd0, 0x0,
    0x4f, 0xfd, 0x55, 0x55, 0x5e, 0xff, 0x20, 0xa,
    0xff, 0x80, 0x0, 0x0, 0xaf, 0xf8, 0x0, 0xff,
    0xf3, 0x0, 0x0, 0x5, 0xff, 0xe0, 0x5f, 0xfe,
    0x0, 0x0, 0x0, 0xf, 0xff, 0x40,

    /* U+00C6 "Æ" */
    0x0, 0x0, 0x0, 0x7f, 0xff, 0xff, 0xff, 0xff,
    0xff, 0xf5, 0x0, 0x0, 0x0, 0xef, 0xfe, 0xff,
    0xff, 0xff, 0xff, 0xf5, 0x0, 0x0, 0x5, 0xff,
    0xb4, 0xff, 0xc7, 0x77, 0x77, 0x72, 0x0, 0x0,
    0xc, 0xff, 0x34, 0xff, 0x90, 0x0, 0x0, 0x0,
    0x0, 0x0, 0x4f, 0xfc, 0x4, 0xff, 0x90, 0x0,
    0x0, 0x0, 0x0, 0x0, 0xbf, 0xf4, 0x4, 0xff,
    0xc6, 0x66, 0x66, 0x50, 0x0, 0x2, 0xff, 0xc0,
    0x4, 0xff, 0xff, 0xff, 0xff, 0xd0, 0x0, 0x9,
    0xff, 0x50, 0x4, 0xff, 0xff, 0xff, 0xff, 0xd0,
    0x0, 0x1f, 0xff, 0xff, 0xff, 0xff, 0x90, 0x0,
    0x0, 0x0, 0x0, 0x7f, 0xff, 0xff, 0xff, 0xff,
    0x90, 0x0, 0x0, 0x0, 0x0, 0xef, 0xf2, 0x22,
    0x25, 0xff, 0x90, 0x0, 0x0, 0x0, 0x6, 0xff,
    0xb0, 0x0, 0x4, 0xff, 0xc7, 0x77, 0x77, 0x72,
    0xd, 0xff, 0x50, 0x0, 0x4, 0xff, 0xff, 0xff,
    0xff, 0xf6, 0x4f, 0xfe, 0x0, 0x0, 0x4, 0xff,
    0xff, 0xff, 0xff, 0xf6,

    /* U+00C7 "Ç" */
    0x0, 0x0, 0x4a, 0xdf, 0xfc, 0x70, 0x0, 0x0,
    0xa, 0xff, 0xff, 0xff, 0xfd, 0x20, 0x0, 0xaf,
    0xff, 0xda, 0xbf, 0xff, 0xe1, 0x4, 0xff, 0xf6,
    0x0, 0x2, 0xdf, 0xf7, 0xa, 0xff, 0x90, 0x0,
    0x0, 0x4f, 0xfc, 0xe, 0xff, 0x20, 0x0, 0x0,
    0x0, 0x0, 0xf, 0xff, 0x0, 0x0, 0x0, 0x0,
    0x0, 0xf, 0xff, 0x0, 0x0, 0x0, 0x0, 0x0,
    0xe, 0xff, 0x10, 0x0, 0x0, 0x0, 0x0, 0xb,
    0xff, 0x50, 0x0, 0x0, 0x19, 0x98, 0x5, 0xff,
    0xd1, 0x0, 0x0, 0x9f, 0xfa, 0x0, 0xbf, 0xfd,
    0x63, 0x4a, 0xff, 0xf2, 0x0, 0xb, 0xff, 0xff,
    0xff, 0xff, 0x40, 0x0, 0x0, 0x5b, 0xff, 0xfd,
    0x81, 0x0, 0x0, 0x0, 0x0, 0x1f, 0x30, 0x0,
    0x0, 0x0, 0x0, 0x0, 0x3f, 0xfa, 0x0, 0x0,
    0x0, 0x0, 0x0, 0x12, 0xbf, 0x0, 0x0, 0x0,
    0x0, 0x0, 0xaf, 0xe8, 0x0, 0x0,

    /* U+00C8 "È" */
    0x0, 0x7f, 0xf2, 0x0, 0x0, 0x0, 0x0, 0xcf,
    0x90, 0x0, 0x0, 0x0, 0x2, 0xff, 0x10, 0x0,
    0x0, 0x0, 0x0, 0x0, 0x0, 0x0, 0x0, 0x0,
    0x0, 0x0, 0x0, 0xb, 0xff, 0xff, 0xff, 0xff,
    0xf1, 0xbf, 0xff, 0xff, 0xff, 0xff, 0x1b, 0xff,
    0x97, 0x77, 0x77, 0x70, 0xbf, 0xf4, 0x0, 0x0,
    0x0, 0xb, 0xff, 0x40, 0x0, 0x0, 0x0, 0xbf,
    0xf9, 0x66, 0x66, 0x63, 0xb, 0xff, 0xff, 0xff,
    0xff, 0x80, 0xbf, 0xff, 0xff, 0xff, 0xf8, 0xb,
    0xff, 0x40, 0x0, 0x0, 0x0, 0xbf, 0xf4, 0x0,
    0x0, 0x0, 0xb, 0xff, 0x40, 0x0, 0x0, 0x0,
    0xbf, 0xf9, 0x77, 0x77, 0x77, 0xb, 0xff, 0xff,
    0xff, 0xff, 0xf1, 0xbf, 0xff, 0xff, 0xff, 0xff,
    0x10,

    /* U+00C9 "É" */
    0x0, 0x0, 0xb, 0xfd, 0x0, 0x0, 0x0, 0x2,
    0xff, 0x30, 0x0, 0x0, 0x0, 0x9f, 0x80, 0x0,
    0x0, 0x0, 0x0, 0x0, 0x0, 0x0, 0x0, 0x0,
    0x0, 0x0, 0x0, 0xb, 0xff, 0xff, 0xff, 0xff,
    0xf1, 0xbf, 0xff, 0xff, 0xff, 0xff, 0x1b, 0xff,
    0x97, 0x77, 0x77, 0x70, 0xbf, 0xf4, 0x0, 0x0,
    0x0, 0xb, 0xff, 0x40, 0x0, 0x0, 0x0, 0xbf,
    0xf9, 0x66, 0x66, 0x63, 0xb, 0xff, 0xff, 0xff,
    0xff, 0x80, 0xbf, 0xff, 0xff, 0xff, 0xf8, 0xb,
    0xff, 0x40, 0x0, 0x0, 0x0, 0xbf, 0xf4, 0x0,
    0x0, 0x0, 0xb, 0xff, 0x40, 0x0, 0x0, 0x0,
    0xbf, 0xf9, 0x77, 0x77, 0x77, 0xb, 0xff, 0xff,
    0xff, 0xff, 0xf1, 0xbf, 0xff, 0xff, 0xff, 0xff,
    0x10,

    /* U+00CA "Ê" */
    0x0, 0x6, 0xff, 0xc0, 0x0, 0x0, 0x5, 0xfe,
    0xaf, 0xb0, 0x0, 0x5, 0xff, 0x40, 0xcf, 0xa0,
    0x0, 0x0, 0x0, 0x0, 0x0, 0x0, 0x0, 0x0,
    0x0, 0x0, 0x0, 0xb, 0xff, 0xff, 0xff, 0xff,
    0xf1, 0xbf, 0xff, 0xff, 0xff, 0xff, 0x1b, 0xff,
    0x97, 0x77, 0x77, 0x70, 0xbf, 0xf4, 0x0, 0x0,
    0x0, 0xb, 0xff, 0x40, 0x0, 0x0, 0x0, 0xbf,
    0xf9, 0x66, 0x66, 0x63, 0xb, 0xff, 0xff, 0xff,
    0xff, 0x80, 0xbf, 0xff, 0xff, 0xff, 0xf8, 0xb,
    0xff, 0x40, 0x0, 0x0, 0x0, 0xbf, 0xf4, 0x0,
    0x0, 0x0, 0xb, 0xff, 0x40, 0x0, 0x0, 0x0,
    0xbf, 0xf9, 0x77, 0x77, 0x77, 0xb, 0xff, 0xff,
    0xff, 0xff, 0xf1, 0xbf, 0xff, 0xff, 0xff, 0xff,
    0x10,

    /* U+00CB "Ë" */
    0x0, 0xab, 0x10, 0x7c, 0x40, 0x0, 0x5f, 0xf7,
    0xf, 0xfc, 0x0, 0x1, 0xde, 0x20, 0xaf, 0x60,
    0x0, 0x0, 0x0, 0x0, 0x0, 0x0, 0x0, 0x0,
    0x0, 0x0, 0x0, 0xb, 0xff, 0xff, 0xff, 0xff,
    0xf1, 0xbf, 0xff, 0xff, 0xff, 0xff, 0x1b, 0xff,
    0x97, 0x77, 0x77, 0x70, 0xbf, 0xf4, 0x0, 0x0,
    0x0, 0xb, 0xff, 0x40, 0x0, 0x0, 0x0, 0xbf,
    0xf9, 0x66, 0x66, 0x63, 0xb, 0xff, 0xff, 0xff,
    0xff, 0x80, 0xbf, 0xff, 0xff, 0xff, 0xf8, 0xb,
    0xff, 0x40, 0x0, 0x0, 0x0, 0xbf, 0xf4, 0x0,
    0x0, 0x0, 0xb, 0xff, 0x40, 0x0, 0x0, 0x0,
    0xbf, 0xf9, 0x77, 0x77, 0x77, 0xb, 0xff, 0xff,
    0xff, 0xff, 0xf1, 0xbf, 0xff, 0xff, 0xff, 0xff,
    0x10,

    /* U+00CC "Ì" */
    0xd, 0xfb, 0x0, 0x3, 0xff, 0x30, 0x0, 0x8f,
    0xa0, 0x0, 0x0, 0x0, 0x0, 0x0, 0x0, 0x0,
    0xbf, 0xf4, 0x0, 0xbf, 0xf4, 0x0, 0xbf, 0xf4,
    0x0, 0xbf, 0xf4, 0x0, 0xbf, 0xf4, 0x0, 0xbf,
    0xf4, 0x0, 0xbf, 0xf4, 0x0, 0xbf, 0xf4, 0x0,
    0xbf, 0xf4, 0x0, 0xbf, 0xf4, 0x0, 0xbf, 0xf4,
    0x0, 0xbf, 0xf4, 0x0, 0xbf, 0xf4, 0x0, 0xbf,
    0xf4,

    /* U+00CD "Í" */
    0x2, 0xff, 0x70, 0x8f, 0xc0, 0xf, 0xf2, 0x0,
    0x0, 0x0, 0x0, 0x0, 0xb, 0xff, 0x40, 0xbf,
    0xf4, 0xb, 0xff, 0x40, 0xbf, 0xf4, 0xb, 0xff,
    0x40, 0xbf, 0xf4, 0xb, 0xff, 0x40, 0xbf, 0xf4,
    0xb, 0xff, 0x40, 0xbf, 0xf4, 0xb, 0xff, 0x40,
    0xbf, 0xf4, 0xb, 0xff, 0x40, 0xbf, 0xf4, 0x0,

    /* U+00CE "Î" */
    0x0, 0xc, 0xff, 0x60, 0x0, 0xb, 0xfb, 0xef,
    0x50, 0xb, 0xfc, 0x3, 0xff, 0x40, 0x0, 0x0,
    0x0, 0x0, 0x0, 0x0, 0x0, 0x0, 0x0, 0x0,
    0xbf, 0xf4, 0x0, 0x0, 0xb, 0xff, 0x40, 0x0,
    0x0, 0xbf, 0xf4, 0x0, 0x0, 0xb, 0xff, 0x40,
    0x0, 0x0, 0xbf, 0xf4, 0x0, 0x0, 0xb, 0xff,
    0x40, 0x0, 0x0, 0xbf, 0xf4, 0x0, 0x0, 0xb,
    0xff, 0x40, 0x0, 0x0, 0xbf, 0xf4, 0x0, 0x0,
    0xb, 0xff, 0x40, 0x0, 0x0, 0xbf, 0xf4, 0x0,
    0x0, 0xb, 0xff, 0x40, 0x0, 0x0, 0xbf, 0xf4,
    0x0, 0x0, 0xb, 0xff, 0x40, 0x0,

    /* U+00CF "Ï" */
    0x4c, 0x70, 0x1b, 0xa1, 0xcf, 0xf0, 0x6f, 0xf6,
    0x6f, 0xa0, 0x2d, 0xd2, 0x0, 0x0, 0x0, 0x0,
    0x0, 0x0, 0x0, 0x0, 0x0, 0xbf, 0xf4, 0x0,
    0x0, 0xbf, 0xf4, 0x0, 0x0, 0xbf, 0xf4, 0x0,
    0x0, 0xbf, 0xf4, 0x0, 0x0, 0xbf, 0xf4, 0x0,
    0x0, 0xbf, 0xf4, 0x0, 0x0, 0xbf, 0xf4, 0x0,
    0x0, 0xbf, 0xf4, 0x0, 0x0, 0xbf, 0xf4, 0x0,
    0x0, 0xbf, 0xf4, 0x0, 0x0, 0xbf, 0xf4, 0x0,
    0x0, 0xbf, 0xf4, 0x0, 0x0, 0xbf, 0xf4, 0x0,
    0x0, 0xbf, 0xf4, 0x0,

    /* U+00D0 "Ð" */
    0x0, 0xef, 0xff, 0xff, 0xdb, 0x50, 0x0, 0x0,
    0xe, 0xff, 0xff, 0xff, 0xff, 0xc1, 0x0, 0x0,
    0xef, 0xf9, 0x89, 0xbf, 0xff, 0xd0, 0x0, 0xe,
    0xff, 0x0, 0x0, 0x2d, 0xff, 0x80, 0x0, 0xef,
    0xf0, 0x0, 0x0, 0x3f, 0xfe, 0x0, 0xe, 0xff,
    0x0, 0x0, 0x0, 0xdf, 0xf1, 0xcf, 0xff, 0xff,
    0xff, 0x20, 0xb, 0xff, 0x3c, 0xff, 0xff, 0xff,
    0xf2, 0x0, 0xbf, 0xf3, 0x0, 0xef, 0xf0, 0x0,
    0x0, 0xd, 0xff, 0x10, 0xe, 0xff, 0x0, 0x0,
    0x3, 0xff, 0xe0, 0x0, 0xef, 0xf0, 0x0, 0x2,
    0xdf, 0xf8, 0x0, 0xe, 0xff, 0x98, 0x9b, 0xff,
    0xfd, 0x0, 0x0, 0xef, 0xff, 0xff, 0xff, 0xfc,
    0x10, 0x0, 0xe, 0xff, 0xff, 0xfd, 0xb5, 0x0,
    0x0,

    /* U+00D1 "Ñ" */
    0x0, 0x0, 0x69, 0x30, 0x69, 0x0, 0x0, 0x0,
    0x6f, 0xff, 0xbf, 0xc0, 0x0, 0x0, 0xb, 0xf1,
    0x7e, 0xe3, 0x0, 0x0, 0x0, 0x0, 0x0, 0x0,
    0x0, 0x0, 0x0, 0x0, 0x0, 0x0, 0x0, 0x0,
    0xb, 0xff, 0xe1, 0x0, 0x0, 0x2f, 0xfe, 0xbf,
    0xff, 0x90, 0x0, 0x2, 0xff, 0xeb, 0xff, 0xff,
    0x40, 0x0, 0x2f, 0xfe, 0xbf, 0xff, 0xfd, 0x0,
    0x2, 0xff, 0xeb, 0xff, 0x8f, 0xf8, 0x0, 0x2f,
    0xfe, 0xbf, 0xf4, 0xcf, 0xf3, 0x2, 0xff, 0xeb,
    0xff, 0x53, 0xff, 0xd0, 0x1f, 0xfe, 0xbf, 0xf5,
    0x9, 0xff, 0x71, 0xff, 0xeb, 0xff, 0x50, 0x1e,
    0xff, 0x2f, 0xfe, 0xbf, 0xf5, 0x0, 0x5f, 0xf9,
    0xff, 0xeb, 0xff, 0x50, 0x0, 0xaf, 0xff, 0xfe,
    0xbf, 0xf5, 0x0, 0x1, 0xef, 0xff, 0xeb, 0xff,
    0x50, 0x0, 0x6, 0xff, 0xfe, 0xbf, 0xf5, 0x0,
    0x0, 0xb, 0xff, 0xe0,

    /* U+00D2 "Ò" */
    0x0, 0x0, 0x0, 0x0, 0x0, 0x0, 0x0, 0x0,
    0x0, 0x1, 0xef, 0xa0, 0x0, 0x0, 0x0, 0x0,
    0x0, 0x4, 0xff, 0x10, 0x0, 0x0, 0x0, 0x0,
    0x0, 0xa, 0xf8, 0x0, 0x0, 0x0, 0x0, 0x0,
    0x0, 0x0, 0x0, 0x0, 0x0, 0x0, 0x0, 0x0,
    0x0, 0x0, 0x0, 0x0, 0x0, 0x0, 0x0, 0x4a,
    0xdf, 0xec, 0x60, 0x0, 0x0, 0x0, 0xaf, 0xff,
    0xff, 0xff, 0xd3, 0x0, 0x0, 0xaf, 0xff, 0xda,
    0xbf, 0xff, 0xe1, 0x0, 0x4f, 0xff, 0x50, 0x0,
    0x1c, 0xff, 0xb0, 0xa, 0xff, 0x80, 0x0, 0x0,
    0x1f, 0xff, 0x10, 0xef, 0xf2, 0x0, 0x0, 0x0,
    0xbf, 0xf5, 0xf, 0xff, 0x0, 0x0, 0x0, 0x9,
    0xff, 0x70, 0xff, 0xf0, 0x0, 0x0, 0x0, 0x9f,
    0xf7, 0xe, 0xff, 0x20, 0x0, 0x0, 0xb, 0xff,
    0x50, 0xaf, 0xf8, 0x0, 0x0, 0x1, 0xff, 0xf1,
    0x4, 0xff, 0xf5, 0x0, 0x1, 0xcf, 0xfb, 0x0,
    0xa, 0xff, 0xfd, 0xab, 0xff, 0xfe, 0x20, 0x0,
    0xa, 0xff, 0xff, 0xff, 0xfe, 0x30, 0x0, 0x0,
    0x4, 0xad, 0xfe, 0xc7, 0x0, 0x0,

    /* U+00D3 "Ó" */
    0x0, 0x0, 0x0, 0x0, 0x0, 0x0, 0x0, 0x0,
    0x0, 0x0, 0x0, 0x3f, 0xf5, 0x0, 0x0, 0x0,
    0x0, 0x0, 0xa, 0xfb, 0x0, 0x0, 0x0, 0x0,
    0x0, 0x2, 0xfe, 0x10, 0x0, 0x0, 0x0, 0x0,
    0x0, 0x0, 0x0, 0x0, 0x0, 0x0, 0x0, 0x0,
    0x0, 0x0, 0x0, 0x0, 0x0, 0x0, 0x0, 0x4a,
    0xdf, 0xec, 0x60, 0x0, 0x0, 0x0, 0xaf, 0xff,
    0xff, 0xff, 0xd3, 0x0, 0x0, 0xaf, 0xff, 0xda,
    0xbf, 0xff, 0xe1, 0x0, 0x4f, 0xff, 0x50, 0x0,
    0x1c, 0xff, 0xb0, 0xa, 0xff, 0x80, 0x0, 0x0,
    0x1f, 0xff, 0x10, 0xef, 0xf2, 0x0, 0x0, 0x0,
    0xbf, 0xf5, 0xf, 0xff, 0x0, 0x0, 0x0, 0x9,
    0xff, 0x70, 0xff, 0xf0, 0x0, 0x0, 0x0, 0x9f,
    0xf7, 0xe, 0xff, 0x20, 0x0, 0x0, 0xb, 0xff,
    0x50, 0xaf, 0xf8, 0x0, 0x0, 0x1, 0xff, 0xf1,
    0x4, 0xff, 0xf5, 0x0, 0x1, 0xcf, 0xfb, 0x0,
    0xa, 0xff, 0xfd, 0xab, 0xff, 0xfe, 0x20, 0x0,
    0xa, 0xff, 0xff, 0xff, 0xfe, 0x30, 0x0, 0x0,
    0x4, 0xad, 0xfe, 0xc7, 0x0, 0x0,

    /* U+00D4 "Ô" */
    0x0, 0x0, 0x1, 0xdf, 0xf5, 0x0, 0x0, 0x0,
    0x0, 0x0, 0xcf, 0xaf, 0xf4, 0x0, 0x0, 0x0,
    0x0, 0xcf, 0xb0, 0x5f, 0xf3, 0x0, 0x0, 0x0,
    0x0, 0x0, 0x0, 0x0, 0x0, 0x0, 0x0, 0x0,
    0x0, 0x0, 0x0, 0x0, 0x0, 0x0, 0x0, 0x4,
    0xad, 0xfe, 0xc6, 0x0, 0x0, 0x0, 0xa, 0xff,
    0xff, 0xff, 0xfd, 0x30, 0x0, 0xa, 0xff, 0xfd,
    0xab, 0xff, 0xfe, 0x10, 0x4, 0xff, 0xf5, 0x0,
    0x1, 0xcf, 0xfb, 0x0, 0xaf, 0xf8, 0x0, 0x0,
    0x1, 0xff, 0xf1, 0xe, 0xff, 0x20, 0x0, 0x0,
    0xb, 0xff, 0x50, 0xff, 0xf0, 0x0, 0x0, 0x0,
    0x9f, 0xf7, 0xf, 0xff, 0x0, 0x0, 0x0, 0x9,
    0xff, 0x70, 0xef, 0xf2, 0x0, 0x0, 0x0, 0xbf,
    0xf5, 0xa, 0xff, 0x80, 0x0, 0x0, 0x1f, 0xff,
    0x10, 0x4f, 0xff, 0x50, 0x0, 0x1c, 0xff, 0xb0,
    0x0, 0xaf, 0xff, 0xda, 0xbf, 0xff, 0xe2, 0x0,
    0x0, 0xaf, 0xff, 0xff, 0xff, 0xe3, 0x0, 0x0,
    0x0, 0x4a, 0xdf, 0xec, 0x70, 0x0, 0x0,

    /* U+00D5 "Õ" */
    0x0, 0x0, 0x1b, 0xfa, 0x2a, 0xf0, 0x0, 0x0,
    0x0, 0x7, 0xfb, 0xff, 0xfb, 0x0, 0x0, 0x0,
    0x0, 0x69, 0x1, 0x88, 0x10, 0x0, 0x0, 0x0,
    0x0, 0x0, 0x0, 0x0, 0x0, 0x0, 0x0, 0x0,
    0x0, 0x0, 0x0, 0x0, 0x0, 0x0, 0x0, 0x4,
    0xad, 0xfe, 0xc6, 0x0, 0x0, 0x0, 0xa, 0xff,
    0xff, 0xff, 0xfd, 0x30, 0x0, 0xa, 0xff, 0xfd,
    0xab, 0xff, 0xfe, 0x10, 0x4, 0xff, 0xf5, 0x0,
    0x1, 0xcf, 0xfb, 0x0, 0xaf, 0xf8, 0x0, 0x0,
    0x1, 0xff, 0xf1, 0xe, 0xff, 0x20, 0x0, 0x0,
    0xb, 0xff, 0x50, 0xff, 0xf0, 0x0, 0x0, 0x0,
    0x9f, 0xf7, 0xf, 0xff, 0x0, 0x0, 0x0, 0x9,
    0xff, 0x70, 0xef, 0xf2, 0x0, 0x0, 0x0, 0xbf,
    0xf5, 0xa, 0xff, 0x80, 0x0, 0x0, 0x1f, 0xff,
    0x10, 0x4f, 0xff, 0x50, 0x0, 0x1c, 0xff, 0xb0,
    0x0, 0xaf, 0xff, 0xda, 0xbf, 0xff, 0xe2, 0x0,
    0x0, 0xaf, 0xff, 0xff, 0xff, 0xe3, 0x0, 0x0,
    0x0, 0x4a, 0xdf, 0xec, 0x70, 0x0, 0x0,

    /* U+00D6 "Ö" */
    0x0, 0x0, 0x7f, 0x80, 0x3e, 0xc1, 0x0, 0x0,
    0x0, 0xd, 0xff, 0x8, 0xff, 0x40, 0x0, 0x0,
    0x0, 0x5c, 0x60, 0x2b, 0xa0, 0x0, 0x0, 0x0,
    0x0, 0x0, 0x0, 0x0, 0x0, 0x0, 0x0, 0x0,
    0x0, 0x0, 0x0, 0x0, 0x0, 0x0, 0x0, 0x4,
    0xad, 0xfe, 0xc6, 0x0, 0x0, 0x0, 0xa, 0xff,
    0xff, 0xff, 0xfd, 0x30, 0x0, 0xa, 0xff, 0xfd,
    0xab, 0xff, 0xfe, 0x10, 0x4, 0xff, 0xf5, 0x0,
    0x1, 0xcf, 0xfb, 0x0, 0xaf, 0xf8, 0x0, 0x0,
    0x1, 0xff, 0xf1, 0xe, 0xff, 0x20, 0x0, 0x0,
    0xb, 0xff, 0x50, 0xff, 0xf0, 0x0, 0x0, 0x0,
    0x9f, 0xf7, 0xf, 0xff, 0x0, 0x0, 0x0, 0x9,
    0xff, 0x70, 0xef, 0xf2, 0x0, 0x0, 0x0, 0xbf,
    0xf5, 0xa, 0xff, 0x80, 0x0, 0x0, 0x1f, 0xff,
    0x10, 0x4f, 0xff, 0x50, 0x0, 0x1c, 0xff, 0xb0,
    0x0, 0xaf, 0xff, 0xda, 0xbf, 0xff, 0xe2, 0x0,
    0x0, 0xaf, 0xff, 0xff, 0xff, 0xe3, 0x0, 0x0,
    0x0, 0x4a, 0xdf, 0xec, 0x70, 0x0, 0x0,

    /* U+00D7 "×" */
    0x1, 0xa1, 0x0, 0x0, 0x47, 0x1, 0xdf, 0xc1,
    0x0, 0x4f, 0xf7, 0xb, 0xff, 0xc1, 0x4f, 0xff,
    0x60, 0xb, 0xff, 0xdf, 0xff, 0x60, 0x0, 0xb,
    0xff, 0xff, 0x50, 0x0, 0x0, 0x5f, 0xff, 0xd1,
    0x0, 0x0, 0x4f, 0xff, 0xff, 0xd1, 0x0, 0x5f,
    0xff, 0x6b, 0xff, 0xd1, 0x1f, 0xff, 0x50, 0xb,
    0xff, 0xa0, 0x5f, 0x50, 0x0, 0xa, 0xd1, 0x0,
    0x10, 0x0, 0x0, 0x1, 0x0,

    /* U+00D8 "Ø" */
    0x0, 0x0, 0x0, 0x0, 0x0, 0x0, 0x20, 0x0,
    0x0, 0x4, 0xad, 0xfe, 0xc6, 0x7f, 0x50, 0x0,
    0xa, 0xff, 0xff, 0xff, 0xff, 0xe1, 0x0, 0xa,
    0xff, 0xfd, 0xab, 0xff, 0xfe, 0x10, 0x4, 0xff,
    0xf5, 0x0, 0xa, 0xff, 0xfa, 0x0, 0xbf, 0xf8,
    0x0, 0x6, 0xfb, 0xff, 0xf1, 0xe, 0xff, 0x20,
    0x3, 0xfe, 0x1b, 0xff, 0x50, 0xff, 0xf0, 0x1,
    0xef, 0x30, 0x9f, 0xf6, 0xf, 0xff, 0x0, 0xbf,
    0x60, 0x9, 0xff, 0x70, 0xef, 0xf2, 0x8f, 0x90,
    0x0, 0xbf, 0xf5, 0xa, 0xff, 0xbf, 0xc0, 0x0,
    0x1f, 0xff, 0x20, 0x3f, 0xff, 0xf2, 0x0, 0x1c,
    0xff, 0xb0, 0x0, 0x9f, 0xff, 0xda, 0xbf, 0xff,
    0xf2, 0x0, 0x8, 0xff, 0xff, 0xff, 0xff, 0xe3,
    0x0, 0x0, 0xdd, 0x4a, 0xdf, 0xec, 0x70, 0x0,
    0x0, 0x0, 0x20, 0x0, 0x0, 0x0, 0x0, 0x0,

    /* U+00D9 "Ù" */
    0x0, 0x0, 0x0, 0x0, 0x0, 0x0, 0x0, 0x0,
    0x5f, 0xf4, 0x0, 0x0, 0x0, 0x0, 0x0, 0xaf,
    0xb0, 0x0, 0x0, 0x0, 0x0, 0x1, 0xef, 0x20,
    0x0, 0x0, 0x0, 0x0, 0x0, 0x0, 0x0, 0x0,
    0x0, 0x0, 0x0, 0x0, 0x0, 0x0, 0x0, 0xbf,
    0xf4, 0x0, 0x0, 0xa, 0xff, 0x5b, 0xff, 0x40,
    0x0, 0x0, 0xaf, 0xf5, 0xbf, 0xf4, 0x0, 0x0,
    0xa, 0xff, 0x5b, 0xff, 0x40, 0x0, 0x0, 0xaf,
    0xf5, 0xbf, 0xf4, 0x0, 0x0, 0xa, 0xff, 0x5b,
    0xff, 0x40, 0x0, 0x0, 0xaf, 0xf5, 0xbf, 0xf4,
    0x0, 0x0, 0xa, 0xff, 0x5b, 0xff, 0x40, 0x0,
    0x0, 0xaf, 0xf5, 0xaf, 0xf4, 0x0, 0x0, 0xa,
    0xff, 0x59, 0xff, 0x70, 0x0, 0x0, 0xdf, 0xf4,
    0x6f, 0xfe, 0x20, 0x0, 0x7f, 0xff, 0x10, 0xef,
    0xff, 0xba, 0xdf, 0xff, 0x90, 0x3, 0xef, 0xff,
    0xff, 0xff, 0xb0, 0x0, 0x0, 0x7c, 0xef, 0xea,
    0x50, 0x0,

    /* U+00DA "Ú" */
    0x0, 0x0, 0x0, 0x0, 0x0, 0x0, 0x0, 0x0,
    0x0, 0x9, 0xfe, 0x10, 0x0, 0x0, 0x0, 0x1,
    0xff, 0x40, 0x0, 0x0, 0x0, 0x0, 0x8f, 0xa0,
    0x0, 0x0, 0x0, 0x0, 0x0, 0x0, 0x0, 0x0,
    0x0, 0x0, 0x0, 0x0, 0x0, 0x0, 0x0, 0xbf,
    0xf4, 0x0, 0x0, 0xa, 0xff, 0x5b, 0xff, 0x40,
    0x0, 0x0, 0xaf, 0xf5, 0xbf, 0xf4, 0x0, 0x0,
    0xa, 0xff, 0x5b, 0xff, 0x40, 0x0, 0x0, 0xaf,
    0xf5, 0xbf, 0xf4, 0x0, 0x0, 0xa, 0xff, 0x5b,
    0xff, 0x40, 0x0, 0x0, 0xaf, 0xf5, 0xbf, 0xf4,
    0x0, 0x0, 0xa, 0xff, 0x5b, 0xff, 0x40, 0x0,
    0x0, 0xaf, 0xf5, 0xaf, 0xf4, 0x0, 0x0, 0xa,
    0xff, 0x59, 0xff, 0x70, 0x0, 0x0, 0xdf, 0xf4,
    0x6f, 0xfe, 0x20, 0x0, 0x7f, 0xff, 0x10, 0xef,
    0xff, 0xba, 0xdf, 0xff, 0x90, 0x3, 0xef, 0xff,
    0xff, 0xff, 0xb0, 0x0, 0x0, 0x7c, 0xef, 0xea,
    0x50, 0x0,

    /* U+00DB "Û" */
    0x0, 0x0, 0x5f, 0xfd, 0x10, 0x0, 0x0, 0x0,
    0x4f, 0xfa, 0xfc, 0x0, 0x0, 0x0, 0x4f, 0xf5,
    0xb, 0xfc, 0x0, 0x0, 0x0, 0x0, 0x0, 0x0,
    0x0, 0x0, 0x0, 0x0, 0x0, 0x0, 0x0, 0x0,
    0xb, 0xff, 0x40, 0x0, 0x0, 0xaf, 0xf5, 0xbf,
    0xf4, 0x0, 0x0, 0xa, 0xff, 0x5b, 0xff, 0x40,
    0x0, 0x0, 0xaf, 0xf5, 0xbf, 0xf4, 0x0, 0x0,
    0xa, 0xff, 0x5b, 0xff, 0x40, 0x0, 0x0, 0xaf,
    0xf5, 0xbf, 0xf4, 0x0, 0x0, 0xa, 0xff, 0x5b,
    0xff, 0x40, 0x0, 0x0, 0xaf, 0xf5, 0xbf, 0xf4,
    0x0, 0x0, 0xa, 0xff, 0x5a, 0xff, 0x40, 0x0,
    0x0, 0xaf, 0xf5, 0x9f, 0xf7, 0x0, 0x0, 0xd,
    0xff, 0x46, 0xff, 0xe2, 0x0, 0x7, 0xff, 0xf1,
    0xe, 0xff, 0xfb, 0xad, 0xff, 0xf9, 0x0, 0x3e,
    0xff, 0xff, 0xff, 0xfb, 0x0, 0x0, 0x7, 0xce,
    0xfe, 0xa5, 0x0, 0x0,

    /* U+00DC "Ü" */
    0x0, 0xc, 0xe3, 0x8, 0xf8, 0x0, 0x0, 0x4,
    0xff, 0x80, 0xef, 0xe0, 0x0, 0x0, 0xa, 0xb2,
    0x6, 0xc5, 0x0, 0x0, 0x0, 0x0, 0x0, 0x0,
    0x0, 0x0, 0x0, 0x0, 0x0, 0x0, 0x0, 0x0,
    0xb, 0xff, 0x40, 0x0, 0x0, 0xaf, 0xf5, 0xbf,
    0xf4, 0x0, 0x0, 0xa, 0xff, 0x5b, 0xff, 0x40,
    0x0, 0x0, 0xaf, 0xf5, 0xbf, 0xf4, 0x0, 0x0,
    0xa, 0xff, 0x5b, 0xff, 0x40, 0x0, 0x0, 0xaf,
    0xf5, 0xbf, 0xf4, 0x0, 0x0, 0xa, 0xff, 0x5b,
    0xff, 0x40, 0x0, 0x0, 0xaf, 0xf5, 0xbf, 0xf4,
    0x0, 0x0, 0xa, 0xff, 0x5a, 0xff, 0x40, 0x0,
    0x0, 0xaf, 0xf5, 0x9f, 0xf7, 0x0, 0x0, 0xd,
    0xff, 0x46, 0xff, 0xe2, 0x0, 0x7, 0xff, 0xf1,
    0xe, 0xff, 0xfb, 0xad, 0xff, 0xf9, 0x0, 0x3e,
    0xff, 0xff, 0xff, 0xfb, 0x0, 0x0, 0x7, 0xce,
    0xfe, 0xa5, 0x0, 0x0,

    /* U+00DD "Ý" */
    0x0, 0x0, 0x0, 0x9, 0xfe, 0x10, 0x0, 0x0,
    0x0, 0x0, 0x1, 0xff, 0x50, 0x0, 0x0, 0x0,
    0x0, 0x0, 0x8f, 0xa0, 0x0, 0x0, 0x0, 0x0,
    0x0, 0x0, 0x0, 0x0, 0x0, 0x0, 0x0, 0x0,
    0x0, 0x0, 0x0, 0x0, 0x0, 0x3, 0xff, 0xf4,
    0x0, 0x0, 0x9, 0xff, 0xd0, 0x9, 0xff, 0xc0,
    0x0, 0x2, 0xff, 0xf3, 0x0, 0x1e, 0xff, 0x60,
    0x0, 0xbf, 0xf9, 0x0, 0x0, 0x5f, 0xfe, 0x0,
    0x4f, 0xfe, 0x10, 0x0, 0x0, 0xbf, 0xf7, 0xc,
    0xff, 0x60, 0x0, 0x0, 0x2, 0xff, 0xf5, 0xff,
    0xc0, 0x0, 0x0, 0x0, 0x8, 0xff, 0xff, 0xf3,
    0x0, 0x0, 0x0, 0x0, 0xd, 0xff, 0xf9, 0x0,
    0x0, 0x0, 0x0, 0x0, 0x4f, 0xff, 0x10, 0x0,
    0x0, 0x0, 0x0, 0x2, 0xff, 0xd0, 0x0, 0x0,
    0x0, 0x0, 0x0, 0x2f, 0xfd, 0x0, 0x0, 0x0,
    0x0, 0x0, 0x2, 0xff, 0xd0, 0x0, 0x0, 0x0,
    0x0, 0x0, 0x2f, 0xfd, 0x0, 0x0, 0x0, 0x0,
    0x0, 0x2, 0xff, 0xd0, 0x0, 0x0, 0x0,

    /* U+00DE "Þ" */
    0xbf, 0xf4, 0x0, 0x0, 0x0, 0xb, 0xff, 0x40,
    0x0, 0x0, 0x0, 0xbf, 0xff, 0xff, 0xeb, 0x40,
    0xb, 0xff, 0xff, 0xff, 0xff, 0x90, 0xbf, 0xf7,
    0x44, 0x7e, 0xff, 0x5b, 0xff, 0x40, 0x0, 0x4f,
    0xfa, 0xbf, 0xf4, 0x0, 0x0, 0xff, 0xcb, 0xff,
    0x40, 0x0, 0x4f, 0xfa, 0xbf, 0xf7, 0x44, 0x7e,
    0xff, 0x5b, 0xff, 0xff, 0xff, 0xff, 0x90, 0xbf,
    0xff, 0xff, 0xeb, 0x40, 0xb, 0xff, 0x40, 0x0,
    0x0, 0x0, 0xbf, 0xf4, 0x0, 0x0, 0x0, 0xb,
    0xff, 0x40, 0x0, 0x0, 0x0,

    /* U+00DF "ß" */
    0x0, 0x7c, 0xef, 0xea, 0x40, 0x0, 0xc, 0xff,
    0xff, 0xff, 0xf8, 0x0, 0x6f, 0xff, 0xa7, 0xbf,
    0xff, 0x20, 0xaf, 0xf7, 0x0, 0xc, 0xff, 0x50,
    0xbf, 0xf4, 0x0, 0xb, 0xff, 0x30, 0xbf, 0xf4,
    0x4, 0x9f, 0xfa, 0x0, 0xbf, 0xf4, 0x1f, 0xff,
    0xb1, 0x0, 0xbf, 0xf4, 0x1f, 0xff, 0xff, 0x50,
    0xbf, 0xf4, 0x0, 0x6, 0xff, 0xf1, 0xbf, 0xf4,
    0x0, 0x0, 0xaf, 0xf4, 0xbf, 0xf4, 0x0, 0x0,
    0xcf, 0xf5, 0xbf, 0xf4, 0x16, 0x6b, 0xff, 0xf1,
    0xbf, 0xf4, 0x2f, 0xff, 0xff, 0x80, 0xbf, 0xf4,
    0x2f, 0xfe, 0xb5, 0x0,

    /* U+00E0 "à" */
    0x0, 0x0, 0x0, 0x0, 0x0, 0x0, 0x0, 0xdf,
    0xa0, 0x0, 0x0, 0x0, 0x4, 0xff, 0x20, 0x0,
    0x0, 0x0, 0x9, 0xf9, 0x0, 0x0, 0x0, 0x0,
    0x0, 0x0, 0x0, 0x0, 0x2, 0x9d, 0xfe, 0xb5,
    0x0, 0x3, 0xff, 0xff, 0xff, 0xf9, 0x0, 0xdf,
    0xf7, 0x35, 0xef, 0xf2, 0x0, 0x34, 0x0, 0x9,
    0xff, 0x50, 0x0, 0x36, 0x8a, 0xff, 0xf5, 0x3,
    0xdf, 0xff, 0xff, 0xff, 0x51, 0xff, 0xf8, 0x41,
    0x8f, 0xf5, 0x4f, 0xf9, 0x0, 0xa, 0xff, 0x53,
    0xff, 0xd2, 0x17, 0xff, 0xf5, 0xd, 0xff, 0xff,
    0xfb, 0xff, 0x50, 0x1a, 0xef, 0xc5, 0x6f, 0xf5,

    /* U+00E1 "á" */
    0x0, 0x0, 0x0, 0x0, 0x0, 0x0, 0x0, 0x0,
    0x2f, 0xf6, 0x0, 0x0, 0x0, 0x9, 0xfb, 0x0,
    0x0, 0x0, 0x1, 0xff, 0x20, 0x0, 0x0, 0x0,
    0x0, 0x0, 0x0, 0x0, 0x2, 0x9d, 0xfe, 0xb5,
    0x0, 0x3, 0xff, 0xff, 0xff, 0xf9, 0x0, 0xdf,
    0xf7, 0x35, 0xef, 0xf2, 0x0, 0x34, 0x0, 0x9,
    0xff, 0x50, 0x0, 0x36, 0x8a, 0xff, 0xf5, 0x3,
    0xdf, 0xff, 0xff, 0xff, 0x51, 0xff, 0xf8, 0x41,
    0x8f, 0xf5, 0x4f, 0xf9, 0x0, 0xa, 0xff, 0x53,
    0xff, 0xd2, 0x17, 0xff, 0xf5, 0xd, 0xff, 0xff,
    0xfb, 0xff, 0x50, 0x1a, 0xef, 0xc5, 0x6f, 0xf5,

    /* U+00E2 "â" */
    0x0, 0x0, 0x48, 0x71, 0x0, 0x0, 0x0, 0x5f,
    0xff, 0xc0, 0x0, 0x0, 0x4f, 0xf3, 0xaf, 0xb0,
    0x0, 0x7, 0x84, 0x0, 0x78, 0x30, 0x0, 0x0,
    0x0, 0x0, 0x0, 0x0, 0x2, 0x9d, 0xfe, 0xb5,
    0x0, 0x3, 0xff, 0xff, 0xff, 0xf9, 0x0, 0xdf,
    0xf7, 0x35, 0xef, 0xf2, 0x0, 0x34, 0x0, 0x9,
    0xff, 0x50, 0x0, 0x36, 0x8a, 0xff, 0xf5, 0x3,
    0xdf, 0xff, 0xff, 0xff, 0x51, 0xff, 0xf8, 0x41,
    0x8f, 0xf5, 0x4f, 0xf9, 0x0, 0xa, 0xff, 0x53,
    0xff, 0xd2, 0x17, 0xff, 0xf5, 0xd, 0xff, 0xff,
    0xfb, 0xff, 0x50, 0x1a, 0xef, 0xc5, 0x6f, 0xf5,

    /* U+00E3 "ã" */
    0x0, 0x2d, 0xff, 0xff, 0xf0, 0x0, 0x5, 0xaa,
    0xaa, 0x93, 0x0, 0x0, 0x0, 0x0, 0x0, 0x0,
    0x0, 0x2, 0x9d, 0xfe, 0xb5, 0x0, 0x3, 0xff,
    0xff, 0xff, 0xf9, 0x0, 0xdf, 0xf7, 0x35, 0xef,
    0xf2, 0x0, 0x34, 0x0, 0x9, 0xff, 0x50, 0x0,
    0x36, 0x8a, 0xff, 0xf5, 0x3, 0xdf, 0xff, 0xff,
    0xff, 0x51, 0xff, 0xf8, 0x41, 0x8f, 0xf5, 0x4f,
    0xf9, 0x0, 0xa, 0xff, 0x53, 0xff, 0xd2, 0x17,
    0xff, 0xf5, 0xd, 0xff, 0xff, 0xfb, 0xff, 0x50,
    0x1a, 0xef, 0xc5, 0x6f, 0xf5,

    /* U+00E4 "ä" */
    0x0, 0x7f, 0x90, 0x3e, 0xd1, 0x0, 0xd, 0xff,
    0x7, 0xff, 0x50, 0x0, 0x4c, 0x60, 0x1b, 0xa0,
    0x0, 0x0, 0x0, 0x0, 0x0, 0x0, 0x0, 0x29,
    0xdf, 0xeb, 0x50, 0x0, 0x3f, 0xff, 0xff, 0xff,
    0x90, 0xd, 0xff, 0x73, 0x5e, 0xff, 0x20, 0x3,
    0x40, 0x0, 0x9f, 0xf5, 0x0, 0x3, 0x68, 0xaf,
    0xff, 0x50, 0x3d, 0xff, 0xff, 0xff, 0xf5, 0x1f,
    0xff, 0x84, 0x18, 0xff, 0x54, 0xff, 0x90, 0x0,
    0xaf, 0xf5, 0x3f, 0xfd, 0x21, 0x7f, 0xff, 0x50,
    0xdf, 0xff, 0xff, 0xbf, 0xf5, 0x1, 0xae, 0xfc,
    0x56, 0xff, 0x50,

    /* U+00E5 "å" */
    0x0, 0x0, 0x0, 0x0, 0x0, 0x0, 0x0, 0xb,
    0xfe, 0x50, 0x0, 0x0, 0xa, 0xf5, 0xaf, 0x20,
    0x0, 0x0, 0xea, 0x1, 0xf6, 0x0, 0x0, 0xb,
    0xe2, 0x7f, 0x30, 0x0, 0x0, 0x2d, 0xff, 0x80,
    0x0, 0x0, 0x0, 0x3, 0x20, 0x0, 0x0, 0x2,
    0x9d, 0xfe, 0xb5, 0x0, 0x3, 0xff, 0xff, 0xff,
    0xf9, 0x0, 0xdf, 0xf7, 0x35, 0xef, 0xf2, 0x0,
    0x34, 0x0, 0x9, 0xff, 0x50, 0x0, 0x36, 0x8a,
    0xff, 0xf5, 0x3, 0xdf, 0xff, 0xff, 0xff, 0x51,
    0xff, 0xf8, 0x41, 0x8f, 0xf5, 0x4f, 0xf9, 0x0,
    0xa, 0xff, 0x53, 0xff, 0xd2, 0x17, 0xff, 0xf5,
    0xd, 0xff, 0xff, 0xfb, 0xff, 0x50, 0x1a, 0xef,
    0xc5, 0x6f, 0xf5,

    /* U+00E6 "æ" */
    0x0, 0x29, 0xef, 0xeb, 0x22, 0xae, 0xfd, 0x91,
    0x0, 0x4, 0xff, 0xff, 0xff, 0xff, 0xff, 0xff,
    0xfe, 0x20, 0xc, 0xff, 0x73, 0x5e, 0xff, 0xd5,
    0x36, 0xff, 0xd0, 0x0, 0x12, 0x0, 0x9, 0xff,
    0x30, 0x0, 0x8f, 0xf3, 0x0, 0x28, 0xbc, 0xde,
    0xff, 0xdd, 0xdd, 0xef, 0xf6, 0x7, 0xff, 0xff,
    0xff, 0xff, 0xff, 0xff, 0xff, 0xf7, 0x1f, 0xfe,
    0x40, 0x9, 0xff, 0x0, 0x0, 0x0, 0x0, 0x4f,
    0xf8, 0x0, 0xb, 0xff, 0x50, 0x0, 0x47, 0x61,
    0x3f, 0xfe, 0x53, 0xaf, 0xff, 0xe6, 0x36, 0xff,
    0xf1, 0xc, 0xff, 0xff, 0xff, 0x8f, 0xff, 0xff,
    0xff, 0x50, 0x1, 0x9e, 0xfe, 0x92, 0x2, 0xae,
    0xfe, 0xa3, 0x0,

    /* U+00E7 "ç" */
    0x0, 0x5, 0xce, 0xfd, 0x70, 0x0, 0xa, 0xff,
    0xff, 0xff, 0xc0, 0x6, 0xff, 0xe6, 0x5c, 0xff,
    0x80, 0xdf, 0xf4, 0x0, 0xf, 0xea, 0x1f, 0xfe,
    0x0, 0x0, 0x0, 0x2, 0xff, 0xc0, 0x0, 0x0,
    0x0, 0x1f, 0xfd, 0x0, 0x0, 0x0, 0x0, 0xef,
    0xf2, 0x0, 0xc, 0xb7, 0x9, 0xff, 0xc2, 0x8,
    0xff, 0xa0, 0xd, 0xff, 0xff, 0xff, 0xe2, 0x0,
    0x1a, 0xff, 0xff, 0xc3, 0x0, 0x0, 0x0, 0xac,
    0x20, 0x0, 0x0, 0x0, 0x9, 0xde, 0x30, 0x0,
    0x0, 0x0, 0x24, 0xf8, 0x0, 0x0, 0x0, 0x2f,
    0xfd, 0x20, 0x0,

    /* U+00E8 "è" */
    0x0, 0x0, 0x0, 0x0, 0x0, 0x0, 0x0, 0xb,
    0xfe, 0x0, 0x0, 0x0, 0x0, 0x1, 0xef, 0x50,
    0x0, 0x0, 0x0, 0x0, 0x5f, 0xd0, 0x0, 0x0,
    0x0, 0x0, 0x0, 0x0, 0x0, 0x0, 0x0, 0x6,
    0xce, 0xfc, 0x70, 0x0, 0x0, 0xaf, 0xff, 0xff,
    0xfc, 0x0, 0x7, 0xff, 0xb4, 0x4b, 0xff, 0x80,
    0xd, 0xfe, 0x0, 0x0, 0xdf, 0xe0, 0x1f, 0xff,
    0xdd, 0xdd, 0xff, 0xf1, 0x2f, 0xff, 0xff, 0xff,
    0xff, 0xf2, 0x1f, 0xfc, 0x0, 0x0, 0x0, 0x0,
    0xe, 0xff, 0x10, 0x0, 0x64, 0x10, 0x7, 0xff,
    0xd5, 0x39, 0xff, 0xc0, 0x0, 0xbf, 0xff, 0xff,
    0xfe, 0x20, 0x0, 0x6, 0xce, 0xfd, 0x91, 0x0,

    /* U+00E9 "é" */
    0x0, 0x0, 0x0, 0x0, 0x0, 0x0, 0x0, 0x0,
    0x0, 0xef, 0xa0, 0x0, 0x0, 0x0, 0x6, 0xfe,
    0x10, 0x0, 0x0, 0x0, 0xd, 0xf4, 0x0, 0x0,
    0x0, 0x0, 0x0, 0x0, 0x0, 0x0, 0x0, 0x6,
    0xce, 0xfc, 0x70, 0x0, 0x0, 0xaf, 0xff, 0xff,
    0xfc, 0x0, 0x7, 0xff, 0xb4, 0x4b, 0xff, 0x80,
    0xd, 0xfe, 0x0, 0x0, 0xdf, 0xe0, 0x1f, 0xff,
    0xdd, 0xdd, 0xff, 0xf1, 0x2f, 0xff, 0xff, 0xff,
    0xff, 0xf2, 0x1f, 0xfc, 0x0, 0x0, 0x0, 0x0,
    0xe, 0xff, 0x10, 0x0, 0x64, 0x10, 0x7, 0xff,
    0xd5, 0x39, 0xff, 0xc0, 0x0, 0xbf, 0xff, 0xff,
    0xfe, 0x20, 0x0, 0x6, 0xce, 0xfd, 0x91, 0x0,

    /* U+00EA "ê" */
    0x0, 0x0, 0x38, 0x82, 0x0, 0x0, 0x0, 0x2,
    0xef, 0xfe, 0x20, 0x0, 0x0, 0x2e, 0xf6, 0x7f,
    0xe1, 0x0, 0x0, 0x68, 0x60, 0x6, 0x85, 0x0,
    0x0, 0x0, 0x0, 0x0, 0x0, 0x0, 0x0, 0x6,
    0xce, 0xfc, 0x70, 0x0, 0x0, 0xaf, 0xff, 0xff,
    0xfc, 0x0, 0x7, 0xff, 0xb4, 0x4b, 0xff, 0x80,
    0xd, 0xfe, 0x0, 0x0, 0xdf, 0xe0, 0x1f, 0xff,
    0xdd, 0xdd, 0xff, 0xf1, 0x2f, 0xff, 0xff, 0xff,
    0xff, 0xf2, 0x1f, 0xfc, 0x0, 0x0, 0x0, 0x0,
    0xe, 0xff, 0x10, 0x0, 0x64, 0x10, 0x7, 0xff,
    0xd5, 0x39, 0xff, 0xc0, 0x0, 0xbf, 0xff, 0xff,
    0xfe, 0x20, 0x0, 0x6, 0xce, 0xfd, 0x91, 0x0,

    /* U+00EB "ë" */
    0x0, 0x4e, 0xc0, 0xc, 0xe3, 0x0, 0x0, 0x9f,
    0xf3, 0x4f, 0xf9, 0x0, 0x0, 0x2b, 0x90, 0x9,
    0xb2, 0x0, 0x0, 0x0, 0x0, 0x0, 0x0, 0x0,
    0x0, 0x6, 0xce, 0xfc, 0x70, 0x0, 0x0, 0xaf,
    0xff, 0xff, 0xfc, 0x0, 0x7, 0xff, 0xb4, 0x4b,
    0xff, 0x80, 0xd, 0xfe, 0x0, 0x0, 0xdf, 0xe0,
    0x1f, 0xff, 0xdd, 0xdd, 0xff, 0xf1, 0x2f, 0xff,
    0xff, 0xff, 0xff, 0xf2, 0x1f, 0xfc, 0x0, 0x0,
    0x0, 0x0, 0xe, 0xff, 0x10, 0x0, 0x64, 0x10,
    0x7, 0xff, 0xd5, 0x39, 0xff, 0xc0, 0x0, 0xbf,
    0xff, 0xff, 0xfe, 0x20, 0x0, 0x6, 0xce, 0xfd,
    0x91, 0x0,

    /* U+00EC "ì" */
    0x0, 0x0, 0x0, 0x1e, 0xfa, 0x0, 0x4, 0xff,
    0x10, 0x0, 0xaf, 0x80, 0x0, 0x0, 0x0, 0x0,
    0xcf, 0xf3, 0x0, 0xcf, 0xf3, 0x0, 0xcf, 0xf3,
    0x0, 0xcf, 0xf3, 0x0, 0xcf, 0xf3, 0x0, 0xcf,
    0xf3, 0x0, 0xcf, 0xf3, 0x0, 0xcf, 0xf3, 0x0,
    0xcf, 0xf3, 0x0, 0xcf, 0xf3, 0x0, 0xcf, 0xf3,

    /* U+00ED "í" */
    0x0, 0x0, 0x0, 0x3f, 0xf5, 0xa, 0xfb, 0x2,
    0xfe, 0x10, 0x0, 0x0, 0xc, 0xff, 0x30, 0xcf,
    0xf3, 0xc, 0xff, 0x30, 0xcf, 0xf3, 0xc, 0xff,
    0x30, 0xcf, 0xf3, 0xc, 0xff, 0x30, 0xcf, 0xf3,
    0xc, 0xff, 0x30, 0xcf, 0xf3, 0xc, 0xff, 0x30,

    /* U+00EE "î" */
    0x0, 0x5, 0x87, 0x0, 0x0, 0x6, 0xff, 0xfb,
    0x0, 0x5, 0xff, 0x3b, 0xfb, 0x0, 0x78, 0x40,
    0x7, 0x83, 0x0, 0x0, 0x0, 0x0, 0x0, 0x0,
    0xcf, 0xf3, 0x0, 0x0, 0xc, 0xff, 0x30, 0x0,
    0x0, 0xcf, 0xf3, 0x0, 0x0, 0xc, 0xff, 0x30,
    0x0, 0x0, 0xcf, 0xf3, 0x0, 0x0, 0xc, 0xff,
    0x30, 0x0, 0x0, 0xcf, 0xf3, 0x0, 0x0, 0xc,
    0xff, 0x30, 0x0, 0x0, 0xcf, 0xf3, 0x0, 0x0,
    0xc, 0xff, 0x30, 0x0, 0x0, 0xcf, 0xf3, 0x0,

    /* U+00EF "ï" */
    0x7f, 0x90, 0x3e, 0xc1, 0xdf, 0xf0, 0x8f, 0xf4,
    0x5c, 0x60, 0x2b, 0x90, 0x0, 0x0, 0x0, 0x0,
    0x0, 0xcf, 0xf3, 0x0, 0x0, 0xcf, 0xf3, 0x0,
    0x0, 0xcf, 0xf3, 0x0, 0x0, 0xcf, 0xf3, 0x0,
    0x0, 0xcf, 0xf3, 0x0, 0x0, 0xcf, 0xf3, 0x0,
    0x0, 0xcf, 0xf3, 0x0, 0x0, 0xcf, 0xf3, 0x0,
    0x0, 0xcf, 0xf3, 0x0, 0x0, 0xcf, 0xf3, 0x0,
    0x0, 0xcf, 0xf3, 0x0,

    /* U+00F0 "ð" */
    0x0, 0x0, 0x0, 0x0, 0x0, 0x0, 0x0, 0x4f,
    0xa2, 0x2, 0x92, 0x0, 0x0, 0x3d, 0xff, 0xbf,
    0xd2, 0x0, 0x0, 0x2, 0xdf, 0xfe, 0x10, 0x0,
    0x0, 0x5f, 0xd6, 0xef, 0xd1, 0x0, 0x0, 0x35,
    0x0, 0x1e, 0xfb, 0x0, 0x0, 0x19, 0xef, 0xb7,
    0xff, 0x40, 0x1, 0xef, 0xfe, 0xef, 0xff, 0xa0,
    0xa, 0xff, 0x70, 0x6, 0xff, 0xf0, 0xf, 0xfd,
    0x0, 0x0, 0xcf, 0xf1, 0x2f, 0xfa, 0x0, 0x0,
    0x9f, 0xf2, 0x2f, 0xfa, 0x0, 0x0, 0x9f, 0xf1,
    0xf, 0xfe, 0x10, 0x0, 0xef, 0xd0, 0x9, 0xff,
    0xc5, 0x5c, 0xff, 0x60, 0x0, 0xcf, 0xff, 0xff,
    0xfa, 0x0, 0x0, 0x7, 0xcf, 0xfc, 0x60, 0x0,

    /* U+00F1 "ñ" */
    0x0, 0x8f, 0xff, 0xff, 0x70, 0x0, 0xa, 0xaa,
    0xa9, 0x70, 0x0, 0x0, 0x0, 0x0, 0x0, 0x0,
    0xc, 0xff, 0x7, 0xdf, 0xd6, 0x0, 0xcf, 0xf8,
    0xff, 0xff, 0xf7, 0xc, 0xff, 0xf7, 0x5b, 0xff,
    0xe0, 0xcf, 0xf7, 0x0, 0xe, 0xff, 0x2c, 0xff,
    0x30, 0x0, 0xcf, 0xf3, 0xcf, 0xf3, 0x0, 0xb,
    0xff, 0x3c, 0xff, 0x30, 0x0, 0xbf, 0xf3, 0xcf,
    0xf3, 0x0, 0xb, 0xff, 0x3c, 0xff, 0x30, 0x0,
    0xbf, 0xf3, 0xcf, 0xf3, 0x0, 0xb, 0xff, 0x3c,
    0xff, 0x30, 0x0, 0xbf, 0xf3,

    /* U+00F2 "ò" */
    0x0, 0x0, 0x0, 0x0, 0x0, 0x0, 0x0, 0x8,
    0xff, 0x10, 0x0, 0x0, 0x0, 0x0, 0xdf, 0x80,
    0x0, 0x0, 0x0, 0x0, 0x3f, 0xe0, 0x0, 0x0,
    0x0, 0x0, 0x0, 0x0, 0x0, 0x0, 0x0, 0x5,
    0xce, 0xfd, 0x70, 0x0, 0x0, 0xaf, 0xff, 0xff,
    0xfd, 0x10, 0x7, 0xff, 0xe6, 0x5c, 0xff, 0xb0,
    0xd, 0xff, 0x30, 0x0, 0xef, 0xf2, 0x1f, 0xfe,
    0x0, 0x0, 0x9f, 0xf5, 0x2f, 0xfc, 0x0, 0x0,
    0x8f, 0xf7, 0x1f, 0xfe, 0x0, 0x0, 0x9f, 0xf5,
    0xe, 0xff, 0x30, 0x0, 0xef, 0xf2, 0x7, 0xff,
    0xe6, 0x5c, 0xff, 0xb0, 0x0, 0xaf, 0xff, 0xff,
    0xfd, 0x10, 0x0, 0x6, 0xce, 0xfd, 0x70, 0x0,

    /* U+00F3 "ó" */
    0x0, 0x0, 0x0, 0x0, 0x0, 0x0, 0x0, 0x0,
    0x0, 0xcf, 0xc0, 0x0, 0x0, 0x0, 0x4, 0xff,
    0x20, 0x0, 0x0, 0x0, 0xb, 0xf7, 0x0, 0x0,
    0x0, 0x0, 0x0, 0x0, 0x0, 0x0, 0x0, 0x5,
    0xce, 0xfd, 0x70, 0x0, 0x0, 0xaf, 0xff, 0xff,
    0xfd, 0x10, 0x7, 0xff, 0xe6, 0x5c, 0xff, 0xb0,
    0xd, 0xff, 0x30, 0x0, 0xef, 0xf2, 0x1f, 0xfe,
    0x0, 0x0, 0x9f, 0xf5, 0x2f, 0xfc, 0x0, 0x0,
    0x8f, 0xf7, 0x1f, 0xfe, 0x0, 0x0, 0x9f, 0xf5,
    0xe, 0xff, 0x30, 0x0, 0xef, 0xf2, 0x7, 0xff,
    0xe6, 0x5c, 0xff, 0xb0, 0x0, 0xaf, 0xff, 0xff,
    0xfd, 0x10, 0x0, 0x6, 0xce, 0xfd, 0x70, 0x0,

    /* U+00F4 "ô" */
    0x0, 0x0, 0x17, 0x83, 0x0, 0x0, 0x0, 0x1,
    0xdf, 0xff, 0x30, 0x0, 0x0, 0x1d, 0xf9, 0x4f,
    0xf3, 0x0, 0x0, 0x58, 0x70, 0x5, 0x86, 0x0,
    0x0, 0x0, 0x0, 0x0, 0x0, 0x0, 0x0, 0x5,
    0xce, 0xfd, 0x70, 0x0, 0x0, 0xaf, 0xff, 0xff,
    0xfd, 0x10, 0x7, 0xff, 0xe6, 0x5c, 0xff, 0xb0,
    0xd, 0xff, 0x30, 0x0, 0xef, 0xf2, 0x1f, 0xfe,
    0x0, 0x0, 0x9f, 0xf5, 0x2f, 0xfc, 0x0, 0x0,
    0x8f, 0xf7, 0x1f, 0xfe, 0x0, 0x0, 0x9f, 0xf5,
    0xe, 0xff, 0x30, 0x0, 0xef, 0xf2, 0x7, 0xff,
    0xe6, 0x5c, 0xff, 0xb0, 0x0, 0xaf, 0xff, 0xff,
    0xfd, 0x10, 0x0, 0x6, 0xce, 0xfd, 0x70, 0x0,

    /* U+00F5 "õ" */
    0x0, 0xa, 0xff, 0xff, 0xf5, 0x0, 0x0, 0x1a,
    0xaa, 0xa9, 0x60, 0x0, 0x0, 0x0, 0x0, 0x0,
    0x0, 0x0, 0x0, 0x5, 0xce, 0xfd, 0x70, 0x0,
    0x0, 0xaf, 0xff, 0xff, 0xfd, 0x10, 0x7, 0xff,
    0xe6, 0x5c, 0xff, 0xb0, 0xd, 0xff, 0x30, 0x0,
    0xef, 0xf2, 0x1f, 0xfe, 0x0, 0x0, 0x9f, 0xf5,
    0x2f, 0xfc, 0x0, 0x0, 0x8f, 0xf7, 0x1f, 0xfe,
    0x0, 0x0, 0x9f, 0xf5, 0xe, 0xff, 0x30, 0x0,
    0xef, 0xf2, 0x7, 0xff, 0xe6, 0x5c, 0xff, 0xb0,
    0x0, 0xaf, 0xff, 0xff, 0xfd, 0x10, 0x0, 0x6,
    0xce, 0xfd, 0x70, 0x0,

    /* U+00F6 "ö" */
    0x0, 0x2e, 0xd1, 0xb, 0xf5, 0x0, 0x0, 0x7f,
    0xf5, 0x1f, 0xfb, 0x0, 0x0, 0x1b, 0xa0, 0x8,
    0xc3, 0x0, 0x0, 0x0, 0x0, 0x0, 0x0, 0x0,
    0x0, 0x5, 0xce, 0xfd, 0x70, 0x0, 0x0, 0xaf,
    0xff, 0xff, 0xfd, 0x10, 0x7, 0xff, 0xe6, 0x5c,
    0xff, 0xb0, 0xd, 0xff, 0x30, 0x0, 0xef, 0xf2,
    0x1f, 0xfe, 0x0, 0x0, 0x9f, 0xf5, 0x2f, 0xfc,
    0x0, 0x0, 0x8f, 0xf7, 0x1f, 0xfe, 0x0, 0x0,
    0x9f, 0xf5, 0xe, 0xff, 0x30, 0x0, 0xef, 0xf2,
    0x7, 0xff, 0xe6, 0x5c, 0xff, 0xb0, 0x0, 0xaf,
    0xff, 0xff, 0xfd, 0x10, 0x0, 0x6, 0xce, 0xfd,
    0x70, 0x0,

    /* U+00F7 "÷" */
    0x0, 0x0, 0x5e, 0xc1, 0x0, 0x0, 0x0, 0xd,
    0xff, 0x60, 0x0, 0x0, 0x0, 0x9f, 0xf3, 0x0,
    0x0, 0x0, 0x0, 0x42, 0x0, 0x0, 0x2f, 0xff,
    0xff, 0xff, 0xff, 0xb2, 0xff, 0xff, 0xff, 0xff,
    0xfb, 0x5, 0x55, 0x55, 0x55, 0x55, 0x40, 0x0,
    0x0, 0x42, 0x0, 0x0, 0x0, 0x0, 0x9f, 0xf3,
    0x0, 0x0, 0x0, 0xd, 0xff, 0x60, 0x0, 0x0,
    0x0, 0x5e, 0xc1, 0x0, 0x0,

    /* U+00F8 "ø" */
    0x0, 0x0, 0x0, 0x0, 0x0, 0x10, 0x0, 0x5,
    0xce, 0xfd, 0x75, 0xf3, 0x0, 0xaf, 0xff, 0xff,
    0xff, 0xa0, 0x7, 0xff, 0xe6, 0x5c, 0xff, 0xb0,
    0xd, 0xff, 0x40, 0x1d, 0xff, 0xf2, 0x1f, 0xfe,
    0x0, 0xcd, 0xbf, 0xf5, 0x2f, 0xfc, 0xb, 0xe1,
    0x8f, 0xf7, 0x1f, 0xfe, 0x9e, 0x20, 0x9f, 0xf5,
    0xd, 0xff, 0xf3, 0x0, 0xef, 0xf2, 0x6, 0xff,
    0xe6, 0x5c, 0xff, 0xb0, 0x7, 0xff, 0xff, 0xff,
    0xfd, 0x10, 0xd, 0x75, 0xce, 0xfd, 0x70, 0x0,
    0x0, 0x0, 0x0, 0x0, 0x0, 0x0,

    /* U+00F9 "ù" */
    0x0, 0x0, 0x0, 0x0, 0x0, 0x0, 0x7, 0xff,
    0x20, 0x0, 0x0, 0x0, 0xc, 0xf9, 0x0, 0x0,
    0x0, 0x0, 0x2f, 0xf1, 0x0, 0x0, 0x0, 0x0,
    0x0, 0x0, 0x0, 0xc, 0xff, 0x30, 0x0, 0xbf,
    0xf3, 0xcf, 0xf3, 0x0, 0xb, 0xff, 0x3c, 0xff,
    0x30, 0x0, 0xbf, 0xf3, 0xcf, 0xf3, 0x0, 0xb,
    0xff, 0x3c, 0xff, 0x30, 0x0, 0xbf, 0xf3, 0xcf,
    0xf3, 0x0, 0xb, 0xff, 0x3b, 0xff, 0x30, 0x0,
    0xcf, 0xf3, 0xbf, 0xf7, 0x0, 0x1f, 0xff, 0x37,
    0xff, 0xf9, 0x7d, 0xff, 0xf3, 0x1e, 0xff, 0xff,
    0xd9, 0xff, 0x30, 0x2b, 0xfe, 0xa1, 0x9f, 0xf3,

    /* U+00FA "ú" */
    0x0, 0x0, 0x0, 0x0, 0x0, 0x0, 0x0, 0x0,
    0xbf, 0xd0, 0x0, 0x0, 0x0, 0x2f, 0xf3, 0x0,
    0x0, 0x0, 0x9, 0xf8, 0x0, 0x0, 0x0, 0x0,
    0x0, 0x0, 0x0, 0xc, 0xff, 0x30, 0x0, 0xbf,
    0xf3, 0xcf, 0xf3, 0x0, 0xb, 0xff, 0x3c, 0xff,
    0x30, 0x0, 0xbf, 0xf3, 0xcf, 0xf3, 0x0, 0xb,
    0xff, 0x3c, 0xff, 0x30, 0x0, 0xbf, 0xf3, 0xcf,
    0xf3, 0x0, 0xb, 0xff, 0x3b, 0xff, 0x30, 0x0,
    0xcf, 0xf3, 0xbf, 0xf7, 0x0, 0x1f, 0xff, 0x37,
    0xff, 0xf9, 0x7d, 0xff, 0xf3, 0x1e, 0xff, 0xff,
    0xd9, 0xff, 0x30, 0x2b, 0xfe, 0xa1, 0x9f, 0xf3,

    /* U+00FB "û" */
    0x0, 0x1, 0x78, 0x40, 0x0, 0x0, 0x0, 0xcf,
    0xff, 0x40, 0x0, 0x0, 0xcf, 0xa3, 0xff, 0x40,
    0x0, 0x48, 0x70, 0x4, 0x87, 0x0, 0x0, 0x0,
    0x0, 0x0, 0x0, 0xc, 0xff, 0x30, 0x0, 0xbf,
    0xf3, 0xcf, 0xf3, 0x0, 0xb, 0xff, 0x3c, 0xff,
    0x30, 0x0, 0xbf, 0xf3, 0xcf, 0xf3, 0x0, 0xb,
    0xff, 0x3c, 0xff, 0x30, 0x0, 0xbf, 0xf3, 0xcf,
    0xf3, 0x0, 0xb, 0xff, 0x3b, 0xff, 0x30, 0x0,
    0xcf, 0xf3, 0xbf, 0xf7, 0x0, 0x1f, 0xff, 0x37,
    0xff, 0xf9, 0x7d, 0xff, 0xf3, 0x1e, 0xff, 0xff,
    0xd9, 0xff, 0x30, 0x2b, 0xfe, 0xa1, 0x9f, 0xf3,

    /* U+00FC "ü" */
    0x1, 0xde, 0x20, 0x9f, 0x60, 0x0, 0x5f, 0xf7,
    0xf, 0xfc, 0x0, 0x0, 0xab, 0x10, 0x7c, 0x40,
    0x0, 0x0, 0x0, 0x0, 0x0, 0x0, 0xcf, 0xf3,
    0x0, 0xb, 0xff, 0x3c, 0xff, 0x30, 0x0, 0xbf,
    0xf3, 0xcf, 0xf3, 0x0, 0xb, 0xff, 0x3c, 0xff,
    0x30, 0x0, 0xbf, 0xf3, 0xcf, 0xf3, 0x0, 0xb,
    0xff, 0x3c, 0xff, 0x30, 0x0, 0xbf, 0xf3, 0xbf,
    0xf3, 0x0, 0xc, 0xff, 0x3b, 0xff, 0x70, 0x1,
    0xff, 0xf3, 0x7f, 0xff, 0x97, 0xdf, 0xff, 0x31,
    0xef, 0xff, 0xfd, 0x9f, 0xf3, 0x2, 0xbf, 0xea,
    0x19, 0xff, 0x30,

    /* U+00FD "ý" */
    0x0, 0x0, 0x0, 0x0, 0x0, 0x0, 0x0, 0x0,
    0x0, 0xdf, 0xb0, 0x0, 0x0, 0x0, 0x5, 0xfe,
    0x10, 0x0, 0x0, 0x0, 0xc, 0xf5, 0x0, 0x0,
    0x0, 0x0, 0x0, 0x0, 0x0, 0x0, 0x8f, 0xf9,
    0x0, 0x0, 0x8f, 0xf8, 0x2f, 0xfe, 0x0, 0x0,
    0xdf, 0xf2, 0xc, 0xff, 0x30, 0x3, 0xff, 0xc0,
    0x6, 0xff, 0x80, 0x8, 0xff, 0x60, 0x0, 0xff,
    0xe0, 0xd, 0xff, 0x0, 0x0, 0xaf, 0xf3, 0x3f,
    0xfa, 0x0, 0x0, 0x4f, 0xf7, 0x8f, 0xf3, 0x0,
    0x0, 0xd, 0xfb, 0xcf, 0xd0, 0x0, 0x0, 0x7,
    0xff, 0xff, 0x70, 0x0, 0x0, 0x2, 0xff, 0xff,
    0x10, 0x0, 0x0, 0x0, 0xbf, 0xfb, 0x0, 0x0,
    0x0, 0x0, 0xbf, 0xf5, 0x0, 0x0, 0x1, 0x67,
    0xff, 0xd0, 0x0, 0x0, 0x7, 0xff, 0xff, 0x40,
    0x0, 0x0, 0x9, 0xff, 0xc4, 0x0, 0x0, 0x0,

    /* U+00FE "þ" */
    0xcf, 0xf3, 0x0, 0x0, 0x0, 0xc, 0xff, 0x30,
    0x0, 0x0, 0x0, 0xcf, 0xf3, 0x0, 0x0, 0x0,
    0xc, 0xff, 0x36, 0xef, 0xd6, 0x0, 0xcf, 0xf9,
    0xff, 0xff, 0xf8, 0xc, 0xff, 0xf9, 0x6a, 0xff,
    0xf3, 0xcf, 0xf9, 0x0, 0xa, 0xff, 0x8c, 0xff,
    0x30, 0x0, 0x4f, 0xfb, 0xcf, 0xf2, 0x0, 0x3,
    0xff, 0xcc, 0xff, 0x30, 0x0, 0x4f, 0xfb, 0xcf,
    0xf9, 0x0, 0xa, 0xff, 0x8c, 0xff, 0xf9, 0x6a,
    0xff, 0xf2, 0xcf, 0xfa, 0xff, 0xff, 0xf8, 0xc,
    0xff, 0x36, 0xef, 0xd6, 0x0, 0xcf, 0xf3, 0x0,
    0x0, 0x0, 0xc, 0xff, 0x30, 0x0, 0x0, 0x0,
    0xcf, 0xf3, 0x0, 0x0, 0x0, 0xc, 0xff, 0x30,
    0x0, 0x0, 0x0,

    /* U+00FF "ÿ" */
    0x0, 0x3e, 0xc1, 0xc, 0xe4, 0x0, 0x0, 0x8f,
    0xf4, 0x3f, 0xf9, 0x0, 0x0, 0x2b, 0x90, 0x9,
    0xb2, 0x0, 0x0, 0x0, 0x0, 0x0, 0x0, 0x0,
    0x8f, 0xf9, 0x0, 0x0, 0x8f, 0xf8, 0x2f, 0xfe,
    0x0, 0x0, 0xdf, 0xf2, 0xc, 0xff, 0x30, 0x3,
    0xff, 0xc0, 0x6, 0xff, 0x80, 0x8, 0xff, 0x60,
    0x0, 0xff, 0xe0, 0xd, 0xff, 0x0, 0x0, 0xaf,
    0xf3, 0x3f, 0xfa, 0x0, 0x0, 0x4f, 0xf7, 0x8f,
    0xf3, 0x0, 0x0, 0xd, 0xfb, 0xcf, 0xd0, 0x0,
    0x0, 0x7, 0xff, 0xff, 0x70, 0x0, 0x0, 0x2,
    0xff, 0xff, 0x10, 0x0, 0x0, 0x0, 0xbf, 0xfb,
    0x0, 0x0, 0x0, 0x0, 0xbf, 0xf5, 0x0, 0x0,
    0x1, 0x67, 0xff, 0xd0, 0x0, 0x0, 0x7, 0xff,
    0xff, 0x40, 0x0, 0x0, 0x9, 0xff, 0xc4, 0x0,
    0x0, 0x0,

    /* U+0102 "Ă" */
    0x0, 0x0, 0xcd, 0x0, 0x1e, 0xb0, 0x0, 0x0,
    0x0, 0x8, 0xfc, 0x8d, 0xf6, 0x0, 0x0, 0x0,
    0x0, 0x8, 0xff, 0xe7, 0x0, 0x0, 0x0, 0x0,
    0x0, 0x0, 0x10, 0x0, 0x0, 0x0, 0x0, 0x0,
    0x5, 0x88, 0x83, 0x0, 0x0, 0x0, 0x0, 0x0,
    0xef, 0xff, 0xb0, 0x0, 0x0, 0x0, 0x0, 0x3f,
    0xff, 0xff, 0x10, 0x0, 0x0, 0x0, 0x9, 0xff,
    0xaf, 0xf6, 0x0, 0x0, 0x0, 0x0, 0xef, 0xf3,
    0xff, 0xc0, 0x0, 0x0, 0x0, 0x4f, 0xfb, 0xe,
    0xff, 0x20, 0x0, 0x0, 0x9, 0xff, 0x70, 0xaf,
    0xf7, 0x0, 0x0, 0x0, 0xef, 0xf2, 0x5, 0xff,
    0xd0, 0x0, 0x0, 0x4f, 0xfd, 0x0, 0xf, 0xff,
    0x20, 0x0, 0xa, 0xff, 0xeb, 0xbb, 0xff, 0xf8,
    0x0, 0x0, 0xff, 0xff, 0xff, 0xff, 0xff, 0xd0,
    0x0, 0x5f, 0xfe, 0xaa, 0xaa, 0xaf, 0xff, 0x30,
    0xa, 0xff, 0x90, 0x0, 0x0, 0xbf, 0xf9, 0x0,
    0xff, 0xf3, 0x0, 0x0, 0x5, 0xff, 0xe0, 0x5f,
    0xfe, 0x0, 0x0, 0x0, 0xf, 0xff, 0x40,

    /* U+0103 "ă" */
    0x0, 0x24, 0x0, 0x2, 0x40, 0x0, 0x7, 0xf7,
    0x1, 0xdf, 0x0, 0x0, 0x1d, 0xfe, 0xff, 0x60,
    0x0, 0x0, 0x18, 0xba, 0x40, 0x0, 0x0, 0x0,
    0x0, 0x0, 0x0, 0x0, 0x2, 0xae, 0xff, 0xc5,
    0x0, 0x3, 0xff, 0xff, 0xff, 0xf9, 0x0, 0xdf,
    0xf7, 0x24, 0xef, 0xf2, 0x0, 0x34, 0x0, 0x9,
    0xff, 0x50, 0x0, 0x25, 0x7a, 0xff, 0xf5, 0x3,
    0xcf, 0xff, 0xff, 0xff, 0x50, 0xef, 0xfa, 0x63,
    0x8f, 0xf5, 0x4f, 0xf9, 0x0, 0x9, 0xff, 0x54,
    0xff, 0xb0, 0x4, 0xff, 0xf5, 0xe, 0xff, 0xfe,
    0xfd, 0xff, 0x50, 0x3d, 0xff, 0xf8, 0x6f, 0xf5,
    0x0, 0x2, 0x20, 0x0, 0x0, 0x0,

    /* U+0110 "Đ" */
    0x0, 0x88, 0x88, 0x88, 0x63, 0x0, 0x0, 0x0,
    0xe, 0xff, 0xff, 0xff, 0xfd, 0x40, 0x0, 0x0,
    0xef, 0xff, 0xff, 0xff, 0xff, 0x60, 0x0, 0xe,
    0xff, 0x0, 0x3, 0xaf, 0xff, 0x30, 0x0, 0xef,
    0xf0, 0x0, 0x0, 0x8f, 0xfa, 0x0, 0xe, 0xff,
    0x0, 0x0, 0x0, 0xff, 0xf0, 0x34, 0xff, 0xf4,
    0x44, 0x0, 0xc, 0xff, 0x2c, 0xff, 0xff, 0xff,
    0xf2, 0x0, 0xbf, 0xf4, 0x9b, 0xff, 0xfb, 0xbb,
    0x10, 0xc, 0xff, 0x30, 0xe, 0xff, 0x0, 0x0,
    0x0, 0xef, 0xf1, 0x0, 0xef, 0xf0, 0x0, 0x0,
    0x4f, 0xfd, 0x0, 0xe, 0xff, 0x0, 0x0, 0x2e,
    0xff, 0x70, 0x0, 0xef, 0xf9, 0x99, 0xcf, 0xff,
    0xc0, 0x0, 0xe, 0xff, 0xff, 0xff, 0xff, 0xb1,
    0x0, 0x0, 0xef, 0xff, 0xff, 0xda, 0x40, 0x0,
    0x0,

    /* U+0111 "đ" */
    0x0, 0x0, 0x0, 0x0, 0x58, 0x83, 0x0, 0x0,
    0x0, 0x49, 0x9d, 0xff, 0xb5, 0x0, 0x0, 0x7,
    0xff, 0xff, 0xff, 0x90, 0x0, 0x0, 0x12, 0x2a,
    0xff, 0x71, 0x0, 0x1a, 0xff, 0xd3, 0x9f, 0xf5,
    0x0, 0x1e, 0xff, 0xff, 0xfb, 0xff, 0x50, 0x9,
    0xff, 0xe6, 0x5c, 0xff, 0xf5, 0x0, 0xef, 0xf4,
    0x0, 0xe, 0xff, 0x50, 0x1f, 0xfe, 0x0, 0x0,
    0xaf, 0xf5, 0x2, 0xff, 0xd0, 0x0, 0x8, 0xff,
    0x50, 0x2f, 0xfe, 0x0, 0x0, 0x9f, 0xf5, 0x0,
    0xff, 0xf3, 0x0, 0xe, 0xff, 0x50, 0xa, 0xff,
    0xd4, 0x3b, 0xff, 0xf5, 0x0, 0x2f, 0xff, 0xff,
    0xfb, 0xff, 0x50, 0x0, 0x2c, 0xff, 0xe5, 0x8f,
    0xf5, 0x0, 0x0, 0x1, 0x20, 0x0, 0x0, 0x0,

    /* U+01A0 "Ơ" */
    0x0, 0x0, 0x0, 0x0, 0x0, 0x0, 0x99, 0x50,
    0x0, 0x0, 0x0, 0x0, 0x0, 0xf, 0xf9, 0x0,
    0x0, 0x5, 0x9b, 0xba, 0x99, 0xff, 0x80, 0x0,
    0x4e, 0xff, 0xff, 0xff, 0xff, 0xf3, 0x0, 0x5f,
    0xff, 0xff, 0xff, 0xff, 0xe1, 0x0, 0x1e, 0xff,
    0xa2, 0x0, 0x6f, 0xff, 0x70, 0x7, 0xff, 0xc0,
    0x0, 0x0, 0x5f, 0xfe, 0x0, 0xdf, 0xf4, 0x0,
    0x0, 0x0, 0xef, 0xf3, 0xf, 0xff, 0x0, 0x0,
    0x0, 0xa, 0xff, 0x50, 0xff, 0xf0, 0x0, 0x0,
    0x0, 0x8f, 0xf7, 0xf, 0xff, 0x0, 0x0, 0x0,
    0x9, 0xff, 0x60, 0xef, 0xf2, 0x0, 0x0, 0x0,
    0xcf, 0xf5, 0xa, 0xff, 0x80, 0x0, 0x0, 0x1f,
    0xff, 0x10, 0x4f, 0xff, 0x30, 0x0, 0xb, 0xff,
    0xa0, 0x0, 0xaf, 0xff, 0xa7, 0x8e, 0xff, 0xf2,
    0x0, 0x0, 0xbf, 0xff, 0xff, 0xff, 0xe4, 0x0,
    0x0, 0x0, 0x6d, 0xff, 0xff, 0x92, 0x0, 0x0,
    0x0, 0x0, 0x0, 0x21, 0x0, 0x0, 0x0,

    /* U+01A1 "ơ" */
    0x0, 0x0, 0x0, 0x0, 0x1, 0x55, 0x0, 0x0,
    0x0, 0x0, 0x0, 0x4f, 0xf0, 0x0, 0x0, 0x0,
    0x0, 0x5, 0xff, 0x0, 0x0, 0x6d, 0xff, 0xff,
    0xff, 0xb0, 0x0, 0xbf, 0xff, 0xff, 0xff, 0x70,
    0x0, 0x7f, 0xfe, 0x64, 0xcf, 0xfb, 0x0, 0xd,
    0xff, 0x30, 0x0, 0xef, 0xf2, 0x1, 0xff, 0xe0,
    0x0, 0x9, 0xff, 0x50, 0x2f, 0xfc, 0x0, 0x0,
    0x8f, 0xf7, 0x1, 0xff, 0xd0, 0x0, 0x9, 0xff,
    0x50, 0xe, 0xff, 0x20, 0x0, 0xdf, 0xf2, 0x0,
    0x8f, 0xfc, 0x32, 0xaf, 0xfc, 0x0, 0x0, 0xdf,
    0xff, 0xff, 0xff, 0x20, 0x0, 0x0, 0x9f, 0xff,
    0xfb, 0x20, 0x0, 0x0, 0x0, 0x2, 0x20, 0x0,
    0x0, 0x0,

    /* U+01AF "Ư" */
    0x0, 0x0, 0x0, 0x0, 0x0, 0x5, 0x99, 0x0,
    0x0, 0x0, 0x0, 0x0, 0x0, 0x9f, 0xf0, 0x68,
    0x82, 0x0, 0x0, 0x5, 0x8d, 0xff, 0xb, 0xff,
    0x40, 0x0, 0x0, 0xaf, 0xff, 0xa0, 0xbf, 0xf4,
    0x0, 0x0, 0xa, 0xff, 0x70, 0xb, 0xff, 0x40,
    0x0, 0x0, 0xaf, 0xf5, 0x0, 0xbf, 0xf4, 0x0,
    0x0, 0xa, 0xff, 0x50, 0xb, 0xff, 0x40, 0x0,
    0x0, 0xaf, 0xf5, 0x0, 0xbf, 0xf4, 0x0, 0x0,
    0xa, 0xff, 0x50, 0xb, 0xff, 0x40, 0x0, 0x0,
    0xaf, 0xf5, 0x0, 0xbf, 0xf4, 0x0, 0x0, 0xa,
    0xff, 0x50, 0xa, 0xff, 0x40, 0x0, 0x0, 0xaf,
    0xf5, 0x0, 0x9f, 0xf7, 0x0, 0x0, 0xc, 0xff,
    0x40, 0x6, 0xff, 0xd1, 0x0, 0x5, 0xff, 0xf1,
    0x0, 0xe, 0xff, 0xe8, 0x7a, 0xff, 0xfa, 0x0,
    0x0, 0x4f, 0xff, 0xff, 0xff, 0xfc, 0x0, 0x0,
    0x0, 0x2a, 0xff, 0xff, 0xd7, 0x0, 0x0, 0x0,
    0x0, 0x0, 0x22, 0x10, 0x0, 0x0, 0x0,

    /* U+01B0 "ư" */
    0x0, 0x0, 0x0, 0x0, 0x2, 0x54, 0x0, 0x0,
    0x0, 0x0, 0x7, 0xfd, 0x0, 0x0, 0x0, 0x0,
    0x7, 0xfd, 0xbe, 0xe2, 0x0, 0xa, 0xef, 0xfb,
    0xcf, 0xf3, 0x0, 0xb, 0xff, 0xc2, 0xcf, 0xf3,
    0x0, 0xb, 0xff, 0x30, 0xcf, 0xf3, 0x0, 0xb,
    0xff, 0x30, 0xcf, 0xf3, 0x0, 0xb, 0xff, 0x30,
    0xcf, 0xf3, 0x0, 0xb, 0xff, 0x30, 0xcf, 0xf3,
    0x0, 0xc, 0xff, 0x30, 0xbf, 0xf6, 0x0, 0xe,
    0xff, 0x30, 0x8f, 0xfe, 0x75, 0xcf, 0xff, 0x30,
    0x2f, 0xff, 0xff, 0xea, 0xff, 0x30, 0x4, 0xdf,
    0xfc, 0x29, 0xff, 0x30, 0x0, 0x1, 0x10, 0x0,
    0x0, 0x0,

    /* U+1EA0 "Ạ" */
    0x0, 0x0, 0x5, 0x88, 0x83, 0x0, 0x0, 0x0,
    0x0, 0x0, 0xef, 0xff, 0xb0, 0x0, 0x0, 0x0,
    0x0, 0x3f, 0xff, 0xff, 0x10, 0x0, 0x0, 0x0,
    0x9, 0xff, 0xaf, 0xf6, 0x0, 0x0, 0x0, 0x0,
    0xef, 0xf3, 0xff, 0xc0, 0x0, 0x0, 0x0, 0x4f,
    0xfb, 0xe, 0xff, 0x20, 0x0, 0x0, 0x9, 0xff,
    0x70, 0xaf, 0xf7, 0x0, 0x0, 0x0, 0xef, 0xf2,
    0x5, 0xff, 0xd0, 0x0, 0x0, 0x4f, 0xfd, 0x0,
    0xf, 0xff, 0x20, 0x0, 0xa, 0xff, 0xeb, 0xbb,
    0xff, 0xf8, 0x0, 0x0, 0xff, 0xff, 0xff, 0xff,
    0xff, 0xd0, 0x0, 0x5f, 0xfe, 0xaa, 0xaa, 0xaf,
    0xff, 0x30, 0xa, 0xff, 0x90, 0x0, 0x0, 0xbf,
    0xf9, 0x0, 0xff, 0xf3, 0x0, 0x0, 0x5, 0xff,
    0xe0, 0x5f, 0xfe, 0x0, 0x0, 0x0, 0xf, 0xff,
    0x40, 0x0, 0x0, 0x0, 0x0, 0x0, 0x0, 0x0,
    0x0, 0x0, 0x0, 0x38, 0x30, 0x0, 0x0, 0x0,
    0x0, 0x0, 0xf, 0xfe, 0x0, 0x0, 0x0, 0x0,
    0x0, 0x0, 0xef, 0xe0, 0x0, 0x0, 0x0, 0x0,
    0x0, 0x2, 0x61, 0x0, 0x0, 0x0,

    /* U+1EA1 "ạ" */
    0x0, 0x0, 0x0, 0x0, 0x0, 0x0, 0x2, 0xae,
    0xff, 0xc5, 0x0, 0x3, 0xff, 0xff, 0xff, 0xf9,
    0x0, 0xdf, 0xf7, 0x24, 0xef, 0xf2, 0x0, 0x34,
    0x0, 0x9, 0xff, 0x50, 0x0, 0x25, 0x7a, 0xff,
    0xf5, 0x3, 0xcf, 0xff, 0xff, 0xff, 0x50, 0xef,
    0xfa, 0x63, 0x8f, 0xf5, 0x4f, 0xf9, 0x0, 0x9,
    0xff, 0x54, 0xff, 0xb0, 0x4, 0xff, 0xf5, 0xe,
    0xff, 0xfe, 0xfd, 0xff, 0x50, 0x3d, 0xff, 0xf8,
    0x6f, 0xf5, 0x0, 0x2, 0x20, 0x0, 0x0, 0x0,
    0x0, 0x1, 0x85, 0x0, 0x0, 0x0, 0x0, 0xcf,
    0xf3, 0x0, 0x0, 0x0, 0xb, 0xff, 0x20, 0x0,
    0x0, 0x0, 0x6, 0x30, 0x0, 0x0,

    /* U+1EA2 "Ả" */
    0x0, 0x0, 0x6, 0xff, 0xa0, 0x0, 0x0, 0x0,
    0x0, 0x0, 0x38, 0xef, 0x10, 0x0, 0x0, 0x0,
    0x0, 0x0, 0x3f, 0xa0, 0x0, 0x0, 0x0, 0x0,
    0x0, 0x0, 0x10, 0x0, 0x0, 0x0, 0x0, 0x0,
    0x5, 0x88, 0x83, 0x0, 0x0, 0x0, 0x0, 0x0,
    0xef, 0xff, 0xb0, 0x0, 0x0, 0x0, 0x0, 0x3f,
    0xff, 0xff, 0x10, 0x0, 0x0, 0x0, 0x9, 0xff,
    0xaf, 0xf6, 0x0, 0x0, 0x0, 0x0, 0xef, 0xf3,
    0xff, 0xc0, 0x0, 0x0, 0x0, 0x4f, 0xfb, 0xe,
    0xff, 0x20, 0x0, 0x0, 0x9, 0xff, 0x70, 0xaf,
    0xf7, 0x0, 0x0, 0x0, 0xef, 0xf2, 0x5, 0xff,
    0xd0, 0x0, 0x0, 0x4f, 0xfd, 0x0, 0xf, 0xff,
    0x20, 0x0, 0xa, 0xff, 0xeb, 0xbb, 0xff, 0xf8,
    0x0, 0x0, 0xff, 0xff, 0xff, 0xff, 0xff, 0xd0,
    0x0, 0x5f, 0xfe, 0xaa, 0xaa, 0xaf, 0xff, 0x30,
    0xa, 0xff, 0x90, 0x0, 0x0, 0xbf, 0xf9, 0x0,
    0xff, 0xf3, 0x0, 0x0, 0x5, 0xff, 0xe0, 0x5f,
    0xfe, 0x0, 0x0, 0x0, 0xf, 0xff, 0x40,

    /* U+1EA3 "ả" */
    0x0, 0x0, 0x55, 0x20, 0x0, 0x0, 0x0, 0x2f,
    0xff, 0x50, 0x0, 0x0, 0x0, 0x2a, 0xf4, 0x0,
    0x0, 0x0, 0x0, 0xa8, 0x0, 0x0, 0x0, 0x0,
    0x0, 0x0, 0x0, 0x0, 0x2, 0xae, 0xff, 0xc5,
    0x0, 0x3, 0xff, 0xff, 0xff, 0xf9, 0x0, 0xdf,
    0xf7, 0x24, 0xef, 0xf2, 0x0, 0x34, 0x0, 0x9,
    0xff, 0x50, 0x0, 0x25, 0x7a, 0xff, 0xf5, 0x3,
    0xcf, 0xff, 0xff, 0xff, 0x50, 0xef, 0xfa, 0x63,
    0x8f, 0xf5, 0x4f, 0xf9, 0x0, 0x9, 0xff, 0x54,
    0xff, 0xb0, 0x4, 0xff, 0xf5, 0xe, 0xff, 0xfe,
    0xfd, 0xff, 0x50, 0x3d, 0xff, 0xf8, 0x6f, 0xf5,
    0x0, 0x2, 0x20, 0x0, 0x0, 0x0,

    /* U+1EA4 "Ấ" */
    0x0, 0x0, 0x0, 0x0, 0x0, 0x11, 0x0, 0x0,
    0x0, 0x0, 0x0, 0x0, 0x2f, 0xf2, 0x0, 0x0,
    0x0, 0x0, 0x0, 0x9, 0xf6, 0x0, 0x0, 0x0,
    0x0, 0x0, 0x0, 0x77, 0x0, 0x0, 0x0, 0x0,
    0x1, 0xab, 0xa0, 0x0, 0x0, 0x0, 0x0, 0x0,
    0xcf, 0xdf, 0xb0, 0x0, 0x0, 0x0, 0x0, 0xcf,
    0xb0, 0xbf, 0xb0, 0x0, 0x0, 0x0, 0x14, 0x40,
    0x0, 0x44, 0x10, 0x0, 0x0, 0x0, 0x5, 0x88,
    0x83, 0x0, 0x0, 0x0, 0x0, 0x0, 0xef, 0xff,
    0xb0, 0x0, 0x0, 0x0, 0x0, 0x3f, 0xff, 0xff,
    0x10, 0x0, 0x0, 0x0, 0x9, 0xff, 0xaf, 0xf6,
    0x0, 0x0, 0x0, 0x0, 0xef, 0xf3, 0xff, 0xc0,
    0x0, 0x0, 0x0, 0x4f, 0xfb, 0xe, 0xff, 0x20,
    0x0, 0x0, 0x9, 0xff, 0x70, 0xaf, 0xf7, 0x0,
    0x0, 0x0, 0xef, 0xf2, 0x5, 0xff, 0xd0, 0x0,
    0x0, 0x4f, 0xfd, 0x0, 0xf, 0xff, 0x20, 0x0,
    0xa, 0xff, 0xeb, 0xbb, 0xff, 0xf8, 0x0, 0x0,
    0xff, 0xff, 0xff, 0xff, 0xff, 0xd0, 0x0, 0x5f,
    0xfe, 0xaa, 0xaa, 0xaf, 0xff, 0x30, 0xa, 0xff,
    0x90, 0x0, 0x0, 0xbf, 0xf9, 0x0, 0xff, 0xf3,
    0x0, 0x0, 0x5, 0xff, 0xe0, 0x5f, 0xfe, 0x0,
    0x0, 0x0, 0xf, 0xff, 0x40,

    /* U+1EA5 "ấ" */
    0x0, 0x0, 0x0, 0x0, 0x47, 0x50, 0x0, 0x0,
    0x0, 0xe, 0xf2, 0x0, 0x0, 0x0, 0x7, 0xf7,
    0x0, 0x0, 0x0, 0x11, 0x12, 0x0, 0x0, 0x1,
    0xdf, 0xf7, 0x0, 0x0, 0x1, 0xcf, 0x9e, 0xf7,
    0x0, 0x0, 0xae, 0xa0, 0x3d, 0xe5, 0x0, 0x0,
    0x0, 0x0, 0x0, 0x0, 0x0, 0x2a, 0xef, 0xfc,
    0x50, 0x0, 0x3f, 0xff, 0xff, 0xff, 0x90, 0xd,
    0xff, 0x72, 0x4e, 0xff, 0x20, 0x3, 0x40, 0x0,
    0x9f, 0xf5, 0x0, 0x2, 0x57, 0xaf, 0xff, 0x50,
    0x3c, 0xff, 0xff, 0xff, 0xf5, 0xe, 0xff, 0xa6,
    0x38, 0xff, 0x54, 0xff, 0x90, 0x0, 0x9f, 0xf5,
    0x4f, 0xfb, 0x0, 0x4f, 0xff, 0x50, 0xef, 0xff,
    0xef, 0xdf, 0xf5, 0x3, 0xdf, 0xff, 0x86, 0xff,
    0x50, 0x0, 0x22, 0x0, 0x0, 0x0,

    /* U+1EA6 "Ầ" */
    0x0, 0x0, 0x0, 0x0, 0x11, 0x0, 0x0, 0x0,
    0x0, 0x0, 0x0, 0x8, 0xfa, 0x0, 0x0, 0x0,
    0x0, 0x0, 0x0, 0xd, 0xf2, 0x0, 0x0, 0x0,
    0x0, 0x0, 0x0, 0x28, 0x30, 0x0, 0x0, 0x0,
    0x1, 0xab, 0xa0, 0x0, 0x0, 0x0, 0x0, 0x0,
    0xcf, 0xdf, 0xb0, 0x0, 0x0, 0x0, 0x0, 0xcf,
    0xb0, 0xbf, 0xb0, 0x0, 0x0, 0x0, 0x14, 0x40,
    0x0, 0x44, 0x10, 0x0, 0x0, 0x0, 0x5, 0x88,
    0x83, 0x0, 0x0, 0x0, 0x0, 0x0, 0xef, 0xff,
    0xb0, 0x0, 0x0, 0x0, 0x0, 0x3f, 0xff, 0xff,
    0x10, 0x0, 0x0, 0x0, 0x9, 0xff, 0xaf, 0xf6,
    0x0, 0x0, 0x0, 0x0, 0xef, 0xf3, 0xff, 0xc0,
    0x0, 0x0, 0x0, 0x4f, 0xfb, 0xe, 0xff, 0x20,
    0x0, 0x0, 0x9, 0xff, 0x70, 0xaf, 0xf7, 0x0,
    0x0, 0x0, 0xef, 0xf2, 0x5, 0xff, 0xd0, 0x0,
    0x0, 0x4f, 0xfd, 0x0, 0xf, 0xff, 0x20, 0x0,
    0xa, 0xff, 0xeb, 0xbb, 0xff, 0xf8, 0x0, 0x0,
    0xff, 0xff, 0xff, 0xff, 0xff, 0xd0, 0x0, 0x5f,
    0xfe, 0xaa, 0xaa, 0xaf, 0xff, 0x30, 0xa, 0xff,
    0x90, 0x0, 0x0, 0xbf, 0xf9, 0x0, 0xff, 0xf3,
    0x0, 0x0, 0x5, 0xff, 0xe0, 0x5f, 0xfe, 0x0,
    0x0, 0x0, 0xf, 0xff, 0x40,

    /* U+1EA7 "ầ" */
    0x0, 0x0, 0x0, 0x37, 0x60, 0x0, 0x0, 0x0,
    0x1, 0xef, 0x20, 0x0, 0x0, 0x0, 0x4, 0xf9,
    0x0, 0x0, 0x0, 0x11, 0x2, 0x10, 0x0, 0x1,
    0xdf, 0xf7, 0x0, 0x0, 0x1, 0xcf, 0x9e, 0xf7,
    0x0, 0x0, 0xae, 0xa0, 0x3d, 0xe5, 0x0, 0x0,
    0x0, 0x0, 0x0, 0x0, 0x0, 0x2a, 0xef, 0xfc,
    0x50, 0x0, 0x3f, 0xff, 0xff, 0xff, 0x90, 0xd,
    0xff, 0x72, 0x4e, 0xff, 0x20, 0x3, 0x40, 0x0,
    0x9f, 0xf5, 0x0, 0x2, 0x57, 0xaf, 0xff, 0x50,
    0x3c, 0xff, 0xff, 0xff, 0xf5, 0xe, 0xff, 0xa6,
    0x38, 0xff, 0x54, 0xff, 0x90, 0x0, 0x9f, 0xf5,
    0x4f, 0xfb, 0x0, 0x4f, 0xff, 0x50, 0xef, 0xff,
    0xef, 0xdf, 0xf5, 0x3, 0xdf, 0xff, 0x86, 0xff,
    0x50, 0x0, 0x22, 0x0, 0x0, 0x0,

    /* U+1EA8 "Ẩ" */
    0x0, 0x0, 0x0, 0x0, 0x11, 0x0, 0x0, 0x0,
    0x0, 0x0, 0x0, 0xe, 0xfe, 0x10, 0x0, 0x0,
    0x0, 0x0, 0x0, 0x2a, 0xf2, 0x0, 0x0, 0x0,
    0x0, 0x0, 0x0, 0x75, 0x0, 0x0, 0x0, 0x0,
    0x1, 0xab, 0xa0, 0x0, 0x0, 0x0, 0x0, 0x0,
    0xcf, 0xdf, 0xb0, 0x0, 0x0, 0x0, 0x0, 0xcf,
    0xb0, 0xbf, 0xb0, 0x0, 0x0, 0x0, 0x14, 0x40,
    0x0, 0x44, 0x10, 0x0, 0x0, 0x0, 0x5, 0x88,
    0x83, 0x0, 0x0, 0x0, 0x0, 0x0, 0xef, 0xff,
    0xb0, 0x0, 0x0, 0x0, 0x0, 0x3f, 0xff, 0xff,
    0x10, 0x0, 0x0, 0x0, 0x9, 0xff, 0xaf, 0xf6,
    0x0, 0x0, 0x0, 0x0, 0xef, 0xf3, 0xff, 0xc0,
    0x0, 0x0, 0x0, 0x4f, 0xfb, 0xe, 0xff, 0x20,
    0x0, 0x0, 0x9, 0xff, 0x70, 0xaf, 0xf7, 0x0,
    0x0, 0x0, 0xef, 0xf2, 0x5, 0xff, 0xd0, 0x0,
    0x0, 0x4f, 0xfd, 0x0, 0xf, 0xff, 0x20, 0x0,
    0xa, 0xff, 0xeb, 0xbb, 0xff, 0xf8, 0x0, 0x0,
    0xff, 0xff, 0xff, 0xff, 0xff, 0xd0, 0x0, 0x5f,
    0xfe, 0xaa, 0xaa, 0xaf, 0xff, 0x30, 0xa, 0xff,
    0x90, 0x0, 0x0, 0xbf, 0xf9, 0x0, 0xff, 0xf3,
    0x0, 0x0, 0x5, 0xff, 0xe0, 0x5f, 0xfe, 0x0,
    0x0, 0x0, 0xf, 0xff, 0x40,

    /* U+1EA9 "ẩ" */
    0x0, 0x0, 0x0, 0x47, 0x60, 0x0, 0x0, 0x0,
    0x8, 0xdf, 0x70, 0x0, 0x0, 0x0, 0x6, 0xf3,
    0x0, 0x0, 0x0, 0x11, 0x11, 0x0, 0x0, 0x1,
    0xdf, 0xf7, 0x0, 0x0, 0x1, 0xcf, 0x9e, 0xf7,
    0x0, 0x0, 0xae, 0xa0, 0x3d, 0xe5, 0x0, 0x0,
    0x0, 0x0, 0x0, 0x0, 0x0, 0x2a, 0xef, 0xfc,
    0x50, 0x0, 0x3f, 0xff, 0xff, 0xff, 0x90, 0xd,
    0xff, 0x72, 0x4e, 0xff, 0x20, 0x3, 0x40, 0x0,
    0x9f, 0xf5, 0x0, 0x2, 0x57, 0xaf, 0xff, 0x50,
    0x3c, 0xff, 0xff, 0xff, 0xf5, 0xe, 0xff, 0xa6,
    0x38, 0xff, 0x54, 0xff, 0x90, 0x0, 0x9f, 0xf5,
    0x4f, 0xfb, 0x0, 0x4f, 0xff, 0x50, 0xef, 0xff,
    0xef, 0xdf, 0xf5, 0x3, 0xdf, 0xff, 0x86, 0xff,
    0x50, 0x0, 0x22, 0x0, 0x0, 0x0,

    /* U+1EAA "Ẫ" */
    0x0, 0x0, 0x3c, 0xd8, 0x1c, 0xb0, 0x0, 0x0,
    0x0, 0xc, 0xf9, 0xff, 0xf6, 0x0, 0x0, 0x0,
    0x0, 0x54, 0x1, 0x54, 0x0, 0x0, 0x0, 0x0,
    0x0, 0x1a, 0xba, 0x0, 0x0, 0x0, 0x0, 0x0,
    0xc, 0xfd, 0xfb, 0x0, 0x0, 0x0, 0x0, 0xc,
    0xfb, 0xb, 0xfb, 0x0, 0x0, 0x0, 0x1, 0x44,
    0x0, 0x4, 0x41, 0x0, 0x0, 0x0, 0x0, 0x58,
    0x88, 0x30, 0x0, 0x0, 0x0, 0x0, 0xe, 0xff,
    0xfb, 0x0, 0x0, 0x0, 0x0, 0x3, 0xff, 0xff,
    0xf1, 0x0, 0x0, 0x0, 0x0, 0x9f, 0xfa, 0xff,
    0x60, 0x0, 0x0, 0x0, 0xe, 0xff, 0x3f, 0xfc,
    0x0, 0x0, 0x0, 0x4, 0xff, 0xb0, 0xef, 0xf2,
    0x0, 0x0, 0x0, 0x9f, 0xf7, 0xa, 0xff, 0x70,
    0x0, 0x0, 0xe, 0xff, 0x20, 0x5f, 0xfd, 0x0,
    0x0, 0x4, 0xff, 0xd0, 0x0, 0xff, 0xf2, 0x0,
    0x0, 0xaf, 0xfe, 0xbb, 0xbf, 0xff, 0x80, 0x0,
    0xf, 0xff, 0xff, 0xff, 0xff, 0xfd, 0x0, 0x5,
    0xff, 0xea, 0xaa, 0xaa, 0xff, 0xf3, 0x0, 0xaf,
    0xf9, 0x0, 0x0, 0xb, 0xff, 0x90, 0xf, 0xff,
    0x30, 0x0, 0x0, 0x5f, 0xfe, 0x5, 0xff, 0xe0,
    0x0, 0x0, 0x0, 0xff, 0xf4,

    /* U+1EAB "ẫ" */
    0x0, 0x1, 0x41, 0x1, 0x40, 0x0, 0x2, 0xff,
    0xf8, 0xcf, 0x0, 0x0, 0x8f, 0x48, 0xef, 0x70,
    0x0, 0x0, 0x0, 0x11, 0x0, 0x0, 0x0, 0x1,
    0xdf, 0xf7, 0x0, 0x0, 0x1, 0xcf, 0x9e, 0xf7,
    0x0, 0x0, 0xae, 0xa0, 0x3d, 0xe5, 0x0, 0x0,
    0x0, 0x0, 0x0, 0x0, 0x0, 0x2a, 0xef, 0xfc,
    0x50, 0x0, 0x3f, 0xff, 0xff, 0xff, 0x90, 0xd,
    0xff, 0x72, 0x4e, 0xff, 0x20, 0x3, 0x40, 0x0,
    0x9f, 0xf5, 0x0, 0x2, 0x57, 0xaf, 0xff, 0x50,
    0x3c, 0xff, 0xff, 0xff, 0xf5, 0xe, 0xff, 0xa6,
    0x38, 0xff, 0x54, 0xff, 0x90, 0x0, 0x9f, 0xf5,
    0x4f, 0xfb, 0x0, 0x4f, 0xff, 0x50, 0xef, 0xff,
    0xef, 0xdf, 0xf5, 0x3, 0xdf, 0xff, 0x86, 0xff,
    0x50, 0x0, 0x22, 0x0, 0x0, 0x0,

    /* U+1EAC "Ậ" */
    0x0, 0x0, 0x3, 0xef, 0xd2, 0x0, 0x0, 0x0,
    0x0, 0x2, 0xef, 0xaf, 0xe1, 0x0, 0x0, 0x0,
    0x2, 0xef, 0x70, 0x9f, 0xd1, 0x0, 0x0, 0x0,
    0x0, 0x0, 0x0, 0x0, 0x0, 0x0, 0x0, 0x0,
    0x5, 0x88, 0x83, 0x0, 0x0, 0x0, 0x0, 0x0,
    0xef, 0xff, 0xb0, 0x0, 0x0, 0x0, 0x0, 0x3f,
    0xff, 0xff, 0x10, 0x0, 0x0, 0x0, 0x9, 0xff,
    0xaf, 0xf6, 0x0, 0x0, 0x0, 0x0, 0xef, 0xf3,
    0xff, 0xc0, 0x0, 0x0, 0x0, 0x4f, 0xfb, 0xe,
    0xff, 0x20, 0x0, 0x0, 0x9, 0xff, 0x70, 0xaf,
    0xf7, 0x0, 0x0, 0x0, 0xef, 0xf2, 0x5, 0xff,
    0xd0, 0x0, 0x0, 0x4f, 0xfd, 0x0, 0xf, 0xff,
    0x20, 0x0, 0xa, 0xff, 0xeb, 0xbb, 0xff, 0xf8,
    0x0, 0x0, 0xff, 0xff, 0xff, 0xff, 0xff, 0xd0,
    0x0, 0x5f, 0xfe, 0xaa, 0xaa, 0xaf, 0xff, 0x30,
    0xa, 0xff, 0x90, 0x0, 0x0, 0xbf, 0xf9, 0x0,
    0xff, 0xf3, 0x0, 0x0, 0x5, 0xff, 0xe0, 0x5f,
    0xfe, 0x0, 0x0, 0x0, 0xf, 0xff, 0x40, 0x0,
    0x0, 0x0, 0x0, 0x0, 0x0, 0x0, 0x0, 0x0,
    0x0, 0x38, 0x30, 0x0, 0x0, 0x0, 0x0, 0x0,
    0xf, 0xfe, 0x0, 0x0, 0x0, 0x0, 0x0, 0x0,
    0xef, 0xe0, 0x0, 0x0, 0x0, 0x0, 0x0, 0x2,
    0x61, 0x0, 0x0, 0x0,

    /* U+1EAD "ậ" */
    0x0, 0x0, 0x25, 0x50, 0x0, 0x0, 0x0, 0x3f,
    0xff, 0xa0, 0x0, 0x0, 0x3f, 0xf5, 0xcf, 0xa0,
    0x0, 0x8, 0x95, 0x1, 0x99, 0x40, 0x0, 0x0,
    0x0, 0x0, 0x0, 0x0, 0x2, 0xae, 0xff, 0xc5,
    0x0, 0x3, 0xff, 0xff, 0xff, 0xf9, 0x0, 0xdf,
    0xf7, 0x24, 0xef, 0xf2, 0x0, 0x34, 0x0, 0x9,
    0xff, 0x50, 0x0, 0x25, 0x7a, 0xff, 0xf5, 0x3,
    0xcf, 0xff, 0xff, 0xff, 0x50, 0xef, 0xfa, 0x63,
    0x8f, 0xf5, 0x4f, 0xf9, 0x0, 0x9, 0xff, 0x54,
    0xff, 0xb0, 0x4, 0xff, 0xf5, 0xe, 0xff, 0xfe,
    0xfd, 0xff, 0x50, 0x3d, 0xff, 0xf8, 0x6f, 0xf5,
    0x0, 0x2, 0x20, 0x0, 0x0, 0x0, 0x0, 0x1,
    0x85, 0x0, 0x0, 0x0, 0x0, 0xcf, 0xf3, 0x0,
    0x0, 0x0, 0xb, 0xff, 0x20, 0x0, 0x0, 0x0,
    0x6, 0x30, 0x0, 0x0,

    /* U+1EAE "Ắ" */
    0x0, 0x0, 0x0, 0x0, 0x11, 0x0, 0x0, 0x0,
    0x0, 0x0, 0x0, 0x8f, 0xb0, 0x0, 0x0, 0x0,
    0x0, 0x0, 0xe, 0xe1, 0x0, 0x0, 0x0, 0x0,
    0x0, 0x2, 0x84, 0x0, 0x0, 0x0, 0x0, 0x0,
    0x99, 0x0, 0xa, 0x80, 0x0, 0x0, 0x0, 0xa,
    0xf8, 0x49, 0xf8, 0x0, 0x0, 0x0, 0x0, 0x1c,
    0xff, 0xfb, 0x0, 0x0, 0x0, 0x0, 0x0, 0x3,
    0x53, 0x0, 0x0, 0x0, 0x0, 0x0, 0x5, 0x88,
    0x83, 0x0, 0x0, 0x0, 0x0, 0x0, 0xef, 0xff,
    0xb0, 0x0, 0x0, 0x0, 0x0, 0x3f, 0xff, 0xff,
    0x10, 0x0, 0x0, 0x0, 0x9, 0xff, 0xaf, 0xf6,
    0x0, 0x0, 0x0, 0x0, 0xef, 0xf3, 0xff, 0xc0,
    0x0, 0x0, 0x0, 0x4f, 0xfb, 0xe, 0xff, 0x20,
    0x0, 0x0, 0x9, 0xff, 0x70, 0xaf, 0xf7, 0x0,
    0x0, 0x0, 0xef, 0xf2, 0x5, 0xff, 0xd0, 0x0,
    0x0, 0x4f, 0xfd, 0x0, 0xf, 0xff, 0x20, 0x0,
    0xa, 0xff, 0xeb, 0xbb, 0xff, 0xf8, 0x0, 0x0,
    0xff, 0xff, 0xff, 0xff, 0xff, 0xd0, 0x0, 0x5f,
    0xfe, 0xaa, 0xaa, 0xaf, 0xff, 0x30, 0xa, 0xff,
    0x90, 0x0, 0x0, 0xbf, 0xf9, 0x0, 0xff, 0xf3,
    0x0, 0x0, 0x5, 0xff, 0xe0, 0x5f, 0xfe, 0x0,
    0x0, 0x0, 0xf, 0xff, 0x40,

    /* U+1EAF "ắ" */
    0x0, 0x0, 0x0, 0x77, 0x20, 0x0, 0x0, 0x0,
    0x6f, 0xc0, 0x0, 0x0, 0x0, 0xd, 0xf2, 0x0,
    0x0, 0x0, 0x0, 0x21, 0x0, 0x0, 0x0, 0x8f,
    0x40, 0xc, 0xf1, 0x0, 0x2, 0xff, 0xac, 0xfa,
    0x0, 0x0, 0x3, 0xcf, 0xe8, 0x0, 0x0, 0x0,
    0x0, 0x0, 0x0, 0x0, 0x0, 0x2a, 0xef, 0xfc,
    0x50, 0x0, 0x3f, 0xff, 0xff, 0xff, 0x90, 0xd,
    0xff, 0x72, 0x4e, 0xff, 0x20, 0x3, 0x40, 0x0,
    0x9f, 0xf5, 0x0, 0x2, 0x57, 0xaf, 0xff, 0x50,
    0x3c, 0xff, 0xff, 0xff, 0xf5, 0xe, 0xff, 0xa6,
    0x38, 0xff, 0x54, 0xff, 0x90, 0x0, 0x9f, 0xf5,
    0x4f, 0xfb, 0x0, 0x4f, 0xff, 0x50, 0xef, 0xff,
    0xef, 0xdf, 0xf5, 0x3, 0xdf, 0xff, 0x86, 0xff,
    0x50, 0x0, 0x22, 0x0, 0x0, 0x0,

    /* U+1EB0 "Ằ" */
    0x0, 0x0, 0x1, 0x10, 0x0, 0x0, 0x0, 0x0,
    0x0, 0x0, 0xcf, 0x60, 0x0, 0x0, 0x0, 0x0,
    0x0, 0x2, 0xfd, 0x0, 0x0, 0x0, 0x0, 0x0,
    0x0, 0x5, 0x81, 0x0, 0x0, 0x0, 0x0, 0x0,
    0x98, 0x0, 0xa, 0x70, 0x0, 0x0, 0x0, 0xa,
    0xf8, 0x4a, 0xf8, 0x0, 0x0, 0x0, 0x0, 0x1c,
    0xff, 0xfb, 0x0, 0x0, 0x0, 0x0, 0x0, 0x3,
    0x52, 0x0, 0x0, 0x0, 0x0, 0x0, 0x5, 0x88,
    0x83, 0x0, 0x0, 0x0, 0x0, 0x0, 0xef, 0xff,
    0xb0, 0x0, 0x0, 0x0, 0x0, 0x3f, 0xff, 0xff,
    0x10, 0x0, 0x0, 0x0, 0x9, 0xff, 0xaf, 0xf6,
    0x0, 0x0, 0x0, 0x0, 0xef, 0xf3, 0xff, 0xc0,
    0x0, 0x0, 0x0, 0x4f, 0xfb, 0xe, 0xff, 0x20,
    0x0, 0x0, 0x9, 0xff, 0x70, 0xaf, 0xf7, 0x0,
    0x0, 0x0, 0xef, 0xf2, 0x5, 0xff, 0xd0, 0x0,
    0x0, 0x4f, 0xfd, 0x0, 0xf, 0xff, 0x20, 0x0,
    0xa, 0xff, 0xeb, 0xbb, 0xff, 0xf8, 0x0, 0x0,
    0xff, 0xff, 0xff, 0xff, 0xff, 0xd0, 0x0, 0x5f,
    0xfe, 0xaa, 0xaa, 0xaf, 0xff, 0x30, 0xa, 0xff,
    0x90, 0x0, 0x0, 0xbf, 0xf9, 0x0, 0xff, 0xf3,
    0x0, 0x0, 0x5, 0xff, 0xe0, 0x5f, 0xfe, 0x0,
    0x0, 0x0, 0xf, 0xff, 0x40,

    /* U+1EB1 "ằ" */
    0x0, 0x5, 0x74, 0x0, 0x0, 0x0, 0x0, 0x4f,
    0xd0, 0x0, 0x0, 0x0, 0x0, 0x9f, 0x50, 0x0,
    0x0, 0x0, 0x0, 0x21, 0x0, 0x0, 0x0, 0x8f,
    0x40, 0xc, 0xf0, 0x0, 0x2, 0xff, 0xac, 0xf9,
    0x0, 0x0, 0x3, 0xcf, 0xe8, 0x0, 0x0, 0x0,
    0x0, 0x0, 0x0, 0x0, 0x0, 0x2a, 0xef, 0xfc,
    0x50, 0x0, 0x3f, 0xff, 0xff, 0xff, 0x90, 0xd,
    0xff, 0x72, 0x4e, 0xff, 0x20, 0x3, 0x40, 0x0,
    0x9f, 0xf5, 0x0, 0x2, 0x57, 0xaf, 0xff, 0x50,
    0x3c, 0xff, 0xff, 0xff, 0xf5, 0xe, 0xff, 0xa6,
    0x38, 0xff, 0x54, 0xff, 0x90, 0x0, 0x9f, 0xf5,
    0x4f, 0xfb, 0x0, 0x4f, 0xff, 0x50, 0xef, 0xff,
    0xef, 0xdf, 0xf5, 0x3, 0xdf, 0xff, 0x86, 0xff,
    0x50, 0x0, 0x22, 0x0, 0x0, 0x0,

    /* U+1EB2 "Ẳ" */
    0x0, 0x0, 0x0, 0x11, 0x0, 0x0, 0x0, 0x0,
    0x0, 0x0, 0x2f, 0xfc, 0x0, 0x0, 0x0, 0x0,
    0x0, 0x0, 0x3d, 0xd0, 0x0, 0x0, 0x0, 0x0,
    0x0, 0x1, 0x83, 0x0, 0x0, 0x0, 0x0, 0x0,
    0x99, 0x0, 0xa, 0x80, 0x0, 0x0, 0x0, 0xa,
    0xf8, 0x49, 0xf8, 0x0, 0x0, 0x0, 0x0, 0x1c,
    0xff, 0xfb, 0x0, 0x0, 0x0, 0x0, 0x0, 0x3,
    0x53, 0x0, 0x0, 0x0, 0x0, 0x0, 0x5, 0x88,
    0x83, 0x0, 0x0, 0x0, 0x0, 0x0, 0xef, 0xff,
    0xb0, 0x0, 0x0, 0x0, 0x0, 0x3f, 0xff, 0xff,
    0x10, 0x0, 0x0, 0x0, 0x9, 0xff, 0xaf, 0xf6,
    0x0, 0x0, 0x0, 0x0, 0xef, 0xf3, 0xff, 0xc0,
    0x0, 0x0, 0x0, 0x4f, 0xfb, 0xe, 0xff, 0x20,
    0x0, 0x0, 0x9, 0xff, 0x70, 0xaf, 0xf7, 0x0,
    0x0, 0x0, 0xef, 0xf2, 0x5, 0xff, 0xd0, 0x0,
    0x0, 0x4f, 0xfd, 0x0, 0xf, 0xff, 0x20, 0x0,
    0xa, 0xff, 0xeb, 0xbb, 0xff, 0xf8, 0x0, 0x0,
    0xff, 0xff, 0xff, 0xff, 0xff, 0xd0, 0x0, 0x5f,
    0xfe, 0xaa, 0xaa, 0xaf, 0xff, 0x30, 0xa, 0xff,
    0x90, 0x0, 0x0, 0xbf, 0xf9, 0x0, 0xff, 0xf3,
    0x0, 0x0, 0x5, 0xff, 0xe0, 0x5f, 0xfe, 0x0,
    0x0, 0x0, 0xf, 0xff, 0x40,

    /* U+1EB3 "ẳ" */
    0x0, 0x0, 0x67, 0x40, 0x0, 0x0, 0x0, 0xb,
    0xef, 0x30, 0x0, 0x0, 0x0, 0x9, 0xe1, 0x0,
    0x0, 0x0, 0x0, 0x21, 0x0, 0x0, 0x0, 0x8f,
    0x40, 0xc, 0xf1, 0x0, 0x2, 0xff, 0xac, 0xfa,
    0x0, 0x0, 0x3, 0xcf, 0xe8, 0x0, 0x0, 0x0,
    0x0, 0x0, 0x0, 0x0, 0x0, 0x2a, 0xef, 0xfc,
    0x50, 0x0, 0x3f, 0xff, 0xff, 0xff, 0x90, 0xd,
    0xff, 0x72, 0x4e, 0xff, 0x20, 0x3, 0x40, 0x0,
    0x9f, 0xf5, 0x0, 0x2, 0x57, 0xaf, 0xff, 0x50,
    0x3c, 0xff, 0xff, 0xff, 0xf5, 0xe, 0xff, 0xa6,
    0x38, 0xff, 0x54, 0xff, 0x90, 0x0, 0x9f, 0xf5,
    0x4f, 0xfb, 0x0, 0x4f, 0xff, 0x50, 0xef, 0xff,
    0xef, 0xdf, 0xf5, 0x3, 0xdf, 0xff, 0x86, 0xff,
    0x50, 0x0, 0x22, 0x0, 0x0, 0x0,

    /* U+1EB4 "Ẵ" */
    0x0, 0x0, 0x2c, 0xd8, 0x1b, 0xc0, 0x0, 0x0,
    0x0, 0xa, 0xfa, 0xff, 0xf8, 0x0, 0x0, 0x0,
    0x0, 0x44, 0x1, 0x54, 0x0, 0x0, 0x0, 0x0,
    0x9, 0x90, 0x0, 0xb8, 0x0, 0x0, 0x0, 0x0,
    0x9f, 0x94, 0xaf, 0x70, 0x0, 0x0, 0x0, 0x0,
    0xbf, 0xff, 0xa0, 0x0, 0x0, 0x0, 0x0, 0x0,
    0x24, 0x20, 0x0, 0x0, 0x0, 0x0, 0x0, 0x58,
    0x88, 0x30, 0x0, 0x0, 0x0, 0x0, 0xe, 0xff,
    0xfb, 0x0, 0x0, 0x0, 0x0, 0x3, 0xff, 0xff,
    0xf1, 0x0, 0x0, 0x0, 0x0, 0x9f, 0xfa, 0xff,
    0x60, 0x0, 0x0, 0x0, 0xe, 0xff, 0x3f, 0xfc,
    0x0, 0x0, 0x0, 0x4, 0xff, 0xb0, 0xef, 0xf2,
    0x0, 0x0, 0x0, 0x9f, 0xf7, 0xa, 0xff, 0x70,
    0x0, 0x0, 0xe, 0xff, 0x20, 0x5f, 0xfd, 0x0,
    0x0, 0x4, 0xff, 0xd0, 0x0, 0xff, 0xf2, 0x0,
    0x0, 0xaf, 0xfe, 0xbb, 0xbf, 0xff, 0x80, 0x0,
    0xf, 0xff, 0xff, 0xff, 0xff, 0xfd, 0x0, 0x5,
    0xff, 0xea, 0xaa, 0xaa, 0xff, 0xf3, 0x0, 0xaf,
    0xf9, 0x0, 0x0, 0xb, 0xff, 0x90, 0xf, 0xff,
    0x30, 0x0, 0x0, 0x5f, 0xfe, 0x5, 0xff, 0xe0,
    0x0, 0x0, 0x0, 0xff, 0xf4,

    /* U+1EB5 "ẵ" */
    0x0, 0x1, 0x41, 0x1, 0x40, 0x0, 0x1, 0xef,
    0xf9, 0xbf, 0x10, 0x0, 0x7f, 0x57, 0xef, 0x80,
    0x0, 0x0, 0x10, 0x0, 0x1, 0x0, 0x0, 0x8f,
    0x40, 0xc, 0xf0, 0x0, 0x2, 0xff, 0xbd, 0xf9,
    0x0, 0x0, 0x2, 0xbe, 0xd7, 0x0, 0x0, 0x0,
    0x0, 0x0, 0x0, 0x0, 0x0, 0x2a, 0xef, 0xfc,
    0x50, 0x0, 0x3f, 0xff, 0xff, 0xff, 0x90, 0xd,
    0xff, 0x72, 0x4e, 0xff, 0x20, 0x3, 0x40, 0x0,
    0x9f, 0xf5, 0x0, 0x2, 0x57, 0xaf, 0xff, 0x50,
    0x3c, 0xff, 0xff, 0xff, 0xf5, 0xe, 0xff, 0xa6,
    0x38, 0xff, 0x54, 0xff, 0x90, 0x0, 0x9f, 0xf5,
    0x4f, 0xfb, 0x0, 0x4f, 0xff, 0x50, 0xef, 0xff,
    0xef, 0xdf, 0xf5, 0x3, 0xdf, 0xff, 0x86, 0xff,
    0x50, 0x0, 0x22, 0x0, 0x0, 0x0,

    /* U+1EB6 "Ặ" */
    0x0, 0x0, 0xcd, 0x0, 0x1e, 0xb0, 0x0, 0x0,
    0x0, 0x8, 0xfc, 0x8d, 0xf6, 0x0, 0x0, 0x0,
    0x0, 0x8, 0xff, 0xe7, 0x0, 0x0, 0x0, 0x0,
    0x0, 0x0, 0x10, 0x0, 0x0, 0x0, 0x0, 0x0,
    0x5, 0x88, 0x83, 0x0, 0x0, 0x0, 0x0, 0x0,
    0xef, 0xff, 0xb0, 0x0, 0x0, 0x0, 0x0, 0x3f,
    0xff, 0xff, 0x10, 0x0, 0x0, 0x0, 0x9, 0xff,
    0xaf, 0xf6, 0x0, 0x0, 0x0, 0x0, 0xef, 0xf3,
    0xff, 0xc0, 0x0, 0x0, 0x0, 0x4f, 0xfb, 0xe,
    0xff, 0x20, 0x0, 0x0, 0x9, 0xff, 0x70, 0xaf,
    0xf7, 0x0, 0x0, 0x0, 0xef, 0xf2, 0x5, 0xff,
    0xd0, 0x0, 0x0, 0x4f, 0xfd, 0x0, 0xf, 0xff,
    0x20, 0x0, 0xa, 0xff, 0xeb, 0xbb, 0xff, 0xf8,
    0x0, 0x0, 0xff, 0xff, 0xff, 0xff, 0xff, 0xd0,
    0x0, 0x5f, 0xfe, 0xaa, 0xaa, 0xaf, 0xff, 0x30,
    0xa, 0xff, 0x90, 0x0, 0x0, 0xbf, 0xf9, 0x0,
    0xff, 0xf3, 0x0, 0x0, 0x5, 0xff, 0xe0, 0x5f,
    0xfe, 0x0, 0x0, 0x0, 0xf, 0xff, 0x40, 0x0,
    0x0, 0x0, 0x0, 0x0, 0x0, 0x0, 0x0, 0x0,
    0x0, 0x38, 0x30, 0x0, 0x0, 0x0, 0x0, 0x0,
    0xf, 0xfe, 0x0, 0x0, 0x0, 0x0, 0x0, 0x0,
    0xef, 0xe0, 0x0, 0x0, 0x0, 0x0, 0x0, 0x2,
    0x61, 0x0, 0x0, 0x0,

    /* U+1EB7 "ặ" */
    0x0, 0x24, 0x0, 0x2, 0x40, 0x0, 0x7, 0xf7,
    0x1, 0xdf, 0x0, 0x0, 0x1d, 0xfe, 0xff, 0x60,
    0x0, 0x0, 0x18, 0xba, 0x40, 0x0, 0x0, 0x0,
    0x0, 0x0, 0x0, 0x0, 0x2, 0xae, 0xff, 0xc5,
    0x0, 0x3, 0xff, 0xff, 0xff, 0xf9, 0x0, 0xdf,
    0xf7, 0x24, 0xef, 0xf2, 0x0, 0x34, 0x0, 0x9,
    0xff, 0x50, 0x0, 0x25, 0x7a, 0xff, 0xf5, 0x3,
    0xcf, 0xff, 0xff, 0xff, 0x50, 0xef, 0xfa, 0x63,
    0x8f, 0xf5, 0x4f, 0xf9, 0x0, 0x9, 0xff, 0x54,
    0xff, 0xb0, 0x4, 0xff, 0xf5, 0xe, 0xff, 0xfe,
    0xfd, 0xff, 0x50, 0x3d, 0xff, 0xf8, 0x6f, 0xf5,
    0x0, 0x2, 0x20, 0x0, 0x0, 0x0, 0x0, 0x1,
    0x85, 0x0, 0x0, 0x0, 0x0, 0xcf, 0xf3, 0x0,
    0x0, 0x0, 0xb, 0xff, 0x20, 0x0, 0x0, 0x0,
    0x6, 0x30, 0x0, 0x0,

    /* U+1EB8 "Ẹ" */
    0x68, 0x88, 0x88, 0x88, 0x88, 0xb, 0xff, 0xff,
    0xff, 0xff, 0xf1, 0xbf, 0xff, 0xee, 0xee, 0xee,
    0xb, 0xff, 0x40, 0x0, 0x0, 0x0, 0xbf, 0xf4,
    0x0, 0x0, 0x0, 0xb, 0xff, 0x40, 0x0, 0x0,
    0x0, 0xbf, 0xfb, 0x99, 0x99, 0x94, 0xb, 0xff,
    0xff, 0xff, 0xff, 0x80, 0xbf, 0xfe, 0xdd, 0xdd,
    0xd7, 0xb, 0xff, 0x40, 0x0, 0x0, 0x0, 0xbf,
    0xf4, 0x0, 0x0, 0x0, 0xb, 0xff, 0x40, 0x0,
    0x0, 0x0, 0xbf, 0xfa, 0x77, 0x77, 0x77, 0xb,
    0xff, 0xff, 0xff, 0xff, 0xf1, 0xbf, 0xff, 0xff,
    0xff, 0xff, 0x10, 0x0, 0x0, 0x0, 0x0, 0x0,
    0x0, 0x0, 0x58, 0x10, 0x0, 0x0, 0x0, 0x4f,
    0xfb, 0x0, 0x0, 0x0, 0x3, 0xff, 0xa0, 0x0,
    0x0, 0x0, 0x3, 0x50, 0x0, 0x0,

    /* U+1EB9 "ẹ" */
    0x0, 0x0, 0x0, 0x0, 0x0, 0x0, 0x0, 0x6,
    0xdf, 0xfd, 0x70, 0x0, 0x0, 0xbf, 0xff, 0xff,
    0xfc, 0x0, 0x7, 0xff, 0xb4, 0x3a, 0xff, 0x70,
    0xd, 0xff, 0x0, 0x0, 0xef, 0xe0, 0x1f, 0xfe,
    0x88, 0x88, 0xdf, 0xf1, 0x2f, 0xff, 0xff, 0xff,
    0xff, 0xf2, 0x1f, 0xfc, 0x44, 0x44, 0x44, 0x40,
    0xe, 0xfe, 0x0, 0x0, 0x21, 0x0, 0x9, 0xff,
    0xa1, 0x5, 0xff, 0xb0, 0x0, 0xdf, 0xff, 0xff,
    0xff, 0x40, 0x0, 0x9, 0xff, 0xff, 0xc4, 0x0,
    0x0, 0x0, 0x2, 0x31, 0x0, 0x0, 0x0, 0x0,
    0x7, 0x70, 0x0, 0x0, 0x0, 0x0, 0x7f, 0xf8,
    0x0, 0x0, 0x0, 0x0, 0x6f, 0xf7, 0x0, 0x0,
    0x0, 0x0, 0x5, 0x50, 0x0, 0x0,

    /* U+1EBA "Ẻ" */
    0x0, 0xa, 0xfe, 0x70, 0x0, 0x0, 0x0, 0x58,
    0xfd, 0x0, 0x0, 0x0, 0x0, 0x6f, 0x60, 0x0,
    0x0, 0x0, 0x0, 0x10, 0x0, 0x0, 0x68, 0x88,
    0x88, 0x88, 0x88, 0xb, 0xff, 0xff, 0xff, 0xff,
    0xf1, 0xbf, 0xff, 0xee, 0xee, 0xee, 0xb, 0xff,
    0x40, 0x0, 0x0, 0x0, 0xbf, 0xf4, 0x0, 0x0,
    0x0, 0xb, 0xff, 0x40, 0x0, 0x0, 0x0, 0xbf,
    0xfb, 0x99, 0x99, 0x94, 0xb, 0xff, 0xff, 0xff,
    0xff, 0x80, 0xbf, 0xfe, 0xdd, 0xdd, 0xd7, 0xb,
    0xff, 0x40, 0x0, 0x0, 0x0, 0xbf, 0xf4, 0x0,
    0x0, 0x0, 0xb, 0xff, 0x40, 0x0, 0x0, 0x0,
    0xbf, 0xfa, 0x77, 0x77, 0x77, 0xb, 0xff, 0xff,
    0xff, 0xff, 0xf1, 0xbf, 0xff, 0xff, 0xff, 0xff,
    0x10,

    /* U+1EBB "ẻ" */
    0x0, 0x0, 0x45, 0x30, 0x0, 0x0, 0x0, 0x0,
    0xef, 0xf8, 0x0, 0x0, 0x0, 0x0, 0x27, 0xf8,
    0x0, 0x0, 0x0, 0x0, 0x8, 0xa0, 0x0, 0x0,
    0x0, 0x0, 0x0, 0x0, 0x0, 0x0, 0x0, 0x6,
    0xdf, 0xfd, 0x70, 0x0, 0x0, 0xbf, 0xff, 0xff,
    0xfc, 0x0, 0x7, 0xff, 0xb4, 0x3a, 0xff, 0x70,
    0xd, 0xff, 0x0, 0x0, 0xef, 0xe0, 0x1f, 0xfe,
    0x88, 0x88, 0xdf, 0xf1, 0x2f, 0xff, 0xff, 0xff,
    0xff, 0xf2, 0x1f, 0xfc, 0x44, 0x44, 0x44, 0x40,
    0xe, 0xfe, 0x0, 0x0, 0x21, 0x0, 0x9, 0xff,
    0xa1, 0x5, 0xff, 0xb0, 0x0, 0xdf, 0xff, 0xff,
    0xff, 0x40, 0x0, 0x9, 0xff, 0xff, 0xc4, 0x0,
    0x0, 0x0, 0x2, 0x31, 0x0, 0x0,

    /* U+1EBC "Ẽ" */
    0x0, 0x3b, 0xa2, 0xb, 0x60, 0x0, 0xe, 0xff,
    0xfe, 0xf5, 0x0, 0x1, 0xc6, 0x18, 0xc8, 0x0,
    0x0, 0x0, 0x0, 0x0, 0x0, 0x0, 0x68, 0x88,
    0x88, 0x88, 0x88, 0xb, 0xff, 0xff, 0xff, 0xff,
    0xf1, 0xbf, 0xff, 0xee, 0xee, 0xee, 0xb, 0xff,
    0x40, 0x0, 0x0, 0x0, 0xbf, 0xf4, 0x0, 0x0,
    0x0, 0xb, 0xff, 0x40, 0x0, 0x0, 0x0, 0xbf,
    0xfb, 0x99, 0x99, 0x94, 0xb, 0xff, 0xff, 0xff,
    0xff, 0x80, 0xbf, 0xfe, 0xdd, 0xdd, 0xd7, 0xb,
    0xff, 0x40, 0x0, 0x0, 0x0, 0xbf, 0xf4, 0x0,
    0x0, 0x0, 0xb, 0xff, 0x40, 0x0, 0x0, 0x0,
    0xbf, 0xfa, 0x77, 0x77, 0x77, 0xb, 0xff, 0xff,
    0xff, 0xff, 0xf1, 0xbf, 0xff, 0xff, 0xff, 0xff,
    0x10,

    /* U+1EBD "ẽ" */
    0x0, 0x0, 0x10, 0x0, 0x10, 0x0, 0x0, 0xb,
    0xfe, 0x67, 0xf4, 0x0, 0x0, 0x4f, 0xbc, 0xff,
    0xe0, 0x0, 0x0, 0x26, 0x10, 0x46, 0x10, 0x0,
    0x0, 0x0, 0x0, 0x0, 0x0, 0x0, 0x0, 0x6,
    0xdf, 0xfd, 0x70, 0x0, 0x0, 0xbf, 0xff, 0xff,
    0xfc, 0x0, 0x7, 0xff, 0xb4, 0x3a, 0xff, 0x70,
    0xd, 0xff, 0x0, 0x0, 0xef, 0xe0, 0x1f, 0xfe,
    0x88, 0x88, 0xdf, 0xf1, 0x2f, 0xff, 0xff, 0xff,
    0xff, 0xf2, 0x1f, 0xfc, 0x44, 0x44, 0x44, 0x40,
    0xe, 0xfe, 0x0, 0x0, 0x21, 0x0, 0x9, 0xff,
    0xa1, 0x5, 0xff, 0xb0, 0x0, 0xdf, 0xff, 0xff,
    0xff, 0x40, 0x0, 0x9, 0xff, 0xff, 0xc4, 0x0,
    0x0, 0x0, 0x2, 0x31, 0x0, 0x0,

    /* U+1EBE "Ế" */
    0x0, 0x0, 0x0, 0x0, 0x11, 0x0, 0x0, 0x0,
    0x0, 0x5f, 0xd0, 0x0, 0x0, 0x0, 0xc, 0xf3,
    0x0, 0x0, 0x0, 0x1, 0x85, 0x0, 0x0, 0x2,
    0xbb, 0x80, 0x0, 0x0, 0x2, 0xef, 0xdf, 0x80,
    0x0, 0x2, 0xef, 0x71, 0xef, 0x80, 0x0, 0x24,
    0x30, 0x1, 0x44, 0x0, 0x68, 0x88, 0x88, 0x88,
    0x88, 0xb, 0xff, 0xff, 0xff, 0xff, 0xf1, 0xbf,
    0xff, 0xee, 0xee, 0xee, 0xb, 0xff, 0x40, 0x0,
    0x0, 0x0, 0xbf, 0xf4, 0x0, 0x0, 0x0, 0xb,
    0xff, 0x40, 0x0, 0x0, 0x0, 0xbf, 0xfb, 0x99,
    0x99, 0x94, 0xb, 0xff, 0xff, 0xff, 0xff, 0x80,
    0xbf, 0xfe, 0xdd, 0xdd, 0xd7, 0xb, 0xff, 0x40,
    0x0, 0x0, 0x0, 0xbf, 0xf4, 0x0, 0x0, 0x0,
    0xb, 0xff, 0x40, 0x0, 0x0, 0x0, 0xbf, 0xfa,
    0x77, 0x77, 0x77, 0xb, 0xff, 0xff, 0xff, 0xff,
    0xf1, 0xbf, 0xff, 0xff, 0xff, 0xff, 0x10,

    /* U+1EBF "ế" */
    0x0, 0x0, 0x0, 0x0, 0x37, 0x60, 0x0, 0x0,
    0x0, 0x0, 0xbf, 0x60, 0x0, 0x0, 0x0, 0x3,
    0xfb, 0x0, 0x0, 0x0, 0x1, 0x11, 0x20, 0x0,
    0x0, 0x0, 0xaf, 0xfa, 0x0, 0x0, 0x0, 0xa,
    0xfc, 0xbf, 0xa0, 0x0, 0x0, 0x8e, 0xc1, 0x1c,
    0xe8, 0x0, 0x0, 0x0, 0x0, 0x0, 0x0, 0x0,
    0x0, 0x6, 0xdf, 0xfd, 0x70, 0x0, 0x0, 0xbf,
    0xff, 0xff, 0xfc, 0x0, 0x7, 0xff, 0xb4, 0x3a,
    0xff, 0x70, 0xd, 0xff, 0x0, 0x0, 0xef, 0xe0,
    0x1f, 0xfe, 0x88, 0x88, 0xdf, 0xf1, 0x2f, 0xff,
    0xff, 0xff, 0xff, 0xf2, 0x1f, 0xfc, 0x44, 0x44,
    0x44, 0x40, 0xe, 0xfe, 0x0, 0x0, 0x21, 0x0,
    0x9, 0xff, 0xa1, 0x5, 0xff, 0xb0, 0x0, 0xdf,
    0xff, 0xff, 0xff, 0x40, 0x0, 0x9, 0xff, 0xff,
    0xc4, 0x0, 0x0, 0x0, 0x2, 0x31, 0x0, 0x0,

    /* U+1EC0 "Ề" */
    0x0, 0x0, 0x0, 0x11, 0x0, 0x0, 0x0, 0x0,
    0xc, 0xf6, 0x0, 0x0, 0x0, 0x0, 0x2f, 0xe0,
    0x0, 0x0, 0x0, 0x0, 0x48, 0x10, 0x0, 0x2,
    0xbb, 0x80, 0x0, 0x0, 0x2, 0xef, 0xdf, 0x80,
    0x0, 0x2, 0xef, 0x71, 0xef, 0x80, 0x0, 0x24,
    0x30, 0x1, 0x44, 0x0, 0x68, 0x88, 0x88, 0x88,
    0x88, 0xb, 0xff, 0xff, 0xff, 0xff, 0xf1, 0xbf,
    0xff, 0xee, 0xee, 0xee, 0xb, 0xff, 0x40, 0x0,
    0x0, 0x0, 0xbf, 0xf4, 0x0, 0x0, 0x0, 0xb,
    0xff, 0x40, 0x0, 0x0, 0x0, 0xbf, 0xfb, 0x99,
    0x99, 0x94, 0xb, 0xff, 0xff, 0xff, 0xff, 0x80,
    0xbf, 0xfe, 0xdd, 0xdd, 0xd7, 0xb, 0xff, 0x40,
    0x0, 0x0, 0x0, 0xbf, 0xf4, 0x0, 0x0, 0x0,
    0xb, 0xff, 0x40, 0x0, 0x0, 0x0, 0xbf, 0xfa,
    0x77, 0x77, 0x77, 0xb, 0xff, 0xff, 0xff, 0xff,
    0xf1, 0xbf, 0xff, 0xff, 0xff, 0xff, 0x10,

    /* U+1EC1 "ề" */
    0x0, 0x0, 0x0, 0x17, 0x70, 0x0, 0x0, 0x0,
    0x0, 0xb, 0xf6, 0x0, 0x0, 0x0, 0x0, 0x2,
    0xfd, 0x0, 0x0, 0x0, 0x1, 0x10, 0x12, 0x0,
    0x0, 0x0, 0xaf, 0xfa, 0x0, 0x0, 0x0, 0xa,
    0xfc, 0xbf, 0xa0, 0x0, 0x0, 0x8e, 0xc1, 0x1c,
    0xe8, 0x0, 0x0, 0x0, 0x0, 0x0, 0x0, 0x0,
    0x0, 0x6, 0xdf, 0xfd, 0x70, 0x0, 0x0, 0xbf,
    0xff, 0xff, 0xfc, 0x0, 0x7, 0xff, 0xb4, 0x3a,
    0xff, 0x70, 0xd, 0xff, 0x0, 0x0, 0xef, 0xe0,
    0x1f, 0xfe, 0x88, 0x88, 0xdf, 0xf1, 0x2f, 0xff,
    0xff, 0xff, 0xff, 0xf2, 0x1f, 0xfc, 0x44, 0x44,
    0x44, 0x40, 0xe, 0xfe, 0x0, 0x0, 0x21, 0x0,
    0x9, 0xff, 0xa1, 0x5, 0xff, 0xb0, 0x0, 0xdf,
    0xff, 0xff, 0xff, 0x40, 0x0, 0x9, 0xff, 0xff,
    0xc4, 0x0, 0x0, 0x0, 0x2, 0x31, 0x0, 0x0,

    /* U+1EC2 "Ể" */
    0x0, 0x0, 0x0, 0x11, 0x0, 0x0, 0x0, 0x0,
    0x2f, 0xfc, 0x0, 0x0, 0x0, 0x0, 0x3d, 0xe0,
    0x0, 0x0, 0x0, 0x1, 0x83, 0x0, 0x0, 0x2,
    0xbb, 0x80, 0x0, 0x0, 0x2, 0xef, 0xdf, 0x80,
    0x0, 0x2, 0xef, 0x71, 0xef, 0x80, 0x0, 0x24,
    0x30, 0x1, 0x44, 0x0, 0x68, 0x88, 0x88, 0x88,
    0x88, 0xb, 0xff, 0xff, 0xff, 0xff, 0xf1, 0xbf,
    0xff, 0xee, 0xee, 0xee, 0xb, 0xff, 0x40, 0x0,
    0x0, 0x0, 0xbf, 0xf4, 0x0, 0x0, 0x0, 0xb,
    0xff, 0x40, 0x0, 0x0, 0x0, 0xbf, 0xfb, 0x99,
    0x99, 0x94, 0xb, 0xff, 0xff, 0xff, 0xff, 0x80,
    0xbf, 0xfe, 0xdd, 0xdd, 0xd7, 0xb, 0xff, 0x40,
    0x0, 0x0, 0x0, 0xbf, 0xf4, 0x0, 0x0, 0x0,
    0xb, 0xff, 0x40, 0x0, 0x0, 0x0, 0xbf, 0xfa,
    0x77, 0x77, 0x77, 0xb, 0xff, 0xff, 0xff, 0xff,
    0xf1, 0xbf, 0xff, 0xff, 0xff, 0xff, 0x10,

    /* U+1EC3 "ể" */
    0x0, 0x0, 0x0, 0x27, 0x61, 0x0, 0x0, 0x0,
    0x0, 0x4d, 0xfb, 0x0, 0x0, 0x0, 0x0, 0x2,
    0xf7, 0x0, 0x0, 0x0, 0x1, 0x11, 0x20, 0x0,
    0x0, 0x0, 0xaf, 0xfa, 0x0, 0x0, 0x0, 0xa,
    0xfc, 0xbf, 0xa0, 0x0, 0x0, 0x8e, 0xc1, 0x1c,
    0xe8, 0x0, 0x0, 0x0, 0x0, 0x0, 0x0, 0x0,
    0x0, 0x6, 0xdf, 0xfd, 0x70, 0x0, 0x0, 0xbf,
    0xff, 0xff, 0xfc, 0x0, 0x7, 0xff, 0xb4, 0x3a,
    0xff, 0x70, 0xd, 0xff, 0x0, 0x0, 0xef, 0xe0,
    0x1f, 0xfe, 0x88, 0x88, 0xdf, 0xf1, 0x2f, 0xff,
    0xff, 0xff, 0xff, 0xf2, 0x1f, 0xfc, 0x44, 0x44,
    0x44, 0x40, 0xe, 0xfe, 0x0, 0x0, 0x21, 0x0,
    0x9, 0xff, 0xa1, 0x5, 0xff, 0xb0, 0x0, 0xdf,
    0xff, 0xff, 0xff, 0x40, 0x0, 0x9, 0xff, 0xff,
    0xc4, 0x0, 0x0, 0x0, 0x2, 0x31, 0x0, 0x0,

    /* U+1EC4 "Ễ" */
    0x0, 0x5d, 0xd6, 0x2e, 0x70, 0x0, 0xf, 0xda,
    0xff, 0xf3, 0x0, 0x0, 0x62, 0x2, 0x62, 0x0,
    0x0, 0x0, 0x2b, 0xb8, 0x0, 0x0, 0x0, 0x2e,
    0xfd, 0xf8, 0x0, 0x0, 0x2e, 0xf7, 0x1e, 0xf8,
    0x0, 0x2, 0x43, 0x0, 0x14, 0x40, 0x6, 0x88,
    0x88, 0x88, 0x88, 0x80, 0xbf, 0xff, 0xff, 0xff,
    0xff, 0x1b, 0xff, 0xfe, 0xee, 0xee, 0xe0, 0xbf,
    0xf4, 0x0, 0x0, 0x0, 0xb, 0xff, 0x40, 0x0,
    0x0, 0x0, 0xbf, 0xf4, 0x0, 0x0, 0x0, 0xb,
    0xff, 0xb9, 0x99, 0x99, 0x40, 0xbf, 0xff, 0xff,
    0xff, 0xf8, 0xb, 0xff, 0xed, 0xdd, 0xdd, 0x70,
    0xbf, 0xf4, 0x0, 0x0, 0x0, 0xb, 0xff, 0x40,
    0x0, 0x0, 0x0, 0xbf, 0xf4, 0x0, 0x0, 0x0,
    0xb, 0xff, 0xa7, 0x77, 0x77, 0x70, 0xbf, 0xff,
    0xff, 0xff, 0xff, 0x1b, 0xff, 0xff, 0xff, 0xff,
    0xf1,

    /* U+1EC5 "ễ" */
    0x0, 0x0, 0x31, 0x0, 0x41, 0x0, 0x0, 0xd,
    0xff, 0xaa, 0xf4, 0x0, 0x0, 0x4f, 0x76, 0xdf,
    0xa0, 0x0, 0x0, 0x0, 0x1, 0x10, 0x0, 0x0,
    0x0, 0x0, 0xaf, 0xfa, 0x0, 0x0, 0x0, 0xa,
    0xfc, 0xbf, 0xa0, 0x0, 0x0, 0x8e, 0xc1, 0x1c,
    0xe8, 0x0, 0x0, 0x0, 0x0, 0x0, 0x0, 0x0,
    0x0, 0x6, 0xdf, 0xfd, 0x70, 0x0, 0x0, 0xbf,
    0xff, 0xff, 0xfc, 0x0, 0x7, 0xff, 0xb4, 0x3a,
    0xff, 0x70, 0xd, 0xff, 0x0, 0x0, 0xef, 0xe0,
    0x1f, 0xfe, 0x88, 0x88, 0xdf, 0xf1, 0x2f, 0xff,
    0xff, 0xff, 0xff, 0xf2, 0x1f, 0xfc, 0x44, 0x44,
    0x44, 0x40, 0xe, 0xfe, 0x0, 0x0, 0x21, 0x0,
    0x9, 0xff, 0xa1, 0x5, 0xff, 0xb0, 0x0, 0xdf,
    0xff, 0xff, 0xff, 0x40, 0x0, 0x9, 0xff, 0xff,
    0xc4, 0x0, 0x0, 0x0, 0x2, 0x31, 0x0, 0x0,

    /* U+1EC6 "Ệ" */
    0x0, 0x5, 0xff, 0xb0, 0x0, 0x0, 0x5, 0xfe,
    0xbf, 0xb0, 0x0, 0x5, 0xff, 0x30, 0xcf, 0xb0,
    0x0, 0x0, 0x0, 0x0, 0x0, 0x0, 0x68, 0x88,
    0x88, 0x88, 0x88, 0xb, 0xff, 0xff, 0xff, 0xff,
    0xf1, 0xbf, 0xff, 0xee, 0xee, 0xee, 0xb, 0xff,
    0x40, 0x0, 0x0, 0x0, 0xbf, 0xf4, 0x0, 0x0,
    0x0, 0xb, 0xff, 0x40, 0x0, 0x0, 0x0, 0xbf,
    0xfb, 0x99, 0x99, 0x94, 0xb, 0xff, 0xff, 0xff,
    0xff, 0x80, 0xbf, 0xfe, 0xdd, 0xdd, 0xd7, 0xb,
    0xff, 0x40, 0x0, 0x0, 0x0, 0xbf, 0xf4, 0x0,
    0x0, 0x0, 0xb, 0xff, 0x40, 0x0, 0x0, 0x0,
    0xbf, 0xfa, 0x77, 0x77, 0x77, 0xb, 0xff, 0xff,
    0xff, 0xff, 0xf1, 0xbf, 0xff, 0xff, 0xff, 0xff,
    0x10, 0x0, 0x0, 0x0, 0x0, 0x0, 0x0, 0x0,
    0x58, 0x10, 0x0, 0x0, 0x0, 0x4f, 0xfb, 0x0,
    0x0, 0x0, 0x3, 0xff, 0xa0, 0x0, 0x0, 0x0,
    0x3, 0x50, 0x0, 0x0,

    /* U+1EC7 "ệ" */
    0x0, 0x0, 0x15, 0x51, 0x0, 0x0, 0x0, 0x1,
    0xdf, 0xfd, 0x10, 0x0, 0x0, 0x1d, 0xf8, 0x8f,
    0xd1, 0x0, 0x0, 0x69, 0x80, 0x8, 0x96, 0x0,
    0x0, 0x0, 0x0, 0x0, 0x0, 0x0, 0x0, 0x6,
    0xdf, 0xfd, 0x70, 0x0, 0x0, 0xbf, 0xff, 0xff,
    0xfc, 0x0, 0x7, 0xff, 0xb4, 0x3a, 0xff, 0x70,
    0xd, 0xff, 0x0, 0x0, 0xef, 0xe0, 0x1f, 0xfe,
    0x88, 0x88, 0xdf, 0xf1, 0x2f, 0xff, 0xff, 0xff,
    0xff, 0xf2, 0x1f, 0xfc, 0x44, 0x44, 0x44, 0x40,
    0xe, 0xfe, 0x0, 0x0, 0x21, 0x0, 0x9, 0xff,
    0xa1, 0x5, 0xff, 0xb0, 0x0, 0xdf, 0xff, 0xff,
    0xff, 0x40, 0x0, 0x9, 0xff, 0xff, 0xc4, 0x0,
    0x0, 0x0, 0x2, 0x31, 0x0, 0x0, 0x0, 0x0,
    0x7, 0x70, 0x0, 0x0, 0x0, 0x0, 0x7f, 0xf8,
    0x0, 0x0, 0x0, 0x0, 0x6f, 0xf7, 0x0, 0x0,
    0x0, 0x0, 0x5, 0x50, 0x0, 0x0,

    /* U+1EC8 "Ỉ" */
    0xf, 0xfd, 0x30, 0x8b, 0xf7, 0x0, 0xce, 0x10,
    0x1, 0x0, 0x6, 0x88, 0x20, 0xbf, 0xf4, 0xb,
    0xff, 0x40, 0xbf, 0xf4, 0xb, 0xff, 0x40, 0xbf,
    0xf4, 0xb, 0xff, 0x40, 0xbf, 0xf4, 0xb, 0xff,
    0x40, 0xbf, 0xf4, 0xb, 0xff, 0x40, 0xbf, 0xf4,
    0xb, 0xff, 0x40, 0xbf, 0xf4, 0xb, 0xff, 0x40,

    /* U+1EC9 "ỉ" */
    0x5, 0x52, 0x2, 0xff, 0xf4, 0x2, 0xaf, 0x40,
    0xa, 0x80, 0x0, 0x0, 0x0, 0xbe, 0xe2, 0xc,
    0xff, 0x30, 0xcf, 0xf3, 0xc, 0xff, 0x30, 0xcf,
    0xf3, 0xc, 0xff, 0x30, 0xcf, 0xf3, 0xc, 0xff,
    0x30, 0xcf, 0xf3, 0xc, 0xff, 0x30, 0xcf, 0xf3,

    /* U+1ECA "Ị" */
    0x68, 0x82, 0xbf, 0xf4, 0xbf, 0xf4, 0xbf, 0xf4,
    0xbf, 0xf4, 0xbf, 0xf4, 0xbf, 0xf4, 0xbf, 0xf4,
    0xbf, 0xf4, 0xbf, 0xf4, 0xbf, 0xf4, 0xbf, 0xf4,
    0xbf, 0xf4, 0xbf, 0xf4, 0xbf, 0xf4, 0x0, 0x0,
    0x18, 0x60, 0xaf, 0xf4, 0x9f, 0xf3, 0x5, 0x30,

    /* U+1ECB "ị" */
    0x4, 0x20, 0xaf, 0xf2, 0xcf, 0xf3, 0x29, 0x60,
    0x0, 0x0, 0xbe, 0xe2, 0xcf, 0xf3, 0xcf, 0xf3,
    0xcf, 0xf3, 0xcf, 0xf3, 0xcf, 0xf3, 0xcf, 0xf3,
    0xcf, 0xf3, 0xcf, 0xf3, 0xcf, 0xf3, 0xcf, 0xf3,
    0x0, 0x0, 0x18, 0x50, 0xbf, 0xf3, 0xaf, 0xf3,
    0x6, 0x30,

    /* U+1ECC "Ọ" */
    0x0, 0x0, 0x5, 0x9b, 0xa8, 0x20, 0x0, 0x0,
    0x0, 0x4e, 0xff, 0xff, 0xff, 0x90, 0x0, 0x0,
    0x5f, 0xff, 0xff, 0xff, 0xff, 0xb0, 0x0, 0x1e,
    0xff, 0xa2, 0x0, 0x6f, 0xff, 0x70, 0x7, 0xff,
    0xc0, 0x0, 0x0, 0x5f, 0xfe, 0x0, 0xdf, 0xf4,
    0x0, 0x0, 0x0, 0xef, 0xf3, 0xf, 0xff, 0x0,
    0x0, 0x0, 0xa, 0xff, 0x50, 0xff, 0xf0, 0x0,
    0x0, 0x0, 0x8f, 0xf7, 0xf, 0xff, 0x0, 0x0,
    0x0, 0x9, 0xff, 0x60, 0xef, 0xf2, 0x0, 0x0,
    0x0, 0xcf, 0xf5, 0xa, 0xff, 0x80, 0x0, 0x0,
    0x1f, 0xff, 0x10, 0x4f, 0xff, 0x30, 0x0, 0xb,
    0xff, 0xa0, 0x0, 0xaf, 0xff, 0xa7, 0x8e, 0xff,
    0xf2, 0x0, 0x0, 0xbf, 0xff, 0xff, 0xff, 0xe4,
    0x0, 0x0, 0x0, 0x6d, 0xff, 0xff, 0x92, 0x0,
    0x0, 0x0, 0x0, 0x0, 0x21, 0x0, 0x0, 0x0,
    0x0, 0x0, 0x0, 0x18, 0x50, 0x0, 0x0, 0x0,
    0x0, 0x0, 0xc, 0xff, 0x30, 0x0, 0x0, 0x0,
    0x0, 0x0, 0xbf, 0xf2, 0x0, 0x0, 0x0, 0x0,
    0x0, 0x0, 0x63, 0x0, 0x0, 0x0,

    /* U+1ECD "ọ" */
    0x0, 0x0, 0x0, 0x0, 0x0, 0x0, 0x0, 0x6,
    0xdf, 0xfe, 0x81, 0x0, 0x0, 0xbf, 0xff, 0xff,
    0xfd, 0x10, 0x7, 0xff, 0xe6, 0x4c, 0xff, 0xb0,
    0xd, 0xff, 0x30, 0x0, 0xef, 0xf2, 0x1f, 0xfe,
    0x0, 0x0, 0x9f, 0xf5, 0x2f, 0xfc, 0x0, 0x0,
    0x8f, 0xf7, 0x1f, 0xfd, 0x0, 0x0, 0x9f, 0xf5,
    0xe, 0xff, 0x20, 0x0, 0xdf, 0xf2, 0x8, 0xff,
    0xc3, 0x2a, 0xff, 0xc0, 0x0, 0xdf, 0xff, 0xff,
    0xff, 0x20, 0x0, 0x9, 0xff, 0xff, 0xb2, 0x0,
    0x0, 0x0, 0x2, 0x20, 0x0, 0x0, 0x0, 0x0,
    0x6, 0x71, 0x0, 0x0, 0x0, 0x0, 0x5f, 0xfa,
    0x0, 0x0, 0x0, 0x0, 0x4f, 0xf9, 0x0, 0x0,
    0x0, 0x0, 0x4, 0x50, 0x0, 0x0,

    /* U+1ECE "Ỏ" */
    0x0, 0x0, 0x2, 0xff, 0xc2, 0x0, 0x0, 0x0,
    0x0, 0x0, 0x18, 0xcf, 0x50, 0x0, 0x0, 0x0,
    0x0, 0x0, 0xe, 0xd0, 0x0, 0x0, 0x0, 0x0,
    0x0, 0x0, 0x10, 0x0, 0x0, 0x0, 0x0, 0x0,
    0x5, 0x9b, 0xa8, 0x20, 0x0, 0x0, 0x0, 0x4e,
    0xff, 0xff, 0xff, 0x90, 0x0, 0x0, 0x5f, 0xff,
    0xff, 0xff, 0xff, 0xb0, 0x0, 0x1e, 0xff, 0xa2,
    0x0, 0x6f, 0xff, 0x70, 0x7, 0xff, 0xc0, 0x0,
    0x0, 0x5f, 0xfe, 0x0, 0xdf, 0xf4, 0x0, 0x0,
    0x0, 0xef, 0xf3, 0xf, 0xff, 0x0, 0x0, 0x0,
    0xa, 0xff, 0x50, 0xff, 0xf0, 0x0, 0x0, 0x0,
    0x8f, 0xf7, 0xf, 0xff, 0x0, 0x0, 0x0, 0x9,
    0xff, 0x60, 0xef, 0xf2, 0x0, 0x0, 0x0, 0xcf,
    0xf5, 0xa, 0xff, 0x80, 0x0, 0x0, 0x1f, 0xff,
    0x10, 0x4f, 0xff, 0x30, 0x0, 0xb, 0xff, 0xa0,
    0x0, 0xaf, 0xff, 0xa7, 0x8e, 0xff, 0xf2, 0x0,
    0x0, 0xbf, 0xff, 0xff, 0xff, 0xe4, 0x0, 0x0,
    0x0, 0x6d, 0xff, 0xff, 0x92, 0x0, 0x0, 0x0,
    0x0, 0x0, 0x21, 0x0, 0x0, 0x0,

    /* U+1ECF "ỏ" */
    0x0, 0x0, 0x45, 0x40, 0x0, 0x0, 0x0, 0x0,
    0xcf, 0xfb, 0x0, 0x0, 0x0, 0x0, 0x15, 0xfa,
    0x0, 0x0, 0x0, 0x0, 0x6, 0xa2, 0x0, 0x0,
    0x0, 0x0, 0x0, 0x0, 0x0, 0x0, 0x0, 0x6,
    0xdf, 0xfe, 0x81, 0x0, 0x0, 0xbf, 0xff, 0xff,
    0xfd, 0x10, 0x7, 0xff, 0xe6, 0x4c, 0xff, 0xb0,
    0xd, 0xff, 0x30, 0x0, 0xef, 0xf2, 0x1f, 0xfe,
    0x0, 0x0, 0x9f, 0xf5, 0x2f, 0xfc, 0x0, 0x0,
    0x8f, 0xf7, 0x1f, 0xfd, 0x0, 0x0, 0x9f, 0xf5,
    0xe, 0xff, 0x20, 0x0, 0xdf, 0xf2, 0x8, 0xff,
    0xc3, 0x2a, 0xff, 0xc0, 0x0, 0xdf, 0xff, 0xff,
    0xff, 0x20, 0x0, 0x9, 0xff, 0xff, 0xb2, 0x0,
    0x0, 0x0, 0x2, 0x20, 0x0, 0x0,

    /* U+1ED0 "Ố" */
    0x0, 0x0, 0x0, 0x0, 0x0, 0x11, 0x10, 0x0,
    0x0, 0x0, 0x0, 0x0, 0xd, 0xf6, 0x0, 0x0,
    0x0, 0x0, 0x0, 0x4, 0xfb, 0x0, 0x0, 0x0,
    0x0, 0x0, 0x0, 0x58, 0x10, 0x0, 0x0, 0x0,
    0x0, 0x8b, 0xb2, 0x0, 0x0, 0x0, 0x0, 0x0,
    0x9f, 0xdf, 0xe2, 0x0, 0x0, 0x0, 0x0, 0x8f,
    0xe1, 0x8f, 0xe2, 0x0, 0x0, 0x0, 0x4, 0x41,
    0x0, 0x34, 0x20, 0x0, 0x0, 0x0, 0x5, 0x9b,
    0xa8, 0x20, 0x0, 0x0, 0x0, 0x4e, 0xff, 0xff,
    0xff, 0x90, 0x0, 0x0, 0x5f, 0xff, 0xff, 0xff,
    0xff, 0xb0, 0x0, 0x1e, 0xff, 0xa2, 0x0, 0x6f,
    0xff, 0x70, 0x7, 0xff, 0xc0, 0x0, 0x0, 0x5f,
    0xfe, 0x0, 0xdf, 0xf4, 0x0, 0x0, 0x0, 0xef,
    0xf3, 0xf, 0xff, 0x0, 0x0, 0x0, 0xa, 0xff,
    0x50, 0xff, 0xf0, 0x0, 0x0, 0x0, 0x8f, 0xf7,
    0xf, 0xff, 0x0, 0x0, 0x0, 0x9, 0xff, 0x60,
    0xef, 0xf2, 0x0, 0x0, 0x0, 0xcf, 0xf5, 0xa,
    0xff, 0x80, 0x0, 0x0, 0x1f, 0xff, 0x10, 0x4f,
    0xff, 0x30, 0x0, 0xb, 0xff, 0xa0, 0x0, 0xaf,
    0xff, 0xa7, 0x8e, 0xff, 0xf2, 0x0, 0x0, 0xbf,
    0xff, 0xff, 0xff, 0xe4, 0x0, 0x0, 0x0, 0x6d,
    0xff, 0xff, 0x92, 0x0, 0x0, 0x0, 0x0, 0x0,
    0x21, 0x0, 0x0, 0x0,

    /* U+1ED1 "ố" */
    0x0, 0x0, 0x0, 0x0, 0x17, 0x70, 0x0, 0x0,
    0x0, 0x0, 0x9f, 0x80, 0x0, 0x0, 0x0, 0x1,
    0xfd, 0x0, 0x0, 0x0, 0x1, 0x11, 0x21, 0x0,
    0x0, 0x0, 0x8f, 0xfc, 0x0, 0x0, 0x0, 0x8,
    0xfd, 0xaf, 0xc0, 0x0, 0x0, 0x5e, 0xd2, 0xb,
    0xea, 0x0, 0x0, 0x0, 0x0, 0x0, 0x0, 0x0,
    0x0, 0x6, 0xdf, 0xfe, 0x81, 0x0, 0x0, 0xbf,
    0xff, 0xff, 0xfd, 0x10, 0x7, 0xff, 0xe6, 0x4c,
    0xff, 0xb0, 0xd, 0xff, 0x30, 0x0, 0xef, 0xf2,
    0x1f, 0xfe, 0x0, 0x0, 0x9f, 0xf5, 0x2f, 0xfc,
    0x0, 0x0, 0x8f, 0xf7, 0x1f, 0xfd, 0x0, 0x0,
    0x9f, 0xf5, 0xe, 0xff, 0x20, 0x0, 0xdf, 0xf2,
    0x8, 0xff, 0xc3, 0x2a, 0xff, 0xc0, 0x0, 0xdf,
    0xff, 0xff, 0xff, 0x20, 0x0, 0x9, 0xff, 0xff,
    0xb2, 0x0, 0x0, 0x0, 0x2, 0x20, 0x0, 0x0,

    /* U+1ED2 "Ồ" */
    0x0, 0x0, 0x0, 0x0, 0x11, 0x10, 0x0, 0x0,
    0x0, 0x0, 0x0, 0x4, 0xfe, 0x0, 0x0, 0x0,
    0x0, 0x0, 0x0, 0x9, 0xf6, 0x0, 0x0, 0x0,
    0x0, 0x0, 0x0, 0x7, 0x50, 0x0, 0x0, 0x0,
    0x0, 0x8b, 0xb2, 0x0, 0x0, 0x0, 0x0, 0x0,
    0x9f, 0xdf, 0xe2, 0x0, 0x0, 0x0, 0x0, 0x8f,
    0xe1, 0x8f, 0xe2, 0x0, 0x0, 0x0, 0x4, 0x41,
    0x0, 0x34, 0x20, 0x0, 0x0, 0x0, 0x5, 0x9b,
    0xa8, 0x20, 0x0, 0x0, 0x0, 0x4e, 0xff, 0xff,
    0xff, 0x90, 0x0, 0x0, 0x5f, 0xff, 0xff, 0xff,
    0xff, 0xb0, 0x0, 0x1e, 0xff, 0xa2, 0x0, 0x6f,
    0xff, 0x70, 0x7, 0xff, 0xc0, 0x0, 0x0, 0x5f,
    0xfe, 0x0, 0xdf, 0xf4, 0x0, 0x0, 0x0, 0xef,
    0xf3, 0xf, 0xff, 0x0, 0x0, 0x0, 0xa, 0xff,
    0x50, 0xff, 0xf0, 0x0, 0x0, 0x0, 0x8f, 0xf7,
    0xf, 0xff, 0x0, 0x0, 0x0, 0x9, 0xff, 0x60,
    0xef, 0xf2, 0x0, 0x0, 0x0, 0xcf, 0xf5, 0xa,
    0xff, 0x80, 0x0, 0x0, 0x1f, 0xff, 0x10, 0x4f,
    0xff, 0x30, 0x0, 0xb, 0xff, 0xa0, 0x0, 0xaf,
    0xff, 0xa7, 0x8e, 0xff, 0xf2, 0x0, 0x0, 0xbf,
    0xff, 0xff, 0xff, 0xe4, 0x0, 0x0, 0x0, 0x6d,
    0xff, 0xff, 0x92, 0x0, 0x0, 0x0, 0x0, 0x0,
    0x21, 0x0, 0x0, 0x0,

    /* U+1ED3 "ồ" */
    0x0, 0x0, 0x0, 0x7, 0x71, 0x0, 0x0, 0x0,
    0x0, 0x9, 0xf8, 0x0, 0x0, 0x0, 0x0, 0x0,
    0xee, 0x0, 0x0, 0x0, 0x1, 0x10, 0x12, 0x0,
    0x0, 0x0, 0x8f, 0xfc, 0x0, 0x0, 0x0, 0x8,
    0xfd, 0xaf, 0xc0, 0x0, 0x0, 0x5e, 0xd2, 0xb,
    0xea, 0x0, 0x0, 0x0, 0x0, 0x0, 0x0, 0x0,
    0x0, 0x6, 0xdf, 0xfe, 0x81, 0x0, 0x0, 0xbf,
    0xff, 0xff, 0xfd, 0x10, 0x7, 0xff, 0xe6, 0x4c,
    0xff, 0xb0, 0xd, 0xff, 0x30, 0x0, 0xef, 0xf2,
    0x1f, 0xfe, 0x0, 0x0, 0x9f, 0xf5, 0x2f, 0xfc,
    0x0, 0x0, 0x8f, 0xf7, 0x1f, 0xfd, 0x0, 0x0,
    0x9f, 0xf5, 0xe, 0xff, 0x20, 0x0, 0xdf, 0xf2,
    0x8, 0xff, 0xc3, 0x2a, 0xff, 0xc0, 0x0, 0xdf,
    0xff, 0xff, 0xff, 0x20, 0x0, 0x9, 0xff, 0xff,
    0xb2, 0x0, 0x0, 0x0, 0x2, 0x20, 0x0, 0x0,

    /* U+1ED4 "Ổ" */
    0x0, 0x0, 0x0, 0x0, 0x11, 0x0, 0x0, 0x0,
    0x0, 0x0, 0x0, 0xa, 0xff, 0x40, 0x0, 0x0,
    0x0, 0x0, 0x0, 0x26, 0xf6, 0x0, 0x0, 0x0,
    0x0, 0x0, 0x0, 0x57, 0x0, 0x0, 0x0, 0x0,
    0x0, 0x8b, 0xb2, 0x0, 0x0, 0x0, 0x0, 0x0,
    0x9f, 0xdf, 0xe2, 0x0, 0x0, 0x0, 0x0, 0x8f,
    0xe1, 0x8f, 0xe2, 0x0, 0x0, 0x0, 0x4, 0x41,
    0x0, 0x34, 0x20, 0x0, 0x0, 0x0, 0x5, 0x9b,
    0xa8, 0x20, 0x0, 0x0, 0x0, 0x4e, 0xff, 0xff,
    0xff, 0x90, 0x0, 0x0, 0x5f, 0xff, 0xff, 0xff,
    0xff, 0xb0, 0x0, 0x1e, 0xff, 0xa2, 0x0, 0x6f,
    0xff, 0x70, 0x7, 0xff, 0xc0, 0x0, 0x0, 0x5f,
    0xfe, 0x0, 0xdf, 0xf4, 0x0, 0x0, 0x0, 0xef,
    0xf3, 0xf, 0xff, 0x0, 0x0, 0x0, 0xa, 0xff,
    0x50, 0xff, 0xf0, 0x0, 0x0, 0x0, 0x8f, 0xf7,
    0xf, 0xff, 0x0, 0x0, 0x0, 0x9, 0xff, 0x60,
    0xef, 0xf2, 0x0, 0x0, 0x0, 0xcf, 0xf5, 0xa,
    0xff, 0x80, 0x0, 0x0, 0x1f, 0xff, 0x10, 0x4f,
    0xff, 0x30, 0x0, 0xb, 0xff, 0xa0, 0x0, 0xaf,
    0xff, 0xa7, 0x8e, 0xff, 0xf2, 0x0, 0x0, 0xbf,
    0xff, 0xff, 0xff, 0xe4, 0x0, 0x0, 0x0, 0x6d,
    0xff, 0xff, 0x92, 0x0, 0x0, 0x0, 0x0, 0x0,
    0x21, 0x0, 0x0, 0x0,

    /* U+1ED5 "ổ" */
    0x0, 0x0, 0x0, 0x17, 0x72, 0x0, 0x0, 0x0,
    0x0, 0x2d, 0xfe, 0x0, 0x0, 0x0, 0x0, 0x1,
    0xe9, 0x0, 0x0, 0x0, 0x1, 0x11, 0x20, 0x0,
    0x0, 0x0, 0x8f, 0xfc, 0x0, 0x0, 0x0, 0x8,
    0xfd, 0xaf, 0xc0, 0x0, 0x0, 0x5e, 0xd2, 0xb,
    0xea, 0x0, 0x0, 0x0, 0x0, 0x0, 0x0, 0x0,
    0x0, 0x6, 0xdf, 0xfe, 0x81, 0x0, 0x0, 0xbf,
    0xff, 0xff, 0xfd, 0x10, 0x7, 0xff, 0xe6, 0x4c,
    0xff, 0xb0, 0xd, 0xff, 0x30, 0x0, 0xef, 0xf2,
    0x1f, 0xfe, 0x0, 0x0, 0x9f, 0xf5, 0x2f, 0xfc,
    0x0, 0x0, 0x8f, 0xf7, 0x1f, 0xfd, 0x0, 0x0,
    0x9f, 0xf5, 0xe, 0xff, 0x20, 0x0, 0xdf, 0xf2,
    0x8, 0xff, 0xc3, 0x2a, 0xff, 0xc0, 0x0, 0xdf,
    0xff, 0xff, 0xff, 0x20, 0x0, 0x9, 0xff, 0xff,
    0xb2, 0x0, 0x0, 0x0, 0x2, 0x20, 0x0, 0x0,

    /* U+1ED6 "Ỗ" */
    0x0, 0x0, 0x1b, 0xea, 0x29, 0xe0, 0x0, 0x0,
    0x0, 0x7, 0xfa, 0xdf, 0xfb, 0x0, 0x0, 0x0,
    0x0, 0x35, 0x0, 0x45, 0x0, 0x0, 0x0, 0x0,
    0x0, 0x8, 0xbb, 0x20, 0x0, 0x0, 0x0, 0x0,
    0x9, 0xfd, 0xfe, 0x20, 0x0, 0x0, 0x0, 0x8,
    0xfe, 0x18, 0xfe, 0x20, 0x0, 0x0, 0x0, 0x44,
    0x10, 0x3, 0x42, 0x0, 0x0, 0x0, 0x0, 0x59,
    0xba, 0x82, 0x0, 0x0, 0x0, 0x4, 0xef, 0xff,
    0xff, 0xf9, 0x0, 0x0, 0x5, 0xff, 0xff, 0xff,
    0xff, 0xfb, 0x0, 0x1, 0xef, 0xfa, 0x20, 0x6,
    0xff, 0xf7, 0x0, 0x7f, 0xfc, 0x0, 0x0, 0x5,
    0xff, 0xe0, 0xd, 0xff, 0x40, 0x0, 0x0, 0xe,
    0xff, 0x30, 0xff, 0xf0, 0x0, 0x0, 0x0, 0xaf,
    0xf5, 0xf, 0xff, 0x0, 0x0, 0x0, 0x8, 0xff,
    0x70, 0xff, 0xf0, 0x0, 0x0, 0x0, 0x9f, 0xf6,
    0xe, 0xff, 0x20, 0x0, 0x0, 0xc, 0xff, 0x50,
    0xaf, 0xf8, 0x0, 0x0, 0x1, 0xff, 0xf1, 0x4,
    0xff, 0xf3, 0x0, 0x0, 0xbf, 0xfa, 0x0, 0xa,
    0xff, 0xfa, 0x78, 0xef, 0xff, 0x20, 0x0, 0xb,
    0xff, 0xff, 0xff, 0xfe, 0x40, 0x0, 0x0, 0x6,
    0xdf, 0xff, 0xf9, 0x20, 0x0, 0x0, 0x0, 0x0,
    0x2, 0x10, 0x0, 0x0, 0x0,

    /* U+1ED7 "ỗ" */
    0x0, 0x0, 0x32, 0x0, 0x42, 0x0, 0x0, 0xb,
    0xff, 0xb9, 0xf6, 0x0, 0x0, 0x2f, 0x95, 0xdf,
    0xb0, 0x0, 0x0, 0x0, 0x1, 0x10, 0x0, 0x0,
    0x0, 0x0, 0x8f, 0xfc, 0x0, 0x0, 0x0, 0x8,
    0xfd, 0xaf, 0xc0, 0x0, 0x0, 0x5e, 0xd2, 0xb,
    0xea, 0x0, 0x0, 0x0, 0x0, 0x0, 0x0, 0x0,
    0x0, 0x6, 0xdf, 0xfe, 0x81, 0x0, 0x0, 0xbf,
    0xff, 0xff, 0xfd, 0x10, 0x7, 0xff, 0xe6, 0x4c,
    0xff, 0xb0, 0xd, 0xff, 0x30, 0x0, 0xef, 0xf2,
    0x1f, 0xfe, 0x0, 0x0, 0x9f, 0xf5, 0x2f, 0xfc,
    0x0, 0x0, 0x8f, 0xf7, 0x1f, 0xfd, 0x0, 0x0,
    0x9f, 0xf5, 0xe, 0xff, 0x20, 0x0, 0xdf, 0xf2,
    0x8, 0xff, 0xc3, 0x2a, 0xff, 0xc0, 0x0, 0xdf,
    0xff, 0xff, 0xff, 0x20, 0x0, 0x9, 0xff, 0xff,
    0xb2, 0x0, 0x0, 0x0, 0x2, 0x20, 0x0, 0x0,

    /* U+1ED8 "Ộ" */
    0x0, 0x0, 0x1, 0xcf, 0xf4, 0x0, 0x0, 0x0,
    0x0, 0x0, 0xcf, 0xaf, 0xf4, 0x0, 0x0, 0x0,
    0x0, 0xcf, 0xb0, 0x5f, 0xf4, 0x0, 0x0, 0x0,
    0x0, 0x0, 0x0, 0x0, 0x0, 0x0, 0x0, 0x0,
    0x5, 0x9b, 0xa8, 0x20, 0x0, 0x0, 0x0, 0x4e,
    0xff, 0xff, 0xff, 0x90, 0x0, 0x0, 0x5f, 0xff,
    0xff, 0xff, 0xff, 0xb0, 0x0, 0x1e, 0xff, 0xa2,
    0x0, 0x6f, 0xff, 0x70, 0x7, 0xff, 0xc0, 0x0,
    0x0, 0x5f, 0xfe, 0x0, 0xdf, 0xf4, 0x0, 0x0,
    0x0, 0xef, 0xf3, 0xf, 0xff, 0x0, 0x0, 0x0,
    0xa, 0xff, 0x50, 0xff, 0xf0, 0x0, 0x0, 0x0,
    0x8f, 0xf7, 0xf, 0xff, 0x0, 0x0, 0x0, 0x9,
    0xff, 0x60, 0xef, 0xf2, 0x0, 0x0, 0x0, 0xcf,
    0xf5, 0xa, 0xff, 0x80, 0x0, 0x0, 0x1f, 0xff,
    0x10, 0x4f, 0xff, 0x30, 0x0, 0xb, 0xff, 0xa0,
    0x0, 0xaf, 0xff, 0xa7, 0x8e, 0xff, 0xf2, 0x0,
    0x0, 0xbf, 0xff, 0xff, 0xff, 0xe4, 0x0, 0x0,
    0x0, 0x6d, 0xff, 0xff, 0x92, 0x0, 0x0, 0x0,
    0x0, 0x0, 0x21, 0x0, 0x0, 0x0, 0x0, 0x0,
    0x0, 0x18, 0x50, 0x0, 0x0, 0x0, 0x0, 0x0,
    0xc, 0xff, 0x30, 0x0, 0x0, 0x0, 0x0, 0x0,
    0xbf, 0xf2, 0x0, 0x0, 0x0, 0x0, 0x0, 0x0,
    0x63, 0x0, 0x0, 0x0,

    /* U+1ED9 "ộ" */
    0x0, 0x0, 0x5, 0x52, 0x0, 0x0, 0x0, 0x0,
    0xcf, 0xfe, 0x20, 0x0, 0x0, 0xb, 0xfa, 0x6f,
    0xe2, 0x0, 0x0, 0x59, 0x90, 0x7, 0x98, 0x0,
    0x0, 0x0, 0x0, 0x0, 0x0, 0x0, 0x0, 0x6,
    0xdf, 0xfe, 0x81, 0x0, 0x0, 0xbf, 0xff, 0xff,
    0xfd, 0x10, 0x7, 0xff, 0xe6, 0x4c, 0xff, 0xb0,
    0xd, 0xff, 0x30, 0x0, 0xef, 0xf2, 0x1f, 0xfe,
    0x0, 0x0, 0x9f, 0xf5, 0x2f, 0xfc, 0x0, 0x0,
    0x8f, 0xf7, 0x1f, 0xfd, 0x0, 0x0, 0x9f, 0xf5,
    0xe, 0xff, 0x20, 0x0, 0xdf, 0xf2, 0x8, 0xff,
    0xc3, 0x2a, 0xff, 0xc0, 0x0, 0xdf, 0xff, 0xff,
    0xff, 0x20, 0x0, 0x9, 0xff, 0xff, 0xb2, 0x0,
    0x0, 0x0, 0x2, 0x20, 0x0, 0x0, 0x0, 0x0,
    0x6, 0x71, 0x0, 0x0, 0x0, 0x0, 0x5f, 0xfa,
    0x0, 0x0, 0x0, 0x0, 0x4f, 0xf9, 0x0, 0x0,
    0x0, 0x0, 0x4, 0x50, 0x0, 0x0,

    /* U+1EDA "Ớ" */
    0x0, 0x0, 0x0, 0x3, 0xff, 0x60, 0x0, 0x0,
    0x0, 0x0, 0x0, 0xaf, 0xb0, 0x0, 0x0, 0x0,
    0x0, 0x0, 0x1f, 0xf2, 0x0, 0x99, 0x50, 0x0,
    0x0, 0x0, 0x10, 0x0, 0xf, 0xf9, 0x0, 0x0,
    0x5, 0x9b, 0xba, 0x99, 0xff, 0x80, 0x0, 0x4e,
    0xff, 0xff, 0xff, 0xff, 0xf3, 0x0, 0x5f, 0xff,
    0xff, 0xff, 0xff, 0xe1, 0x0, 0x1e, 0xff, 0xa2,
    0x0, 0x6f, 0xff, 0x70, 0x7, 0xff, 0xc0, 0x0,
    0x0, 0x5f, 0xfe, 0x0, 0xdf, 0xf4, 0x0, 0x0,
    0x0, 0xef, 0xf3, 0xf, 0xff, 0x0, 0x0, 0x0,
    0xa, 0xff, 0x50, 0xff, 0xf0, 0x0, 0x0, 0x0,
    0x8f, 0xf7, 0xf, 0xff, 0x0, 0x0, 0x0, 0x9,
    0xff, 0x60, 0xef, 0xf2, 0x0, 0x0, 0x0, 0xcf,
    0xf5, 0xa, 0xff, 0x80, 0x0, 0x0, 0x1f, 0xff,
    0x10, 0x4f, 0xff, 0x30, 0x0, 0xb, 0xff, 0xa0,
    0x0, 0xaf, 0xff, 0xa7, 0x8e, 0xff, 0xf2, 0x0,
    0x0, 0xbf, 0xff, 0xff, 0xff, 0xe4, 0x0, 0x0,
    0x0, 0x6d, 0xff, 0xff, 0x92, 0x0, 0x0, 0x0,
    0x0, 0x0, 0x21, 0x0, 0x0, 0x0,

    /* U+1EDB "ớ" */
    0x0, 0x0, 0x0, 0x35, 0x50, 0x0, 0x0, 0x0,
    0x0, 0xe, 0xf9, 0x0, 0x0, 0x0, 0x0, 0x6,
    0xfd, 0x1, 0x55, 0x0, 0x0, 0x0, 0x8b, 0x30,
    0x4f, 0xf0, 0x0, 0x0, 0x0, 0x0, 0x5, 0xff,
    0x0, 0x0, 0x6d, 0xff, 0xff, 0xff, 0xb0, 0x0,
    0xbf, 0xff, 0xff, 0xff, 0x70, 0x0, 0x7f, 0xfe,
    0x64, 0xcf, 0xfb, 0x0, 0xd, 0xff, 0x30, 0x0,
    0xef, 0xf2, 0x1, 0xff, 0xe0, 0x0, 0x9, 0xff,
    0x50, 0x2f, 0xfc, 0x0, 0x0, 0x8f, 0xf7, 0x1,
    0xff, 0xd0, 0x0, 0x9, 0xff, 0x50, 0xe, 0xff,
    0x20, 0x0, 0xdf, 0xf2, 0x0, 0x8f, 0xfc, 0x32,
    0xaf, 0xfc, 0x0, 0x0, 0xdf, 0xff, 0xff, 0xff,
    0x20, 0x0, 0x0, 0x9f, 0xff, 0xfb, 0x20, 0x0,
    0x0, 0x0, 0x2, 0x20, 0x0, 0x0, 0x0,

    /* U+1EDC "Ờ" */
    0x0, 0x0, 0x1e, 0xf9, 0x0, 0x0, 0x0, 0x0,
    0x0, 0x0, 0x5f, 0xf1, 0x0, 0x0, 0x0, 0x0,
    0x0, 0x0, 0xaf, 0x80, 0x0, 0x99, 0x50, 0x0,
    0x0, 0x0, 0x10, 0x0, 0xf, 0xf9, 0x0, 0x0,
    0x5, 0x9b, 0xba, 0x99, 0xff, 0x80, 0x0, 0x4e,
    0xff, 0xff, 0xff, 0xff, 0xf3, 0x0, 0x5f, 0xff,
    0xff, 0xff, 0xff, 0xe1, 0x0, 0x1e, 0xff, 0xa2,
    0x0, 0x6f, 0xff, 0x70, 0x7, 0xff, 0xc0, 0x0,
    0x0, 0x5f, 0xfe, 0x0, 0xdf, 0xf4, 0x0, 0x0,
    0x0, 0xef, 0xf3, 0xf, 0xff, 0x0, 0x0, 0x0,
    0xa, 0xff, 0x50, 0xff, 0xf0, 0x0, 0x0, 0x0,
    0x8f, 0xf7, 0xf, 0xff, 0x0, 0x0, 0x0, 0x9,
    0xff, 0x60, 0xef, 0xf2, 0x0, 0x0, 0x0, 0xcf,
    0xf5, 0xa, 0xff, 0x80, 0x0, 0x0, 0x1f, 0xff,
    0x10, 0x4f, 0xff, 0x30, 0x0, 0xb, 0xff, 0xa0,
    0x0, 0xaf, 0xff, 0xa7, 0x8e, 0xff, 0xf2, 0x0,
    0x0, 0xbf, 0xff, 0xff, 0xff, 0xe4, 0x0, 0x0,
    0x0, 0x6d, 0xff, 0xff, 0x92, 0x0, 0x0, 0x0,
    0x0, 0x0, 0x21, 0x0, 0x0, 0x0,

    /* U+1EDD "ờ" */
    0x0, 0x4, 0x54, 0x0, 0x0, 0x0, 0x0, 0x0,
    0x5f, 0xf3, 0x0, 0x0, 0x0, 0x0, 0x0, 0xaf,
    0xa0, 0x1, 0x55, 0x0, 0x0, 0x1, 0xaa, 0x0,
    0x4f, 0xf0, 0x0, 0x0, 0x0, 0x0, 0x5, 0xff,
    0x0, 0x0, 0x6d, 0xff, 0xff, 0xff, 0xb0, 0x0,
    0xbf, 0xff, 0xff, 0xff, 0x70, 0x0, 0x7f, 0xfe,
    0x64, 0xcf, 0xfb, 0x0, 0xd, 0xff, 0x30, 0x0,
    0xef, 0xf2, 0x1, 0xff, 0xe0, 0x0, 0x9, 0xff,
    0x50, 0x2f, 0xfc, 0x0, 0x0, 0x8f, 0xf7, 0x1,
    0xff, 0xd0, 0x0, 0x9, 0xff, 0x50, 0xe, 0xff,
    0x20, 0x0, 0xdf, 0xf2, 0x0, 0x8f, 0xfc, 0x32,
    0xaf, 0xfc, 0x0, 0x0, 0xdf, 0xff, 0xff, 0xff,
    0x20, 0x0, 0x0, 0x9f, 0xff, 0xfb, 0x20, 0x0,
    0x0, 0x0, 0x2, 0x20, 0x0, 0x0, 0x0,

    /* U+1EDE "Ở" */
    0x0, 0x0, 0x2, 0xff, 0xc2, 0x0, 0x0, 0x0,
    0x0, 0x0, 0x18, 0xcf, 0x50, 0x0, 0x0, 0x0,
    0x0, 0x0, 0xe, 0xd0, 0x0, 0x99, 0x50, 0x0,
    0x0, 0x0, 0x10, 0x0, 0xf, 0xf9, 0x0, 0x0,
    0x5, 0x9b, 0xba, 0x99, 0xff, 0x80, 0x0, 0x4e,
    0xff, 0xff, 0xff, 0xff, 0xf3, 0x0, 0x5f, 0xff,
    0xff, 0xff, 0xff, 0xe1, 0x0, 0x1e, 0xff, 0xa2,
    0x0, 0x6f, 0xff, 0x70, 0x7, 0xff, 0xc0, 0x0,
    0x0, 0x5f, 0xfe, 0x0, 0xdf, 0xf4, 0x0, 0x0,
    0x0, 0xef, 0xf3, 0xf, 0xff, 0x0, 0x0, 0x0,
    0xa, 0xff, 0x50, 0xff, 0xf0, 0x0, 0x0, 0x0,
    0x8f, 0xf7, 0xf, 0xff, 0x0, 0x0, 0x0, 0x9,
    0xff, 0x60, 0xef, 0xf2, 0x0, 0x0, 0x0, 0xcf,
    0xf5, 0xa, 0xff, 0x80, 0x0, 0x0, 0x1f, 0xff,
    0x10, 0x4f, 0xff, 0x30, 0x0, 0xb, 0xff, 0xa0,
    0x0, 0xaf, 0xff, 0xa7, 0x8e, 0xff, 0xf2, 0x0,
    0x0, 0xbf, 0xff, 0xff, 0xff, 0xe4, 0x0, 0x0,
    0x0, 0x6d, 0xff, 0xff, 0x92, 0x0, 0x0, 0x0,
    0x0, 0x0, 0x21, 0x0, 0x0, 0x0,

    /* U+1EDF "ở" */
    0x0, 0x0, 0x45, 0x40, 0x0, 0x0, 0x0, 0x0,
    0xc, 0xff, 0xb0, 0x0, 0x0, 0x0, 0x0, 0x15,
    0xfa, 0x1, 0x55, 0x0, 0x0, 0x0, 0x6a, 0x20,
    0x4f, 0xf0, 0x0, 0x0, 0x0, 0x0, 0x5, 0xff,
    0x0, 0x0, 0x6d, 0xff, 0xff, 0xff, 0xb0, 0x0,
    0xbf, 0xff, 0xff, 0xff, 0x70, 0x0, 0x7f, 0xfe,
    0x64, 0xcf, 0xfb, 0x0, 0xd, 0xff, 0x30, 0x0,
    0xef, 0xf2, 0x1, 0xff, 0xe0, 0x0, 0x9, 0xff,
    0x50, 0x2f, 0xfc, 0x0, 0x0, 0x8f, 0xf7, 0x1,
    0xff, 0xd0, 0x0, 0x9, 0xff, 0x50, 0xe, 0xff,
    0x20, 0x0, 0xdf, 0xf2, 0x0, 0x8f, 0xfc, 0x32,
    0xaf, 0xfc, 0x0, 0x0, 0xdf, 0xff, 0xff, 0xff,
    0x20, 0x0, 0x0, 0x9f, 0xff, 0xfb, 0x20, 0x0,
    0x0, 0x0, 0x2, 0x20, 0x0, 0x0, 0x0,

    /* U+1EE0 "Ỡ" */
    0x0, 0x0, 0x8, 0xb7, 0x6, 0xb0, 0x0, 0x0,
    0x0, 0x6, 0xfe, 0xfe, 0xfd, 0x0, 0x0, 0x0,
    0x0, 0x7c, 0x4, 0xbb, 0x30, 0x99, 0x50, 0x0,
    0x0, 0x0, 0x0, 0x0, 0xf, 0xf9, 0x0, 0x0,
    0x5, 0x9b, 0xba, 0x99, 0xff, 0x80, 0x0, 0x4e,
    0xff, 0xff, 0xff, 0xff, 0xf3, 0x0, 0x5f, 0xff,
    0xff, 0xff, 0xff, 0xe1, 0x0, 0x1e, 0xff, 0xa2,
    0x0, 0x6f, 0xff, 0x70, 0x7, 0xff, 0xc0, 0x0,
    0x0, 0x5f, 0xfe, 0x0, 0xdf, 0xf4, 0x0, 0x0,
    0x0, 0xef, 0xf3, 0xf, 0xff, 0x0, 0x0, 0x0,
    0xa, 0xff, 0x50, 0xff, 0xf0, 0x0, 0x0, 0x0,
    0x8f, 0xf7, 0xf, 0xff, 0x0, 0x0, 0x0, 0x9,
    0xff, 0x60, 0xef, 0xf2, 0x0, 0x0, 0x0, 0xcf,
    0xf5, 0xa, 0xff, 0x80, 0x0, 0x0, 0x1f, 0xff,
    0x10, 0x4f, 0xff, 0x30, 0x0, 0xb, 0xff, 0xa0,
    0x0, 0xaf, 0xff, 0xa7, 0x8e, 0xff, 0xf2, 0x0,
    0x0, 0xbf, 0xff, 0xff, 0xff, 0xe4, 0x0, 0x0,
    0x0, 0x6d, 0xff, 0xff, 0x92, 0x0, 0x0, 0x0,
    0x0, 0x0, 0x21, 0x0, 0x0, 0x0,

    /* U+1EE1 "ỡ" */
    0x0, 0x1, 0xcc, 0x58, 0xb0, 0x0, 0x0, 0x0,
    0x8e, 0x8f, 0xf7, 0x15, 0x50, 0x0, 0x1, 0x10,
    0x12, 0x4, 0xff, 0x0, 0x0, 0x0, 0x0, 0x0,
    0x5f, 0xf0, 0x0, 0x6, 0xdf, 0xff, 0xff, 0xfb,
    0x0, 0xb, 0xff, 0xff, 0xff, 0xf7, 0x0, 0x7,
    0xff, 0xe6, 0x4c, 0xff, 0xb0, 0x0, 0xdf, 0xf3,
    0x0, 0xe, 0xff, 0x20, 0x1f, 0xfe, 0x0, 0x0,
    0x9f, 0xf5, 0x2, 0xff, 0xc0, 0x0, 0x8, 0xff,
    0x70, 0x1f, 0xfd, 0x0, 0x0, 0x9f, 0xf5, 0x0,
    0xef, 0xf2, 0x0, 0xd, 0xff, 0x20, 0x8, 0xff,
    0xc3, 0x2a, 0xff, 0xc0, 0x0, 0xd, 0xff, 0xff,
    0xff, 0xf2, 0x0, 0x0, 0x9, 0xff, 0xff, 0xb2,
    0x0, 0x0, 0x0, 0x0, 0x22, 0x0, 0x0, 0x0,

    /* U+1EE2 "Ợ" */
    0x0, 0x0, 0x0, 0x0, 0x0, 0x0, 0x99, 0x50,
    0x0, 0x0, 0x0, 0x0, 0x0, 0xf, 0xf9, 0x0,
    0x0, 0x5, 0x9b, 0xba, 0x99, 0xff, 0x80, 0x0,
    0x4e, 0xff, 0xff, 0xff, 0xff, 0xf3, 0x0, 0x5f,
    0xff, 0xff, 0xff, 0xff, 0xe1, 0x0, 0x1e, 0xff,
    0xa2, 0x0, 0x6f, 0xff, 0x70, 0x7, 0xff, 0xc0,
    0x0, 0x0, 0x5f, 0xfe, 0x0, 0xdf, 0xf4, 0x0,
    0x0, 0x0, 0xef, 0xf3, 0xf, 0xff, 0x0, 0x0,
    0x0, 0xa, 0xff, 0x50, 0xff, 0xf0, 0x0, 0x0,
    0x0, 0x8f, 0xf7, 0xf, 0xff, 0x0, 0x0, 0x0,
    0x9, 0xff, 0x60, 0xef, 0xf2, 0x0, 0x0, 0x0,
    0xcf, 0xf5, 0xa, 0xff, 0x80, 0x0, 0x0, 0x1f,
    0xff, 0x10, 0x4f, 0xff, 0x30, 0x0, 0xb, 0xff,
    0xa0, 0x0, 0xaf, 0xff, 0xa7, 0x8e, 0xff, 0xf2,
    0x0, 0x0, 0xbf, 0xff, 0xff, 0xff, 0xe4, 0x0,
    0x0, 0x0, 0x6d, 0xff, 0xff, 0x92, 0x0, 0x0,
    0x0, 0x0, 0x0, 0x21, 0x0, 0x0, 0x0, 0x0,
    0x0, 0x0, 0x18, 0x50, 0x0, 0x0, 0x0, 0x0,
    0x0, 0xc, 0xff, 0x30, 0x0, 0x0, 0x0, 0x0,
    0x0, 0xbf, 0xf2, 0x0, 0x0, 0x0, 0x0, 0x0,
    0x0, 0x63, 0x0, 0x0, 0x0,

    /* U+1EE3 "ợ" */
    0x0, 0x0, 0x0, 0x0, 0x1, 0x55, 0x0, 0x0,
    0x0, 0x0, 0x0, 0x4f, 0xf0, 0x0, 0x0, 0x0,
    0x0, 0x5, 0xff, 0x0, 0x0, 0x6d, 0xff, 0xff,
    0xff, 0xb0, 0x0, 0xbf, 0xff, 0xff, 0xff, 0x70,
    0x0, 0x7f, 0xfe, 0x64, 0xcf, 0xfb, 0x0, 0xd,
    0xff, 0x30, 0x0, 0xef, 0xf2, 0x1, 0xff, 0xe0,
    0x0, 0x9, 0xff, 0x50, 0x2f, 0xfc, 0x0, 0x0,
    0x8f, 0xf7, 0x1, 0xff, 0xd0, 0x0, 0x9, 0xff,
    0x50, 0xe, 0xff, 0x20, 0x0, 0xdf, 0xf2, 0x0,
    0x8f, 0xfc, 0x32, 0xaf, 0xfc, 0x0, 0x0, 0xdf,
    0xff, 0xff, 0xff, 0x20, 0x0, 0x0, 0x9f, 0xff,
    0xfb, 0x20, 0x0, 0x0, 0x0, 0x2, 0x20, 0x0,
    0x0, 0x0, 0x0, 0x0, 0x67, 0x10, 0x0, 0x0,
    0x0, 0x0, 0x5f, 0xfa, 0x0, 0x0, 0x0, 0x0,
    0x4, 0xff, 0x90, 0x0, 0x0, 0x0, 0x0, 0x4,
    0x50, 0x0, 0x0, 0x0,

    /* U+1EE4 "Ụ" */
    0x68, 0x82, 0x0, 0x0, 0x5, 0x88, 0x2b, 0xff,
    0x40, 0x0, 0x0, 0xaf, 0xf5, 0xbf, 0xf4, 0x0,
    0x0, 0xa, 0xff, 0x5b, 0xff, 0x40, 0x0, 0x0,
    0xaf, 0xf5, 0xbf, 0xf4, 0x0, 0x0, 0xa, 0xff,
    0x5b, 0xff, 0x40, 0x0, 0x0, 0xaf, 0xf5, 0xbf,
    0xf4, 0x0, 0x0, 0xa, 0xff, 0x5b, 0xff, 0x40,
    0x0, 0x0, 0xaf, 0xf5, 0xbf, 0xf4, 0x0, 0x0,
    0xa, 0xff, 0x5a, 0xff, 0x40, 0x0, 0x0, 0xaf,
    0xf5, 0x9f, 0xf7, 0x0, 0x0, 0xc, 0xff, 0x46,
    0xff, 0xd1, 0x0, 0x5, 0xff, 0xf1, 0xe, 0xff,
    0xe8, 0x7a, 0xff, 0xfa, 0x0, 0x4f, 0xff, 0xff,
    0xff, 0xfc, 0x0, 0x0, 0x2a, 0xff, 0xff, 0xd7,
    0x0, 0x0, 0x0, 0x0, 0x22, 0x10, 0x0, 0x0,
    0x0, 0x0, 0x4, 0x82, 0x0, 0x0, 0x0, 0x0,
    0x2, 0xff, 0xd0, 0x0, 0x0, 0x0, 0x0, 0x1f,
    0xfc, 0x0, 0x0, 0x0, 0x0, 0x0, 0x26, 0x10,
    0x0, 0x0,

    /* U+1EE5 "ụ" */
    0xbe, 0xe2, 0x0, 0xa, 0xee, 0x3c, 0xff, 0x30,
    0x0, 0xbf, 0xf3, 0xcf, 0xf3, 0x0, 0xb, 0xff,
    0x3c, 0xff, 0x30, 0x0, 0xbf, 0xf3, 0xcf, 0xf3,
    0x0, 0xb, 0xff, 0x3c, 0xff, 0x30, 0x0, 0xbf,
    0xf3, 0xcf, 0xf3, 0x0, 0xc, 0xff, 0x3b, 0xff,
    0x60, 0x0, 0xef, 0xf3, 0x8f, 0xfe, 0x75, 0xcf,
    0xff, 0x32, 0xff, 0xff, 0xfe, 0xaf, 0xf3, 0x4,
    0xdf, 0xfc, 0x29, 0xff, 0x30, 0x0, 0x11, 0x0,
    0x0, 0x0, 0x0, 0x0, 0x48, 0x20, 0x0, 0x0,
    0x0, 0x2f, 0xfd, 0x0, 0x0, 0x0, 0x1, 0xff,
    0xc0, 0x0, 0x0, 0x0, 0x2, 0x61, 0x0, 0x0,

    /* U+1EE6 "Ủ" */
    0x0, 0x0, 0x8f, 0xe9, 0x0, 0x0, 0x0, 0x0,
    0x4, 0x8f, 0xf0, 0x0, 0x0, 0x0, 0x0, 0x4,
    0xf8, 0x0, 0x0, 0x0, 0x0, 0x0, 0x1, 0x0,
    0x0, 0x0, 0x68, 0x82, 0x0, 0x0, 0x5, 0x88,
    0x2b, 0xff, 0x40, 0x0, 0x0, 0xaf, 0xf5, 0xbf,
    0xf4, 0x0, 0x0, 0xa, 0xff, 0x5b, 0xff, 0x40,
    0x0, 0x0, 0xaf, 0xf5, 0xbf, 0xf4, 0x0, 0x0,
    0xa, 0xff, 0x5b, 0xff, 0x40, 0x0, 0x0, 0xaf,
    0xf5, 0xbf, 0xf4, 0x0, 0x0, 0xa, 0xff, 0x5b,
    0xff, 0x40, 0x0, 0x0, 0xaf, 0xf5, 0xbf, 0xf4,
    0x0, 0x0, 0xa, 0xff, 0x5a, 0xff, 0x40, 0x0,
    0x0, 0xaf, 0xf5, 0x9f, 0xf7, 0x0, 0x0, 0xc,
    0xff, 0x46, 0xff, 0xd1, 0x0, 0x5, 0xff, 0xf1,
    0xe, 0xff, 0xe8, 0x7a, 0xff, 0xfa, 0x0, 0x4f,
    0xff, 0xff, 0xff, 0xfc, 0x0, 0x0, 0x2a, 0xff,
    0xff, 0xd7, 0x0, 0x0, 0x0, 0x0, 0x22, 0x10,
    0x0, 0x0,

    /* U+1EE7 "ủ" */
    0x0, 0x3, 0x54, 0x0, 0x0, 0x0, 0x0, 0xaf,
    0xfc, 0x0, 0x0, 0x0, 0x1, 0x4f, 0xc0, 0x0,
    0x0, 0x0, 0x5, 0xb3, 0x0, 0x0, 0x0, 0x0,
    0x0, 0x0, 0x0, 0xb, 0xee, 0x20, 0x0, 0xae,
    0xe3, 0xcf, 0xf3, 0x0, 0xb, 0xff, 0x3c, 0xff,
    0x30, 0x0, 0xbf, 0xf3, 0xcf, 0xf3, 0x0, 0xb,
    0xff, 0x3c, 0xff, 0x30, 0x0, 0xbf, 0xf3, 0xcf,
    0xf3, 0x0, 0xb, 0xff, 0x3c, 0xff, 0x30, 0x0,
    0xcf, 0xf3, 0xbf, 0xf6, 0x0, 0xe, 0xff, 0x38,
    0xff, 0xe7, 0x5c, 0xff, 0xf3, 0x2f, 0xff, 0xff,
    0xea, 0xff, 0x30, 0x4d, 0xff, 0xc2, 0x9f, 0xf3,
    0x0, 0x1, 0x10, 0x0, 0x0, 0x0,

    /* U+1EE8 "Ứ" */
    0x0, 0x0, 0x0, 0x9f, 0xe1, 0x0, 0x0, 0x0,
    0x0, 0x0, 0x1f, 0xf5, 0x0, 0x0, 0x0, 0x0,
    0x0, 0x7, 0xfa, 0x0, 0x5, 0x99, 0x0, 0x0,
    0x0, 0x1, 0x0, 0x0, 0x9f, 0xf0, 0x68, 0x82,
    0x0, 0x0, 0x5, 0x8d, 0xff, 0xb, 0xff, 0x40,
    0x0, 0x0, 0xaf, 0xff, 0xa0, 0xbf, 0xf4, 0x0,
    0x0, 0xa, 0xff, 0x70, 0xb, 0xff, 0x40, 0x0,
    0x0, 0xaf, 0xf5, 0x0, 0xbf, 0xf4, 0x0, 0x0,
    0xa, 0xff, 0x50, 0xb, 0xff, 0x40, 0x0, 0x0,
    0xaf, 0xf5, 0x0, 0xbf, 0xf4, 0x0, 0x0, 0xa,
    0xff, 0x50, 0xb, 0xff, 0x40, 0x0, 0x0, 0xaf,
    0xf5, 0x0, 0xbf, 0xf4, 0x0, 0x0, 0xa, 0xff,
    0x50, 0xa, 0xff, 0x40, 0x0, 0x0, 0xaf, 0xf5,
    0x0, 0x9f, 0xf7, 0x0, 0x0, 0xc, 0xff, 0x40,
    0x6, 0xff, 0xd1, 0x0, 0x5, 0xff, 0xf1, 0x0,
    0xe, 0xff, 0xe8, 0x7a, 0xff, 0xfa, 0x0, 0x0,
    0x4f, 0xff, 0xff, 0xff, 0xfc, 0x0, 0x0, 0x0,
    0x2a, 0xff, 0xff, 0xd7, 0x0, 0x0, 0x0, 0x0,
    0x0, 0x22, 0x10, 0x0, 0x0, 0x0,

    /* U+1EE9 "ứ" */
    0x0, 0x0, 0x3, 0x55, 0x0, 0x0, 0x0, 0x0,
    0xd, 0xfa, 0x0, 0x0, 0x0, 0x0, 0x4f, 0xe1,
    0x2, 0x54, 0x0, 0x0, 0x7b, 0x40, 0x7, 0xfd,
    0x0, 0x0, 0x0, 0x0, 0x7, 0xfd, 0xbe, 0xe2,
    0x0, 0xa, 0xef, 0xfb, 0xcf, 0xf3, 0x0, 0xb,
    0xff, 0xc2, 0xcf, 0xf3, 0x0, 0xb, 0xff, 0x30,
    0xcf, 0xf3, 0x0, 0xb, 0xff, 0x30, 0xcf, 0xf3,
    0x0, 0xb, 0xff, 0x30, 0xcf, 0xf3, 0x0, 0xb,
    0xff, 0x30, 0xcf, 0xf3, 0x0, 0xc, 0xff, 0x30,
    0xbf, 0xf6, 0x0, 0xe, 0xff, 0x30, 0x8f, 0xfe,
    0x75, 0xcf, 0xff, 0x30, 0x2f, 0xff, 0xff, 0xea,
    0xff, 0x30, 0x4, 0xdf, 0xfc, 0x29, 0xff, 0x30,
    0x0, 0x1, 0x10, 0x0, 0x0, 0x0,

    /* U+1EEA "Ừ" */
    0x0, 0x5, 0xff, 0x30, 0x0, 0x0, 0x0, 0x0,
    0x0, 0xb, 0xfa, 0x0, 0x0, 0x0, 0x0, 0x0,
    0x0, 0x1f, 0xf2, 0x0, 0x5, 0x99, 0x0, 0x0,
    0x0, 0x1, 0x0, 0x0, 0x9f, 0xf0, 0x68, 0x82,
    0x0, 0x0, 0x5, 0x8d, 0xff, 0xb, 0xff, 0x40,
    0x0, 0x0, 0xaf, 0xff, 0xa0, 0xbf, 0xf4, 0x0,
    0x0, 0xa, 0xff, 0x70, 0xb, 0xff, 0x40, 0x0,
    0x0, 0xaf, 0xf5, 0x0, 0xbf, 0xf4, 0x0, 0x0,
    0xa, 0xff, 0x50, 0xb, 0xff, 0x40, 0x0, 0x0,
    0xaf, 0xf5, 0x0, 0xbf, 0xf4, 0x0, 0x0, 0xa,
    0xff, 0x50, 0xb, 0xff, 0x40, 0x0, 0x0, 0xaf,
    0xf5, 0x0, 0xbf, 0xf4, 0x0, 0x0, 0xa, 0xff,
    0x50, 0xa, 0xff, 0x40, 0x0, 0x0, 0xaf, 0xf5,
    0x0, 0x9f, 0xf7, 0x0, 0x0, 0xc, 0xff, 0x40,
    0x6, 0xff, 0xd1, 0x0, 0x5, 0xff, 0xf1, 0x0,
    0xe, 0xff, 0xe8, 0x7a, 0xff, 0xfa, 0x0, 0x0,
    0x4f, 0xff, 0xff, 0xff, 0xfc, 0x0, 0x0, 0x0,
    0x2a, 0xff, 0xff, 0xd7, 0x0, 0x0, 0x0, 0x0,
    0x0, 0x22, 0x10, 0x0, 0x0, 0x0,

    /* U+1EEB "ừ" */
    0x0, 0x35, 0x50, 0x0, 0x0, 0x0, 0x0, 0x3f,
    0xf4, 0x0, 0x0, 0x0, 0x0, 0x9, 0xfb, 0x0,
    0x2, 0x54, 0x0, 0x0, 0xaa, 0x10, 0x7, 0xfd,
    0x0, 0x0, 0x0, 0x0, 0x7, 0xfd, 0xbe, 0xe2,
    0x0, 0xa, 0xef, 0xfb, 0xcf, 0xf3, 0x0, 0xb,
    0xff, 0xc2, 0xcf, 0xf3, 0x0, 0xb, 0xff, 0x30,
    0xcf, 0xf3, 0x0, 0xb, 0xff, 0x30, 0xcf, 0xf3,
    0x0, 0xb, 0xff, 0x30, 0xcf, 0xf3, 0x0, 0xb,
    0xff, 0x30, 0xcf, 0xf3, 0x0, 0xc, 0xff, 0x30,
    0xbf, 0xf6, 0x0, 0xe, 0xff, 0x30, 0x8f, 0xfe,
    0x75, 0xcf, 0xff, 0x30, 0x2f, 0xff, 0xff, 0xea,
    0xff, 0x30, 0x4, 0xdf, 0xfc, 0x29, 0xff, 0x30,
    0x0, 0x1, 0x10, 0x0, 0x0, 0x0,

    /* U+1EEC "Ử" */
    0x0, 0x0, 0x8f, 0xe9, 0x0, 0x0, 0x0, 0x0,
    0x0, 0x4, 0x8f, 0xf0, 0x0, 0x0, 0x0, 0x0,
    0x0, 0x4, 0xf8, 0x0, 0x5, 0x99, 0x0, 0x0,
    0x0, 0x1, 0x0, 0x0, 0x9f, 0xf0, 0x68, 0x82,
    0x0, 0x0, 0x5, 0x8d, 0xff, 0xb, 0xff, 0x40,
    0x0, 0x0, 0xaf, 0xff, 0xa0, 0xbf, 0xf4, 0x0,
    0x0, 0xa, 0xff, 0x70, 0xb, 0xff, 0x40, 0x0,
    0x0, 0xaf, 0xf5, 0x0, 0xbf, 0xf4, 0x0, 0x0,
    0xa, 0xff, 0x50, 0xb, 0xff, 0x40, 0x0, 0x0,
    0xaf, 0xf5, 0x0, 0xbf, 0xf4, 0x0, 0x0, 0xa,
    0xff, 0x50, 0xb, 0xff, 0x40, 0x0, 0x0, 0xaf,
    0xf5, 0x0, 0xbf, 0xf4, 0x0, 0x0, 0xa, 0xff,
    0x50, 0xa, 0xff, 0x40, 0x0, 0x0, 0xaf, 0xf5,
    0x0, 0x9f, 0xf7, 0x0, 0x0, 0xc, 0xff, 0x40,
    0x6, 0xff, 0xd1, 0x0, 0x5, 0xff, 0xf1, 0x0,
    0xe, 0xff, 0xe8, 0x7a, 0xff, 0xfa, 0x0, 0x0,
    0x4f, 0xff, 0xff, 0xff, 0xfc, 0x0, 0x0, 0x0,
    0x2a, 0xff, 0xff, 0xd7, 0x0, 0x0, 0x0, 0x0,
    0x0, 0x22, 0x10, 0x0, 0x0, 0x0,

    /* U+1EED "ử" */
    0x0, 0x3, 0x54, 0x0, 0x0, 0x0, 0x0, 0xa,
    0xff, 0xc0, 0x0, 0x0, 0x0, 0x1, 0x4f, 0xc0,
    0x2, 0x54, 0x0, 0x0, 0x5b, 0x30, 0x7, 0xfd,
    0x0, 0x0, 0x0, 0x0, 0x7, 0xfd, 0xbe, 0xe2,
    0x0, 0xa, 0xef, 0xfb, 0xcf, 0xf3, 0x0, 0xb,
    0xff, 0xc2, 0xcf, 0xf3, 0x0, 0xb, 0xff, 0x30,
    0xcf, 0xf3, 0x0, 0xb, 0xff, 0x30, 0xcf, 0xf3,
    0x0, 0xb, 0xff, 0x30, 0xcf, 0xf3, 0x0, 0xb,
    0xff, 0x30, 0xcf, 0xf3, 0x0, 0xc, 0xff, 0x30,
    0xbf, 0xf6, 0x0, 0xe, 0xff, 0x30, 0x8f, 0xfe,
    0x75, 0xcf, 0xff, 0x30, 0x2f, 0xff, 0xff, 0xea,
    0xff, 0x30, 0x4, 0xdf, 0xfc, 0x29, 0xff, 0x30,
    0x0, 0x1, 0x10, 0x0, 0x0, 0x0,

    /* U+1EEE "Ữ" */
    0x0, 0x2, 0xba, 0x30, 0xb7, 0x0, 0x0, 0x0,
    0x0, 0xcf, 0xff, 0xef, 0x70, 0x0, 0x0, 0x0,
    0xc, 0x70, 0x8c, 0x90, 0x5, 0x99, 0x0, 0x0,
    0x0, 0x0, 0x0, 0x0, 0x9f, 0xf0, 0x68, 0x82,
    0x0, 0x0, 0x5, 0x8d, 0xff, 0xb, 0xff, 0x40,
    0x0, 0x0, 0xaf, 0xff, 0xa0, 0xbf, 0xf4, 0x0,
    0x0, 0xa, 0xff, 0x70, 0xb, 0xff, 0x40, 0x0,
    0x0, 0xaf, 0xf5, 0x0, 0xbf, 0xf4, 0x0, 0x0,
    0xa, 0xff, 0x50, 0xb, 0xff, 0x40, 0x0, 0x0,
    0xaf, 0xf5, 0x0, 0xbf, 0xf4, 0x0, 0x0, 0xa,
    0xff, 0x50, 0xb, 0xff, 0x40, 0x0, 0x0, 0xaf,
    0xf5, 0x0, 0xbf, 0xf4, 0x0, 0x0, 0xa, 0xff,
    0x50, 0xa, 0xff, 0x40, 0x0, 0x0, 0xaf, 0xf5,
    0x0, 0x9f, 0xf7, 0x0, 0x0, 0xc, 0xff, 0x40,
    0x6, 0xff, 0xd1, 0x0, 0x5, 0xff, 0xf1, 0x0,
    0xe, 0xff, 0xe8, 0x7a, 0xff, 0xfa, 0x0, 0x0,
    0x4f, 0xff, 0xff, 0xff, 0xfc, 0x0, 0x0, 0x0,
    0x2a, 0xff, 0xff, 0xd7, 0x0, 0x0, 0x0, 0x0,
    0x0, 0x22, 0x10, 0x0, 0x0, 0x0,

    /* U+1EEF "ữ" */
    0x0, 0x1, 0x0, 0x1, 0x10, 0x0, 0x0, 0x7f,
    0xf8, 0x4f, 0x80, 0x0, 0x0, 0xfd, 0xaf, 0xff,
    0x32, 0x54, 0x0, 0x63, 0x2, 0x63, 0x7, 0xfd,
    0x0, 0x0, 0x0, 0x0, 0x7, 0xfd, 0xbe, 0xe2,
    0x0, 0xa, 0xef, 0xfb, 0xcf, 0xf3, 0x0, 0xb,
    0xff, 0xc2, 0xcf, 0xf3, 0x0, 0xb, 0xff, 0x30,
    0xcf, 0xf3, 0x0, 0xb, 0xff, 0x30, 0xcf, 0xf3,
    0x0, 0xb, 0xff, 0x30, 0xcf, 0xf3, 0x0, 0xb,
    0xff, 0x30, 0xcf, 0xf3, 0x0, 0xc, 0xff, 0x30,
    0xbf, 0xf6, 0x0, 0xe, 0xff, 0x30, 0x8f, 0xfe,
    0x75, 0xcf, 0xff, 0x30, 0x2f, 0xff, 0xff, 0xea,
    0xff, 0x30, 0x4, 0xdf, 0xfc, 0x29, 0xff, 0x30,
    0x0, 0x1, 0x10, 0x0, 0x0, 0x0,

    /* U+1EF0 "Ự" */
    0x0, 0x0, 0x0, 0x0, 0x0, 0x5, 0x99, 0x0,
    0x0, 0x0, 0x0, 0x0, 0x0, 0x9f, 0xf0, 0x68,
    0x82, 0x0, 0x0, 0x5, 0x8d, 0xff, 0xb, 0xff,
    0x40, 0x0, 0x0, 0xaf, 0xff, 0xa0, 0xbf, 0xf4,
    0x0, 0x0, 0xa, 0xff, 0x70, 0xb, 0xff, 0x40,
    0x0, 0x0, 0xaf, 0xf5, 0x0, 0xbf, 0xf4, 0x0,
    0x0, 0xa, 0xff, 0x50, 0xb, 0xff, 0x40, 0x0,
    0x0, 0xaf, 0xf5, 0x0, 0xbf, 0xf4, 0x0, 0x0,
    0xa, 0xff, 0x50, 0xb, 0xff, 0x40, 0x0, 0x0,
    0xaf, 0xf5, 0x0, 0xbf, 0xf4, 0x0, 0x0, 0xa,
    0xff, 0x50, 0xa, 0xff, 0x40, 0x0, 0x0, 0xaf,
    0xf5, 0x0, 0x9f, 0xf7, 0x0, 0x0, 0xc, 0xff,
    0x40, 0x6, 0xff, 0xd1, 0x0, 0x5, 0xff, 0xf1,
    0x0, 0xe, 0xff, 0xe8, 0x7a, 0xff, 0xfa, 0x0,
    0x0, 0x4f, 0xff, 0xff, 0xff, 0xfc, 0x0, 0x0,
    0x0, 0x2a, 0xff, 0xff, 0xd7, 0x0, 0x0, 0x0,
    0x0, 0x0, 0x22, 0x10, 0x0, 0x0, 0x0, 0x0,
    0x0, 0x4, 0x82, 0x0, 0x0, 0x0, 0x0, 0x0,
    0x2, 0xff, 0xd0, 0x0, 0x0, 0x0, 0x0, 0x0,
    0x1f, 0xfc, 0x0, 0x0, 0x0, 0x0, 0x0, 0x0,
    0x26, 0x10, 0x0, 0x0, 0x0,

    /* U+1EF1 "ự" */
    0x0, 0x0, 0x0, 0x0, 0x2, 0x54, 0x0, 0x0,
    0x0, 0x0, 0x7, 0xfd, 0x0, 0x0, 0x0, 0x0,
    0x7, 0xfd, 0xbe, 0xe2, 0x0, 0xa, 0xef, 0xfb,
    0xcf, 0xf3, 0x0, 0xb, 0xff, 0xc2, 0xcf, 0xf3,
    0x0, 0xb, 0xff, 0x30, 0xcf, 0xf3, 0x0, 0xb,
    0xff, 0x30, 0xcf, 0xf3, 0x0, 0xb, 0xff, 0x30,
    0xcf, 0xf3, 0x0, 0xb, 0xff, 0x30, 0xcf, 0xf3,
    0x0, 0xc, 0xff, 0x30, 0xbf, 0xf6, 0x0, 0xe,
    0xff, 0x30, 0x8f, 0xfe, 0x75, 0xcf, 0xff, 0x30,
    0x2f, 0xff, 0xff, 0xea, 0xff, 0x30, 0x4, 0xdf,
    0xfc, 0x29, 0xff, 0x30, 0x0, 0x1, 0x10, 0x0,
    0x0, 0x0, 0x0, 0x0, 0x48, 0x20, 0x0, 0x0,
    0x0, 0x2, 0xff, 0xd0, 0x0, 0x0, 0x0, 0x1,
    0xff, 0xc0, 0x0, 0x0, 0x0, 0x0, 0x26, 0x10,
    0x0, 0x0,

    /* U+1EF2 "Ỳ" */
    0x0, 0x0, 0x6f, 0xf3, 0x0, 0x0, 0x0, 0x0,
    0x0, 0x0, 0xbf, 0xa0, 0x0, 0x0, 0x0, 0x0,
    0x0, 0x2, 0xff, 0x10, 0x0, 0x0, 0x0, 0x0,
    0x0, 0x0, 0x10, 0x0, 0x0, 0x0, 0x38, 0x88,
    0x10, 0x0, 0x0, 0x48, 0x88, 0x0, 0xdf, 0xf8,
    0x0, 0x0, 0xd, 0xff, 0x80, 0x4, 0xff, 0xf1,
    0x0, 0x6, 0xff, 0xe0, 0x0, 0xb, 0xff, 0x90,
    0x0, 0xef, 0xf5, 0x0, 0x0, 0x2f, 0xff, 0x20,
    0x7f, 0xfc, 0x0, 0x0, 0x0, 0x8f, 0xfa, 0xe,
    0xff, 0x30, 0x0, 0x0, 0x0, 0xef, 0xf9, 0xff,
    0x90, 0x0, 0x0, 0x0, 0x5, 0xff, 0xff, 0xf1,
    0x0, 0x0, 0x0, 0x0, 0xb, 0xff, 0xf7, 0x0,
    0x0, 0x0, 0x0, 0x0, 0x3f, 0xfe, 0x0, 0x0,
    0x0, 0x0, 0x0, 0x2, 0xff, 0xd0, 0x0, 0x0,
    0x0, 0x0, 0x0, 0x2f, 0xfd, 0x0, 0x0, 0x0,
    0x0, 0x0, 0x2, 0xff, 0xd0, 0x0, 0x0, 0x0,
    0x0, 0x0, 0x2f, 0xfd, 0x0, 0x0, 0x0, 0x0,
    0x0, 0x2, 0xff, 0xd0, 0x0, 0x0, 0x0,

    /* U+1EF3 "ỳ" */
    0x0, 0x4, 0x54, 0x0, 0x0, 0x0, 0x0, 0x6,
    0xff, 0x20, 0x0, 0x0, 0x0, 0x0, 0xcf, 0x80,
    0x0, 0x0, 0x0, 0x0, 0x2a, 0xa0, 0x0, 0x0,
    0x0, 0x0, 0x0, 0x0, 0x0, 0x0, 0x7e, 0xe8,
    0x0, 0x0, 0x7e, 0xe8, 0x2f, 0xfe, 0x0, 0x0,
    0xdf, 0xf3, 0xc, 0xff, 0x30, 0x2, 0xff, 0xd0,
    0x6, 0xff, 0x80, 0x8, 0xff, 0x60, 0x1, 0xff,
    0xd0, 0xd, 0xff, 0x10, 0x0, 0xaf, 0xf2, 0x2f,
    0xfa, 0x0, 0x0, 0x4f, 0xf7, 0x7f, 0xf4, 0x0,
    0x0, 0xe, 0xfb, 0xcf, 0xe0, 0x0, 0x0, 0x8,
    0xfe, 0xff, 0x80, 0x0, 0x0, 0x2, 0xff, 0xff,
    0x20, 0x0, 0x0, 0x0, 0xcf, 0xfc, 0x0, 0x0,
    0x0, 0x0, 0xaf, 0xf6, 0x0, 0x0, 0x1, 0x34,
    0xff, 0xe0, 0x0, 0x0, 0x6, 0xff, 0xff, 0x60,
    0x0, 0x0, 0xa, 0xff, 0xe7, 0x0, 0x0, 0x0,
    0x0, 0x11, 0x0, 0x0, 0x0, 0x0,

    /* U+1EF4 "Ỵ" */
    0x38, 0x88, 0x10, 0x0, 0x0, 0x48, 0x88, 0x0,
    0xdf, 0xf8, 0x0, 0x0, 0xd, 0xff, 0x80, 0x4,
    0xff, 0xf1, 0x0, 0x6, 0xff, 0xe0, 0x0, 0xb,
    0xff, 0x90, 0x0, 0xef, 0xf5, 0x0, 0x0, 0x2f,
    0xff, 0x20, 0x7f, 0xfc, 0x0, 0x0, 0x0, 0x8f,
    0xfa, 0xe, 0xff, 0x30, 0x0, 0x0, 0x0, 0xef,
    0xf9, 0xff, 0x90, 0x0, 0x0, 0x0, 0x5, 0xff,
    0xff, 0xf1, 0x0, 0x0, 0x0, 0x0, 0xb, 0xff,
    0xf7, 0x0, 0x0, 0x0, 0x0, 0x0, 0x3f, 0xfe,
    0x0, 0x0, 0x0, 0x0, 0x0, 0x2, 0xff, 0xd0,
    0x0, 0x0, 0x0, 0x0, 0x0, 0x2f, 0xfd, 0x0,
    0x0, 0x0, 0x0, 0x0, 0x2, 0xff, 0xd0, 0x0,
    0x0, 0x0, 0x0, 0x0, 0x2f, 0xfd, 0x0, 0x0,
    0x0, 0x0, 0x0, 0x2, 0xff, 0xd0, 0x0, 0x0,
    0x0, 0x0, 0x0, 0x0, 0x0, 0x0, 0x0, 0x0,
    0x0, 0x0, 0x0, 0x48, 0x20, 0x0, 0x0, 0x0,
    0x0, 0x0, 0x2f, 0xfd, 0x0, 0x0, 0x0, 0x0,
    0x0, 0x1, 0xff, 0xc0, 0x0, 0x0, 0x0, 0x0,
    0x0, 0x2, 0x61, 0x0, 0x0, 0x0,

    /* U+1EF5 "ỵ" */
    0x7e, 0xe8, 0x0, 0x0, 0x7e, 0xe8, 0x2f, 0xfe,
    0x0, 0x0, 0xdf, 0xf3, 0xc, 0xff, 0x30, 0x2,
    0xff, 0xd0, 0x6, 0xff, 0x80, 0x8, 0xff, 0x60,
    0x1, 0xff, 0xd0, 0xd, 0xff, 0x10, 0x0, 0xaf,
    0xf2, 0x2f, 0xfa, 0x0, 0x0, 0x4f, 0xf7, 0x7f,
    0xf4, 0x0, 0x0, 0xe, 0xfb, 0xcf, 0xe0, 0x0,
    0x0, 0x8, 0xfe, 0xff, 0x80, 0x0, 0x0, 0x2,
    0xff, 0xff, 0x20, 0x0, 0x0, 0x0, 0xcf, 0xfc,
    0x0, 0x0, 0x0, 0x0, 0xaf, 0xf6, 0x0, 0x0,
    0x1, 0x34, 0xff, 0xe0, 0x48, 0x20, 0x6, 0xff,
    0xff, 0x62, 0xff, 0xc0, 0xa, 0xff, 0xe7, 0x2,
    0xff, 0xb0, 0x0, 0x11, 0x0, 0x0, 0x36, 0x10,

    /* U+1EF6 "Ỷ" */
    0x0, 0x0, 0x8, 0xfe, 0x90, 0x0, 0x0, 0x0,
    0x0, 0x0, 0x48, 0xff, 0x0, 0x0, 0x0, 0x0,
    0x0, 0x0, 0x5f, 0x80, 0x0, 0x0, 0x0, 0x0,
    0x0, 0x0, 0x10, 0x0, 0x0, 0x0, 0x38, 0x88,
    0x10, 0x0, 0x0, 0x48, 0x88, 0x0, 0xdf, 0xf8,
    0x0, 0x0, 0xd, 0xff, 0x80, 0x4, 0xff, 0xf1,
    0x0, 0x6, 0xff, 0xe0, 0x0, 0xb, 0xff, 0x90,
    0x0, 0xef, 0xf5, 0x0, 0x0, 0x2f, 0xff, 0x20,
    0x7f, 0xfc, 0x0, 0x0, 0x0, 0x8f, 0xfa, 0xe,
    0xff, 0x30, 0x0, 0x0, 0x0, 0xef, 0xf9, 0xff,
    0x90, 0x0, 0x0, 0x0, 0x5, 0xff, 0xff, 0xf1,
    0x0, 0x0, 0x0, 0x0, 0xb, 0xff, 0xf7, 0x0,
    0x0, 0x0, 0x0, 0x0, 0x3f, 0xfe, 0x0, 0x0,
    0x0, 0x0, 0x0, 0x2, 0xff, 0xd0, 0x0, 0x0,
    0x0, 0x0, 0x0, 0x2f, 0xfd, 0x0, 0x0, 0x0,
    0x0, 0x0, 0x2, 0xff, 0xd0, 0x0, 0x0, 0x0,
    0x0, 0x0, 0x2f, 0xfd, 0x0, 0x0, 0x0, 0x0,
    0x0, 0x2, 0xff, 0xd0, 0x0, 0x0, 0x0,

    /* U+1EF7 "ỷ" */
    0x0, 0x0, 0x45, 0x40, 0x0, 0x0, 0x0, 0x0,
    0xdf, 0xf9, 0x0, 0x0, 0x0, 0x0, 0x26, 0xf9,
    0x0, 0x0, 0x0, 0x0, 0x7, 0xa1, 0x0, 0x0,
    0x0, 0x0, 0x0, 0x0, 0x0, 0x0, 0x7e, 0xe8,
    0x0, 0x0, 0x7e, 0xe8, 0x2f, 0xfe, 0x0, 0x0,
    0xdf, 0xf3, 0xc, 0xff, 0x30, 0x2, 0xff, 0xd0,
    0x6, 0xff, 0x80, 0x8, 0xff, 0x60, 0x1, 0xff,
    0xd0, 0xd, 0xff, 0x10, 0x0, 0xaf, 0xf2, 0x2f,
    0xfa, 0x0, 0x0, 0x4f, 0xf7, 0x7f, 0xf4, 0x0,
    0x0, 0xe, 0xfb, 0xcf, 0xe0, 0x0, 0x0, 0x8,
    0xfe, 0xff, 0x80, 0x0, 0x0, 0x2, 0xff, 0xff,
    0x20, 0x0, 0x0, 0x0, 0xcf, 0xfc, 0x0, 0x0,
    0x0, 0x0, 0xaf, 0xf6, 0x0, 0x0, 0x1, 0x34,
    0xff, 0xe0, 0x0, 0x0, 0x6, 0xff, 0xff, 0x60,
    0x0, 0x0, 0xa, 0xff, 0xe7, 0x0, 0x0, 0x0,
    0x0, 0x11, 0x0, 0x0, 0x0, 0x0,

    /* U+1EF8 "Ỹ" */
    0x0, 0x0, 0x2b, 0xa3, 0xb, 0x70, 0x0, 0x0,
    0x0, 0xc, 0xff, 0xfe, 0xf7, 0x0, 0x0, 0x0,
    0x0, 0xc7, 0x8, 0xc9, 0x0, 0x0, 0x0, 0x0,
    0x0, 0x0, 0x0, 0x0, 0x0, 0x0, 0x38, 0x88,
    0x10, 0x0, 0x0, 0x48, 0x88, 0x0, 0xdf, 0xf8,
    0x0, 0x0, 0xd, 0xff, 0x80, 0x4, 0xff, 0xf1,
    0x0, 0x6, 0xff, 0xe0, 0x0, 0xb, 0xff, 0x90,
    0x0, 0xef, 0xf5, 0x0, 0x0, 0x2f, 0xff, 0x20,
    0x7f, 0xfc, 0x0, 0x0, 0x0, 0x8f, 0xfa, 0xe,
    0xff, 0x30, 0x0, 0x0, 0x0, 0xef, 0xf9, 0xff,
    0x90, 0x0, 0x0, 0x0, 0x5, 0xff, 0xff, 0xf1,
    0x0, 0x0, 0x0, 0x0, 0xb, 0xff, 0xf7, 0x0,
    0x0, 0x0, 0x0, 0x0, 0x3f, 0xfe, 0x0, 0x0,
    0x0, 0x0, 0x0, 0x2, 0xff, 0xd0, 0x0, 0x0,
    0x0, 0x0, 0x0, 0x2f, 0xfd, 0x0, 0x0, 0x0,
    0x0, 0x0, 0x2, 0xff, 0xd0, 0x0, 0x0, 0x0,
    0x0, 0x0, 0x2f, 0xfd, 0x0, 0x0, 0x0, 0x0,
    0x0, 0x2, 0xff, 0xd0, 0x0, 0x0, 0x0,

    /* U+1EF9 "ỹ" */
    0x0, 0x0, 0x10, 0x0, 0x10, 0x0, 0x0, 0xa,
    0xff, 0x77, 0xf5, 0x0, 0x0, 0x3f, 0xbb, 0xff,
    0xe1, 0x0, 0x0, 0x26, 0x20, 0x46, 0x20, 0x0,
    0x0, 0x0, 0x0, 0x0, 0x0, 0x0, 0x7e, 0xe8,
    0x0, 0x0, 0x7e, 0xe8, 0x2f, 0xfe, 0x0, 0x0,
    0xdf, 0xf3, 0xc, 0xff, 0x30, 0x2, 0xff, 0xd0,
    0x6, 0xff, 0x80, 0x8, 0xff, 0x60, 0x1, 0xff,
    0xd0, 0xd, 0xff, 0x10, 0x0, 0xaf, 0xf2, 0x2f,
    0xfa, 0x0, 0x0, 0x4f, 0xf7, 0x7f, 0xf4, 0x0,
    0x0, 0xe, 0xfb, 0xcf, 0xe0, 0x0, 0x0, 0x8,
    0xfe, 0xff, 0x80, 0x0, 0x0, 0x2, 0xff, 0xff,
    0x20, 0x0, 0x0, 0x0, 0xcf, 0xfc, 0x0, 0x0,
    0x0, 0x0, 0xaf, 0xf6, 0x0, 0x0, 0x1, 0x34,
    0xff, 0xe0, 0x0, 0x0, 0x6, 0xff, 0xff, 0x60,
    0x0, 0x0, 0xa, 0xff, 0xe7, 0x0, 0x0, 0x0,
    0x0, 0x11, 0x0, 0x0, 0x0, 0x0,

    /* U+2013 "–" */
    0x55, 0x55, 0x55, 0x55, 0x55, 0xff, 0xff, 0xff,
    0xff, 0xff, 0xff, 0xff, 0xff, 0xff, 0xff,

    /* U+2014 "—" */
    0x55, 0x55, 0x55, 0x55, 0x55, 0x55, 0x55, 0x55,
    0x55, 0x55, 0xff, 0xff, 0xff, 0xff, 0xff, 0xff,
    0xff, 0xff, 0xff, 0xff, 0xff, 0xff, 0xff, 0xff,
    0xff, 0xff, 0xff, 0xff, 0xff, 0xff,

    /* U+2018 "‘" */
    0x0, 0xbf, 0x50, 0xf, 0xf3, 0x5, 0xff, 0x0,
    0xaf, 0xe0, 0xe, 0xfc, 0x3, 0xff, 0x90, 0x0,
    0x0, 0x0,

    /* U+2019 "’" */
    0x0, 0x0, 0x0, 0x9f, 0xf4, 0xc, 0xfe, 0x0,
    0xef, 0xa0, 0xf, 0xf5, 0x2, 0xff, 0x10, 0x5f,
    0xc0, 0x0,

    /* U+201A "‚" */
    0x0, 0x0, 0xf, 0xfd, 0x3f, 0xf8, 0x5f, 0xf3,
    0x7f, 0xe0, 0x9f, 0x90, 0xcf, 0x50,

    /* U+201C "“" */
    0x0, 0xbf, 0x50, 0x2f, 0xe0, 0xf, 0xf3, 0x7,
    0xfc, 0x5, 0xff, 0x0, 0xbf, 0xa0, 0xaf, 0xe0,
    0x1f, 0xf7, 0xe, 0xfc, 0x5, 0xff, 0x53, 0xff,
    0x90, 0xaf, 0xf3, 0x0, 0x0, 0x0, 0x0, 0x0,

    /* U+201D "”" */
    0x9, 0xff, 0x42, 0xff, 0xa0, 0xbf, 0xf0, 0x5f,
    0xf6, 0xe, 0xfa, 0x7, 0xff, 0x10, 0xff, 0x50,
    0x9f, 0xc0, 0x2f, 0xf1, 0xc, 0xf7, 0x5, 0xfc,
    0x0, 0xef, 0x20, 0x0, 0x0, 0x0, 0x0, 0x0,

    /* U+201E "„" */
    0x0, 0x0, 0x0, 0x0, 0x0, 0xff, 0xd0, 0x9f,
    0xf3, 0x3f, 0xf8, 0xc, 0xfe, 0x5, 0xff, 0x30,
    0xef, 0xa0, 0x7f, 0xe0, 0xf, 0xf5, 0x9, 0xf9,
    0x3, 0xff, 0x0, 0xcf, 0x50, 0x5f, 0xb0, 0x0,

    /* U+2022 "•" */
    0x0, 0x2, 0x10, 0x0, 0x4e, 0xff, 0xa0, 0x1f,
    0xff, 0xff, 0x75, 0xff, 0xff, 0xfc, 0x4f, 0xff,
    0xff, 0xc0, 0xdf, 0xff, 0xf5, 0x2, 0xbf, 0xe6,
    0x0,

    /* U+2026 "…" */
    0x1, 0x40, 0x0, 0x0, 0x33, 0x0, 0x0, 0x4,
    0x20, 0x1f, 0xfb, 0x0, 0x6, 0xff, 0x60, 0x0,
    0xbf, 0xf2, 0x4f, 0xff, 0x0, 0x9, 0xff, 0xa0,
    0x0, 0xef, 0xf5, 0xb, 0xf7, 0x0, 0x3, 0xde,
    0x30, 0x0, 0x6f, 0xb0,

    /* U+2032 "′" */
    0x6f, 0xf3, 0x7f, 0xf0, 0x9f, 0xc0, 0xaf, 0x90,
    0xcf, 0x50, 0x79, 0x10,

    /* U+2033 "″" */
    0x6f, 0xf3, 0x0, 0xef, 0xb7, 0xff, 0x0, 0xf,
    0xf7, 0x9f, 0xc0, 0x1, 0xff, 0x4a, 0xf9, 0x0,
    0x3f, 0xf1, 0xcf, 0x50, 0x4, 0xfd, 0x7, 0x91,
    0x0, 0x39, 0x60,

    /* U+2039 "‹" */
    0x0, 0x0, 0xaf, 0xf7, 0x0, 0x8, 0xff, 0xa0,
    0x0, 0x5f, 0xfc, 0x0, 0x3, 0xff, 0xd1, 0x0,
    0xe, 0xff, 0x40, 0x0, 0x5, 0xff, 0xc0, 0x0,
    0x0, 0x7f, 0xfa, 0x0, 0x0, 0xa, 0xff, 0x70,
    0x0, 0x0, 0xcf, 0xf5, 0x0, 0x0, 0x2, 0x22,

    /* U+203A "›" */
    0xc, 0xff, 0x40, 0x0, 0x1, 0xef, 0xf2, 0x0,
    0x0, 0x3f, 0xfe, 0x10, 0x0, 0x5, 0xff, 0xc0,
    0x0, 0x0, 0xaf, 0xf8, 0x0, 0x3, 0xff, 0xe1,
    0x0, 0x1e, 0xff, 0x20, 0x0, 0xdf, 0xf4, 0x0,
    0xb, 0xff, 0x60, 0x0, 0x2, 0x22, 0x0, 0x0
};


/*---------------------
 *  GLYPH DESCRIPTION
 *--------------------*/

static const lv_font_fmt_txt_glyph_dsc_t glyph_dsc[] = {
    {.bitmap_index = 0, .adv_w = 0, .box_w = 0, .box_h = 0, .ofs_x = 0, .ofs_y = 0} /* id = 0 reserved */,
    {.bitmap_index = 0, .adv_w = 76, .box_w = 0, .box_h = 0, .ofs_x = 0, .ofs_y = 0},
    {.bitmap_index = 0, .adv_w = 108, .box_w = 5, .box_h = 14, .ofs_x = 1, .ofs_y = 0},
    {.bitmap_index = 35, .adv_w = 177, .box_w = 9, .box_h = 7, .ofs_x = 1, .ofs_y = 7},
    {.bitmap_index = 67, .adv_w = 208, .box_w = 13, .box_h = 14, .ofs_x = 0, .ofs_y = 0},
    {.bitmap_index = 158, .adv_w = 210, .box_w = 13, .box_h = 19, .ofs_x = 0, .ofs_y = -2},
    {.bitmap_index = 282, .adv_w = 325, .box_w = 18, .box_h = 14, .ofs_x = 1, .ofs_y = 0},
    {.bitmap_index = 408, .adv_w = 215, .box_w = 14, .box_h = 14, .ofs_x = 0, .ofs_y = 0},
    {.bitmap_index = 506, .adv_w = 108, .box_w = 4, .box_h = 7, .ofs_x = 1, .ofs_y = 7},
    {.bitmap_index = 520, .adv_w = 121, .box_w = 6, .box_h = 19, .ofs_x = 1, .ofs_y = -3},
    {.bitmap_index = 577, .adv_w = 121, .box_w = 6, .box_h = 19, .ofs_x = 0, .ofs_y = -3},
    {.bitmap_index = 634, .adv_w = 179, .box_w = 9, .box_h = 9, .ofs_x = 1, .ofs_y = 5},
    {.bitmap_index = 675, .adv_w = 217, .box_w = 11, .box_h = 10, .ofs_x = 1, .ofs_y = 1},
    {.bitmap_index = 730, .adv_w = 107, .box_w = 4, .box_h = 7, .ofs_x = 1, .ofs_y = -4},
    {.bitmap_index = 744, .adv_w = 150, .box_w = 7, .box_h = 3, .ofs_x = 1, .ofs_y = 5},
    {.bitmap_index = 755, .adv_w = 107, .box_w = 5, .box_h = 4, .ofs_x = 1, .ofs_y = 0},
    {.bitmap_index = 765, .adv_w = 124, .box_w = 8, .box_h = 18, .ofs_x = 0, .ofs_y = -2},
    {.bitmap_index = 837, .adv_w = 216, .box_w = 13, .box_h = 14, .ofs_x = 0, .ofs_y = 0},
    {.bitmap_index = 928, .adv_w = 138, .box_w = 8, .box_h = 14, .ofs_x = 0, .ofs_y = 0},
    {.bitmap_index = 984, .adv_w = 202, .box_w = 11, .box_h = 14, .ofs_x = 1, .ofs_y = 0},
    {.bitmap_index = 1061, .adv_w = 207, .box_w = 12, .box_h = 14, .ofs_x = 0, .ofs_y = 0},
    {.bitmap_index = 1145, .adv_w = 216, .box_w = 13, .box_h = 14, .ofs_x = 0, .ofs_y = 0},
    {.bitmap_index = 1236, .adv_w = 199, .box_w = 12, .box_h = 14, .ofs_x = 0, .ofs_y = 0},
    {.bitmap_index = 1320, .adv_w = 208, .box_w = 13, .box_h = 14, .ofs_x = 0, .ofs_y = 0},
    {.bitmap_index = 1411, .adv_w = 186, .box_w = 11, .box_h = 14, .ofs_x = 0, .ofs_y = 0},
    {.bitmap_index = 1488, .adv_w = 208, .box_w = 13, .box_h = 14, .ofs_x = 0, .ofs_y = 0},
    {.bitmap_index = 1579, .adv_w = 208, .box_w = 13, .box_h = 14, .ofs_x = 0, .ofs_y = 0},
    {.bitmap_index = 1670, .adv_w = 107, .box_w = 5, .box_h = 11, .ofs_x = 1, .ofs_y = 0},
    {.bitmap_index = 1698, .adv_w = 110, .box_w = 5, .box_h = 15, .ofs_x = 1, .ofs_y = -4},
    {.bitmap_index = 1736, .adv_w = 217, .box_w = 11, .box_h = 12, .ofs_x = 1, .ofs_y = 0},
    {.bitmap_index = 1802, .adv_w = 217, .box_w = 11, .box_h = 7, .ofs_x = 1, .ofs_y = 2},
    {.bitmap_index = 1841, .adv_w = 217, .box_w = 10, .box_h = 12, .ofs_x = 2, .ofs_y = 0},
    {.bitmap_index = 1901, .adv_w = 179, .box_w = 11, .box_h = 14, .ofs_x = 0, .ofs_y = 0},
    {.bitmap_index = 1978, .adv_w = 325, .box_w = 20, .box_h = 18, .ofs_x = 0, .ofs_y = -4},
    {.bitmap_index = 2158, .adv_w = 239, .box_w = 15, .box_h = 14, .ofs_x = 0, .ofs_y = 0},
    {.bitmap_index = 2263, .adv_w = 212, .box_w = 12, .box_h = 14, .ofs_x = 1, .ofs_y = 0},
    {.bitmap_index = 2347, .adv_w = 237, .box_w = 14, .box_h = 14, .ofs_x = 0, .ofs_y = 0},
    {.bitmap_index = 2445, .adv_w = 231, .box_w = 13, .box_h = 14, .ofs_x = 1, .ofs_y = 0},
    {.bitmap_index = 2536, .adv_w = 194, .box_w = 11, .box_h = 14, .ofs_x = 1, .ofs_y = 0},
    {.bitmap_index = 2613, .adv_w = 188, .box_w = 10, .box_h = 14, .ofs_x = 1, .ofs_y = 0},
    {.bitmap_index = 2683, .adv_w = 240, .box_w = 15, .box_h = 14, .ofs_x = 0, .ofs_y = 0},
    {.bitmap_index = 2788, .adv_w = 239, .box_w = 13, .box_h = 14, .ofs_x = 1, .ofs_y = 0},
    {.bitmap_index = 2879, .adv_w = 90, .box_w = 4, .box_h = 14, .ofs_x = 1, .ofs_y = 0},
    {.bitmap_index = 2907, .adv_w = 187, .box_w = 11, .box_h = 14, .ofs_x = 0, .ofs_y = 0},
    {.bitmap_index = 2984, .adv_w = 230, .box_w = 13, .box_h = 14, .ofs_x = 1, .ofs_y = 0},
    {.bitmap_index = 3075, .adv_w = 181, .box_w = 10, .box_h = 14, .ofs_x = 1, .ofs_y = 0},
    {.bitmap_index = 3145, .adv_w = 298, .box_w = 17, .box_h = 14, .ofs_x = 1, .ofs_y = 0},
    {.bitmap_index = 3264, .adv_w = 244, .box_w = 13, .box_h = 14, .ofs_x = 1, .ofs_y = 0},
    {.bitmap_index = 3355, .adv_w = 247, .box_w = 15, .box_h = 14, .ofs_x = 0, .ofs_y = 0},
    {.bitmap_index = 3460, .adv_w = 207, .box_w = 12, .box_h = 14, .ofs_x = 1, .ofs_y = 0},
    {.bitmap_index = 3544, .adv_w = 249, .box_w = 15, .box_h = 15, .ofs_x = 0, .ofs_y = -1},
    {.bitmap_index = 3657, .adv_w = 210, .box_w = 12, .box_h = 14, .ofs_x = 1, .ofs_y = 0},
    {.bitmap_index = 3741, .adv_w = 210, .box_w = 13, .box_h = 14, .ofs_x = 0, .ofs_y = 0},
    {.bitmap_index = 3832, .adv_w = 214, .box_w = 13, .box_h = 14, .ofs_x = 0, .ofs_y = 0},
    {.bitmap_index = 3923, .adv_w = 234, .box_w = 13, .box_h = 14, .ofs_x = 1, .ofs_y = 0},
    {.bitmap_index = 4014, .adv_w = 239, .box_w = 15, .box_h = 14, .ofs_x = 0, .ofs_y = 0},
    {.bitmap_index = 4119, .adv_w = 332, .box_w = 21, .box_h = 14, .ofs_x = 0, .ofs_y = 0},
    {.bitmap_index = 4266, .adv_w = 236, .box_w = 15, .box_h = 14, .ofs_x = 0, .ofs_y = 0},
    {.bitmap_index = 4371, .adv_w = 234, .box_w = 15, .box_h = 14, .ofs_x = 0, .ofs_y = 0},
    {.bitmap_index = 4476, .adv_w = 213, .box_w = 12, .box_h = 14, .ofs_x = 1, .ofs_y = 0},
    {.bitmap_index = 4560, .adv_w = 121, .box_w = 6, .box_h = 18, .ofs_x = 1, .ofs_y = -3},
    {.bitmap_index = 4614, .adv_w = 124, .box_w = 8, .box_h = 18, .ofs_x = 0, .ofs_y = -2},
    {.bitmap_index = 4686, .adv_w = 121, .box_w = 5, .box_h = 18, .ofs_x = 1, .ofs_y = -3},
    {.bitmap_index = 4731, .adv_w = 156, .box_w = 10, .box_h = 6, .ofs_x = 0, .ofs_y = 8},
    {.bitmap_index = 4761, .adv_w = 152, .box_w = 10, .box_h = 3, .ofs_x = 0, .ofs_y = -2},
    {.bitmap_index = 4776, .adv_w = 117, .box_w = 5, .box_h = 4, .ofs_x = 1, .ofs_y = 12},
    {.bitmap_index = 4786, .adv_w = 186, .box_w = 11, .box_h = 11, .ofs_x = 0, .ofs_y = 0},
    {.bitmap_index = 4847, .adv_w = 202, .box_w = 11, .box_h = 14, .ofs_x = 1, .ofs_y = 0},
    {.bitmap_index = 4924, .adv_w = 188, .box_w = 11, .box_h = 11, .ofs_x = 0, .ofs_y = 0},
    {.bitmap_index = 4985, .adv_w = 202, .box_w = 12, .box_h = 14, .ofs_x = 0, .ofs_y = 0},
    {.bitmap_index = 5069, .adv_w = 191, .box_w = 12, .box_h = 11, .ofs_x = 0, .ofs_y = 0},
    {.bitmap_index = 5135, .adv_w = 127, .box_w = 8, .box_h = 14, .ofs_x = 0, .ofs_y = 0},
    {.bitmap_index = 5191, .adv_w = 202, .box_w = 12, .box_h = 15, .ofs_x = 0, .ofs_y = -4},
    {.bitmap_index = 5281, .adv_w = 199, .box_w = 11, .box_h = 14, .ofs_x = 1, .ofs_y = 0},
    {.bitmap_index = 5358, .adv_w = 87, .box_w = 4, .box_h = 15, .ofs_x = 1, .ofs_y = 0},
    {.bitmap_index = 5388, .adv_w = 87, .box_w = 6, .box_h = 19, .ofs_x = -1, .ofs_y = -4},
    {.bitmap_index = 5445, .adv_w = 186, .box_w = 11, .box_h = 14, .ofs_x = 1, .ofs_y = 0},
    {.bitmap_index = 5522, .adv_w = 87, .box_w = 4, .box_h = 14, .ofs_x = 1, .ofs_y = 0},
    {.bitmap_index = 5550, .adv_w = 292, .box_w = 16, .box_h = 11, .ofs_x = 1, .ofs_y = 0},
    {.bitmap_index = 5638, .adv_w = 199, .box_w = 11, .box_h = 11, .ofs_x = 1, .ofs_y = 0},
    {.bitmap_index = 5699, .adv_w = 196, .box_w = 12, .box_h = 11, .ofs_x = 0, .ofs_y = 0},
    {.bitmap_index = 5765, .adv_w = 202, .box_w = 11, .box_h = 15, .ofs_x = 1, .ofs_y = -4},
    {.bitmap_index = 5848, .adv_w = 202, .box_w = 12, .box_h = 15, .ofs_x = 0, .ofs_y = -4},
    {.bitmap_index = 5938, .adv_w = 130, .box_w = 7, .box_h = 12, .ofs_x = 1, .ofs_y = 0},
    {.bitmap_index = 5980, .adv_w = 179, .box_w = 11, .box_h = 11, .ofs_x = 0, .ofs_y = 0},
    {.bitmap_index = 6041, .adv_w = 117, .box_w = 7, .box_h = 14, .ofs_x = 0, .ofs_y = 0},
    {.bitmap_index = 6090, .adv_w = 199, .box_w = 11, .box_h = 11, .ofs_x = 1, .ofs_y = 0},
    {.bitmap_index = 6151, .adv_w = 192, .box_w = 12, .box_h = 11, .ofs_x = 0, .ofs_y = 0},
    {.bitmap_index = 6217, .adv_w = 272, .box_w = 17, .box_h = 11, .ofs_x = 0, .ofs_y = 0},
    {.bitmap_index = 6311, .adv_w = 186, .box_w = 12, .box_h = 11, .ofs_x = 0, .ofs_y = 0},
    {.bitmap_index = 6377, .adv_w = 193, .box_w = 12, .box_h = 15, .ofs_x = 0, .ofs_y = -4},
    {.bitmap_index = 6467, .adv_w = 183, .box_w = 10, .box_h = 11, .ofs_x = 1, .ofs_y = 0},
    {.bitmap_index = 6522, .adv_w = 150, .box_w = 8, .box_h = 18, .ofs_x = 1, .ofs_y = -3},
    {.bitmap_index = 6594, .adv_w = 119, .box_w = 4, .box_h = 24, .ofs_x = 2, .ofs_y = -5},
    {.bitmap_index = 6642, .adv_w = 150, .box_w = 8, .box_h = 18, .ofs_x = 1, .ofs_y = -3},
    {.bitmap_index = 6714, .adv_w = 217, .box_w = 12, .box_h = 5, .ofs_x = 1, .ofs_y = 4},
    {.bitmap_index = 6744, .adv_w = 76, .box_w = 0, .box_h = 0, .ofs_x = 0, .ofs_y = 0},
    {.bitmap_index = 6744, .adv_w = 108, .box_w = 5, .box_h = 15, .ofs_x = 1, .ofs_y = -4},
    {.bitmap_index = 6782, .adv_w = 188, .box_w = 11, .box_h = 14, .ofs_x = 0, .ofs_y = 0},
    {.bitmap_index = 6859, .adv_w = 204, .box_w = 12, .box_h = 14, .ofs_x = 0, .ofs_y = 0},
    {.bitmap_index = 6943, .adv_w = 244, .box_w = 13, .box_h = 14, .ofs_x = 1, .ofs_y = -1},
    {.bitmap_index = 7034, .adv_w = 183, .box_w = 12, .box_h = 14, .ofs_x = 0, .ofs_y = 0},
    {.bitmap_index = 7118, .adv_w = 108, .box_w = 3, .box_h = 17, .ofs_x = 2, .ofs_y = -3},
    {.bitmap_index = 7144, .adv_w = 182, .box_w = 11, .box_h = 18, .ofs_x = 0, .ofs_y = -4},
    {.bitmap_index = 7243, .adv_w = 199, .box_w = 8, .box_h = 3, .ofs_x = 2, .ofs_y = 12},
    {.bitmap_index = 7255, .adv_w = 293, .box_w = 16, .box_h = 15, .ofs_x = 1, .ofs_y = 0},
    {.bitmap_index = 7375, .adv_w = 148, .box_w = 9, .box_h = 9, .ofs_x = 0, .ofs_y = 6},
    {.bitmap_index = 7416, .adv_w = 211, .box_w = 13, .box_h = 10, .ofs_x = 0, .ofs_y = 1},
    {.bitmap_index = 7481, .adv_w = 217, .box_w = 9, .box_h = 6, .ofs_x = 2, .ofs_y = 2},
    {.bitmap_index = 7508, .adv_w = 212, .box_w = 13, .box_h = 13, .ofs_x = 0, .ofs_y = 3},
    {.bitmap_index = 7593, .adv_w = 140, .box_w = 7, .box_h = 2, .ofs_x = 1, .ofs_y = 13},
    {.bitmap_index = 7600, .adv_w = 147, .box_w = 8, .box_h = 7, .ofs_x = 1, .ofs_y = 8},
    {.bitmap_index = 7628, .adv_w = 217, .box_w = 11, .box_h = 11, .ofs_x = 1, .ofs_y = 0},
    {.bitmap_index = 7689, .adv_w = 147, .box_w = 9, .box_h = 8, .ofs_x = 0, .ofs_y = 9},
    {.bitmap_index = 7725, .adv_w = 151, .box_w = 9, .box_h = 8, .ofs_x = 0, .ofs_y = 9},
    {.bitmap_index = 7761, .adv_w = 117, .box_w = 5, .box_h = 4, .ofs_x = 1, .ofs_y = 12},
    {.bitmap_index = 7771, .adv_w = 201, .box_w = 12, .box_h = 15, .ofs_x = 1, .ofs_y = -4},
    {.bitmap_index = 7861, .adv_w = 192, .box_w = 11, .box_h = 14, .ofs_x = 0, .ofs_y = 0},
    {.bitmap_index = 7938, .adv_w = 107, .box_w = 5, .box_h = 4, .ofs_x = 1, .ofs_y = 5},
    {.bitmap_index = 7948, .adv_w = 117, .box_w = 4, .box_h = 6, .ofs_x = 2, .ofs_y = -5},
    {.bitmap_index = 7960, .adv_w = 107, .box_w = 5, .box_h = 8, .ofs_x = 1, .ofs_y = 9},
    {.bitmap_index = 7980, .adv_w = 157, .box_w = 10, .box_h = 9, .ofs_x = 0, .ofs_y = 6},
    {.bitmap_index = 8025, .adv_w = 211, .box_w = 13, .box_h = 10, .ofs_x = 0, .ofs_y = 1},
    {.bitmap_index = 8090, .adv_w = 271, .box_w = 17, .box_h = 15, .ofs_x = 0, .ofs_y = 0},
    {.bitmap_index = 8218, .adv_w = 282, .box_w = 17, .box_h = 15, .ofs_x = 0, .ofs_y = 0},
    {.bitmap_index = 8346, .adv_w = 294, .box_w = 18, .box_h = 15, .ofs_x = 0, .ofs_y = 0},
    {.bitmap_index = 8481, .adv_w = 179, .box_w = 11, .box_h = 15, .ofs_x = 0, .ofs_y = -4},
    {.bitmap_index = 8564, .adv_w = 239, .box_w = 15, .box_h = 19, .ofs_x = 0, .ofs_y = 0},
    {.bitmap_index = 8707, .adv_w = 239, .box_w = 15, .box_h = 19, .ofs_x = 0, .ofs_y = 0},
    {.bitmap_index = 8850, .adv_w = 239, .box_w = 15, .box_h = 19, .ofs_x = 0, .ofs_y = 0},
    {.bitmap_index = 8993, .adv_w = 239, .box_w = 15, .box_h = 19, .ofs_x = 0, .ofs_y = 0},
    {.bitmap_index = 9136, .adv_w = 239, .box_w = 15, .box_h = 19, .ofs_x = 0, .ofs_y = 0},
    {.bitmap_index = 9279, .adv_w = 239, .box_w = 15, .box_h = 21, .ofs_x = 0, .ofs_y = 0},
    {.bitmap_index = 9437, .adv_w = 327, .box_w = 20, .box_h = 14, .ofs_x = 0, .ofs_y = 0},
    {.bitmap_index = 9577, .adv_w = 237, .box_w = 14, .box_h = 18, .ofs_x = 0, .ofs_y = -4},
    {.bitmap_index = 9703, .adv_w = 194, .box_w = 11, .box_h = 19, .ofs_x = 1, .ofs_y = 0},
    {.bitmap_index = 9808, .adv_w = 194, .box_w = 11, .box_h = 19, .ofs_x = 1, .ofs_y = 0},
    {.bitmap_index = 9913, .adv_w = 194, .box_w = 11, .box_h = 19, .ofs_x = 1, .ofs_y = 0},
    {.bitmap_index = 10018, .adv_w = 194, .box_w = 11, .box_h = 19, .ofs_x = 1, .ofs_y = 0},
    {.bitmap_index = 10123, .adv_w = 90, .box_w = 6, .box_h = 19, .ofs_x = -1, .ofs_y = 0},
    {.bitmap_index = 10180, .adv_w = 90, .box_w = 5, .box_h = 19, .ofs_x = 1, .ofs_y = 0},
    {.bitmap_index = 10228, .adv_w = 90, .box_w = 9, .box_h = 19, .ofs_x = -2, .ofs_y = 0},
    {.bitmap_index = 10314, .adv_w = 90, .box_w = 8, .box_h = 19, .ofs_x = -1, .ofs_y = 0},
    {.bitmap_index = 10390, .adv_w = 243, .box_w = 15, .box_h = 14, .ofs_x = 0, .ofs_y = 0},
    {.bitmap_index = 10495, .adv_w = 244, .box_w = 13, .box_h = 19, .ofs_x = 1, .ofs_y = 0},
    {.bitmap_index = 10619, .adv_w = 247, .box_w = 15, .box_h = 20, .ofs_x = 0, .ofs_y = 0},
    {.bitmap_index = 10769, .adv_w = 247, .box_w = 15, .box_h = 20, .ofs_x = 0, .ofs_y = 0},
    {.bitmap_index = 10919, .adv_w = 247, .box_w = 15, .box_h = 19, .ofs_x = 0, .ofs_y = 0},
    {.bitmap_index = 11062, .adv_w = 247, .box_w = 15, .box_h = 19, .ofs_x = 0, .ofs_y = 0},
    {.bitmap_index = 11205, .adv_w = 247, .box_w = 15, .box_h = 19, .ofs_x = 0, .ofs_y = 0},
    {.bitmap_index = 11348, .adv_w = 217, .box_w = 11, .box_h = 11, .ofs_x = 1, .ofs_y = 0},
    {.bitmap_index = 11409, .adv_w = 247, .box_w = 15, .box_h = 16, .ofs_x = 0, .ofs_y = -1},
    {.bitmap_index = 11529, .adv_w = 234, .box_w = 13, .box_h = 20, .ofs_x = 1, .ofs_y = 0},
    {.bitmap_index = 11659, .adv_w = 234, .box_w = 13, .box_h = 20, .ofs_x = 1, .ofs_y = 0},
    {.bitmap_index = 11789, .adv_w = 234, .box_w = 13, .box_h = 19, .ofs_x = 1, .ofs_y = 0},
    {.bitmap_index = 11913, .adv_w = 234, .box_w = 13, .box_h = 19, .ofs_x = 1, .ofs_y = 0},
    {.bitmap_index = 12037, .adv_w = 234, .box_w = 15, .box_h = 19, .ofs_x = 0, .ofs_y = 0},
    {.bitmap_index = 12180, .adv_w = 214, .box_w = 11, .box_h = 14, .ofs_x = 1, .ofs_y = 0},
    {.bitmap_index = 12257, .adv_w = 210, .box_w = 12, .box_h = 14, .ofs_x = 1, .ofs_y = 0},
    {.bitmap_index = 12341, .adv_w = 186, .box_w = 11, .box_h = 16, .ofs_x = 0, .ofs_y = 0},
    {.bitmap_index = 12429, .adv_w = 186, .box_w = 11, .box_h = 16, .ofs_x = 0, .ofs_y = 0},
    {.bitmap_index = 12517, .adv_w = 186, .box_w = 11, .box_h = 16, .ofs_x = 0, .ofs_y = 0},
    {.bitmap_index = 12605, .adv_w = 186, .box_w = 11, .box_h = 14, .ofs_x = 0, .ofs_y = 0},
    {.bitmap_index = 12682, .adv_w = 186, .box_w = 11, .box_h = 15, .ofs_x = 0, .ofs_y = 0},
    {.bitmap_index = 12765, .adv_w = 186, .box_w = 11, .box_h = 18, .ofs_x = 0, .ofs_y = 0},
    {.bitmap_index = 12864, .adv_w = 291, .box_w = 18, .box_h = 11, .ofs_x = 0, .ofs_y = 0},
    {.bitmap_index = 12963, .adv_w = 188, .box_w = 11, .box_h = 15, .ofs_x = 0, .ofs_y = -4},
    {.bitmap_index = 13046, .adv_w = 191, .box_w = 12, .box_h = 16, .ofs_x = 0, .ofs_y = 0},
    {.bitmap_index = 13142, .adv_w = 191, .box_w = 12, .box_h = 16, .ofs_x = 0, .ofs_y = 0},
    {.bitmap_index = 13238, .adv_w = 191, .box_w = 12, .box_h = 16, .ofs_x = 0, .ofs_y = 0},
    {.bitmap_index = 13334, .adv_w = 191, .box_w = 12, .box_h = 15, .ofs_x = 0, .ofs_y = 0},
    {.bitmap_index = 13424, .adv_w = 87, .box_w = 6, .box_h = 16, .ofs_x = -1, .ofs_y = 0},
    {.bitmap_index = 13472, .adv_w = 87, .box_w = 5, .box_h = 16, .ofs_x = 1, .ofs_y = 0},
    {.bitmap_index = 13512, .adv_w = 87, .box_w = 9, .box_h = 16, .ofs_x = -2, .ofs_y = 0},
    {.bitmap_index = 13584, .adv_w = 87, .box_w = 8, .box_h = 15, .ofs_x = -1, .ofs_y = 0},
    {.bitmap_index = 13644, .adv_w = 192, .box_w = 12, .box_h = 16, .ofs_x = 0, .ofs_y = 0},
    {.bitmap_index = 13740, .adv_w = 199, .box_w = 11, .box_h = 14, .ofs_x = 1, .ofs_y = 0},
    {.bitmap_index = 13817, .adv_w = 196, .box_w = 12, .box_h = 16, .ofs_x = 0, .ofs_y = 0},
    {.bitmap_index = 13913, .adv_w = 196, .box_w = 12, .box_h = 16, .ofs_x = 0, .ofs_y = 0},
    {.bitmap_index = 14009, .adv_w = 196, .box_w = 12, .box_h = 16, .ofs_x = 0, .ofs_y = 0},
    {.bitmap_index = 14105, .adv_w = 196, .box_w = 12, .box_h = 14, .ofs_x = 0, .ofs_y = 0},
    {.bitmap_index = 14189, .adv_w = 196, .box_w = 12, .box_h = 15, .ofs_x = 0, .ofs_y = 0},
    {.bitmap_index = 14279, .adv_w = 217, .box_w = 11, .box_h = 11, .ofs_x = 1, .ofs_y = 0},
    {.bitmap_index = 14340, .adv_w = 196, .box_w = 12, .box_h = 13, .ofs_x = 0, .ofs_y = -1},
    {.bitmap_index = 14418, .adv_w = 199, .box_w = 11, .box_h = 16, .ofs_x = 1, .ofs_y = 0},
    {.bitmap_index = 14506, .adv_w = 199, .box_w = 11, .box_h = 16, .ofs_x = 1, .ofs_y = 0},
    {.bitmap_index = 14594, .adv_w = 199, .box_w = 11, .box_h = 16, .ofs_x = 1, .ofs_y = 0},
    {.bitmap_index = 14682, .adv_w = 199, .box_w = 11, .box_h = 15, .ofs_x = 1, .ofs_y = 0},
    {.bitmap_index = 14765, .adv_w = 193, .box_w = 12, .box_h = 20, .ofs_x = 0, .ofs_y = -4},
    {.bitmap_index = 14885, .adv_w = 202, .box_w = 11, .box_h = 18, .ofs_x = 1, .ofs_y = -4},
    {.bitmap_index = 14984, .adv_w = 193, .box_w = 12, .box_h = 19, .ofs_x = 0, .ofs_y = -4},
    {.bitmap_index = 15098, .adv_w = 239, .box_w = 15, .box_h = 19, .ofs_x = 0, .ofs_y = 0},
    {.bitmap_index = 15241, .adv_w = 186, .box_w = 11, .box_h = 17, .ofs_x = 0, .ofs_y = -1},
    {.bitmap_index = 15335, .adv_w = 243, .box_w = 15, .box_h = 15, .ofs_x = 0, .ofs_y = 0},
    {.bitmap_index = 15448, .adv_w = 202, .box_w = 13, .box_h = 16, .ofs_x = 0, .ofs_y = -1},
    {.bitmap_index = 15552, .adv_w = 250, .box_w = 15, .box_h = 18, .ofs_x = 0, .ofs_y = -1},
    {.bitmap_index = 15687, .adv_w = 196, .box_w = 13, .box_h = 15, .ofs_x = 0, .ofs_y = -1},
    {.bitmap_index = 15785, .adv_w = 234, .box_w = 15, .box_h = 18, .ofs_x = 1, .ofs_y = -1},
    {.bitmap_index = 15920, .adv_w = 211, .box_w = 12, .box_h = 15, .ofs_x = 1, .ofs_y = -1},
    {.bitmap_index = 16010, .adv_w = 239, .box_w = 15, .box_h = 20, .ofs_x = 0, .ofs_y = -5},
    {.bitmap_index = 16160, .adv_w = 186, .box_w = 11, .box_h = 17, .ofs_x = 0, .ofs_y = -5},
    {.bitmap_index = 16254, .adv_w = 239, .box_w = 15, .box_h = 19, .ofs_x = 0, .ofs_y = 0},
    {.bitmap_index = 16397, .adv_w = 186, .box_w = 11, .box_h = 17, .ofs_x = 0, .ofs_y = -1},
    {.bitmap_index = 16491, .adv_w = 239, .box_w = 15, .box_h = 23, .ofs_x = 0, .ofs_y = 0},
    {.bitmap_index = 16664, .adv_w = 186, .box_w = 11, .box_h = 20, .ofs_x = 0, .ofs_y = -1},
    {.bitmap_index = 16774, .adv_w = 239, .box_w = 15, .box_h = 23, .ofs_x = 0, .ofs_y = 0},
    {.bitmap_index = 16947, .adv_w = 186, .box_w = 11, .box_h = 20, .ofs_x = 0, .ofs_y = -1},
    {.bitmap_index = 17057, .adv_w = 239, .box_w = 15, .box_h = 23, .ofs_x = 0, .ofs_y = 0},
    {.bitmap_index = 17230, .adv_w = 186, .box_w = 11, .box_h = 20, .ofs_x = 0, .ofs_y = -1},
    {.bitmap_index = 17340, .adv_w = 239, .box_w = 15, .box_h = 22, .ofs_x = 0, .ofs_y = 0},
    {.bitmap_index = 17505, .adv_w = 186, .box_w = 11, .box_h = 20, .ofs_x = 0, .ofs_y = -1},
    {.bitmap_index = 17615, .adv_w = 239, .box_w = 15, .box_h = 24, .ofs_x = 0, .ofs_y = -5},
    {.bitmap_index = 17795, .adv_w = 186, .box_w = 11, .box_h = 21, .ofs_x = 0, .ofs_y = -5},
    {.bitmap_index = 17911, .adv_w = 239, .box_w = 15, .box_h = 23, .ofs_x = 0, .ofs_y = 0},
    {.bitmap_index = 18084, .adv_w = 186, .box_w = 11, .box_h = 20, .ofs_x = 0, .ofs_y = -1},
    {.bitmap_index = 18194, .adv_w = 239, .box_w = 15, .box_h = 23, .ofs_x = 0, .ofs_y = 0},
    {.bitmap_index = 18367, .adv_w = 186, .box_w = 11, .box_h = 20, .ofs_x = 0, .ofs_y = -1},
    {.bitmap_index = 18477, .adv_w = 239, .box_w = 15, .box_h = 23, .ofs_x = 0, .ofs_y = 0},
    {.bitmap_index = 18650, .adv_w = 186, .box_w = 11, .box_h = 20, .ofs_x = 0, .ofs_y = -1},
    {.bitmap_index = 18760, .adv_w = 239, .box_w = 15, .box_h = 22, .ofs_x = 0, .ofs_y = 0},
    {.bitmap_index = 18925, .adv_w = 186, .box_w = 11, .box_h = 20, .ofs_x = 0, .ofs_y = -1},
    {.bitmap_index = 19035, .adv_w = 239, .box_w = 15, .box_h = 24, .ofs_x = 0, .ofs_y = -5},
    {.bitmap_index = 19215, .adv_w = 186, .box_w = 11, .box_h = 21, .ofs_x = 0, .ofs_y = -5},
    {.bitmap_index = 19331, .adv_w = 194, .box_w = 11, .box_h = 20, .ofs_x = 1, .ofs_y = -5},
    {.bitmap_index = 19441, .adv_w = 191, .box_w = 12, .box_h = 17, .ofs_x = 0, .ofs_y = -5},
    {.bitmap_index = 19543, .adv_w = 194, .box_w = 11, .box_h = 19, .ofs_x = 1, .ofs_y = 0},
    {.bitmap_index = 19648, .adv_w = 191, .box_w = 12, .box_h = 17, .ofs_x = 0, .ofs_y = -1},
    {.bitmap_index = 19750, .adv_w = 194, .box_w = 11, .box_h = 19, .ofs_x = 1, .ofs_y = 0},
    {.bitmap_index = 19855, .adv_w = 191, .box_w = 12, .box_h = 17, .ofs_x = 0, .ofs_y = -1},
    {.bitmap_index = 19957, .adv_w = 194, .box_w = 11, .box_h = 23, .ofs_x = 1, .ofs_y = 0},
    {.bitmap_index = 20084, .adv_w = 191, .box_w = 12, .box_h = 20, .ofs_x = 0, .ofs_y = -1},
    {.bitmap_index = 20204, .adv_w = 194, .box_w = 11, .box_h = 23, .ofs_x = 1, .ofs_y = 0},
    {.bitmap_index = 20331, .adv_w = 191, .box_w = 12, .box_h = 20, .ofs_x = 0, .ofs_y = -1},
    {.bitmap_index = 20451, .adv_w = 194, .box_w = 11, .box_h = 23, .ofs_x = 1, .ofs_y = 0},
    {.bitmap_index = 20578, .adv_w = 191, .box_w = 12, .box_h = 20, .ofs_x = 0, .ofs_y = -1},
    {.bitmap_index = 20698, .adv_w = 194, .box_w = 11, .box_h = 22, .ofs_x = 1, .ofs_y = 0},
    {.bitmap_index = 20819, .adv_w = 191, .box_w = 12, .box_h = 20, .ofs_x = 0, .ofs_y = -1},
    {.bitmap_index = 20939, .adv_w = 194, .box_w = 11, .box_h = 24, .ofs_x = 1, .ofs_y = -5},
    {.bitmap_index = 21071, .adv_w = 191, .box_w = 12, .box_h = 21, .ofs_x = 0, .ofs_y = -5},
    {.bitmap_index = 21197, .adv_w = 90, .box_w = 5, .box_h = 19, .ofs_x = 0, .ofs_y = 0},
    {.bitmap_index = 21245, .adv_w = 87, .box_w = 5, .box_h = 16, .ofs_x = 0, .ofs_y = 0},
    {.bitmap_index = 21285, .adv_w = 90, .box_w = 4, .box_h = 20, .ofs_x = 1, .ofs_y = -5},
    {.bitmap_index = 21325, .adv_w = 87, .box_w = 4, .box_h = 21, .ofs_x = 1, .ofs_y = -5},
    {.bitmap_index = 21367, .adv_w = 247, .box_w = 15, .box_h = 20, .ofs_x = 0, .ofs_y = -5},
    {.bitmap_index = 21517, .adv_w = 196, .box_w = 12, .box_h = 17, .ofs_x = 0, .ofs_y = -5},
    {.bitmap_index = 21619, .adv_w = 247, .box_w = 15, .box_h = 20, .ofs_x = 0, .ofs_y = -1},
    {.bitmap_index = 21769, .adv_w = 196, .box_w = 12, .box_h = 17, .ofs_x = 0, .ofs_y = -1},
    {.bitmap_index = 21871, .adv_w = 247, .box_w = 15, .box_h = 24, .ofs_x = 0, .ofs_y = -1},
    {.bitmap_index = 22051, .adv_w = 196, .box_w = 12, .box_h = 20, .ofs_x = 0, .ofs_y = -1},
    {.bitmap_index = 22171, .adv_w = 247, .box_w = 15, .box_h = 24, .ofs_x = 0, .ofs_y = -1},
    {.bitmap_index = 22351, .adv_w = 196, .box_w = 12, .box_h = 20, .ofs_x = 0, .ofs_y = -1},
    {.bitmap_index = 22471, .adv_w = 247, .box_w = 15, .box_h = 24, .ofs_x = 0, .ofs_y = -1},
    {.bitmap_index = 22651, .adv_w = 196, .box_w = 12, .box_h = 20, .ofs_x = 0, .ofs_y = -1},
    {.bitmap_index = 22771, .adv_w = 247, .box_w = 15, .box_h = 23, .ofs_x = 0, .ofs_y = -1},
    {.bitmap_index = 22944, .adv_w = 196, .box_w = 12, .box_h = 20, .ofs_x = 0, .ofs_y = -1},
    {.bitmap_index = 23064, .adv_w = 247, .box_w = 15, .box_h = 24, .ofs_x = 0, .ofs_y = -5},
    {.bitmap_index = 23244, .adv_w = 196, .box_w = 12, .box_h = 21, .ofs_x = 0, .ofs_y = -5},
    {.bitmap_index = 23370, .adv_w = 250, .box_w = 15, .box_h = 20, .ofs_x = 0, .ofs_y = -1},
    {.bitmap_index = 23520, .adv_w = 196, .box_w = 13, .box_h = 17, .ofs_x = 0, .ofs_y = -1},
    {.bitmap_index = 23631, .adv_w = 250, .box_w = 15, .box_h = 20, .ofs_x = 0, .ofs_y = -1},
    {.bitmap_index = 23781, .adv_w = 196, .box_w = 13, .box_h = 17, .ofs_x = 0, .ofs_y = -1},
    {.bitmap_index = 23892, .adv_w = 250, .box_w = 15, .box_h = 20, .ofs_x = 0, .ofs_y = -1},
    {.bitmap_index = 24042, .adv_w = 196, .box_w = 13, .box_h = 17, .ofs_x = 0, .ofs_y = -1},
    {.bitmap_index = 24153, .adv_w = 250, .box_w = 15, .box_h = 20, .ofs_x = 0, .ofs_y = -1},
    {.bitmap_index = 24303, .adv_w = 196, .box_w = 13, .box_h = 16, .ofs_x = 0, .ofs_y = -1},
    {.bitmap_index = 24407, .adv_w = 250, .box_w = 15, .box_h = 22, .ofs_x = 0, .ofs_y = -5},
    {.bitmap_index = 24572, .adv_w = 196, .box_w = 13, .box_h = 19, .ofs_x = 0, .ofs_y = -5},
    {.bitmap_index = 24696, .adv_w = 234, .box_w = 13, .box_h = 20, .ofs_x = 1, .ofs_y = -5},
    {.bitmap_index = 24826, .adv_w = 199, .box_w = 11, .box_h = 16, .ofs_x = 1, .ofs_y = -5},
    {.bitmap_index = 24914, .adv_w = 234, .box_w = 13, .box_h = 20, .ofs_x = 1, .ofs_y = -1},
    {.bitmap_index = 25044, .adv_w = 199, .box_w = 11, .box_h = 17, .ofs_x = 1, .ofs_y = -1},
    {.bitmap_index = 25138, .adv_w = 234, .box_w = 15, .box_h = 20, .ofs_x = 1, .ofs_y = -1},
    {.bitmap_index = 25288, .adv_w = 211, .box_w = 12, .box_h = 17, .ofs_x = 1, .ofs_y = -1},
    {.bitmap_index = 25390, .adv_w = 234, .box_w = 15, .box_h = 20, .ofs_x = 1, .ofs_y = -1},
    {.bitmap_index = 25540, .adv_w = 211, .box_w = 12, .box_h = 17, .ofs_x = 1, .ofs_y = -1},
    {.bitmap_index = 25642, .adv_w = 234, .box_w = 15, .box_h = 20, .ofs_x = 1, .ofs_y = -1},
    {.bitmap_index = 25792, .adv_w = 211, .box_w = 12, .box_h = 17, .ofs_x = 1, .ofs_y = -1},
    {.bitmap_index = 25894, .adv_w = 234, .box_w = 15, .box_h = 20, .ofs_x = 1, .ofs_y = -1},
    {.bitmap_index = 26044, .adv_w = 211, .box_w = 12, .box_h = 17, .ofs_x = 1, .ofs_y = -1},
    {.bitmap_index = 26146, .adv_w = 234, .box_w = 15, .box_h = 22, .ofs_x = 1, .ofs_y = -5},
    {.bitmap_index = 26311, .adv_w = 211, .box_w = 12, .box_h = 19, .ofs_x = 1, .ofs_y = -5},
    {.bitmap_index = 26425, .adv_w = 234, .box_w = 15, .box_h = 19, .ofs_x = 0, .ofs_y = 0},
    {.bitmap_index = 26568, .adv_w = 193, .box_w = 12, .box_h = 21, .ofs_x = 0, .ofs_y = -5},
    {.bitmap_index = 26694, .adv_w = 234, .box_w = 15, .box_h = 20, .ofs_x = 0, .ofs_y = -5},
    {.bitmap_index = 26844, .adv_w = 193, .box_w = 12, .box_h = 16, .ofs_x = 0, .ofs_y = -5},
    {.bitmap_index = 26940, .adv_w = 234, .box_w = 15, .box_h = 19, .ofs_x = 0, .ofs_y = 0},
    {.bitmap_index = 27083, .adv_w = 193, .box_w = 12, .box_h = 21, .ofs_x = 0, .ofs_y = -5},
    {.bitmap_index = 27209, .adv_w = 234, .box_w = 15, .box_h = 19, .ofs_x = 0, .ofs_y = 0},
    {.bitmap_index = 27352, .adv_w = 193, .box_w = 12, .box_h = 21, .ofs_x = 0, .ofs_y = -5},
    {.bitmap_index = 27478, .adv_w = 160, .box_w = 10, .box_h = 3, .ofs_x = 0, .ofs_y = 5},
    {.bitmap_index = 27493, .adv_w = 320, .box_w = 20, .box_h = 3, .ofs_x = 0, .ofs_y = 5},
    {.bitmap_index = 27523, .adv_w = 99, .box_w = 5, .box_h = 7, .ofs_x = 1, .ofs_y = 7},
    {.bitmap_index = 27541, .adv_w = 99, .box_w = 5, .box_h = 7, .ofs_x = 1, .ofs_y = 8},
    {.bitmap_index = 27559, .adv_w = 92, .box_w = 4, .box_h = 7, .ofs_x = 1, .ofs_y = -4},
    {.bitmap_index = 27573, .adv_w = 173, .box_w = 9, .box_h = 7, .ofs_x = 1, .ofs_y = 7},
    {.bitmap_index = 27605, .adv_w = 170, .box_w = 9, .box_h = 7, .ofs_x = 1, .ofs_y = 7},
    {.bitmap_index = 27637, .adv_w = 163, .box_w = 9, .box_h = 7, .ofs_x = 1, .ofs_y = -4},
    {.bitmap_index = 27669, .adv_w = 152, .box_w = 7, .box_h = 7, .ofs_x = 1, .ofs_y = 3},
    {.bitmap_index = 27694, .adv_w = 321, .box_w = 18, .box_h = 4, .ofs_x = 1, .ofs_y = 0},
    {.bitmap_index = 27730, .adv_w = 88, .box_w = 4, .box_h = 6, .ofs_x = 1, .ofs_y = 8},
    {.bitmap_index = 27742, .adv_w = 175, .box_w = 9, .box_h = 6, .ofs_x = 1, .ofs_y = 8},
    {.bitmap_index = 27769, .adv_w = 138, .box_w = 8, .box_h = 10, .ofs_x = 0, .ofs_y = 1},
    {.bitmap_index = 27809, .adv_w = 138, .box_w = 8, .box_h = 10, .ofs_x = 0, .ofs_y = 1}
};

/*---------------------
 *  CHARACTER MAPPING
 *--------------------*/

static const uint16_t unicode_list_3[] = {
    0x0, 0x1, 0xe, 0xf, 0x9e, 0x9f, 0xad, 0xae
};

static const uint16_t unicode_list_5[] = {
    0x0, 0x1, 0x5, 0x6, 0x7, 0x9, 0xa, 0xb,
    0xf, 0x13, 0x1f, 0x20, 0x26, 0x27
};

/*Collect the unicode lists and glyph_id offsets*/
static const lv_font_fmt_txt_cmap_t cmaps[] =
{
    {
        .range_start = 32, .range_length = 95, .glyph_id_start = 1,
        .unicode_list = NULL, .glyph_id_ofs_list = NULL, .list_length = 0, .type = LV_FONT_FMT_TXT_CMAP_FORMAT0_TINY
    },
    {
        .range_start = 160, .range_length = 13, .glyph_id_start = 96,
        .unicode_list = NULL, .glyph_id_ofs_list = NULL, .list_length = 0, .type = LV_FONT_FMT_TXT_CMAP_FORMAT0_TINY
    },
    {
        .range_start = 174, .range_length = 82, .glyph_id_start = 109,
        .unicode_list = NULL, .glyph_id_ofs_list = NULL, .list_length = 0, .type = LV_FONT_FMT_TXT_CMAP_FORMAT0_TINY
    },
    {
        .range_start = 258, .range_length = 175, .glyph_id_start = 191,
        .unicode_list = unicode_list_3, .glyph_id_ofs_list = NULL, .list_length = 8, .type = LV_FONT_FMT_TXT_CMAP_SPARSE_TINY
    },
    {
        .range_start = 7840, .range_length = 90, .glyph_id_start = 199,
        .unicode_list = NULL, .glyph_id_ofs_list = NULL, .list_length = 0, .type = LV_FONT_FMT_TXT_CMAP_FORMAT0_TINY
    },
    {
        .range_start = 8211, .range_length = 40, .glyph_id_start = 289,
        .unicode_list = unicode_list_5, .glyph_id_ofs_list = NULL, .list_length = 14, .type = LV_FONT_FMT_TXT_CMAP_SPARSE_TINY
    }
};

/*-----------------
 *    KERNING
 *----------------*/


/*Map glyph_ids to kern left classes*/
static const uint8_t kern_left_class_mapping[] =
{
    0, 0, 0, 1, 0, 0, 2, 3,
    1, 4, 5, 6, 7, 8, 7, 8,
    9, 10, 11, 12, 13, 14, 15, 16,
    17, 13, 10, 18, 18, 0, 19, 20,
    0, 21, 0, 0, 0, 0, 0, 0,
    0, 0, 0, 0, 0, 0, 0, 0,
    0, 0, 0, 0, 0, 0, 0, 0,
    0, 0, 0, 0, 4, 22, 5, 6,
    23, 0, 0, 0, 0, 0, 0, 0,
    0, 0, 0, 0, 0, 0, 0, 0,
    0, 0, 0, 0, 0, 0, 0, 0,
    0, 0, 0, 0, 4, 11, 5, 7,
    0, 24, 25, 0, 0, 0, 0, 0,
    0, 21, 0, 0, 0, 26, 0, 6,
    19, 0, 0, 0, 27, 11, 28, 0,
    0, 0, 29, 0, 0, 0, 30, 0,
    0, 0, 0, 0, 0, 0, 0, 0,
    0, 0, 0, 0, 0, 0, 0, 0,
    0, 0, 0, 0, 0, 0, 31, 0,
    0, 0, 0, 0, 0, 0, 0, 0,
    0, 0, 0, 0, 0, 0, 0, 0,
    0, 0, 0, 0, 0, 0, 0, 0,
    0, 0, 0, 0, 0, 0, 7, 0,
    0, 0, 0, 0, 0, 0, 0, 0,
    0, 0, 0, 0, 0, 0, 0, 0,
    0, 0, 0, 0, 0, 0, 0, 0,
    0, 0, 0, 0, 0, 0, 0, 0,
    0, 0, 0, 0, 0, 0, 0, 0,
    0, 0, 0, 0, 0, 0, 0, 0,
    0, 0, 0, 0, 0, 0, 0, 0,
    0, 0, 0, 0, 0, 0, 0, 0,
    0, 0, 0, 0, 0, 0, 0, 0,
    0, 0, 0, 0, 0, 0, 0, 0,
    0, 0, 0, 0, 0, 0, 0, 0,
    0, 0, 0, 0, 0, 0, 0, 0,
    0, 0, 0, 0, 0, 0, 0, 0,
    0, 0, 0, 32, 33, 34, 32, 33,
    34, 31, 8, 0, 0, 0, 29
};

/*Map glyph_ids to kern right classes*/
static const uint8_t kern_right_class_mapping[] =
{
    0, 1, 2, 3, 4, 5, 0, 6,
    3, 0, 7, 8, 9, 10, 9, 10,
    11, 12, 13, 14, 15, 16, 17, 12,
    18, 19, 20, 21, 21, 22, 23, 0,
    24, 25, 0, 0, 0, 0, 0, 0,
    0, 0, 0, 0, 0, 0, 0, 0,
    0, 0, 0, 0, 0, 0, 0, 0,
    0, 0, 0, 0, 0, 26, 7, 8,
    27, 0, 0, 0, 0, 0, 0, 0,
    0, 0, 0, 0, 0, 0, 0, 0,
    0, 0, 0, 0, 0, 0, 0, 0,
    0, 0, 0, 0, 0, 28, 7, 29,
    0, 0, 30, 0, 0, 0, 0, 0,
    0, 25, 0, 31, 32, 33, 0, 8,
    23, 0, 0, 0, 34, 35, 9, 0,
    0, 0, 36, 0, 0, 0, 37, 0,
    0, 0, 0, 0, 0, 0, 0, 0,
    0, 0, 0, 0, 0, 0, 0, 0,
    0, 0, 0, 0, 0, 0, 36, 0,
    0, 0, 0, 0, 0, 0, 0, 0,
    0, 0, 0, 0, 0, 0, 0, 0,
    0, 0, 0, 0, 0, 0, 0, 0,
    0, 0, 0, 0, 0, 0, 9, 0,
    0, 0, 0, 0, 0, 0, 0, 0,
    0, 0, 0, 0, 0, 0, 0, 0,
    0, 0, 0, 0, 0, 0, 0, 0,
    0, 0, 0, 0, 0, 0, 0, 0,
    0, 0, 0, 0, 0, 0, 0, 0,
    0, 0, 0, 0, 0, 0, 0, 0,
    0, 0, 0, 0, 0, 0, 0, 0,
    0, 0, 0, 0, 0, 0, 0, 0,
    0, 0, 0, 0, 0, 0, 0, 0,
    0, 0, 0, 0, 0, 0, 0, 0,
    0, 0, 0, 0, 0, 0, 0, 0,
    0, 0, 0, 0, 0, 0, 0, 0,
    0, 0, 0, 0, 0, 0, 0, 0,
    0, 0, 0, 38, 39, 40, 38, 39,
    40, 36, 10, 0, 0, 31, 36
};

/*Kern values between classes*/
static const int8_t kern_class_values[] =
{
    0, 0, 0, 0, 0, -11, 0, 0,
    0, -29, 0, 0, 0, 0, 0, -20,
    0, 0, 0, 0, 0, 0, 0, 0,
    0, 0, 0, 0, 0, -6, 0, 0,
    0, 0, 0, 0, 0, 0, 0, 0,
    0, 0, 0, 0, 0, 0, 0, 0,
    0, 0, 0, 0, 0, 0, 0, 0,
    0, 0, 0, 0, 0, 0, 0, 0,
    0, 0, 0, 0, 0, 0, 0, 0,
    0, 0, 0, 0, 0, -20, -22, 0,
    0, 0, -11, 0, 0, 0, 0, 0,
    0, 0, 0, 0, 0, 0, 0, 0,
    0, 0, 0, 0, 0, 0, 0, 0,
    0, -20, 0, 0, 0, 0, 0, 0,
    -7, 0, 0, 0, 0, -29, 0, 0,
    0, 0, 0, 0, 0, 0, 0, 0,
    0, 0, 0, 0, 0, 0, 0, 0,
    0, 0, 0, 0, 0, 0, 0, 0,
    0, 0, 0, 6, 0, -2, 0, 0,
    0, 0, 0, 0, 0, 0, 0, 0,
    0, 0, 0, 0, 0, 0, 0, 0,
    0, 0, 0, 0, 0, 0, 0, 0,
    0, 0, 0, 0, 0, 0, 0, 0,
    0, 0, 0, 0, 0, 0, 0, 0,
    0, 0, 0, 0, 0, -11, 0, 0,
    0, 0, 0, 0, 0, -11, 0, 0,
    0, -44, 0, 0, 0, 0, 0, -15,
    0, 0, 0, 0, 0, 0, 0, 0,
    -5, 0, -22, 0, 0, 0, 0, 0,
    0, 0, 0, 0, 0, 0, 0, 0,
    0, 0, 0, 0, 0, 0, 0, 0,
    0, 0, 0, 0, 0, -7, -2, 0,
    0, -9, 0, 0, 0, 0, 0, 0,
    0, -14, 0, 0, 0, 0, 0, 0,
    0, 0, -2, 0, 0, -9, 0, 0,
    -10, -4, -32, 0, 0, 0, 0, 0,
    0, 0, 0, -9, -29, 0, -7, 0,
    -2, -8, -9, -4, 0, 0, 0, -28,
    -14, 0, 0, 0, 0, 0, 0, 0,
    0, 0, -16, 0, 0, 0, -30, 0,
    0, 0, 0, 0, 0, 0, 0, 0,
    0, -13, 0, 0, 0, 0, 0, 0,
    0, 0, 0, 0, 0, 0, 0, 0,
    0, 3, 0, 0, 0, 0, 0, 0,
    0, 0, 0, 0, 0, 0, 0, 0,
    0, 0, 0, 0, 0, 0, 0, 0,
    0, -9, 0, 0, 0, 0, 0, 0,
    0, -6, 0, 0, 0, 0, 0, 0,
    0, -8, -15, 0, 0, 0, 0, 0,
    0, 0, 0, 0, 0, -15, 0, -16,
    0, 0, 0, 0, 0, 0, 6, 0,
    0, 0, 0, 0, 0, 0, 0, 0,
    0, 0, 0, 0, 0, 0, 0, 0,
    0, 0, 6, 0, 0, 0, 0, 0,
    0, 0, 0, 0, 0, 0, 0, 0,
    0, 0, 0, 0, 0, 0, 0, 0,
    0, 0, 0, 0, 0, 0, 0, -5,
    0, 0, 0, 0, 0, 0, 0, 0,
    0, 0, 0, 0, 0, 0, 0, 0,
    0, 0, 0, 0, 0, 0, 0, 0,
    0, 0, 0, 0, 0, 0, 0, -2,
    0, -7, 0, 0, 0, 0, 0, 0,
    0, 0, 0, 0, 0, 0, 0, 0,
    0, 0, 0, 0, 0, 0, -11, 0,
    0, 0, 0, 0, 0, 0, 0, -16,
    0, 0, 0, 0, 0, 0, 0, -11,
    0, -11, 0, 0, -12, 0, 0, 0,
    0, 0, 0, 0, 0, 0, 0, 0,
    0, 0, 0, 0, 0, 0, 0, 0,
    -2, 0, -14, 0, 0, 0, 0, 0,
    0, 0, 0, 0, 0, 0, 0, -2,
    0, -7, 0, 0, 0, 0, 0, 0,
    0, 0, 0, 0, 0, 0, 0, 0,
    0, 0, 0, 0, 0, 0, 0, 0,
    -2, 0, 0, 0, 0, 0, 0, 0,
    0, 0, 0, 0, 0, 0, 0, 0,
    0, -10, 0, 0, 0, 0, 0, 0,
    0, 0, 0, 0, 0, 0, 0, 0,
    0, 0, -15, 0, 0, 0, 0, 0,
    0, 0, 0, 0, 0, 0, 0, -15,
    0, 0, 0, -18, 0, -15, 0, 0,
    0, -40, 0, -5, 0, 0, -5, -19,
    -3, 6, -5, -3, -11, -29, 0, 0,
    0, 0, -51, 0, 0, -16, -20, 0,
    0, 0, 0, 0, 0, 0, 0, -45,
    0, 0, 0, 0, 0, 0, 0, 0,
    0, 0, 0, 0, 0, 0, 0, 0,
    0, 0, 0, 0, 0, 0, 0, 0,
    0, -20, 0, 0, 0, 0, 0, 0,
    0, 0, 0, 0, 0, -15, 0, 0,
    0, 0, 0, 0, 0, 0, 0, 0,
    0, 0, 0, 0, 0, 0, 0, 0,
    0, 0, 0, 0, 0, 0, 0, 0,
    0, -22, 0, 0, 0, 0, 0, 0,
    0, 0, 0, 0, 0, -18, 0, 0,
    0, 0, 0, 0, 0, 0, 0, 0,
    0, 0, 0, 0, 0, 0, 0, 0,
    0, -24, 0, 0, 0, 0, 0, 0,
    0, -24, 0, 0, 0, 0, 0, 0,
    0, 0, 0, 0, 0, -31, 0, 0,
    0, 0, 0, 0, 0, 0, 0, 0,
    0, -14, -13, 0, 0, 0, 0, 0,
    0, 0, 0, 0, 0, 0, 0, 0,
    0, -13, -13, 0, 0, 0, 0, 0,
    -2, 0, 0, 0, 0, -11, 0, -13,
    0, 0, -25, 0, -5, 0, 0, -30,
    -11, 0, 4, 0, -16, 0, 0, 0,
    0, 0, 0, 0, 0, -12, -16, -20,
    -13, -16, 0, 0, -11, -7, -11, -11,
    -23, 0, -16, -11, 0, -14, -18, 0,
    0, 0, 0, 0, 0, 0, 0, -22,
    0, 0, 0, -15, -35, 0, -15, -18,
    -15, 0, -15, -15, 0, 0, 0, 0,
    -13, -25, 0, 11, 0, 0, 0, 0,
    0, 0, -15, 0, 0, -13, 0, 0,
    0, 0, 0, 0, 0, 0, 0, 0,
    0, 0, 0, 0, 0, 0, 0, 0,
    0, 0, 0, 0, 0, 0, 0, 0,
    0, -11, 0, 0, 0, 0, 0, 0,
    0, 0, 0, 0, 0, -11, 0, 0,
    0, 0, -6, 0, 0, 0, -4, 0,
    0, 0, 0, 0, -11, 0, 0, 0,
    0, 0, 0, 0, 0, 0, 0, 0,
    0, -20, 0, 0, 0, 0, 0, 0,
    -4, 0, 0, 0, 0, -20, -7, 0,
    0, 0, 0, 0, 0, -11, 0, 0,
    0, 0, 0, 0, 0, 0, 0, -16,
    0, 0, 0, 0, 0, 0, 0, 0,
    -2, 0, 0, 0, 0, -9, 0, 0,
    0, 0, 0, 0, 0, 0, 0, 0,
    0, 0, 0, 0, 0, 0, 0, 0,
    -12, 0, -11, 0, 0, 0, 0, 0,
    0, 0, 0, 0, 0, -13, 0, 0,
    0, 0, -11, 0, -12, 0, 0, -11,
    0, 0, 0, 0, 0, -16, 5, 0,
    0, 0, 0, 0, 0, 0, 0, 0,
    0, 0, 0, 0, 0, -7, -2, 0,
    0, -9, 0, 0, 0, 0, 0, 0,
    0, -13, 0, 0, 0, 0, 0, 0,
    0, 0, -2, 0, 0, -9, 0, 0,
    0, 0, 0, 0, 0, 0, 0, 0,
    0, 0, 0, 0, -13, -16, -15, 0,
    0, -16, -11, 0, 0, 0, 0, 0,
    0, -20, 0, 0, 0, 0, 0, 0,
    0, 0, 0, 0, 0, -27, 0, 0,
    0, 0, 0, 0, 0, 0, 0, 0,
    0, 0, 0, 0, 0, 0, 0, 0,
    0, 0, 0, 0, 0, 0, 0, 0,
    0, -37, 0, 0, 0, 0, 0, 0,
    0, 0, 0, 0, 0, -20, -11, 0,
    0, 0, 0, 0, 0, 0, 0, 0,
    0, 0, 0, 0, 0, 0, 0, 0,
    0, 0, 0, 0, 0, 0, 0, 0,
    0, -13, 0, 0, 0, 0, 0, 0,
    0, 0, 0, 0, 0, 0, 0, 0,
    0, 0, 0, 0, 0, -20, 0, 0,
    0, -34, -31, 0, 0, 0, 0, -20,
    0, 0, 0, 0, 0, 0, 0, 0,
    0, 0, 0, 0, 0, -12, 0, 0,
    0, 0, 0, 0, -20, 0, 0, -31,
    0, 0, 0, -40, 0, -22, 0, 0,
    -17, -41, -45, -15, 0, 0, 0, -31,
    0, -20, -13, 0, -18, -31, -18, 0,
    -18, 0, -13, 0, -15, -20, -27, -17,
    0, -15, -4, 0, -22, 0, 0, 0,
    0, 0, 0, 0, 0, 0, 0, 0,
    0, 0, 0, 0, -22, 0, 0, 0,
    0, 0, 0, 0, 0, 0, 0, 0,
    0, -29, 0, 0, 0, 0, 0, 0,
    0, 0, 0, 0, 0, -40, -31, 0
};


/*Collect the kern class' data in one place*/
static const lv_font_fmt_txt_kern_classes_t kern_classes =
{
    .class_pair_values   = kern_class_values,
    .left_class_mapping  = kern_left_class_mapping,
    .right_class_mapping = kern_right_class_mapping,
    .left_class_cnt      = 34,
    .right_class_cnt     = 40,
};

/*--------------------
 *  ALL CUSTOM DATA
 *--------------------*/

#if LVGL_VERSION_MAJOR == 8
/*Store all the custom data of the font*/
static  lv_font_fmt_txt_glyph_cache_t cache;
#endif

#if LVGL_VERSION_MAJOR >= 8
static const lv_font_fmt_txt_dsc_t font_dsc = {
#else
static lv_font_fmt_txt_dsc_t font_dsc = {
#endif
    .glyph_bitmap = glyph_bitmap,
    .glyph_dsc = glyph_dsc,
    .cmaps = cmaps,
    .kern_dsc = &kern_classes,
    .kern_scale = 16,
    .cmap_num = 6,
    .bpp = 4,
    .kern_classes = 1,
    .bitmap_format = 0,
#if LVGL_VERSION_MAJOR == 8
    .cache = &cache
#endif
};



/*-----------------
 *  PUBLIC FONT
 *----------------*/

/*Initialize a public general font descriptor*/
#if LVGL_VERSION_MAJOR >= 8
const lv_font_t font_inter_bold_20 = {
#else
lv_font_t font_inter_bold_20 = {
#endif
    .get_glyph_dsc = lv_font_get_glyph_dsc_fmt_txt,    /*Function pointer to get glyph's data*/
    .get_glyph_bitmap = lv_font_get_bitmap_fmt_txt,    /*Function pointer to get glyph's bitmap*/
    .line_height = 28,          /*The maximum line height required by the font*/
    .base_line = 5,             /*Baseline measured from the bottom of the line*/
#if !(LVGL_VERSION_MAJOR == 6 && LVGL_VERSION_MINOR == 0)
    .subpx = LV_FONT_SUBPX_NONE,
#endif
#if LV_VERSION_CHECK(7, 4, 0) || LVGL_VERSION_MAJOR >= 8
    .underline_position = -3,
    .underline_thickness = 2,
#endif
    .dsc = &font_dsc,          /*The custom font data. Will be accessed by `get_glyph_bitmap/dsc` */
#if LV_VERSION_CHECK(8, 2, 0) || LVGL_VERSION_MAJOR >= 9
    .fallback = NULL,
#endif
    .user_data = NULL,
};



#endif /*#if FONT_INTER_BOLD_20*/

